#VRML V2.0 utf8
# 3D model generated by easyeda2kicad.py (https://github.com/uPesy/easyeda2kicad.py)

Shape{
    appearance Appearance {
        material  Material 	{
            diffuseColor 0.2235294117647059 0.2235294117647059 0.2235294117647059
            specularColor 0.11372549019607843 0.11372549019607843 0.11372549019607843
            ambientIntensity 0.2235
            transparency 0.0
            shininess 0.5
        }
    }
    geometry IndexedFaceSet {
        ccw TRUE
        solid FALSE
        coord DEF co Coordinate {
            point [
                1.5335 -2.6593 3.8888, 1.5335 -2.6593 3.747, 1.5335 -2.5955 3.747, 1.5335 -0.5739 0.0, 1.5335 0.689 0.0, 1.5335 0.689 3.4099, 1.5335 -1.9853 0.0, 1.5335 -0.5739 3.4099, 1.5335 -2.1352 0.0, 1.5335 -1.9853 3.4099, 1.5335 -2.4063 3.4741, 1.5335 -2.4132 3.4733, 1.5335 -2.3731 3.4733, 1.5335 -2.2365 3.6348, 1.5335 -2.1858 3.6348, 1.5335 -2.1858 3.6804, 1.5335 -3.5371 3.6677, 1.5335 -3.5346 3.6804, 1.5335 -3.7205 3.6804, 1.5335 -2.8839 3.7637, 1.5335 -2.8531 3.7375, 1.5335 -2.7455 3.8902, 1.5335 -2.7455 3.7274, 1.5335 -3.0361 3.9067, 1.5335 -3.0115 3.8902, 1.5335 -2.9853 3.8726, 1.5335 -2.9482 3.8298, 1.5335 -2.9238 3.7827, 1.5335 -2.9178 3.7806, 1.5335 -3.2492 3.9045, 1.5335 -3.1967 3.9248, 1.5335 -3.7205 4.252, 1.5335 -2.7455 4.252, 1.5335 -3.1402 3.9318, 1.5335 -3.0932 3.9269, 1.5335 -3.484 3.7849, 1.5335 -3.4745 3.7939, 1.5335 -3.7205 3.8902, 1.5335 -3.2723 3.8902, 1.5335 -3.2768 3.8874, 1.5335 -3.4364 3.8196, 1.5335 -3.3939 3.835, 1.5335 -3.3531 3.8396, 1.5335 -3.3035 3.8645, 1.5335 -3.34 3.8389, 1.5335 -3.3269 3.8373, 1.5335 -3.7205 3.7274, 1.5335 -3.5284 3.7126, 1.5335 -3.5214 3.7274, 1.5335 -3.5094 3.7531, 1.5335 -3.3986 3.4764, 1.5335 -3.4175 3.4823, 1.5335 -3.7205 3.4733, 1.5335 -3.4581 3.5034, 1.5335 -3.4897 3.531, 1.5335 -3.4934 3.5353, 1.5335 -3.5176 3.5719, 1.5335 -3.5329 3.6145, 1.5335 -3.5375 3.6551, 1.5335 -3.348 3.4143, 1.5335 -3.3703 3.4311, 1.5335 -3.7205 3.4099, 1.5335 -3.3872 3.452, 1.5335 -3.3972 3.4733, 1.5335 -2.7455 0.0, 1.5335 -2.7455 3.4099, 1.5335 -3.2433 3.4099, 1.5335 -3.7205 0.0, 1.5335 -3.3218 3.4032, 1.5335 -3.3375 3.4099, 1.5335 -3.2629 3.4023, 1.5335 -3.2904 3.399, 1.5335 -3.2949 3.399, 1.5335 -2.7455 3.4733, 1.5335 -3.1837 3.4733, 1.5335 -3.1838 3.473, 1.5335 -3.1972 3.4476, 1.5335 -3.2148 3.4279, 1.5335 -3.2375 3.4121, 1.5335 -2.8532 3.5253, 1.5335 -2.8849 3.4987, 1.5335 -2.8311 3.556, 1.5335 -3.0381 3.5406, 1.5335 -3.0303 3.5436, 1.5335 -3.0172 3.6085, 1.5335 -3.205 3.5891, 1.5335 -3.0525 3.6688, 1.5335 -3.2249 3.6072, 1.5335 -3.2491 3.6201, 1.5335 -2.8822 3.6422, 1.5335 -2.8876 3.6641, 1.5335 -2.8963 3.6804, 1.5335 -3.463 3.6804, 1.5335 -3.0451 3.5357, 1.5335 -3.0217 3.5447, 1.5335 -3.0206 3.5446, 1.5335 -3.0172 3.5439, 1.5335 -3.4563 3.6121, 1.5335 -3.4427 3.5889, 1.5335 -3.3848 3.5772, 1.5335 -3.4222 3.5679, 1.5335 -3.3975 3.5527, 1.5335 -3.3427 3.6149, 1.5335 -3.366 3.5987, 1.5335 -3.4658 3.6574, 1.5335 -3.4644 3.64, 1.5335 -2.9197 3.4819, 1.5335 -2.9568 3.4741, 1.5335 -3.024 3.4741, 1.5335 -3.0301 3.475, 1.5335 -3.0376 3.4779, 1.5335 -3.0451 3.4831, 1.5335 -3.0481 3.4861, 1.5335 -3.3176 3.6245, 1.5335 -3.2904 3.6278, 1.5335 -3.2765 3.627, 1.5335 -2.8162 3.6702, 1.5335 -2.8111 3.6335, 1.5335 -2.7455 3.6804, 1.5335 -2.8112 3.6293, 1.5335 -2.8166 3.592, 1.5335 -3.057 3.5094, 1.5335 -3.0569 3.5129, 1.5335 -3.1766 3.5242, 1.5335 -3.0548 3.5216, 1.5335 -3.0506 3.5296, 1.5335 -2.9048 3.5722, 1.5335 -2.8923 3.5899, 1.5335 -2.8844 3.6102, 1.5335 -2.8817 3.6324, 1.5335 -3.053 3.4933, 1.5335 -3.056 3.501, 1.5335 -3.1772 3.5011, 1.5335 -3.1766 3.5128, 1.5335 -3.0149 3.5436, 1.5335 -2.9637 3.5436, 1.5335 -2.9433 3.5474, 1.5335 -2.9232 3.5567, 1.5335 -2.9064 3.5704, 1.5335 -2.9796 3.7212, 1.5335 -3.4527 3.7103, 1.5335 -3.4624 3.6849, 1.5335 -2.9705 3.7212, 1.5335 -2.8981 3.6837, 1.5335 -2.9113 3.6985, 1.5335 -2.929 3.7109, 1.5335 -2.9489 3.7185, 1.5335 -3.0272 3.8178, 1.5335 -3.0336 3.8237, 1.5335 -3.2916 3.7542, 1.5335 -3.0022 3.7865, 1.5335 -3.4408 3.7274, 1.5335 -3.2999 3.7587, 1.5335 -2.9809 3.7274, 1.5335 -2.9855 3.7494, 1.5335 -3.0657 3.8456, 1.5335 -3.1015 3.859, 1.5335 -3.275 3.7889, 1.5335 -3.139 3.8635, 1.5335 -3.3254 3.768, 1.5335 -3.3519 3.7713, 1.5335 -3.3636 3.7707, 1.5335 -3.1808 3.8581, 1.5335 -3.2181 3.843, 1.5335 -3.2498 3.8197, 1.5335 -3.3917 3.764, 1.5335 -3.4171 3.7506, 1.5335 -3.4369 3.733, 1.5335 -2.8459 3.7274, 1.5335 -2.83 3.705, 1.5335 -2.8202 3.6804, 1.5335 -2.1503 3.4929, 1.5335 -2.1503 3.4747, 1.5335 -2.1352 3.4733, 1.5335 -2.1352 3.6804, 1.5335 -2.154 3.6348, 1.5335 -2.154 3.6164, 1.5335 -2.2158 3.5468, 1.5335 -2.2158 3.4929, 1.5335 -2.1858 3.5468, 1.5335 -2.1858 3.4929, 1.5335 -2.1585 3.5468, 1.5335 -2.1585 3.5651, 1.5335 -2.2158 3.6164, 1.5335 -2.2158 3.5651, 1.5335 -2.1858 3.6164, 1.5335 -2.1858 3.5651, 1.5335 -2.1858 3.4733, 1.5335 -2.1858 3.4747, 1.5335 -2.2365 3.4747, 1.5335 -2.3155 3.5031, 1.5335 -2.3131 3.4937, 1.5335 -2.3126 3.4937, 1.5335 -2.2581 3.589, 1.5335 -2.3357 3.6804, 1.5335 -2.2789 3.589, 1.5335 -2.3357 3.5612, 1.5335 -2.3101 3.5029, 1.5335 -2.3116 3.4976, 1.5335 -2.4554 3.5582, 1.5335 -2.4546 3.5653, 1.5335 -2.4759 3.6804, 1.5335 -2.4523 3.5442, 1.5335 -2.4545 3.5503, 1.5335 -2.4555 3.4994, 1.5335 -2.4483 3.4949, 1.5335 -2.4463 3.4941, 1.5335 -2.4463 3.5365, 1.5335 -2.4497 3.5401, 1.5335 -2.4464 3.5366, 1.5335 -2.4375 3.4733, 1.5335 -2.4415 3.4737, 1.5335 -2.4463 3.4733, 1.5335 -2.4463 3.4754, 1.5335 -2.4759 3.4733, 1.5335 -2.4555 3.4787, 1.5335 -2.3838 3.5866, 1.5335 -2.3838 3.5671, 1.5335 -2.4426 3.5826, 1.5335 -2.4377 3.5856, 1.5335 -2.4463 3.6804, 1.5335 -2.4523 3.5717, 1.5335 -2.4486 3.5772, 1.5335 -2.4463 3.5792, 1.5335 -2.3792 3.4977, 1.5335 -2.3817 3.4914, 1.5335 -2.3854 3.4861, 1.5335 -2.4269 3.5897, 1.5335 -2.4109 3.5917, 1.5335 -2.3731 3.6804, 1.5335 -2.3968 3.5904, 1.5335 -2.385 3.5247, 1.5335 -2.3813 3.5192, 1.5335 -2.3791 3.5133, 1.5335 -2.3783 3.5058, 1.5335 -2.3912 3.481, 1.5335 -2.3958 3.4782, 1.5335 -2.4128 3.5754, 1.5335 -2.4188 3.5749, 1.5335 -2.4347 3.56, 1.5335 -2.4242 3.5735, 1.5335 -2.4286 3.5711, 1.5335 -2.4346 3.5573, 1.5335 -2.4338 3.5542, 1.5335 -2.4323 3.5515, 1.5335 -2.4304 3.5493, 1.5335 -2.4233 3.5449, 1.5335 -2.3988 3.5737, 1.5335 -2.4109 3.5395, 1.5335 -2.3875 3.5693, 1.5335 -2.4031 3.5364, 1.5335 -2.3898 3.5289, 1.5335 -2.4317 3.5684, 1.5335 -2.4334 3.5659, 1.5335 -2.4344 3.5632, 1.5335 -2.4358 3.49, 1.5335 -2.425 3.5249, 1.5335 -2.437 3.5304, 1.5335 -2.4226 3.4883, 1.5335 -2.4217 3.4883, 1.5335 -2.4119 3.5194, 1.5335 -2.4114 3.4895, 1.5335 -2.3989 3.5038, 1.5335 -2.3991 3.5063, 1.5335 -2.4062 3.4914, 1.5335 -2.4044 3.4925, 1.5335 -2.4021 3.4945, 1.5335 -2.4003 3.4971, 1.5335 -2.3993 3.5, 1.5335 -2.4 3.5094, 1.5335 -2.4015 3.5121, 1.5335 -2.404 3.5147, 1.5335 -1.9853 3.7274, 1.5335 -2.0373 3.7287, 1.5335 -2.0601 3.7287, 1.5335 -2.0764 3.7725, 1.5335 -2.1352 3.7725, 1.5335 -2.1352 3.7274, 1.5335 -2.0983 3.8888, 1.5335 -1.9853 3.8902, 1.5335 -2.1352 3.8902, 1.5335 -2.1431 3.7725, 1.5335 -2.1585 3.7287, 1.5335 -2.1858 3.7274, 1.5335 -2.1814 3.7287, 1.5335 -2.1858 3.8902, 1.5335 -2.1352 3.8499, 1.5335 -2.1204 3.8888, 1.5335 -2.3545 3.8888, 1.5335 -2.3357 3.8902, 1.5335 -2.3731 3.8902, 1.5335 -2.4163 3.8008, 1.5335 -2.4163 3.747, 1.5335 -2.3731 3.8008, 1.5335 -2.3731 3.747, 1.5335 -2.3591 3.8008, 1.5335 -2.3509 3.747, 1.5335 -2.3591 3.8192, 1.5335 -2.3545 3.8704, 1.5335 -2.3731 3.8192, 1.5335 -2.3731 3.8704, 1.5335 -2.4163 3.8192, 1.5335 -2.4163 3.8704, 1.5335 -2.437 3.7287, 1.5335 -2.4463 3.7274, 1.5335 -2.3731 3.7274, 1.5335 -2.3357 3.7274, 1.5335 -2.3509 3.7287, 1.5335 -2.3731 3.7287, 1.5335 -2.4463 3.8902, 1.5335 -2.437 3.8888, 1.5335 -2.3731 3.8888, 1.5335 -2.5029 3.7447, 1.5335 -2.4848 3.7481, 1.5335 -2.4759 3.8663, 1.5335 -2.4759 3.7521, 1.5335 -2.4708 3.8643, 1.5335 -2.4691 3.7551, 1.5335 -2.4691 3.8634, 1.5335 -2.4871 3.8705, 1.5335 -2.5068 3.8729, 1.5335 -2.5673 3.807, 1.5335 -2.5484 3.7582, 1.5335 -2.5379 3.7508, 1.5335 -2.5504 3.8551, 1.5335 -2.5592 3.8429, 1.5335 -2.5395 3.8641, 1.5335 -2.5269 3.8699, 1.5335 -2.513 3.8726, 1.5335 -2.5646 3.8292, 1.5335 -2.5671 3.8011, 1.5335 -2.5645 3.7851, 1.5335 -2.5265 3.7464, 1.5335 -2.5104 3.7444, 1.5335 -2.5593 3.7721, 1.5335 -2.5515 3.7613, 1.5335 -2.4899 3.8902, 1.5335 -2.4859 3.8899, 1.5335 -2.4759 3.8902, 1.5335 -2.4759 3.887, 1.5335 -2.4691 3.885, 1.5335 -2.5068 3.8915, 1.5335 -2.4759 4.252, 1.5335 -2.507 3.8915, 1.5335 -2.5818 4.252, 1.5335 -2.518 3.8902, 1.5335 -2.5818 3.8902, 1.5335 -2.5774 3.8528, 1.5335 -2.5658 3.868, 1.5335 -2.562 3.8717, 1.5335 -2.547 3.8822, 1.5335 -2.5303 3.8887, 1.5335 -2.5914 3.8902, 1.5335 -2.585 3.835, 1.5335 -2.5818 3.8426, 1.5335 -2.5818 3.7694, 1.5335 -2.5857 3.7795, 1.5335 -2.5914 3.7274, 1.5335 -2.589 3.8057, 1.5335 -2.5887 3.8141, 1.5335 -2.5404 3.73, 1.5335 -2.5555 3.7372, 1.5335 -2.5818 3.7274, 1.5335 -2.5684 3.7479, 1.5335 -2.5792 3.7628, 1.5335 -2.5274 3.7274, 1.5335 -2.5818 3.6804, 1.5335 -2.523 3.7265, 1.5335 -2.5134 3.726, 1.5335 -2.4993 3.7274, 1.5335 -2.4691 3.7353, 1.5335 -2.4718 3.734, 1.5335 -2.4759 3.7274, 1.5335 -2.4759 3.7326, 1.5335 -2.489 3.7283, 1.5335 -2.5672 3.5284, 1.5335 -2.5634 3.5615, 1.5335 -2.5713 3.5219, 1.5335 -2.5737 3.5145, 1.5335 -2.4827 3.4747, 1.5335 -2.5028 3.4747, 1.5335 -2.5191 3.5746, 1.5335 -2.526 3.5754, 1.5335 -2.5367 3.5426, 1.5335 -2.4847 3.5652, 1.5335 -2.4827 3.5483, 1.5335 -2.5614 3.5338, 1.5335 -2.5533 3.5383, 1.5335 -2.5496 3.5702, 1.5335 -2.537 3.5743, 1.5335 -2.558 3.4762, 1.5335 -2.5648 3.481, 1.5335 -2.5818 3.4733, 1.5335 -2.5668 3.4829, 1.5335 -2.571 3.489, 1.5335 -2.5028 3.4923, 1.5335 -2.5033 3.4923, 1.5335 -2.5063 3.4877, 1.5335 -2.5127 3.4809, 1.5335 -2.5735 3.4956, 1.5335 -2.5746 3.5053, 1.5335 -2.5634 3.581, 1.5335 -2.5028 3.5474, 1.5335 -2.5035 3.5561, 1.5335 -2.5055 3.5633, 1.5335 -2.5079 3.5675, 1.5335 -2.5594 3.5834, 1.5335 -2.5445 3.5892, 1.5335 -2.5241 3.5917, 1.5335 -2.51 3.5901, 1.5335 -2.502 3.5873, 1.5335 -2.4957 3.5832, 1.5335 -2.4923 3.58, 1.5335 -2.488 3.5738, 1.5335 -2.5109 3.5707, 1.5335 -2.5145 3.573, 1.5335 -2.5275 3.4733, 1.5335 -2.5281 3.4731, 1.5335 -2.4759 3.4099, 1.5335 -2.5818 3.4099, 1.5335 -2.5384 3.472, 1.5335 -2.55 3.4733, 1.5335 -2.5504 3.4733, 1.5335 -2.3357 3.4733, 1.5335 -2.3357 3.5073, 1.5335 -2.3679 3.589, 1.5335 -2.3454 3.589, 1.5335 -2.323 3.4749, 1.5335 -2.3237 3.4733, 1.5335 -2.3318 3.4541, 1.5335 -2.3731 3.4099, 1.5335 -2.3637 3.4224, 1.5335 -2.3637 3.4403, 1.5335 -2.3596 3.4389, 1.5335 -2.3523 3.438, 1.5335 -2.4245 3.472, 1.5335 -2.4463 3.4099, 1.5335 -2.3518 3.438, 1.5335 -2.3469 3.4387, 1.5335 -2.3426 3.4405, 1.5335 -2.3396 3.4426, 1.5335 -2.3359 3.4467, 1.5335 -2.3357 3.4469, 1.5335 -2.3357 3.4244, 1.5335 -2.342 3.4219, 1.5335 -2.3357 3.4099, 1.5335 -2.3508 3.4208, 1.5335 -2.3552 3.4209, 1.5335 -2.1858 3.4099, 1.5335 -2.3274 3.4299, 1.5335 -2.3341 3.4251, 1.5335 -2.3037 3.4733, 1.5335 -2.31 3.4574, 1.5335 -2.3192 3.4395, 1.5335 -2.1352 3.4099, 1.5335 -2.1858 0.0, 1.5335 -2.3357 0.0, 1.5335 -2.3731 0.0, 1.5335 -2.4463 0.0, 1.5335 -2.4759 0.0, 1.5335 -2.5818 0.0, 1.5335 -2.5199 3.476, 1.5335 -0.5739 3.4733, 1.5335 -1.9853 3.4733, 1.5335 -2.68 3.6348, 1.5335 -2.68 3.4747, 1.5335 -2.5914 3.4733, 1.5335 -2.5914 3.4099, 1.5335 -2.5914 0.0, 1.5335 -2.5975 3.6348, 1.5335 -2.5914 3.6804, 1.5335 -2.5975 3.6164, 1.5335 -2.5938 3.4929, 1.5335 -2.5938 3.4747, 1.5335 -2.6593 3.5468, 1.5335 -2.6593 3.4929, 1.5335 -2.602 3.5468, 1.5335 -2.602 3.5651, 1.5335 -2.6593 3.5651, 1.5335 -2.6593 3.6164, 1.5335 -2.1201 3.4747, 1.5335 -1.9941 3.5278, 1.5335 -2.0019 3.5113, 1.5335 -2.0139 3.4971, 1.5335 -1.9984 3.5942, 1.5335 -1.9924 3.579, 1.5335 -1.9853 3.6804, 1.5335 -1.9897 3.5568, 1.5335 -1.9902 3.5466, 1.5335 -2.0304 3.4852, 1.5335 -2.0487 3.478, 1.5335 -2.076 3.4747, 1.5335 -2.1201 3.6348, 1.5335 -2.0744 3.6348, 1.5335 -2.0499 3.6321, 1.5335 -2.0306 3.625, 1.5335 -2.0139 3.6136, 1.5335 -2.0083 3.6082, 1.5335 -1.958 3.4747, 1.5335 -1.9808 3.4747, 1.5335 -1.8596 3.4747, 1.5335 -1.8759 3.5185, 1.5335 -1.9426 3.5185, 1.5335 -1.9198 3.6348, 1.5335 -1.8977 3.6348, 1.5335 -2.68 3.7287, 1.5335 -2.68 3.8888, 1.5335 -2.5955 3.7287, 1.5335 -2.1989 3.8483, 1.5335 -2.1929 3.833, 1.5335 -2.1902 3.8108, 1.5335 -2.1907 3.8006, 1.5335 -2.1946 3.7819, 1.5335 -2.2025 3.7653, 1.5335 -2.2144 3.7511, 1.5335 -2.231 3.7392, 1.5335 -2.2749 3.8888, 1.5335 -2.2505 3.8861, 1.5335 -2.2312 3.8791, 1.5335 -2.2492 3.7321, 1.5335 -2.2766 3.7287, 1.5335 -2.3206 3.7287, 1.5335 -2.3206 3.8888, 1.5335 -2.2144 3.8676, 1.5335 -2.2088 3.8622, 1.5335 -1.8367 3.4747, 1.5335 -0.5739 3.6804, 1.5335 -0.5739 3.7274, 1.5335 -0.5739 3.8902, 1.5335 0.689 3.4733, 1.5335 0.689 3.6804, 1.5335 0.689 3.7274, 1.5335 0.689 3.8902, 1.5335 -2.5914 4.252, 1.5335 0.689 4.252, 1.5335 -0.5739 4.252, 1.5335 -1.9853 4.252, 1.5335 -2.1352 4.252, 1.5335 -2.1858 4.252, 1.5335 -2.3357 4.252, 1.5335 -2.3731 4.252, 1.5335 -2.4463 4.252, 1.1791 -3.7205 0.0394, 1.1791 -3.7205 0.0, -1.2815 -3.7205 1.7717, -0.8681 -3.7205 2.185, -1.2815 -3.7205 2.185, -1.5374 -3.7205 0.0, -1.1831 -3.7205 0.0, -1.1831 -3.7205 0.0394, -1.2815 -3.7205 3.0335, -1.4783 -3.7205 3.0335, -1.4783 -3.7205 0.9035, -1.4783 -3.7205 1.2185, -1.5374 -3.7205 4.252, -1.2815 -3.7205 1.2185, -0.1988 -3.7205 0.0, 0.1949 -3.7205 0.0, 0.1949 -3.7205 0.0394, -1.4783 -3.7205 3.3484, -1.2815 -3.7205 3.3484, -0.1988 -3.7205 0.0394, -0.1581 -3.7205 0.2545, -0.1988 -3.7205 0.2232, -1.1356 -3.7205 0.2036, -1.1831 -3.7205 0.2232, -1.2238 -3.7205 0.2545, -1.2551 -3.7205 0.2953, -1.2748 -3.7205 0.3428, -1.2815 -3.7205 0.3937, -1.2815 -3.7205 0.9035, 1.2776 -3.7205 2.185, 0.8642 -3.7205 2.185, 1.2776 -3.7205 1.7717, -1.2815 -3.7205 4.0551, -0.1004 -3.7205 4.0551, 0.0965 -3.7205 0.9035, -0.1004 -3.7205 0.9035, 0.0965 -3.7205 0.3937, -0.1004 -3.7205 0.3937, 0.1032 -3.7205 0.3428, -0.1071 -3.7205 0.3428, -0.1268 -3.7205 0.2953, 0.1541 -3.7205 0.2545, 0.1949 -3.7205 0.2232, 0.2424 -3.7205 0.2036, 0.1228 -3.7205 0.2953, -0.2463 -3.7205 0.2036, -0.2972 -3.7205 0.1969, -1.0846 -3.7205 0.1969, 1.1791 -3.7205 0.2232, 1.2199 -3.7205 0.2545, 1.2512 -3.7205 0.2953, 1.2709 -3.7205 0.3428, 1.2776 -3.7205 0.3937, 1.2776 -3.7205 4.0551, 1.1317 -3.7205 0.2036, 1.0807 -3.7205 0.1969, 0.2933 -3.7205 0.1969, -0.1004 -3.7205 3.3484, 0.0965 -3.7205 3.3484, 0.0965 -3.7205 4.0551, 0.0965 -3.7205 1.7717, 0.5098 -3.7205 2.185, 0.0965 -3.7205 2.185, -0.1004 -3.7205 1.2185, 0.0965 -3.7205 1.2185, -0.1004 -3.7205 1.7717, 0.0965 -3.7205 3.0335, -0.1004 -3.7205 3.0335, -0.1004 -3.7205 2.185, -0.5138 -3.7205 2.185, 1.1791 0.689 0.0, 0.0965 -0.8858 3.2677, 0.5295 -0.8858 3.2677, 0.0965 -0.8858 2.4803, 0.5295 -0.8858 3.0335, 0.4902 -0.8858 2.4803, 0.4902 -0.8858 1.6929, 0.0965 -0.8858 1.6929, 0.0965 -0.8858 2.2835, 1.2776 -0.8858 2.2835, 1.2776 -0.8858 1.6929, 0.8839 -0.8858 2.2835, 0.8839 -0.8858 1.6929, 0.8445 -0.8858 3.2677, 1.2776 -0.8858 3.2677, 0.8445 -0.8858 3.0335, 1.2776 -0.8858 2.4803, 0.8839 -0.8858 2.4803, 0.4902 -0.8858 2.2835, 0.4902 -0.8858 0.1969, 0.2933 -0.8858 0.1969, 0.5295 -0.8858 0.9035, 0.2424 -0.8858 0.2036, 0.4902 -0.8858 1.4961, 0.5295 -0.8858 1.2185, 0.8839 -0.8858 1.4961, 0.8445 -0.8858 1.2185, 1.2776 -0.8858 1.4961, 0.8445 -0.8858 0.9035, 1.2776 -0.8858 0.3937, 1.2709 -0.8858 0.3428, 1.2512 -0.8858 0.2953, 1.2199 -0.8858 0.2545, 1.1791 -0.8858 0.2232, 0.1949 -0.8858 0.2232, 0.1541 -0.8858 0.2545, 0.1228 -0.8858 0.2953, 1.1317 -0.8858 0.2036, 1.0807 -0.8858 0.1969, 0.8839 -0.8858 0.1969, 0.8839 -0.8858 0.0394, 0.4902 -0.8858 0.0394, 0.1032 -0.8858 0.3428, 0.0965 -0.8858 0.3937, 0.0965 -0.8858 1.4961
            ]
        }
        coordIndex [
            0,1,2,-1,3,4,5,-1,6,3,7,-1,8,6,9,-1,10,11,12,-1,13,14,15,-1,16,17,18,-1,19,20,21,-1,21,20,22,-1,23,24,21,-1,21,24,25,-1,21,25,26,-1,26,27,21,-1,21,27,28,-1,21,28,19,-1,29,30,31,-1,31,30,32,-1,32,30,33,-1,32,33,34,-1,35,36,37,-1,29,31,38,-1,38,31,37,-1,38,37,39,-1,36,40,37,-1,37,40,41,-1,37,41,39,-1,39,41,42,-1,39,42,43,-1,43,42,44,-1,43,44,45,-1,18,17,46,-1,17,47,46,-1,46,47,48,-1,46,48,37,-1,37,48,49,-1,37,49,35,-1,50,51,52,-1,51,53,52,-1,52,53,54,-1,52,54,55,-1,55,56,52,-1,52,56,57,-1,52,57,18,-1,18,57,58,-1,18,58,16,-1,59,60,61,-1,61,60,62,-1,61,62,52,-1,52,62,63,-1,52,63,50,-1,64,65,66,-1,67,68,61,-1,61,68,69,-1,61,69,59,-1,66,70,64,-1,64,70,71,-1,64,71,67,-1,67,71,72,-1,67,72,68,-1,73,74,65,-1,65,74,75,-1,65,75,76,-1,76,77,65,-1,65,77,78,-1,65,78,66,-1,79,80,73,-1,79,73,81,-1,82,83,84,-1,85,86,87,-1,87,86,88,-1,89,90,86,-1,86,90,91,-1,86,91,92,-1,82,84,93,-1,83,94,84,-1,84,94,95,-1,84,95,96,-1,97,98,99,-1,99,98,100,-1,99,100,101,-1,102,92,103,-1,103,92,104,-1,103,104,99,-1,99,104,105,-1,99,105,97,-1,80,106,73,-1,73,106,107,-1,73,107,74,-1,74,107,108,-1,74,108,109,-1,109,110,74,-1,74,110,111,-1,74,111,112,-1,102,113,92,-1,92,113,114,-1,92,114,86,-1,86,114,115,-1,86,115,88,-1,116,117,118,-1,118,117,119,-1,118,119,73,-1,73,119,120,-1,73,120,81,-1,121,122,123,-1,123,122,124,-1,123,124,84,-1,84,124,125,-1,84,125,93,-1,126,127,84,-1,84,127,128,-1,84,128,86,-1,86,128,129,-1,86,129,89,-1,112,130,74,-1,74,130,131,-1,74,131,132,-1,132,131,121,-1,132,121,133,-1,133,121,123,-1,96,134,84,-1,84,134,135,-1,84,135,136,-1,136,137,84,-1,84,137,138,-1,84,138,126,-1,139,140,141,-1,141,92,139,-1,139,92,91,-1,139,91,142,-1,142,91,143,-1,143,144,142,-1,142,144,145,-1,142,145,146,-1,147,148,149,-1,147,149,150,-1,151,149,152,-1,140,139,151,-1,151,139,153,-1,151,153,149,-1,149,153,154,-1,149,154,150,-1,148,155,149,-1,149,155,156,-1,149,156,157,-1,157,156,158,-1,152,159,151,-1,151,159,160,-1,151,160,161,-1,162,163,158,-1,158,163,164,-1,158,164,157,-1,165,166,161,-1,161,166,167,-1,161,167,151,-1,20,168,22,-1,22,168,169,-1,22,169,118,-1,118,169,170,-1,118,170,116,-1,171,172,173,-1,15,14,174,-1,174,14,175,-1,174,175,176,-1,177,178,179,-1,179,178,180,-1,179,180,181,-1,181,180,171,-1,181,171,182,-1,183,184,185,-1,185,184,186,-1,185,186,176,-1,173,172,187,-1,187,172,188,-1,187,188,189,-1,190,191,192,-1,193,194,195,-1,195,194,196,-1,195,196,197,-1,197,196,190,-1,197,190,198,-1,198,190,192,-1,199,200,201,-1,202,203,204,-1,205,206,207,-1,202,204,208,-1,205,207,204,-1,204,207,209,-1,204,209,208,-1,210,211,212,-1,212,211,213,-1,212,213,214,-1,214,213,215,-1,214,215,204,-1,216,217,12,-1,218,219,220,-1,200,221,201,-1,201,221,222,-1,201,222,220,-1,220,222,223,-1,220,223,218,-1,224,225,12,-1,12,225,226,-1,219,227,220,-1,220,227,228,-1,220,228,229,-1,229,228,230,-1,229,230,216,-1,231,232,217,-1,217,232,233,-1,217,233,12,-1,12,233,234,-1,12,234,224,-1,226,235,12,-1,12,235,236,-1,12,236,10,-1,237,238,239,-1,239,238,240,-1,239,240,241,-1,239,242,237,-1,237,242,243,-1,237,243,244,-1,244,245,237,-1,237,245,246,-1,237,246,247,-1,247,246,248,-1,247,248,249,-1,249,248,250,-1,249,250,217,-1,217,250,251,-1,217,251,231,-1,252,253,241,-1,241,253,254,-1,241,254,239,-1,255,256,206,-1,206,256,257,-1,206,257,207,-1,255,258,256,-1,256,258,259,-1,256,259,260,-1,260,259,261,-1,260,262,263,-1,261,264,260,-1,260,264,265,-1,260,265,266,-1,266,267,260,-1,260,267,268,-1,260,268,262,-1,263,269,260,-1,260,269,270,-1,260,270,271,-1,272,273,274,-1,275,276,274,-1,274,276,277,-1,274,277,272,-1,273,272,278,-1,278,272,279,-1,278,279,280,-1,276,281,277,-1,277,281,282,-1,277,282,283,-1,283,282,284,-1,283,284,285,-1,285,284,286,-1,285,286,280,-1,280,286,287,-1,280,287,278,-1,288,289,290,-1,291,292,293,-1,293,292,294,-1,293,294,295,-1,295,294,296,-1,295,296,297,-1,297,296,298,-1,297,298,299,-1,299,298,300,-1,299,300,301,-1,301,300,302,-1,303,304,305,-1,288,298,289,-1,289,298,296,-1,289,296,306,-1,306,296,307,-1,306,307,305,-1,305,307,308,-1,305,308,303,-1,309,310,290,-1,290,310,311,-1,290,311,288,-1,312,313,314,-1,314,313,315,-1,314,315,316,-1,316,315,317,-1,316,317,318,-1,318,317,304,-1,318,304,309,-1,309,304,303,-1,309,303,310,-1,319,320,321,-1,314,322,323,-1,324,325,326,-1,326,325,327,-1,320,328,321,-1,321,328,327,-1,321,327,329,-1,329,327,325,-1,319,321,314,-1,314,321,330,-1,314,330,331,-1,323,332,314,-1,314,332,333,-1,314,333,312,-1,331,334,314,-1,314,334,335,-1,314,335,322,-1,336,337,338,-1,338,337,339,-1,338,339,309,-1,309,339,340,-1,309,340,318,-1,341,342,343,-1,343,342,344,-1,343,344,345,-1,346,347,348,-1,348,349,346,-1,346,349,350,-1,346,350,351,-1,352,353,346,-1,346,353,354,-1,346,354,347,-1,355,356,357,-1,357,356,358,-1,357,358,352,-1,352,358,359,-1,352,359,353,-1,360,361,362,-1,361,363,362,-1,362,363,364,-1,362,364,355,-1,360,362,365,-1,365,362,366,-1,365,366,367,-1,367,366,368,-1,368,366,201,-1,368,201,369,-1,317,370,304,-1,304,370,371,-1,304,371,372,-1,372,371,373,-1,372,373,374,-1,375,376,377,-1,377,376,378,-1,214,379,380,-1,381,382,383,-1,201,384,385,-1,375,386,376,-1,376,386,387,-1,376,387,388,-1,388,387,383,-1,388,383,389,-1,389,383,382,-1,203,199,204,-1,204,199,201,-1,204,201,214,-1,214,201,385,-1,214,385,379,-1,390,391,392,-1,392,391,393,-1,392,393,394,-1,395,396,380,-1,380,396,397,-1,380,397,398,-1,394,399,392,-1,392,399,400,-1,392,400,366,-1,366,400,378,-1,366,378,401,-1,401,378,376,-1,402,403,383,-1,383,403,404,-1,383,404,405,-1,401,406,366,-1,366,406,407,-1,366,407,201,-1,201,407,408,-1,408,409,201,-1,201,409,410,-1,201,410,411,-1,411,412,201,-1,201,412,413,-1,201,413,384,-1,405,414,383,-1,383,414,415,-1,383,415,381,-1,416,417,418,-1,418,417,419,-1,417,420,419,-1,419,420,421,-1,419,421,392,-1,392,421,422,-1,392,422,390,-1,423,424,12,-1,12,424,425,-1,216,12,229,-1,229,12,425,-1,229,425,194,-1,194,425,426,-1,194,426,196,-1,427,424,428,-1,428,424,423,-1,428,423,429,-1,430,431,432,-1,433,434,12,-1,435,436,11,-1,11,436,430,-1,11,430,12,-1,12,430,432,-1,12,432,433,-1,434,437,12,-1,12,437,438,-1,12,438,439,-1,439,440,12,-1,12,440,441,-1,12,441,423,-1,423,441,442,-1,423,442,429,-1,443,444,445,-1,445,444,446,-1,445,446,430,-1,430,446,447,-1,430,447,431,-1,448,449,445,-1,445,449,450,-1,445,450,443,-1,451,452,448,-1,448,452,453,-1,448,453,449,-1,8,454,455,-1,455,454,448,-1,455,448,456,-1,456,448,445,-1,456,445,457,-1,457,445,430,-1,457,430,458,-1,458,430,436,-1,458,436,459,-1,459,436,418,-1,459,418,460,-1,460,418,419,-1,435,210,436,-1,436,210,212,-1,436,212,418,-1,418,212,214,-1,418,214,416,-1,416,214,380,-1,416,380,461,-1,461,380,398,-1,454,173,448,-1,448,173,187,-1,448,187,451,-1,451,187,189,-1,451,189,193,-1,193,189,13,-1,193,13,194,-1,194,13,15,-1,6,7,9,-1,9,7,462,-1,9,462,463,-1,464,118,465,-1,465,118,73,-1,465,73,466,-1,466,73,65,-1,466,65,467,-1,467,65,64,-1,467,64,468,-1,464,469,470,-1,469,471,470,-1,470,471,472,-1,470,472,466,-1,466,472,473,-1,466,473,465,-1,474,475,476,-1,476,475,472,-1,476,472,477,-1,477,472,471,-1,477,471,478,-1,478,471,479,-1,186,182,176,-1,176,182,171,-1,176,171,174,-1,174,171,173,-1,174,173,480,-1,481,482,463,-1,463,482,483,-1,484,485,486,-1,486,485,487,-1,486,487,463,-1,463,487,488,-1,463,488,481,-1,483,489,463,-1,463,489,490,-1,463,490,491,-1,8,9,454,-1,454,9,463,-1,454,463,173,-1,173,463,491,-1,173,491,480,-1,480,492,174,-1,174,492,493,-1,174,493,486,-1,486,493,494,-1,486,494,495,-1,495,496,486,-1,486,496,497,-1,486,497,484,-1,498,499,463,-1,500,501,502,-1,463,499,486,-1,486,499,503,-1,486,503,504,-1,355,357,362,-1,362,357,470,-1,362,470,366,-1,366,470,466,-1,366,466,392,-1,392,466,467,-1,392,467,419,-1,419,467,468,-1,419,468,460,-1,486,272,174,-1,174,272,277,-1,174,277,15,-1,15,277,283,-1,15,283,194,-1,194,283,306,-1,194,306,229,-1,229,306,305,-1,229,305,220,-1,220,305,304,-1,220,304,201,-1,201,304,372,-1,201,372,369,-1,369,372,374,-1,464,470,118,-1,118,470,357,-1,118,357,22,-1,22,357,505,-1,22,505,21,-1,505,506,21,-1,21,506,0,-1,21,0,352,-1,352,0,2,-1,352,2,357,-1,357,2,507,-1,357,507,505,-1,508,509,285,-1,285,509,510,-1,285,510,283,-1,283,510,511,-1,283,511,512,-1,512,513,283,-1,283,513,514,-1,283,514,515,-1,289,516,285,-1,285,516,517,-1,285,517,518,-1,515,519,283,-1,283,519,520,-1,283,520,306,-1,306,520,521,-1,306,521,289,-1,289,521,522,-1,289,522,516,-1,518,523,285,-1,285,523,524,-1,285,524,508,-1,502,498,500,-1,500,498,463,-1,500,463,525,-1,525,463,462,-1,525,462,504,-1,504,462,526,-1,504,526,486,-1,486,526,527,-1,486,527,272,-1,272,527,528,-1,272,528,279,-1,3,5,7,-1,7,5,529,-1,7,529,462,-1,462,529,530,-1,462,530,526,-1,526,530,531,-1,526,531,527,-1,527,531,532,-1,527,532,528,-1,351,345,346,-1,346,345,344,-1,346,344,352,-1,352,344,533,-1,352,533,21,-1,21,533,32,-1,21,32,23,-1,23,32,34,-1,532,534,528,-1,528,534,535,-1,528,535,279,-1,279,535,536,-1,279,536,280,-1,280,536,537,-1,280,537,285,-1,285,537,538,-1,285,538,289,-1,289,538,539,-1,289,539,290,-1,290,539,540,-1,290,540,309,-1,309,540,541,-1,309,541,338,-1,338,541,342,-1,338,342,336,-1,336,342,341,-1,542,543,67,-1,544,545,546,-1,547,548,549,-1,546,550,551,-1,549,552,547,-1,547,552,553,-1,547,553,554,-1,553,555,544,-1,556,557,558,-1,544,546,553,-1,553,546,551,-1,553,551,554,-1,554,551,559,-1,554,559,560,-1,556,558,561,-1,561,562,563,-1,564,565,549,-1,549,565,566,-1,566,567,549,-1,549,567,568,-1,549,568,552,-1,552,568,569,-1,552,569,570,-1,571,572,573,-1,560,574,554,-1,554,574,575,-1,554,575,31,-1,576,577,578,-1,578,577,579,-1,578,579,580,-1,580,579,581,-1,580,581,582,-1,583,558,584,-1,584,558,585,-1,583,586,558,-1,558,586,580,-1,558,580,561,-1,561,580,582,-1,561,582,562,-1,563,587,561,-1,561,587,588,-1,561,588,549,-1,549,588,589,-1,549,589,564,-1,590,542,591,-1,591,542,592,-1,592,542,593,-1,593,542,67,-1,593,67,594,-1,52,18,595,-1,595,18,46,-1,52,595,61,-1,61,595,571,-1,61,571,67,-1,67,571,573,-1,67,573,594,-1,590,596,542,-1,542,596,597,-1,542,597,558,-1,558,597,598,-1,558,598,585,-1,599,600,575,-1,575,600,601,-1,575,601,31,-1,31,601,595,-1,31,595,37,-1,37,595,46,-1,602,603,604,-1,605,606,607,-1,607,606,602,-1,608,609,604,-1,604,609,610,-1,604,610,602,-1,602,610,611,-1,602,611,607,-1,459,460,543,-1,455,456,543,-1,460,468,543,-1,543,468,64,-1,543,64,67,-1,4,3,612,-1,612,3,6,-1,612,6,543,-1,543,6,8,-1,543,8,455,-1,456,457,543,-1,543,457,458,-1,543,458,459,-1,613,614,615,-1,615,614,616,-1,615,616,617,-1,618,619,620,-1,621,622,623,-1,623,622,624,-1,625,626,627,-1,627,626,628,-1,627,628,616,-1,616,628,629,-1,616,629,617,-1,617,629,623,-1,617,623,630,-1,631,632,633,-1,633,632,634,-1,620,630,618,-1,618,630,623,-1,618,623,635,-1,635,623,624,-1,635,624,636,-1,636,624,637,-1,636,637,638,-1,638,637,639,-1,638,639,640,-1,640,639,641,-1,640,641,642,-1,642,643,640,-1,640,643,644,-1,640,644,645,-1,634,646,633,-1,633,646,647,-1,633,647,648,-1,645,649,640,-1,640,649,650,-1,640,650,633,-1,633,650,651,-1,633,651,631,-1,631,651,652,-1,631,652,653,-1,648,654,633,-1,633,654,655,-1,633,655,636,-1,636,655,656,-1,636,656,635,-1,
        ]
    }
}
Shape{
    appearance Appearance {
        material  Material 	{
            diffuseColor 0.25098039215686274 0.25098039215686274 0.25098039215686274
            specularColor 0.12549019607843137 0.12549019607843137 0.12549019607843137
            ambientIntensity 0.251
            transparency 0.0
            shininess 0.5
        }
    }
    geometry IndexedFaceSet {
        ccw TRUE
        solid FALSE
        coord DEF co Coordinate {
            point [
                0.8839 -0.8858 0.1969, 0.8839 0.689 0.1969, 0.8839 -0.8858 0.0394, 0.8839 0.689 0.0394, 0.4902 0.689 0.1969, 0.4902 -0.8858 0.1969, 0.4902 0.689 0.0394, 0.4902 -0.8858 0.0394
            ]
        }
        coordIndex [
            0,1,2,-1,2,1,3,-1,4,5,6,-1,6,5,7,-1,
        ]
    }
}
Shape{
    appearance Appearance {
        material  Material 	{
            diffuseColor 0.2235294117647059 0.2235294117647059 0.2235294117647059
            specularColor 0.11372549019607843 0.11372549019607843 0.11372549019607843
            ambientIntensity 0.2235
            transparency 0.0
            shininess 0.5
        }
    }
    geometry IndexedFaceSet {
        ccw TRUE
        solid FALSE
        coord DEF co Coordinate {
            point [
                -1.2815 -0.8858 3.2677, -0.8484 -0.8858 3.2677, -1.2815 -0.8858 2.4803, -0.8484 -0.8858 3.0335, -0.8878 -0.8858 2.4803, -0.8878 -0.8858 1.6929, -1.2815 -0.8858 1.6929, -1.2815 -0.8858 2.2835, -0.1004 -0.8858 2.2835, -0.1004 -0.8858 1.6929, -0.4941 -0.8858 2.2835, -0.4941 -0.8858 1.6929, -0.5335 -0.8858 3.2677, -0.1004 -0.8858 3.2677, -0.5335 -0.8858 3.0335, -0.1004 -0.8858 2.4803, -0.4941 -0.8858 2.4803, -0.8878 -0.8858 2.2835, -0.8484 -0.8858 0.9035, -1.2815 -0.8858 0.3937, -0.8484 -0.8858 1.2185, -1.2815 -0.8858 1.4961, -0.8878 -0.8858 1.4961, -0.8878 -0.8858 0.1969, -1.0846 -0.8858 0.1969, -0.4941 -0.8858 1.4961, -0.5335 -0.8858 1.2185, -0.1004 -0.8858 1.4961, -0.5335 -0.8858 0.9035, -0.1004 -0.8858 0.3937, -0.1071 -0.8858 0.3428, -0.1268 -0.8858 0.2953, -0.1581 -0.8858 0.2545, -0.1988 -0.8858 0.2232, -0.2463 -0.8858 0.2036, -0.2972 -0.8858 0.1969, -0.4941 -0.8858 0.1969, -0.4941 -0.8858 0.0394, -0.8878 -0.8858 0.0394, -1.1356 -0.8858 0.2036, -1.1831 -0.8858 0.2232, -1.2238 -0.8858 0.2545, -1.2551 -0.8858 0.2953, -1.2748 -0.8858 0.3428, 0.1949 -3.7205 0.0, -0.1988 -3.7205 0.0, 0.1949 0.689 0.0, -0.1988 0.689 0.0
            ]
        }
        coordIndex [
            0,1,2,-1,2,1,3,-1,2,3,4,-1,5,6,7,-1,8,9,10,-1,10,9,11,-1,12,13,14,-1,14,13,15,-1,14,15,3,-1,3,15,16,-1,3,16,4,-1,4,16,10,-1,4,10,17,-1,18,19,20,-1,20,19,21,-1,20,21,22,-1,18,23,24,-1,7,17,5,-1,5,17,10,-1,5,10,22,-1,22,10,11,-1,22,11,20,-1,20,11,25,-1,20,25,26,-1,26,25,27,-1,26,27,28,-1,28,27,29,-1,28,29,30,-1,30,31,28,-1,28,31,32,-1,28,32,33,-1,33,34,28,-1,28,34,35,-1,28,35,18,-1,18,35,36,-1,18,36,23,-1,23,36,37,-1,23,37,38,-1,24,39,18,-1,18,39,40,-1,18,40,41,-1,41,42,18,-1,18,42,43,-1,18,43,19,-1,44,45,46,-1,46,45,47,-1,
        ]
    }
}
Shape{
    appearance Appearance {
        material  Material 	{
            diffuseColor 0.25098039215686274 0.25098039215686274 0.25098039215686274
            specularColor 0.12549019607843137 0.12549019607843137 0.12549019607843137
            ambientIntensity 0.251
            transparency 0.0
            shininess 0.5
        }
    }
    geometry IndexedFaceSet {
        ccw TRUE
        solid FALSE
        coord DEF co Coordinate {
            point [
                -0.4941 -0.8858 0.1969, -0.4941 0.689 0.1969, -0.4941 -0.8858 0.0394, -0.4941 0.689 0.0394, -0.8878 0.689 0.1969, -0.8878 -0.8858 0.1969, -0.8878 0.689 0.0394, -0.8878 -0.8858 0.0394
            ]
        }
        coordIndex [
            0,1,2,-1,2,1,3,-1,4,5,6,-1,6,5,7,-1,
        ]
    }
}
Shape{
    appearance Appearance {
        material  Material 	{
            diffuseColor 0.2235294117647059 0.2235294117647059 0.2235294117647059
            specularColor 0.11372549019607843 0.11372549019607843 0.11372549019607843
            ambientIntensity 0.2235
            transparency 0.0
            shininess 0.5
        }
    }
    geometry IndexedFaceSet {
        ccw TRUE
        solid FALSE
        coord DEF co Coordinate {
            point [
                0.4365 -1.752 0.7337, 0.3801 -1.752 0.8071, 0.0965 -1.752 0.3937, 1.2776 -1.752 1.7717, 0.9376 -1.752 1.2348, 0.9939 -1.752 1.1614, 1.0293 -1.752 1.076, 1.0413 -1.752 0.9843, 1.2776 -1.752 0.3937, 1.0293 -1.752 0.8925, 0.9939 -1.752 3.4449, 1.0293 -1.752 3.3594, 1.2776 -1.752 4.0551, 1.0413 -1.752 3.2677, 1.2776 -1.752 2.185, 1.0293 -1.752 3.176, 0.9939 -1.752 3.0906, 0.9376 -1.752 3.0172, 0.8642 -1.752 2.9609, 0.8642 -1.752 2.185, 0.8642 -1.752 0.6774, 0.7787 -1.752 0.642, 1.0807 -1.752 0.1969, 0.687 -1.752 0.6299, 0.2933 -1.752 0.1969, 0.5953 -1.752 0.642, 0.2424 -1.752 0.2036, 0.5098 -1.752 0.6774, 0.3801 -1.752 1.1614, 0.4365 -1.752 1.2348, 0.0965 -1.752 1.7717, 0.5098 -1.752 1.2911, 0.5098 -1.752 2.185, 0.5953 -1.752 1.3265, 0.687 -1.752 1.3386, 0.7787 -1.752 1.3265, 0.8642 -1.752 1.2911, 0.7787 -1.752 3.61, 0.8642 -1.752 3.5746, 0.9376 -1.752 3.5183, 1.1317 -1.752 0.2036, 1.1791 -1.752 0.2232, 1.2199 -1.752 0.2545, 0.0965 -1.752 2.185, 0.4365 -1.752 3.0172, 0.3801 -1.752 3.0906, 0.0965 -1.752 4.0551, 0.5953 -1.752 3.61, 0.687 -1.752 3.622, 0.9939 -1.752 0.8071, 0.9376 -1.752 0.7337, 1.2709 -1.752 0.3428, 1.2512 -1.752 0.2953, 0.3448 -1.752 0.8925, 0.3327 -1.752 0.9843, 0.3448 -1.752 1.076, 0.7787 -1.752 2.9255, 0.687 -1.752 2.9134, 0.5953 -1.752 2.9255, 0.5098 -1.752 2.9609, 0.3448 -1.752 3.176, 0.3327 -1.752 3.2677, 0.3448 -1.752 3.3594, 0.3801 -1.752 3.4449, 0.4365 -1.752 3.5183, 0.5098 -1.752 3.5746, 0.1032 -1.752 0.3428, 0.1228 -1.752 0.2953, 0.1541 -1.752 0.2545, 0.1949 -1.752 0.2232, 1.2776 -3.7205 0.3937, 1.2776 -3.7205 1.7717, 1.2776 -3.7205 4.0551, 1.2776 -3.7205 2.185, -0.9415 -1.752 3.0172, -0.9978 -1.752 3.0906, -1.2815 -1.752 2.185, -0.3841 -1.752 3.0906, -0.4404 -1.752 3.0172, -0.1004 -1.752 2.185, -0.5138 -1.752 2.9609, -0.5138 -1.752 2.185, -0.9978 -1.752 1.1614, -0.9415 -1.752 1.2348, -1.2815 -1.752 1.7717, -0.8681 -1.752 1.2911, -0.8681 -1.752 2.185, -0.3841 -1.752 3.4449, -0.3487 -1.752 3.3594, -0.1004 -1.752 4.0551, -0.3366 -1.752 3.2677, -0.3487 -1.752 3.176, -0.9978 -1.752 3.4449, -0.9415 -1.752 3.5183, -1.2815 -1.752 4.0551, -0.1004 -1.752 1.7717, -0.3366 -1.752 0.9843, -0.1004 -1.752 0.3937, -0.3487 -1.752 0.8925, -1.2815 -1.752 0.3937, -0.9415 -1.752 0.7337, -0.9978 -1.752 0.8071, -0.5992 -1.752 3.61, -0.5138 -1.752 3.5746, -0.4404 -1.752 3.5183, -1.0332 -1.752 0.8925, -1.0453 -1.752 0.9843, -1.0332 -1.752 1.076, -0.4404 -1.752 1.2348, -0.3841 -1.752 1.1614, -0.3487 -1.752 1.076, -0.5992 -1.752 2.9255, -0.6909 -1.752 2.9134, -0.7827 -1.752 2.9255, -0.8681 -1.752 2.9609, -0.8681 -1.752 3.5746, -0.7827 -1.752 3.61, -0.6909 -1.752 3.622, -0.2972 -1.752 0.1969, -0.2463 -1.752 0.2036, -0.5138 -1.752 0.6774, -0.1988 -1.752 0.2232, -0.1581 -1.752 0.2545, -0.3841 -1.752 0.8071, -0.4404 -1.752 0.7337, -0.1071 -1.752 0.3428, -0.1268 -1.752 0.2953, -0.5992 -1.752 0.642, -0.6909 -1.752 0.6299, -1.0846 -1.752 0.1969, -0.7827 -1.752 0.642, -1.1356 -1.752 0.2036, -0.8681 -1.752 0.6774, -0.7827 -1.752 1.3265, -0.6909 -1.752 1.3386, -0.5992 -1.752 1.3265, -0.5138 -1.752 1.2911, -1.0332 -1.752 3.176, -1.0453 -1.752 3.2677, -1.0332 -1.752 3.3594, -1.2748 -1.752 0.3428, -1.2551 -1.752 0.2953, -1.2238 -1.752 0.2545, -1.1831 -1.752 0.2232, -1.5374 -3.7205 4.252, -1.5374 0.689 4.252, -1.5374 -3.7205 0.0, -1.5374 0.689 0.0, -1.2815 -3.7205 0.9035, -1.2815 -3.7205 0.3937, -1.2815 -2.5394 0.9035, -1.2815 -2.5394 1.2185, -1.2815 -3.7205 1.2185, -1.2815 -3.7205 1.7717, -1.2815 -3.7205 3.0335, -1.2815 -3.7205 2.185, -1.2815 -2.5394 3.0335, -1.2815 -2.5394 3.3484, -1.2815 -3.7205 3.3484, -1.2815 -3.7205 4.0551, 0.0965 -3.7205 0.9035, 0.0965 -3.7205 0.3937, 0.0965 -2.5394 0.9035, 0.0965 -2.5394 1.2185, 0.0965 -3.7205 1.2185, 0.0965 -3.7205 1.7717, 0.0965 -3.7205 3.0335, 0.0965 -3.7205 2.185, 0.0965 -2.5394 3.0335, 0.0965 -2.5394 3.3484, 0.0965 -3.7205 3.3484, 0.0965 -3.7205 4.0551, -0.1004 -3.7205 1.2185, -0.1004 -3.7205 1.7717, -0.1004 -2.5394 1.2185, -0.1004 -2.5394 0.9035, -0.1004 -3.7205 0.9035, -0.1004 -3.7205 0.3937, -0.1004 -3.7205 3.3484, -0.1004 -3.7205 4.0551, -0.1004 -2.5394 3.3484, -0.1004 -2.5394 3.0335, -0.1004 -3.7205 3.0335, -0.1004 -3.7205 2.185, -0.4941 -0.8858 0.1969, -0.2972 -0.8858 0.1969, -0.4941 0.689 0.1969, -0.2972 0.689 0.1969
            ]
        }
        coordIndex [
            0,1,2,-1,3,4,5,-1,5,6,3,-1,3,6,7,-1,3,7,8,-1,8,7,9,-1,10,11,12,-1,12,11,13,-1,12,13,14,-1,14,13,15,-1,14,15,16,-1,16,17,14,-1,14,17,18,-1,14,18,19,-1,20,21,22,-1,22,21,23,-1,22,23,24,-1,24,23,25,-1,24,25,26,-1,26,25,27,-1,28,29,30,-1,30,29,31,-1,30,31,32,-1,31,33,32,-1,32,33,34,-1,32,34,19,-1,19,34,35,-1,19,35,3,-1,3,35,36,-1,3,36,4,-1,37,38,12,-1,12,38,39,-1,12,39,10,-1,22,40,20,-1,20,40,41,-1,20,41,42,-1,43,44,45,-1,46,47,12,-1,12,47,48,-1,12,48,37,-1,9,49,8,-1,8,49,50,-1,8,50,51,-1,51,50,20,-1,51,20,52,-1,52,20,42,-1,1,53,2,-1,2,53,54,-1,2,54,30,-1,30,54,55,-1,30,55,28,-1,18,56,19,-1,19,56,57,-1,19,57,32,-1,32,57,58,-1,32,58,43,-1,43,58,59,-1,43,59,44,-1,45,60,43,-1,43,60,61,-1,43,61,46,-1,46,61,62,-1,46,62,63,-1,63,64,46,-1,46,64,65,-1,46,65,47,-1,0,2,27,-1,27,2,66,-1,27,66,67,-1,67,68,27,-1,27,68,69,-1,27,69,26,-1,8,70,3,-1,3,70,71,-1,72,12,73,-1,73,12,14,-1,74,75,76,-1,77,78,79,-1,79,78,80,-1,79,80,81,-1,82,83,84,-1,84,83,85,-1,84,85,86,-1,87,88,89,-1,89,88,90,-1,89,90,79,-1,79,90,91,-1,79,91,77,-1,92,93,94,-1,95,96,97,-1,97,96,98,-1,99,100,101,-1,102,103,89,-1,89,103,104,-1,89,104,87,-1,101,105,99,-1,99,105,106,-1,99,106,84,-1,84,106,107,-1,84,107,82,-1,108,109,95,-1,95,109,110,-1,95,110,96,-1,80,111,81,-1,81,111,112,-1,81,112,86,-1,86,112,113,-1,86,113,76,-1,76,113,114,-1,76,114,74,-1,93,115,94,-1,94,115,116,-1,94,116,89,-1,89,116,117,-1,89,117,102,-1,118,119,120,-1,120,119,121,-1,120,121,122,-1,98,123,97,-1,97,123,124,-1,97,124,125,-1,125,124,120,-1,125,120,126,-1,126,120,122,-1,120,127,118,-1,118,127,128,-1,118,128,129,-1,129,128,130,-1,129,130,131,-1,131,130,132,-1,85,133,86,-1,86,133,134,-1,86,134,81,-1,81,134,135,-1,81,135,95,-1,95,135,136,-1,95,136,108,-1,75,137,76,-1,76,137,138,-1,76,138,94,-1,94,138,139,-1,94,139,92,-1,100,99,132,-1,132,99,140,-1,132,140,141,-1,141,142,132,-1,132,142,143,-1,132,143,131,-1,144,145,146,-1,146,145,147,-1,148,149,150,-1,150,149,99,-1,150,99,151,-1,151,99,84,-1,151,84,152,-1,152,84,153,-1,154,155,156,-1,156,155,76,-1,156,76,157,-1,157,76,94,-1,157,94,158,-1,158,94,159,-1,160,161,162,-1,162,161,2,-1,162,2,163,-1,163,2,30,-1,163,30,164,-1,164,30,165,-1,166,167,168,-1,168,167,43,-1,168,43,169,-1,169,43,46,-1,169,46,170,-1,170,46,171,-1,172,173,174,-1,174,173,95,-1,174,95,175,-1,175,95,97,-1,175,97,176,-1,176,97,177,-1,178,179,180,-1,180,179,89,-1,180,89,181,-1,181,89,79,-1,181,79,182,-1,182,79,183,-1,184,185,186,-1,186,185,187,-1,
        ]
    }
}
Shape{
    appearance Appearance {
        material  Material 	{
            diffuseColor 0.25098039215686274 0.25098039215686274 0.25098039215686274
            specularColor 0.12549019607843137 0.12549019607843137 0.12549019607843137
            ambientIntensity 0.251
            transparency 0.0
            shininess 0.5
        }
    }
    geometry IndexedFaceSet {
        ccw TRUE
        solid FALSE
        coord DEF co Coordinate {
            point [
                -0.4941 0.689 2.2835, -0.1004 0.689 2.2835, -0.4941 -0.8858 2.2835, -0.1004 -0.8858 2.2835, -0.4941 -0.8858 2.4803, -0.1004 -0.8858 2.4803, -0.4941 0.689 2.4803, -0.1004 0.689 2.4803, -0.4941 0.689 1.4961, -0.1004 0.689 1.4961, -0.4941 -0.8858 1.4961, -0.1004 -0.8858 1.4961, -0.4941 -0.8858 1.6929, -0.1004 -0.8858 1.6929, -0.4941 0.689 1.6929, -0.1004 0.689 1.6929
            ]
        }
        coordIndex [
            0,1,2,-1,2,1,3,-1,4,5,6,-1,6,5,7,-1,8,9,10,-1,10,9,11,-1,12,13,14,-1,14,13,15,-1,
        ]
    }
}
Shape{
    appearance Appearance {
        material  Material 	{
            diffuseColor 0.2235294117647059 0.2235294117647059 0.2235294117647059
            specularColor 0.11372549019607843 0.11372549019607843 0.11372549019607843
            ambientIntensity 0.2235
            transparency 0.0
            shininess 0.5
        }
    }
    geometry IndexedFaceSet {
        ccw TRUE
        solid FALSE
        coord DEF co Coordinate {
            point [
                -0.1004 0.689 0.3937, -0.1004 -0.8858 0.3937, -0.1004 0.689 1.4961, -0.1004 -0.8858 1.4961, -0.1004 -0.8858 2.2835, -0.1004 0.689 2.2835, -0.1004 -0.8858 1.6929, -0.1004 0.689 1.6929, -1.2815 -0.8858 0.3937, -1.2815 0.689 0.3937, -1.2815 -0.8858 1.4961, -1.2815 0.689 1.4961, -1.2815 0.689 2.2835, -1.2815 -0.8858 2.2835, -1.2815 0.689 1.6929, -1.2815 -0.8858 1.6929, -0.1004 -0.8858 3.2677, -0.1004 0.689 3.2677, -0.1004 -0.8858 2.4803, -0.1004 0.689 2.4803, -1.2815 0.689 3.2677, -1.2815 -0.8858 3.2677, -1.2815 0.689 2.4803, -1.2815 -0.8858 2.4803, -0.1004 -0.8858 4.0551, -0.1004 0.689 4.0551, -0.1004 -0.8858 3.4646, -0.1004 0.689 3.4646, -1.2815 0.689 4.0551, -1.2815 -0.8858 4.0551, -1.2815 0.689 3.4646, -1.2815 -0.8858 3.4646, 0.8839 -0.8858 0.1969, 1.0807 -0.8858 0.1969, 0.8839 0.689 0.1969, 1.0807 0.689 0.1969
            ]
        }
        coordIndex [
            0,1,2,-1,2,1,3,-1,4,5,6,-1,6,5,7,-1,8,9,10,-1,10,9,11,-1,12,13,14,-1,14,13,15,-1,16,17,18,-1,18,17,19,-1,20,21,22,-1,22,21,23,-1,24,25,26,-1,26,25,27,-1,28,29,30,-1,30,29,31,-1,31,29,26,-1,26,29,24,-1,32,33,34,-1,34,33,35,-1,
        ]
    }
}
Shape{
    appearance Appearance {
        material  Material 	{
            diffuseColor 0.25098039215686274 0.25098039215686274 0.25098039215686274
            specularColor 0.12549019607843137 0.12549019607843137 0.12549019607843137
            ambientIntensity 0.251
            transparency 0.0
            shininess 0.5
        }
    }
    geometry IndexedFaceSet {
        ccw TRUE
        solid FALSE
        coord DEF co Coordinate {
            point [
                0.8839 0.689 2.2835, 1.2776 0.689 2.2835, 0.8839 -0.8858 2.2835, 1.2776 -0.8858 2.2835, 0.8839 -0.8858 2.4803, 1.2776 -0.8858 2.4803, 0.8839 0.689 2.4803, 1.2776 0.689 2.4803, 0.8839 0.689 1.4961, 1.2776 0.689 1.4961, 0.8839 -0.8858 1.4961, 1.2776 -0.8858 1.4961, 0.8839 -0.8858 1.6929, 1.2776 -0.8858 1.6929, 0.8839 0.689 1.6929, 1.2776 0.689 1.6929
            ]
        }
        coordIndex [
            0,1,2,-1,2,1,3,-1,4,5,6,-1,6,5,7,-1,8,9,10,-1,10,9,11,-1,12,13,14,-1,14,13,15,-1,
        ]
    }
}
Shape{
    appearance Appearance {
        material  Material 	{
            diffuseColor 0.2235294117647059 0.2235294117647059 0.2235294117647059
            specularColor 0.11372549019607843 0.11372549019607843 0.11372549019607843
            ambientIntensity 0.2235
            transparency 0.0
            shininess 0.5
        }
    }
    geometry IndexedFaceSet {
        ccw TRUE
        solid FALSE
        coord DEF co Coordinate {
            point [
                1.2776 0.689 0.3937, 1.2776 -0.8858 0.3937, 1.2776 0.689 1.4961, 1.2776 -0.8858 1.4961, 1.2776 -0.8858 2.2835, 1.2776 0.689 2.2835, 1.2776 -0.8858 1.6929, 1.2776 0.689 1.6929, 0.0965 -0.8858 0.3937, 0.0965 0.689 0.3937, 0.0965 -0.8858 1.4961, 0.0965 0.689 1.4961, 0.0965 0.689 2.2835, 0.0965 -0.8858 2.2835, 0.0965 0.689 1.6929, 0.0965 -0.8858 1.6929, 1.2776 -0.8858 3.2677, 1.2776 0.689 3.2677, 1.2776 -0.8858 2.4803, 1.2776 0.689 2.4803, 0.0965 0.689 3.2677, 0.0965 -0.8858 3.2677, 0.0965 0.689 2.4803, 0.0965 -0.8858 2.4803, 1.2776 -0.8858 4.0551, 1.2776 0.689 4.0551, 1.2776 -0.8858 3.4646, 1.2776 0.689 3.4646, 0.0965 0.689 4.0551, 0.0965 -0.8858 4.0551, 0.0965 0.689 3.4646, 0.0965 -0.8858 3.4646, -1.1831 0.689 0.0394, -1.1831 0.689 0.0, -1.5374 0.689 0.0, -0.1004 0.689 1.4961, 0.1949 0.689 0.0, -0.1988 0.689 0.0, -0.1988 0.689 0.0394, 0.1949 0.689 0.0394, -0.1004 0.689 2.2835, -0.4941 0.689 2.2835, -0.4941 0.689 2.4803, -0.4941 0.689 0.0394, -0.4941 0.689 0.1969, -0.2972 0.689 0.1969, -0.2463 0.689 0.2036, -0.1988 0.689 0.2232, -0.1581 0.689 0.2545, 0.4902 0.689 2.4803, 0.4902 0.689 2.2835, 0.4902 0.689 1.6929, 0.4902 0.689 1.4961, 0.1541 0.689 0.2545, 0.1949 0.689 0.2232, -0.1004 0.689 2.4803, -0.1004 0.689 3.2677, -1.5374 0.689 4.252, -1.2815 0.689 2.4803, -1.2815 0.689 3.2677, -0.1268 0.689 0.2953, -0.1071 0.689 0.3428, 0.1228 0.689 0.2953, 0.4902 0.689 0.1969, 0.4902 0.689 0.0394, 0.2933 0.689 0.1969, 0.2424 0.689 0.2036, 1.5335 0.689 0.0, 1.1791 0.689 0.0, 1.1791 0.689 0.0394, 0.8839 0.689 1.4961, 0.8839 0.689 1.6929, 0.8839 0.689 0.0394, 0.8839 0.689 0.1969, 1.0807 0.689 0.1969, 1.1317 0.689 0.2036, 1.1791 0.689 0.2232, 1.2199 0.689 0.2545, 1.2512 0.689 0.2953, 1.2709 0.689 0.3428, -0.1004 0.689 3.4646, -0.1004 0.689 4.0551, 1.5335 0.689 3.7274, 1.5335 0.689 3.8902, 1.5335 0.689 4.252, -1.2815 0.689 1.6929, -0.8878 0.689 1.6929, -0.8878 0.689 1.4961, -0.1004 0.689 0.3937, 0.1032 0.689 0.3428, 1.5335 0.689 3.6804, 1.5335 0.689 3.4733, 1.5335 0.689 3.4099, -1.2238 0.689 0.2545, -1.1831 0.689 0.2232, -0.1004 0.689 1.6929, -0.4941 0.689 1.6929, -0.4941 0.689 1.4961, 0.8839 0.689 2.2835, 0.8839 0.689 2.4803, -1.2815 0.689 3.4646, -1.2815 0.689 4.0551, -1.2815 0.689 1.4961, -1.2815 0.689 0.3937, -1.2748 0.689 0.3428, -1.2551 0.689 0.2953, -1.2815 0.689 2.2835, -0.8878 0.689 2.2835, -0.8878 0.689 2.4803, -0.8878 0.689 0.1969, -0.8878 0.689 0.0394, -1.0846 0.689 0.1969, -1.1356 0.689 0.2036, 1.5335 -3.7205 4.252, 1.5335 -2.7455 4.252, -1.5374 -3.7205 4.252, 1.5335 -2.5914 4.252, 1.5335 -2.5818 4.252, 1.5335 -2.4759 4.252, 1.5335 -2.4463 4.252, 1.5335 -0.5739 4.252, 1.5335 -2.3731 4.252, 1.5335 -2.3357 4.252, 1.5335 -2.1858 4.252, 1.5335 -2.1352 4.252, 1.5335 -1.9853 4.252, -1.1831 -3.7205 0.0, -1.5374 -3.7205 0.0, 0.0965 -1.752 0.3937, 0.0965 -3.7205 0.3937, 0.1032 -1.752 0.3428, 0.1032 -3.7205 0.3428, 0.1228 -1.752 0.2953, 0.1228 -3.7205 0.2953, 0.1541 -1.752 0.2545, 0.1541 -3.7205 0.2545, 0.1949 -1.752 0.2232, 0.1949 -3.7205 0.2232, 0.2424 -1.752 0.2036, 0.2424 -3.7205 0.2036, 0.2933 -1.752 0.1969, 0.2933 -3.7205 0.1969, 0.0965 -1.752 4.0551, 1.2776 -1.752 4.0551, 0.0965 -3.7205 4.0551, 1.2776 -3.7205 4.0551, 1.0807 -1.752 0.1969, 1.0807 -3.7205 0.1969, 1.1317 -1.752 0.2036, 1.1317 -3.7205 0.2036, 1.1791 -1.752 0.2232, 1.1791 -3.7205 0.2232, 1.2199 -1.752 0.2545, 1.2199 -3.7205 0.2545, 1.2512 -1.752 0.2953, 1.2512 -3.7205 0.2953, 1.2709 -1.752 0.3428, 1.2709 -3.7205 0.3428, 1.2776 -1.752 0.3937, 1.2776 -3.7205 0.3937, 0.2933 -0.8858 0.1969, 0.2424 -0.8858 0.2036, 0.1949 -0.8858 0.2232, 0.1541 -0.8858 0.2545, 0.1228 -0.8858 0.2953, 0.1032 -0.8858 0.3428, 0.4902 -0.8858 0.1969, 1.2709 -0.8858 0.3428, 1.2512 -0.8858 0.2953, 1.2199 -0.8858 0.2545, 1.1791 -0.8858 0.2232, 1.1317 -0.8858 0.2036, 1.0807 -0.8858 0.1969
            ]
        }
        coordIndex [
            0,1,2,-1,2,1,3,-1,4,5,6,-1,6,5,7,-1,8,9,10,-1,10,9,11,-1,12,13,14,-1,14,13,15,-1,16,17,18,-1,18,17,19,-1,20,21,22,-1,22,21,23,-1,24,25,26,-1,26,25,27,-1,28,29,30,-1,30,29,31,-1,31,29,26,-1,26,29,24,-1,32,33,34,-1,35,20,22,-1,36,37,38,-1,36,38,39,-1,40,41,42,-1,43,44,38,-1,38,44,45,-1,45,46,38,-1,38,46,47,-1,38,47,48,-1,49,50,22,-1,22,50,12,-1,22,12,35,-1,51,52,14,-1,14,52,11,-1,53,54,39,-1,20,55,56,-1,34,57,58,-1,58,57,59,-1,48,60,38,-1,38,60,61,-1,38,61,39,-1,39,61,62,-1,39,62,53,-1,63,64,65,-1,65,64,39,-1,65,39,66,-1,66,39,54,-1,67,68,69,-1,70,71,2,-1,2,71,7,-1,72,73,69,-1,69,73,74,-1,74,75,69,-1,69,75,76,-1,69,76,77,-1,77,78,69,-1,69,78,79,-1,69,79,67,-1,30,80,28,-1,28,80,81,-1,82,27,83,-1,83,27,25,-1,83,25,84,-1,84,25,28,-1,84,28,57,-1,57,28,81,-1,85,86,87,-1,12,14,35,-1,35,14,11,-1,35,11,88,-1,88,11,9,-1,88,9,61,-1,61,9,89,-1,61,89,62,-1,82,90,27,-1,27,90,91,-1,27,91,92,-1,93,94,32,-1,42,55,40,-1,40,55,20,-1,40,20,95,-1,95,20,35,-1,95,35,96,-1,96,35,97,-1,79,0,67,-1,67,0,2,-1,67,2,92,-1,92,2,7,-1,92,7,5,-1,98,99,5,-1,5,99,19,-1,5,19,92,-1,92,19,17,-1,92,17,27,-1,27,17,20,-1,27,20,30,-1,30,20,56,-1,30,56,80,-1,80,56,59,-1,80,59,100,-1,100,59,57,-1,100,57,101,-1,101,57,81,-1,102,103,34,-1,34,103,104,-1,34,104,32,-1,32,104,105,-1,32,105,93,-1,87,102,85,-1,85,102,34,-1,85,34,106,-1,106,34,58,-1,106,58,107,-1,107,58,108,-1,109,110,111,-1,111,110,32,-1,111,32,112,-1,112,32,94,-1,113,114,115,-1,115,114,116,-1,116,117,115,-1,115,117,118,-1,115,118,119,-1,84,57,120,-1,120,57,115,-1,119,121,115,-1,115,121,122,-1,115,122,123,-1,123,124,115,-1,115,124,125,-1,115,125,120,-1,126,127,33,-1,33,127,34,-1,128,129,130,-1,130,129,131,-1,130,131,132,-1,132,131,133,-1,132,133,134,-1,134,133,135,-1,134,135,136,-1,136,135,137,-1,136,137,138,-1,138,137,139,-1,138,139,140,-1,140,139,141,-1,142,143,144,-1,144,143,145,-1,146,147,148,-1,148,147,149,-1,148,149,150,-1,150,149,151,-1,150,151,152,-1,152,151,153,-1,152,153,154,-1,154,153,155,-1,154,155,156,-1,156,155,157,-1,156,157,158,-1,158,157,159,-1,146,140,147,-1,147,140,141,-1,160,65,161,-1,161,65,66,-1,161,66,162,-1,162,66,54,-1,162,54,163,-1,163,54,53,-1,163,53,164,-1,164,53,62,-1,164,62,165,-1,165,62,89,-1,165,89,8,-1,8,89,9,-1,63,65,166,-1,166,65,160,-1,1,0,167,-1,167,0,79,-1,167,79,168,-1,168,79,78,-1,168,78,169,-1,169,78,77,-1,169,77,170,-1,170,77,76,-1,170,76,171,-1,171,76,75,-1,171,75,172,-1,172,75,74,-1,24,29,25,-1,25,29,28,-1,
        ]
    }
}
Shape{
    appearance Appearance {
        material  Material 	{
            diffuseColor 0.25098039215686274 0.25098039215686274 0.25098039215686274
            specularColor 0.12549019607843137 0.12549019607843137 0.12549019607843137
            ambientIntensity 0.251
            transparency 0.0
            shininess 0.5
        }
    }
    geometry IndexedFaceSet {
        ccw TRUE
        solid FALSE
        coord DEF co Coordinate {
            point [
                0.5295 -0.8858 3.2677, 0.0965 -0.8858 3.2677, 0.5295 0.3856 3.2677, 0.0965 0.689 3.2677, 0.8445 0.3856 3.2677, 1.2776 0.689 3.2677, 0.8445 -0.8858 3.2677, 1.2776 -0.8858 3.2677, 1.2776 0.689 3.4646, 0.0965 0.689 3.4646, 1.2776 -0.8858 3.4646, 0.0965 -0.8858 3.4646, 0.4902 -0.8858 2.2835, 0.0965 -0.8858 2.2835, 0.4902 0.689 2.2835, 0.0965 0.689 2.2835, 0.4902 0.689 2.4803, 0.0965 0.689 2.4803, 0.4902 -0.8858 2.4803, 0.0965 -0.8858 2.4803, 0.4902 -0.8858 1.4961, 0.0965 -0.8858 1.4961, 0.4902 0.689 1.4961, 0.0965 0.689 1.4961, 0.4902 0.689 1.6929, 0.0965 0.689 1.6929, 0.4902 -0.8858 1.6929, 0.0965 -0.8858 1.6929, 0.8839 0.689 1.6929, 0.8839 0.689 1.4961, 0.8839 -0.8858 1.6929, 0.8839 -0.8858 1.4961, 0.8839 0.689 2.4803, 0.8839 0.689 2.2835, 0.8839 -0.8858 2.4803, 0.8839 -0.8858 2.2835
            ]
        }
        coordIndex [
            0,1,2,-1,2,1,3,-1,2,3,4,-1,4,3,5,-1,4,5,6,-1,6,5,7,-1,8,9,10,-1,10,9,11,-1,12,13,14,-1,14,13,15,-1,16,17,18,-1,18,17,19,-1,20,21,22,-1,22,21,23,-1,24,25,26,-1,26,25,27,-1,26,20,24,-1,24,20,22,-1,28,29,30,-1,30,29,31,-1,18,12,16,-1,16,12,14,-1,32,33,34,-1,34,33,35,-1,
        ]
    }
}
Shape{
    appearance Appearance {
        material  Material 	{
            diffuseColor 0.2235294117647059 0.2235294117647059 0.2235294117647059
            specularColor 0.11372549019607843 0.11372549019607843 0.11372549019607843
            ambientIntensity 0.2235
            transparency 0.0
            shininess 0.5
        }
    }
    geometry IndexedFaceSet {
        ccw TRUE
        solid FALSE
        coord DEF co Coordinate {
            point [
                -1.2815 -1.752 0.3937, -1.2815 -3.7205 0.3937, -1.2748 -1.752 0.3428, -1.2748 -3.7205 0.3428, -1.2551 -1.752 0.2953, -1.2551 -3.7205 0.2953, -1.2238 -1.752 0.2545, -1.2238 -3.7205 0.2545, -1.1831 -1.752 0.2232, -1.1831 -3.7205 0.2232, -1.1356 -1.752 0.2036, -1.1356 -3.7205 0.2036, -1.0846 -1.752 0.1969, -1.0846 -3.7205 0.1969, -1.2815 -1.752 4.0551, -0.1004 -1.752 4.0551, -1.2815 -3.7205 4.0551, -0.1004 -3.7205 4.0551, -0.2972 -1.752 0.1969, -0.2972 -3.7205 0.1969, -0.2463 -1.752 0.2036, -0.2463 -3.7205 0.2036, -0.1988 -1.752 0.2232, -0.1988 -3.7205 0.2232, -0.1581 -1.752 0.2545, -0.1581 -3.7205 0.2545, -0.1268 -1.752 0.2953, -0.1268 -3.7205 0.2953, -0.1071 -1.752 0.3428, -0.1071 -3.7205 0.3428, -0.1004 -1.752 0.3937, -0.1004 -3.7205 0.3937, -1.0846 -0.8858 0.1969, -1.0846 0.689 0.1969, -1.1356 -0.8858 0.2036, -1.1356 0.689 0.2036, -1.1831 -0.8858 0.2232, -1.1831 0.689 0.2232, -1.2238 -0.8858 0.2545, -1.2238 0.689 0.2545, -1.2551 -0.8858 0.2953, -1.2551 0.689 0.2953, -1.2748 -0.8858 0.3428, -1.2748 0.689 0.3428, -1.2815 -0.8858 0.3937, -1.2815 0.689 0.3937, -0.8878 0.689 0.1969, -0.8878 -0.8858 0.1969, -0.1004 -0.8858 0.3937, -0.1004 0.689 0.3937, -0.1071 -0.8858 0.3428, -0.1071 0.689 0.3428, -0.1268 -0.8858 0.2953, -0.1268 0.689 0.2953, -0.1581 -0.8858 0.2545, -0.1581 0.689 0.2545, -0.1988 -0.8858 0.2232, -0.1988 0.689 0.2232, -0.2463 -0.8858 0.2036, -0.2463 0.689 0.2036, -0.2972 -0.8858 0.1969, -0.2972 0.689 0.1969, -0.1004 -0.8858 4.0551, -1.2815 -0.8858 4.0551, -0.1004 0.689 4.0551, -1.2815 0.689 4.0551
            ]
        }
        coordIndex [
            0,1,2,-1,2,1,3,-1,2,3,4,-1,4,3,5,-1,4,5,6,-1,6,5,7,-1,6,7,8,-1,8,7,9,-1,8,9,10,-1,10,9,11,-1,10,11,12,-1,12,11,13,-1,14,15,16,-1,16,15,17,-1,18,19,20,-1,20,19,21,-1,20,21,22,-1,22,21,23,-1,22,23,24,-1,24,23,25,-1,24,25,26,-1,26,25,27,-1,26,27,28,-1,28,27,29,-1,28,29,30,-1,30,29,31,-1,18,12,19,-1,19,12,13,-1,32,33,34,-1,34,33,35,-1,34,35,36,-1,36,35,37,-1,36,37,38,-1,38,37,39,-1,38,39,40,-1,40,39,41,-1,40,41,42,-1,42,41,43,-1,42,43,44,-1,44,43,45,-1,46,33,47,-1,47,33,32,-1,48,49,50,-1,50,49,51,-1,50,51,52,-1,52,51,53,-1,52,53,54,-1,54,53,55,-1,54,55,56,-1,56,55,57,-1,56,57,58,-1,58,57,59,-1,58,59,60,-1,60,59,61,-1,62,63,64,-1,64,63,65,-1,
        ]
    }
}
Shape{
    appearance Appearance {
        material  Material 	{
            diffuseColor 0.25098039215686274 0.25098039215686274 0.25098039215686274
            specularColor 0.12549019607843137 0.12549019607843137 0.12549019607843137
            ambientIntensity 0.251
            transparency 0.0
            shininess 0.5
        }
    }
    geometry IndexedFaceSet {
        ccw TRUE
        solid FALSE
        coord DEF co Coordinate {
            point [
                -0.8484 -0.8858 3.2677, -1.2815 -0.8858 3.2677, -0.8484 0.3856 3.2677, -1.2815 0.689 3.2677, -0.5335 0.3856 3.2677, -0.1004 0.689 3.2677, -0.5335 -0.8858 3.2677, -0.1004 -0.8858 3.2677, -0.1004 0.689 3.4646, -1.2815 0.689 3.4646, -0.1004 -0.8858 3.4646, -1.2815 -0.8858 3.4646, -0.8878 -0.8858 2.2835, -1.2815 -0.8858 2.2835, -0.8878 0.689 2.2835, -1.2815 0.689 2.2835, -0.8878 0.689 2.4803, -1.2815 0.689 2.4803, -0.8878 -0.8858 2.4803, -1.2815 -0.8858 2.4803, -0.8878 -0.8858 1.4961, -1.2815 -0.8858 1.4961, -0.8878 0.689 1.4961, -1.2815 0.689 1.4961, -0.8878 0.689 1.6929, -1.2815 0.689 1.6929, -0.8878 -0.8858 1.6929, -1.2815 -0.8858 1.6929, -0.4941 0.689 1.6929, -0.4941 0.689 1.4961, -0.4941 -0.8858 1.6929, -0.4941 -0.8858 1.4961, -0.4941 0.689 2.4803, -0.4941 0.689 2.2835, -0.4941 -0.8858 2.4803, -0.4941 -0.8858 2.2835
            ]
        }
        coordIndex [
            0,1,2,-1,2,1,3,-1,2,3,4,-1,4,3,5,-1,4,5,6,-1,6,5,7,-1,8,9,10,-1,10,9,11,-1,12,13,14,-1,14,13,15,-1,16,17,18,-1,18,17,19,-1,20,21,22,-1,22,21,23,-1,24,25,26,-1,26,25,27,-1,26,20,24,-1,24,20,22,-1,28,29,30,-1,30,29,31,-1,18,12,16,-1,16,12,14,-1,32,33,34,-1,34,33,35,-1,
        ]
    }
}
Shape{
    appearance Appearance {
        material  Material 	{
            diffuseColor 0.2235294117647059 0.2235294117647059 0.2235294117647059
            specularColor 0.11372549019607843 0.11372549019607843 0.11372549019607843
            ambientIntensity 0.2235
            transparency 0.0
            shininess 0.5
        }
    }
    geometry IndexedFaceSet {
        ccw TRUE
        solid FALSE
        coord DEF co Coordinate {
            point [
                -0.1004 -1.752 2.185, -0.5138 -1.752 2.185, -0.1004 -3.7205 2.185, -0.5138 -3.7205 2.185, -0.1004 -3.7205 1.7717, -0.1004 -1.752 1.7717, 0.0965 -1.752 1.7717, 0.5098 -1.752 2.185, 0.0965 -3.7205 1.7717, 0.5098 -3.7205 2.185, 0.0965 -3.7205 2.185, 0.0965 -1.752 2.185, -1.2815 -3.7205 2.185, -0.8681 -3.7205 2.185, -1.2815 -1.752 2.185, -0.8681 -1.752 2.185, -1.2815 -1.752 1.7717, -1.2815 -3.7205 1.7717, 1.2776 -1.752 2.185, 0.8642 -1.752 2.185, 1.2776 -3.7205 2.185, 0.8642 -3.7205 2.185, 1.2776 -3.7205 1.7717, 1.2776 -1.752 1.7717
            ]
        }
        coordIndex [
            0,1,2,-1,2,1,3,-1,4,3,5,-1,5,3,1,-1,6,7,8,-1,8,7,9,-1,10,9,11,-1,11,9,7,-1,12,13,14,-1,14,13,15,-1,16,15,17,-1,17,15,13,-1,18,19,20,-1,20,19,21,-1,22,21,23,-1,23,21,19,-1,
        ]
    }
}
Shape{
    appearance Appearance {
        material  Material 	{
            diffuseColor 0.25098039215686274 0.25098039215686274 0.25098039215686274
            specularColor 0.12549019607843137 0.12549019607843137 0.12549019607843137
            ambientIntensity 0.251
            transparency 0.0
            shininess 0.5
        }
    }
    geometry IndexedFaceSet {
        ccw TRUE
        solid FALSE
        coord DEF co Coordinate {
            point [
                0.687 -1.752 0.6299, 0.5953 -1.9882 0.642, 0.5953 -1.752 0.642, 0.5098 -1.9882 0.6774, 0.5098 -1.752 0.6774, 0.4365 -1.9882 0.7337, 0.4365 -1.752 0.7337, 0.3801 -1.9882 0.8071, 0.3801 -1.752 0.8071, 0.3448 -1.9882 0.8925, 0.3448 -1.752 0.8925, 0.3327 -1.9882 0.9843, 0.3327 -1.752 0.9843, 0.3448 -1.9882 1.076, 0.3448 -1.752 1.076, 0.3801 -1.9882 1.1614, 0.3801 -1.752 1.1614, 0.4365 -1.9882 1.2348, 0.4365 -1.752 1.2348, 0.5098 -1.9882 1.2911, 0.5098 -1.752 1.2911, 0.5953 -1.9882 1.3265, 0.5953 -1.752 1.3265, 0.687 -1.9882 1.3386, 0.687 -1.752 1.3386, 0.7787 -1.9882 1.3265, 0.7787 -1.752 1.3265, 0.8642 -1.9882 1.2911, 0.8642 -1.752 1.2911, 0.9376 -1.9882 1.2348, 0.9376 -1.752 1.2348, 0.9939 -1.9882 1.1614, 0.9939 -1.752 1.1614, 1.0293 -1.9882 1.076, 1.0293 -1.752 1.076, 1.0413 -1.9882 0.9843, 1.0413 -1.752 0.9843, 1.0293 -1.9882 0.8925, 1.0293 -1.752 0.8925, 0.9939 -1.9882 0.8071, 0.9939 -1.752 0.8071, 0.9376 -1.9882 0.7337, 0.9376 -1.752 0.7337, 0.8642 -1.9882 0.6774, 0.8642 -1.752 0.6774, 0.7787 -1.9882 0.642, 0.7787 -1.752 0.642, 0.687 -1.9882 0.6299, 0.8445 -1.9882 0.9035, 0.5295 -1.9882 1.2185, 0.8445 -1.9882 1.2185, 0.5295 -1.9882 0.9035, 0.687 -1.752 2.9134, 0.5953 -1.9882 2.9255, 0.5953 -1.752 2.9255, 0.5098 -1.9882 2.9609, 0.5098 -1.752 2.9609, 0.4365 -1.9882 3.0172, 0.4365 -1.752 3.0172, 0.3801 -1.9882 3.0906, 0.3801 -1.752 3.0906, 0.3448 -1.9882 3.176, 0.3448 -1.752 3.176, 0.3327 -1.9882 3.2677, 0.3327 -1.752 3.2677, 0.3448 -1.9882 3.3594, 0.3448 -1.752 3.3594, 0.3801 -1.9882 3.4449, 0.3801 -1.752 3.4449, 0.4365 -1.9882 3.5183, 0.4365 -1.752 3.5183, 0.5098 -1.9882 3.5746, 0.5098 -1.752 3.5746, 0.5953 -1.9882 3.61, 0.5953 -1.752 3.61, 0.687 -1.9882 3.622, 0.687 -1.752 3.622, 0.7787 -1.9882 3.61, 0.7787 -1.752 3.61, 0.8642 -1.9882 3.5746, 0.8642 -1.752 3.5746, 0.9376 -1.9882 3.5183, 0.9376 -1.752 3.5183, 0.9939 -1.9882 3.4449, 0.9939 -1.752 3.4449, 1.0293 -1.9882 3.3594, 1.0293 -1.752 3.3594, 1.0413 -1.9882 3.2677, 1.0413 -1.752 3.2677, 1.0293 -1.9882 3.176, 1.0293 -1.752 3.176, 0.9939 -1.9882 3.0906, 0.9939 -1.752 3.0906, 0.9376 -1.9882 3.0172, 0.9376 -1.752 3.0172, 0.8642 -1.9882 2.9609, 0.8642 -1.752 2.9609, 0.7787 -1.9882 2.9255, 0.7787 -1.752 2.9255, 0.687 -1.9882 2.9134, 0.8445 -1.9882 3.3484, 0.8445 -1.9882 3.0335, 0.5295 -1.9882 3.3484, 0.5295 -1.9882 3.0335, -0.6909 -1.752 0.6299, -0.7827 -1.9882 0.642, -0.7827 -1.752 0.642, -0.8681 -1.9882 0.6774, -0.8681 -1.752 0.6774, -0.9415 -1.9882 0.7337, -0.9415 -1.752 0.7337, -0.9978 -1.9882 0.8071, -0.9978 -1.752 0.8071, -1.0332 -1.9882 0.8925, -1.0332 -1.752 0.8925, -1.0453 -1.9882 0.9843, -1.0453 -1.752 0.9843, -1.0332 -1.9882 1.076, -1.0332 -1.752 1.076, -0.9978 -1.9882 1.1614, -0.9978 -1.752 1.1614, -0.9415 -1.9882 1.2348, -0.9415 -1.752 1.2348, -0.8681 -1.9882 1.2911, -0.8681 -1.752 1.2911, -0.7827 -1.9882 1.3265, -0.7827 -1.752 1.3265, -0.6909 -1.9882 1.3386, -0.6909 -1.752 1.3386, -0.5992 -1.9882 1.3265, -0.5992 -1.752 1.3265, -0.5138 -1.9882 1.2911, -0.5138 -1.752 1.2911, -0.4404 -1.9882 1.2348, -0.4404 -1.752 1.2348, -0.3841 -1.9882 1.1614, -0.3841 -1.752 1.1614, -0.3487 -1.9882 1.076, -0.3487 -1.752 1.076, -0.3366 -1.9882 0.9843, -0.3366 -1.752 0.9843, -0.3487 -1.9882 0.8925, -0.3487 -1.752 0.8925, -0.3841 -1.9882 0.8071, -0.3841 -1.752 0.8071, -0.4404 -1.9882 0.7337, -0.4404 -1.752 0.7337, -0.5138 -1.9882 0.6774, -0.5138 -1.752 0.6774, -0.5992 -1.9882 0.642, -0.5992 -1.752 0.642, -0.6909 -1.9882 0.6299, -0.5335 -1.9882 1.2185, -0.5335 -1.9882 0.9035, -0.8484 -1.9882 1.2185, -0.8484 -1.9882 0.9035, -0.6909 -1.752 2.9134, -0.7827 -1.9882 2.9255, -0.7827 -1.752 2.9255, -0.8681 -1.9882 2.9609, -0.8681 -1.752 2.9609, -0.9415 -1.9882 3.0172, -0.9415 -1.752 3.0172, -0.9978 -1.9882 3.0906, -0.9978 -1.752 3.0906, -1.0332 -1.9882 3.176, -1.0332 -1.752 3.176, -1.0453 -1.9882 3.2677, -1.0453 -1.752 3.2677, -1.0332 -1.9882 3.3594, -1.0332 -1.752 3.3594, -0.9978 -1.9882 3.4449, -0.9978 -1.752 3.4449, -0.9415 -1.9882 3.5183, -0.9415 -1.752 3.5183, -0.8681 -1.9882 3.5746, -0.8681 -1.752 3.5746, -0.7827 -1.9882 3.61, -0.7827 -1.752 3.61, -0.6909 -1.9882 3.622, -0.6909 -1.752 3.622, -0.5992 -1.9882 3.61, -0.5992 -1.752 3.61, -0.5138 -1.9882 3.5746, -0.5138 -1.752 3.5746, -0.4404 -1.9882 3.5183, -0.4404 -1.752 3.5183, -0.3841 -1.9882 3.4449, -0.3841 -1.752 3.4449, -0.3487 -1.9882 3.3594, -0.3487 -1.752 3.3594, -0.3366 -1.9882 3.2677, -0.3366 -1.752 3.2677, -0.3487 -1.9882 3.176, -0.3487 -1.752 3.176, -0.3841 -1.9882 3.0906, -0.3841 -1.752 3.0906, -0.4404 -1.9882 3.0172, -0.4404 -1.752 3.0172, -0.5138 -1.9882 2.9609, -0.5138 -1.752 2.9609, -0.5992 -1.9882 2.9255, -0.5992 -1.752 2.9255, -0.6909 -1.9882 2.9134, -0.5335 -1.9882 3.0335, -0.8484 -1.9882 3.0335, -0.5335 -1.9882 3.3484, -0.8484 -1.9882 3.3484
            ]
        }
        coordIndex [
            0,1,2,-1,2,1,3,-1,2,3,4,-1,4,3,5,-1,4,5,6,-1,6,5,7,-1,6,7,8,-1,8,7,9,-1,8,9,10,-1,10,9,11,-1,10,11,12,-1,12,11,13,-1,12,13,14,-1,14,13,15,-1,14,15,16,-1,16,15,17,-1,16,17,18,-1,18,17,19,-1,18,19,20,-1,20,19,21,-1,20,21,22,-1,22,21,23,-1,22,23,24,-1,24,23,25,-1,24,25,26,-1,26,25,27,-1,26,27,28,-1,28,27,29,-1,28,29,30,-1,30,29,31,-1,30,31,32,-1,32,31,33,-1,32,33,34,-1,34,33,35,-1,34,35,36,-1,36,35,37,-1,36,37,38,-1,38,37,39,-1,38,39,40,-1,40,39,41,-1,40,41,42,-1,42,41,43,-1,42,43,44,-1,44,43,45,-1,44,45,46,-1,46,45,47,-1,46,47,0,-1,0,47,1,-1,41,39,48,-1,39,37,48,-1,48,37,35,-1,48,35,33,-1,21,49,23,-1,23,49,50,-1,23,50,25,-1,33,31,48,-1,48,31,29,-1,48,29,50,-1,50,29,27,-1,50,27,25,-1,21,19,49,-1,49,19,17,-1,49,17,51,-1,51,17,15,-1,51,15,13,-1,7,5,51,-1,51,5,3,-1,51,3,1,-1,1,47,51,-1,51,47,45,-1,51,45,48,-1,48,45,43,-1,48,43,41,-1,13,11,51,-1,51,11,9,-1,51,9,7,-1,52,53,54,-1,54,53,55,-1,54,55,56,-1,56,55,57,-1,56,57,58,-1,58,57,59,-1,58,59,60,-1,60,59,61,-1,60,61,62,-1,62,61,63,-1,62,63,64,-1,64,63,65,-1,64,65,66,-1,66,65,67,-1,66,67,68,-1,68,67,69,-1,68,69,70,-1,70,69,71,-1,70,71,72,-1,72,71,73,-1,72,73,74,-1,74,73,75,-1,74,75,76,-1,76,75,77,-1,76,77,78,-1,78,77,79,-1,78,79,80,-1,80,79,81,-1,80,81,82,-1,82,81,83,-1,82,83,84,-1,84,83,85,-1,84,85,86,-1,86,85,87,-1,86,87,88,-1,88,87,89,-1,88,89,90,-1,90,89,91,-1,90,91,92,-1,92,91,93,-1,92,93,94,-1,94,93,95,-1,94,95,96,-1,96,95,97,-1,96,97,98,-1,98,97,99,-1,98,99,52,-1,52,99,53,-1,100,83,81,-1,97,95,101,-1,101,95,93,-1,101,93,100,-1,100,93,91,-1,100,91,89,-1,73,71,102,-1,89,87,100,-1,100,87,85,-1,100,85,83,-1,97,101,99,-1,99,101,103,-1,99,103,53,-1,65,63,102,-1,102,63,61,-1,81,79,100,-1,100,79,77,-1,100,77,102,-1,102,77,75,-1,102,75,73,-1,71,69,102,-1,102,69,67,-1,102,67,65,-1,61,59,102,-1,102,59,57,-1,102,57,103,-1,103,57,55,-1,103,55,53,-1,104,105,106,-1,106,105,107,-1,106,107,108,-1,108,107,109,-1,108,109,110,-1,110,109,111,-1,110,111,112,-1,112,111,113,-1,112,113,114,-1,114,113,115,-1,114,115,116,-1,116,115,117,-1,116,117,118,-1,118,117,119,-1,118,119,120,-1,120,119,121,-1,120,121,122,-1,122,121,123,-1,122,123,124,-1,124,123,125,-1,124,125,126,-1,126,125,127,-1,126,127,128,-1,128,127,129,-1,128,129,130,-1,130,129,131,-1,130,131,132,-1,132,131,133,-1,132,133,134,-1,134,133,135,-1,134,135,136,-1,136,135,137,-1,136,137,138,-1,138,137,139,-1,138,139,140,-1,140,139,141,-1,140,141,142,-1,142,141,143,-1,142,143,144,-1,144,143,145,-1,144,145,146,-1,146,145,147,-1,146,147,148,-1,148,147,149,-1,148,149,150,-1,150,149,151,-1,150,151,104,-1,104,151,105,-1,152,153,133,-1,145,143,153,-1,153,143,141,-1,153,141,139,-1,133,131,152,-1,152,131,129,-1,152,129,154,-1,154,129,127,-1,154,127,125,-1,139,137,153,-1,153,137,135,-1,153,135,133,-1,111,109,155,-1,155,109,107,-1,155,107,105,-1,117,115,155,-1,155,115,113,-1,155,113,111,-1,105,151,155,-1,155,151,149,-1,155,149,153,-1,153,149,147,-1,153,147,145,-1,125,123,154,-1,154,123,121,-1,154,121,155,-1,155,121,119,-1,155,119,117,-1,156,157,158,-1,158,157,159,-1,158,159,160,-1,160,159,161,-1,160,161,162,-1,162,161,163,-1,162,163,164,-1,164,163,165,-1,164,165,166,-1,166,165,167,-1,166,167,168,-1,168,167,169,-1,168,169,170,-1,170,169,171,-1,170,171,172,-1,172,171,173,-1,172,173,174,-1,174,173,175,-1,174,175,176,-1,176,175,177,-1,176,177,178,-1,178,177,179,-1,178,179,180,-1,180,179,181,-1,180,181,182,-1,182,181,183,-1,182,183,184,-1,184,183,185,-1,184,185,186,-1,186,185,187,-1,186,187,188,-1,188,187,189,-1,188,189,190,-1,190,189,191,-1,190,191,192,-1,192,191,193,-1,192,193,194,-1,194,193,195,-1,194,195,196,-1,196,195,197,-1,196,197,198,-1,198,197,199,-1,198,199,200,-1,200,199,201,-1,200,201,202,-1,202,201,203,-1,202,203,156,-1,156,203,157,-1,204,199,197,-1,157,203,205,-1,206,187,185,-1,204,197,206,-1,206,197,195,-1,206,195,193,-1,205,203,204,-1,204,203,201,-1,204,201,199,-1,207,169,167,-1,207,161,205,-1,205,161,159,-1,205,159,157,-1,177,175,207,-1,193,191,206,-1,206,191,189,-1,206,189,187,-1,167,165,207,-1,207,165,163,-1,207,163,161,-1,185,183,206,-1,206,183,181,-1,206,181,207,-1,207,181,179,-1,207,179,177,-1,175,173,207,-1,207,173,171,-1,207,171,169,-1,
        ]
    }
}
Shape{
    appearance Appearance {
        material  Material 	{
            diffuseColor 0.2235294117647059 0.2235294117647059 0.2235294117647059
            specularColor 0.11372549019607843 0.11372549019607843 0.11372549019607843
            ambientIntensity 0.2235
            transparency 0.0
            shininess 0.5
        }
    }
    geometry IndexedFaceSet {
        ccw TRUE
        solid FALSE
        coord DEF co Coordinate {
            point [
                -1.1831 0.689 0.0394, -0.8878 0.689 0.0394, -0.8878 -0.8858 0.0394, -0.4941 0.689 0.0394, -0.1988 0.689 0.0394, -0.4941 -0.8858 0.0394, -0.1988 -3.7205 0.0394, -1.1831 -3.7205 0.0394, -0.1988 -3.7205 0.0, -0.1988 0.689 0.0, -1.1831 0.689 0.0, -1.1831 -3.7205 0.0, 0.1949 0.689 0.0394, 0.4902 0.689 0.0394, 0.4902 -0.8858 0.0394, 0.8839 0.689 0.0394, 1.1791 0.689 0.0394, 0.8839 -0.8858 0.0394, 1.1791 -3.7205 0.0394, 0.1949 -3.7205 0.0394, 1.1791 -3.7205 0.0, 1.1791 0.689 0.0, 0.1949 0.689 0.0, 0.1949 -3.7205 0.0
            ]
        }
        coordIndex [
            0,1,2,-1,3,4,5,-1,5,4,6,-1,5,6,2,-1,2,6,7,-1,2,7,0,-1,6,4,8,-1,8,4,9,-1,0,7,10,-1,10,7,11,-1,12,13,14,-1,15,16,17,-1,17,16,18,-1,17,18,14,-1,14,18,19,-1,14,19,12,-1,18,16,20,-1,20,16,21,-1,12,19,22,-1,22,19,23,-1,
        ]
    }
}
Shape{
    appearance Appearance {
        material  Material 	{
            diffuseColor 0.7529411764705882 0.7529411764705882 0.7529411764705882
            specularColor 0.3764705882352941 0.3764705882352941 0.3764705882352941
            ambientIntensity 0.7529
            transparency 0.0
            shininess 0.5
        }
    }
    geometry IndexedFaceSet {
        ccw TRUE
        solid FALSE
        coord DEF co Coordinate {
            point [
                -0.6481 -3.1299 1.0182, -0.6481 -3.1299 1.1039, -0.7338 -3.1299 1.0182, -0.7338 -3.1299 1.1039, -0.5335 -2.815 0.9035, -0.5335 -1.9882 0.9035, -0.5335 -2.815 1.2185, -0.5335 -1.9882 1.2185, -0.8484 -2.815 1.2185, -0.8484 -1.9882 1.2185, -0.8484 -2.815 0.9035, -0.8484 -1.9882 0.9035, -0.8484 -0.8858 0.9035, -0.8484 -0.8858 1.2185, -0.8484 -0.8255 0.8946, -0.8484 -0.7439 1.1989, -0.8484 -0.7694 0.8706, -0.8484 -0.6119 1.1433, -0.8484 -0.7213 0.833, -0.8484 -0.4986 1.0557, -0.8484 -0.6845 0.7843, -0.8484 -0.4118 0.9418, -0.8484 -0.6614 0.7278, -0.8484 -0.3572 0.8093, -0.8484 -0.6535 0.6673, -0.8484 -0.3386 0.6673, -0.8484 -0.6535 -0.8661, -0.8484 -0.3386 -0.8661, -0.5335 -0.6535 -0.8661, -0.5335 -0.3386 -0.8661, -0.5335 -0.6535 0.6673, -0.5335 -0.3386 0.6673, -0.5335 -0.6614 0.7278, -0.5335 -0.3572 0.8093, -0.5335 -0.6845 0.7843, -0.5335 -0.4118 0.9418, -0.5335 -0.7213 0.833, -0.5335 -0.4986 1.0557, -0.5335 -0.7694 0.8706, -0.5335 -0.6119 1.1433, -0.5335 -0.8255 0.8946, -0.5335 -0.7439 1.1989, -0.5335 -0.8858 0.9035, -0.5335 -0.8858 1.2185, -0.6481 -0.4532 -1.1811, -0.6481 -0.5389 -1.1811, -0.7338 -0.4532 -1.1811, -0.7338 -0.5389 -1.1811, -0.6481 -3.1299 3.1481, -0.6481 -3.1299 3.2338, -0.7338 -3.1299 3.1481, -0.7338 -3.1299 3.2338, -0.8484 -2.815 3.3484, -0.8484 -1.9882 3.3484, -0.8484 -2.815 3.0335, -0.8484 -1.9882 3.0335, -0.5335 -2.815 3.0335, -0.5335 -1.9882 3.0335, -0.5335 -2.815 3.3484, -0.5335 -1.9882 3.3484, -0.8484 0.3856 3.2677, -0.5335 0.3856 3.2677, -0.5335 0.4952 3.1798, -0.8484 0.4952 3.1798, -0.5335 0.5791 3.067, -0.8484 0.5791 3.067, -0.5335 0.6317 2.9367, -0.8484 0.6317 2.9367, -0.5335 0.6496 2.7972, -0.8484 0.6496 2.7972, -0.8484 0.6496 -0.8661, -0.5335 0.6496 -0.8661, -0.6481 0.535 -1.1811, -0.6481 0.4493 -1.1811, -0.7338 0.535 -1.1811, -0.7338 0.4493 -1.1811, -0.5335 0.3346 -0.8661, -0.5335 0.3346 2.7972, -0.8484 0.3346 -0.8661, -0.8484 0.3346 2.7972, -0.8484 0.3266 2.8584, -0.5335 0.3266 2.8584, -0.8484 0.303 2.9154, -0.5335 0.303 2.9154, -0.8484 0.2655 2.9643, -0.5335 0.2655 2.9643, -0.8484 0.2165 3.0018, -0.5335 0.2165 3.0018, -0.8484 0.1596 3.0254, -0.5335 0.1596 3.0254, -0.8484 0.0984 3.0335, -0.5335 0.0984 3.0335, -0.8484 -0.8858 3.0335, -0.5335 -0.8858 3.0335, -0.8484 -0.8858 3.2677, -0.5335 -0.8858 3.2677, 0.7299 -3.1299 1.0182, 0.7299 -3.1299 1.1039, 0.6442 -3.1299 1.0182, 0.6442 -3.1299 1.1039, 0.8445 -2.815 0.9035, 0.8445 -1.9882 0.9035, 0.8445 -2.815 1.2185, 0.8445 -1.9882 1.2185, 0.5295 -2.815 1.2185, 0.5295 -1.9882 1.2185, 0.5295 -2.815 0.9035, 0.5295 -1.9882 0.9035, 0.5295 -0.8858 0.9035, 0.5295 -0.8858 1.2185, 0.5295 -0.8255 0.8946, 0.5295 -0.7439 1.1989, 0.5295 -0.7694 0.8706, 0.5295 -0.6119 1.1433, 0.5295 -0.7213 0.833, 0.5295 -0.4986 1.0557, 0.5295 -0.6845 0.7843, 0.5295 -0.4118 0.9418, 0.5295 -0.6614 0.7278, 0.5295 -0.3572 0.8093, 0.5295 -0.6535 0.6673, 0.5295 -0.3386 0.6673, 0.5295 -0.6535 -0.8661, 0.5295 -0.3386 -0.8661, 0.8445 -0.6535 -0.8661, 0.8445 -0.3386 -0.8661, 0.8445 -0.6535 0.6673, 0.8445 -0.3386 0.6673, 0.8445 -0.6614 0.7278, 0.8445 -0.3572 0.8093, 0.8445 -0.6845 0.7843, 0.8445 -0.4118 0.9418, 0.8445 -0.7213 0.833, 0.8445 -0.4986 1.0557, 0.8445 -0.7694 0.8706, 0.8445 -0.6119 1.1433, 0.8445 -0.8255 0.8946, 0.8445 -0.7439 1.1989, 0.8445 -0.8858 0.9035, 0.8445 -0.8858 1.2185, 0.7299 -0.4532 -1.1811, 0.7299 -0.5389 -1.1811, 0.6442 -0.4532 -1.1811, 0.6442 -0.5389 -1.1811, 0.7299 -3.1299 3.1481, 0.7299 -3.1299 3.2338, 0.6442 -3.1299 3.1481, 0.6442 -3.1299 3.2338, 0.5295 -2.815 3.3484, 0.5295 -1.9882 3.3484, 0.5295 -2.815 3.0335, 0.5295 -1.9882 3.0335, 0.8445 -2.815 3.0335, 0.8445 -1.9882 3.0335, 0.8445 -2.815 3.3484, 0.8445 -1.9882 3.3484, 0.5295 0.3856 3.2677, 0.8445 0.3856 3.2677, 0.8445 0.4952 3.1798, 0.5295 0.4952 3.1798, 0.8445 0.5791 3.067, 0.5295 0.5791 3.067, 0.8445 0.6317 2.9367, 0.5295 0.6317 2.9367, 0.8445 0.6496 2.7972, 0.5295 0.6496 2.7972, 0.5295 0.6496 -0.8661, 0.8445 0.6496 -0.8661, 0.7299 0.535 -1.1811, 0.7299 0.4493 -1.1811, 0.6442 0.535 -1.1811, 0.6442 0.4493 -1.1811, 0.8445 0.3346 -0.8661, 0.8445 0.3346 2.7972, 0.5295 0.3346 -0.8661, 0.5295 0.3346 2.7972, 0.5295 0.3266 2.8584, 0.8445 0.3266 2.8584, 0.5295 0.303 2.9154, 0.8445 0.303 2.9154, 0.5295 0.2655 2.9643, 0.8445 0.2655 2.9643, 0.5295 0.2165 3.0018, 0.8445 0.2165 3.0018, 0.5295 0.1596 3.0254, 0.8445 0.1596 3.0254, 0.5295 0.0984 3.0335, 0.8445 0.0984 3.0335, 0.5295 -0.8858 3.0335, 0.8445 -0.8858 3.0335, 0.5295 -0.8858 3.2677, 0.8445 -0.8858 3.2677
            ]
        }
        coordIndex [
            0,1,2,-1,2,1,3,-1,4,5,6,-1,6,5,7,-1,8,9,10,-1,10,9,11,-1,6,7,8,-1,8,7,9,-1,10,11,4,-1,4,11,5,-1,12,13,14,-1,14,13,15,-1,14,15,16,-1,16,15,17,-1,16,17,18,-1,18,17,19,-1,18,19,20,-1,20,19,21,-1,20,21,22,-1,22,21,23,-1,22,23,24,-1,24,23,25,-1,24,25,26,-1,26,25,27,-1,28,29,30,-1,30,29,31,-1,30,31,32,-1,32,31,33,-1,32,33,34,-1,34,33,35,-1,34,35,36,-1,36,35,37,-1,36,37,38,-1,38,37,39,-1,38,39,40,-1,40,39,41,-1,40,41,42,-1,42,41,43,-1,27,25,29,-1,29,25,31,-1,44,45,46,-1,46,45,47,-1,28,30,26,-1,26,30,24,-1,24,30,22,-1,22,30,32,-1,22,32,20,-1,20,32,34,-1,20,34,18,-1,18,34,36,-1,18,36,16,-1,16,36,38,-1,16,38,14,-1,14,38,40,-1,14,40,12,-1,12,40,42,-1,13,43,41,-1,13,41,15,-1,15,41,39,-1,15,39,17,-1,17,39,37,-1,17,37,19,-1,19,37,35,-1,19,35,21,-1,21,35,33,-1,21,33,23,-1,23,33,31,-1,23,31,25,-1,48,49,50,-1,50,49,51,-1,52,53,54,-1,54,53,55,-1,56,57,58,-1,58,57,59,-1,58,59,52,-1,52,59,53,-1,54,55,56,-1,56,55,57,-1,60,61,62,-1,60,62,63,-1,63,62,64,-1,63,64,65,-1,65,64,66,-1,65,66,67,-1,67,66,68,-1,67,68,69,-1,70,69,71,-1,71,69,68,-1,72,73,74,-1,74,73,75,-1,76,77,78,-1,78,77,79,-1,79,77,80,-1,80,77,81,-1,80,81,82,-1,82,81,83,-1,82,83,84,-1,84,83,85,-1,84,85,86,-1,86,85,87,-1,86,87,88,-1,88,87,89,-1,88,89,90,-1,90,89,91,-1,92,90,93,-1,93,90,91,-1,92,94,90,-1,90,94,60,-1,90,60,88,-1,70,78,69,-1,69,78,79,-1,69,79,67,-1,67,79,80,-1,67,80,65,-1,65,80,82,-1,65,82,63,-1,63,82,84,-1,63,84,60,-1,60,84,86,-1,60,86,88,-1,95,93,61,-1,61,93,91,-1,76,71,77,-1,77,71,68,-1,77,68,81,-1,81,68,66,-1,81,66,83,-1,83,66,64,-1,83,64,85,-1,85,64,62,-1,85,62,87,-1,87,62,61,-1,87,61,89,-1,89,61,91,-1,78,75,76,-1,76,75,73,-1,70,74,78,-1,78,74,75,-1,72,71,73,-1,73,71,76,-1,71,72,70,-1,70,72,74,-1,26,47,28,-1,28,47,45,-1,27,46,26,-1,26,46,47,-1,44,29,45,-1,45,29,28,-1,29,44,27,-1,27,44,46,-1,8,3,6,-1,6,3,1,-1,10,2,8,-1,8,2,3,-1,0,4,1,-1,1,4,6,-1,4,0,10,-1,10,0,2,-1,52,51,58,-1,58,51,49,-1,54,50,52,-1,52,50,51,-1,48,56,49,-1,49,56,58,-1,56,48,54,-1,54,48,50,-1,96,97,98,-1,98,97,99,-1,100,101,102,-1,102,101,103,-1,104,105,106,-1,106,105,107,-1,102,103,104,-1,104,103,105,-1,106,107,100,-1,100,107,101,-1,108,109,110,-1,110,109,111,-1,110,111,112,-1,112,111,113,-1,112,113,114,-1,114,113,115,-1,114,115,116,-1,116,115,117,-1,116,117,118,-1,118,117,119,-1,118,119,120,-1,120,119,121,-1,120,121,122,-1,122,121,123,-1,124,125,126,-1,126,125,127,-1,126,127,128,-1,128,127,129,-1,128,129,130,-1,130,129,131,-1,130,131,132,-1,132,131,133,-1,132,133,134,-1,134,133,135,-1,134,135,136,-1,136,135,137,-1,136,137,138,-1,138,137,139,-1,123,121,125,-1,125,121,127,-1,140,141,142,-1,142,141,143,-1,124,126,122,-1,122,126,120,-1,120,126,118,-1,118,126,128,-1,118,128,116,-1,116,128,130,-1,116,130,114,-1,114,130,132,-1,114,132,112,-1,112,132,134,-1,112,134,110,-1,110,134,136,-1,110,136,108,-1,108,136,138,-1,109,139,137,-1,109,137,111,-1,111,137,135,-1,111,135,113,-1,113,135,133,-1,113,133,115,-1,115,133,131,-1,115,131,117,-1,117,131,129,-1,117,129,119,-1,119,129,127,-1,119,127,121,-1,144,145,146,-1,146,145,147,-1,148,149,150,-1,150,149,151,-1,152,153,154,-1,154,153,155,-1,154,155,148,-1,148,155,149,-1,150,151,152,-1,152,151,153,-1,156,157,158,-1,156,158,159,-1,159,158,160,-1,159,160,161,-1,161,160,162,-1,161,162,163,-1,163,162,164,-1,163,164,165,-1,166,165,167,-1,167,165,164,-1,168,169,170,-1,170,169,171,-1,172,173,174,-1,174,173,175,-1,175,173,176,-1,176,173,177,-1,176,177,178,-1,178,177,179,-1,178,179,180,-1,180,179,181,-1,180,181,182,-1,182,181,183,-1,182,183,184,-1,184,183,185,-1,184,185,186,-1,186,185,187,-1,188,186,189,-1,189,186,187,-1,188,190,186,-1,186,190,156,-1,186,156,184,-1,166,174,165,-1,165,174,175,-1,165,175,163,-1,163,175,176,-1,163,176,161,-1,161,176,178,-1,161,178,159,-1,159,178,180,-1,159,180,156,-1,156,180,182,-1,156,182,184,-1,191,189,157,-1,157,189,187,-1,172,167,173,-1,173,167,164,-1,173,164,177,-1,177,164,162,-1,177,162,179,-1,179,162,160,-1,179,160,181,-1,181,160,158,-1,181,158,183,-1,183,158,157,-1,183,157,185,-1,185,157,187,-1,174,171,172,-1,172,171,169,-1,166,170,174,-1,174,170,171,-1,168,167,169,-1,169,167,172,-1,167,168,166,-1,166,168,170,-1,122,143,124,-1,124,143,141,-1,123,142,122,-1,122,142,143,-1,140,125,141,-1,141,125,124,-1,125,140,123,-1,123,140,142,-1,104,99,102,-1,102,99,97,-1,106,98,104,-1,104,98,99,-1,96,100,97,-1,97,100,102,-1,100,96,106,-1,106,96,98,-1,148,147,154,-1,154,147,145,-1,150,146,148,-1,148,146,147,-1,144,152,145,-1,145,152,154,-1,152,144,150,-1,150,144,146,-1,
        ]
    }
}
Shape{
    appearance Appearance {
        material  Material 	{
            diffuseColor 0.2235294117647059 0.2235294117647059 0.2235294117647059
            specularColor 0.11372549019607843 0.11372549019607843 0.11372549019607843
            ambientIntensity 0.2235
            transparency 0.0
            shininess 0.5
        }
    }
    geometry IndexedFaceSet {
        ccw TRUE
        solid FALSE
        coord DEF co Coordinate {
            point [
                -0.1004 -2.5394 3.3484, 0.0965 -2.5394 3.3484, -0.1004 -3.7205 3.3484, 0.0965 -3.7205 3.3484, 0.0965 -2.5394 3.0335, -0.1004 -2.5394 3.0335, 0.0965 -3.7205 3.0335, -0.1004 -3.7205 3.0335, 0.0965 -2.5394 0.9035, -0.1004 -2.5394 0.9035, 0.0965 -3.7205 0.9035, -0.1004 -3.7205 0.9035, -0.1004 -2.5394 1.2185, 0.0965 -2.5394 1.2185, -0.1004 -3.7205 1.2185, 0.0965 -3.7205 1.2185, -1.4783 -2.5394 3.0335, -1.4783 -2.5394 3.3484, -1.4783 -3.7205 3.0335, -1.4783 -3.7205 3.3484, -1.2815 -2.5394 3.3484, -1.2815 -3.7205 3.3484, -1.2815 -2.5394 3.0335, -1.2815 -3.7205 3.0335, -1.2815 -2.5394 0.9035, -1.4783 -2.5394 0.9035, -1.2815 -3.7205 0.9035, -1.4783 -3.7205 0.9035, -1.4783 -2.5394 1.2185, -1.4783 -3.7205 1.2185, -1.2815 -2.5394 1.2185, -1.2815 -3.7205 1.2185
            ]
        }
        coordIndex [
            0,1,2,-1,2,1,3,-1,4,5,6,-1,6,5,7,-1,4,1,5,-1,5,1,0,-1,8,9,10,-1,10,9,11,-1,12,13,14,-1,14,13,15,-1,12,9,13,-1,13,9,8,-1,16,17,18,-1,18,17,19,-1,17,20,19,-1,19,20,21,-1,22,16,23,-1,23,16,18,-1,22,20,16,-1,16,20,17,-1,24,25,26,-1,26,25,27,-1,25,28,27,-1,27,28,29,-1,28,30,29,-1,29,30,31,-1,28,25,30,-1,30,25,24,-1,
        ]
    }
}
Shape{
    appearance Appearance {
        material  Material 	{
            diffuseColor 1.0 1.0 1.0
            specularColor 0.5019607843137255 0.5019607843137255 0.5019607843137255
            ambientIntensity 1.0
            transparency 0.0
            shininess 0.5
        }
    }
    geometry IndexedFaceSet {
        ccw TRUE
        solid FALSE
        coord DEF co Coordinate {
            point [
                1.5374 -2.5955 3.747, 1.5374 -2.5955 3.7287, 1.5335 -2.5955 3.747, 1.5335 -2.5955 3.7287, 1.5374 -2.6593 3.747, 1.5335 -2.6593 3.747, 1.5374 -2.6593 3.8888, 1.5335 -2.6593 3.8888, 1.5374 -2.68 3.8888, 1.5335 -2.68 3.8888, 1.5374 -2.68 3.7287, 1.5335 -2.68 3.7287, 1.5374 -2.489 3.7283, 1.5374 -2.5134 3.726, 1.5335 -2.5134 3.726, 1.5335 -2.4993 3.7274, 1.5335 -2.489 3.7283, 1.5374 -2.4718 3.734, 1.5335 -2.4759 3.7326, 1.5335 -2.4718 3.734, 1.5335 -2.4691 3.7353, 1.5374 -2.4691 3.7353, 1.5374 -2.4691 3.7551, 1.5335 -2.4691 3.7551, 1.5335 -2.4759 3.7521, 1.5374 -2.4848 3.7481, 1.5335 -2.4848 3.7481, 1.5335 -2.5029 3.7447, 1.5374 -2.5029 3.7447, 1.5335 -2.5104 3.7444, 1.5374 -2.5104 3.7444, 1.5335 -2.5265 3.7464, 1.5374 -2.5265 3.7464, 1.5335 -2.5379 3.7508, 1.5374 -2.5379 3.7508, 1.5335 -2.5484 3.7582, 1.5374 -2.5484 3.7582, 1.5335 -2.5515 3.7613, 1.5374 -2.5515 3.7613, 1.5335 -2.5593 3.7721, 1.5374 -2.5593 3.7721, 1.5335 -2.5645 3.7851, 1.5374 -2.5645 3.7851, 1.5335 -2.5671 3.8011, 1.5374 -2.5671 3.8011, 1.5335 -2.5673 3.807, 1.5374 -2.5673 3.807, 1.5335 -2.5646 3.8292, 1.5374 -2.5646 3.8292, 1.5335 -2.5592 3.8429, 1.5374 -2.5592 3.8429, 1.5335 -2.5504 3.8551, 1.5374 -2.5504 3.8551, 1.5335 -2.5395 3.8641, 1.5374 -2.5395 3.8641, 1.5335 -2.5269 3.8699, 1.5374 -2.5269 3.8699, 1.5335 -2.513 3.8726, 1.5374 -2.513 3.8726, 1.5335 -2.5068 3.8729, 1.5374 -2.5068 3.8729, 1.5335 -2.4871 3.8705, 1.5335 -2.4759 3.8663, 1.5374 -2.4708 3.8643, 1.5374 -2.4871 3.8705, 1.5335 -2.4708 3.8643, 1.5335 -2.4691 3.8634, 1.5374 -2.4691 3.8634, 1.5374 -2.4691 3.885, 1.5335 -2.4691 3.885, 1.5335 -2.507 3.8915, 1.5374 -2.507 3.8915, 1.5374 -2.5068 3.8915, 1.5335 -2.4759 3.887, 1.5374 -2.4859 3.8899, 1.5335 -2.4859 3.8899, 1.5335 -2.4899 3.8902, 1.5335 -2.5068 3.8915, 1.5335 -2.518 3.8902, 1.5374 -2.5303 3.8887, 1.5335 -2.5303 3.8887, 1.5335 -2.547 3.8822, 1.5374 -2.547 3.8822, 1.5335 -2.562 3.8717, 1.5374 -2.562 3.8717, 1.5335 -2.5658 3.868, 1.5374 -2.5658 3.868, 1.5335 -2.5774 3.8528, 1.5335 -2.5818 3.8426, 1.5374 -2.585 3.835, 1.5374 -2.5774 3.8528, 1.5335 -2.585 3.835, 1.5335 -2.5887 3.8141, 1.5374 -2.5887 3.8141, 1.5335 -2.589 3.8057, 1.5374 -2.589 3.8057, 1.5335 -2.5857 3.7795, 1.5335 -2.5818 3.7694, 1.5374 -2.5792 3.7628, 1.5374 -2.5857 3.7795, 1.5335 -2.5792 3.7628, 1.5335 -2.5684 3.7479, 1.5374 -2.5684 3.7479, 1.5335 -2.5404 3.73, 1.5374 -2.5555 3.7372, 1.5335 -2.5555 3.7372, 1.5335 -2.5274 3.7274, 1.5374 -2.523 3.7265, 1.5374 -2.5404 3.73, 1.5335 -2.523 3.7265, 1.5374 -2.3509 3.747, 1.5374 -2.3509 3.7287, 1.5335 -2.3509 3.747, 1.5335 -2.3509 3.7287, 1.5335 -2.4163 3.747, 1.5374 -2.4163 3.747, 1.5335 -2.3731 3.747, 1.5374 -2.4163 3.8008, 1.5335 -2.4163 3.8008, 1.5335 -2.3591 3.8008, 1.5374 -2.3591 3.8008, 1.5335 -2.3731 3.8008, 1.5374 -2.3591 3.8192, 1.5335 -2.3591 3.8192, 1.5335 -2.4163 3.8192, 1.5374 -2.4163 3.8192, 1.5335 -2.3731 3.8192, 1.5374 -2.4163 3.8704, 1.5335 -2.4163 3.8704, 1.5335 -2.3545 3.8704, 1.5374 -2.3545 3.8704, 1.5335 -2.3731 3.8704, 1.5374 -2.3545 3.8888, 1.5335 -2.3545 3.8888, 1.5335 -2.437 3.8888, 1.5374 -2.437 3.8888, 1.5335 -2.3731 3.8888, 1.5374 -2.437 3.7287, 1.5335 -2.437 3.7287, 1.5335 -2.3731 3.7287, 1.5374 -2.2144 3.7511, 1.5374 -2.2308 3.762, 1.5374 -2.231 3.7392, 1.5374 -2.2411 3.7548, 1.5374 -2.2492 3.7321, 1.5374 -2.2543 3.7497, 1.5374 -2.2766 3.7287, 1.5374 -2.2767 3.747, 1.5374 -2.3206 3.7287, 1.5374 -2.2999 3.747, 1.5374 -2.3206 3.8888, 1.5374 -2.2999 3.8704, 1.5374 -2.2749 3.8888, 1.5374 -2.2758 3.8704, 1.5374 -2.2505 3.8861, 1.5374 -2.2552 3.8681, 1.5374 -2.2312 3.8791, 1.5374 -2.2413 3.8631, 1.5374 -2.2144 3.8676, 1.5374 -2.2295 3.8554, 1.5374 -2.2088 3.8622, 1.5374 -2.2252 3.8511, 1.5374 -2.1989 3.8483, 1.5374 -2.2189 3.8421, 1.5374 -2.1929 3.833, 1.5374 -2.2144 3.8305, 1.5374 -2.1902 3.8108, 1.5374 -2.212 3.8102, 1.5374 -2.1907 3.8006, 1.5374 -2.2128 3.7976, 1.5374 -2.1946 3.7819, 1.5374 -2.2163 3.7835, 1.5374 -2.2025 3.7653, 1.5374 -2.2222 3.7719, 1.5374 -2.2291 3.7637, 1.5335 -2.2766 3.7287, 1.5335 -2.3206 3.7287, 1.5335 -2.2492 3.7321, 1.5335 -2.231 3.7392, 1.5335 -2.2144 3.7511, 1.5335 -2.2025 3.7653, 1.5335 -2.1946 3.7819, 1.5335 -2.1907 3.8006, 1.5335 -2.1902 3.8108, 1.5335 -2.1929 3.833, 1.5335 -2.1989 3.8483, 1.5335 -2.2088 3.8622, 1.5335 -2.2144 3.8676, 1.5335 -2.2312 3.8791, 1.5335 -2.2505 3.8861, 1.5335 -2.2749 3.8888, 1.5335 -2.3206 3.8888, 1.5335 -2.2758 3.8704, 1.5335 -2.2999 3.8704, 1.5335 -2.2999 3.747, 1.5335 -2.2767 3.747, 1.5335 -2.2291 3.7637, 1.5335 -2.2308 3.762, 1.5335 -2.2411 3.7548, 1.5335 -2.2543 3.7497, 1.5335 -2.212 3.8102, 1.5335 -2.2128 3.7976, 1.5335 -2.2163 3.7835, 1.5335 -2.2222 3.7719, 1.5335 -2.2295 3.8554, 1.5335 -2.2252 3.8511, 1.5335 -2.2189 3.8421, 1.5335 -2.2144 3.8305, 1.5335 -2.2552 3.8681, 1.5335 -2.2413 3.8631
            ]
        }
        coordIndex [
            0,1,2,-1,2,1,3,-1,4,0,5,-1,5,0,2,-1,6,4,7,-1,7,4,5,-1,8,6,9,-1,9,6,7,-1,10,8,11,-1,11,8,9,-1,1,10,3,-1,3,10,11,-1,6,8,4,-1,4,8,10,-1,4,10,0,-1,0,10,1,-1,12,13,14,-1,14,15,12,-1,12,15,16,-1,12,16,17,-1,17,16,18,-1,18,19,17,-1,17,19,20,-1,17,20,21,-1,22,21,23,-1,23,21,20,-1,22,23,24,-1,22,24,25,-1,24,26,25,-1,25,26,27,-1,25,27,28,-1,28,27,29,-1,28,29,30,-1,30,29,31,-1,30,31,32,-1,32,31,33,-1,32,33,34,-1,34,33,35,-1,34,35,36,-1,36,35,37,-1,36,37,38,-1,38,37,39,-1,38,39,40,-1,40,39,41,-1,40,41,42,-1,42,41,43,-1,42,43,44,-1,44,43,45,-1,44,45,46,-1,46,45,47,-1,46,47,48,-1,48,47,49,-1,48,49,50,-1,50,49,51,-1,50,51,52,-1,52,51,53,-1,52,53,54,-1,54,53,55,-1,54,55,56,-1,56,55,57,-1,56,57,58,-1,58,57,59,-1,58,59,60,-1,60,59,61,-1,62,63,61,-1,61,63,64,-1,61,64,60,-1,62,65,63,-1,63,65,66,-1,63,66,67,-1,68,67,69,-1,69,67,66,-1,70,71,72,-1,68,69,73,-1,68,73,74,-1,73,75,74,-1,74,75,76,-1,74,76,72,-1,72,76,77,-1,72,77,70,-1,71,70,78,-1,71,78,79,-1,78,80,79,-1,79,80,81,-1,79,81,82,-1,82,81,83,-1,82,83,84,-1,84,83,85,-1,84,85,86,-1,86,85,87,-1,88,89,87,-1,87,89,90,-1,87,90,86,-1,88,91,89,-1,89,91,92,-1,89,92,93,-1,93,92,94,-1,93,94,95,-1,95,94,96,-1,97,98,96,-1,96,98,99,-1,96,99,95,-1,97,100,98,-1,98,100,101,-1,98,101,102,-1,103,104,105,-1,105,104,102,-1,105,102,101,-1,106,107,103,-1,103,107,108,-1,103,108,104,-1,106,109,107,-1,107,109,14,-1,107,14,13,-1,63,67,68,-1,54,84,52,-1,52,84,86,-1,52,86,50,-1,50,86,90,-1,50,90,48,-1,63,68,64,-1,64,68,74,-1,64,74,60,-1,60,74,72,-1,60,72,58,-1,58,72,71,-1,58,71,56,-1,56,71,79,-1,56,79,54,-1,54,79,82,-1,54,82,84,-1,95,46,93,-1,93,46,48,-1,93,48,89,-1,89,48,90,-1,21,22,17,-1,17,22,25,-1,17,25,12,-1,12,25,28,-1,12,28,13,-1,13,28,30,-1,13,30,107,-1,107,30,32,-1,107,32,108,-1,108,32,34,-1,108,34,104,-1,104,34,36,-1,104,36,102,-1,102,36,38,-1,102,38,98,-1,98,38,40,-1,98,40,99,-1,99,40,42,-1,99,42,95,-1,95,42,44,-1,95,44,46,-1,110,111,112,-1,112,111,113,-1,114,115,116,-1,116,115,110,-1,116,110,112,-1,117,115,118,-1,118,115,114,-1,119,120,121,-1,121,120,117,-1,121,117,118,-1,122,120,123,-1,123,120,119,-1,124,125,126,-1,126,125,122,-1,126,122,123,-1,127,125,128,-1,128,125,124,-1,129,130,131,-1,131,130,127,-1,131,127,128,-1,132,130,133,-1,133,130,129,-1,134,135,136,-1,136,135,132,-1,136,132,133,-1,137,135,138,-1,138,135,134,-1,113,111,139,-1,139,111,137,-1,139,137,138,-1,120,122,117,-1,117,122,125,-1,111,110,137,-1,137,110,115,-1,130,132,127,-1,127,132,135,-1,127,135,125,-1,125,135,137,-1,125,137,117,-1,117,137,115,-1,140,141,142,-1,142,141,143,-1,142,143,144,-1,144,143,145,-1,144,145,146,-1,146,145,147,-1,146,147,148,-1,148,147,149,-1,148,149,150,-1,150,149,151,-1,150,151,152,-1,152,151,153,-1,152,153,154,-1,154,153,155,-1,154,155,156,-1,156,155,157,-1,156,157,158,-1,158,157,159,-1,158,159,160,-1,160,159,161,-1,160,161,162,-1,162,161,163,-1,162,163,164,-1,164,163,165,-1,164,165,166,-1,166,165,167,-1,166,167,168,-1,168,167,169,-1,168,169,170,-1,170,169,171,-1,170,171,172,-1,172,171,173,-1,172,173,140,-1,140,173,174,-1,140,174,141,-1,146,148,175,-1,175,148,176,-1,146,175,177,-1,146,177,144,-1,144,177,178,-1,144,178,142,-1,142,178,179,-1,142,179,140,-1,140,179,180,-1,140,180,172,-1,172,180,181,-1,172,181,170,-1,170,181,182,-1,170,182,168,-1,168,182,183,-1,168,183,166,-1,166,183,184,-1,166,184,164,-1,164,184,185,-1,164,185,162,-1,162,185,186,-1,162,186,160,-1,160,186,187,-1,160,187,158,-1,158,187,188,-1,158,188,156,-1,156,188,189,-1,156,189,154,-1,154,189,190,-1,154,190,152,-1,150,152,191,-1,191,152,190,-1,148,150,176,-1,176,150,191,-1,153,151,192,-1,192,151,193,-1,151,149,193,-1,193,149,194,-1,149,147,194,-1,194,147,195,-1,174,196,197,-1,174,197,141,-1,141,197,198,-1,141,198,143,-1,143,198,199,-1,143,199,145,-1,145,199,195,-1,145,195,147,-1,167,200,201,-1,167,201,169,-1,169,201,202,-1,169,202,171,-1,171,202,203,-1,171,203,173,-1,173,203,196,-1,173,196,174,-1,159,204,205,-1,159,205,161,-1,161,205,206,-1,161,206,163,-1,163,206,207,-1,163,207,165,-1,165,207,200,-1,165,200,167,-1,153,192,208,-1,153,208,155,-1,155,208,209,-1,155,209,157,-1,157,209,204,-1,157,204,159,-1,
        ]
    }
}
Shape{
    appearance Appearance {
        material  Material 	{
            diffuseColor 0.2235294117647059 0.2235294117647059 0.2235294117647059
            specularColor 0.11372549019607843 0.11372549019607843 0.11372549019607843
            ambientIntensity 0.2235
            transparency 0.0
            shininess 0.5
        }
    }
    geometry IndexedFaceSet {
        ccw TRUE
        solid FALSE
        coord DEF co Coordinate {
            point [
                1.5335 -2.2999 3.8704, 1.5335 -2.2999 3.747, 1.5335 -2.2758 3.8704, 1.5335 -2.2767 3.747, 1.5335 -2.2308 3.762, 1.5335 -2.2291 3.7637, 1.5335 -2.2222 3.7719, 1.5335 -2.2543 3.7497, 1.5335 -2.2411 3.7548, 1.5335 -2.2163 3.7835, 1.5335 -2.2128 3.7976, 1.5335 -2.212 3.8102, 1.5335 -2.2413 3.8631, 1.5335 -2.2552 3.8681, 1.5335 -2.2295 3.8554, 1.5335 -2.2252 3.8511, 1.5335 -2.2144 3.8305, 1.5335 -2.2189 3.8421
            ]
        }
        coordIndex [
            0,1,2,-1,2,1,3,-1,4,5,2,-1,2,5,6,-1,3,7,2,-1,2,7,8,-1,2,8,4,-1,6,9,2,-1,2,9,10,-1,2,10,11,-1,12,13,14,-1,14,13,2,-1,14,2,15,-1,11,16,2,-1,2,16,17,-1,2,17,15,-1,
        ]
    }
}
Shape{
    appearance Appearance {
        material  Material 	{
            diffuseColor 1.0 1.0 1.0
            specularColor 0.5019607843137255 0.5019607843137255 0.5019607843137255
            ambientIntensity 1.0
            transparency 0.0
            shininess 0.5
        }
    }
    geometry IndexedFaceSet {
        ccw TRUE
        solid FALSE
        coord DEF co Coordinate {
            point [
                1.5374 -2.1366 3.7906, 1.5374 -2.1431 3.7725, 1.5374 -2.0828 3.7906, 1.5374 -2.0764 3.7725, 1.5374 -2.1126 3.8572, 1.5374 -2.1204 3.8888, 1.5374 -2.1814 3.7287, 1.5374 -2.1585 3.7287, 1.5374 -2.1112 3.8619, 1.5374 -2.11 3.8684, 1.5374 -2.0983 3.8888, 1.5374 -2.1095 3.8684, 1.5374 -2.1082 3.8616, 1.5374 -2.107 3.8572, 1.5374 -2.0373 3.7287, 1.5374 -2.0601 3.7287, 1.5335 -2.0983 3.8888, 1.5335 -2.0373 3.7287, 1.5335 -2.1204 3.8888, 1.5335 -2.1814 3.7287, 1.5335 -2.1352 3.8499, 1.5335 -2.1585 3.7287, 1.5335 -2.1431 3.7725, 1.5335 -2.0764 3.7725, 1.5335 -2.1352 3.7725, 1.5335 -2.0601 3.7287, 1.5335 -2.1366 3.7906, 1.5335 -2.0828 3.7906, 1.5335 -2.107 3.8572, 1.5335 -2.1095 3.8684, 1.5335 -2.1082 3.8616, 1.5335 -2.11 3.8684, 1.5335 -2.1126 3.8572, 1.5335 -2.1112 3.8619
            ]
        }
        coordIndex [
            0,1,2,-1,2,1,3,-1,4,5,0,-1,0,5,6,-1,0,6,1,-1,1,6,7,-1,4,8,5,-1,5,8,9,-1,5,9,10,-1,10,9,11,-1,10,11,12,-1,12,13,10,-1,10,13,2,-1,10,2,14,-1,14,2,3,-1,14,3,15,-1,10,14,16,-1,16,14,17,-1,5,10,18,-1,18,10,16,-1,19,6,20,-1,20,6,5,-1,20,5,18,-1,7,6,21,-1,21,6,19,-1,1,7,22,-1,22,7,21,-1,23,3,24,-1,24,3,1,-1,24,1,22,-1,15,3,25,-1,25,3,23,-1,14,15,17,-1,17,15,25,-1,0,2,26,-1,26,2,27,-1,2,13,27,-1,27,13,28,-1,11,29,30,-1,11,30,12,-1,12,30,28,-1,12,28,13,-1,11,9,29,-1,29,9,31,-1,4,32,33,-1,4,33,8,-1,8,33,31,-1,8,31,9,-1,4,0,32,-1,32,0,26,-1,
        ]
    }
}
Shape{
    appearance Appearance {
        material  Material 	{
            diffuseColor 0.2235294117647059 0.2235294117647059 0.2235294117647059
            specularColor 0.11372549019607843 0.11372549019607843 0.11372549019607843
            ambientIntensity 0.2235
            transparency 0.0
            shininess 0.5
        }
    }
    geometry IndexedFaceSet {
        ccw TRUE
        solid FALSE
        coord DEF co Coordinate {
            point [
                1.5335 -2.1095 3.8684, 1.5335 -2.11 3.8684, 1.5335 -2.1082 3.8616, 1.5335 -2.1112 3.8619, 1.5335 -2.107 3.8572, 1.5335 -2.1126 3.8572, 1.5335 -2.0828 3.7906, 1.5335 -2.1366 3.7906
            ]
        }
        coordIndex [
            0,1,2,-1,2,1,3,-1,2,3,4,-1,4,3,5,-1,4,5,6,-1,6,5,7,-1,
        ]
    }
}
Shape{
    appearance Appearance {
        material  Material 	{
            diffuseColor 1.0 1.0 1.0
            specularColor 0.5019607843137255 0.5019607843137255 0.5019607843137255
            ambientIntensity 1.0
            transparency 0.0
            shininess 0.5
        }
    }
    geometry IndexedFaceSet {
        ccw TRUE
        solid FALSE
        coord DEF co Coordinate {
            point [
                1.5374 -2.5938 3.4929, 1.5374 -2.5938 3.4747, 1.5335 -2.5938 3.4929, 1.5335 -2.5938 3.4747, 1.5374 -2.6593 3.4929, 1.5335 -2.6593 3.4929, 1.5374 -2.6593 3.5468, 1.5335 -2.6593 3.5468, 1.5374 -2.602 3.5468, 1.5335 -2.602 3.5468, 1.5374 -2.602 3.5651, 1.5335 -2.602 3.5651, 1.5374 -2.6593 3.5651, 1.5335 -2.6593 3.5651, 1.5374 -2.6593 3.6164, 1.5335 -2.6593 3.6164, 1.5374 -2.5975 3.6164, 1.5335 -2.5975 3.6164, 1.5374 -2.5975 3.6348, 1.5335 -2.5975 3.6348, 1.5374 -2.68 3.6348, 1.5335 -2.68 3.6348, 1.5374 -2.68 3.4747, 1.5335 -2.68 3.4747, 1.5374 -2.5033 3.4923, 1.5374 -2.5028 3.4923, 1.5374 -2.5041 3.5108, 1.5374 -2.5028 3.5197, 1.5374 -2.4827 3.5483, 1.5374 -2.5028 3.5211, 1.5374 -2.5028 3.532, 1.5374 -2.5028 3.4747, 1.5374 -2.4827 3.4747, 1.5374 -2.51 3.5901, 1.5374 -2.5145 3.573, 1.5374 -2.502 3.5873, 1.5374 -2.5109 3.5707, 1.5374 -2.5466 3.5233, 1.5374 -2.542 3.5255, 1.5374 -2.5533 3.5383, 1.5374 -2.507 3.5036, 1.5374 -2.5114 3.4977, 1.5374 -2.5063 3.4877, 1.5374 -2.5139 3.4953, 1.5374 -2.5127 3.4809, 1.5374 -2.5195 3.4915, 1.5374 -2.5199 3.476, 1.5374 -2.5256 3.4893, 1.5374 -2.5281 3.4731, 1.5374 -2.5332 3.4884, 1.5374 -2.5384 3.472, 1.5374 -2.5399 3.4892, 1.5374 -2.5504 3.4733, 1.5374 -2.5445 3.4908, 1.5374 -2.558 3.4762, 1.5374 -2.5485 3.4936, 1.5374 -2.5648 3.481, 1.5374 -2.5502 3.4953, 1.5374 -2.5634 3.581, 1.5374 -2.5634 3.5615, 1.5374 -2.5594 3.5834, 1.5374 -2.5496 3.5702, 1.5374 -2.5445 3.5892, 1.5374 -2.537 3.5743, 1.5374 -2.5241 3.5917, 1.5374 -2.526 3.5754, 1.5374 -2.5191 3.5746, 1.5374 -2.5367 3.5426, 1.5374 -2.5296 3.5284, 1.5374 -2.5028 3.5474, 1.5374 -2.549 3.5214, 1.5374 -2.5614 3.5338, 1.5374 -2.5514 3.5184, 1.5374 -2.5672 3.5284, 1.5374 -2.5531 3.5147, 1.5374 -2.5713 3.5219, 1.5374 -2.5541 3.5101, 1.5374 -2.5737 3.5145, 1.5374 -2.5543 3.5069, 1.5374 -2.5746 3.5053, 1.5374 -2.5538 3.5023, 1.5374 -2.5735 3.4956, 1.5374 -2.5525 3.4987, 1.5374 -2.571 3.489, 1.5374 -2.5668 3.4829, 1.5374 -2.5035 3.5561, 1.5374 -2.4847 3.5652, 1.5374 -2.5055 3.5633, 1.5374 -2.488 3.5738, 1.5374 -2.5079 3.5675, 1.5374 -2.4923 3.58, 1.5374 -2.4957 3.5832, 1.5335 -2.5241 3.5917, 1.5335 -2.5445 3.5892, 1.5335 -2.5594 3.5834, 1.5335 -2.5634 3.581, 1.5335 -2.5634 3.5615, 1.5335 -2.5496 3.5702, 1.5335 -2.537 3.5743, 1.5335 -2.526 3.5754, 1.5335 -2.5191 3.5746, 1.5335 -2.5145 3.573, 1.5335 -2.5109 3.5707, 1.5335 -2.5079 3.5675, 1.5335 -2.5055 3.5633, 1.5335 -2.5035 3.5561, 1.5335 -2.5028 3.5474, 1.5335 -2.5367 3.5426, 1.5335 -2.5533 3.5383, 1.5335 -2.5614 3.5338, 1.5335 -2.5672 3.5284, 1.5335 -2.5713 3.5219, 1.5335 -2.5737 3.5145, 1.5335 -2.5746 3.5053, 1.5335 -2.5735 3.4956, 1.5335 -2.571 3.489, 1.5335 -2.5668 3.4829, 1.5335 -2.5648 3.481, 1.5335 -2.5384 3.472, 1.5335 -2.55 3.4733, 1.5335 -2.5504 3.4733, 1.5335 -2.558 3.4762, 1.5335 -2.5281 3.4731, 1.5335 -2.5275 3.4733, 1.5335 -2.5199 3.476, 1.5335 -2.5127 3.4809, 1.5335 -2.5063 3.4877, 1.5335 -2.5033 3.4923, 1.5335 -2.5028 3.4923, 1.5335 -2.5028 3.4747, 1.5335 -2.4827 3.4747, 1.5335 -2.4827 3.5483, 1.5335 -2.4847 3.5652, 1.5335 -2.488 3.5738, 1.5335 -2.4923 3.58, 1.5335 -2.4957 3.5832, 1.5335 -2.502 3.5873, 1.5335 -2.51 3.5901, 1.5335 -2.549 3.5214, 1.5335 -2.5466 3.5233, 1.5335 -2.542 3.5255, 1.5335 -2.5296 3.5284, 1.5335 -2.5543 3.5069, 1.5335 -2.5541 3.5101, 1.5335 -2.5531 3.5147, 1.5335 -2.5514 3.5184, 1.5335 -2.5485 3.4936, 1.5335 -2.5502 3.4953, 1.5335 -2.5525 3.4987, 1.5335 -2.5538 3.5023, 1.5335 -2.5332 3.4884, 1.5335 -2.5399 3.4892, 1.5335 -2.5445 3.4908, 1.5335 -2.5114 3.4977, 1.5335 -2.5139 3.4953, 1.5335 -2.5195 3.4915, 1.5335 -2.5256 3.4893, 1.5335 -2.5028 3.5211, 1.5335 -2.5028 3.5197, 1.5335 -2.5041 3.5108, 1.5335 -2.507 3.5036, 1.5335 -2.5028 3.532
            ]
        }
        coordIndex [
            0,1,2,-1,2,1,3,-1,4,0,5,-1,5,0,2,-1,6,4,7,-1,7,4,5,-1,8,6,9,-1,9,6,7,-1,10,8,11,-1,11,8,9,-1,12,10,13,-1,13,10,11,-1,14,12,15,-1,15,12,13,-1,16,14,17,-1,17,14,15,-1,18,16,19,-1,19,16,17,-1,20,18,21,-1,21,18,19,-1,22,20,23,-1,23,20,21,-1,1,22,3,-1,3,22,23,-1,16,18,14,-1,14,18,20,-1,14,20,12,-1,1,0,22,-1,22,0,4,-1,22,4,6,-1,8,10,6,-1,6,10,12,-1,6,12,22,-1,22,12,20,-1,24,25,26,-1,27,28,29,-1,29,28,30,-1,31,32,25,-1,25,32,28,-1,25,28,26,-1,26,28,27,-1,33,34,35,-1,35,34,36,-1,37,38,39,-1,26,40,24,-1,24,40,41,-1,24,41,42,-1,42,41,43,-1,42,43,44,-1,44,43,45,-1,44,45,46,-1,46,45,47,-1,46,47,48,-1,48,47,49,-1,48,49,50,-1,50,49,51,-1,50,51,52,-1,52,51,53,-1,52,53,54,-1,54,53,55,-1,54,55,56,-1,56,55,57,-1,58,59,60,-1,60,59,61,-1,60,61,62,-1,62,61,63,-1,62,63,64,-1,64,63,65,-1,64,65,33,-1,33,65,66,-1,33,66,34,-1,39,38,67,-1,67,38,68,-1,67,68,69,-1,37,39,70,-1,70,39,71,-1,70,71,72,-1,72,71,73,-1,72,73,74,-1,74,73,75,-1,74,75,76,-1,76,75,77,-1,76,77,78,-1,78,77,79,-1,78,79,80,-1,80,79,81,-1,80,81,82,-1,82,81,83,-1,82,83,57,-1,57,83,84,-1,57,84,56,-1,68,30,69,-1,69,30,28,-1,69,28,85,-1,85,28,86,-1,85,86,87,-1,87,86,88,-1,87,88,89,-1,89,88,90,-1,89,90,36,-1,36,90,91,-1,36,91,35,-1,64,92,93,-1,64,93,62,-1,62,93,94,-1,62,94,60,-1,60,94,95,-1,60,95,58,-1,59,58,96,-1,96,58,95,-1,59,96,97,-1,59,97,61,-1,61,97,98,-1,61,98,63,-1,63,98,99,-1,63,99,65,-1,65,99,100,-1,65,100,66,-1,66,100,101,-1,66,101,34,-1,34,101,102,-1,34,102,36,-1,36,102,103,-1,36,103,89,-1,89,103,104,-1,89,104,87,-1,87,104,105,-1,87,105,85,-1,85,105,106,-1,85,106,69,-1,67,69,107,-1,107,69,106,-1,67,107,108,-1,67,108,39,-1,39,108,109,-1,39,109,71,-1,71,109,110,-1,71,110,73,-1,73,110,111,-1,73,111,75,-1,75,111,112,-1,75,112,77,-1,77,112,113,-1,77,113,79,-1,79,113,114,-1,79,114,81,-1,81,114,115,-1,81,115,83,-1,83,115,116,-1,83,116,84,-1,84,116,117,-1,84,117,56,-1,118,50,119,-1,119,50,52,-1,119,52,120,-1,120,52,54,-1,120,54,121,-1,121,54,56,-1,121,56,117,-1,50,118,122,-1,50,122,48,-1,48,122,123,-1,48,123,46,-1,123,124,46,-1,46,124,125,-1,46,125,44,-1,44,125,126,-1,44,126,42,-1,42,126,127,-1,42,127,24,-1,25,24,128,-1,128,24,127,-1,31,25,129,-1,129,25,128,-1,32,31,130,-1,130,31,129,-1,28,32,131,-1,131,32,130,-1,28,131,132,-1,28,132,86,-1,86,132,133,-1,86,133,88,-1,88,133,134,-1,88,134,90,-1,90,134,135,-1,90,135,91,-1,91,135,136,-1,91,136,35,-1,35,136,137,-1,35,137,33,-1,33,137,92,-1,33,92,64,-1,70,138,139,-1,70,139,37,-1,37,139,140,-1,37,140,38,-1,38,140,141,-1,38,141,68,-1,78,142,143,-1,78,143,76,-1,76,143,144,-1,76,144,74,-1,74,144,145,-1,74,145,72,-1,72,145,138,-1,72,138,70,-1,55,146,147,-1,55,147,57,-1,57,147,148,-1,57,148,82,-1,82,148,149,-1,82,149,80,-1,80,149,142,-1,80,142,78,-1,49,150,151,-1,49,151,51,-1,51,151,152,-1,51,152,53,-1,53,152,146,-1,53,146,55,-1,41,153,154,-1,41,154,43,-1,43,154,155,-1,43,155,45,-1,45,155,156,-1,45,156,47,-1,47,156,150,-1,47,150,49,-1,29,157,158,-1,29,158,27,-1,27,158,159,-1,27,159,26,-1,26,159,160,-1,26,160,40,-1,40,160,153,-1,40,153,41,-1,29,30,157,-1,157,30,161,-1,30,68,161,-1,161,68,141,-1,
        ]
    }
}
Shape{
    appearance Appearance {
        material  Material 	{
            diffuseColor 0.2235294117647059 0.2235294117647059 0.2235294117647059
            specularColor 0.11372549019607843 0.11372549019607843 0.11372549019607843
            ambientIntensity 0.2235
            transparency 0.0
            shininess 0.5
        }
    }
    geometry IndexedFaceSet {
        ccw TRUE
        solid FALSE
        coord DEF co Coordinate {
            point [
                1.5335 -2.5028 3.5197, 1.5335 -2.5028 3.5211, 1.5335 -2.549 3.5214, 1.5335 -2.5028 3.532, 1.5335 -2.5296 3.5284, 1.5335 -2.542 3.5255, 1.5335 -2.5466 3.5233, 1.5335 -2.5041 3.5108, 1.5335 -2.5514 3.5184, 1.5335 -2.507 3.5036, 1.5335 -2.5502 3.4953, 1.5335 -2.5485 3.4936, 1.5335 -2.5139 3.4953, 1.5335 -2.5525 3.4987, 1.5335 -2.5195 3.4915, 1.5335 -2.5256 3.4893, 1.5335 -2.5332 3.4884, 1.5335 -2.5531 3.5147, 1.5335 -2.5541 3.5101, 1.5335 -2.5114 3.4977, 1.5335 -2.5543 3.5069, 1.5335 -2.5538 3.5023, 1.5335 -2.5445 3.4908, 1.5335 -2.5399 3.4892
            ]
        }
        coordIndex [
            0,1,2,-1,1,3,4,-1,4,5,1,-1,1,5,6,-1,1,6,2,-1,0,2,7,-1,7,2,8,-1,7,8,9,-1,10,11,12,-1,10,12,13,-1,14,12,15,-1,15,12,16,-1,8,17,9,-1,9,17,18,-1,9,18,19,-1,19,18,20,-1,19,20,12,-1,12,20,21,-1,12,21,13,-1,11,22,12,-1,12,22,23,-1,12,23,16,-1,
        ]
    }
}
Shape{
    appearance Appearance {
        material  Material 	{
            diffuseColor 1.0 1.0 1.0
            specularColor 0.5019607843137255 0.5019607843137255 0.5019607843137255
            ambientIntensity 1.0
            transparency 0.0
            shininess 0.5
        }
    }
    geometry IndexedFaceSet {
        ccw TRUE
        solid FALSE
        coord DEF co Coordinate {
            point [
                1.5335 -2.4555 3.4994, 1.5374 -2.4555 3.4994, 1.5374 -2.4483 3.4949, 1.5374 -2.4226 3.4883, 1.5335 -2.4226 3.4883, 1.5335 -2.4358 3.49, 1.5374 -2.4358 3.49, 1.5335 -2.4463 3.4941, 1.5335 -2.4483 3.4949, 1.5374 -2.4555 3.4787, 1.5335 -2.4555 3.4787, 1.5374 -2.4415 3.4737, 1.5335 -2.4463 3.4754, 1.5335 -2.4245 3.472, 1.5374 -2.4245 3.472, 1.5335 -2.4375 3.4733, 1.5335 -2.4415 3.4737, 1.5374 -2.4063 3.4741, 1.5335 -2.4132 3.4733, 1.5335 -2.4063 3.4741, 1.5335 -2.3958 3.4782, 1.5374 -2.3958 3.4782, 1.5335 -2.3912 3.481, 1.5374 -2.3912 3.481, 1.5335 -2.3854 3.4861, 1.5374 -2.3854 3.4861, 1.5335 -2.3817 3.4914, 1.5374 -2.3817 3.4914, 1.5335 -2.3792 3.4977, 1.5374 -2.3792 3.4977, 1.5335 -2.3783 3.5058, 1.5374 -2.3783 3.5058, 1.5335 -2.3791 3.5133, 1.5374 -2.3791 3.5133, 1.5335 -2.3813 3.5192, 1.5374 -2.3813 3.5192, 1.5335 -2.385 3.5247, 1.5374 -2.385 3.5247, 1.5335 -2.3898 3.5289, 1.5374 -2.3898 3.5289, 1.5335 -2.4031 3.5364, 1.5374 -2.4031 3.5364, 1.5335 -2.4109 3.5395, 1.5374 -2.4109 3.5395, 1.5335 -2.4233 3.5449, 1.5374 -2.4233 3.5449, 1.5335 -2.4304 3.5493, 1.5374 -2.4304 3.5493, 1.5335 -2.4323 3.5515, 1.5374 -2.4323 3.5515, 1.5335 -2.4338 3.5542, 1.5374 -2.4338 3.5542, 1.5335 -2.4346 3.5573, 1.5374 -2.4346 3.5573, 1.5335 -2.4347 3.56, 1.5374 -2.4347 3.56, 1.5335 -2.4344 3.5632, 1.5374 -2.4344 3.5632, 1.5335 -2.4334 3.5659, 1.5374 -2.4334 3.5659, 1.5335 -2.4317 3.5684, 1.5374 -2.4317 3.5684, 1.5335 -2.4286 3.5711, 1.5374 -2.4286 3.5711, 1.5335 -2.4242 3.5735, 1.5374 -2.4242 3.5735, 1.5335 -2.4188 3.5749, 1.5374 -2.4188 3.5749, 1.5335 -2.4128 3.5754, 1.5374 -2.4128 3.5754, 1.5335 -2.3988 3.5737, 1.5374 -2.3988 3.5737, 1.5335 -2.3875 3.5693, 1.5374 -2.3875 3.5693, 1.5335 -2.3838 3.5671, 1.5374 -2.3838 3.5671, 1.5374 -2.3838 3.5866, 1.5335 -2.3838 3.5866, 1.5335 -2.3968 3.5904, 1.5374 -2.3968 3.5904, 1.5335 -2.4109 3.5917, 1.5374 -2.4109 3.5917, 1.5335 -2.4269 3.5897, 1.5374 -2.4269 3.5897, 1.5335 -2.4377 3.5856, 1.5374 -2.4377 3.5856, 1.5335 -2.4426 3.5826, 1.5374 -2.4426 3.5826, 1.5374 -2.4486 3.5772, 1.5335 -2.4463 3.5792, 1.5335 -2.4486 3.5772, 1.5335 -2.4523 3.5717, 1.5374 -2.4523 3.5717, 1.5335 -2.4546 3.5653, 1.5374 -2.4546 3.5653, 1.5335 -2.4554 3.5582, 1.5374 -2.4554 3.5582, 1.5335 -2.4545 3.5503, 1.5374 -2.4545 3.5503, 1.5335 -2.4523 3.5442, 1.5374 -2.4523 3.5442, 1.5335 -2.4497 3.5401, 1.5374 -2.4497 3.5401, 1.5335 -2.425 3.5249, 1.5374 -2.425 3.5249, 1.5374 -2.437 3.5304, 1.5335 -2.4464 3.5366, 1.5374 -2.4464 3.5366, 1.5335 -2.4463 3.5365, 1.5335 -2.437 3.5304, 1.5335 -2.4119 3.5194, 1.5374 -2.4119 3.5194, 1.5335 -2.404 3.5147, 1.5374 -2.404 3.5147, 1.5335 -2.4015 3.5121, 1.5374 -2.4015 3.5121, 1.5335 -2.4 3.5094, 1.5374 -2.4 3.5094, 1.5335 -2.3991 3.5063, 1.5374 -2.3991 3.5063, 1.5335 -2.3989 3.5038, 1.5374 -2.3989 3.5038, 1.5335 -2.3993 3.5, 1.5374 -2.3993 3.5, 1.5335 -2.4003 3.4971, 1.5374 -2.4003 3.4971, 1.5335 -2.4021 3.4945, 1.5374 -2.4021 3.4945, 1.5335 -2.4044 3.4925, 1.5374 -2.4044 3.4925, 1.5335 -2.4062 3.4914, 1.5374 -2.4062 3.4914, 1.5335 -2.4114 3.4895, 1.5374 -2.4114 3.4895, 1.5335 -2.4217 3.4883, 1.5374 -2.4217 3.4883, 1.5374 -2.2789 3.589, 1.5374 -2.2581 3.589, 1.5335 -2.2789 3.589, 1.5335 -2.2581 3.589, 1.5374 -2.3101 3.5029, 1.5335 -2.3101 3.5029, 1.5335 -2.3116 3.4976, 1.5374 -2.3116 3.4976, 1.5335 -2.3126 3.4937, 1.5374 -2.3126 3.4937, 1.5374 -2.3131 3.4937, 1.5335 -2.3131 3.4937, 1.5374 -2.3155 3.5031, 1.5335 -2.3155 3.5031, 1.5335 -2.3454 3.589, 1.5374 -2.3454 3.589, 1.5335 -2.3357 3.5612, 1.5374 -2.3679 3.589, 1.5335 -2.3679 3.589, 1.5335 -2.323 3.4749, 1.5374 -2.323 3.4749, 1.5335 -2.3357 3.5073, 1.5335 -2.3318 3.4541, 1.5374 -2.3318 3.4541, 1.5335 -2.3237 3.4733, 1.5335 -2.3357 3.4469, 1.5374 -2.3359 3.4467, 1.5335 -2.3359 3.4467, 1.5335 -2.3396 3.4426, 1.5374 -2.3396 3.4426, 1.5335 -2.3426 3.4405, 1.5374 -2.3426 3.4405, 1.5335 -2.3469 3.4387, 1.5374 -2.3469 3.4387, 1.5335 -2.3518 3.438, 1.5374 -2.3518 3.438, 1.5335 -2.3523 3.438, 1.5374 -2.3523 3.438, 1.5335 -2.3596 3.4389, 1.5374 -2.3596 3.4389, 1.5335 -2.3637 3.4403, 1.5374 -2.3637 3.4403, 1.5374 -2.3637 3.4224, 1.5335 -2.3637 3.4224, 1.5335 -2.3552 3.4209, 1.5374 -2.3552 3.4209, 1.5335 -2.3508 3.4208, 1.5374 -2.3508 3.4208, 1.5335 -2.342 3.4219, 1.5374 -2.342 3.4219, 1.5335 -2.3357 3.4244, 1.5374 -2.3341 3.4251, 1.5335 -2.3341 3.4251, 1.5335 -2.3274 3.4299, 1.5374 -2.3274 3.4299, 1.5335 -2.3192 3.4395, 1.5374 -2.3192 3.4395, 1.5335 -2.31 3.4574, 1.5374 -2.31 3.4574, 1.5335 -2.3037 3.4733, 1.5374 -2.1503 3.4929, 1.5374 -2.1503 3.4747, 1.5335 -2.1503 3.4929, 1.5335 -2.1503 3.4747, 1.5335 -2.2158 3.4929, 1.5374 -2.2158 3.4929, 1.5335 -2.1858 3.4929, 1.5374 -2.2158 3.5468, 1.5335 -2.2158 3.5468, 1.5335 -2.1585 3.5468, 1.5374 -2.1585 3.5468, 1.5335 -2.1858 3.5468, 1.5374 -2.1585 3.5651, 1.5335 -2.1585 3.5651, 1.5335 -2.2158 3.5651, 1.5374 -2.2158 3.5651, 1.5335 -2.1858 3.5651, 1.5374 -2.2158 3.6164, 1.5335 -2.2158 3.6164, 1.5335 -2.154 3.6164, 1.5374 -2.154 3.6164, 1.5335 -2.1858 3.6164, 1.5374 -2.154 3.6348, 1.5335 -2.154 3.6348, 1.5335 -2.2365 3.6348, 1.5374 -2.2365 3.6348, 1.5335 -2.1858 3.6348, 1.5374 -2.2365 3.4747, 1.5335 -2.2365 3.4747, 1.5335 -2.1858 3.4747, 1.5374 -2.0139 3.4971, 1.5374 -2.0303 3.508, 1.5374 -2.0304 3.4852, 1.5374 -2.0406 3.5008, 1.5374 -2.0487 3.478, 1.5374 -2.0538 3.4956, 1.5374 -2.076 3.4747, 1.5374 -2.0762 3.4929, 1.5374 -2.1201 3.4747, 1.5374 -2.0994 3.4929, 1.5374 -2.1201 3.6348, 1.5374 -2.0994 3.6164, 1.5374 -2.0744 3.6348, 1.5374 -2.0752 3.6164, 1.5374 -2.0499 3.6321, 1.5374 -2.0546 3.6141, 1.5374 -2.0306 3.625, 1.5374 -2.0407 3.6091, 1.5374 -2.0139 3.6136, 1.5374 -2.029 3.6013, 1.5374 -2.0083 3.6082, 1.5374 -2.0246 3.597, 1.5374 -1.9984 3.5942, 1.5374 -2.0184 3.5881, 1.5374 -1.9924 3.579, 1.5374 -2.0139 3.5764, 1.5374 -1.9897 3.5568, 1.5374 -2.0114 3.5562, 1.5374 -1.9902 3.5466, 1.5374 -2.0123 3.5435, 1.5374 -1.9941 3.5278, 1.5374 -2.0158 3.5294, 1.5374 -2.0019 3.5113, 1.5374 -2.0216 3.5179, 1.5374 -2.0285 3.5096, 1.5335 -2.076 3.4747, 1.5335 -2.1201 3.4747, 1.5335 -2.0487 3.478, 1.5335 -2.0304 3.4852, 1.5335 -2.0139 3.4971, 1.5335 -2.0019 3.5113, 1.5335 -1.9941 3.5278, 1.5335 -1.9902 3.5466, 1.5335 -1.9897 3.5568, 1.5335 -1.9924 3.579, 1.5335 -1.9984 3.5942, 1.5335 -2.0083 3.6082, 1.5335 -2.0139 3.6136, 1.5335 -2.0306 3.625, 1.5335 -2.0499 3.6321, 1.5335 -2.0744 3.6348, 1.5335 -2.1201 3.6348, 1.5335 -2.0752 3.6164, 1.5335 -2.0994 3.6164, 1.5335 -2.0994 3.4929, 1.5335 -2.0762 3.4929, 1.5335 -2.0285 3.5096, 1.5335 -2.0303 3.508, 1.5335 -2.0406 3.5008, 1.5335 -2.0538 3.4956, 1.5335 -2.0114 3.5562, 1.5335 -2.0123 3.5435, 1.5335 -2.0158 3.5294, 1.5335 -2.0216 3.5179, 1.5335 -2.029 3.6013, 1.5335 -2.0246 3.597, 1.5335 -2.0184 3.5881, 1.5335 -2.0139 3.5764, 1.5335 -2.0546 3.6141, 1.5335 -2.0407 3.6091
            ]
        }
        coordIndex [
            0,1,2,-1,3,4,5,-1,3,5,6,-1,6,5,7,-1,6,7,2,-1,2,7,8,-1,2,8,0,-1,9,1,10,-1,10,1,0,-1,9,10,11,-1,11,10,12,-1,13,14,15,-1,15,14,11,-1,15,11,16,-1,16,11,12,-1,14,13,17,-1,17,13,18,-1,18,19,17,-1,17,19,20,-1,17,20,21,-1,21,20,22,-1,21,22,23,-1,23,22,24,-1,23,24,25,-1,25,24,26,-1,25,26,27,-1,27,26,28,-1,27,28,29,-1,29,28,30,-1,29,30,31,-1,31,30,32,-1,31,32,33,-1,33,32,34,-1,33,34,35,-1,35,34,36,-1,35,36,37,-1,37,36,38,-1,37,38,39,-1,39,38,40,-1,39,40,41,-1,41,40,42,-1,41,42,43,-1,43,42,44,-1,43,44,45,-1,45,44,46,-1,45,46,47,-1,47,46,48,-1,47,48,49,-1,49,48,50,-1,49,50,51,-1,51,50,52,-1,51,52,53,-1,53,52,54,-1,53,54,55,-1,55,54,56,-1,55,56,57,-1,57,56,58,-1,57,58,59,-1,59,58,60,-1,59,60,61,-1,61,60,62,-1,61,62,63,-1,63,62,64,-1,63,64,65,-1,65,64,66,-1,65,66,67,-1,67,66,68,-1,67,68,69,-1,69,68,70,-1,69,70,71,-1,71,70,72,-1,71,72,73,-1,73,72,74,-1,73,74,75,-1,76,75,77,-1,77,75,74,-1,76,77,78,-1,76,78,79,-1,79,78,80,-1,79,80,81,-1,81,80,82,-1,81,82,83,-1,83,82,84,-1,83,84,85,-1,85,84,86,-1,85,86,87,-1,87,86,88,-1,88,86,89,-1,89,90,88,-1,88,90,91,-1,88,91,92,-1,92,91,93,-1,92,93,94,-1,94,93,95,-1,94,95,96,-1,96,95,97,-1,96,97,98,-1,98,97,99,-1,98,99,100,-1,100,99,101,-1,100,101,102,-1,103,104,105,-1,102,101,106,-1,102,106,107,-1,107,106,108,-1,107,108,105,-1,105,108,109,-1,105,109,103,-1,104,103,110,-1,104,110,111,-1,111,110,112,-1,111,112,113,-1,113,112,114,-1,113,114,115,-1,115,114,116,-1,115,116,117,-1,117,116,118,-1,117,118,119,-1,119,118,120,-1,119,120,121,-1,121,120,122,-1,121,122,123,-1,123,122,124,-1,123,124,125,-1,125,124,126,-1,125,126,127,-1,127,126,128,-1,127,128,129,-1,129,128,130,-1,129,130,131,-1,131,130,132,-1,131,132,133,-1,133,132,134,-1,133,134,135,-1,135,134,4,-1,135,4,3,-1,59,61,87,-1,87,61,85,-1,85,61,63,-1,85,63,83,-1,125,25,27,-1,111,43,104,-1,104,43,45,-1,125,27,123,-1,123,27,29,-1,123,29,121,-1,121,29,31,-1,121,31,119,-1,119,31,33,-1,119,33,117,-1,117,33,35,-1,117,35,115,-1,115,35,37,-1,115,37,113,-1,113,37,39,-1,113,39,111,-1,111,39,41,-1,111,41,43,-1,25,125,23,-1,23,125,127,-1,23,127,21,-1,14,3,11,-1,11,3,6,-1,11,6,9,-1,9,6,2,-1,9,2,1,-1,63,65,83,-1,83,65,67,-1,83,67,81,-1,81,67,69,-1,81,69,79,-1,79,69,71,-1,79,71,76,-1,76,71,73,-1,76,73,75,-1,127,129,21,-1,21,129,131,-1,21,131,17,-1,17,131,133,-1,17,133,14,-1,14,133,135,-1,14,135,3,-1,87,88,59,-1,59,88,92,-1,59,92,57,-1,57,92,94,-1,57,94,55,-1,55,94,96,-1,55,96,53,-1,53,96,98,-1,53,98,51,-1,51,98,100,-1,51,100,49,-1,49,100,102,-1,49,102,47,-1,47,102,107,-1,47,107,45,-1,45,107,105,-1,45,105,104,-1,136,137,138,-1,138,137,139,-1,140,136,141,-1,141,136,138,-1,140,141,142,-1,140,142,143,-1,143,142,144,-1,143,144,145,-1,146,145,147,-1,147,145,144,-1,148,146,149,-1,149,146,147,-1,150,151,152,-1,152,151,148,-1,152,148,149,-1,153,151,154,-1,154,151,150,-1,155,156,157,-1,157,156,153,-1,157,153,154,-1,158,159,160,-1,160,159,156,-1,160,156,155,-1,158,161,159,-1,159,161,162,-1,161,163,162,-1,162,163,164,-1,162,164,165,-1,165,164,166,-1,165,166,167,-1,167,166,168,-1,167,168,169,-1,169,168,170,-1,169,170,171,-1,171,170,172,-1,171,172,173,-1,173,172,174,-1,173,174,175,-1,175,174,176,-1,175,176,177,-1,178,177,179,-1,179,177,176,-1,178,179,180,-1,178,180,181,-1,181,180,182,-1,181,182,183,-1,183,182,184,-1,183,184,185,-1,185,184,186,-1,185,186,187,-1,186,188,187,-1,187,188,189,-1,187,189,190,-1,190,189,191,-1,190,191,192,-1,192,191,193,-1,192,193,194,-1,139,137,195,-1,195,137,194,-1,195,194,193,-1,143,145,194,-1,137,136,194,-1,194,136,140,-1,194,140,143,-1,151,153,148,-1,148,153,156,-1,148,156,146,-1,145,146,194,-1,194,146,156,-1,194,156,192,-1,156,159,192,-1,192,159,162,-1,192,162,190,-1,190,162,165,-1,190,165,187,-1,187,165,167,-1,187,167,185,-1,185,167,169,-1,185,169,183,-1,183,169,171,-1,183,171,181,-1,181,171,173,-1,181,173,178,-1,178,173,175,-1,178,175,177,-1,196,197,198,-1,198,197,199,-1,200,201,202,-1,202,201,196,-1,202,196,198,-1,203,201,204,-1,204,201,200,-1,205,206,207,-1,207,206,203,-1,207,203,204,-1,208,206,209,-1,209,206,205,-1,210,211,212,-1,212,211,208,-1,212,208,209,-1,213,211,214,-1,214,211,210,-1,215,216,217,-1,217,216,213,-1,217,213,214,-1,218,216,219,-1,219,216,215,-1,220,221,222,-1,222,221,218,-1,222,218,219,-1,223,221,224,-1,224,221,220,-1,199,197,225,-1,225,197,223,-1,225,223,224,-1,223,197,196,-1,196,201,223,-1,223,201,203,-1,223,203,221,-1,216,218,213,-1,213,218,221,-1,213,221,211,-1,211,221,203,-1,211,203,208,-1,208,203,206,-1,226,227,228,-1,228,227,229,-1,228,229,230,-1,230,229,231,-1,230,231,232,-1,232,231,233,-1,232,233,234,-1,234,233,235,-1,234,235,236,-1,236,235,237,-1,236,237,238,-1,238,237,239,-1,238,239,240,-1,240,239,241,-1,240,241,242,-1,242,241,243,-1,242,243,244,-1,244,243,245,-1,244,245,246,-1,246,245,247,-1,246,247,248,-1,248,247,249,-1,248,249,250,-1,250,249,251,-1,250,251,252,-1,252,251,253,-1,252,253,254,-1,254,253,255,-1,254,255,256,-1,256,255,257,-1,256,257,258,-1,258,257,259,-1,258,259,226,-1,226,259,260,-1,226,260,227,-1,232,234,261,-1,261,234,262,-1,232,261,263,-1,232,263,230,-1,230,263,264,-1,230,264,228,-1,228,264,265,-1,228,265,226,-1,226,265,266,-1,226,266,258,-1,258,266,267,-1,258,267,256,-1,256,267,268,-1,256,268,254,-1,254,268,269,-1,254,269,252,-1,252,269,270,-1,252,270,250,-1,250,270,271,-1,250,271,248,-1,248,271,272,-1,248,272,246,-1,246,272,273,-1,246,273,244,-1,244,273,274,-1,244,274,242,-1,242,274,275,-1,242,275,240,-1,240,275,276,-1,240,276,238,-1,236,238,277,-1,277,238,276,-1,234,236,262,-1,262,236,277,-1,239,237,278,-1,278,237,279,-1,237,235,279,-1,279,235,280,-1,235,233,280,-1,280,233,281,-1,260,282,283,-1,260,283,227,-1,227,283,284,-1,227,284,229,-1,229,284,285,-1,229,285,231,-1,231,285,281,-1,231,281,233,-1,253,286,287,-1,253,287,255,-1,255,287,288,-1,255,288,257,-1,257,288,289,-1,257,289,259,-1,259,289,282,-1,259,282,260,-1,245,290,291,-1,245,291,247,-1,247,291,292,-1,247,292,249,-1,249,292,293,-1,249,293,251,-1,251,293,286,-1,251,286,253,-1,239,278,294,-1,239,294,241,-1,241,294,295,-1,241,295,243,-1,243,295,290,-1,243,290,245,-1,
        ]
    }
}
Shape{
    appearance Appearance {
        material  Material 	{
            diffuseColor 0.2235294117647059 0.2235294117647059 0.2235294117647059
            specularColor 0.11372549019607843 0.11372549019607843 0.11372549019607843
            ambientIntensity 0.2235
            transparency 0.0
            shininess 0.5
        }
    }
    geometry IndexedFaceSet {
        ccw TRUE
        solid FALSE
        coord DEF co Coordinate {
            point [
                1.5335 -2.0994 3.6164, 1.5335 -2.0994 3.4929, 1.5335 -2.0752 3.6164, 1.5335 -2.0762 3.4929, 1.5335 -2.0303 3.508, 1.5335 -2.0285 3.5096, 1.5335 -2.0216 3.5179, 1.5335 -2.0538 3.4956, 1.5335 -2.0406 3.5008, 1.5335 -2.0158 3.5294, 1.5335 -2.0123 3.5435, 1.5335 -2.0114 3.5562, 1.5335 -2.0407 3.6091, 1.5335 -2.0546 3.6141, 1.5335 -2.029 3.6013, 1.5335 -2.0246 3.597, 1.5335 -2.0139 3.5764, 1.5335 -2.0184 3.5881
            ]
        }
        coordIndex [
            0,1,2,-1,2,1,3,-1,4,5,2,-1,2,5,6,-1,3,7,2,-1,2,7,8,-1,2,8,4,-1,6,9,2,-1,2,9,10,-1,2,10,11,-1,12,13,14,-1,14,13,2,-1,14,2,15,-1,11,16,2,-1,2,16,17,-1,2,17,15,-1,
        ]
    }
}
Shape{
    appearance Appearance {
        material  Material 	{
            diffuseColor 1.0 1.0 1.0
            specularColor 0.5019607843137255 0.5019607843137255 0.5019607843137255
            ambientIntensity 1.0
            transparency 0.0
            shininess 0.5
        }
    }
    geometry IndexedFaceSet {
        ccw TRUE
        solid FALSE
        coord DEF co Coordinate {
            point [
                1.5374 -1.936 3.5366, 1.5374 -1.9426 3.5185, 1.5374 -1.8823 3.5366, 1.5374 -1.8759 3.5185, 1.5374 -1.9121 3.6031, 1.5374 -1.9198 3.6348, 1.5374 -1.9808 3.4747, 1.5374 -1.958 3.4747, 1.5374 -1.9107 3.6079, 1.5374 -1.9095 3.6143, 1.5374 -1.8977 3.6348, 1.5374 -1.909 3.6143, 1.5374 -1.9077 3.6076, 1.5374 -1.9065 3.6031, 1.5374 -1.8367 3.4747, 1.5374 -1.8596 3.4747, 1.5335 -1.8977 3.6348, 1.5335 -1.8367 3.4747, 1.5335 -1.9198 3.6348, 1.5335 -1.9808 3.4747, 1.5335 -1.958 3.4747, 1.5335 -1.9426 3.5185, 1.5335 -1.8759 3.5185, 1.5335 -1.8596 3.4747, 1.5335 -1.936 3.5366, 1.5335 -1.8823 3.5366, 1.5335 -1.9065 3.6031, 1.5335 -1.909 3.6143, 1.5335 -1.9077 3.6076, 1.5335 -1.9095 3.6143, 1.5335 -1.9121 3.6031, 1.5335 -1.9107 3.6079
            ]
        }
        coordIndex [
            0,1,2,-1,2,1,3,-1,4,5,0,-1,0,5,6,-1,0,6,1,-1,1,6,7,-1,4,8,5,-1,5,8,9,-1,5,9,10,-1,10,9,11,-1,10,11,12,-1,12,13,10,-1,10,13,2,-1,10,2,14,-1,14,2,3,-1,14,3,15,-1,10,14,16,-1,16,14,17,-1,5,10,18,-1,18,10,16,-1,6,5,19,-1,19,5,18,-1,7,6,20,-1,20,6,19,-1,1,7,21,-1,21,7,20,-1,3,1,22,-1,22,1,21,-1,15,3,23,-1,23,3,22,-1,14,15,17,-1,17,15,23,-1,0,2,24,-1,24,2,25,-1,2,13,25,-1,25,13,26,-1,11,27,28,-1,11,28,12,-1,12,28,26,-1,12,26,13,-1,11,9,27,-1,27,9,29,-1,4,30,31,-1,4,31,8,-1,8,31,29,-1,8,29,9,-1,4,0,30,-1,30,0,24,-1,
        ]
    }
}
Shape{
    appearance Appearance {
        material  Material 	{
            diffuseColor 0.2235294117647059 0.2235294117647059 0.2235294117647059
            specularColor 0.11372549019607843 0.11372549019607843 0.11372549019607843
            ambientIntensity 0.2235
            transparency 0.0
            shininess 0.5
        }
    }
    geometry IndexedFaceSet {
        ccw TRUE
        solid FALSE
        coord DEF co Coordinate {
            point [
                1.5335 -1.909 3.6143, 1.5335 -1.9095 3.6143, 1.5335 -1.9077 3.6076, 1.5335 -1.9107 3.6079, 1.5335 -1.9065 3.6031, 1.5335 -1.9121 3.6031, 1.5335 -1.8823 3.5366, 1.5335 -1.936 3.5366
            ]
        }
        coordIndex [
            0,1,2,-1,2,1,3,-1,2,3,4,-1,4,3,5,-1,4,5,6,-1,6,5,7,-1,
        ]
    }
}
Shape{
    appearance Appearance {
        material  Material 	{
            diffuseColor 1.0 1.0 1.0
            specularColor 0.5019607843137255 0.5019607843137255 0.5019607843137255
            ambientIntensity 1.0
            transparency 0.0
            shininess 0.5
        }
    }
    geometry IndexedFaceSet {
        ccw TRUE
        solid FALSE
        coord DEF co Coordinate {
            point [
                1.5374 -3.3872 3.452, 1.5374 -3.3703 3.4311, 1.5374 -3.3975 3.5527, 1.5374 -2.8817 3.6324, 1.5374 -2.8844 3.6102, 1.5374 -2.8166 3.592, 1.5374 -3.282 3.555, 1.5374 -3.2715 3.5512, 1.5374 -3.1766 3.5242, 1.5374 -3.2623 3.545, 1.5374 -3.255 3.5368, 1.5374 -3.0172 3.6085, 1.5374 -3.0525 3.6688, 1.5374 -3.205 3.5891, 1.5374 -3.2916 3.5561, 1.5374 -3.3213 3.4787, 1.5374 -3.3122 3.4724, 1.5374 -3.348 3.4143, 1.5374 -3.3017 3.4684, 1.5374 -3.4222 3.5679, 1.5374 -3.4175 3.4823, 1.5374 -3.3986 3.4764, 1.5374 -3.2501 3.5275, 1.5374 -3.2475 3.5169, 1.5374 -3.1766 3.5128, 1.5374 -3.2475 3.5066, 1.5374 -3.3013 3.555, 1.5374 -3.3176 3.6245, 1.5374 -3.3113 3.5514, 1.5374 -3.3427 3.6149, 1.5374 -3.3204 3.5454, 1.5374 -3.366 3.5987, 1.5374 -3.3279 3.5373, 1.5374 -3.3848 3.5772, 1.5374 -3.3331 3.5274, 1.5374 -3.3357 3.5164, 1.5374 -2.9796 3.7212, 1.5374 -2.9705 3.7212, 1.5374 -2.9238 3.7827, 1.5374 -2.9489 3.7185, 1.5374 -2.9178 3.7806, 1.5374 -2.929 3.7109, 1.5374 -2.8839 3.7637, 1.5374 -2.8531 3.7375, 1.5374 -3.2999 3.7587, 1.5374 -3.2916 3.7542, 1.5374 -3.3269 3.8373, 1.5374 -3.275 3.7889, 1.5374 -3.3035 3.8645, 1.5374 -3.2498 3.8197, 1.5374 -3.2768 3.8874, 1.5374 -3.2181 3.843, 1.5374 -3.2492 3.9045, 1.5374 -3.2491 3.6201, 1.5374 -3.2765 3.627, 1.5374 -3.2904 3.6278, 1.5374 -2.8311 3.556, 1.5374 -2.8923 3.5899, 1.5374 -2.8532 3.5253, 1.5374 -2.9853 3.8726, 1.5374 -3.0272 3.8178, 1.5374 -2.9482 3.8298, 1.5374 -3.0022 3.7865, 1.5374 -2.9855 3.7494, 1.5374 -3.4427 3.5889, 1.5374 -3.4897 3.531, 1.5374 -3.4581 3.5034, 1.5374 -3.4624 3.6849, 1.5374 -3.5371 3.6677, 1.5374 -3.4658 3.6574, 1.5374 -3.5375 3.6551, 1.5374 -3.4644 3.64, 1.5374 -3.5329 3.6145, 1.5374 -3.4563 3.6121, 1.5374 -3.5176 3.5719, 1.5374 -3.4934 3.5353, 1.5374 -2.9113 3.6985, 1.5374 -2.8981 3.6837, 1.5374 -2.83 3.705, 1.5374 -2.8876 3.6641, 1.5374 -2.8162 3.6702, 1.5374 -2.8822 3.6422, 1.5374 -2.8111 3.6335, 1.5374 -2.8112 3.6293, 1.5374 -2.9048 3.5722, 1.5374 -2.9064 3.5704, 1.5374 -2.8849 3.4987, 1.5374 -2.9232 3.5567, 1.5374 -2.9197 3.4819, 1.5374 -2.9433 3.5474, 1.5374 -2.9568 3.4741, 1.5374 -2.9637 3.5436, 1.5374 -3.024 3.4741, 1.5374 -3.0149 3.5436, 1.5374 -3.0301 3.475, 1.5374 -3.1967 3.9248, 1.5374 -3.1808 3.8581, 1.5374 -3.1402 3.9318, 1.5374 -3.139 3.8635, 1.5374 -3.0932 3.9269, 1.5374 -3.1015 3.859, 1.5374 -3.0361 3.9067, 1.5374 -3.0657 3.8456, 1.5374 -3.0336 3.8237, 1.5374 -3.3254 3.768, 1.5374 -3.34 3.8389, 1.5374 -3.3519 3.7713, 1.5374 -3.3531 3.8396, 1.5374 -3.3636 3.7707, 1.5374 -3.3939 3.835, 1.5374 -3.3917 3.764, 1.5374 -3.4364 3.8196, 1.5374 -3.4171 3.7506, 1.5374 -3.4745 3.7939, 1.5374 -3.4369 3.733, 1.5374 -3.484 3.7849, 1.5374 -3.4527 3.7103, 1.5374 -3.5094 3.7531, 1.5374 -3.5284 3.7126, 1.5374 -3.3285 3.487, 1.5374 -3.3333 3.4964, 1.5374 -3.3357 3.5069, 1.5374 -3.2249 3.6072, 1.5374 -3.3218 3.4032, 1.5374 -3.2949 3.399, 1.5374 -3.2916 3.4673, 1.5374 -3.2904 3.399, 1.5374 -3.2818 3.4683, 1.5374 -3.2629 3.4023, 1.5374 -3.2718 3.4719, 1.5374 -3.2375 3.4121, 1.5374 -3.2629 3.4778, 1.5374 -3.2148 3.4279, 1.5374 -3.2555 3.4859, 1.5374 -3.1972 3.4476, 1.5374 -3.2502 3.4957, 1.5374 -3.1838 3.473, 1.5374 -3.1772 3.5011, 1.5374 -3.0206 3.5446, 1.5374 -3.0481 3.4861, 1.5374 -3.0451 3.4831, 1.5374 -3.057 3.5094, 1.5374 -3.056 3.501, 1.5374 -3.053 3.4933, 1.5374 -3.0172 3.5439, 1.5374 -3.0376 3.4779, 1.5374 -3.0303 3.5436, 1.5374 -3.0381 3.5406, 1.5374 -3.0569 3.5129, 1.5374 -3.0451 3.5357, 1.5374 -3.0506 3.5296, 1.5374 -3.0548 3.5216, 1.5374 -3.0217 3.5447, 1.5335 -2.8111 3.6335, 1.5335 -2.8162 3.6702, 1.5335 -2.8459 3.7274, 1.5335 -2.8202 3.6804, 1.5335 -2.83 3.705, 1.5335 -2.8531 3.7375, 1.5335 -2.8839 3.7637, 1.5335 -2.9178 3.7806, 1.5335 -2.9238 3.7827, 1.5335 -2.9482 3.8298, 1.5335 -2.9853 3.8726, 1.5335 -3.0115 3.8902, 1.5335 -3.0361 3.9067, 1.5335 -3.0932 3.9269, 1.5335 -3.1402 3.9318, 1.5335 -3.1967 3.9248, 1.5335 -3.2492 3.9045, 1.5335 -3.2723 3.8902, 1.5335 -3.2768 3.8874, 1.5335 -3.3035 3.8645, 1.5335 -3.3269 3.8373, 1.5335 -3.34 3.8389, 1.5335 -3.3531 3.8396, 1.5335 -3.3939 3.835, 1.5335 -3.4364 3.8196, 1.5335 -3.4745 3.7939, 1.5335 -3.484 3.7849, 1.5335 -3.5375 3.6551, 1.5335 -3.5094 3.7531, 1.5335 -3.5214 3.7274, 1.5335 -3.5284 3.7126, 1.5335 -3.5346 3.6804, 1.5335 -3.5371 3.6677, 1.5335 -3.5329 3.6145, 1.5335 -3.5176 3.5719, 1.5335 -3.4934 3.5353, 1.5335 -3.4897 3.531, 1.5335 -3.4581 3.5034, 1.5335 -3.4175 3.4823, 1.5335 -3.3986 3.4764, 1.5335 -3.3972 3.4733, 1.5335 -3.3872 3.452, 1.5335 -3.3703 3.4311, 1.5335 -3.348 3.4143, 1.5335 -3.3375 3.4099, 1.5335 -3.3218 3.4032, 1.5335 -3.2949 3.399, 1.5335 -3.2904 3.399, 1.5335 -3.1766 3.5128, 1.5335 -3.2629 3.4023, 1.5335 -3.2433 3.4099, 1.5335 -3.2375 3.4121, 1.5335 -3.2148 3.4279, 1.5335 -3.1972 3.4476, 1.5335 -3.1838 3.473, 1.5335 -3.1837 3.4733, 1.5335 -3.1772 3.5011, 1.5335 -3.1766 3.5242, 1.5335 -3.0172 3.6085, 1.5335 -3.0525 3.6688, 1.5335 -3.205 3.5891, 1.5335 -3.2249 3.6072, 1.5335 -3.2491 3.6201, 1.5335 -3.2765 3.627, 1.5335 -3.2904 3.6278, 1.5335 -3.3176 3.6245, 1.5335 -3.3427 3.6149, 1.5335 -3.366 3.5987, 1.5335 -3.3848 3.5772, 1.5335 -3.3975 3.5527, 1.5335 -3.4222 3.5679, 1.5335 -3.4427 3.5889, 1.5335 -3.4563 3.6121, 1.5335 -3.4644 3.64, 1.5335 -3.4658 3.6574, 1.5335 -3.463 3.6804, 1.5335 -3.4624 3.6849, 1.5335 -3.4527 3.7103, 1.5335 -3.4408 3.7274, 1.5335 -3.4369 3.733, 1.5335 -3.4171 3.7506, 1.5335 -3.3917 3.764, 1.5335 -3.3636 3.7707, 1.5335 -3.3519 3.7713, 1.5335 -3.3254 3.768, 1.5335 -3.2999 3.7587, 1.5335 -3.2916 3.7542, 1.5335 -3.275 3.7889, 1.5335 -3.2498 3.8197, 1.5335 -3.2181 3.843, 1.5335 -3.1808 3.8581, 1.5335 -3.139 3.8635, 1.5335 -3.1015 3.859, 1.5335 -3.0657 3.8456, 1.5335 -3.0336 3.8237, 1.5335 -3.0272 3.8178, 1.5335 -3.0022 3.7865, 1.5335 -2.9855 3.7494, 1.5335 -2.9809 3.7274, 1.5335 -2.9796 3.7212, 1.5335 -2.9705 3.7212, 1.5335 -2.9489 3.7185, 1.5335 -2.929 3.7109, 1.5335 -2.9113 3.6985, 1.5335 -2.8981 3.6837, 1.5335 -2.8963 3.6804, 1.5335 -2.8876 3.6641, 1.5335 -2.8822 3.6422, 1.5335 -2.8817 3.6324, 1.5335 -2.8844 3.6102, 1.5335 -2.8923 3.5899, 1.5335 -2.9048 3.5722, 1.5335 -2.9064 3.5704, 1.5335 -2.9232 3.5567, 1.5335 -2.9433 3.5474, 1.5335 -2.9637 3.5436, 1.5335 -3.0149 3.5436, 1.5335 -3.0172 3.5439, 1.5335 -3.0206 3.5446, 1.5335 -3.0217 3.5447, 1.5335 -3.0303 3.5436, 1.5335 -3.0381 3.5406, 1.5335 -3.0451 3.5357, 1.5335 -3.0506 3.5296, 1.5335 -3.0548 3.5216, 1.5335 -3.0569 3.5129, 1.5335 -3.057 3.5094, 1.5335 -3.056 3.501, 1.5335 -3.053 3.4933, 1.5335 -3.0481 3.4861, 1.5335 -3.0451 3.4831, 1.5335 -3.0376 3.4779, 1.5335 -3.0301 3.475, 1.5335 -3.024 3.4741, 1.5335 -2.9568 3.4741, 1.5335 -2.9197 3.4819, 1.5335 -2.8849 3.4987, 1.5335 -2.8532 3.5253, 1.5335 -2.8311 3.556, 1.5335 -2.8166 3.592, 1.5335 -2.8112 3.6293, 1.5335 -3.2916 3.5561, 1.5335 -3.282 3.555, 1.5335 -3.2715 3.5512, 1.5335 -3.2623 3.545, 1.5335 -3.255 3.5368, 1.5335 -3.2501 3.5275, 1.5335 -3.2475 3.5169, 1.5335 -3.2475 3.5066, 1.5335 -3.2502 3.4957, 1.5335 -3.2555 3.4859, 1.5335 -3.2629 3.4778, 1.5335 -3.2718 3.4719, 1.5335 -3.2818 3.4683, 1.5335 -3.2916 3.4673, 1.5335 -3.3017 3.4684, 1.5335 -3.3122 3.4724, 1.5335 -3.3213 3.4787, 1.5335 -3.3285 3.487, 1.5335 -3.3333 3.4964, 1.5335 -3.3357 3.5069, 1.5335 -3.3357 3.5164, 1.5335 -3.3331 3.5274, 1.5335 -3.3279 3.5373, 1.5335 -3.3204 3.5454, 1.5335 -3.3113 3.5514, 1.5335 -3.3013 3.555
            ]
        }
        coordIndex [
            0,1,2,-1,3,4,5,-1,6,7,8,-1,8,7,9,-1,8,9,10,-1,11,12,8,-1,8,12,13,-1,8,13,6,-1,6,13,14,-1,15,1,16,-1,16,1,17,-1,16,17,18,-1,19,20,2,-1,2,20,21,-1,2,21,0,-1,10,22,8,-1,8,22,23,-1,8,23,24,-1,24,23,25,-1,26,27,28,-1,28,27,29,-1,28,29,30,-1,30,29,31,-1,30,31,32,-1,32,31,33,-1,32,33,34,-1,34,33,2,-1,34,2,35,-1,36,37,38,-1,38,37,39,-1,38,39,40,-1,40,39,41,-1,40,41,42,-1,42,41,43,-1,44,45,46,-1,46,45,47,-1,46,47,48,-1,48,47,49,-1,48,49,50,-1,50,49,51,-1,50,51,52,-1,53,54,26,-1,26,54,55,-1,26,55,27,-1,5,4,56,-1,56,4,57,-1,56,57,58,-1,59,60,61,-1,61,60,62,-1,61,62,38,-1,38,62,63,-1,38,63,36,-1,64,65,19,-1,19,65,66,-1,19,66,20,-1,67,68,69,-1,69,68,70,-1,69,70,71,-1,71,70,72,-1,71,72,73,-1,73,72,74,-1,73,74,64,-1,64,74,75,-1,64,75,65,-1,41,76,43,-1,43,76,77,-1,43,77,78,-1,78,77,79,-1,78,79,80,-1,80,79,81,-1,80,81,82,-1,82,81,3,-1,82,3,83,-1,83,3,5,-1,57,84,58,-1,58,84,85,-1,58,85,86,-1,86,85,87,-1,86,87,88,-1,88,87,89,-1,88,89,90,-1,90,89,91,-1,90,91,92,-1,92,91,93,-1,92,93,94,-1,52,51,95,-1,95,51,96,-1,95,96,97,-1,97,96,98,-1,97,98,99,-1,99,98,100,-1,99,100,101,-1,101,100,102,-1,101,102,59,-1,59,102,103,-1,59,103,60,-1,44,46,104,-1,104,46,105,-1,104,105,106,-1,106,105,107,-1,106,107,108,-1,108,107,109,-1,108,109,110,-1,110,109,111,-1,110,111,112,-1,112,111,113,-1,112,113,114,-1,114,113,115,-1,114,115,116,-1,116,115,117,-1,116,117,67,-1,67,117,118,-1,67,118,68,-1,15,119,1,-1,1,119,120,-1,1,120,2,-1,2,120,121,-1,2,121,35,-1,14,13,26,-1,26,13,122,-1,26,122,53,-1,17,123,18,-1,18,123,124,-1,18,124,125,-1,125,124,126,-1,125,126,127,-1,127,126,128,-1,127,128,129,-1,129,128,130,-1,129,130,131,-1,131,130,132,-1,131,132,133,-1,133,132,134,-1,133,134,135,-1,135,134,136,-1,135,136,25,-1,25,136,137,-1,25,137,24,-1,138,139,140,-1,141,142,138,-1,138,142,143,-1,138,143,139,-1,93,144,94,-1,94,144,138,-1,94,138,145,-1,145,138,140,-1,146,147,148,-1,147,149,148,-1,148,149,150,-1,148,150,151,-1,141,138,148,-1,148,138,152,-1,148,152,146,-1,82,153,154,-1,155,43,78,-1,82,154,80,-1,80,154,156,-1,80,156,78,-1,78,156,157,-1,78,157,155,-1,155,158,43,-1,43,158,159,-1,43,159,42,-1,42,159,160,-1,42,160,40,-1,40,160,161,-1,40,161,38,-1,38,161,162,-1,38,162,61,-1,61,162,163,-1,61,163,59,-1,101,59,164,-1,164,59,163,-1,164,165,101,-1,101,165,166,-1,101,166,99,-1,99,166,167,-1,99,167,97,-1,97,167,168,-1,97,168,95,-1,95,168,169,-1,95,169,52,-1,52,169,50,-1,50,169,170,-1,50,170,171,-1,50,171,172,-1,50,172,48,-1,48,172,173,-1,48,173,46,-1,46,173,174,-1,46,174,105,-1,105,174,175,-1,105,175,107,-1,107,175,176,-1,107,176,109,-1,109,176,177,-1,109,177,111,-1,111,177,178,-1,111,178,113,-1,113,178,179,-1,113,179,115,-1,180,70,68,-1,115,179,181,-1,115,181,117,-1,117,181,182,-1,117,182,118,-1,182,183,118,-1,118,183,184,-1,118,184,68,-1,68,184,185,-1,68,185,180,-1,70,180,186,-1,70,186,72,-1,72,186,187,-1,72,187,74,-1,74,187,188,-1,74,188,75,-1,75,188,189,-1,75,189,65,-1,65,189,190,-1,65,190,66,-1,66,190,191,-1,66,191,20,-1,20,191,192,-1,20,192,21,-1,21,192,193,-1,21,193,0,-1,193,194,0,-1,0,194,195,-1,0,195,1,-1,1,195,196,-1,1,196,17,-1,17,196,197,-1,17,197,123,-1,197,198,123,-1,123,198,199,-1,123,199,124,-1,124,199,200,-1,124,200,126,-1,201,24,137,-1,126,200,202,-1,203,130,202,-1,202,130,128,-1,202,128,126,-1,203,204,130,-1,130,204,205,-1,130,205,132,-1,132,205,206,-1,132,206,134,-1,134,206,207,-1,134,207,136,-1,136,207,208,-1,136,208,137,-1,137,208,209,-1,137,209,201,-1,8,24,210,-1,210,24,201,-1,11,8,211,-1,211,8,210,-1,12,11,212,-1,212,11,211,-1,13,12,213,-1,213,12,212,-1,13,213,214,-1,13,214,122,-1,122,214,215,-1,122,215,53,-1,53,215,216,-1,53,216,54,-1,54,216,217,-1,54,217,55,-1,55,217,218,-1,55,218,27,-1,27,218,219,-1,27,219,29,-1,29,219,220,-1,29,220,31,-1,31,220,221,-1,31,221,33,-1,33,221,222,-1,33,222,2,-1,2,222,223,-1,2,223,19,-1,19,223,224,-1,19,224,64,-1,64,224,225,-1,64,225,73,-1,73,225,226,-1,73,226,71,-1,71,226,227,-1,71,227,69,-1,67,69,227,-1,227,228,67,-1,67,228,229,-1,67,229,230,-1,231,114,230,-1,230,114,116,-1,230,116,67,-1,231,232,114,-1,114,232,233,-1,114,233,112,-1,112,233,234,-1,112,234,110,-1,110,234,235,-1,110,235,108,-1,108,235,236,-1,108,236,106,-1,106,236,237,-1,106,237,104,-1,104,237,238,-1,104,238,44,-1,44,238,239,-1,44,239,45,-1,45,239,240,-1,45,240,47,-1,47,240,241,-1,47,241,49,-1,49,241,242,-1,49,242,51,-1,51,242,243,-1,51,243,96,-1,96,243,244,-1,96,244,98,-1,98,244,245,-1,98,245,100,-1,100,245,246,-1,100,246,102,-1,102,246,247,-1,102,247,103,-1,103,247,248,-1,103,248,60,-1,60,248,249,-1,60,249,62,-1,62,249,250,-1,62,250,63,-1,63,250,36,-1,36,250,251,-1,36,251,252,-1,37,36,253,-1,253,36,252,-1,37,253,254,-1,37,254,39,-1,39,254,255,-1,39,255,41,-1,41,255,256,-1,41,256,76,-1,76,256,257,-1,76,257,77,-1,77,257,258,-1,77,258,79,-1,258,259,79,-1,79,259,260,-1,79,260,81,-1,81,260,261,-1,81,261,3,-1,3,261,262,-1,3,262,4,-1,4,262,263,-1,4,263,57,-1,57,263,264,-1,57,264,84,-1,84,264,265,-1,84,265,85,-1,85,265,266,-1,85,266,87,-1,87,266,267,-1,87,267,89,-1,89,267,268,-1,89,268,91,-1,93,91,269,-1,269,91,268,-1,93,269,270,-1,93,270,144,-1,144,270,271,-1,144,271,138,-1,138,271,272,-1,138,272,152,-1,152,272,273,-1,152,273,146,-1,146,273,274,-1,146,274,147,-1,147,274,275,-1,147,275,149,-1,149,275,276,-1,149,276,150,-1,150,276,277,-1,150,277,151,-1,151,277,278,-1,151,278,148,-1,148,278,279,-1,148,279,141,-1,141,279,280,-1,141,280,142,-1,142,280,281,-1,142,281,143,-1,143,281,282,-1,143,282,139,-1,139,282,283,-1,139,283,140,-1,140,283,284,-1,140,284,145,-1,145,284,285,-1,145,285,94,-1,94,285,286,-1,94,286,92,-1,90,92,287,-1,287,92,286,-1,90,287,288,-1,90,288,88,-1,88,288,289,-1,88,289,86,-1,86,289,290,-1,86,290,58,-1,58,290,291,-1,58,291,56,-1,56,291,292,-1,56,292,5,-1,5,292,293,-1,5,293,83,-1,83,293,153,-1,83,153,82,-1,14,294,295,-1,14,295,6,-1,6,295,296,-1,6,296,7,-1,7,296,297,-1,7,297,9,-1,9,297,298,-1,9,298,10,-1,10,298,299,-1,10,299,22,-1,22,299,300,-1,22,300,23,-1,23,300,301,-1,23,301,25,-1,25,301,302,-1,25,302,135,-1,135,302,303,-1,135,303,133,-1,133,303,304,-1,133,304,131,-1,131,304,305,-1,131,305,129,-1,129,305,306,-1,129,306,127,-1,127,306,307,-1,127,307,125,-1,125,307,308,-1,125,308,18,-1,18,308,309,-1,18,309,16,-1,16,309,310,-1,16,310,15,-1,15,310,311,-1,15,311,119,-1,119,311,312,-1,119,312,120,-1,120,312,313,-1,120,313,121,-1,121,313,314,-1,121,314,35,-1,35,314,315,-1,35,315,34,-1,34,315,316,-1,34,316,32,-1,32,316,317,-1,32,317,30,-1,30,317,318,-1,30,318,28,-1,28,318,319,-1,28,319,26,-1,26,319,294,-1,26,294,14,-1,
        ]
    }
}
Shape{
    appearance Appearance {
        material  Material 	{
            diffuseColor 0.2235294117647059 0.2235294117647059 0.2235294117647059
            specularColor 0.11372549019607843 0.11372549019607843 0.11372549019607843
            ambientIntensity 0.2235
            transparency 0.0
            shininess 0.5
        }
    }
    geometry IndexedFaceSet {
        ccw TRUE
        solid FALSE
        coord DEF co Coordinate {
            point [
                1.5335 -3.2916 3.5561, 1.5335 -3.2916 3.4673, 1.5335 -3.2818 3.4683, 1.5335 -3.3113 3.5514, 1.5335 -3.3357 3.5164, 1.5335 -3.3013 3.555, 1.5335 -3.3357 3.5069, 1.5335 -3.2475 3.5169, 1.5335 -3.2501 3.5275, 1.5335 -3.255 3.5368, 1.5335 -3.2623 3.545, 1.5335 -3.3333 3.4964, 1.5335 -3.3285 3.487, 1.5335 -3.3213 3.4787, 1.5335 -3.2715 3.5512, 1.5335 -3.282 3.555, 1.5335 -3.3204 3.5454, 1.5335 -3.3279 3.5373, 1.5335 -3.3331 3.5274, 1.5335 -3.3122 3.4724, 1.5335 -3.3017 3.4684, 1.5335 -3.2718 3.4719, 1.5335 -3.2629 3.4778, 1.5335 -3.2475 3.5066, 1.5335 -3.2555 3.4859, 1.5335 -3.2502 3.4957
            ]
        }
        coordIndex [
            0,1,2,-1,3,4,5,-1,5,4,6,-1,5,6,0,-1,7,8,2,-1,2,8,9,-1,2,9,10,-1,6,11,0,-1,0,11,12,-1,0,12,13,-1,10,14,2,-1,2,14,15,-1,2,15,0,-1,3,16,4,-1,4,16,17,-1,4,17,18,-1,13,19,0,-1,0,19,20,-1,0,20,1,-1,2,21,7,-1,7,21,22,-1,7,22,23,-1,23,22,24,-1,23,24,25,-1,
        ]
    }
}