#VRML V2.0 utf8


Group {
  children 
    DEF o0 Group {
      children [ 
        DEF o1 Group {
          children 
            DEF o2 Transform {
              translation 0 0 0
              rotation 0 0 1  0
              scale 1 1 1
              scaleOrientation 0 0 1  0
              center 0 0 0
              children [ 
                DEF o3 Group {
                  children [ 
                    DEF o4 Group {
                      children 
                        DEF o5 Shape {
                          appearance 
                          Appearance {
                            material 
                            Material {
                              emissiveColor 0.098039217 0.098039217 0.098039217

                            }

                          }
                          geometry 
                          PointSet {
                            coord 
                            DEF o6 Coordinate {
                              point [ -1.75 -1.2 9.1999998,
                                  -1.9653841 -1.2 9.1738472,
                                  -2.1682508 -1.2 9.0969105,
                                  -2.3468103 -1.2 8.9736595,
                                  -2.4906855 -1.2 8.8112583,
                                  -2.5915146 -1.2 8.6191444,
                                  -2.6434381 -1.2 8.4084826,
                                  -2.6434381 -1.2 8.1915169,
                                  -2.5915146 -1.2 7.9808555,
                                  -2.4906855 -1.2 7.7887416,
                                  -2.3468103 -1.2 7.6263404,
                                  -2.1682508 -1.2 7.5030894,
                                  -1.9653841 -1.2 7.4261522,
                                  -1.75 -1.2 7.4000001,
                                  -1.75 -0.60000002 9.1999998,
                                  -1.9653841 -0.60000002 9.1738472,
                                  -2.1682508 -0.60000002 9.0969105,
                                  -2.3468103 -0.60000002 8.9736595,
                                  -2.4906855 -0.60000002 8.8112583,
                                  -2.5915146 -0.60000002 8.6191444,
                                  -2.6434381 -0.60000002 8.4084826,
                                  -2.6434381 -0.60000002 8.1915169,
                                  -2.5915146 -0.60000002 7.9808555,
                                  -2.4906855 -0.60000002 7.7887416,
                                  -2.3468103 -0.60000002 7.6263404,
                                  -2.1682508 -0.60000002 7.5030894,
                                  -1.9653841 -0.60000002 7.4261522,
                                  -1.75 -0.60000002 7.4000001,
                                  -1.75 -1.2 3.4000001,
                                  -1.9653841 -1.2 3.3738477,
                                  -2.1682508 -1.2 3.2969105,
                                  -2.3468103 -1.2 3.1736596,
                                  -2.4906855 -1.2 3.0112584,
                                  -2.5915146 -1.2 2.8191445,
                                  -2.6434381 -1.2 2.6084831,
                                  -2.6434381 -1.2 2.3915169,
                                  -2.5915146 -1.2 2.1808555,
                                  -2.4906855 -1.2 1.9887418,
                                  -2.3468103 -1.2 1.8263403,
                                  -2.1682508 -1.2 1.7030896,
                                  -1.9653841 -1.2 1.6261524,
                                  -1.75 -1.2 1.6,
                                  -1.75 -0.60000002 3.4000001,
                                  -1.9653841 -0.60000002 3.3738477,
                                  -2.1682508 -0.60000002 3.2969105,
                                  -2.3468103 -0.60000002 3.1736596,
                                  -2.4906855 -0.60000002 3.0112584,
                                  -2.5915146 -0.60000002 2.8191445,
                                  -2.6434381 -0.60000002 2.6084831,
                                  -2.6434381 -0.60000002 2.3915169,
                                  -2.5915146 -0.60000002 2.1808555,
                                  -2.4906855 -0.60000002 1.9887418,
                                  -2.3468103 -0.60000002 1.8263403,
                                  -2.1682508 -0.60000002 1.7030896,
                                  -1.9653841 -0.60000002 1.6261524,
                                  -1.75 -0.60000002 1.6,
                                  1.75 -1.2 9.1999998,
                                  1.5346159 -1.2 9.1738472,
                                  1.3317492 -1.2 9.0969105,
                                  1.1531897 -1.2 8.9736595,
                                  1.0093145 -1.2 8.8112583,
                                  0.90848535 -1.2 8.6191444,
                                  0.85656202 -1.2 8.4084826,
                                  0.85656202 -1.2 8.1915169,
                                  0.90848535 -1.2 7.9808555,
                                  1.0093145 -1.2 7.7887416,
                                  1.1531897 -1.2 7.6263404,
                                  1.3317492 -1.2 7.5030894,
                                  1.5346159 -1.2 7.4261522,
                                  1.75 -1.2 7.4000001,
                                  1.75 -0.60000002 9.1999998,
                                  1.5346159 -0.60000002 9.1738472,
                                  1.3317492 -0.60000002 9.0969105,
                                  1.1531897 -0.60000002 8.9736595,
                                  1.0093145 -0.60000002 8.8112583,
                                  0.90848535 -0.60000002 8.6191444,
                                  0.85656202 -0.60000002 8.4084826,
                                  0.85656202 -0.60000002 8.1915169,
                                  0.90848535 -0.60000002 7.9808555,
                                  1.0093145 -0.60000002 7.7887416,
                                  1.1531897 -0.60000002 7.6263404,
                                  1.3317492 -0.60000002 7.5030894,
                                  1.5346159 -0.60000002 7.4261522,
                                  1.75 -0.60000002 7.4000001,
                                  1.75 -1.2 3.4000001,
                                  1.5346159 -1.2 3.3738477,
                                  1.3317492 -1.2 3.2969105,
                                  1.1531897 -1.2 3.1736596,
                                  1.0093145 -1.2 3.0112584,
                                  0.90848535 -1.2 2.8191445,
                                  0.85656202 -1.2 2.6084831,
                                  0.85656202 -1.2 2.3915169,
                                  0.90848535 -1.2 2.1808555,
                                  1.0093145 -1.2 1.9887418,
                                  1.1531897 -1.2 1.8263403,
                                  1.3317492 -1.2 1.7030896,
                                  1.5346159 -1.2 1.6261524,
                                  1.75 -1.2 1.6,
                                  1.75 -0.60000002 3.4000001,
                                  1.5346159 -0.60000002 3.3738477,
                                  1.3317492 -0.60000002 3.2969105,
                                  1.1531897 -0.60000002 3.1736596,
                                  1.0093145 -0.60000002 3.0112584,
                                  0.90848535 -0.60000002 2.8191445,
                                  0.85656202 -0.60000002 2.6084831,
                                  0.85656202 -0.60000002 2.3915169,
                                  0.90848535 -0.60000002 2.1808555,
                                  1.0093145 -0.60000002 1.9887418,
                                  1.1531897 -0.60000002 1.8263403,
                                  1.3317492 -0.60000002 1.7030896,
                                  1.5346159 -0.60000002 1.6261524,
                                  1.75 -0.60000002 1.6,
                                  3.9000001 -5.5999999 10.8,
                                  3.9000001 5.5999999 10.8,
                                  3.9000001 5.5999999 0,
                                  3.9000001 -5.5999999 0,
                                  3.9000001 -1.9383185 9.1161308,
                                  3.9000001 -2.017652 8.8973656,
                                  3.9000001 -2.0238905 8.873867,
                                  3.9000001 -2.0252423 8.873867,
                                  3.9000001 -2.0314808 8.8977814,
                                  3.9000001 -2.1073833 9.1161308,
                                  3.9000001 -2.164362 9.1161308,
                                  3.9000001 -2.0504045 8.8262463,
                                  3.9000001 -2.0727592 8.7734261,
                                  3.9000001 -2.0833831 8.7542305,
                                  3.9000001 -2.0927401 8.74405,
                                  3.9000001 -2.1026206 8.7374716,
                                  3.9000001 -2.1125169 8.7338791,
                                  3.9000001 -2.1185808 8.7328138,
                                  3.9000001 -2.1249552 8.73246,
                                  3.9000001 -2.1375737 8.7335873,
                                  3.9000001 -2.1456342 8.735467,
                                  3.9000001 -2.1538603 8.7382822,
                                  3.9000001 -2.1538603 8.6929493,
                                  3.9000001 -2.1388359 8.6898556,
                                  3.9000001 -2.1210041 8.6887903,
                                  3.9000001 -2.0995412 8.6913719,
                                  3.9000001 -2.0816596 8.6981115,
                                  3.9000001 -2.0667262 8.7077532,
                                  3.9000001 -2.0528908 8.7207832,
                                  3.9000001 -2.0401516 8.7372007,
                                  3.9000001 -2.0281651 8.7576723,
                                  3.9000001 -2.0173402 8.781744,
                                  3.9000001 -1.8854989 9.1161308,
                                  3.9000001 -2.6611583 9.0957508,
                                  3.9000001 -2.6611583 9.0462589,
                                  3.9000001 -2.6314521 9.0657215,
                                  3.9000001 -2.5997124 9.077467,
                                  3.9000001 -2.5659163 9.0814028,
                                  3.9000001 -2.5479465 9.0794268,
                                  3.9000001 -2.5357809 9.0749302,
                                  3.9000001 -2.5272784 9.0692034,
                                  3.9000001 -2.5208981 9.0625095,
                                  3.9000001 -2.5157232 9.0543575,
                                  3.9000001 -2.5117548 9.0447474,
                                  3.9000001 -2.5082386 9.0289297,
                                  3.9000001 -2.507066 9.0102835,
                                  3.9000001 -2.593158 8.9982224,
                                  3.9000001 -2.63431 8.9876881,
                                  3.9000001 -2.6551256 8.9764137,
                                  3.9000001 -2.6700304 8.9628925,
                                  3.9000001 -2.6800852 8.9477301,
                                  3.9000001 -2.6865387 8.9300261,
                                  3.9000001 -2.6887925 8.9172411,
                                  3.9000001 -2.6895437 8.9033957,
                                  3.9000001 -2.6867709 8.8792038,
                                  3.9000001 -2.68046 8.8622513,
                                  3.9000001 -2.6735063 8.851305,
                                  3.9000001 -2.6645894 8.8416348,
                                  3.9000001 -2.6498616 8.8309793,
                                  3.9000001 -2.6326199 8.8236237,
                                  3.9000001 -2.6159408 8.8199778,
                                  3.9000001 -2.5974212 8.8187599,
                                  3.9000001 -2.5705242 8.8218174,
                                  3.9000001 -2.5491979 8.8297977,
                                  3.9000001 -2.5323491 8.8412151,
                                  3.9000001 -2.519541 8.8543682,
                                  3.9000001 -2.5084178 8.8705397,
                                  3.9000001 -2.507066 8.8705397,
                                  3.9000001 -2.507066 8.8256216,
                                  3.9000001 -2.4561179 8.8256216,
                                  3.9000001 -2.4561179 9.0125704,
                                  3.9000001 -2.4590375 9.0462952,
                                  3.9000001 -2.4666557 9.0713825,
                                  3.9000001 -2.4762912 9.0880527,
                                  3.9000001 -2.487613 9.1002665,
                                  3.9000001 -2.5014448 9.1098404,
                                  3.9000001 -2.5177855 9.1167784,
                                  3.9000001 -2.538027 9.1212835,
                                  3.9000001 -2.5611336 9.1227846,
                                  3.9000001 -2.5974865 9.1197968,
                                  3.9000001 -2.6308358 9.1108007,
                                  3.9000001 -2.7383082 8.871995,
                                  3.9000001 -2.9045656 8.871995,
                                  3.9000001 -2.9045656 9.0088272,
                                  3.9000001 -2.7591035 9.0088272,
                                  3.9000001 -2.7591035 9.0554085,
                                  3.9000001 -2.9045656 9.0554085,
                                  3.9000001 -2.9045656 9.185586,
                                  3.9000001 -2.7475622 9.185586,
                                  3.9000001 -2.7475622 9.2323751,
                                  3.9000001 -2.9570735 9.2323751,
                                  3.9000001 -2.9570735 8.8256216,
                                  3.9000001 -2.7383082 8.8256216,
                                  3.9000001 -2.4213901 9.4877396,
                                  3.9000001 -2.4213901 9.538064,
                                  3.9000001 -2.4528909 9.5229607,
                                  3.9000001 -2.4879038 9.5138645,
                                  3.9000001 -2.5264056 9.5108223,
                                  3.9000001 -2.5667136 9.5155973,
                                  3.9000001 -2.5953488 9.5264463,
                                  3.9000001 -2.6140943 9.5383797,
                                  3.9000001 -2.6309013 9.5536604,
                                  3.9000001 -2.6495512 9.5790882,
                                  3.9000001 -2.6623795 9.608882,
                                  3.9000001 -2.668716 9.6377058,
                                  3.9000001 -2.6708281 9.6696978,
                                  3.9000001 -2.6660798 9.7173882,
                                  3.9000001 -2.653687 9.7543821,
                                  3.9000001 -2.6423268 9.7742262,
                                  3.9000001 -2.628094 9.7919731,
                                  3.9000001 -2.6031122 9.8130808,
                                  3.9000001 -2.5744798 9.8275738,
                                  3.9000001 -2.5472004 9.8347197,
                                  3.9000001 -2.5172558 9.8370981,
                                  3.9000001 -2.4833903 9.8344488,
                                  3.9000001 -2.451443 9.8264389,
                                  3.9000001 -2.4213901 9.8129759,
                                  3.9000001 -2.4213901 9.8678751,
                                  3.9000001 -2.449013 9.8770866,
                                  3.9000001 -2.4811416 9.8826475,
                                  3.9000001 -2.5177755 9.8845119,
                                  3.9000001 -2.5746503 9.8778572,
                                  3.9000001 -2.6197925 9.8604889,
                                  3.9000001 -2.6445601 9.8445683,
                                  3.9000001 -2.6671889 9.8246212,
                                  3.9000001 -2.6946442 9.7895021,
                                  3.9000001 -2.7135162 9.7488108,
                                  3.9000001 -2.7228317 9.709733,
                                  3.9000001 -2.7259352 9.6665783,
                                  3.9000001 -2.7201433 9.6096077,
                                  3.9000001 -2.7050142 9.5651283,
                                  3.9000001 -2.6911361 9.5411301,
                                  3.9000001 -2.6737392 9.519556,
                                  3.9000001 -2.642956 9.4936218,
                                  3.9000001 -2.6070335 9.4757824,
                                  3.9000001 -2.5723791 9.4669704,
                                  3.9000001 -2.5339959 9.4640331,
                                  3.9000001 -2.4783263 9.4687166,
                                  3.9000001 -2.4481013 9.4763985,
                                  3.9000001 -2.7425714 9.5172691,
                                  3.9000001 -2.9045656 9.5172691,
                                  3.9000001 -2.9045656 9.8776493,
                                  3.9000001 -2.9570735 9.8776493,
                                  3.9000001 -2.9570735 9.4708958,
                                  3.9000001 -2.7425714 9.4708958,
                                  3.9000001 -2.121212 9.5172691,
                                  3.9000001 -2.2874691 9.5172691,
                                  3.9000001 -2.2874691 9.6541014,
                                  3.9000001 -2.1420071 9.6541014,
                                  3.9000001 -2.1420071 9.7006826,
                                  3.9000001 -2.2874691 9.7006826,
                                  3.9000001 -2.2874691 9.8308601,
                                  3.9000001 -2.1304657 9.8308601,
                                  3.9000001 -2.1304657 9.8776493,
                                  3.9000001 -2.339977 9.8776493,
                                  3.9000001 -2.339977 9.4708958,
                                  3.9000001 -2.121212 9.4708958,
                                  3.9000001 -1.9324958 9.4708958,
                                  3.9000001 -1.8720243 9.477211,
                                  3.9000001 -1.824276 9.4937201,
                                  3.9000001 -1.7982249 9.508872,
                                  3.9000001 -1.7745566 9.5278749,
                                  3.9000001 -1.7459171 9.5614281,
                                  3.9000001 -1.7262036 9.6004391,
                                  3.9000001 -1.7164603 9.6379747,
                                  3.9000001 -1.7132109 9.679471,
                                  3.9000001 -1.7187386 9.7304392,
                                  3.9000001 -1.7331567 9.7706747,
                                  3.9000001 -1.7510275 9.7989111,
                                  3.9000001 -1.7745566 9.8237896,
                                  3.9000001 -1.8141402 9.8512888,
                                  3.9000001 -1.8593385 9.8690519,
                                  3.9000001 -1.8925899 9.8755016,
                                  3.9000001 -1.9283369 9.8776493,
                                  3.9000001 -2.0443738 9.8776493,
                                  3.9000001 -2.0443738 9.4708958,
                                  3.9000001 -1.4795773 9.8776493,
                                  3.9000001 -1.5357243 9.8776493,
                                  3.9000001 -1.6906482 9.4708958,
                                  3.9000001 -1.6326298 9.4708958,
                                  3.9000001 -1.5935348 9.5821495,
                                  3.9000001 -1.4241582 9.5821495,
                                  3.9000001 -1.382672 9.4708958,
                                  3.9000001 -1.3246534 9.4708958,
                                  3.9000001 -2.387078 8.8884239,
                                  3.9000001 -2.387078 8.8358116,
                                  3.9000001 -2.363364 8.8263998,
                                  3.9000001 -2.3371081 8.8206854,
                                  3.9000001 -2.3082645 8.8187599,
                                  3.9000001 -2.2757623 8.8213243,
                                  3.9000001 -2.2475348 8.8290186,
                                  3.9000001 -2.223628 8.8418427,
                                  3.9000001 -2.2083294 8.8554077,
                                  3.9000001 -2.1986437 8.8697739,
                                  3.9000001 -2.1932335 8.8844357,
                                  3.9000001 -2.1914651 8.8942347,
                                  3.9000001 -2.1908758 8.904644,
                                  3.9000001 -2.1927781 8.9227352,
                                  3.9000001 -2.1984699 8.9387474,
                                  3.9000001 -2.2027295 8.9459743,
                                  3.9000001 -2.2079277 8.9526806,
                                  3.9000001 -2.2228386 8.9654884,
                                  3.9000001 -2.2447274 8.9780664,
                                  3.9000001 -2.2736404 8.9903202,
                                  3.9000001 -2.305171 9.0040445,
                                  3.9000001 -2.323133 9.015274,
                                  3.9000001 -2.3283145 9.0210457,
                                  3.9000001 -2.3316071 9.0271931,
                                  3.9000001 -2.333452 9.033514,
                                  3.9000001 -2.3340566 9.0377665,
                                  3.9000001 -2.3342583 9.0423079,
                                  3.9000001 -2.333339 9.0504227,
                                  3.9000001 -2.3309441 9.0570669,
                                  3.9000001 -2.3275244 9.0624895,
                                  3.9000001 -2.3235924 9.0667515,
                                  3.9000001 -2.3187659 9.0705891,
                                  3.9000001 -2.3074365 9.0766277,
                                  3.9000001 -2.2940505 9.0802164,
                                  3.9000001 -2.2786312 9.0814028,
                                  3.9000001 -2.2520752 9.0790539,
                                  3.9000001 -2.2274828 9.0720367,
                                  3.9000001 -2.2048085 9.0603991,
                                  3.9000001 -2.2048085 9.1098919,
                                  3.9000001 -2.2265818 9.117116,
                                  3.9000001 -2.2495103 9.1213827,
                                  3.9000001 -2.2736404 9.1227846,
                                  3.9000001 -2.3037934 9.1202202,
                                  3.9000001 -2.3306191 9.1125259,
                                  3.9000001 -2.3541176 9.0997019,
                                  3.9000001 -2.3693528 9.0859737,
                                  3.9000001 -2.3790102 9.0717306,
                                  3.9000001 -2.3844104 9.0573692,
                                  3.9000001 -2.3861771 9.0478296,
                                  3.9000001 -2.3867662 9.0377331,
                                  3.9000001 -2.3851681 9.0206881,
                                  3.9000001 -2.3803582 9.0053539,
                                  3.9000001 -2.3723135 8.9917755,
                                  3.9000001 -2.3620701 8.9814587,
                                  3.9000001 -2.3403351 8.967412,
                                  3.9000001 -2.3096161 8.9533043,
                                  3.9000001 -2.2761619 8.9392939,
                                  3.9000001 -2.2562766 8.92731,
                                  3.9000001 -2.2495949 8.920249,
                                  3.9000001 -2.2459116 8.913765,
                                  3.9000001 -2.2438807 8.907135,
                                  3.9000001 -2.2433519 8.9034767,
                                  3.9000001 -2.2431755 8.8996525,
                                  3.9000001 -2.2442725 8.8897572,
                                  3.9000001 -2.2467685 8.8827925,
                                  3.9000001 -2.2503617 8.8771811,
                                  3.9000001 -2.255187 8.8723755,
                                  3.9000001 -2.2612438 8.8683758,
                                  3.9000001 -2.2685316 8.8651829,
                                  3.9000001 -2.2801619 8.8621778,
                                  3.9000001 -2.2910211 8.8608065,
                                  3.9000001 -2.3032737 8.8603497,
                                  3.9000001 -2.3325331 8.8634691,
                                  3.9000001 -2.3604527 8.8728275,
                                  3.9000001 -1.6118345 8.871995,
                                  3.9000001 -1.7780918 8.871995,
                                  3.9000001 -1.7780918 9.0088272,
                                  3.9000001 -1.6326298 9.0088272,
                                  3.9000001 -1.6326298 9.0554085,
                                  3.9000001 -1.7780918 9.0554085,
                                  3.9000001 -1.7780918 9.185586,
                                  3.9000001 -1.6210884 9.185586,
                                  3.9000001 -1.6210884 9.2323751,
                                  3.9000001 -1.8305997 9.2323751,
                                  3.9000001 -1.8305997 8.8256216,
                                  3.9000001 -1.6118345 8.8256216,
                                  3.9000001 -1.4231185 8.8256216,
                                  3.9000001 -1.3626469 8.8319378,
                                  3.9000001 -1.3148985 8.8484459,
                                  3.9000001 -1.2888476 8.8635979,
                                  3.9000001 -1.2651793 8.8826008,
                                  3.9000001 -1.2365396 8.9161539,
                                  3.9000001 -1.2168262 8.9551649,
                                  3.9000001 -1.207083 8.9927015,
                                  3.9000001 -1.2038336 9.0341978,
                                  3.9000001 -1.2093612 9.085166,
                                  3.9000001 -1.2237793 9.1254005,
                                  3.9000001 -1.2416501 9.1536369,
                                  3.9000001 -1.2651793 9.1785164,
                                  3.9000001 -1.3047628 9.2060146,
                                  3.9000001 -1.3499612 9.2237778,
                                  3.9000001 -1.3832126 9.2302275,
                                  3.9000001 -1.4189595 9.2323751,
                                  3.9000001 -1.5349964 9.2323751,
                                  3.9000001 -1.5349964 8.8256216,
                                  3.9000001 -0.97019994 9.2323751,
                                  3.9000001 -1.0263469 9.2323751,
                                  3.9000001 -1.1812708 8.8256216,
                                  3.9000001 -1.1232523 8.8256216,
                                  3.9000001 -1.0841573 8.9368763,
                                  3.9000001 -0.91478086 8.9368763,
                                  3.9000001 -0.87329447 8.8256216,
                                  3.9000001 -0.81527603 8.8256216,
                                  3.9000001 -3.5765018 9.6079359,
                                  3.9000001 -3.6157041 9.6915894,
                                  3.9000001 -3.6684024 9.7681732,
                                  3.9000001 -3.7326684 9.8364019,
                                  3.9000001 -3.8513465 9.9178057,
                                  3.9000001 -3.984163 9.9690046,
                                  3.9000001 -4.125977 9.9867849,
                                  3.9000001 -4.2500105 9.9736109,
                                  3.9000001 -4.3663321 9.9353724,
                                  3.9000001 -4.4730139 9.8739977,
                                  3.9000001 -4.5409751 9.8157969,
                                  3.9000001 -4.6002607 9.7467508,
                                  3.9000001 -4.6667762 9.7525349,
                                  3.9000001 -4.7765093 9.7394953,
                                  3.9000001 -4.8793707 9.7013121,
                                  3.9000001 -4.942277 9.6625834,
                                  3.9000001 -4.9993529 9.6137199,
                                  3.9000001 -5.0669732 9.527751,
                                  3.9000001 -5.1124177 9.4288187,
                                  3.9000001 -5.1294689 9.3577461,
                                  3.9000001 -5.1352758 9.2840357,
                                  3.9000001 -5.1211376 9.1701775,
                                  3.9000001 -5.0800071 9.0633879,
                                  3.9000001 -5.013813 8.9688101,
                                  3.9000001 -4.945477 8.907115,
                                  3.9000001 -4.8681431 8.8608427,
                                  3.9000001 -4.782455 8.8299952,
                                  3.9000001 -4.7578869 8.7752619,
                                  3.9000001 -4.722795 8.7275982,
                                  3.9000001 -4.6787057 8.6882887,
                                  3.9000001 -4.6271453 8.6586189,
                                  3.9000001 -4.5696406 8.6398745,
                                  3.9000001 -4.5077176 8.6333408,
                                  3.9000001 -4.4384351 8.6417837,
                                  3.9000001 -4.3751059 8.6657457,
                                  3.9000001 -4.3197808 8.7031765,
                                  3.9000001 -4.274509 8.7520275,
                                  3.9000001 -4.2413397 8.8102484,
                                  3.9000001 -4.2244225 8.8644447,
                                  3.9000001 -4.2185202 8.9225388,
                                  3.9000001 -4.2185202 8.951458,
                                  3.9000001 -3.8136437 9.1654644,
                                  3.9000001 -3.9032948 9.3187389,
                                  3.9000001 -4.2908196 9.1163006,
                                  3.9000001 -4.338335 9.1601486,
                                  3.9000001 -4.3951864 9.1921701,
                                  3.9000001 -4.4494414 9.2088375,
                                  3.9000001 -4.5077176 9.2146282,
                                  3.9000001 -4.5682216 9.2081213,
                                  3.9000001 -4.6244674 9.1895638,
                                  3.9000001 -4.6750903 9.1604033,
                                  3.9000001 -4.7187247 9.1220846,
                                  3.9000001 -4.754004 9.0760546,
                                  3.9000001 -4.779563 9.0237579,
                                  3.9000001 -4.8413696 9.0616074,
                                  3.9000001 -4.8921542 9.1128664,
                                  3.9000001 -4.929194 9.1751757,
                                  3.9000001 -4.9468889 9.2303848,
                                  3.9000001 -4.9530816 9.2898197,
                                  3.9000001 -4.9446387 9.3591022,
                                  3.9000001 -4.9206772 9.422431,
                                  3.9000001 -4.8832459 9.4777565,
                                  3.9000001 -4.8343949 9.5230284,
                                  3.9000001 -4.7761741 9.5561972,
                                  3.9000001 -4.7219777 9.5731144,
                                  3.9000001 -4.6638842 9.5790167,
                                  3.9000001 -4.609365 9.573554,
                                  3.9000001 -4.5574164 9.5584517,
                                  3.9000001 -4.5106096 9.5356369,
                                  3.9000001 -4.4754772 9.6124353,
                                  3.9000001 -4.4262066 9.6795931,
                                  3.9000001 -4.3645649 9.7351837,
                                  3.9000001 -4.2923188 9.7772779,
                                  3.9000001 -4.2112365 9.8039484,
                                  3.9000001 -4.123085 9.8132668,
                                  3.9000001 -4.0313029 9.8027315,
                                  3.9000001 -3.9467015 9.7727308,
                                  3.9000001 -3.8716893 9.7256737,
                                  3.9000001 -3.8086743 9.663969,
                                  3.9000001 -3.7600651 9.590023,
                                  3.9000001 -3.7330976 9.5234413,
                                  3.9000001 -3.7182086 9.4517698,
                                  3.9000001 -3.6950729 9.4517698,
                                  3.9000001 -3.6409383 9.4452009,
                                  3.9000001 -3.5915084 9.426549,
                                  3.9000001 -3.5483642 9.3973942,
                                  3.9000001 -3.5130866 9.3593187,
                                  3.9000001 -3.4872575 9.3139038,
                                  3.9000001 -3.4740911 9.2715921,
                                  3.9000001 -3.4694989 9.2261953,
                                  3.9000001 -3.4753454 9.1744394,
                                  3.9000001 -3.492065 9.1268215,
                                  3.9000001 -3.5184278 9.0847483,
                                  3.9000001 -3.5532041 9.0496235,
                                  3.9000001 -3.5951641 9.0228539,
                                  3.9000001 -3.6347311 9.0079422,
                                  3.9000001 -3.677721 9.0006218,
                                  3.9000001 -3.8078599 9.0006218,
                                  3.9000001 -3.8116028 9.000967,
                                  3.9000001 -3.8165357 9.0020676,
                                  3.9000001 -3.8214686 9.0031681,
                                  3.9000001 -3.8252118 9.0035133,
                                  3.9000001 -3.8466423 9.0008879,
                                  3.9000001 -3.8662574 8.9934406,
                                  3.9000001 -3.8834131 8.9818163,
                                  3.9000001 -3.8974648 8.9666586,
                                  3.9000001 -3.9077685 8.9486113,
                                  3.9000001 -3.913027 8.9318304,
                                  3.9000001 -3.9148629 8.9138622,
                                  3.9000001 -3.9124227 8.8935385,
                                  3.9000001 -3.9054928 8.8746386,
                                  3.9000001 -3.8946588 8.8578081,
                                  3.9000001 -3.8805063 8.8436918,
                                  3.9000001 -3.8636205 8.8329325,
                                  3.9000001 -3.8478842 8.8269958,
                                  3.9000001 -3.8309956 8.8242111,
                                  3.9000001 -3.6603692 8.8242111,
                                  3.9000001 -3.5720048 8.8419361,
                                  3.9000001 -3.4906681 8.8785572,
                                  3.9000001 -3.4415045 8.912775,
                                  3.9000001 -3.3971994 8.9543505,
                                  3.9000001 -3.3434782 9.0277224,
                                  3.9000001 -3.3078721 9.1103086,
                                  3.9000001 -3.2946615 9.1688652,
                                  3.9000001 -3.2901964 9.2290878,
                                  3.9000001 -3.300961 9.3137856,
                                  3.9000001 -3.3290775 9.3928595,
                                  3.9000001 -3.3726177 9.4640608,
                                  3.9000001 -3.4296539 9.5251398,
                                  3.9000001 -3.4982579 9.5738487,
                                  3 -5.5999999 0.1,
                                  3 -5.5999999 0,
                                  0.5 -5.5999999 0.1,
                                  0.5 -5.5999999 0,
                                  -0.5 -5.5999999 0,
                                  -0.5 -5.5999999 0.1,
                                  -3 -5.5999999 0.1,
                                  -3 -5.5999999 0,
                                  -3.9000001 -5.5999999 0,
                                  -3.9000001 -5.5999999 10.8,
                                  3.9000001 -5.5999999 10.8,
                                  3.9000001 -5.5999999 0,
                                  -3.25 -5.5999999 1,
                                  -3.237464 -5.5999999 0.88873953,
                                  -3.2004845 -5.5999999 0.78305811,
                                  -3.1409156 -5.5999999 0.68825507,
                                  -3.0617449 -5.5999999 0.60908425,
                                  -2.9669418 -5.5999999 0.54951555,
                                  -2.8612604 -5.5999999 0.51253605,
                                  -2.75 -5.5999999 0.5,
                                  -0.75 -5.5999999 0.5,
                                  -0.63873953 -5.5999999 0.51253605,
                                  -0.53305811 -5.5999999 0.54951555,
                                  -0.4382551 -5.5999999 0.60908425,
                                  -0.35908425 -5.5999999 0.68825507,
                                  -0.29951558 -5.5999999 0.78305811,
                                  -0.26253605 -5.5999999 0.88873953,
                                  -0.25 -5.5999999 1,
                                  -0.25 -5.5999999 2.2950001,
                                  0.25 -5.5999999 2.2950001,
                                  0.25 -5.5999999 1,
                                  0.26253605 -5.5999999 0.88873953,
                                  0.29951558 -5.5999999 0.78305811,
                                  0.35908425 -5.5999999 0.68825507,
                                  0.4382551 -5.5999999 0.60908425,
                                  0.53305811 -5.5999999 0.54951555,
                                  0.63873953 -5.5999999 0.51253605,
                                  0.75 -5.5999999 0.5,
                                  2.75 -5.5999999 0.5,
                                  2.8612604 -5.5999999 0.51253605,
                                  2.9669418 -5.5999999 0.54951555,
                                  3.0617449 -5.5999999 0.60908425,
                                  3.1409156 -5.5999999 0.68825507,
                                  3.2004845 -5.5999999 0.78305811,
                                  3.237464 -5.5999999 0.88873953,
                                  3.25 -5.5999999 1,
                                  3.25 -5.5999999 4.5,
                                  2.2 -5.5999999 5.5500002,
                                  3.25 -5.5999999 5.5500002,
                                  3.25 -5.5999999 10.3,
                                  0.25 -5.5999999 10.3,
                                  0.25 -5.5999999 8.5050001,
                                  -0.25 -5.5999999 8.5050001,
                                  -0.25 -5.5999999 10.3,
                                  -3.25 -5.5999999 10.3,
                                  -3.25 -5.5999999 8.5050001,
                                  -3.75 -5.5999999 8.5050001,
                                  -3.75 -5.5999999 7.7049999,
                                  -3.25 -5.5999999 7.7049999,
                                  -3.25 -5.5999999 5.5500002,
                                  -2.2 -5.5999999 5.5500002,
                                  -3.25 -5.5999999 4.5,
                                  -3.25 -5.5999999 3.095,
                                  -3.75 -5.5999999 3.095,
                                  -3.75 -5.5999999 2.2950001,
                                  -3.25 -5.5999999 2.2950001,
                                  1.3 -5.5999999 5.5500002,
                                  0.25 -5.5999999 5.5500002,
                                  0.25 -5.5999999 4.5,
                                  0.25 -5.5999999 3.095,
                                  -0.25 -5.5999999 3.095,
                                  -0.25 -5.5999999 4.5,
                                  -1.3 -5.5999999 5.5500002,
                                  -0.25 -5.5999999 5.5500002,
                                  -0.25 -5.5999999 7.7049999,
                                  0.25 -5.5999999 7.7049999,
                                  3.9000001 -5.5999999 0,
                                  3.9000001 5.5999999 0,
                                  3 5.5999999 0,
                                  3 -5.5999999 0,
                                  1.35 1.6 7.7049999,
                                  1.35 1.6 8.3000002,
                                  2.1500001 1.6 7.7049999,
                                  2.1500001 1.6 8.3000002,
                                  3.25 1.6 8.3000002,
                                  3.25 1.6 6.3000002,
                                  2.25 1.6 6.3000002,
                                  2.25 1.6 5.8000002,
                                  3.25 1.6 5.8000002,
                                  3.25 1.6 4.3000002,
                                  2.25 1.6 4.3000002,
                                  2.25 1.6 3.8,
                                  3.25 1.6 3.8,
                                  3.25 1.6 1,
                                  3.237464 1.6 0.88873953,
                                  3.2004845 1.6 0.78305811,
                                  3.1409156 1.6 0.68825507,
                                  3.0617449 1.6 0.60908425,
                                  2.9669418 1.6 0.54951555,
                                  2.8612604 1.6 0.51253605,
                                  2.75 1.6 0.5,
                                  2.25 1.6 0.5,
                                  2.25 1.6 0.1,
                                  1.25 1.6 0.1,
                                  1.25 1.6 0.5,
                                  0.75 1.6 0.5,
                                  0.63873953 1.6 0.51253605,
                                  0.53305811 1.6 0.54951555,
                                  0.4382551 1.6 0.60908425,
                                  0.35908425 1.6 0.68825507,
                                  0.29951558 1.6 0.78305811,
                                  0.26253605 1.6 0.88873953,
                                  0.25 1.6 1,
                                  0.25 1.6 3.8,
                                  1.25 1.6 3.8,
                                  1.25 1.6 4.3000002,
                                  0.25 1.6 4.3000002,
                                  0.25 1.6 5.8000002,
                                  1.25 1.6 5.8000002,
                                  1.25 1.6 6.3000002,
                                  0.25 1.6 6.3000002,
                                  0.25 1.6 8.3000002,
                                  1.35 1.6 2.2949166,
                                  1.35 1.6 3.0949643,
                                  2.1500001 1.6 2.2949166,
                                  2.1500001 1.6 3.0949643,
                                  2.25 5.5999999 0.5,
                                  2.25 5.5999999 0.1,
                                  2.25 1.6 0.5,
                                  2.25 1.6 0.1,
                                  1.25 1.6 0.1,
                                  1.25 1.6 0.5,
                                  1.25 5.5999999 0.5,
                                  1.25 5.5999999 0.1,
                                  -2.1500001 1.6 7.7049999,
                                  -2.1500001 1.6 8.3000002,
                                  -1.35 1.6 7.7049999,
                                  -1.35 1.6 8.3000002,
                                  -0.25 1.6 8.3000002,
                                  -0.25 1.6 6.3000002,
                                  -1.25 1.6 6.3000002,
                                  -1.25 1.6 5.8000002,
                                  -0.25 1.6 5.8000002,
                                  -0.25 1.6 4.3000002,
                                  -1.25 1.6 4.3000002,
                                  -1.25 1.6 3.8,
                                  -0.25 1.6 3.8,
                                  -0.25 1.6 1,
                                  -0.26253605 1.6 0.88873953,
                                  -0.29951558 1.6 0.78305811,
                                  -0.35908425 1.6 0.68825507,
                                  -0.4382551 1.6 0.60908425,
                                  -0.53305811 1.6 0.54951555,
                                  -0.63873953 1.6 0.51253605,
                                  -0.75 1.6 0.5,
                                  -1.25 1.6 0.5,
                                  -1.25 1.6 0.1,
                                  -2.25 1.6 0.1,
                                  -2.25 1.6 0.5,
                                  -2.75 1.6 0.5,
                                  -2.8612604 1.6 0.51253605,
                                  -2.9669418 1.6 0.54951555,
                                  -3.0617449 1.6 0.60908425,
                                  -3.1409156 1.6 0.68825507,
                                  -3.2004845 1.6 0.78305811,
                                  -3.237464 1.6 0.88873953,
                                  -3.25 1.6 1,
                                  -3.25 1.6 3.8,
                                  -2.25 1.6 3.8,
                                  -2.25 1.6 4.3000002,
                                  -3.25 1.6 4.3000002,
                                  -3.25 1.6 5.8000002,
                                  -2.25 1.6 5.8000002,
                                  -2.25 1.6 6.3000002,
                                  -3.25 1.6 6.3000002,
                                  -3.25 1.6 8.3000002,
                                  -2.1500001 1.6 2.2949166,
                                  -2.1500001 1.6 3.0949643,
                                  -1.35 1.6 2.2949166,
                                  -1.35 1.6 3.0949643,
                                  -0.5 5.5999999 0,
                                  -0.5 -5.5999999 0,
                                  0.5 -5.5999999 0,
                                  0.5 5.5999999 0,
                                  -1.25 5.5999999 0.5,
                                  -1.25 5.5999999 0.1,
                                  -1.25 1.6 0.5,
                                  -1.25 1.6 0.1,
                                  -2.25 1.6 0.1,
                                  -2.25 1.6 0.5,
                                  -2.25 5.5999999 0.5,
                                  -2.25 5.5999999 0.1,
                                  3.25 -0.60000002 1,
                                  3.25 -0.60000002 4.5,
                                  2.75 -0.60000002 0.5,
                                  2.8612604 -0.60000002 0.51253605,
                                  2.9669418 -0.60000002 0.54951555,
                                  3.0617449 -0.60000002 0.60908425,
                                  3.1409156 -0.60000002 0.68825507,
                                  3.2004845 -0.60000002 0.78305811,
                                  3.237464 -0.60000002 0.88873953,
                                  0.75 -0.60000002 0.5,
                                  0.25 -0.60000002 1,
                                  0.26253605 -0.60000002 0.88873953,
                                  0.29951558 -0.60000002 0.78305811,
                                  0.35908425 -0.60000002 0.68825507,
                                  0.4382551 -0.60000002 0.60908425,
                                  0.53305811 -0.60000002 0.54951555,
                                  0.63873953 -0.60000002 0.51253605,
                                  0.25 -0.60000002 4.5,
                                  1.3 -0.60000002 5.5500002,
                                  0.25 -0.60000002 5.5500002,
                                  0.25 -0.60000002 10.3,
                                  3.25 -0.60000002 10.3,
                                  3.25 -0.60000002 5.5500002,
                                  2.2 -0.60000002 5.5500002,
                                  1.75 -0.60000002 9.1999998,
                                  1.5346159 -0.60000002 9.1738472,
                                  1.3317492 -0.60000002 9.0969105,
                                  1.1531897 -0.60000002 8.9736595,
                                  1.0093145 -0.60000002 8.8112583,
                                  0.90848535 -0.60000002 8.6191444,
                                  0.85656202 -0.60000002 8.4084826,
                                  0.85656202 -0.60000002 8.1915169,
                                  0.90848535 -0.60000002 7.9808555,
                                  1.0093145 -0.60000002 7.7887416,
                                  1.1531897 -0.60000002 7.6263404,
                                  1.3317492 -0.60000002 7.5030894,
                                  1.5346159 -0.60000002 7.4261522,
                                  1.75 -0.60000002 7.4000001,
                                  1.9653841 -0.60000002 7.4261522,
                                  2.1682508 -0.60000002 7.5030894,
                                  2.3468103 -0.60000002 7.6263404,
                                  2.4906855 -0.60000002 7.7887416,
                                  2.5915146 -0.60000002 7.9808555,
                                  2.6434381 -0.60000002 8.1915169,
                                  2.6434381 -0.60000002 8.4084826,
                                  2.5915146 -0.60000002 8.6191444,
                                  2.4906855 -0.60000002 8.8112583,
                                  2.3468103 -0.60000002 8.9736595,
                                  2.1682508 -0.60000002 9.0969105,
                                  1.9653841 -0.60000002 9.1738472,
                                  1.75 -0.60000002 3.4000001,
                                  1.5346159 -0.60000002 3.3738477,
                                  1.3317492 -0.60000002 3.2969105,
                                  1.1531897 -0.60000002 3.1736596,
                                  1.0093145 -0.60000002 3.0112584,
                                  0.90848535 -0.60000002 2.8191445,
                                  0.85656202 -0.60000002 2.6084831,
                                  0.85656202 -0.60000002 2.3915169,
                                  0.90848535 -0.60000002 2.1808555,
                                  1.0093145 -0.60000002 1.9887418,
                                  1.1531897 -0.60000002 1.8263403,
                                  1.3317492 -0.60000002 1.7030896,
                                  1.5346159 -0.60000002 1.6261524,
                                  1.75 -0.60000002 1.6,
                                  1.9653841 -0.60000002 1.6261524,
                                  2.1682508 -0.60000002 1.7030896,
                                  2.3468103 -0.60000002 1.8263403,
                                  2.4906855 -0.60000002 1.9887418,
                                  2.5915146 -0.60000002 2.1808555,
                                  2.6434381 -0.60000002 2.3915169,
                                  2.6434381 -0.60000002 2.6084831,
                                  2.5915146 -0.60000002 2.8191445,
                                  2.4906855 -0.60000002 3.0112584,
                                  2.3468103 -0.60000002 3.1736596,
                                  2.1682508 -0.60000002 3.2969105,
                                  1.9653841 -0.60000002 3.3738477,
                                  3.25 -5.5999999 1,
                                  3.25 -5.5999999 4.5,
                                  3.25 -0.60000002 1,
                                  3.25 -0.60000002 4.5,
                                  3.25 -0.60000002 5.5500002,
                                  3.25 -0.60000002 10.3,
                                  3.25 -5.5999999 10.3,
                                  3.25 -5.5999999 5.5500002,
                                  -2.2 -0.60000002 5.5500002,
                                  -3.25 -0.60000002 5.5500002,
                                  -3.25 -0.60000002 10.3,
                                  -0.25 -0.60000002 10.3,
                                  -0.25 -0.60000002 5.5500002,
                                  -1.3 -0.60000002 5.5500002,
                                  -0.25 -0.60000002 4.5,
                                  -0.25 -0.60000002 1,
                                  -0.75 -0.60000002 0.5,
                                  -0.63873953 -0.60000002 0.51253605,
                                  -0.53305811 -0.60000002 0.54951555,
                                  -0.4382551 -0.60000002 0.60908425,
                                  -0.35908425 -0.60000002 0.68825507,
                                  -0.29951558 -0.60000002 0.78305811,
                                  -0.26253605 -0.60000002 0.88873953,
                                  -2.75 -0.60000002 0.5,
                                  -3.25 -0.60000002 1,
                                  -3.237464 -0.60000002 0.88873953,
                                  -3.2004845 -0.60000002 0.78305811,
                                  -3.1409156 -0.60000002 0.68825507,
                                  -3.0617449 -0.60000002 0.60908425,
                                  -2.9669418 -0.60000002 0.54951555,
                                  -2.8612604 -0.60000002 0.51253605,
                                  -3.25 -0.60000002 4.5,
                                  -1.75 -0.60000002 9.1999998,
                                  -1.9653841 -0.60000002 9.1738472,
                                  -2.1682508 -0.60000002 9.0969105,
                                  -2.3468103 -0.60000002 8.9736595,
                                  -2.4906855 -0.60000002 8.8112583,
                                  -2.5915146 -0.60000002 8.6191444,
                                  -2.6434381 -0.60000002 8.4084826,
                                  -2.6434381 -0.60000002 8.1915169,
                                  -2.5915146 -0.60000002 7.9808555,
                                  -2.4906855 -0.60000002 7.7887416,
                                  -2.3468103 -0.60000002 7.6263404,
                                  -2.1682508 -0.60000002 7.5030894,
                                  -1.9653841 -0.60000002 7.4261522,
                                  -1.75 -0.60000002 7.4000001,
                                  -1.5346159 -0.60000002 7.4261522,
                                  -1.3317492 -0.60000002 7.5030894,
                                  -1.1531897 -0.60000002 7.6263404,
                                  -1.0093145 -0.60000002 7.7887416,
                                  -0.90848535 -0.60000002 7.9808555,
                                  -0.85656202 -0.60000002 8.1915169,
                                  -0.85656202 -0.60000002 8.4084826,
                                  -0.90848535 -0.60000002 8.6191444,
                                  -1.0093145 -0.60000002 8.8112583,
                                  -1.1531897 -0.60000002 8.9736595,
                                  -1.3317492 -0.60000002 9.0969105,
                                  -1.5346159 -0.60000002 9.1738472,
                                  -1.75 -0.60000002 3.4000001,
                                  -1.9653841 -0.60000002 3.3738477,
                                  -2.1682508 -0.60000002 3.2969105,
                                  -2.3468103 -0.60000002 3.1736596,
                                  -2.4906855 -0.60000002 3.0112584,
                                  -2.5915146 -0.60000002 2.8191445,
                                  -2.6434381 -0.60000002 2.6084831,
                                  -2.6434381 -0.60000002 2.3915169,
                                  -2.5915146 -0.60000002 2.1808555,
                                  -2.4906855 -0.60000002 1.9887418,
                                  -2.3468103 -0.60000002 1.8263403,
                                  -2.1682508 -0.60000002 1.7030896,
                                  -1.9653841 -0.60000002 1.6261524,
                                  -1.75 -0.60000002 1.6,
                                  -1.5346159 -0.60000002 1.6261524,
                                  -1.3317492 -0.60000002 1.7030896,
                                  -1.1531897 -0.60000002 1.8263403,
                                  -1.0093145 -0.60000002 1.9887418,
                                  -0.90848535 -0.60000002 2.1808555,
                                  -0.85656202 -0.60000002 2.3915169,
                                  -0.85656202 -0.60000002 2.6084831,
                                  -0.90848535 -0.60000002 2.8191445,
                                  -1.0093145 -0.60000002 3.0112584,
                                  -1.1531897 -0.60000002 3.1736596,
                                  -1.3317492 -0.60000002 3.2969105,
                                  -1.5346159 -0.60000002 3.3738477,
                                  -3.9000001 5.5999999 10.8,
                                  -3.9000001 5.5999999 0,
                                  -3.9000001 -5.5999999 10.8,
                                  -3.9000001 -5.5999999 0,
                                  -3.25 -2.5999999 3.095,
                                  -3.25 -5.5999999 3.095,
                                  -3.25 -5.5999999 4.5,
                                  -3.25 -0.60000002 4.5,
                                  -3.25 -0.60000002 1,
                                  -3.25 -5.5999999 1,
                                  -3.25 -5.5999999 2.2950001,
                                  -3.25 -2.5999999 2.2950001,
                                  -3.25 -0.60000002 10.3,
                                  -3.25 -5.5999999 10.3,
                                  -3.25 -0.60000002 5.5500002,
                                  -3.25 -5.5999999 5.5500002,
                                  -3.25 -5.5999999 7.7049999,
                                  -3.25 -2.5999999 7.7049999,
                                  -3.25 -2.5999999 8.5050001,
                                  -3.25 -5.5999999 8.5050001,
                                  0.25 -2.5999999 3.095,
                                  0.25 -5.5999999 3.095,
                                  0.25 -5.5999999 4.5,
                                  0.25 -0.60000002 4.5,
                                  0.25 -0.60000002 1,
                                  0.25 -5.5999999 1,
                                  0.25 -5.5999999 2.2950001,
                                  0.25 -2.5999999 2.2950001,
                                  0.25 -0.60000002 10.3,
                                  0.25 -5.5999999 10.3,
                                  0.25 -0.60000002 5.5500002,
                                  0.25 -5.5999999 5.5500002,
                                  0.25 -5.5999999 7.7049999,
                                  0.25 -2.5999999 7.7049999,
                                  0.25 -2.5999999 8.5050001,
                                  0.25 -5.5999999 8.5050001,
                                  -0.25 -0.60000002 1,
                                  -0.25 -5.5999999 1,
                                  -0.25 -0.60000002 4.5,
                                  -0.25 -5.5999999 4.5,
                                  -0.25 -5.5999999 3.095,
                                  -0.25 -2.5999999 3.095,
                                  -0.25 -2.5999999 2.2950001,
                                  -0.25 -5.5999999 2.2950001,
                                  -0.25 -2.5999999 7.7049999,
                                  -0.25 -5.5999999 7.7049999,
                                  -0.25 -5.5999999 5.5500002,
                                  -0.25 -0.60000002 5.5500002,
                                  -0.25 -0.60000002 10.3,
                                  -0.25 -5.5999999 10.3,
                                  -0.25 -5.5999999 8.5050001,
                                  -0.25 -2.5999999 8.5050001,
                                  -0.75 1.6 0.5,
                                  -0.75 5.5999999 0.5,
                                  -1.25 1.6 0.5,
                                  -1.25 5.5999999 0.5,
                                  -0.25 5.5999999 5.8000002,
                                  -0.25 1.6 5.8000002,
                                  -1.25 5.5999999 5.8000002,
                                  -1.25 1.6 5.8000002,
                                  -0.25 5.5999999 6.3000002,
                                  -0.25 1.6 6.3000002,
                                  -1.25 1.6 6.3000002,
                                  -1.25 5.5999999 6.3000002,
                                  -0.25 5.5999999 3.8,
                                  -0.25 1.6 3.8,
                                  -1.25 5.5999999 3.8,
                                  -1.25 1.6 3.8,
                                  -0.25 5.5999999 4.3000002,
                                  -0.25 1.6 4.3000002,
                                  -1.25 1.6 4.3000002,
                                  -1.25 5.5999999 4.3000002,
                                  -0.25 1.6 3.8,
                                  -0.25 1.6 1,
                                  -0.25 5.5999999 1,
                                  -0.25 5.5999999 3.8,
                                  -0.25 5.5999999 5.8000002,
                                  -0.25 5.5999999 4.3000002,
                                  -0.25 1.6 5.8000002,
                                  -0.25 1.6 4.3000002,
                                  -3.25 5.5999999 1,
                                  -3.25 5.5999999 3.8,
                                  -3.25 1.6 1,
                                  -3.25 1.6 3.8,
                                  -3.25 1.6 4.3000002,
                                  -3.25 1.6 5.8000002,
                                  -3.25 5.5999999 5.8000002,
                                  -3.25 5.5999999 4.3000002,
                                  -0.25 5.5999999 8.3000002,
                                  -0.25 5.5999999 6.3000002,
                                  -0.25 1.6 8.3000002,
                                  -0.25 1.6 6.3000002,
                                  -3.25 1.6 6.3000002,
                                  -3.25 1.6 8.3000002,
                                  -3.25 5.5999999 8.3000002,
                                  -3.25 5.5999999 6.3000002,
                                  -0.25 5.5999999 10.3,
                                  -0.25 5.5999999 8.8000002,
                                  -0.25 1.6 10.3,
                                  -0.25 1.6 8.8000002,
                                  -3.25 1.6 8.8000002,
                                  -3.25 1.6 10.3,
                                  -3.25 5.5999999 10.3,
                                  -3.25 5.5999999 8.8000002,
                                  -0.25 1.6 10.3,
                                  -0.25 1.6 8.8000002,
                                  -3.25 1.6 8.8000002,
                                  -3.25 1.6 10.3,
                                  2.75 1.6 0.5,
                                  2.75 5.5999999 0.5,
                                  2.25 1.6 0.5,
                                  2.25 5.5999999 0.5,
                                  3.25 5.5999999 5.8000002,
                                  3.25 1.6 5.8000002,
                                  2.25 5.5999999 5.8000002,
                                  2.25 1.6 5.8000002,
                                  3.25 5.5999999 6.3000002,
                                  3.25 1.6 6.3000002,
                                  2.25 1.6 6.3000002,
                                  2.25 5.5999999 6.3000002,
                                  3.25 5.5999999 3.8,
                                  3.25 1.6 3.8,
                                  2.25 5.5999999 3.8,
                                  2.25 1.6 3.8,
                                  3.25 5.5999999 4.3000002,
                                  3.25 1.6 4.3000002,
                                  2.25 1.6 4.3000002,
                                  2.25 5.5999999 4.3000002,
                                  3.25 1.6 3.8,
                                  3.25 1.6 1,
                                  3.25 5.5999999 1,
                                  3.25 5.5999999 3.8,
                                  3.25 5.5999999 5.8000002,
                                  3.25 5.5999999 4.3000002,
                                  3.25 1.6 5.8000002,
                                  3.25 1.6 4.3000002,
                                  0.25 5.5999999 1,
                                  0.25 5.5999999 3.8,
                                  0.25 1.6 1,
                                  0.25 1.6 3.8,
                                  0.25 1.6 4.3000002,
                                  0.25 1.6 5.8000002,
                                  0.25 5.5999999 5.8000002,
                                  0.25 5.5999999 4.3000002,
                                  3.25 5.5999999 8.3000002,
                                  3.25 5.5999999 6.3000002,
                                  3.25 1.6 8.3000002,
                                  3.25 1.6 6.3000002,
                                  0.25 1.6 6.3000002,
                                  0.25 1.6 8.3000002,
                                  0.25 5.5999999 8.3000002,
                                  0.25 5.5999999 6.3000002,
                                  3.25 5.5999999 10.3,
                                  3.25 5.5999999 8.8000002,
                                  3.25 1.6 10.3,
                                  3.25 1.6 8.8000002,
                                  0.25 1.6 8.8000002,
                                  0.25 1.6 10.3,
                                  0.25 5.5999999 10.3,
                                  0.25 5.5999999 8.8000002,
                                  3.25 1.6 10.3,
                                  3.25 1.6 8.8000002,
                                  0.25 1.6 8.8000002,
                                  0.25 1.6 10.3,
                                  1.25 5.5999999 0.1,
                                  1.25 5.5999999 0.5,
                                  0.75 5.5999999 0.5,
                                  0.63873953 5.5999999 0.51253605,
                                  0.53305811 5.5999999 0.54951555,
                                  0.4382551 5.5999999 0.60908425,
                                  0.35908425 5.5999999 0.68825507,
                                  0.29951558 5.5999999 0.78305811,
                                  0.26253605 5.5999999 0.88873953,
                                  0.25 5.5999999 1,
                                  0.25 5.5999999 3.8,
                                  1.25 5.5999999 3.8,
                                  1.25 5.5999999 4.3000002,
                                  0.25 5.5999999 4.3000002,
                                  0.25 5.5999999 5.8000002,
                                  1.25 5.5999999 5.8000002,
                                  1.25 5.5999999 6.3000002,
                                  0.25 5.5999999 6.3000002,
                                  0.25 5.5999999 8.3000002,
                                  3.25 5.5999999 8.3000002,
                                  3.25 5.5999999 6.3000002,
                                  2.25 5.5999999 6.3000002,
                                  2.25 5.5999999 5.8000002,
                                  3.25 5.5999999 5.8000002,
                                  3.25 5.5999999 4.3000002,
                                  2.25 5.5999999 4.3000002,
                                  2.25 5.5999999 3.8,
                                  3.25 5.5999999 3.8,
                                  3.25 5.5999999 1,
                                  3.237464 5.5999999 0.88873953,
                                  3.2004845 5.5999999 0.78305811,
                                  3.1409156 5.5999999 0.68825507,
                                  3.0617449 5.5999999 0.60908425,
                                  2.9669418 5.5999999 0.54951555,
                                  2.8612604 5.5999999 0.51253605,
                                  2.75 5.5999999 0.5,
                                  2.25 5.5999999 0.5,
                                  2.25 5.5999999 0.1,
                                  3 5.5999999 0.1,
                                  3 5.5999999 0,
                                  3.9000001 5.5999999 0,
                                  3.9000001 5.5999999 10.8,
                                  -3.9000001 5.5999999 10.8,
                                  -3.9000001 5.5999999 0,
                                  -3 5.5999999 0,
                                  -3 5.5999999 0.1,
                                  -2.25 5.5999999 0.1,
                                  -2.25 5.5999999 0.5,
                                  -2.75 5.5999999 0.5,
                                  -2.8612604 5.5999999 0.51253605,
                                  -2.9669418 5.5999999 0.54951555,
                                  -3.0617449 5.5999999 0.60908425,
                                  -3.1409156 5.5999999 0.68825507,
                                  -3.2004845 5.5999999 0.78305811,
                                  -3.237464 5.5999999 0.88873953,
                                  -3.25 5.5999999 1,
                                  -3.25 5.5999999 3.8,
                                  -2.25 5.5999999 3.8,
                                  -2.25 5.5999999 4.3000002,
                                  -3.25 5.5999999 4.3000002,
                                  -3.25 5.5999999 5.8000002,
                                  -2.25 5.5999999 5.8000002,
                                  -2.25 5.5999999 6.3000002,
                                  -3.25 5.5999999 6.3000002,
                                  -3.25 5.5999999 8.3000002,
                                  -0.25 5.5999999 8.3000002,
                                  -0.25 5.5999999 6.3000002,
                                  -1.25 5.5999999 6.3000002,
                                  -1.25 5.5999999 5.8000002,
                                  -0.25 5.5999999 5.8000002,
                                  -0.25 5.5999999 4.3000002,
                                  -1.25 5.5999999 4.3000002,
                                  -1.25 5.5999999 3.8,
                                  -0.25 5.5999999 3.8,
                                  -0.25 5.5999999 1,
                                  -0.26253605 5.5999999 0.88873953,
                                  -0.29951558 5.5999999 0.78305811,
                                  -0.35908425 5.5999999 0.68825507,
                                  -0.4382551 5.5999999 0.60908425,
                                  -0.53305811 5.5999999 0.54951555,
                                  -0.63873953 5.5999999 0.51253605,
                                  -0.75 5.5999999 0.5,
                                  -1.25 5.5999999 0.5,
                                  -1.25 5.5999999 0.1,
                                  -0.5 5.5999999 0.1,
                                  -0.5 5.5999999 0,
                                  0.5 5.5999999 0,
                                  0.5 5.5999999 0.1,
                                  -3.25 5.5999999 8.8000002,
                                  -3.25 5.5999999 10.3,
                                  -0.25 5.5999999 10.3,
                                  -0.25 5.5999999 8.8000002,
                                  0.25 5.5999999 8.8000002,
                                  0.25 5.5999999 10.3,
                                  3.25 5.5999999 10.3,
                                  3.25 5.5999999 8.8000002,
                                  -3.9000001 -5.5999999 10.8,
                                  3.9000001 -5.5999999 10.8,
                                  3.9000001 5.5999999 10.8,
                                  -3.9000001 5.5999999 10.8,
                                  -3.9000001 5.5999999 0,
                                  -3.9000001 -5.5999999 0,
                                  -3 -5.5999999 0,
                                  -3 5.5999999 0,
                                  0.25 -0.60000002 1,
                                  0.25 -5.5999999 1,
                                  0.26253605 -0.60000002 0.88873953,
                                  0.29951558 -0.60000002 0.78305811,
                                  0.35908425 -0.60000002 0.68825507,
                                  0.4382551 -0.60000002 0.60908425,
                                  0.53305811 -0.60000002 0.54951555,
                                  0.63873953 -0.60000002 0.51253605,
                                  0.75 -0.60000002 0.5,
                                  0.75 -5.5999999 0.5,
                                  0.26253605 -5.5999999 0.88873953,
                                  0.29951558 -5.5999999 0.78305811,
                                  0.35908425 -5.5999999 0.68825507,
                                  0.4382551 -5.5999999 0.60908425,
                                  0.53305811 -5.5999999 0.54951555,
                                  0.63873953 -5.5999999 0.51253605,
                                  3.25 -0.60000002 10.3,
                                  3.25 -5.5999999 10.3,
                                  0.25 -0.60000002 10.3,
                                  0.25 -5.5999999 10.3,
                                  2.75 -0.60000002 0.5,
                                  2.75 -5.5999999 0.5,
                                  2.8612604 -0.60000002 0.51253605,
                                  2.9669418 -0.60000002 0.54951555,
                                  3.0617449 -0.60000002 0.60908425,
                                  3.1409156 -0.60000002 0.68825507,
                                  3.2004845 -0.60000002 0.78305811,
                                  3.237464 -0.60000002 0.88873953,
                                  3.25 -0.60000002 1,
                                  3.25 -5.5999999 1,
                                  2.8612604 -5.5999999 0.51253605,
                                  2.9669418 -5.5999999 0.54951555,
                                  3.0617449 -5.5999999 0.60908425,
                                  3.1409156 -5.5999999 0.68825507,
                                  3.2004845 -5.5999999 0.78305811,
                                  3.237464 -5.5999999 0.88873953,
                                  0.75 -0.60000002 0.5,
                                  0.75 -5.5999999 0.5,
                                  2.75 -0.60000002 0.5,
                                  2.75 -5.5999999 0.5,
                                  0.75 1.6 0.5,
                                  0.75 5.5999999 0.5,
                                  0.63873953 1.6 0.51253605,
                                  0.53305811 1.6 0.54951555,
                                  0.4382551 1.6 0.60908425,
                                  0.35908425 1.6 0.68825507,
                                  0.29951558 1.6 0.78305811,
                                  0.26253605 1.6 0.88873953,
                                  0.25 1.6 1,
                                  0.25 5.5999999 1,
                                  0.63873953 5.5999999 0.51253605,
                                  0.53305811 5.5999999 0.54951555,
                                  0.4382551 5.5999999 0.60908425,
                                  0.35908425 5.5999999 0.68825507,
                                  0.29951558 5.5999999 0.78305811,
                                  0.26253605 5.5999999 0.88873953,
                                  0.75 1.6 0.5,
                                  0.75 5.5999999 0.5,
                                  1.25 5.5999999 0.5,
                                  1.25 1.6 0.5,
                                  3.25 1.6 1,
                                  3.25 5.5999999 1,
                                  3.237464 1.6 0.88873953,
                                  3.2004845 1.6 0.78305811,
                                  3.1409156 1.6 0.68825507,
                                  3.0617449 1.6 0.60908425,
                                  2.9669418 1.6 0.54951555,
                                  2.8612604 1.6 0.51253605,
                                  2.75 1.6 0.5,
                                  2.75 5.5999999 0.5,
                                  3.237464 5.5999999 0.88873953,
                                  3.2004845 5.5999999 0.78305811,
                                  3.1409156 5.5999999 0.68825507,
                                  3.0617449 5.5999999 0.60908425,
                                  2.9669418 5.5999999 0.54951555,
                                  2.8612604 5.5999999 0.51253605,
                                  0.25 1.6 10.3,
                                  0.25 5.5999999 10.3,
                                  3.25 1.6 10.3,
                                  3.25 5.5999999 10.3,
                                  2.1500001 4.8293662 8.3000002,
                                  2.1500001 1.6 8.3000002,
                                  3.25 1.6 8.3000002,
                                  3.25 5.5999999 8.3000002,
                                  0.25 5.5999999 8.3000002,
                                  0.25 1.6 8.3000002,
                                  1.35 1.6 8.3000002,
                                  1.35 4.8293662 8.3000002,
                                  0.25 5.5999999 8.8000002,
                                  0.25 1.6 8.8000002,
                                  3.25 5.5999999 8.8000002,
                                  3.25 1.6 8.8000002,
                                  0.25 5.5999999 5.8000002,
                                  0.25 1.6 5.8000002,
                                  1.25 1.6 5.8000002,
                                  1.25 5.5999999 5.8000002,
                                  0.25 5.5999999 6.3000002,
                                  0.25 1.6 6.3000002,
                                  1.25 5.5999999 6.3000002,
                                  1.25 1.6 6.3000002,
                                  0.25 5.5999999 3.8,
                                  0.25 1.6 3.8,
                                  1.25 1.6 3.8,
                                  1.25 5.5999999 3.8,
                                  0.25 5.5999999 4.3000002,
                                  0.25 1.6 4.3000002,
                                  1.25 5.5999999 4.3000002,
                                  1.25 1.6 4.3000002,
                                  1.25 5.5999999 3.8,
                                  1.25 1.6 3.8,
                                  1.25 1.6 4.3000002,
                                  1.25 5.5999999 4.3000002,
                                  2.25 1.6 3.8,
                                  2.25 5.5999999 3.8,
                                  2.25 5.5999999 4.3000002,
                                  2.25 1.6 4.3000002,
                                  1.25 5.5999999 5.8000002,
                                  1.25 1.6 5.8000002,
                                  1.25 1.6 6.3000002,
                                  1.25 5.5999999 6.3000002,
                                  2.25 1.6 5.8000002,
                                  2.25 5.5999999 5.8000002,
                                  2.25 5.5999999 6.3000002,
                                  2.25 1.6 6.3000002,
                                  -3.25 -0.60000002 1,
                                  -3.25 -5.5999999 1,
                                  -3.237464 -0.60000002 0.88873953,
                                  -3.2004845 -0.60000002 0.78305811,
                                  -3.1409156 -0.60000002 0.68825507,
                                  -3.0617449 -0.60000002 0.60908425,
                                  -2.9669418 -0.60000002 0.54951555,
                                  -2.8612604 -0.60000002 0.51253605,
                                  -2.75 -0.60000002 0.5,
                                  -2.75 -5.5999999 0.5,
                                  -3.237464 -5.5999999 0.88873953,
                                  -3.2004845 -5.5999999 0.78305811,
                                  -3.1409156 -5.5999999 0.68825507,
                                  -3.0617449 -5.5999999 0.60908425,
                                  -2.9669418 -5.5999999 0.54951555,
                                  -2.8612604 -5.5999999 0.51253605,
                                  -0.25 -0.60000002 10.3,
                                  -0.25 -5.5999999 10.3,
                                  -3.25 -0.60000002 10.3,
                                  -3.25 -5.5999999 10.3,
                                  -0.75 -0.60000002 0.5,
                                  -0.75 -5.5999999 0.5,
                                  -0.63873953 -0.60000002 0.51253605,
                                  -0.53305811 -0.60000002 0.54951555,
                                  -0.4382551 -0.60000002 0.60908425,
                                  -0.35908425 -0.60000002 0.68825507,
                                  -0.29951558 -0.60000002 0.78305811,
                                  -0.26253605 -0.60000002 0.88873953,
                                  -0.25 -0.60000002 1,
                                  -0.25 -5.5999999 1,
                                  -0.63873953 -5.5999999 0.51253605,
                                  -0.53305811 -5.5999999 0.54951555,
                                  -0.4382551 -5.5999999 0.60908425,
                                  -0.35908425 -5.5999999 0.68825507,
                                  -0.29951558 -5.5999999 0.78305811,
                                  -0.26253605 -5.5999999 0.88873953,
                                  -2.75 -0.60000002 0.5,
                                  -2.75 -5.5999999 0.5,
                                  -0.75 -0.60000002 0.5,
                                  -0.75 -5.5999999 0.5,
                                  -2.75 1.6 0.5,
                                  -2.75 5.5999999 0.5,
                                  -2.8612604 1.6 0.51253605,
                                  -2.9669418 1.6 0.54951555,
                                  -3.0617449 1.6 0.60908425,
                                  -3.1409156 1.6 0.68825507,
                                  -3.2004845 1.6 0.78305811,
                                  -3.237464 1.6 0.88873953,
                                  -3.25 1.6 1,
                                  -3.25 5.5999999 1,
                                  -2.8612604 5.5999999 0.51253605,
                                  -2.9669418 5.5999999 0.54951555,
                                  -3.0617449 5.5999999 0.60908425,
                                  -3.1409156 5.5999999 0.68825507,
                                  -3.2004845 5.5999999 0.78305811,
                                  -3.237464 5.5999999 0.88873953,
                                  -2.75 1.6 0.5,
                                  -2.75 5.5999999 0.5,
                                  -2.25 5.5999999 0.5,
                                  -2.25 1.6 0.5,
                                  -0.25 1.6 1,
                                  -0.25 5.5999999 1,
                                  -0.26253605 1.6 0.88873953,
                                  -0.29951558 1.6 0.78305811,
                                  -0.35908425 1.6 0.68825507,
                                  -0.4382551 1.6 0.60908425,
                                  -0.53305811 1.6 0.54951555,
                                  -0.63873953 1.6 0.51253605,
                                  -0.75 1.6 0.5,
                                  -0.75 5.5999999 0.5,
                                  -0.26253605 5.5999999 0.88873953,
                                  -0.29951558 5.5999999 0.78305811,
                                  -0.35908425 5.5999999 0.68825507,
                                  -0.4382551 5.5999999 0.60908425,
                                  -0.53305811 5.5999999 0.54951555,
                                  -0.63873953 5.5999999 0.51253605,
                                  -3.25 1.6 10.3,
                                  -3.25 5.5999999 10.3,
                                  -0.25 1.6 10.3,
                                  -0.25 5.5999999 10.3,
                                  -1.35 4.8293662 8.3000002,
                                  -1.35 1.6 8.3000002,
                                  -0.25 1.6 8.3000002,
                                  -0.25 5.5999999 8.3000002,
                                  -3.25 5.5999999 8.3000002,
                                  -3.25 1.6 8.3000002,
                                  -2.1500001 1.6 8.3000002,
                                  -2.1500001 4.8293662 8.3000002,
                                  -3.25 5.5999999 8.8000002,
                                  -3.25 1.6 8.8000002,
                                  -0.25 5.5999999 8.8000002,
                                  -0.25 1.6 8.8000002,
                                  -3.25 5.5999999 5.8000002,
                                  -3.25 1.6 5.8000002,
                                  -2.25 1.6 5.8000002,
                                  -2.25 5.5999999 5.8000002,
                                  -3.25 5.5999999 6.3000002,
                                  -3.25 1.6 6.3000002,
                                  -2.25 5.5999999 6.3000002,
                                  -2.25 1.6 6.3000002,
                                  -3.25 5.5999999 3.8,
                                  -3.25 1.6 3.8,
                                  -2.25 1.6 3.8,
                                  -2.25 5.5999999 3.8,
                                  -3.25 5.5999999 4.3000002,
                                  -3.25 1.6 4.3000002,
                                  -2.25 5.5999999 4.3000002,
                                  -2.25 1.6 4.3000002,
                                  -2.25 5.5999999 3.8,
                                  -2.25 1.6 3.8,
                                  -2.25 1.6 4.3000002,
                                  -2.25 5.5999999 4.3000002,
                                  -1.25 1.6 3.8,
                                  -1.25 5.5999999 3.8,
                                  -1.25 5.5999999 4.3000002,
                                  -1.25 1.6 4.3000002,
                                  -2.25 5.5999999 5.8000002,
                                  -2.25 1.6 5.8000002,
                                  -2.25 1.6 6.3000002,
                                  -2.25 5.5999999 6.3000002,
                                  -1.25 1.6 5.8000002,
                                  -1.25 5.5999999 5.8000002,
                                  -1.25 5.5999999 6.3000002,
                                  -1.25 1.6 6.3000002,
                                  -1.3 -5.5999999 5.5500002,
                                  -1.3 -0.60000002 5.5500002,
                                  -0.25 -0.60000002 5.5500002,
                                  -0.25 -5.5999999 5.5500002,
                                  -1.3 -5.5999999 5.5500002,
                                  -1.3 -0.60000002 5.5500002,
                                  -0.25 -5.5999999 4.5,
                                  -0.25 -0.60000002 4.5,
                                  1.3 -5.5999999 5.5500002,
                                  1.3 -0.60000002 5.5500002,
                                  0.25 -0.60000002 4.5,
                                  0.25 -5.5999999 4.5,
                                  1.3 -5.5999999 5.5500002,
                                  1.3 -0.60000002 5.5500002,
                                  0.25 -5.5999999 5.5500002,
                                  0.25 -0.60000002 5.5500002,
                                  -2.2 -5.5999999 5.5500002,
                                  -2.2 -0.60000002 5.5500002,
                                  -3.25 -5.5999999 5.5500002,
                                  -3.25 -0.60000002 5.5500002,
                                  -2.2 -5.5999999 5.5500002,
                                  -2.2 -0.60000002 5.5500002,
                                  -3.25 -0.60000002 4.5,
                                  -3.25 -5.5999999 4.5,
                                  2.2 -5.5999999 5.5500002,
                                  2.2 -0.60000002 5.5500002,
                                  3.25 -0.60000002 5.5500002,
                                  3.25 -5.5999999 5.5500002,
                                  2.2 -5.5999999 5.5500002,
                                  2.2 -0.60000002 5.5500002,
                                  3.25 -5.5999999 4.5,
                                  3.25 -0.60000002 4.5,
                                  1.75 -1.2 3.4000001,
                                  1.75 -0.60000002 3.4000001,
                                  1.75 -1.2 1.6,
                                  1.9653841 -1.2 1.6261524,
                                  2.1682508 -1.2 1.7030896,
                                  2.3468103 -1.2 1.8263403,
                                  2.4906855 -1.2 1.9887418,
                                  2.5915146 -1.2 2.1808555,
                                  2.6434381 -1.2 2.3915169,
                                  2.6434381 -1.2 2.6084831,
                                  2.5915146 -1.2 2.8191445,
                                  2.4906855 -1.2 3.0112584,
                                  2.3468103 -1.2 3.1736596,
                                  2.1682508 -1.2 3.2969105,
                                  1.9653841 -1.2 3.3738477,
                                  1.75 -0.60000002 1.6,
                                  1.9653841 -0.60000002 1.6261524,
                                  2.1682508 -0.60000002 1.7030896,
                                  2.3468103 -0.60000002 1.8263403,
                                  2.4906855 -0.60000002 1.9887418,
                                  2.5915146 -0.60000002 2.1808555,
                                  2.6434381 -0.60000002 2.3915169,
                                  2.6434381 -0.60000002 2.6084831,
                                  2.5915146 -0.60000002 2.8191445,
                                  2.4906855 -0.60000002 3.0112584,
                                  2.3468103 -0.60000002 3.1736596,
                                  2.1682508 -0.60000002 3.2969105,
                                  1.9653841 -0.60000002 3.3738477,
                                  1.75 -1.2 1.6,
                                  1.9653841 -1.2 1.6261524,
                                  2.1682508 -1.2 1.7030896,
                                  2.3468103 -1.2 1.8263403,
                                  2.4906855 -1.2 1.9887418,
                                  2.5915146 -1.2 2.1808555,
                                  2.6434381 -1.2 2.3915169,
                                  2.6434381 -1.2 2.6084831,
                                  2.5915146 -1.2 2.8191445,
                                  2.4906855 -1.2 3.0112584,
                                  2.3468103 -1.2 3.1736596,
                                  2.1682508 -1.2 3.2969105,
                                  1.9653841 -1.2 3.3738477,
                                  1.75 -1.2 3.4000001,
                                  1.5346159 -1.2 3.3738477,
                                  1.3317492 -1.2 3.2969105,
                                  1.1531897 -1.2 3.1736596,
                                  1.0093145 -1.2 3.0112584,
                                  0.90848535 -1.2 2.8191445,
                                  0.85656202 -1.2 2.6084831,
                                  0.85656202 -1.2 2.3915169,
                                  0.90848535 -1.2 2.1808555,
                                  1.0093145 -1.2 1.9887418,
                                  1.1531897 -1.2 1.8263403,
                                  1.3317492 -1.2 1.7030896,
                                  1.5346159 -1.2 1.6261524,
                                  1.35 -1.2 3.095,
                                  1.35 -1.2 2.2950001,
                                  2.1500001 -1.2 3.095,
                                  2.1500001 -1.2 2.2950001,
                                  1.75 -1.2 9.1999998,
                                  1.75 -0.60000002 9.1999998,
                                  1.75 -1.2 7.4000001,
                                  1.9653841 -1.2 7.4261522,
                                  2.1682508 -1.2 7.5030894,
                                  2.3468103 -1.2 7.6263404,
                                  2.4906855 -1.2 7.7887416,
                                  2.5915146 -1.2 7.9808555,
                                  2.6434381 -1.2 8.1915169,
                                  2.6434381 -1.2 8.4084826,
                                  2.5915146 -1.2 8.6191444,
                                  2.4906855 -1.2 8.8112583,
                                  2.3468103 -1.2 8.9736595,
                                  2.1682508 -1.2 9.0969105,
                                  1.9653841 -1.2 9.1738472,
                                  1.75 -0.60000002 7.4000001,
                                  1.9653841 -0.60000002 7.4261522,
                                  2.1682508 -0.60000002 7.5030894,
                                  2.3468103 -0.60000002 7.6263404,
                                  2.4906855 -0.60000002 7.7887416,
                                  2.5915146 -0.60000002 7.9808555,
                                  2.6434381 -0.60000002 8.1915169,
                                  2.6434381 -0.60000002 8.4084826,
                                  2.5915146 -0.60000002 8.6191444,
                                  2.4906855 -0.60000002 8.8112583,
                                  2.3468103 -0.60000002 8.9736595,
                                  2.1682508 -0.60000002 9.0969105,
                                  1.9653841 -0.60000002 9.1738472,
                                  1.75 -1.2 9.1999998,
                                  1.5346159 -1.2 9.1738472,
                                  1.3317492 -1.2 9.0969105,
                                  1.1531897 -1.2 8.9736595,
                                  1.0093145 -1.2 8.8112583,
                                  0.90848535 -1.2 8.6191444,
                                  0.85656202 -1.2 8.4084826,
                                  0.85656202 -1.2 8.1915169,
                                  0.90848535 -1.2 7.9808555,
                                  1.0093145 -1.2 7.7887416,
                                  1.1531897 -1.2 7.6263404,
                                  1.3317492 -1.2 7.5030894,
                                  1.5346159 -1.2 7.4261522,
                                  1.75 -1.2 7.4000001,
                                  1.9653841 -1.2 7.4261522,
                                  2.1682508 -1.2 7.5030894,
                                  2.3468103 -1.2 7.6263404,
                                  2.4906855 -1.2 7.7887416,
                                  2.5915146 -1.2 7.9808555,
                                  2.6434381 -1.2 8.1915169,
                                  2.6434381 -1.2 8.4084826,
                                  2.5915146 -1.2 8.6191444,
                                  2.4906855 -1.2 8.8112583,
                                  2.3468103 -1.2 8.9736595,
                                  2.1682508 -1.2 9.0969105,
                                  1.9653841 -1.2 9.1738472,
                                  2.1500001 -1.2 7.7049999,
                                  2.1500001 -1.2 8.5050001,
                                  1.35 -1.2 8.5050001,
                                  1.35 -1.2 7.7049999,
                                  -1.75 -1.2 3.4000001,
                                  -1.75 -0.60000002 3.4000001,
                                  -1.75 -1.2 1.6,
                                  -1.5346159 -1.2 1.6261524,
                                  -1.3317492 -1.2 1.7030896,
                                  -1.1531897 -1.2 1.8263403,
                                  -1.0093145 -1.2 1.9887418,
                                  -0.90848535 -1.2 2.1808555,
                                  -0.85656202 -1.2 2.3915169,
                                  -0.85656202 -1.2 2.6084831,
                                  -0.90848535 -1.2 2.8191445,
                                  -1.0093145 -1.2 3.0112584,
                                  -1.1531897 -1.2 3.1736596,
                                  -1.3317492 -1.2 3.2969105,
                                  -1.5346159 -1.2 3.3738477,
                                  -1.75 -0.60000002 1.6,
                                  -1.5346159 -0.60000002 1.6261524,
                                  -1.3317492 -0.60000002 1.7030896,
                                  -1.1531897 -0.60000002 1.8263403,
                                  -1.0093145 -0.60000002 1.9887418,
                                  -0.90848535 -0.60000002 2.1808555,
                                  -0.85656202 -0.60000002 2.3915169,
                                  -0.85656202 -0.60000002 2.6084831,
                                  -0.90848535 -0.60000002 2.8191445,
                                  -1.0093145 -0.60000002 3.0112584,
                                  -1.1531897 -0.60000002 3.1736596,
                                  -1.3317492 -0.60000002 3.2969105,
                                  -1.5346159 -0.60000002 3.3738477,
                                  -1.75 -1.2 1.6,
                                  -1.5346159 -1.2 1.6261524,
                                  -1.3317492 -1.2 1.7030896,
                                  -1.1531897 -1.2 1.8263403,
                                  -1.0093145 -1.2 1.9887418,
                                  -0.90848535 -1.2 2.1808555,
                                  -0.85656202 -1.2 2.3915169,
                                  -0.85656202 -1.2 2.6084831,
                                  -0.90848535 -1.2 2.8191445,
                                  -1.0093145 -1.2 3.0112584,
                                  -1.1531897 -1.2 3.1736596,
                                  -1.3317492 -1.2 3.2969105,
                                  -1.5346159 -1.2 3.3738477,
                                  -1.75 -1.2 3.4000001,
                                  -1.9653841 -1.2 3.3738477,
                                  -2.1682508 -1.2 3.2969105,
                                  -2.3468103 -1.2 3.1736596,
                                  -2.4906855 -1.2 3.0112584,
                                  -2.5915146 -1.2 2.8191445,
                                  -2.6434381 -1.2 2.6084831,
                                  -2.6434381 -1.2 2.3915169,
                                  -2.5915146 -1.2 2.1808555,
                                  -2.4906855 -1.2 1.9887418,
                                  -2.3468103 -1.2 1.8263403,
                                  -2.1682508 -1.2 1.7030896,
                                  -1.9653841 -1.2 1.6261524,
                                  -2.1500001 -1.2 3.095,
                                  -2.1500001 -1.2 2.2950001,
                                  -1.35 -1.2 3.095,
                                  -1.35 -1.2 2.2950001,
                                  -1.75 -1.2 9.1999998,
                                  -1.75 -0.60000002 9.1999998,
                                  -1.75 -1.2 7.4000001,
                                  -1.5346159 -1.2 7.4261522,
                                  -1.3317492 -1.2 7.5030894,
                                  -1.1531897 -1.2 7.6263404,
                                  -1.0093145 -1.2 7.7887416,
                                  -0.90848535 -1.2 7.9808555,
                                  -0.85656202 -1.2 8.1915169,
                                  -0.85656202 -1.2 8.4084826,
                                  -0.90848535 -1.2 8.6191444,
                                  -1.0093145 -1.2 8.8112583,
                                  -1.1531897 -1.2 8.9736595,
                                  -1.3317492 -1.2 9.0969105,
                                  -1.5346159 -1.2 9.1738472,
                                  -1.75 -0.60000002 7.4000001,
                                  -1.5346159 -0.60000002 7.4261522,
                                  -1.3317492 -0.60000002 7.5030894,
                                  -1.1531897 -0.60000002 7.6263404,
                                  -1.0093145 -0.60000002 7.7887416,
                                  -0.90848535 -0.60000002 7.9808555,
                                  -0.85656202 -0.60000002 8.1915169,
                                  -0.85656202 -0.60000002 8.4084826,
                                  -0.90848535 -0.60000002 8.6191444,
                                  -1.0093145 -0.60000002 8.8112583,
                                  -1.1531897 -0.60000002 8.9736595,
                                  -1.3317492 -0.60000002 9.0969105,
                                  -1.5346159 -0.60000002 9.1738472,
                                  -1.75 -1.2 9.1999998,
                                  -1.9653841 -1.2 9.1738472,
                                  -2.1682508 -1.2 9.0969105,
                                  -2.3468103 -1.2 8.9736595,
                                  -2.4906855 -1.2 8.8112583,
                                  -2.5915146 -1.2 8.6191444,
                                  -2.6434381 -1.2 8.4084826,
                                  -2.6434381 -1.2 8.1915169,
                                  -2.5915146 -1.2 7.9808555,
                                  -2.4906855 -1.2 7.7887416,
                                  -2.3468103 -1.2 7.6263404,
                                  -2.1682508 -1.2 7.5030894,
                                  -1.9653841 -1.2 7.4261522,
                                  -1.75 -1.2 7.4000001,
                                  -1.5346159 -1.2 7.4261522,
                                  -1.3317492 -1.2 7.5030894,
                                  -1.1531897 -1.2 7.6263404,
                                  -1.0093145 -1.2 7.7887416,
                                  -0.90848535 -1.2 7.9808555,
                                  -0.85656202 -1.2 8.1915169,
                                  -0.85656202 -1.2 8.4084826,
                                  -0.90848535 -1.2 8.6191444,
                                  -1.0093145 -1.2 8.8112583,
                                  -1.1531897 -1.2 8.9736595,
                                  -1.3317492 -1.2 9.0969105,
                                  -1.5346159 -1.2 9.1738472,
                                  -1.35 -1.2 7.7049999,
                                  -1.35 -1.2 8.5050001,
                                  -2.1500001 -1.2 8.5050001,
                                  -2.1500001 -1.2 7.7049999,
                                  -1.25 1.6 0.1,
                                  -1.25 5.5999999 0.1,
                                  -0.5 5.5999999 0.1,
                                  -0.5 -5.5999999 0.1,
                                  -3 -5.5999999 0.1,
                                  -3 5.5999999 0.1,
                                  -2.25 5.5999999 0.1,
                                  -2.25 1.6 0.1,
                                  -0.5 5.5999999 0.1,
                                  -0.5 5.5999999 0,
                                  -0.5 -5.5999999 0.1,
                                  -0.5 -5.5999999 0,
                                  -3 -5.5999999 0.1,
                                  -3 -5.5999999 0,
                                  -3 5.5999999 0.1,
                                  -3 5.5999999 0,
                                  2.25 1.6 0.1,
                                  2.25 5.5999999 0.1,
                                  3 5.5999999 0.1,
                                  3 -5.5999999 0.1,
                                  0.5 -5.5999999 0.1,
                                  0.5 5.5999999 0.1,
                                  1.25 5.5999999 0.1,
                                  1.25 1.6 0.1,
                                  3 5.5999999 0.1,
                                  3 5.5999999 0,
                                  3 -5.5999999 0.1,
                                  3 -5.5999999 0,
                                  0.5 -5.5999999 0.1,
                                  0.5 -5.5999999 0,
                                  0.5 5.5999999 0.1,
                                  0.5 5.5999999 0,
                                  -1.8588238 -4.0999999 2.8038237,
                                  -1.8588238 -4.0999999 2.5861762,
                                  -1.6411762 -4.0999999 2.5861762,
                                  -1.6411762 -4.0999999 2.8038237,
                                  -1.35 -1.2 3.095,
                                  -1.35 -1.2 2.2950001,
                                  -1.35 -3.3 2.2950001,
                                  -1.35 -3.3 3.095,
                                  -2.1500001 -3.3 2.2950001,
                                  -2.1500001 -1.2 2.2950001,
                                  -2.1500001 -3.3 3.095,
                                  -2.1500001 -1.2 3.095,
                                  -2.1500001 -1.2 3.095,
                                  -1.35 -1.2 3.095,
                                  -1.35 -3.3 3.095,
                                  -2.1500001 -3.3 3.095,
                                  -1.35 -3.3 2.2950001,
                                  -1.35 -1.2 2.2950001,
                                  -2.1500001 -3.3 2.2950001,
                                  -2.1500001 -1.2 2.2950001,
                                  -2.1500001 2.99 1.6950001,
                                  -2.1500001 2.99 -2.2,
                                  -2.1500001 2.1900001 -2.2,
                                  -2.1500001 2.1900001 1.6950001,
                                  -2.1500001 1.6 2.2949166,
                                  -2.1500001 1.7318555 2.2779896,
                                  -2.1500001 1.8567474 2.2324438,
                                  -2.1500001 1.9685446 2.1605146,
                                  -2.1500001 2.0617592 2.0657334,
                                  -2.1500001 2.131815 1.9527529,
                                  -2.1500001 2.1752729 1.8271194,
                                  -2.1500001 1.6 3.0949643,
                                  -2.1500001 1.90988 3.0579662,
                                  -2.1500001 2.2038648 2.9532409,
                                  -2.1500001 2.4673462 2.7859921,
                                  -2.1500001 2.6872311 2.5645308,
                                  -2.1500001 2.8525934 2.2998617,
                                  -2.1500001 2.9552162 2.0051365,
                                  -1.35 1.6 2.2949166,
                                  -1.35 1.7318555 2.2779896,
                                  -1.35 1.8567474 2.2324438,
                                  -1.35 1.9685446 2.1605146,
                                  -1.35 2.0617592 2.0657334,
                                  -1.35 2.131815 1.9527529,
                                  -1.35 2.1752729 1.8271194,
                                  -1.35 2.1900001 1.6950001,
                                  -1.35 1.6 3.0949643,
                                  -1.35 1.90988 3.0579662,
                                  -1.35 2.2038648 2.9532409,
                                  -1.35 2.4673462 2.7859921,
                                  -1.35 2.6872311 2.5645308,
                                  -1.35 2.8525934 2.2998617,
                                  -1.35 2.9552162 2.0051365,
                                  -1.35 2.99 1.6950001,
                                  -1.35 2.99 -2.2,
                                  -1.35 2.1900001 -2.2,
                                  -2.1500001 2.99 1.6950001,
                                  -1.35 2.99 1.6950001,
                                  -2.1500001 2.99 -2.2,
                                  -1.35 2.99 -2.2,
                                  -1.8588238 2.4811761 -3,
                                  -1.8588238 2.6988239 -3,
                                  -1.6411762 2.6988239 -3,
                                  -1.6411762 2.4811761 -3,
                                  -2.1500001 2.1900001 1.6950001,
                                  -2.1500001 2.1900001 -2.2,
                                  -1.35 2.1900001 -2.2,
                                  -1.35 2.1900001 1.6950001,
                                  -2.1500001 2.1900001 1.6950001,
                                  -1.35 2.1900001 1.6950001,
                                  -2.1500001 1.6 2.2949166,
                                  -2.1500001 1.7318555 2.2779896,
                                  -2.1500001 1.8567474 2.2324438,
                                  -2.1500001 1.9685446 2.1605146,
                                  -2.1500001 2.0617592 2.0657334,
                                  -2.1500001 2.131815 1.9527529,
                                  -2.1500001 2.1752729 1.8271194,
                                  -1.35 1.6 2.2949166,
                                  -1.35 1.7318555 2.2779896,
                                  -1.35 1.8567474 2.2324438,
                                  -1.35 1.9685446 2.1605146,
                                  -1.35 2.0617592 2.0657334,
                                  -1.35 2.131815 1.9527529,
                                  -1.35 2.1752729 1.8271194,
                                  -1.35 1.6 3.0949643,
                                  -2.1500001 1.6 3.0949643,
                                  -1.35 1.90988 3.0579662,
                                  -1.35 2.2038648 2.9532409,
                                  -1.35 2.4673462 2.7859921,
                                  -1.35 2.6872311 2.5645308,
                                  -1.35 2.8525934 2.2998617,
                                  -1.35 2.9552162 2.0051365,
                                  -1.35 2.99 1.6950001,
                                  -2.1500001 2.99 1.6950001,
                                  -2.1500001 1.90988 3.0579662,
                                  -2.1500001 2.2038648 2.9532409,
                                  -2.1500001 2.4673462 2.7859921,
                                  -2.1500001 2.6872311 2.5645308,
                                  -2.1500001 2.8525934 2.2998617,
                                  -2.1500001 2.9552162 2.0051365,
                                  -1.8588238 -4.0999999 8.2138243,
                                  -1.8588238 -4.0999999 7.9961762,
                                  -1.6411762 -4.0999999 7.9961762,
                                  -1.6411762 -4.0999999 8.2138243,
                                  -2.1500001 -3.3 7.7049999,
                                  -2.1500001 -1.2 7.7049999,
                                  -2.1500001 -3.3 8.5050001,
                                  -2.1500001 -1.2 8.5050001,
                                  -1.35 -1.2 7.7049999,
                                  -1.35 -1.2 8.5050001,
                                  -1.35 -3.3 7.7049999,
                                  -1.35 -3.3 8.5050001,
                                  -1.35 -1.2 8.5050001,
                                  -2.1500001 -1.2 8.5050001,
                                  -1.35 -3.3 8.5050001,
                                  -2.1500001 -3.3 8.5050001,
                                  -1.35 -3.3 7.7049999,
                                  -1.35 -1.2 7.7049999,
                                  -2.1500001 -3.3 7.7049999,
                                  -2.1500001 -1.2 7.7049999,
                                  -2.1500001 4.8293662 8.3000002,
                                  -2.1500001 5.0569077 8.1269236,
                                  -2.1500001 5.2445469 7.9112334,
                                  -2.1500001 5.384459 7.6619244,
                                  -2.1500001 5.4708104 7.3893914,
                                  -2.1500001 5.5 7.105,
                                  -1.35 4.8293662 8.3000002,
                                  -1.35 5.0569077 8.1269236,
                                  -1.35 5.2445469 7.9112334,
                                  -1.35 5.384459 7.6619244,
                                  -1.35 5.4708104 7.3893914,
                                  -1.35 5.5 7.105,
                                  -2.1500001 5.5 7.105,
                                  -1.35 5.5 7.105,
                                  -2.1500001 5.5 -2.2,
                                  -1.35 5.5 -2.2,
                                  -1.8588238 4.9911761 -3,
                                  -1.8588238 5.2088237 -3,
                                  -1.6411762 5.2088237 -3,
                                  -1.6411762 4.9911761 -3,
                                  -2.1500001 4.6999998 7.105,
                                  -2.1500001 4.6999998 -2.2,
                                  -1.35 4.6999998 -2.2,
                                  -1.35 4.6999998 7.105,
                                  -2.1500001 4.6999998 7.105,
                                  -1.35 4.6999998 7.105,
                                  -2.1500001 4.0999999 7.7049999,
                                  -2.1500001 4.2335124 7.6899567,
                                  -2.1500001 4.3603301 7.6455812,
                                  -2.1500001 4.4740939 7.5740991,
                                  -2.1500001 4.5690989 7.479094,
                                  -2.1500001 4.6405811 7.3653302,
                                  -2.1500001 4.6849566 7.2385125,
                                  -1.35 4.0999999 7.7049999,
                                  -1.35 4.2335124 7.6899567,
                                  -1.35 4.3603301 7.6455812,
                                  -1.35 4.4740939 7.5740991,
                                  -1.35 4.5690989 7.479094,
                                  -1.35 4.6405811 7.3653302,
                                  -1.35 4.6849566 7.2385125,
                                  -1.35 1.6 7.7049999,
                                  -1.35 4.0999999 7.7049999,
                                  -2.1500001 1.6 7.7049999,
                                  -2.1500001 4.0999999 7.7049999,
                                  -2.1500001 5.5 7.105,
                                  -2.1500001 5.5 -2.2,
                                  -2.1500001 4.6999998 -2.2,
                                  -2.1500001 4.6999998 7.105,
                                  -2.1500001 4.0999999 7.7049999,
                                  -2.1500001 4.2335124 7.6899567,
                                  -2.1500001 4.3603301 7.6455812,
                                  -2.1500001 4.4740939 7.5740991,
                                  -2.1500001 4.5690989 7.479094,
                                  -2.1500001 4.6405811 7.3653302,
                                  -2.1500001 4.6849566 7.2385125,
                                  -2.1500001 1.6 7.7049999,
                                  -2.1500001 1.6 8.3000002,
                                  -2.1500001 4.8293662 8.3000002,
                                  -2.1500001 5.0569077 8.1269236,
                                  -2.1500001 5.2445469 7.9112334,
                                  -2.1500001 5.384459 7.6619244,
                                  -2.1500001 5.4708104 7.3893914,
                                  -1.35 4.0999999 7.7049999,
                                  -1.35 4.2335124 7.6899567,
                                  -1.35 4.3603301 7.6455812,
                                  -1.35 4.4740939 7.5740991,
                                  -1.35 4.5690989 7.479094,
                                  -1.35 4.6405811 7.3653302,
                                  -1.35 4.6849566 7.2385125,
                                  -1.35 4.6999998 7.105,
                                  -1.35 1.6 7.7049999,
                                  -1.35 1.6 8.3000002,
                                  -1.35 4.8293662 8.3000002,
                                  -1.35 5.0569077 8.1269236,
                                  -1.35 5.2445469 7.9112334,
                                  -1.35 5.384459 7.6619244,
                                  -1.35 5.4708104 7.3893914,
                                  -1.35 5.5 7.105,
                                  -1.35 5.5 -2.2,
                                  -1.35 4.6999998 -2.2,
                                  -1.6411762 4.9911761 -3,
                                  -1.8588238 4.9911761 -3,
                                  -2.1500001 4.6999998 -2.2,
                                  -1.35 4.6999998 -2.2,
                                  -1.8588238 4.9911761 -3,
                                  -1.8588238 5.2088237 -3,
                                  -2.1500001 5.5 -2.2,
                                  -2.1500001 4.6999998 -2.2,
                                  -1.35 4.6999998 -2.2,
                                  -1.6411762 4.9911761 -3,
                                  -1.6411762 5.2088237 -3,
                                  -1.35 5.5 -2.2,
                                  -1.8588238 5.2088237 -3,
                                  -2.1500001 5.5 -2.2,
                                  -1.35 5.5 -2.2,
                                  -1.6411762 5.2088237 -3,
                                  -1.6411762 2.4811761 -3,
                                  -1.8588238 2.4811761 -3,
                                  -2.1500001 2.1900001 -2.2,
                                  -1.35 2.1900001 -2.2,
                                  -1.8588238 2.4811761 -3,
                                  -1.8588238 2.6988239 -3,
                                  -2.1500001 2.99 -2.2,
                                  -2.1500001 2.1900001 -2.2,
                                  -1.35 2.1900001 -2.2,
                                  -1.6411762 2.4811761 -3,
                                  -1.6411762 2.6988239 -3,
                                  -1.35 2.99 -2.2,
                                  -1.8588238 2.6988239 -3,
                                  -2.1500001 2.99 -2.2,
                                  -1.35 2.99 -2.2,
                                  -1.6411762 2.6988239 -3,
                                  -1.35 -3.3 3.095,
                                  -1.6411762 -4.0999999 2.8038237,
                                  -2.1500001 -3.3 3.095,
                                  -1.8588238 -4.0999999 2.8038237,
                                  -1.8588238 -4.0999999 2.8038237,
                                  -1.8588238 -4.0999999 2.5861762,
                                  -2.1500001 -3.3 2.2950001,
                                  -2.1500001 -3.3 3.095,
                                  -1.35 -3.3 3.095,
                                  -1.6411762 -4.0999999 2.8038237,
                                  -1.6411762 -4.0999999 2.5861762,
                                  -1.35 -3.3 2.2950001,
                                  -1.8588238 -4.0999999 2.5861762,
                                  -1.6411762 -4.0999999 2.5861762,
                                  -1.35 -3.3 2.2950001,
                                  -2.1500001 -3.3 2.2950001,
                                  -1.35 -3.3 8.5050001,
                                  -1.6411762 -4.0999999 8.2138243,
                                  -2.1500001 -3.3 8.5050001,
                                  -1.8588238 -4.0999999 8.2138243,
                                  -1.8588238 -4.0999999 8.2138243,
                                  -1.8588238 -4.0999999 7.9961762,
                                  -2.1500001 -3.3 7.7049999,
                                  -2.1500001 -3.3 8.5050001,
                                  -1.35 -3.3 8.5050001,
                                  -1.6411762 -4.0999999 8.2138243,
                                  -1.6411762 -4.0999999 7.9961762,
                                  -1.35 -3.3 7.7049999,
                                  -1.8588238 -4.0999999 7.9961762,
                                  -1.6411762 -4.0999999 7.9961762,
                                  -1.35 -3.3 7.7049999,
                                  -2.1500001 -3.3 7.7049999,
                                  1.6411762 -4.0999999 2.8038237,
                                  1.6411762 -4.0999999 2.5861762,
                                  1.8588238 -4.0999999 2.5861762,
                                  1.8588238 -4.0999999 2.8038237,
                                  2.1500001 -1.2 3.095,
                                  2.1500001 -1.2 2.2950001,
                                  2.1500001 -3.3 2.2950001,
                                  2.1500001 -3.3 3.095,
                                  1.35 -3.3 2.2950001,
                                  1.35 -1.2 2.2950001,
                                  1.35 -3.3 3.095,
                                  1.35 -1.2 3.095,
                                  1.35 -1.2 3.095,
                                  2.1500001 -1.2 3.095,
                                  2.1500001 -3.3 3.095,
                                  1.35 -3.3 3.095,
                                  2.1500001 -3.3 2.2950001,
                                  2.1500001 -1.2 2.2950001,
                                  1.35 -3.3 2.2950001,
                                  1.35 -1.2 2.2950001,
                                  1.35 2.99 1.6950001,
                                  1.35 2.99 -2.2,
                                  1.35 2.1900001 -2.2,
                                  1.35 2.1900001 1.6950001,
                                  1.35 1.6 2.2949166,
                                  1.35 1.7318555 2.2779896,
                                  1.35 1.8567474 2.2324438,
                                  1.35 1.9685446 2.1605146,
                                  1.35 2.0617592 2.0657334,
                                  1.35 2.131815 1.9527529,
                                  1.35 2.1752729 1.8271194,
                                  1.35 1.6 3.0949643,
                                  1.35 1.90988 3.0579662,
                                  1.35 2.2038648 2.9532409,
                                  1.35 2.4673462 2.7859921,
                                  1.35 2.6872311 2.5645308,
                                  1.35 2.8525934 2.2998617,
                                  1.35 2.9552162 2.0051365,
                                  2.1500001 1.6 2.2949166,
                                  2.1500001 1.7318555 2.2779896,
                                  2.1500001 1.8567474 2.2324438,
                                  2.1500001 1.9685446 2.1605146,
                                  2.1500001 2.0617592 2.0657334,
                                  2.1500001 2.131815 1.9527529,
                                  2.1500001 2.1752729 1.8271194,
                                  2.1500001 2.1900001 1.6950001,
                                  2.1500001 1.6 3.0949643,
                                  2.1500001 1.90988 3.0579662,
                                  2.1500001 2.2038648 2.9532409,
                                  2.1500001 2.4673462 2.7859921,
                                  2.1500001 2.6872311 2.5645308,
                                  2.1500001 2.8525934 2.2998617,
                                  2.1500001 2.9552162 2.0051365,
                                  2.1500001 2.99 1.6950001,
                                  2.1500001 2.99 -2.2,
                                  2.1500001 2.1900001 -2.2,
                                  1.35 2.99 1.6950001,
                                  2.1500001 2.99 1.6950001,
                                  1.35 2.99 -2.2,
                                  2.1500001 2.99 -2.2,
                                  1.6411762 2.4811761 -3,
                                  1.6411762 2.6988239 -3,
                                  1.8588238 2.6988239 -3,
                                  1.8588238 2.4811761 -3,
                                  1.35 2.1900001 1.6950001,
                                  1.35 2.1900001 -2.2,
                                  2.1500001 2.1900001 -2.2,
                                  2.1500001 2.1900001 1.6950001,
                                  1.35 2.1900001 1.6950001,
                                  2.1500001 2.1900001 1.6950001,
                                  1.35 1.6 2.2949166,
                                  1.35 1.7318555 2.2779896,
                                  1.35 1.8567474 2.2324438,
                                  1.35 1.9685446 2.1605146,
                                  1.35 2.0617592 2.0657334,
                                  1.35 2.131815 1.9527529,
                                  1.35 2.1752729 1.8271194,
                                  2.1500001 1.6 2.2949166,
                                  2.1500001 1.7318555 2.2779896,
                                  2.1500001 1.8567474 2.2324438,
                                  2.1500001 1.9685446 2.1605146,
                                  2.1500001 2.0617592 2.0657334,
                                  2.1500001 2.131815 1.9527529,
                                  2.1500001 2.1752729 1.8271194,
                                  2.1500001 1.6 3.0949643,
                                  1.35 1.6 3.0949643,
                                  2.1500001 1.90988 3.0579662,
                                  2.1500001 2.2038648 2.9532409,
                                  2.1500001 2.4673462 2.7859921,
                                  2.1500001 2.6872311 2.5645308,
                                  2.1500001 2.8525934 2.2998617,
                                  2.1500001 2.9552162 2.0051365,
                                  2.1500001 2.99 1.6950001,
                                  1.35 2.99 1.6950001,
                                  1.35 1.90988 3.0579662,
                                  1.35 2.2038648 2.9532409,
                                  1.35 2.4673462 2.7859921,
                                  1.35 2.6872311 2.5645308,
                                  1.35 2.8525934 2.2998617,
                                  1.35 2.9552162 2.0051365,
                                  1.6411762 -4.0999999 8.2138243,
                                  1.6411762 -4.0999999 7.9961762,
                                  1.8588238 -4.0999999 7.9961762,
                                  1.8588238 -4.0999999 8.2138243,
                                  1.35 -3.3 7.7049999,
                                  1.35 -1.2 7.7049999,
                                  1.35 -3.3 8.5050001,
                                  1.35 -1.2 8.5050001,
                                  2.1500001 -1.2 7.7049999,
                                  2.1500001 -1.2 8.5050001,
                                  2.1500001 -3.3 7.7049999,
                                  2.1500001 -3.3 8.5050001,
                                  2.1500001 -1.2 8.5050001,
                                  1.35 -1.2 8.5050001,
                                  2.1500001 -3.3 8.5050001,
                                  1.35 -3.3 8.5050001,
                                  2.1500001 -3.3 7.7049999,
                                  2.1500001 -1.2 7.7049999,
                                  1.35 -3.3 7.7049999,
                                  1.35 -1.2 7.7049999,
                                  1.35 4.8293662 8.3000002,
                                  1.35 5.0569077 8.1269236,
                                  1.35 5.2445469 7.9112334,
                                  1.35 5.384459 7.6619244,
                                  1.35 5.4708104 7.3893914,
                                  1.35 5.5 7.105,
                                  2.1500001 4.8293662 8.3000002,
                                  2.1500001 5.0569077 8.1269236,
                                  2.1500001 5.2445469 7.9112334,
                                  2.1500001 5.384459 7.6619244,
                                  2.1500001 5.4708104 7.3893914,
                                  2.1500001 5.5 7.105,
                                  1.35 5.5 7.105,
                                  2.1500001 5.5 7.105,
                                  1.35 5.5 -2.2,
                                  2.1500001 5.5 -2.2,
                                  1.6411762 4.9911761 -3,
                                  1.6411762 5.2088237 -3,
                                  1.8588238 5.2088237 -3,
                                  1.8588238 4.9911761 -3,
                                  1.35 4.6999998 7.105,
                                  1.35 4.6999998 -2.2,
                                  2.1500001 4.6999998 -2.2,
                                  2.1500001 4.6999998 7.105,
                                  1.35 4.6999998 7.105,
                                  2.1500001 4.6999998 7.105,
                                  1.35 4.0999999 7.7049999,
                                  1.35 4.2335124 7.6899567,
                                  1.35 4.3603301 7.6455812,
                                  1.35 4.4740939 7.5740991,
                                  1.35 4.5690989 7.479094,
                                  1.35 4.6405811 7.3653302,
                                  1.35 4.6849566 7.2385125,
                                  2.1500001 4.0999999 7.7049999,
                                  2.1500001 4.2335124 7.6899567,
                                  2.1500001 4.3603301 7.6455812,
                                  2.1500001 4.4740939 7.5740991,
                                  2.1500001 4.5690989 7.479094,
                                  2.1500001 4.6405811 7.3653302,
                                  2.1500001 4.6849566 7.2385125,
                                  2.1500001 1.6 7.7049999,
                                  2.1500001 4.0999999 7.7049999,
                                  1.35 1.6 7.7049999,
                                  1.35 4.0999999 7.7049999,
                                  1.35 5.5 7.105,
                                  1.35 5.5 -2.2,
                                  1.35 4.6999998 -2.2,
                                  1.35 4.6999998 7.105,
                                  1.35 4.0999999 7.7049999,
                                  1.35 4.2335124 7.6899567,
                                  1.35 4.3603301 7.6455812,
                                  1.35 4.4740939 7.5740991,
                                  1.35 4.5690989 7.479094,
                                  1.35 4.6405811 7.3653302,
                                  1.35 4.6849566 7.2385125,
                                  1.35 1.6 7.7049999,
                                  1.35 1.6 8.3000002,
                                  1.35 4.8293662 8.3000002,
                                  1.35 5.0569077 8.1269236,
                                  1.35 5.2445469 7.9112334,
                                  1.35 5.384459 7.6619244,
                                  1.35 5.4708104 7.3893914,
                                  2.1500001 4.0999999 7.7049999,
                                  2.1500001 4.2335124 7.6899567,
                                  2.1500001 4.3603301 7.6455812,
                                  2.1500001 4.4740939 7.5740991,
                                  2.1500001 4.5690989 7.479094,
                                  2.1500001 4.6405811 7.3653302,
                                  2.1500001 4.6849566 7.2385125,
                                  2.1500001 4.6999998 7.105,
                                  2.1500001 1.6 7.7049999,
                                  2.1500001 1.6 8.3000002,
                                  2.1500001 4.8293662 8.3000002,
                                  2.1500001 5.0569077 8.1269236,
                                  2.1500001 5.2445469 7.9112334,
                                  2.1500001 5.384459 7.6619244,
                                  2.1500001 5.4708104 7.3893914,
                                  2.1500001 5.5 7.105,
                                  2.1500001 5.5 -2.2,
                                  2.1500001 4.6999998 -2.2,
                                  1.8588238 4.9911761 -3,
                                  1.6411762 4.9911761 -3,
                                  1.35 4.6999998 -2.2,
                                  2.1500001 4.6999998 -2.2,
                                  1.6411762 4.9911761 -3,
                                  1.6411762 5.2088237 -3,
                                  1.35 5.5 -2.2,
                                  1.35 4.6999998 -2.2,
                                  2.1500001 4.6999998 -2.2,
                                  1.8588238 4.9911761 -3,
                                  1.8588238 5.2088237 -3,
                                  2.1500001 5.5 -2.2,
                                  1.6411762 5.2088237 -3,
                                  1.35 5.5 -2.2,
                                  2.1500001 5.5 -2.2,
                                  1.8588238 5.2088237 -3,
                                  1.8588238 2.4811761 -3,
                                  1.6411762 2.4811761 -3,
                                  1.35 2.1900001 -2.2,
                                  2.1500001 2.1900001 -2.2,
                                  1.6411762 2.4811761 -3,
                                  1.6411762 2.6988239 -3,
                                  1.35 2.99 -2.2,
                                  1.35 2.1900001 -2.2,
                                  2.1500001 2.1900001 -2.2,
                                  1.8588238 2.4811761 -3,
                                  1.8588238 2.6988239 -3,
                                  2.1500001 2.99 -2.2,
                                  1.6411762 2.6988239 -3,
                                  1.35 2.99 -2.2,
                                  2.1500001 2.99 -2.2,
                                  1.8588238 2.6988239 -3,
                                  2.1500001 -3.3 3.095,
                                  1.8588238 -4.0999999 2.8038237,
                                  1.35 -3.3 3.095,
                                  1.6411762 -4.0999999 2.8038237,
                                  1.6411762 -4.0999999 2.8038237,
                                  1.6411762 -4.0999999 2.5861762,
                                  1.35 -3.3 2.2950001,
                                  1.35 -3.3 3.095,
                                  2.1500001 -3.3 3.095,
                                  1.8588238 -4.0999999 2.8038237,
                                  1.8588238 -4.0999999 2.5861762,
                                  2.1500001 -3.3 2.2950001,
                                  1.6411762 -4.0999999 2.5861762,
                                  1.8588238 -4.0999999 2.5861762,
                                  2.1500001 -3.3 2.2950001,
                                  1.35 -3.3 2.2950001,
                                  2.1500001 -3.3 8.5050001,
                                  1.8588238 -4.0999999 8.2138243,
                                  1.35 -3.3 8.5050001,
                                  1.6411762 -4.0999999 8.2138243,
                                  1.6411762 -4.0999999 8.2138243,
                                  1.6411762 -4.0999999 7.9961762,
                                  1.35 -3.3 7.7049999,
                                  1.35 -3.3 8.5050001,
                                  2.1500001 -3.3 8.5050001,
                                  1.8588238 -4.0999999 8.2138243,
                                  1.8588238 -4.0999999 7.9961762,
                                  2.1500001 -3.3 7.7049999,
                                  1.6411762 -4.0999999 7.9961762,
                                  1.8588238 -4.0999999 7.9961762,
                                  2.1500001 -3.3 7.7049999,
                                  1.35 -3.3 7.7049999,
                                  0.25 -2.5999999 8.5050001,
                                  0.25 -5.5999999 8.5050001,
                                  -0.25 -2.5999999 8.5050001,
                                  -0.25 -5.5999999 8.5050001,
                                  -0.25 -2.5999999 7.7049999,
                                  -0.25 -5.5999999 7.7049999,
                                  0.25 -2.5999999 7.7049999,
                                  0.25 -5.5999999 7.7049999,
                                  0.25 -2.5999999 8.5050001,
                                  -0.25 -2.5999999 8.5050001,
                                  0.25 -2.5999999 7.7049999,
                                  -0.25 -2.5999999 7.7049999,
                                  -0.25 -2.5999999 2.2950001,
                                  -0.25 -5.5999999 2.2950001,
                                  0.25 -2.5999999 2.2950001,
                                  0.25 -5.5999999 2.2950001,
                                  0.25 -2.5999999 3.095,
                                  0.25 -5.5999999 3.095,
                                  -0.25 -2.5999999 3.095,
                                  -0.25 -5.5999999 3.095,
                                  0.25 -2.5999999 2.2950001,
                                  0.25 -2.5999999 3.095,
                                  -0.25 -2.5999999 3.095,
                                  -0.25 -2.5999999 2.2950001,
                                  -3.75 -2.5999999 8.5050001,
                                  -3.75 -5.5999999 8.5050001,
                                  -3.75 -2.5999999 7.7049999,
                                  -3.75 -5.5999999 7.7049999,
                                  -3.25 -2.5999999 8.5050001,
                                  -3.25 -5.5999999 8.5050001,
                                  -3.75 -2.5999999 8.5050001,
                                  -3.75 -5.5999999 8.5050001,
                                  -3.75 -2.5999999 7.7049999,
                                  -3.75 -5.5999999 7.7049999,
                                  -3.25 -2.5999999 7.7049999,
                                  -3.25 -5.5999999 7.7049999,
                                  -3.25 -2.5999999 8.5050001,
                                  -3.75 -2.5999999 8.5050001,
                                  -3.25 -2.5999999 7.7049999,
                                  -3.75 -2.5999999 7.7049999,
                                  -3.75 -2.5999999 2.2950001,
                                  -3.75 -5.5999999 2.2950001,
                                  -3.25 -2.5999999 2.2950001,
                                  -3.25 -5.5999999 2.2950001,
                                  -3.75 -2.5999999 3.095,
                                  -3.75 -5.5999999 3.095,
                                  -3.75 -2.5999999 2.2950001,
                                  -3.75 -5.5999999 2.2950001,
                                  -3.25 -2.5999999 3.095,
                                  -3.25 -5.5999999 3.095,
                                  -3.75 -2.5999999 3.095,
                                  -3.75 -5.5999999 3.095,
                                  -3.25 -2.5999999 2.2950001,
                                  -3.25 -2.5999999 3.095,
                                  -3.75 -2.5999999 3.095,
                                  -3.75 -2.5999999 2.2950001,
                                  3.9100001 -2.7425714 9.4708958,
                                  3.9000001 -2.7425714 9.4708958,
                                  3.9100001 -2.7425714 9.5172691,
                                  3.9000001 -2.7425714 9.5172691,
                                  3.9100001 -2.7425714 9.5172691,
                                  3.9000001 -2.7425714 9.5172691,
                                  3.9100001 -2.9045656 9.5172691,
                                  3.9000001 -2.9045656 9.5172691,
                                  3.9100001 -2.9045656 9.5172691,
                                  3.9000001 -2.9045656 9.5172691,
                                  3.9100001 -2.9045656 9.8776493,
                                  3.9000001 -2.9045656 9.8776493,
                                  3.9100001 -2.9045656 9.8776493,
                                  3.9000001 -2.9045656 9.8776493,
                                  3.9100001 -2.9570735 9.8776493,
                                  3.9000001 -2.9570735 9.8776493,
                                  3.9100001 -2.9570735 9.8776493,
                                  3.9000001 -2.9570735 9.8776493,
                                  3.9100001 -2.9570735 9.4708958,
                                  3.9000001 -2.9570735 9.4708958,
                                  3.9100001 -2.9570735 9.4708958,
                                  3.9000001 -2.9570735 9.4708958,
                                  3.9100001 -2.7425714 9.4708958,
                                  3.9000001 -2.7425714 9.4708958,
                                  3.9100001 -2.9570735 9.4708958,
                                  3.9100001 -2.7425714 9.4708958,
                                  3.9100001 -2.9570735 9.8776493,
                                  3.9100001 -2.9045656 9.8776493,
                                  3.9100001 -2.9045656 9.5172691,
                                  3.9100001 -2.7425714 9.5172691,
                                  3.9100001 -2.5339959 9.4640331,
                                  3.9000001 -2.5339959 9.4640331,
                                  3.9100001 -2.4783263 9.4687166,
                                  3.9100001 -2.4481013 9.4763985,
                                  3.9100001 -2.4213901 9.4877396,
                                  3.9000001 -2.4213901 9.4877396,
                                  3.9000001 -2.4783263 9.4687166,
                                  3.9000001 -2.4481013 9.4763985,
                                  3.9100001 -2.4213901 9.4877396,
                                  3.9000001 -2.4213901 9.4877396,
                                  3.9100001 -2.4213901 9.538064,
                                  3.9000001 -2.4213901 9.538064,
                                  3.9100001 -2.4213901 9.538064,
                                  3.9000001 -2.4213901 9.538064,
                                  3.9100001 -2.4528909 9.5229607,
                                  3.9100001 -2.4879038 9.5138645,
                                  3.9100001 -2.5264056 9.5108223,
                                  3.9000001 -2.5264056 9.5108223,
                                  3.9000001 -2.4528909 9.5229607,
                                  3.9000001 -2.4879038 9.5138645,
                                  3.9100001 -2.5264056 9.5108223,
                                  3.9000001 -2.5264056 9.5108223,
                                  3.9100001 -2.5667136 9.5155973,
                                  3.9100001 -2.5953488 9.5264463,
                                  3.9100001 -2.6140943 9.5383797,
                                  3.9100001 -2.6309013 9.5536604,
                                  3.9000001 -2.6309013 9.5536604,
                                  3.9000001 -2.5667136 9.5155973,
                                  3.9000001 -2.5953488 9.5264463,
                                  3.9000001 -2.6140943 9.5383797,
                                  3.9100001 -2.6309013 9.5536604,
                                  3.9000001 -2.6309013 9.5536604,
                                  3.9100001 -2.6495512 9.5790882,
                                  3.9100001 -2.6623795 9.608882,
                                  3.9100001 -2.668716 9.6377058,
                                  3.9100001 -2.6708281 9.6696978,
                                  3.9000001 -2.6708281 9.6696978,
                                  3.9000001 -2.6495512 9.5790882,
                                  3.9000001 -2.6623795 9.608882,
                                  3.9000001 -2.668716 9.6377058,
                                  3.9100001 -2.6708281 9.6696978,
                                  3.9000001 -2.6708281 9.6696978,
                                  3.9100001 -2.6660798 9.7173882,
                                  3.9100001 -2.653687 9.7543821,
                                  3.9100001 -2.6423268 9.7742262,
                                  3.9100001 -2.628094 9.7919731,
                                  3.9000001 -2.628094 9.7919731,
                                  3.9000001 -2.6660798 9.7173882,
                                  3.9000001 -2.653687 9.7543821,
                                  3.9000001 -2.6423268 9.7742262,
                                  3.9100001 -2.628094 9.7919731,
                                  3.9000001 -2.628094 9.7919731,
                                  3.9100001 -2.6031122 9.8130808,
                                  3.9100001 -2.5744798 9.8275738,
                                  3.9100001 -2.5472004 9.8347197,
                                  3.9100001 -2.5172558 9.8370981,
                                  3.9000001 -2.5172558 9.8370981,
                                  3.9000001 -2.6031122 9.8130808,
                                  3.9000001 -2.5744798 9.8275738,
                                  3.9000001 -2.5472004 9.8347197,
                                  3.9100001 -2.5172558 9.8370981,
                                  3.9000001 -2.5172558 9.8370981,
                                  3.9100001 -2.4833903 9.8344488,
                                  3.9100001 -2.451443 9.8264389,
                                  3.9100001 -2.4213901 9.8129759,
                                  3.9000001 -2.4213901 9.8129759,
                                  3.9000001 -2.4833903 9.8344488,
                                  3.9000001 -2.451443 9.8264389,
                                  3.9100001 -2.4213901 9.8129759,
                                  3.9000001 -2.4213901 9.8129759,
                                  3.9100001 -2.4213901 9.8678751,
                                  3.9000001 -2.4213901 9.8678751,
                                  3.9100001 -2.4213901 9.8678751,
                                  3.9000001 -2.4213901 9.8678751,
                                  3.9100001 -2.449013 9.8770866,
                                  3.9100001 -2.4811416 9.8826475,
                                  3.9100001 -2.5177755 9.8845119,
                                  3.9000001 -2.5177755 9.8845119,
                                  3.9000001 -2.449013 9.8770866,
                                  3.9000001 -2.4811416 9.8826475,
                                  3.9100001 -2.5177755 9.8845119,
                                  3.9000001 -2.5177755 9.8845119,
                                  3.9100001 -2.5746503 9.8778572,
                                  3.9100001 -2.6197925 9.8604889,
                                  3.9100001 -2.6445601 9.8445683,
                                  3.9100001 -2.6671889 9.8246212,
                                  3.9000001 -2.6671889 9.8246212,
                                  3.9000001 -2.5746503 9.8778572,
                                  3.9000001 -2.6197925 9.8604889,
                                  3.9000001 -2.6445601 9.8445683,
                                  3.9100001 -2.6671889 9.8246212,
                                  3.9000001 -2.6671889 9.8246212,
                                  3.9100001 -2.6946442 9.7895021,
                                  3.9100001 -2.7135162 9.7488108,
                                  3.9100001 -2.7228317 9.709733,
                                  3.9100001 -2.7259352 9.6665783,
                                  3.9000001 -2.7259352 9.6665783,
                                  3.9000001 -2.6946442 9.7895021,
                                  3.9000001 -2.7135162 9.7488108,
                                  3.9000001 -2.7228317 9.709733,
                                  3.9100001 -2.7259352 9.6665783,
                                  3.9000001 -2.7259352 9.6665783,
                                  3.9100001 -2.7201433 9.6096077,
                                  3.9100001 -2.7050142 9.5651283,
                                  3.9100001 -2.6911361 9.5411301,
                                  3.9100001 -2.6737392 9.519556,
                                  3.9000001 -2.6737392 9.519556,
                                  3.9000001 -2.7201433 9.6096077,
                                  3.9000001 -2.7050142 9.5651283,
                                  3.9000001 -2.6911361 9.5411301,
                                  3.9100001 -2.6737392 9.519556,
                                  3.9000001 -2.6737392 9.519556,
                                  3.9100001 -2.642956 9.4936218,
                                  3.9100001 -2.6070335 9.4757824,
                                  3.9100001 -2.5723791 9.4669704,
                                  3.9100001 -2.5339959 9.4640331,
                                  3.9000001 -2.5339959 9.4640331,
                                  3.9000001 -2.642956 9.4936218,
                                  3.9000001 -2.6070335 9.4757824,
                                  3.9000001 -2.5723791 9.4669704,
                                  3.9100001 -2.5339959 9.4640331,
                                  3.9100001 -2.4783263 9.4687166,
                                  3.9100001 -2.4481013 9.4763985,
                                  3.9100001 -2.4213901 9.4877396,
                                  3.9100001 -2.4213901 9.538064,
                                  3.9100001 -2.4528909 9.5229607,
                                  3.9100001 -2.4879038 9.5138645,
                                  3.9100001 -2.5264056 9.5108223,
                                  3.9100001 -2.5667136 9.5155973,
                                  3.9100001 -2.5953488 9.5264463,
                                  3.9100001 -2.6140943 9.5383797,
                                  3.9100001 -2.6309013 9.5536604,
                                  3.9100001 -2.6495512 9.5790882,
                                  3.9100001 -2.6623795 9.608882,
                                  3.9100001 -2.668716 9.6377058,
                                  3.9100001 -2.6708281 9.6696978,
                                  3.9100001 -2.6660798 9.7173882,
                                  3.9100001 -2.653687 9.7543821,
                                  3.9100001 -2.6423268 9.7742262,
                                  3.9100001 -2.628094 9.7919731,
                                  3.9100001 -2.6031122 9.8130808,
                                  3.9100001 -2.5744798 9.8275738,
                                  3.9100001 -2.5472004 9.8347197,
                                  3.9100001 -2.5172558 9.8370981,
                                  3.9100001 -2.4833903 9.8344488,
                                  3.9100001 -2.451443 9.8264389,
                                  3.9100001 -2.4213901 9.8129759,
                                  3.9100001 -2.4213901 9.8678751,
                                  3.9100001 -2.449013 9.8770866,
                                  3.9100001 -2.4811416 9.8826475,
                                  3.9100001 -2.5177755 9.8845119,
                                  3.9100001 -2.5746503 9.8778572,
                                  3.9100001 -2.6197925 9.8604889,
                                  3.9100001 -2.6445601 9.8445683,
                                  3.9100001 -2.6671889 9.8246212,
                                  3.9100001 -2.6946442 9.7895021,
                                  3.9100001 -2.7135162 9.7488108,
                                  3.9100001 -2.7228317 9.709733,
                                  3.9100001 -2.7259352 9.6665783,
                                  3.9100001 -2.7201433 9.6096077,
                                  3.9100001 -2.7050142 9.5651283,
                                  3.9100001 -2.6911361 9.5411301,
                                  3.9100001 -2.6737392 9.519556,
                                  3.9100001 -2.642956 9.4936218,
                                  3.9100001 -2.6070335 9.4757824,
                                  3.9100001 -2.5723791 9.4669704,
                                  3.9100001 -2.121212 9.4708958,
                                  3.9000001 -2.121212 9.4708958,
                                  3.9100001 -2.121212 9.5172691,
                                  3.9000001 -2.121212 9.5172691,
                                  3.9100001 -2.121212 9.5172691,
                                  3.9000001 -2.121212 9.5172691,
                                  3.9100001 -2.2874691 9.5172691,
                                  3.9000001 -2.2874691 9.5172691,
                                  3.9100001 -2.2874691 9.5172691,
                                  3.9000001 -2.2874691 9.5172691,
                                  3.9100001 -2.2874691 9.6541014,
                                  3.9000001 -2.2874691 9.6541014,
                                  3.9100001 -2.2874691 9.6541014,
                                  3.9000001 -2.2874691 9.6541014,
                                  3.9100001 -2.1420071 9.6541014,
                                  3.9000001 -2.1420071 9.6541014,
                                  3.9100001 -2.1420071 9.6541014,
                                  3.9000001 -2.1420071 9.6541014,
                                  3.9100001 -2.1420071 9.7006826,
                                  3.9000001 -2.1420071 9.7006826,
                                  3.9100001 -2.1420071 9.7006826,
                                  3.9000001 -2.1420071 9.7006826,
                                  3.9100001 -2.2874691 9.7006826,
                                  3.9000001 -2.2874691 9.7006826,
                                  3.9100001 -2.2874691 9.7006826,
                                  3.9000001 -2.2874691 9.7006826,
                                  3.9100001 -2.2874691 9.8308601,
                                  3.9000001 -2.2874691 9.8308601,
                                  3.9100001 -2.2874691 9.8308601,
                                  3.9000001 -2.2874691 9.8308601,
                                  3.9100001 -2.1304657 9.8308601,
                                  3.9000001 -2.1304657 9.8308601,
                                  3.9100001 -2.1304657 9.8308601,
                                  3.9000001 -2.1304657 9.8308601,
                                  3.9100001 -2.1304657 9.8776493,
                                  3.9000001 -2.1304657 9.8776493,
                                  3.9100001 -2.1304657 9.8776493,
                                  3.9000001 -2.1304657 9.8776493,
                                  3.9100001 -2.339977 9.8776493,
                                  3.9000001 -2.339977 9.8776493,
                                  3.9100001 -2.339977 9.8776493,
                                  3.9000001 -2.339977 9.8776493,
                                  3.9100001 -2.339977 9.4708958,
                                  3.9000001 -2.339977 9.4708958,
                                  3.9100001 -2.339977 9.4708958,
                                  3.9000001 -2.339977 9.4708958,
                                  3.9100001 -2.121212 9.4708958,
                                  3.9000001 -2.121212 9.4708958,
                                  3.9100001 -2.339977 9.4708958,
                                  3.9100001 -2.121212 9.4708958,
                                  3.9100001 -2.339977 9.8776493,
                                  3.9100001 -2.1304657 9.8776493,
                                  3.9100001 -2.1304657 9.8308601,
                                  3.9100001 -2.2874691 9.8308601,
                                  3.9100001 -2.2874691 9.7006826,
                                  3.9100001 -2.1420071 9.7006826,
                                  3.9100001 -2.1420071 9.6541014,
                                  3.9100001 -2.2874691 9.6541014,
                                  3.9100001 -2.2874691 9.5172691,
                                  3.9100001 -2.121212 9.5172691,
                                  3.9100001 -2.0443738 9.4708958,
                                  3.9100001 -1.9324958 9.4708958,
                                  3.9100001 -1.8720243 9.477211,
                                  3.9100001 -1.824276 9.4937201,
                                  3.9100001 -1.7982249 9.508872,
                                  3.9100001 -1.7745566 9.5278749,
                                  3.9100001 -1.7459171 9.5614281,
                                  3.9100001 -1.7262036 9.6004391,
                                  3.9100001 -1.7164603 9.6379747,
                                  3.9100001 -1.7132109 9.679471,
                                  3.9100001 -1.7187386 9.7304392,
                                  3.9100001 -1.7331567 9.7706747,
                                  3.9100001 -1.7510275 9.7989111,
                                  3.9100001 -1.7745566 9.8237896,
                                  3.9100001 -1.8141402 9.8512888,
                                  3.9100001 -1.8593385 9.8690519,
                                  3.9100001 -1.8925899 9.8755016,
                                  3.9100001 -1.9283369 9.8776493,
                                  3.9100001 -2.0443738 9.8776493,
                                  3.9100001 -1.9918661 9.8308601,
                                  3.9100001 -1.9918661 9.5172691,
                                  3.9100001 -1.9304163 9.8308601,
                                  3.9100001 -1.8130277 9.7925968,
                                  3.9100001 -1.8423401 9.8121414,
                                  3.9100001 -1.8767283 9.8247576,
                                  3.9100001 -1.9024569 9.8293362,
                                  3.9100001 -1.7684221 9.6780157,
                                  3.9100001 -1.7733783 9.7245893,
                                  3.9100001 -1.784659 9.7561846,
                                  3.9100001 -1.7970887 9.7758827,
                                  3.9100001 -1.8118839 9.5596914,
                                  3.9100001 -1.7915679 9.5849276,
                                  3.9100001 -1.7776067 9.6151428,
                                  3.9100001 -1.770717 9.6447897,
                                  3.9100001 -1.9328078 9.5172691,
                                  3.9100001 -1.8849134 9.5219822,
                                  3.9100001 -1.8482877 9.5342846,
                                  3.9100001 -1.8289346 9.5455618,
                                  3.9100001 -2.0443738 9.4708958,
                                  3.9000001 -2.0443738 9.4708958,
                                  3.9100001 -1.9324958 9.4708958,
                                  3.9000001 -1.9324958 9.4708958,
                                  3.9100001 -1.9324958 9.4708958,
                                  3.9000001 -1.9324958 9.4708958,
                                  3.9100001 -1.8720243 9.477211,
                                  3.9100001 -1.824276 9.4937201,
                                  3.9100001 -1.7982249 9.508872,
                                  3.9100001 -1.7745566 9.5278749,
                                  3.9000001 -1.7745566 9.5278749,
                                  3.9000001 -1.8720243 9.477211,
                                  3.9000001 -1.824276 9.4937201,
                                  3.9000001 -1.7982249 9.508872,
                                  3.9100001 -1.7745566 9.5278749,
                                  3.9000001 -1.7745566 9.5278749,
                                  3.9100001 -1.7459171 9.5614281,
                                  3.9100001 -1.7262036 9.6004391,
                                  3.9100001 -1.7164603 9.6379747,
                                  3.9100001 -1.7132109 9.679471,
                                  3.9000001 -1.7132109 9.679471,
                                  3.9000001 -1.7459171 9.5614281,
                                  3.9000001 -1.7262036 9.6004391,
                                  3.9000001 -1.7164603 9.6379747,
                                  3.9100001 -1.7132109 9.679471,
                                  3.9000001 -1.7132109 9.679471,
                                  3.9100001 -1.7187386 9.7304392,
                                  3.9100001 -1.7331567 9.7706747,
                                  3.9100001 -1.7510275 9.7989111,
                                  3.9100001 -1.7745566 9.8237896,
                                  3.9000001 -1.7745566 9.8237896,
                                  3.9000001 -1.7187386 9.7304392,
                                  3.9000001 -1.7331567 9.7706747,
                                  3.9000001 -1.7510275 9.7989111,
                                  3.9100001 -1.7745566 9.8237896,
                                  3.9000001 -1.7745566 9.8237896,
                                  3.9100001 -1.8141402 9.8512888,
                                  3.9100001 -1.8593385 9.8690519,
                                  3.9100001 -1.8925899 9.8755016,
                                  3.9100001 -1.9283369 9.8776493,
                                  3.9000001 -1.9283369 9.8776493,
                                  3.9000001 -1.8141402 9.8512888,
                                  3.9000001 -1.8593385 9.8690519,
                                  3.9000001 -1.8925899 9.8755016,
                                  3.9100001 -1.9283369 9.8776493,
                                  3.9000001 -1.9283369 9.8776493,
                                  3.9100001 -2.0443738 9.8776493,
                                  3.9000001 -2.0443738 9.8776493,
                                  3.9100001 -2.0443738 9.8776493,
                                  3.9000001 -2.0443738 9.8776493,
                                  3.9100001 -2.0443738 9.4708958,
                                  3.9000001 -2.0443738 9.4708958,
                                  3.9000001 -1.9304163 9.8308601,
                                  3.9000001 -1.9918661 9.8308601,
                                  3.9100001 -1.9304163 9.8308601,
                                  3.9100001 -1.9918661 9.8308601,
                                  3.9000001 -1.9918661 9.8308601,
                                  3.9000001 -1.9918661 9.5172691,
                                  3.9100001 -1.9918661 9.8308601,
                                  3.9100001 -1.9918661 9.5172691,
                                  3.9000001 -1.9918661 9.5172691,
                                  3.9000001 -1.9328078 9.5172691,
                                  3.9100001 -1.9918661 9.5172691,
                                  3.9100001 -1.9328078 9.5172691,
                                  3.9000001 -1.9328078 9.5172691,
                                  3.9000001 -1.8849134 9.5219822,
                                  3.9000001 -1.8482877 9.5342846,
                                  3.9000001 -1.8289346 9.5455618,
                                  3.9000001 -1.8118839 9.5596914,
                                  3.9100001 -1.9328078 9.5172691,
                                  3.9100001 -1.8849134 9.5219822,
                                  3.9100001 -1.8482877 9.5342846,
                                  3.9100001 -1.8289346 9.5455618,
                                  3.9100001 -1.8118839 9.5596914,
                                  3.9000001 -1.8118839 9.5596914,
                                  3.9000001 -1.7915679 9.5849276,
                                  3.9000001 -1.7776067 9.6151428,
                                  3.9000001 -1.770717 9.6447897,
                                  3.9000001 -1.7684221 9.6780157,
                                  3.9100001 -1.8118839 9.5596914,
                                  3.9100001 -1.7915679 9.5849276,
                                  3.9100001 -1.7776067 9.6151428,
                                  3.9100001 -1.770717 9.6447897,
                                  3.9100001 -1.7684221 9.6780157,
                                  3.9000001 -1.7684221 9.6780157,
                                  3.9000001 -1.7733783 9.7245893,
                                  3.9000001 -1.784659 9.7561846,
                                  3.9000001 -1.7970887 9.7758827,
                                  3.9000001 -1.8130277 9.7925968,
                                  3.9100001 -1.7684221 9.6780157,
                                  3.9100001 -1.7733783 9.7245893,
                                  3.9100001 -1.784659 9.7561846,
                                  3.9100001 -1.7970887 9.7758827,
                                  3.9100001 -1.8130277 9.7925968,
                                  3.9000001 -1.8130277 9.7925968,
                                  3.9000001 -1.8423401 9.8121414,
                                  3.9000001 -1.8767283 9.8247576,
                                  3.9000001 -1.9024569 9.8293362,
                                  3.9000001 -1.9304163 9.8308601,
                                  3.9100001 -1.8130277 9.7925968,
                                  3.9100001 -1.8423401 9.8121414,
                                  3.9100001 -1.8767283 9.8247576,
                                  3.9100001 -1.9024569 9.8293362,
                                  3.9100001 -1.9304163 9.8308601,
                                  3.9000001 -1.7684221 9.6780157,
                                  3.9000001 -1.7733783 9.7245893,
                                  3.9000001 -1.784659 9.7561846,
                                  3.9000001 -1.7970887 9.7758827,
                                  3.9000001 -1.8130277 9.7925968,
                                  3.9000001 -1.8118839 9.5596914,
                                  3.9000001 -1.7915679 9.5849276,
                                  3.9000001 -1.7776067 9.6151428,
                                  3.9000001 -1.770717 9.6447897,
                                  3.9000001 -1.9328078 9.5172691,
                                  3.9000001 -1.8849134 9.5219822,
                                  3.9000001 -1.8482877 9.5342846,
                                  3.9000001 -1.8289346 9.5455618,
                                  3.9000001 -1.9918661 9.5172691,
                                  3.9000001 -1.9918661 9.8308601,
                                  3.9000001 -1.9304163 9.8308601,
                                  3.9000001 -1.8423401 9.8121414,
                                  3.9000001 -1.8767283 9.8247576,
                                  3.9000001 -1.9024569 9.8293362,
                                  3.9100001 -1.382672 9.4708958,
                                  3.9100001 -1.3246534 9.4708958,
                                  3.9100001 -1.4241582 9.5821495,
                                  3.9100001 -1.5935348 9.5821495,
                                  3.9100001 -1.6326298 9.4708958,
                                  3.9100001 -1.6906482 9.4708958,
                                  3.9100001 -1.5357243 9.8776493,
                                  3.9100001 -1.4795773 9.8776493,
                                  3.9100001 -1.4403784 9.6281071,
                                  3.9100001 -1.5018282 9.7971716,
                                  3.9100001 -1.5081707 9.8256617,
                                  3.9100001 -1.5094184 9.8256617,
                                  3.9100001 -1.5160729 9.7971716,
                                  3.9100001 -1.5768987 9.6281071,
                                  3.9100001 -1.3246534 9.4708958,
                                  3.9000001 -1.3246534 9.4708958,
                                  3.9100001 -1.4795773 9.8776493,
                                  3.9000001 -1.4795773 9.8776493,
                                  3.9100001 -1.4795773 9.8776493,
                                  3.9000001 -1.4795773 9.8776493,
                                  3.9100001 -1.5357243 9.8776493,
                                  3.9000001 -1.5357243 9.8776493,
                                  3.9100001 -1.5357243 9.8776493,
                                  3.9000001 -1.5357243 9.8776493,
                                  3.9100001 -1.6906482 9.4708958,
                                  3.9000001 -1.6906482 9.4708958,
                                  3.9100001 -1.6906482 9.4708958,
                                  3.9000001 -1.6906482 9.4708958,
                                  3.9100001 -1.6326298 9.4708958,
                                  3.9000001 -1.6326298 9.4708958,
                                  3.9100001 -1.6326298 9.4708958,
                                  3.9000001 -1.6326298 9.4708958,
                                  3.9100001 -1.5935348 9.5821495,
                                  3.9000001 -1.5935348 9.5821495,
                                  3.9100001 -1.5935348 9.5821495,
                                  3.9000001 -1.5935348 9.5821495,
                                  3.9100001 -1.4241582 9.5821495,
                                  3.9000001 -1.4241582 9.5821495,
                                  3.9100001 -1.4241582 9.5821495,
                                  3.9000001 -1.4241582 9.5821495,
                                  3.9100001 -1.382672 9.4708958,
                                  3.9000001 -1.382672 9.4708958,
                                  3.9100001 -1.382672 9.4708958,
                                  3.9000001 -1.382672 9.4708958,
                                  3.9100001 -1.3246534 9.4708958,
                                  3.9000001 -1.3246534 9.4708958,
                                  3.9000001 -1.5768987 9.6281071,
                                  3.9000001 -1.4403784 9.6281071,
                                  3.9100001 -1.5768987 9.6281071,
                                  3.9100001 -1.4403784 9.6281071,
                                  3.9000001 -1.4403784 9.6281071,
                                  3.9000001 -1.5018282 9.7971716,
                                  3.9100001 -1.4403784 9.6281071,
                                  3.9100001 -1.5018282 9.7971716,
                                  3.9000001 -1.5018282 9.7971716,
                                  3.9000001 -1.5081707 9.8256617,
                                  3.9100001 -1.5018282 9.7971716,
                                  3.9100001 -1.5081707 9.8256617,
                                  3.9000001 -1.5081707 9.8256617,
                                  3.9000001 -1.5094184 9.8256617,
                                  3.9100001 -1.5081707 9.8256617,
                                  3.9100001 -1.5094184 9.8256617,
                                  3.9000001 -1.5094184 9.8256617,
                                  3.9000001 -1.5160729 9.7971716,
                                  3.9100001 -1.5094184 9.8256617,
                                  3.9100001 -1.5160729 9.7971716,
                                  3.9000001 -1.5160729 9.7971716,
                                  3.9000001 -1.5768987 9.6281071,
                                  3.9100001 -1.5160729 9.7971716,
                                  3.9100001 -1.5768987 9.6281071,
                                  3.9000001 -1.5094184 9.8256617,
                                  3.9000001 -1.5160729 9.7971716,
                                  3.9000001 -1.5081707 9.8256617,
                                  3.9000001 -1.5018282 9.7971716,
                                  3.9000001 -1.4403784 9.6281071,
                                  3.9000001 -1.5768987 9.6281071,
                                  3.9100001 -2.7383082 8.8256216,
                                  3.9000001 -2.7383082 8.8256216,
                                  3.9100001 -2.7383082 8.871995,
                                  3.9000001 -2.7383082 8.871995,
                                  3.9100001 -2.7383082 8.871995,
                                  3.9000001 -2.7383082 8.871995,
                                  3.9100001 -2.9045656 8.871995,
                                  3.9000001 -2.9045656 8.871995,
                                  3.9100001 -2.9045656 8.871995,
                                  3.9000001 -2.9045656 8.871995,
                                  3.9100001 -2.9045656 9.0088272,
                                  3.9000001 -2.9045656 9.0088272,
                                  3.9100001 -2.9045656 9.0088272,
                                  3.9000001 -2.9045656 9.0088272,
                                  3.9100001 -2.7591035 9.0088272,
                                  3.9000001 -2.7591035 9.0088272,
                                  3.9100001 -2.7591035 9.0088272,
                                  3.9000001 -2.7591035 9.0088272,
                                  3.9100001 -2.7591035 9.0554085,
                                  3.9000001 -2.7591035 9.0554085,
                                  3.9100001 -2.7591035 9.0554085,
                                  3.9000001 -2.7591035 9.0554085,
                                  3.9100001 -2.9045656 9.0554085,
                                  3.9000001 -2.9045656 9.0554085,
                                  3.9100001 -2.9045656 9.0554085,
                                  3.9000001 -2.9045656 9.0554085,
                                  3.9100001 -2.9045656 9.185586,
                                  3.9000001 -2.9045656 9.185586,
                                  3.9100001 -2.9045656 9.185586,
                                  3.9000001 -2.9045656 9.185586,
                                  3.9100001 -2.7475622 9.185586,
                                  3.9000001 -2.7475622 9.185586,
                                  3.9100001 -2.7475622 9.185586,
                                  3.9000001 -2.7475622 9.185586,
                                  3.9100001 -2.7475622 9.2323751,
                                  3.9000001 -2.7475622 9.2323751,
                                  3.9100001 -2.7475622 9.2323751,
                                  3.9000001 -2.7475622 9.2323751,
                                  3.9100001 -2.9570735 9.2323751,
                                  3.9000001 -2.9570735 9.2323751,
                                  3.9100001 -2.9570735 9.2323751,
                                  3.9000001 -2.9570735 9.2323751,
                                  3.9100001 -2.9570735 8.8256216,
                                  3.9000001 -2.9570735 8.8256216,
                                  3.9100001 -2.9570735 8.8256216,
                                  3.9000001 -2.9570735 8.8256216,
                                  3.9100001 -2.7383082 8.8256216,
                                  3.9000001 -2.7383082 8.8256216,
                                  3.9100001 -2.9570735 8.8256216,
                                  3.9100001 -2.7383082 8.8256216,
                                  3.9100001 -2.9570735 9.2323751,
                                  3.9100001 -2.7475622 9.2323751,
                                  3.9100001 -2.7475622 9.185586,
                                  3.9100001 -2.9045656 9.185586,
                                  3.9100001 -2.9045656 9.0554085,
                                  3.9100001 -2.7591035 9.0554085,
                                  3.9100001 -2.7591035 9.0088272,
                                  3.9100001 -2.9045656 9.0088272,
                                  3.9100001 -2.9045656 8.871995,
                                  3.9100001 -2.7383082 8.871995,
                                  3.9100001 -2.5611336 9.1227846,
                                  3.9100001 -2.5974865 9.1197968,
                                  3.9100001 -2.6308358 9.1108007,
                                  3.9100001 -2.6611583 9.0957508,
                                  3.9100001 -2.6611583 9.0462589,
                                  3.9100001 -2.6314521 9.0657215,
                                  3.9100001 -2.5997124 9.077467,
                                  3.9100001 -2.5659163 9.0814028,
                                  3.9100001 -2.5479465 9.0794268,
                                  3.9100001 -2.5357809 9.0749302,
                                  3.9100001 -2.5272784 9.0692034,
                                  3.9100001 -2.5208981 9.0625095,
                                  3.9100001 -2.5157232 9.0543575,
                                  3.9100001 -2.5117548 9.0447474,
                                  3.9100001 -2.5082386 9.0289297,
                                  3.9100001 -2.507066 9.0102835,
                                  3.9100001 -2.593158 8.9982224,
                                  3.9100001 -2.63431 8.9876881,
                                  3.9100001 -2.6551256 8.9764137,
                                  3.9100001 -2.6700304 8.9628925,
                                  3.9100001 -2.6800852 8.9477301,
                                  3.9100001 -2.6865387 8.9300261,
                                  3.9100001 -2.6887925 8.9172411,
                                  3.9100001 -2.6895437 8.9033957,
                                  3.9100001 -2.6867709 8.8792038,
                                  3.9100001 -2.68046 8.8622513,
                                  3.9100001 -2.6735063 8.851305,
                                  3.9100001 -2.6645894 8.8416348,
                                  3.9100001 -2.6498616 8.8309793,
                                  3.9100001 -2.6326199 8.8236237,
                                  3.9100001 -2.6159408 8.8199778,
                                  3.9100001 -2.5974212 8.8187599,
                                  3.9100001 -2.5705242 8.8218174,
                                  3.9100001 -2.5491979 8.8297977,
                                  3.9100001 -2.5323491 8.8412151,
                                  3.9100001 -2.519541 8.8543682,
                                  3.9100001 -2.5084178 8.8705397,
                                  3.9100001 -2.507066 8.8705397,
                                  3.9100001 -2.507066 8.8256216,
                                  3.9100001 -2.4561179 8.8256216,
                                  3.9100001 -2.4561179 9.0125704,
                                  3.9100001 -2.4590375 9.0462952,
                                  3.9100001 -2.4666557 9.0713825,
                                  3.9100001 -2.4762912 9.0880527,
                                  3.9100001 -2.487613 9.1002665,
                                  3.9100001 -2.5014448 9.1098404,
                                  3.9100001 -2.5177855 9.1167784,
                                  3.9100001 -2.538027 9.1212835,
                                  3.9100001 -2.6243508 8.9443626,
                                  3.9100001 -2.6306345 8.9365149,
                                  3.9100001 -2.6349838 8.9271212,
                                  3.9100001 -2.6371441 8.9178991,
                                  3.9100001 -2.6378677 8.9075546,
                                  3.9100001 -2.5750663 8.9622459,
                                  3.9100001 -2.6024389 8.956295,
                                  3.9100001 -2.6151037 8.9509754,
                                  3.9100001 -2.6201544 8.947834,
                                  3.9100001 -2.507066 8.9713964,
                                  3.9100001 -2.507066 8.943531,
                                  3.9100001 -2.5289011 8.884264,
                                  3.9100001 -2.5177653 8.8994246,
                                  3.9100001 -2.5105598 8.9168301,
                                  3.9100001 -2.5079396 8.9296808,
                                  3.9100001 -2.5842161 8.8605576,
                                  3.9100001 -2.5651412 8.8626919,
                                  3.9100001 -2.5497777 8.8682604,
                                  3.9100001 -2.5387833 8.8751669,
                                  3.9100001 -2.6231031 8.8736591,
                                  3.9100001 -2.6134393 8.8669777,
                                  3.9100001 -2.6020517 8.8626537,
                                  3.9100001 -2.5935109 8.8610821,
                                  3.9100001 -2.6365454 8.8957396,
                                  3.9100001 -2.6330853 8.8863268,
                                  3.9100001 -2.6287832 8.8796406,
                                  3.9100001 -2.5611336 9.1227846,
                                  3.9000001 -2.5611336 9.1227846,
                                  3.9100001 -2.5974865 9.1197968,
                                  3.9100001 -2.6308358 9.1108007,
                                  3.9100001 -2.6611583 9.0957508,
                                  3.9000001 -2.6611583 9.0957508,
                                  3.9000001 -2.5974865 9.1197968,
                                  3.9000001 -2.6308358 9.1108007,
                                  3.9100001 -2.6611583 9.0957508,
                                  3.9000001 -2.6611583 9.0957508,
                                  3.9100001 -2.6611583 9.0462589,
                                  3.9000001 -2.6611583 9.0462589,
                                  3.9100001 -2.6611583 9.0462589,
                                  3.9000001 -2.6611583 9.0462589,
                                  3.9100001 -2.6314521 9.0657215,
                                  3.9100001 -2.5997124 9.077467,
                                  3.9100001 -2.5659163 9.0814028,
                                  3.9000001 -2.5659163 9.0814028,
                                  3.9000001 -2.6314521 9.0657215,
                                  3.9000001 -2.5997124 9.077467,
                                  3.9100001 -2.5659163 9.0814028,
                                  3.9000001 -2.5659163 9.0814028,
                                  3.9100001 -2.5479465 9.0794268,
                                  3.9100001 -2.5357809 9.0749302,
                                  3.9100001 -2.5272784 9.0692034,
                                  3.9100001 -2.5208981 9.0625095,
                                  3.9100001 -2.5157232 9.0543575,
                                  3.9100001 -2.5117548 9.0447474,
                                  3.9100001 -2.5082386 9.0289297,
                                  3.9100001 -2.507066 9.0102835,
                                  3.9000001 -2.507066 9.0102835,
                                  3.9000001 -2.5479465 9.0794268,
                                  3.9000001 -2.5357809 9.0749302,
                                  3.9000001 -2.5272784 9.0692034,
                                  3.9000001 -2.5208981 9.0625095,
                                  3.9000001 -2.5157232 9.0543575,
                                  3.9000001 -2.5117548 9.0447474,
                                  3.9000001 -2.5082386 9.0289297,
                                  3.9100001 -2.507066 9.0102835,
                                  3.9000001 -2.507066 9.0102835,
                                  3.9100001 -2.593158 8.9982224,
                                  3.9000001 -2.593158 8.9982224,
                                  3.9100001 -2.593158 8.9982224,
                                  3.9000001 -2.593158 8.9982224,
                                  3.9100001 -2.63431 8.9876881,
                                  3.9100001 -2.6551256 8.9764137,
                                  3.9100001 -2.6700304 8.9628925,
                                  3.9100001 -2.6800852 8.9477301,
                                  3.9100001 -2.6865387 8.9300261,
                                  3.9100001 -2.6887925 8.9172411,
                                  3.9100001 -2.6895437 8.9033957,
                                  3.9000001 -2.6895437 8.9033957,
                                  3.9000001 -2.63431 8.9876881,
                                  3.9000001 -2.6551256 8.9764137,
                                  3.9000001 -2.6700304 8.9628925,
                                  3.9000001 -2.6800852 8.9477301,
                                  3.9000001 -2.6865387 8.9300261,
                                  3.9000001 -2.6887925 8.9172411,
                                  3.9100001 -2.6895437 8.9033957,
                                  3.9000001 -2.6895437 8.9033957,
                                  3.9100001 -2.6867709 8.8792038,
                                  3.9100001 -2.68046 8.8622513,
                                  3.9100001 -2.6735063 8.851305,
                                  3.9100001 -2.6645894 8.8416348,
                                  3.9000001 -2.6645894 8.8416348,
                                  3.9000001 -2.6867709 8.8792038,
                                  3.9000001 -2.68046 8.8622513,
                                  3.9000001 -2.6735063 8.851305,
                                  3.9100001 -2.6645894 8.8416348,
                                  3.9000001 -2.6645894 8.8416348,
                                  3.9100001 -2.6498616 8.8309793,
                                  3.9100001 -2.6326199 8.8236237,
                                  3.9100001 -2.6159408 8.8199778,
                                  3.9100001 -2.5974212 8.8187599,
                                  3.9000001 -2.5974212 8.8187599,
                                  3.9000001 -2.6498616 8.8309793,
                                  3.9000001 -2.6326199 8.8236237,
                                  3.9000001 -2.6159408 8.8199778,
                                  3.9100001 -2.5974212 8.8187599,
                                  3.9000001 -2.5974212 8.8187599,
                                  3.9100001 -2.5705242 8.8218174,
                                  3.9100001 -2.5491979 8.8297977,
                                  3.9100001 -2.5323491 8.8412151,
                                  3.9100001 -2.519541 8.8543682,
                                  3.9100001 -2.5084178 8.8705397,
                                  3.9000001 -2.5084178 8.8705397,
                                  3.9000001 -2.5705242 8.8218174,
                                  3.9000001 -2.5491979 8.8297977,
                                  3.9000001 -2.5323491 8.8412151,
                                  3.9000001 -2.519541 8.8543682,
                                  3.9100001 -2.5084178 8.8705397,
                                  3.9000001 -2.5084178 8.8705397,
                                  3.9100001 -2.507066 8.8705397,
                                  3.9000001 -2.507066 8.8705397,
                                  3.9100001 -2.507066 8.8705397,
                                  3.9000001 -2.507066 8.8705397,
                                  3.9100001 -2.507066 8.8256216,
                                  3.9000001 -2.507066 8.8256216,
                                  3.9100001 -2.507066 8.8256216,
                                  3.9000001 -2.507066 8.8256216,
                                  3.9100001 -2.4561179 8.8256216,
                                  3.9000001 -2.4561179 8.8256216,
                                  3.9100001 -2.4561179 8.8256216,
                                  3.9000001 -2.4561179 8.8256216,
                                  3.9100001 -2.4561179 9.0125704,
                                  3.9000001 -2.4561179 9.0125704,
                                  3.9100001 -2.4561179 9.0125704,
                                  3.9000001 -2.4561179 9.0125704,
                                  3.9100001 -2.4590375 9.0462952,
                                  3.9100001 -2.4666557 9.0713825,
                                  3.9100001 -2.4762912 9.0880527,
                                  3.9100001 -2.487613 9.1002665,
                                  3.9100001 -2.5014448 9.1098404,
                                  3.9100001 -2.5177855 9.1167784,
                                  3.9100001 -2.538027 9.1212835,
                                  3.9100001 -2.5611336 9.1227846,
                                  3.9000001 -2.5611336 9.1227846,
                                  3.9000001 -2.4590375 9.0462952,
                                  3.9000001 -2.4666557 9.0713825,
                                  3.9000001 -2.4762912 9.0880527,
                                  3.9000001 -2.487613 9.1002665,
                                  3.9000001 -2.5014448 9.1098404,
                                  3.9000001 -2.5177855 9.1167784,
                                  3.9000001 -2.538027 9.1212835,
                                  3.9000001 -2.5750663 8.9622459,
                                  3.9000001 -2.6024389 8.956295,
                                  3.9000001 -2.6151037 8.9509754,
                                  3.9000001 -2.6201544 8.947834,
                                  3.9000001 -2.6243508 8.9443626,
                                  3.9100001 -2.5750663 8.9622459,
                                  3.9100001 -2.6024389 8.956295,
                                  3.9100001 -2.6151037 8.9509754,
                                  3.9100001 -2.6201544 8.947834,
                                  3.9100001 -2.6243508 8.9443626,
                                  3.9000001 -2.6243508 8.9443626,
                                  3.9000001 -2.6306345 8.9365149,
                                  3.9000001 -2.6349838 8.9271212,
                                  3.9000001 -2.6371441 8.9178991,
                                  3.9000001 -2.6378677 8.9075546,
                                  3.9100001 -2.6243508 8.9443626,
                                  3.9100001 -2.6306345 8.9365149,
                                  3.9100001 -2.6349838 8.9271212,
                                  3.9100001 -2.6371441 8.9178991,
                                  3.9100001 -2.6378677 8.9075546,
                                  3.9000001 -2.6378677 8.9075546,
                                  3.9000001 -2.6365454 8.8957396,
                                  3.9000001 -2.6330853 8.8863268,
                                  3.9000001 -2.6287832 8.8796406,
                                  3.9000001 -2.6231031 8.8736591,
                                  3.9100001 -2.6378677 8.9075546,
                                  3.9100001 -2.6365454 8.8957396,
                                  3.9100001 -2.6330853 8.8863268,
                                  3.9100001 -2.6287832 8.8796406,
                                  3.9100001 -2.6231031 8.8736591,
                                  3.9000001 -2.6231031 8.8736591,
                                  3.9000001 -2.6134393 8.8669777,
                                  3.9000001 -2.6020517 8.8626537,
                                  3.9000001 -2.5935109 8.8610821,
                                  3.9000001 -2.5842161 8.8605576,
                                  3.9100001 -2.6231031 8.8736591,
                                  3.9100001 -2.6134393 8.8669777,
                                  3.9100001 -2.6020517 8.8626537,
                                  3.9100001 -2.5935109 8.8610821,
                                  3.9100001 -2.5842161 8.8605576,
                                  3.9000001 -2.5842161 8.8605576,
                                  3.9000001 -2.5651412 8.8626919,
                                  3.9000001 -2.5497777 8.8682604,
                                  3.9000001 -2.5387833 8.8751669,
                                  3.9000001 -2.5289011 8.884264,
                                  3.9100001 -2.5842161 8.8605576,
                                  3.9100001 -2.5651412 8.8626919,
                                  3.9100001 -2.5497777 8.8682604,
                                  3.9100001 -2.5387833 8.8751669,
                                  3.9100001 -2.5289011 8.884264,
                                  3.9000001 -2.5289011 8.884264,
                                  3.9000001 -2.5177653 8.8994246,
                                  3.9000001 -2.5105598 8.9168301,
                                  3.9000001 -2.5079396 8.9296808,
                                  3.9000001 -2.507066 8.943531,
                                  3.9100001 -2.5289011 8.884264,
                                  3.9100001 -2.5177653 8.8994246,
                                  3.9100001 -2.5105598 8.9168301,
                                  3.9100001 -2.5079396 8.9296808,
                                  3.9100001 -2.507066 8.943531,
                                  3.9000001 -2.507066 8.943531,
                                  3.9000001 -2.507066 8.9713964,
                                  3.9100001 -2.507066 8.943531,
                                  3.9100001 -2.507066 8.9713964,
                                  3.9000001 -2.507066 8.9713964,
                                  3.9000001 -2.5750663 8.9622459,
                                  3.9100001 -2.507066 8.9713964,
                                  3.9100001 -2.5750663 8.9622459,
                                  3.9000001 -2.507066 8.943531,
                                  3.9000001 -2.507066 8.9713964,
                                  3.9000001 -2.5289011 8.884264,
                                  3.9000001 -2.5177653 8.8994246,
                                  3.9000001 -2.5105598 8.9168301,
                                  3.9000001 -2.5079396 8.9296808,
                                  3.9000001 -2.5842161 8.8605576,
                                  3.9000001 -2.5651412 8.8626919,
                                  3.9000001 -2.5497777 8.8682604,
                                  3.9000001 -2.5387833 8.8751669,
                                  3.9000001 -2.6231031 8.8736591,
                                  3.9000001 -2.6134393 8.8669777,
                                  3.9000001 -2.6020517 8.8626537,
                                  3.9000001 -2.5935109 8.8610821,
                                  3.9000001 -2.6378677 8.9075546,
                                  3.9000001 -2.6365454 8.8957396,
                                  3.9000001 -2.6330853 8.8863268,
                                  3.9000001 -2.6287832 8.8796406,
                                  3.9000001 -2.6243508 8.9443626,
                                  3.9000001 -2.6306345 8.9365149,
                                  3.9000001 -2.6349838 8.9271212,
                                  3.9000001 -2.6371441 8.9178991,
                                  3.9000001 -2.5750663 8.9622459,
                                  3.9000001 -2.6024389 8.956295,
                                  3.9000001 -2.6151037 8.9509754,
                                  3.9000001 -2.6201544 8.947834,
                                  3.9100001 -2.3032737 8.8603497,
                                  3.9000001 -2.3032737 8.8603497,
                                  3.9100001 -2.3325331 8.8634691,
                                  3.9100001 -2.3604527 8.8728275,
                                  3.9100001 -2.387078 8.8884239,
                                  3.9000001 -2.387078 8.8884239,
                                  3.9000001 -2.3325331 8.8634691,
                                  3.9000001 -2.3604527 8.8728275,
                                  3.9100001 -2.387078 8.8884239,
                                  3.9000001 -2.387078 8.8884239,
                                  3.9100001 -2.387078 8.8358116,
                                  3.9000001 -2.387078 8.8358116,
                                  3.9100001 -2.387078 8.8358116,
                                  3.9000001 -2.387078 8.8358116,
                                  3.9100001 -2.363364 8.8263998,
                                  3.9100001 -2.3371081 8.8206854,
                                  3.9100001 -2.3082645 8.8187599,
                                  3.9000001 -2.3082645 8.8187599,
                                  3.9000001 -2.363364 8.8263998,
                                  3.9000001 -2.3371081 8.8206854,
                                  3.9100001 -2.3082645 8.8187599,
                                  3.9000001 -2.3082645 8.8187599,
                                  3.9100001 -2.2757623 8.8213243,
                                  3.9100001 -2.2475348 8.8290186,
                                  3.9100001 -2.223628 8.8418427,
                                  3.9000001 -2.223628 8.8418427,
                                  3.9000001 -2.2757623 8.8213243,
                                  3.9000001 -2.2475348 8.8290186,
                                  3.9100001 -2.223628 8.8418427,
                                  3.9000001 -2.223628 8.8418427,
                                  3.9100001 -2.2083294 8.8554077,
                                  3.9100001 -2.1986437 8.8697739,
                                  3.9100001 -2.1932335 8.8844357,
                                  3.9100001 -2.1914651 8.8942347,
                                  3.9100001 -2.1908758 8.904644,
                                  3.9000001 -2.1908758 8.904644,
                                  3.9000001 -2.2083294 8.8554077,
                                  3.9000001 -2.1986437 8.8697739,
                                  3.9000001 -2.1932335 8.8844357,
                                  3.9000001 -2.1914651 8.8942347,
                                  3.9100001 -2.1908758 8.904644,
                                  3.9000001 -2.1908758 8.904644,
                                  3.9100001 -2.1927781 8.9227352,
                                  3.9100001 -2.1984699 8.9387474,
                                  3.9100001 -2.2027295 8.9459743,
                                  3.9100001 -2.2079277 8.9526806,
                                  3.9000001 -2.2079277 8.9526806,
                                  3.9000001 -2.1927781 8.9227352,
                                  3.9000001 -2.1984699 8.9387474,
                                  3.9000001 -2.2027295 8.9459743,
                                  3.9100001 -2.2079277 8.9526806,
                                  3.9000001 -2.2079277 8.9526806,
                                  3.9100001 -2.2228386 8.9654884,
                                  3.9100001 -2.2447274 8.9780664,
                                  3.9100001 -2.2736404 8.9903202,
                                  3.9000001 -2.2736404 8.9903202,
                                  3.9000001 -2.2228386 8.9654884,
                                  3.9000001 -2.2447274 8.9780664,
                                  3.9100001 -2.2736404 8.9903202,
                                  3.9000001 -2.2736404 8.9903202,
                                  3.9100001 -2.305171 9.0040445,
                                  3.9100001 -2.323133 9.015274,
                                  3.9000001 -2.323133 9.015274,
                                  3.9000001 -2.305171 9.0040445,
                                  3.9100001 -2.323133 9.015274,
                                  3.9000001 -2.323133 9.015274,
                                  3.9100001 -2.3283145 9.0210457,
                                  3.9100001 -2.3316071 9.0271931,
                                  3.9100001 -2.333452 9.033514,
                                  3.9100001 -2.3340566 9.0377665,
                                  3.9100001 -2.3342583 9.0423079,
                                  3.9000001 -2.3342583 9.0423079,
                                  3.9000001 -2.3283145 9.0210457,
                                  3.9000001 -2.3316071 9.0271931,
                                  3.9000001 -2.333452 9.033514,
                                  3.9000001 -2.3340566 9.0377665,
                                  3.9100001 -2.3342583 9.0423079,
                                  3.9000001 -2.3342583 9.0423079,
                                  3.9100001 -2.333339 9.0504227,
                                  3.9100001 -2.3309441 9.0570669,
                                  3.9100001 -2.3275244 9.0624895,
                                  3.9100001 -2.3235924 9.0667515,
                                  3.9100001 -2.3187659 9.0705891,
                                  3.9000001 -2.3187659 9.0705891,
                                  3.9000001 -2.333339 9.0504227,
                                  3.9000001 -2.3309441 9.0570669,
                                  3.9000001 -2.3275244 9.0624895,
                                  3.9000001 -2.3235924 9.0667515,
                                  3.9100001 -2.3187659 9.0705891,
                                  3.9000001 -2.3187659 9.0705891,
                                  3.9100001 -2.3074365 9.0766277,
                                  3.9100001 -2.2940505 9.0802164,
                                  3.9100001 -2.2786312 9.0814028,
                                  3.9000001 -2.2786312 9.0814028,
                                  3.9000001 -2.3074365 9.0766277,
                                  3.9000001 -2.2940505 9.0802164,
                                  3.9100001 -2.2786312 9.0814028,
                                  3.9000001 -2.2786312 9.0814028,
                                  3.9100001 -2.2520752 9.0790539,
                                  3.9100001 -2.2274828 9.0720367,
                                  3.9100001 -2.2048085 9.0603991,
                                  3.9000001 -2.2048085 9.0603991,
                                  3.9000001 -2.2520752 9.0790539,
                                  3.9000001 -2.2274828 9.0720367,
                                  3.9100001 -2.2048085 9.0603991,
                                  3.9000001 -2.2048085 9.0603991,
                                  3.9100001 -2.2048085 9.1098919,
                                  3.9000001 -2.2048085 9.1098919,
                                  3.9100001 -2.2048085 9.1098919,
                                  3.9000001 -2.2048085 9.1098919,
                                  3.9100001 -2.2265818 9.117116,
                                  3.9100001 -2.2495103 9.1213827,
                                  3.9100001 -2.2736404 9.1227846,
                                  3.9000001 -2.2736404 9.1227846,
                                  3.9000001 -2.2265818 9.117116,
                                  3.9000001 -2.2495103 9.1213827,
                                  3.9100001 -2.2736404 9.1227846,
                                  3.9000001 -2.2736404 9.1227846,
                                  3.9100001 -2.3037934 9.1202202,
                                  3.9100001 -2.3306191 9.1125259,
                                  3.9100001 -2.3541176 9.0997019,
                                  3.9000001 -2.3541176 9.0997019,
                                  3.9000001 -2.3037934 9.1202202,
                                  3.9000001 -2.3306191 9.1125259,
                                  3.9100001 -2.3541176 9.0997019,
                                  3.9000001 -2.3541176 9.0997019,
                                  3.9100001 -2.3693528 9.0859737,
                                  3.9100001 -2.3790102 9.0717306,
                                  3.9100001 -2.3844104 9.0573692,
                                  3.9100001 -2.3861771 9.0478296,
                                  3.9100001 -2.3867662 9.0377331,
                                  3.9000001 -2.3867662 9.0377331,
                                  3.9000001 -2.3693528 9.0859737,
                                  3.9000001 -2.3790102 9.0717306,
                                  3.9000001 -2.3844104 9.0573692,
                                  3.9000001 -2.3861771 9.0478296,
                                  3.9100001 -2.3867662 9.0377331,
                                  3.9000001 -2.3867662 9.0377331,
                                  3.9100001 -2.3851681 9.0206881,
                                  3.9100001 -2.3803582 9.0053539,
                                  3.9100001 -2.3723135 8.9917755,
                                  3.9000001 -2.3723135 8.9917755,
                                  3.9000001 -2.3851681 9.0206881,
                                  3.9000001 -2.3803582 9.0053539,
                                  3.9100001 -2.3723135 8.9917755,
                                  3.9000001 -2.3723135 8.9917755,
                                  3.9100001 -2.3620701 8.9814587,
                                  3.9100001 -2.3403351 8.967412,
                                  3.9100001 -2.3096161 8.9533043,
                                  3.9000001 -2.3096161 8.9533043,
                                  3.9000001 -2.3620701 8.9814587,
                                  3.9000001 -2.3403351 8.967412,
                                  3.9100001 -2.3096161 8.9533043,
                                  3.9000001 -2.3096161 8.9533043,
                                  3.9100001 -2.2761619 8.9392939,
                                  3.9100001 -2.2562766 8.92731,
                                  3.9000001 -2.2562766 8.92731,
                                  3.9000001 -2.2761619 8.9392939,
                                  3.9100001 -2.2562766 8.92731,
                                  3.9000001 -2.2562766 8.92731,
                                  3.9100001 -2.2495949 8.920249,
                                  3.9100001 -2.2459116 8.913765,
                                  3.9100001 -2.2438807 8.907135,
                                  3.9100001 -2.2433519 8.9034767,
                                  3.9100001 -2.2431755 8.8996525,
                                  3.9000001 -2.2431755 8.8996525,
                                  3.9000001 -2.2495949 8.920249,
                                  3.9000001 -2.2459116 8.913765,
                                  3.9000001 -2.2438807 8.907135,
                                  3.9000001 -2.2433519 8.9034767,
                                  3.9100001 -2.2431755 8.8996525,
                                  3.9000001 -2.2431755 8.8996525,
                                  3.9100001 -2.2442725 8.8897572,
                                  3.9100001 -2.2467685 8.8827925,
                                  3.9100001 -2.2503617 8.8771811,
                                  3.9100001 -2.255187 8.8723755,
                                  3.9100001 -2.2612438 8.8683758,
                                  3.9100001 -2.2685316 8.8651829,
                                  3.9100001 -2.2801619 8.8621778,
                                  3.9100001 -2.2910211 8.8608065,
                                  3.9100001 -2.3032737 8.8603497,
                                  3.9000001 -2.3032737 8.8603497,
                                  3.9000001 -2.2442725 8.8897572,
                                  3.9000001 -2.2467685 8.8827925,
                                  3.9000001 -2.2503617 8.8771811,
                                  3.9000001 -2.255187 8.8723755,
                                  3.9000001 -2.2612438 8.8683758,
                                  3.9000001 -2.2685316 8.8651829,
                                  3.9000001 -2.2801619 8.8621778,
                                  3.9000001 -2.2910211 8.8608065,
                                  3.9100001 -2.2431755 8.8996525,
                                  3.9100001 -2.2442725 8.8897572,
                                  3.9100001 -2.2467685 8.8827925,
                                  3.9100001 -2.2503617 8.8771811,
                                  3.9100001 -2.255187 8.8723755,
                                  3.9100001 -2.2612438 8.8683758,
                                  3.9100001 -2.2685316 8.8651829,
                                  3.9100001 -2.2801619 8.8621778,
                                  3.9100001 -2.2910211 8.8608065,
                                  3.9100001 -2.3032737 8.8603497,
                                  3.9100001 -2.2562766 8.92731,
                                  3.9100001 -2.2495949 8.920249,
                                  3.9100001 -2.2459116 8.913765,
                                  3.9100001 -2.2438807 8.907135,
                                  3.9100001 -2.2433519 8.9034767,
                                  3.9100001 -2.3096161 8.9533043,
                                  3.9100001 -2.2761619 8.9392939,
                                  3.9100001 -2.3723135 8.9917755,
                                  3.9100001 -2.3620701 8.9814587,
                                  3.9100001 -2.3403351 8.967412,
                                  3.9100001 -2.3867662 9.0377331,
                                  3.9100001 -2.3851681 9.0206881,
                                  3.9100001 -2.3803582 9.0053539,
                                  3.9100001 -2.3541176 9.0997019,
                                  3.9100001 -2.3693528 9.0859737,
                                  3.9100001 -2.3790102 9.0717306,
                                  3.9100001 -2.3844104 9.0573692,
                                  3.9100001 -2.3861771 9.0478296,
                                  3.9100001 -2.2736404 9.1227846,
                                  3.9100001 -2.3037934 9.1202202,
                                  3.9100001 -2.3306191 9.1125259,
                                  3.9100001 -2.2048085 9.1098919,
                                  3.9100001 -2.2265818 9.117116,
                                  3.9100001 -2.2495103 9.1213827,
                                  3.9100001 -2.2048085 9.0603991,
                                  3.9100001 -2.2786312 9.0814028,
                                  3.9100001 -2.2520752 9.0790539,
                                  3.9100001 -2.2274828 9.0720367,
                                  3.9100001 -2.3187659 9.0705891,
                                  3.9100001 -2.3074365 9.0766277,
                                  3.9100001 -2.2940505 9.0802164,
                                  3.9100001 -2.3342583 9.0423079,
                                  3.9100001 -2.333339 9.0504227,
                                  3.9100001 -2.3309441 9.0570669,
                                  3.9100001 -2.3275244 9.0624895,
                                  3.9100001 -2.3235924 9.0667515,
                                  3.9100001 -2.323133 9.015274,
                                  3.9100001 -2.3283145 9.0210457,
                                  3.9100001 -2.3316071 9.0271931,
                                  3.9100001 -2.333452 9.033514,
                                  3.9100001 -2.3340566 9.0377665,
                                  3.9100001 -2.2736404 8.9903202,
                                  3.9100001 -2.305171 9.0040445,
                                  3.9100001 -2.2079277 8.9526806,
                                  3.9100001 -2.2228386 8.9654884,
                                  3.9100001 -2.2447274 8.9780664,
                                  3.9100001 -2.1908758 8.904644,
                                  3.9100001 -2.1927781 8.9227352,
                                  3.9100001 -2.1984699 8.9387474,
                                  3.9100001 -2.2027295 8.9459743,
                                  3.9100001 -2.223628 8.8418427,
                                  3.9100001 -2.2083294 8.8554077,
                                  3.9100001 -2.1986437 8.8697739,
                                  3.9100001 -2.1932335 8.8844357,
                                  3.9100001 -2.1914651 8.8942347,
                                  3.9100001 -2.3082645 8.8187599,
                                  3.9100001 -2.2757623 8.8213243,
                                  3.9100001 -2.2475348 8.8290186,
                                  3.9100001 -2.387078 8.8358116,
                                  3.9100001 -2.363364 8.8263998,
                                  3.9100001 -2.3371081 8.8206854,
                                  3.9100001 -2.387078 8.8884239,
                                  3.9100001 -2.3325331 8.8634691,
                                  3.9100001 -2.3604527 8.8728275,
                                  3.9100001 -1.8854989 9.1161308,
                                  3.9000001 -1.8854989 9.1161308,
                                  3.9100001 -1.9383185 9.1161308,
                                  3.9000001 -1.9383185 9.1161308,
                                  3.9100001 -1.9383185 9.1161308,
                                  3.9000001 -1.9383185 9.1161308,
                                  3.9100001 -2.017652 8.8973656,
                                  3.9000001 -2.017652 8.8973656,
                                  3.9100001 -2.017652 8.8973656,
                                  3.9000001 -2.017652 8.8973656,
                                  3.9100001 -2.0238905 8.873867,
                                  3.9000001 -2.0238905 8.873867,
                                  3.9100001 -2.0238905 8.873867,
                                  3.9000001 -2.0238905 8.873867,
                                  3.9100001 -2.0252423 8.873867,
                                  3.9000001 -2.0252423 8.873867,
                                  3.9100001 -2.0252423 8.873867,
                                  3.9000001 -2.0252423 8.873867,
                                  3.9100001 -2.0314808 8.8977814,
                                  3.9000001 -2.0314808 8.8977814,
                                  3.9100001 -2.0314808 8.8977814,
                                  3.9000001 -2.0314808 8.8977814,
                                  3.9100001 -2.1073833 9.1161308,
                                  3.9000001 -2.1073833 9.1161308,
                                  3.9100001 -2.1073833 9.1161308,
                                  3.9000001 -2.1073833 9.1161308,
                                  3.9100001 -2.164362 9.1161308,
                                  3.9000001 -2.164362 9.1161308,
                                  3.9100001 -2.164362 9.1161308,
                                  3.9000001 -2.164362 9.1161308,
                                  3.9100001 -2.0504045 8.8262463,
                                  3.9000001 -2.0504045 8.8262463,
                                  3.9100001 -2.0504045 8.8262463,
                                  3.9000001 -2.0504045 8.8262463,
                                  3.9100001 -2.0727592 8.7734261,
                                  3.9000001 -2.0727592 8.7734261,
                                  3.9100001 -2.0727592 8.7734261,
                                  3.9000001 -2.0727592 8.7734261,
                                  3.9100001 -2.0833831 8.7542305,
                                  3.9100001 -2.0927401 8.74405,
                                  3.9100001 -2.1026206 8.7374716,
                                  3.9100001 -2.1125169 8.7338791,
                                  3.9100001 -2.1185808 8.7328138,
                                  3.9100001 -2.1249552 8.73246,
                                  3.9000001 -2.1249552 8.73246,
                                  3.9000001 -2.0833831 8.7542305,
                                  3.9000001 -2.0927401 8.74405,
                                  3.9000001 -2.1026206 8.7374716,
                                  3.9000001 -2.1125169 8.7338791,
                                  3.9000001 -2.1185808 8.7328138,
                                  3.9100001 -2.1249552 8.73246,
                                  3.9000001 -2.1249552 8.73246,
                                  3.9100001 -2.1375737 8.7335873,
                                  3.9100001 -2.1456342 8.735467,
                                  3.9100001 -2.1538603 8.7382822,
                                  3.9000001 -2.1538603 8.7382822,
                                  3.9000001 -2.1375737 8.7335873,
                                  3.9000001 -2.1456342 8.735467,
                                  3.9100001 -2.1538603 8.7382822,
                                  3.9000001 -2.1538603 8.7382822,
                                  3.9100001 -2.1538603 8.6929493,
                                  3.9000001 -2.1538603 8.6929493,
                                  3.9100001 -2.1538603 8.6929493,
                                  3.9000001 -2.1538603 8.6929493,
                                  3.9100001 -2.1388359 8.6898556,
                                  3.9100001 -2.1210041 8.6887903,
                                  3.9000001 -2.1210041 8.6887903,
                                  3.9000001 -2.1388359 8.6898556,
                                  3.9100001 -2.1210041 8.6887903,
                                  3.9000001 -2.1210041 8.6887903,
                                  3.9100001 -2.0995412 8.6913719,
                                  3.9100001 -2.0816596 8.6981115,
                                  3.9100001 -2.0667262 8.7077532,
                                  3.9100001 -2.0528908 8.7207832,
                                  3.9100001 -2.0401516 8.7372007,
                                  3.9100001 -2.0281651 8.7576723,
                                  3.9100001 -2.0173402 8.781744,
                                  3.9000001 -2.0173402 8.781744,
                                  3.9000001 -2.0995412 8.6913719,
                                  3.9000001 -2.0816596 8.6981115,
                                  3.9000001 -2.0667262 8.7077532,
                                  3.9000001 -2.0528908 8.7207832,
                                  3.9000001 -2.0401516 8.7372007,
                                  3.9000001 -2.0281651 8.7576723,
                                  3.9100001 -2.0173402 8.781744,
                                  3.9000001 -2.0173402 8.781744,
                                  3.9100001 -1.8854989 9.1161308,
                                  3.9000001 -1.8854989 9.1161308,
                                  3.9100001 -1.8854989 9.1161308,
                                  3.9100001 -1.9383185 9.1161308,
                                  3.9100001 -2.017652 8.8973656,
                                  3.9100001 -2.0238905 8.873867,
                                  3.9100001 -2.0252423 8.873867,
                                  3.9100001 -2.0314808 8.8977814,
                                  3.9100001 -2.1073833 9.1161308,
                                  3.9100001 -2.164362 9.1161308,
                                  3.9100001 -2.0504045 8.8262463,
                                  3.9100001 -2.0727592 8.7734261,
                                  3.9100001 -2.0833831 8.7542305,
                                  3.9100001 -2.0927401 8.74405,
                                  3.9100001 -2.1026206 8.7374716,
                                  3.9100001 -2.1125169 8.7338791,
                                  3.9100001 -2.1185808 8.7328138,
                                  3.9100001 -2.1249552 8.73246,
                                  3.9100001 -2.1375737 8.7335873,
                                  3.9100001 -2.1456342 8.735467,
                                  3.9100001 -2.1538603 8.7382822,
                                  3.9100001 -2.1538603 8.6929493,
                                  3.9100001 -2.1388359 8.6898556,
                                  3.9100001 -2.1210041 8.6887903,
                                  3.9100001 -2.0995412 8.6913719,
                                  3.9100001 -2.0816596 8.6981115,
                                  3.9100001 -2.0667262 8.7077532,
                                  3.9100001 -2.0528908 8.7207832,
                                  3.9100001 -2.0401516 8.7372007,
                                  3.9100001 -2.0281651 8.7576723,
                                  3.9100001 -2.0173402 8.781744,
                                  3.9100001 -1.6118345 8.8256216,
                                  3.9000001 -1.6118345 8.8256216,
                                  3.9100001 -1.6118345 8.871995,
                                  3.9000001 -1.6118345 8.871995,
                                  3.9100001 -1.6118345 8.871995,
                                  3.9000001 -1.6118345 8.871995,
                                  3.9100001 -1.7780918 8.871995,
                                  3.9000001 -1.7780918 8.871995,
                                  3.9100001 -1.7780918 8.871995,
                                  3.9000001 -1.7780918 8.871995,
                                  3.9100001 -1.7780918 9.0088272,
                                  3.9000001 -1.7780918 9.0088272,
                                  3.9100001 -1.7780918 9.0088272,
                                  3.9000001 -1.7780918 9.0088272,
                                  3.9100001 -1.6326298 9.0088272,
                                  3.9000001 -1.6326298 9.0088272,
                                  3.9100001 -1.6326298 9.0088272,
                                  3.9000001 -1.6326298 9.0088272,
                                  3.9100001 -1.6326298 9.0554085,
                                  3.9000001 -1.6326298 9.0554085,
                                  3.9100001 -1.6326298 9.0554085,
                                  3.9000001 -1.6326298 9.0554085,
                                  3.9100001 -1.7780918 9.0554085,
                                  3.9000001 -1.7780918 9.0554085,
                                  3.9100001 -1.7780918 9.0554085,
                                  3.9000001 -1.7780918 9.0554085,
                                  3.9100001 -1.7780918 9.185586,
                                  3.9000001 -1.7780918 9.185586,
                                  3.9100001 -1.7780918 9.185586,
                                  3.9000001 -1.7780918 9.185586,
                                  3.9100001 -1.6210884 9.185586,
                                  3.9000001 -1.6210884 9.185586,
                                  3.9100001 -1.6210884 9.185586,
                                  3.9000001 -1.6210884 9.185586,
                                  3.9100001 -1.6210884 9.2323751,
                                  3.9000001 -1.6210884 9.2323751,
                                  3.9100001 -1.6210884 9.2323751,
                                  3.9000001 -1.6210884 9.2323751,
                                  3.9100001 -1.8305997 9.2323751,
                                  3.9000001 -1.8305997 9.2323751,
                                  3.9100001 -1.8305997 9.2323751,
                                  3.9000001 -1.8305997 9.2323751,
                                  3.9100001 -1.8305997 8.8256216,
                                  3.9000001 -1.8305997 8.8256216,
                                  3.9100001 -1.8305997 8.8256216,
                                  3.9000001 -1.8305997 8.8256216,
                                  3.9100001 -1.6118345 8.8256216,
                                  3.9000001 -1.6118345 8.8256216,
                                  3.9100001 -1.8305997 8.8256216,
                                  3.9100001 -1.6118345 8.8256216,
                                  3.9100001 -1.8305997 9.2323751,
                                  3.9100001 -1.6210884 9.2323751,
                                  3.9100001 -1.6210884 9.185586,
                                  3.9100001 -1.7780918 9.185586,
                                  3.9100001 -1.7780918 9.0554085,
                                  3.9100001 -1.6326298 9.0554085,
                                  3.9100001 -1.6326298 9.0088272,
                                  3.9100001 -1.7780918 9.0088272,
                                  3.9100001 -1.7780918 8.871995,
                                  3.9100001 -1.6118345 8.871995,
                                  3.9100001 -1.5349964 8.8256216,
                                  3.9100001 -1.4231185 8.8256216,
                                  3.9100001 -1.3626469 8.8319378,
                                  3.9100001 -1.3148985 8.8484459,
                                  3.9100001 -1.2888476 8.8635979,
                                  3.9100001 -1.2651793 8.8826008,
                                  3.9100001 -1.2365396 8.9161539,
                                  3.9100001 -1.2168262 8.9551649,
                                  3.9100001 -1.207083 8.9927015,
                                  3.9100001 -1.2038336 9.0341978,
                                  3.9100001 -1.2093612 9.085166,
                                  3.9100001 -1.2237793 9.1254005,
                                  3.9100001 -1.2416501 9.1536369,
                                  3.9100001 -1.2651793 9.1785164,
                                  3.9100001 -1.3047628 9.2060146,
                                  3.9100001 -1.3499612 9.2237778,
                                  3.9100001 -1.3832126 9.2302275,
                                  3.9100001 -1.4189595 9.2323751,
                                  3.9100001 -1.5349964 9.2323751,
                                  3.9100001 -1.4824886 9.185586,
                                  3.9100001 -1.4824886 8.871995,
                                  3.9100001 -1.421039 9.185586,
                                  3.9100001 -1.3036503 9.1473236,
                                  3.9100001 -1.3329628 9.1668682,
                                  3.9100001 -1.3673508 9.1794844,
                                  3.9100001 -1.3930795 9.184062,
                                  3.9100001 -1.2590446 9.0327415,
                                  3.9100001 -1.2640009 9.0793152,
                                  3.9100001 -1.2752817 9.1109104,
                                  3.9100001 -1.2877114 9.1306086,
                                  3.9100001 -1.3025066 8.9144173,
                                  3.9100001 -1.2821906 8.9396544,
                                  3.9100001 -1.2682294 8.9698687,
                                  3.9100001 -1.2613395 8.9995155,
                                  3.9100001 -1.4234304 8.871995,
                                  3.9100001 -1.3755361 8.876709,
                                  3.9100001 -1.3389103 8.8890114,
                                  3.9100001 -1.3195571 8.9002886,
                                  3.9100001 -1.5349964 8.8256216,
                                  3.9000001 -1.5349964 8.8256216,
                                  3.9100001 -1.4231185 8.8256216,
                                  3.9000001 -1.4231185 8.8256216,
                                  3.9100001 -1.4231185 8.8256216,
                                  3.9000001 -1.4231185 8.8256216,
                                  3.9100001 -1.3626469 8.8319378,
                                  3.9100001 -1.3148985 8.8484459,
                                  3.9100001 -1.2888476 8.8635979,
                                  3.9100001 -1.2651793 8.8826008,
                                  3.9000001 -1.2651793 8.8826008,
                                  3.9000001 -1.3626469 8.8319378,
                                  3.9000001 -1.3148985 8.8484459,
                                  3.9000001 -1.2888476 8.8635979,
                                  3.9100001 -1.2651793 8.8826008,
                                  3.9000001 -1.2651793 8.8826008,
                                  3.9100001 -1.2365396 8.9161539,
                                  3.9100001 -1.2168262 8.9551649,
                                  3.9100001 -1.207083 8.9927015,
                                  3.9100001 -1.2038336 9.0341978,
                                  3.9000001 -1.2038336 9.0341978,
                                  3.9000001 -1.2365396 8.9161539,
                                  3.9000001 -1.2168262 8.9551649,
                                  3.9000001 -1.207083 8.9927015,
                                  3.9100001 -1.2038336 9.0341978,
                                  3.9000001 -1.2038336 9.0341978,
                                  3.9100001 -1.2093612 9.085166,
                                  3.9100001 -1.2237793 9.1254005,
                                  3.9100001 -1.2416501 9.1536369,
                                  3.9100001 -1.2651793 9.1785164,
                                  3.9000001 -1.2651793 9.1785164,
                                  3.9000001 -1.2093612 9.085166,
                                  3.9000001 -1.2237793 9.1254005,
                                  3.9000001 -1.2416501 9.1536369,
                                  3.9100001 -1.2651793 9.1785164,
                                  3.9000001 -1.2651793 9.1785164,
                                  3.9100001 -1.3047628 9.2060146,
                                  3.9100001 -1.3499612 9.2237778,
                                  3.9100001 -1.3832126 9.2302275,
                                  3.9100001 -1.4189595 9.2323751,
                                  3.9000001 -1.4189595 9.2323751,
                                  3.9000001 -1.3047628 9.2060146,
                                  3.9000001 -1.3499612 9.2237778,
                                  3.9000001 -1.3832126 9.2302275,
                                  3.9100001 -1.4189595 9.2323751,
                                  3.9000001 -1.4189595 9.2323751,
                                  3.9100001 -1.5349964 9.2323751,
                                  3.9000001 -1.5349964 9.2323751,
                                  3.9100001 -1.5349964 9.2323751,
                                  3.9000001 -1.5349964 9.2323751,
                                  3.9100001 -1.5349964 8.8256216,
                                  3.9000001 -1.5349964 8.8256216,
                                  3.9000001 -1.421039 9.185586,
                                  3.9000001 -1.4824886 9.185586,
                                  3.9100001 -1.421039 9.185586,
                                  3.9100001 -1.4824886 9.185586,
                                  3.9000001 -1.4824886 9.185586,
                                  3.9000001 -1.4824886 8.871995,
                                  3.9100001 -1.4824886 9.185586,
                                  3.9100001 -1.4824886 8.871995,
                                  3.9000001 -1.4824886 8.871995,
                                  3.9000001 -1.4234304 8.871995,
                                  3.9100001 -1.4824886 8.871995,
                                  3.9100001 -1.4234304 8.871995,
                                  3.9000001 -1.4234304 8.871995,
                                  3.9000001 -1.3755361 8.876709,
                                  3.9000001 -1.3389103 8.8890114,
                                  3.9000001 -1.3195571 8.9002886,
                                  3.9000001 -1.3025066 8.9144173,
                                  3.9100001 -1.4234304 8.871995,
                                  3.9100001 -1.3755361 8.876709,
                                  3.9100001 -1.3389103 8.8890114,
                                  3.9100001 -1.3195571 8.9002886,
                                  3.9100001 -1.3025066 8.9144173,
                                  3.9000001 -1.3025066 8.9144173,
                                  3.9000001 -1.2821906 8.9396544,
                                  3.9000001 -1.2682294 8.9698687,
                                  3.9000001 -1.2613395 8.9995155,
                                  3.9000001 -1.2590446 9.0327415,
                                  3.9100001 -1.3025066 8.9144173,
                                  3.9100001 -1.2821906 8.9396544,
                                  3.9100001 -1.2682294 8.9698687,
                                  3.9100001 -1.2613395 8.9995155,
                                  3.9100001 -1.2590446 9.0327415,
                                  3.9000001 -1.2590446 9.0327415,
                                  3.9000001 -1.2640009 9.0793152,
                                  3.9000001 -1.2752817 9.1109104,
                                  3.9000001 -1.2877114 9.1306086,
                                  3.9000001 -1.3036503 9.1473236,
                                  3.9100001 -1.2590446 9.0327415,
                                  3.9100001 -1.2640009 9.0793152,
                                  3.9100001 -1.2752817 9.1109104,
                                  3.9100001 -1.2877114 9.1306086,
                                  3.9100001 -1.3036503 9.1473236,
                                  3.9000001 -1.3036503 9.1473236,
                                  3.9000001 -1.3329628 9.1668682,
                                  3.9000001 -1.3673508 9.1794844,
                                  3.9000001 -1.3930795 9.184062,
                                  3.9000001 -1.421039 9.185586,
                                  3.9100001 -1.3036503 9.1473236,
                                  3.9100001 -1.3329628 9.1668682,
                                  3.9100001 -1.3673508 9.1794844,
                                  3.9100001 -1.3930795 9.184062,
                                  3.9100001 -1.421039 9.185586,
                                  3.9000001 -1.2590446 9.0327415,
                                  3.9000001 -1.2640009 9.0793152,
                                  3.9000001 -1.2752817 9.1109104,
                                  3.9000001 -1.2877114 9.1306086,
                                  3.9000001 -1.3036503 9.1473236,
                                  3.9000001 -1.3025066 8.9144173,
                                  3.9000001 -1.2821906 8.9396544,
                                  3.9000001 -1.2682294 8.9698687,
                                  3.9000001 -1.2613395 8.9995155,
                                  3.9000001 -1.4234304 8.871995,
                                  3.9000001 -1.3755361 8.876709,
                                  3.9000001 -1.3389103 8.8890114,
                                  3.9000001 -1.3195571 8.9002886,
                                  3.9000001 -1.4824886 8.871995,
                                  3.9000001 -1.4824886 9.185586,
                                  3.9000001 -1.421039 9.185586,
                                  3.9000001 -1.3329628 9.1668682,
                                  3.9000001 -1.3673508 9.1794844,
                                  3.9000001 -1.3930795 9.184062,
                                  3.9100001 -0.87329447 8.8256216,
                                  3.9100001 -0.81527603 8.8256216,
                                  3.9100001 -0.91478086 8.9368763,
                                  3.9100001 -1.0841573 8.9368763,
                                  3.9100001 -1.1232523 8.8256216,
                                  3.9100001 -1.1812708 8.8256216,
                                  3.9100001 -1.0263469 9.2323751,
                                  3.9100001 -0.97019994 9.2323751,
                                  3.9100001 -0.93100107 8.9828339,
                                  3.9100001 -0.99245077 9.1518984,
                                  3.9100001 -0.9987933 9.1803875,
                                  3.9100001 -1.000041 9.1803875,
                                  3.9100001 -1.0066954 9.1518984,
                                  3.9100001 -1.0675213 8.9828339,
                                  3.9100001 -0.81527603 8.8256216,
                                  3.9000001 -0.81527603 8.8256216,
                                  3.9100001 -0.97019994 9.2323751,
                                  3.9000001 -0.97019994 9.2323751,
                                  3.9100001 -0.97019994 9.2323751,
                                  3.9000001 -0.97019994 9.2323751,
                                  3.9100001 -1.0263469 9.2323751,
                                  3.9000001 -1.0263469 9.2323751,
                                  3.9100001 -1.0263469 9.2323751,
                                  3.9000001 -1.0263469 9.2323751,
                                  3.9100001 -1.1812708 8.8256216,
                                  3.9000001 -1.1812708 8.8256216,
                                  3.9100001 -1.1812708 8.8256216,
                                  3.9000001 -1.1812708 8.8256216,
                                  3.9100001 -1.1232523 8.8256216,
                                  3.9000001 -1.1232523 8.8256216,
                                  3.9100001 -1.1232523 8.8256216,
                                  3.9000001 -1.1232523 8.8256216,
                                  3.9100001 -1.0841573 8.9368763,
                                  3.9000001 -1.0841573 8.9368763,
                                  3.9100001 -1.0841573 8.9368763,
                                  3.9000001 -1.0841573 8.9368763,
                                  3.9100001 -0.91478086 8.9368763,
                                  3.9000001 -0.91478086 8.9368763,
                                  3.9100001 -0.91478086 8.9368763,
                                  3.9000001 -0.91478086 8.9368763,
                                  3.9100001 -0.87329447 8.8256216,
                                  3.9000001 -0.87329447 8.8256216,
                                  3.9100001 -0.87329447 8.8256216,
                                  3.9000001 -0.87329447 8.8256216,
                                  3.9100001 -0.81527603 8.8256216,
                                  3.9000001 -0.81527603 8.8256216,
                                  3.9000001 -1.0675213 8.9828339,
                                  3.9000001 -0.93100107 8.9828339,
                                  3.9100001 -1.0675213 8.9828339,
                                  3.9100001 -0.93100107 8.9828339,
                                  3.9000001 -0.93100107 8.9828339,
                                  3.9000001 -0.99245077 9.1518984,
                                  3.9100001 -0.93100107 8.9828339,
                                  3.9100001 -0.99245077 9.1518984,
                                  3.9000001 -0.99245077 9.1518984,
                                  3.9000001 -0.9987933 9.1803875,
                                  3.9100001 -0.99245077 9.1518984,
                                  3.9100001 -0.9987933 9.1803875,
                                  3.9000001 -0.9987933 9.1803875,
                                  3.9000001 -1.000041 9.1803875,
                                  3.9100001 -0.9987933 9.1803875,
                                  3.9100001 -1.000041 9.1803875,
                                  3.9000001 -1.000041 9.1803875,
                                  3.9000001 -1.0066954 9.1518984,
                                  3.9100001 -1.000041 9.1803875,
                                  3.9100001 -1.0066954 9.1518984,
                                  3.9000001 -1.0066954 9.1518984,
                                  3.9000001 -1.0675213 8.9828339,
                                  3.9100001 -1.0066954 9.1518984,
                                  3.9100001 -1.0675213 8.9828339,
                                  3.9000001 -1.000041 9.1803875,
                                  3.9000001 -1.0066954 9.1518984,
                                  3.9000001 -0.9987933 9.1803875,
                                  3.9000001 -0.99245077 9.1518984,
                                  3.9000001 -0.93100107 8.9828339,
                                  3.9000001 -1.0675213 8.9828339,
                                  3.9100001 -3.3971994 8.9543505,
                                  3.9100001 -3.3434782 9.0277224,
                                  3.9100001 -3.3078721 9.1103086,
                                  3.9100001 -3.2946615 9.1688652,
                                  3.9100001 -3.2901964 9.2290878,
                                  3.9100001 -3.6603692 8.8242111,
                                  3.9100001 -3.5720048 8.8419361,
                                  3.9100001 -3.4906681 8.8785572,
                                  3.9100001 -3.4415045 8.912775,
                                  3.9100001 -3.8309956 8.8242111,
                                  3.9100001 -3.9148629 8.9138622,
                                  3.9100001 -3.9124227 8.8935385,
                                  3.9100001 -3.9054928 8.8746386,
                                  3.9100001 -3.8946588 8.8578081,
                                  3.9100001 -3.8805063 8.8436918,
                                  3.9100001 -3.8636205 8.8329325,
                                  3.9100001 -3.8478842 8.8269958,
                                  3.9100001 -3.8252118 9.0035133,
                                  3.9100001 -3.8466423 9.0008879,
                                  3.9100001 -3.8662574 8.9934406,
                                  3.9100001 -3.8834131 8.9818163,
                                  3.9100001 -3.8974648 8.9666586,
                                  3.9100001 -3.9077685 8.9486113,
                                  3.9100001 -3.913027 8.9318304,
                                  3.9100001 -3.8078599 9.0006218,
                                  3.9100001 -3.8116028 9.000967,
                                  3.9100001 -3.8165357 9.0020676,
                                  3.9100001 -3.8214686 9.0031681,
                                  3.9100001 -3.677721 9.0006218,
                                  3.9100001 -3.4694989 9.2261953,
                                  3.9100001 -3.4753454 9.1744394,
                                  3.9100001 -3.492065 9.1268215,
                                  3.9100001 -3.5184278 9.0847483,
                                  3.9100001 -3.5532041 9.0496235,
                                  3.9100001 -3.5951641 9.0228539,
                                  3.9100001 -3.6347311 9.0079422,
                                  3.9100001 -3.6950729 9.4517698,
                                  3.9100001 -3.6409383 9.4452009,
                                  3.9100001 -3.5915084 9.426549,
                                  3.9100001 -3.5483642 9.3973942,
                                  3.9100001 -3.5130866 9.3593187,
                                  3.9100001 -3.4872575 9.3139038,
                                  3.9100001 -3.4740911 9.2715921,
                                  3.9100001 -3.7182086 9.4517698,
                                  3.9100001 -4.123085 9.8132668,
                                  3.9100001 -4.0313029 9.8027315,
                                  3.9100001 -3.9467015 9.7727308,
                                  3.9100001 -3.8716893 9.7256737,
                                  3.9100001 -3.8086743 9.663969,
                                  3.9100001 -3.7600651 9.590023,
                                  3.9100001 -3.7330976 9.5234413,
                                  3.9100001 -4.5106096 9.5356369,
                                  3.9100001 -4.4754772 9.6124353,
                                  3.9100001 -4.4262066 9.6795931,
                                  3.9100001 -4.3645649 9.7351837,
                                  3.9100001 -4.2923188 9.7772779,
                                  3.9100001 -4.2112365 9.8039484,
                                  3.9100001 -4.6638842 9.5790167,
                                  3.9100001 -4.609365 9.573554,
                                  3.9100001 -4.5574164 9.5584517,
                                  3.9100001 -4.9530816 9.2898197,
                                  3.9100001 -4.9446387 9.3591022,
                                  3.9100001 -4.9206772 9.422431,
                                  3.9100001 -4.8832459 9.4777565,
                                  3.9100001 -4.8343949 9.5230284,
                                  3.9100001 -4.7761741 9.5561972,
                                  3.9100001 -4.7219777 9.5731144,
                                  3.9100001 -4.779563 9.0237579,
                                  3.9100001 -4.8413696 9.0616074,
                                  3.9100001 -4.8921542 9.1128664,
                                  3.9100001 -4.929194 9.1751757,
                                  3.9100001 -4.9468889 9.2303848,
                                  3.9100001 -4.5077176 9.2146282,
                                  3.9100001 -4.5682216 9.2081213,
                                  3.9100001 -4.6244674 9.1895638,
                                  3.9100001 -4.6750903 9.1604033,
                                  3.9100001 -4.7187247 9.1220846,
                                  3.9100001 -4.754004 9.0760546,
                                  3.9100001 -4.2908196 9.1163006,
                                  3.9100001 -4.338335 9.1601486,
                                  3.9100001 -4.3951864 9.1921701,
                                  3.9100001 -4.4494414 9.2088375,
                                  3.9100001 -3.9032948 9.3187389,
                                  3.9100001 -3.8136437 9.1654644,
                                  3.9100001 -4.2185202 8.951458,
                                  3.9100001 -4.2185202 8.9225388,
                                  3.9100001 -4.5077176 8.6333408,
                                  3.9100001 -4.4384351 8.6417837,
                                  3.9100001 -4.3751059 8.6657457,
                                  3.9100001 -4.3197808 8.7031765,
                                  3.9100001 -4.274509 8.7520275,
                                  3.9100001 -4.2413397 8.8102484,
                                  3.9100001 -4.2244225 8.8644447,
                                  3.9100001 -4.782455 8.8299952,
                                  3.9100001 -4.7578869 8.7752619,
                                  3.9100001 -4.722795 8.7275982,
                                  3.9100001 -4.6787057 8.6882887,
                                  3.9100001 -4.6271453 8.6586189,
                                  3.9100001 -4.5696406 8.6398745,
                                  3.9100001 -5.013813 8.9688101,
                                  3.9100001 -4.945477 8.907115,
                                  3.9100001 -4.8681431 8.8608427,
                                  3.9100001 -5.1352758 9.2840357,
                                  3.9100001 -5.1211376 9.1701775,
                                  3.9100001 -5.0800071 9.0633879,
                                  3.9100001 -4.9993529 9.6137199,
                                  3.9100001 -5.0669732 9.527751,
                                  3.9100001 -5.1124177 9.4288187,
                                  3.9100001 -5.1294689 9.3577461,
                                  3.9100001 -4.6667762 9.7525349,
                                  3.9100001 -4.7765093 9.7394953,
                                  3.9100001 -4.8793707 9.7013121,
                                  3.9100001 -4.942277 9.6625834,
                                  3.9100001 -4.6002607 9.7467508,
                                  3.9100001 -4.4730139 9.8739977,
                                  3.9100001 -4.5409751 9.8157969,
                                  3.9100001 -4.125977 9.9867849,
                                  3.9100001 -4.2500105 9.9736109,
                                  3.9100001 -4.3663321 9.9353724,
                                  3.9100001 -3.7326684 9.8364019,
                                  3.9100001 -3.8513465 9.9178057,
                                  3.9100001 -3.984163 9.9690046,
                                  3.9100001 -3.5765018 9.6079359,
                                  3.9100001 -3.6157041 9.6915894,
                                  3.9100001 -3.6684024 9.7681732,
                                  3.9100001 -3.300961 9.3137856,
                                  3.9100001 -3.3290775 9.3928595,
                                  3.9100001 -3.3726177 9.4640608,
                                  3.9100001 -3.4296539 9.5251398,
                                  3.9100001 -3.4982579 9.5738487,
                                  3.9100001 -4.5106096 9.0324335,
                                  3.9100001 -4.5348239 9.0297871,
                                  3.9100001 -4.5574164 9.0221977,
                                  3.9100001 -4.5777302 9.010191,
                                  3.9100001 -4.595108 8.9942923,
                                  3.9100001 -4.6088929 8.975028,
                                  3.9100001 -4.6184287 8.9529238,
                                  3.9100001 -4.6230574 8.928503,
                                  3.9100001 -4.6221838 8.9029846,
                                  3.9100001 -4.6159601 8.8792276,
                                  3.9100001 -4.6050339 8.8579493,
                                  3.9100001 -4.5900621 8.8396749,
                                  3.9100001 -4.5717015 8.8249292,
                                  3.9100001 -4.5506096 8.8142395,
                                  3.9100001 -4.5311518 8.8087568,
                                  3.9100001 -4.5106096 8.806859,
                                  3.9100001 -4.4861941 8.8094931,
                                  3.9100001 -4.4637794 8.8169918,
                                  3.9100001 -4.4438491 8.8287535,
                                  3.9100001 -4.4268847 8.8441744,
                                  3.9100001 -4.4133687 8.8626518,
                                  3.9100001 -4.4037833 8.8835821,
                                  3.9100001 -4.3986115 8.9063635,
                                  3.9100001 -4.3983493 8.930665,
                                  3.9100001 -4.4032097 8.9542542,
                                  3.9100001 -4.4126687 8.9756289,
                                  3.9100001 -4.4261236 8.9943075,
                                  3.9100001 -4.4429712 9.0098057,
                                  3.9100001 -4.4626083 9.0216417,
                                  3.9100001 -4.4844322 9.0293341,
                                  3.9100001 -4.4973269 9.0316448,
                                  3.9100001 -3.2901964 9.2290878,
                                  3.9000001 -3.2901964 9.2290878,
                                  3.9100001 -3.300961 9.3137856,
                                  3.9100001 -3.3290775 9.3928595,
                                  3.9100001 -3.3726177 9.4640608,
                                  3.9100001 -3.4296539 9.5251398,
                                  3.9100001 -3.4982579 9.5738487,
                                  3.9100001 -3.5765018 9.6079359,
                                  3.9000001 -3.5765018 9.6079359,
                                  3.9000001 -3.300961 9.3137856,
                                  3.9000001 -3.3290775 9.3928595,
                                  3.9000001 -3.3726177 9.4640608,
                                  3.9000001 -3.4296539 9.5251398,
                                  3.9000001 -3.4982579 9.5738487,
                                  3.9100001 -3.5765018 9.6079359,
                                  3.9000001 -3.5765018 9.6079359,
                                  3.9100001 -3.6157041 9.6915894,
                                  3.9100001 -3.6684024 9.7681732,
                                  3.9100001 -3.7326684 9.8364019,
                                  3.9000001 -3.7326684 9.8364019,
                                  3.9000001 -3.6157041 9.6915894,
                                  3.9000001 -3.6684024 9.7681732,
                                  3.9100001 -3.7326684 9.8364019,
                                  3.9000001 -3.7326684 9.8364019,
                                  3.9100001 -3.8513465 9.9178057,
                                  3.9100001 -3.984163 9.9690046,
                                  3.9100001 -4.125977 9.9867849,
                                  3.9000001 -4.125977 9.9867849,
                                  3.9000001 -3.8513465 9.9178057,
                                  3.9000001 -3.984163 9.9690046,
                                  3.9100001 -4.125977 9.9867849,
                                  3.9000001 -4.125977 9.9867849,
                                  3.9100001 -4.2500105 9.9736109,
                                  3.9100001 -4.3663321 9.9353724,
                                  3.9100001 -4.4730139 9.8739977,
                                  3.9000001 -4.4730139 9.8739977,
                                  3.9000001 -4.2500105 9.9736109,
                                  3.9000001 -4.3663321 9.9353724,
                                  3.9100001 -4.4730139 9.8739977,
                                  3.9000001 -4.4730139 9.8739977,
                                  3.9100001 -4.5409751 9.8157969,
                                  3.9100001 -4.6002607 9.7467508,
                                  3.9000001 -4.6002607 9.7467508,
                                  3.9000001 -4.5409751 9.8157969,
                                  3.9100001 -4.6002607 9.7467508,
                                  3.9000001 -4.6002607 9.7467508,
                                  3.9100001 -4.6667762 9.7525349,
                                  3.9000001 -4.6667762 9.7525349,
                                  3.9100001 -4.6667762 9.7525349,
                                  3.9000001 -4.6667762 9.7525349,
                                  3.9100001 -4.7765093 9.7394953,
                                  3.9100001 -4.8793707 9.7013121,
                                  3.9100001 -4.942277 9.6625834,
                                  3.9100001 -4.9993529 9.6137199,
                                  3.9000001 -4.9993529 9.6137199,
                                  3.9000001 -4.7765093 9.7394953,
                                  3.9000001 -4.8793707 9.7013121,
                                  3.9000001 -4.942277 9.6625834,
                                  3.9100001 -4.9993529 9.6137199,
                                  3.9000001 -4.9993529 9.6137199,
                                  3.9100001 -5.0669732 9.527751,
                                  3.9100001 -5.1124177 9.4288187,
                                  3.9100001 -5.1294689 9.3577461,
                                  3.9100001 -5.1352758 9.2840357,
                                  3.9000001 -5.1352758 9.2840357,
                                  3.9000001 -5.0669732 9.527751,
                                  3.9000001 -5.1124177 9.4288187,
                                  3.9000001 -5.1294689 9.3577461,
                                  3.9100001 -5.1352758 9.2840357,
                                  3.9000001 -5.1352758 9.2840357,
                                  3.9100001 -5.1211376 9.1701775,
                                  3.9100001 -5.0800071 9.0633879,
                                  3.9100001 -5.013813 8.9688101,
                                  3.9000001 -5.013813 8.9688101,
                                  3.9000001 -5.1211376 9.1701775,
                                  3.9000001 -5.0800071 9.0633879,
                                  3.9100001 -5.013813 8.9688101,
                                  3.9000001 -5.013813 8.9688101,
                                  3.9100001 -4.945477 8.907115,
                                  3.9100001 -4.8681431 8.8608427,
                                  3.9100001 -4.782455 8.8299952,
                                  3.9000001 -4.782455 8.8299952,
                                  3.9000001 -4.945477 8.907115,
                                  3.9000001 -4.8681431 8.8608427,
                                  3.9100001 -4.782455 8.8299952,
                                  3.9000001 -4.782455 8.8299952,
                                  3.9100001 -4.7578869 8.7752619,
                                  3.9100001 -4.722795 8.7275982,
                                  3.9100001 -4.6787057 8.6882887,
                                  3.9100001 -4.6271453 8.6586189,
                                  3.9100001 -4.5696406 8.6398745,
                                  3.9100001 -4.5077176 8.6333408,
                                  3.9000001 -4.5077176 8.6333408,
                                  3.9000001 -4.7578869 8.7752619,
                                  3.9000001 -4.722795 8.7275982,
                                  3.9000001 -4.6787057 8.6882887,
                                  3.9000001 -4.6271453 8.6586189,
                                  3.9000001 -4.5696406 8.6398745,
                                  3.9100001 -4.5077176 8.6333408,
                                  3.9000001 -4.5077176 8.6333408,
                                  3.9100001 -4.4384351 8.6417837,
                                  3.9100001 -4.3751059 8.6657457,
                                  3.9100001 -4.3197808 8.7031765,
                                  3.9100001 -4.274509 8.7520275,
                                  3.9100001 -4.2413397 8.8102484,
                                  3.9100001 -4.2244225 8.8644447,
                                  3.9100001 -4.2185202 8.9225388,
                                  3.9000001 -4.2185202 8.9225388,
                                  3.9000001 -4.4384351 8.6417837,
                                  3.9000001 -4.3751059 8.6657457,
                                  3.9000001 -4.3197808 8.7031765,
                                  3.9000001 -4.274509 8.7520275,
                                  3.9000001 -4.2413397 8.8102484,
                                  3.9000001 -4.2244225 8.8644447,
                                  3.9100001 -4.2185202 8.9225388,
                                  3.9000001 -4.2185202 8.9225388,
                                  3.9100001 -4.2185202 8.951458,
                                  3.9000001 -4.2185202 8.951458,
                                  3.9100001 -4.2185202 8.951458,
                                  3.9000001 -4.2185202 8.951458,
                                  3.9100001 -3.8136437 9.1654644,
                                  3.9000001 -3.8136437 9.1654644,
                                  3.9100001 -3.8136437 9.1654644,
                                  3.9000001 -3.8136437 9.1654644,
                                  3.9100001 -3.9032948 9.3187389,
                                  3.9000001 -3.9032948 9.3187389,
                                  3.9100001 -3.9032948 9.3187389,
                                  3.9000001 -3.9032948 9.3187389,
                                  3.9100001 -4.2908196 9.1163006,
                                  3.9000001 -4.2908196 9.1163006,
                                  3.9100001 -4.2908196 9.1163006,
                                  3.9000001 -4.2908196 9.1163006,
                                  3.9100001 -4.338335 9.1601486,
                                  3.9100001 -4.3951864 9.1921701,
                                  3.9100001 -4.4494414 9.2088375,
                                  3.9100001 -4.5077176 9.2146282,
                                  3.9000001 -4.5077176 9.2146282,
                                  3.9000001 -4.338335 9.1601486,
                                  3.9000001 -4.3951864 9.1921701,
                                  3.9000001 -4.4494414 9.2088375,
                                  3.9100001 -4.5077176 9.2146282,
                                  3.9000001 -4.5077176 9.2146282,
                                  3.9100001 -4.5682216 9.2081213,
                                  3.9100001 -4.6244674 9.1895638,
                                  3.9100001 -4.6750903 9.1604033,
                                  3.9100001 -4.7187247 9.1220846,
                                  3.9100001 -4.754004 9.0760546,
                                  3.9100001 -4.779563 9.0237579,
                                  3.9000001 -4.779563 9.0237579,
                                  3.9000001 -4.5682216 9.2081213,
                                  3.9000001 -4.6244674 9.1895638,
                                  3.9000001 -4.6750903 9.1604033,
                                  3.9000001 -4.7187247 9.1220846,
                                  3.9000001 -4.754004 9.0760546,
                                  3.9100001 -4.779563 9.0237579,
                                  3.9000001 -4.779563 9.0237579,
                                  3.9100001 -4.8413696 9.0616074,
                                  3.9100001 -4.8921542 9.1128664,
                                  3.9100001 -4.929194 9.1751757,
                                  3.9100001 -4.9468889 9.2303848,
                                  3.9100001 -4.9530816 9.2898197,
                                  3.9000001 -4.9530816 9.2898197,
                                  3.9000001 -4.8413696 9.0616074,
                                  3.9000001 -4.8921542 9.1128664,
                                  3.9000001 -4.929194 9.1751757,
                                  3.9000001 -4.9468889 9.2303848,
                                  3.9100001 -4.9530816 9.2898197,
                                  3.9000001 -4.9530816 9.2898197,
                                  3.9100001 -4.9446387 9.3591022,
                                  3.9100001 -4.9206772 9.422431,
                                  3.9100001 -4.8832459 9.4777565,
                                  3.9100001 -4.8343949 9.5230284,
                                  3.9100001 -4.7761741 9.5561972,
                                  3.9100001 -4.7219777 9.5731144,
                                  3.9100001 -4.6638842 9.5790167,
                                  3.9000001 -4.6638842 9.5790167,
                                  3.9000001 -4.9446387 9.3591022,
                                  3.9000001 -4.9206772 9.422431,
                                  3.9000001 -4.8832459 9.4777565,
                                  3.9000001 -4.8343949 9.5230284,
                                  3.9000001 -4.7761741 9.5561972,
                                  3.9000001 -4.7219777 9.5731144,
                                  3.9100001 -4.6638842 9.5790167,
                                  3.9000001 -4.6638842 9.5790167,
                                  3.9100001 -4.609365 9.573554,
                                  3.9100001 -4.5574164 9.5584517,
                                  3.9100001 -4.5106096 9.5356369,
                                  3.9000001 -4.5106096 9.5356369,
                                  3.9000001 -4.609365 9.573554,
                                  3.9000001 -4.5574164 9.5584517,
                                  3.9100001 -4.5106096 9.5356369,
                                  3.9000001 -4.5106096 9.5356369,
                                  3.9100001 -4.4754772 9.6124353,
                                  3.9100001 -4.4262066 9.6795931,
                                  3.9100001 -4.3645649 9.7351837,
                                  3.9100001 -4.2923188 9.7772779,
                                  3.9100001 -4.2112365 9.8039484,
                                  3.9100001 -4.123085 9.8132668,
                                  3.9000001 -4.123085 9.8132668,
                                  3.9000001 -4.4754772 9.6124353,
                                  3.9000001 -4.4262066 9.6795931,
                                  3.9000001 -4.3645649 9.7351837,
                                  3.9000001 -4.2923188 9.7772779,
                                  3.9000001 -4.2112365 9.8039484,
                                  3.9100001 -4.123085 9.8132668,
                                  3.9000001 -4.123085 9.8132668,
                                  3.9100001 -4.0313029 9.8027315,
                                  3.9100001 -3.9467015 9.7727308,
                                  3.9100001 -3.8716893 9.7256737,
                                  3.9100001 -3.8086743 9.663969,
                                  3.9100001 -3.7600651 9.590023,
                                  3.9100001 -3.7330976 9.5234413,
                                  3.9100001 -3.7182086 9.4517698,
                                  3.9000001 -3.7182086 9.4517698,
                                  3.9000001 -4.0313029 9.8027315,
                                  3.9000001 -3.9467015 9.7727308,
                                  3.9000001 -3.8716893 9.7256737,
                                  3.9000001 -3.8086743 9.663969,
                                  3.9000001 -3.7600651 9.590023,
                                  3.9000001 -3.7330976 9.5234413,
                                  3.9100001 -3.7182086 9.4517698,
                                  3.9000001 -3.7182086 9.4517698,
                                  3.9100001 -3.6950729 9.4517698,
                                  3.9000001 -3.6950729 9.4517698,
                                  3.9100001 -3.6950729 9.4517698,
                                  3.9000001 -3.6950729 9.4517698,
                                  3.9100001 -3.6409383 9.4452009,
                                  3.9100001 -3.5915084 9.426549,
                                  3.9100001 -3.5483642 9.3973942,
                                  3.9100001 -3.5130866 9.3593187,
                                  3.9100001 -3.4872575 9.3139038,
                                  3.9100001 -3.4740911 9.2715921,
                                  3.9100001 -3.4694989 9.2261953,
                                  3.9000001 -3.4694989 9.2261953,
                                  3.9000001 -3.6409383 9.4452009,
                                  3.9000001 -3.5915084 9.426549,
                                  3.9000001 -3.5483642 9.3973942,
                                  3.9000001 -3.5130866 9.3593187,
                                  3.9000001 -3.4872575 9.3139038,
                                  3.9000001 -3.4740911 9.2715921,
                                  3.9100001 -3.4694989 9.2261953,
                                  3.9000001 -3.4694989 9.2261953,
                                  3.9100001 -3.4753454 9.1744394,
                                  3.9100001 -3.492065 9.1268215,
                                  3.9100001 -3.5184278 9.0847483,
                                  3.9100001 -3.5532041 9.0496235,
                                  3.9100001 -3.5951641 9.0228539,
                                  3.9100001 -3.6347311 9.0079422,
                                  3.9100001 -3.677721 9.0006218,
                                  3.9000001 -3.677721 9.0006218,
                                  3.9000001 -3.4753454 9.1744394,
                                  3.9000001 -3.492065 9.1268215,
                                  3.9000001 -3.5184278 9.0847483,
                                  3.9000001 -3.5532041 9.0496235,
                                  3.9000001 -3.5951641 9.0228539,
                                  3.9000001 -3.6347311 9.0079422,
                                  3.9100001 -3.677721 9.0006218,
                                  3.9000001 -3.677721 9.0006218,
                                  3.9100001 -3.8078599 9.0006218,
                                  3.9000001 -3.8078599 9.0006218,
                                  3.9100001 -3.8078599 9.0006218,
                                  3.9000001 -3.8078599 9.0006218,
                                  3.9100001 -3.8116028 9.000967,
                                  3.9100001 -3.8165357 9.0020676,
                                  3.9100001 -3.8214686 9.0031681,
                                  3.9100001 -3.8252118 9.0035133,
                                  3.9000001 -3.8252118 9.0035133,
                                  3.9000001 -3.8116028 9.000967,
                                  3.9000001 -3.8165357 9.0020676,
                                  3.9000001 -3.8214686 9.0031681,
                                  3.9100001 -3.8252118 9.0035133,
                                  3.9000001 -3.8252118 9.0035133,
                                  3.9100001 -3.8466423 9.0008879,
                                  3.9100001 -3.8662574 8.9934406,
                                  3.9100001 -3.8834131 8.9818163,
                                  3.9100001 -3.8974648 8.9666586,
                                  3.9100001 -3.9077685 8.9486113,
                                  3.9100001 -3.913027 8.9318304,
                                  3.9100001 -3.9148629 8.9138622,
                                  3.9000001 -3.9148629 8.9138622,
                                  3.9000001 -3.8466423 9.0008879,
                                  3.9000001 -3.8662574 8.9934406,
                                  3.9000001 -3.8834131 8.9818163,
                                  3.9000001 -3.8974648 8.9666586,
                                  3.9000001 -3.9077685 8.9486113,
                                  3.9000001 -3.913027 8.9318304,
                                  3.9100001 -3.9148629 8.9138622,
                                  3.9000001 -3.9148629 8.9138622,
                                  3.9100001 -3.9124227 8.8935385,
                                  3.9100001 -3.9054928 8.8746386,
                                  3.9100001 -3.8946588 8.8578081,
                                  3.9100001 -3.8805063 8.8436918,
                                  3.9100001 -3.8636205 8.8329325,
                                  3.9100001 -3.8478842 8.8269958,
                                  3.9100001 -3.8309956 8.8242111,
                                  3.9000001 -3.8309956 8.8242111,
                                  3.9000001 -3.9124227 8.8935385,
                                  3.9000001 -3.9054928 8.8746386,
                                  3.9000001 -3.8946588 8.8578081,
                                  3.9000001 -3.8805063 8.8436918,
                                  3.9000001 -3.8636205 8.8329325,
                                  3.9000001 -3.8478842 8.8269958,
                                  3.9100001 -3.8309956 8.8242111,
                                  3.9000001 -3.8309956 8.8242111,
                                  3.9100001 -3.6603692 8.8242111,
                                  3.9000001 -3.6603692 8.8242111,
                                  3.9100001 -3.6603692 8.8242111,
                                  3.9000001 -3.6603692 8.8242111,
                                  3.9100001 -3.5720048 8.8419361,
                                  3.9100001 -3.4906681 8.8785572,
                                  3.9100001 -3.4415045 8.912775,
                                  3.9100001 -3.3971994 8.9543505,
                                  3.9000001 -3.3971994 8.9543505,
                                  3.9000001 -3.5720048 8.8419361,
                                  3.9000001 -3.4906681 8.8785572,
                                  3.9000001 -3.4415045 8.912775,
                                  3.9100001 -3.3971994 8.9543505,
                                  3.9000001 -3.3971994 8.9543505,
                                  3.9100001 -3.3434782 9.0277224,
                                  3.9100001 -3.3078721 9.1103086,
                                  3.9100001 -3.2946615 9.1688652,
                                  3.9100001 -3.2901964 9.2290878,
                                  3.9000001 -3.2901964 9.2290878,
                                  3.9000001 -3.3434782 9.0277224,
                                  3.9000001 -3.3078721 9.1103086,
                                  3.9000001 -3.2946615 9.1688652,
                                  3.9000001 -4.5106096 8.806859,
                                  3.9000001 -4.4861941 8.8094931,
                                  3.9000001 -4.4637794 8.8169918,
                                  3.9000001 -4.4438491 8.8287535,
                                  3.9000001 -4.4268847 8.8441744,
                                  3.9000001 -4.4133687 8.8626518,
                                  3.9000001 -4.4037833 8.8835821,
                                  3.9000001 -4.3986115 8.9063635,
                                  3.9000001 -4.3983493 8.930665,
                                  3.9000001 -4.4032097 8.9542542,
                                  3.9000001 -4.4126687 8.9756289,
                                  3.9000001 -4.4261236 8.9943075,
                                  3.9000001 -4.4429712 9.0098057,
                                  3.9000001 -4.4626083 9.0216417,
                                  3.9000001 -4.4844322 9.0293341,
                                  3.9000001 -4.4973269 9.0316448,
                                  3.9000001 -4.5106096 9.0324335,
                                  3.9100001 -4.5106096 8.806859,
                                  3.9100001 -4.4861941 8.8094931,
                                  3.9100001 -4.4637794 8.8169918,
                                  3.9100001 -4.4438491 8.8287535,
                                  3.9100001 -4.4268847 8.8441744,
                                  3.9100001 -4.4133687 8.8626518,
                                  3.9100001 -4.4037833 8.8835821,
                                  3.9100001 -4.3986115 8.9063635,
                                  3.9100001 -4.3983493 8.930665,
                                  3.9100001 -4.4032097 8.9542542,
                                  3.9100001 -4.4126687 8.9756289,
                                  3.9100001 -4.4261236 8.9943075,
                                  3.9100001 -4.4429712 9.0098057,
                                  3.9100001 -4.4626083 9.0216417,
                                  3.9100001 -4.4844322 9.0293341,
                                  3.9100001 -4.4973269 9.0316448,
                                  3.9100001 -4.5106096 9.0324335,
                                  3.9000001 -4.5106096 9.0324335,
                                  3.9000001 -4.5348239 9.0297871,
                                  3.9000001 -4.5574164 9.0221977,
                                  3.9000001 -4.5777302 9.010191,
                                  3.9000001 -4.595108 8.9942923,
                                  3.9000001 -4.6088929 8.975028,
                                  3.9000001 -4.6184287 8.9529238,
                                  3.9000001 -4.6230574 8.928503,
                                  3.9000001 -4.6221838 8.9029846,
                                  3.9000001 -4.6159601 8.8792276,
                                  3.9000001 -4.6050339 8.8579493,
                                  3.9000001 -4.5900621 8.8396749,
                                  3.9000001 -4.5717015 8.8249292,
                                  3.9000001 -4.5506096 8.8142395,
                                  3.9000001 -4.5311518 8.8087568,
                                  3.9000001 -4.5106096 8.806859,
                                  3.9100001 -4.5106096 9.0324335,
                                  3.9100001 -4.5348239 9.0297871,
                                  3.9100001 -4.5574164 9.0221977,
                                  3.9100001 -4.5777302 9.010191,
                                  3.9100001 -4.595108 8.9942923,
                                  3.9100001 -4.6088929 8.975028,
                                  3.9100001 -4.6184287 8.9529238,
                                  3.9100001 -4.6230574 8.928503,
                                  3.9100001 -4.6221838 8.9029846,
                                  3.9100001 -4.6159601 8.8792276,
                                  3.9100001 -4.6050339 8.8579493,
                                  3.9100001 -4.5900621 8.8396749,
                                  3.9100001 -4.5717015 8.8249292,
                                  3.9100001 -4.5506096 8.8142395,
                                  3.9100001 -4.5311518 8.8087568,
                                  3.9100001 -4.5106096 8.806859,
                                  3.9000001 -4.5106096 8.806859,
                                  3.9000001 -4.4861941 8.8094931,
                                  3.9000001 -4.4637794 8.8169918,
                                  3.9000001 -4.4438491 8.8287535,
                                  3.9000001 -4.4268847 8.8441744,
                                  3.9000001 -4.4133687 8.8626518,
                                  3.9000001 -4.4037833 8.8835821,
                                  3.9000001 -4.3986115 8.9063635,
                                  3.9000001 -4.3983493 8.930665,
                                  3.9000001 -4.4032097 8.9542542,
                                  3.9000001 -4.4126687 8.9756289,
                                  3.9000001 -4.4261236 8.9943075,
                                  3.9000001 -4.4429712 9.0098057,
                                  3.9000001 -4.4626083 9.0216417,
                                  3.9000001 -4.4844322 9.0293341,
                                  3.9000001 -4.4973269 9.0316448,
                                  3.9000001 -4.5106096 9.0324335,
                                  3.9000001 -4.5348239 9.0297871,
                                  3.9000001 -4.5574164 9.0221977,
                                  3.9000001 -4.5777302 9.010191,
                                  3.9000001 -4.595108 8.9942923,
                                  3.9000001 -4.6088929 8.975028,
                                  3.9000001 -4.6184287 8.9529238,
                                  3.9000001 -4.6230574 8.928503,
                                  3.9000001 -4.6221838 8.9029846,
                                  3.9000001 -4.6159601 8.8792276,
                                  3.9000001 -4.6050339 8.8579493,
                                  3.9000001 -4.5900621 8.8396749,
                                  3.9000001 -4.5717015 8.8249292,
                                  3.9000001 -4.5506096 8.8142395,
                                  3.9000001 -4.5311518 8.8087568,
                                  -1.75 -1.2 9.1999998,
                                  -1.75 -1.2 7.4000001,
                                  -1.75 -0.60000002 9.1999998,
                                  -1.75 -0.60000002 7.4000001,
                                  -1.75 -1.2 3.4000001,
                                  -1.75 -1.2 1.6,
                                  -1.75 -0.60000002 3.4000001,
                                  -1.75 -0.60000002 1.6,
                                  1.75 -1.2 9.1999998,
                                  1.75 -1.2 7.4000001,
                                  1.75 -0.60000002 9.1999998,
                                  1.75 -0.60000002 7.4000001,
                                  1.75 -1.2 3.4000001,
                                  1.75 -1.2 1.6,
                                  1.75 -0.60000002 3.4000001,
                                  1.75 -0.60000002 1.6,
                                  3.9000001 -1.8854989 9.1161308,
                                  3.9000001 -1.9383185 9.1161308,
                                  3.9000001 -2.0173402 8.781744,
                                  3.9000001 -2.1210041 8.6887903,
                                  3.9000001 -2.1538603 8.6929493,
                                  3.9000001 -2.1538603 8.7382822,
                                  3.9000001 -2.1249552 8.73246,
                                  3.9000001 -2.0727592 8.7734261,
                                  3.9000001 -2.0504045 8.8262463,
                                  3.9000001 -2.164362 9.1161308,
                                  3.9000001 -2.1073833 9.1161308,
                                  3.9000001 -2.0314808 8.8977814,
                                  3.9000001 -2.0252423 8.873867,
                                  3.9000001 -2.0238905 8.873867,
                                  3.9000001 -2.017652 8.8973656,
                                  3.9000001 -2.5611336 9.1227846,
                                  3.9000001 -2.6611583 9.0957508,
                                  3.9000001 -2.4561179 9.0125704,
                                  3.9000001 -2.4561179 8.8256216,
                                  3.9000001 -2.507066 8.8256216,
                                  3.9000001 -2.507066 8.8705397,
                                  3.9000001 -2.5084178 8.8705397,
                                  3.9000001 -2.5974212 8.8187599,
                                  3.9000001 -2.6645894 8.8416348,
                                  3.9000001 -2.6895437 8.9033957,
                                  3.9000001 -2.593158 8.9982224,
                                  3.9000001 -2.507066 9.0102835,
                                  3.9000001 -2.5659163 9.0814028,
                                  3.9000001 -2.6611583 9.0462589,
                                  3.9000001 -2.7383082 8.8256216,
                                  3.9000001 -2.7383082 8.871995,
                                  3.9000001 -2.9570735 8.8256216,
                                  3.9000001 -2.9570735 9.2323751,
                                  3.9000001 -2.7475622 9.2323751,
                                  3.9000001 -2.7475622 9.185586,
                                  3.9000001 -2.9045656 9.185586,
                                  3.9000001 -2.9045656 9.0554085,
                                  3.9000001 -2.7591035 9.0554085,
                                  3.9000001 -2.7591035 9.0088272,
                                  3.9000001 -2.9045656 9.0088272,
                                  3.9000001 -2.9045656 8.871995,
                                  3.9000001 -2.5339959 9.4640331,
                                  3.9000001 -2.4213901 9.4877396,
                                  3.9000001 -2.6737392 9.519556,
                                  3.9000001 -2.7259352 9.6665783,
                                  3.9000001 -2.6671889 9.8246212,
                                  3.9000001 -2.5177755 9.8845119,
                                  3.9000001 -2.4213901 9.8678751,
                                  3.9000001 -2.4213901 9.8129759,
                                  3.9000001 -2.5172558 9.8370981,
                                  3.9000001 -2.628094 9.7919731,
                                  3.9000001 -2.6708281 9.6696978,
                                  3.9000001 -2.6309013 9.5536604,
                                  3.9000001 -2.5264056 9.5108223,
                                  3.9000001 -2.4213901 9.538064,
                                  3.9000001 -5.5999999 10.8,
                                  3.9000001 -5.5999999 0,
                                  3.9000001 5.5999999 0,
                                  3.9000001 5.5999999 10.8,
                                  3.9000001 -2.7425714 9.4708958,
                                  3.9000001 -2.7425714 9.5172691,
                                  3.9000001 -2.9570735 9.4708958,
                                  3.9000001 -2.9570735 9.8776493,
                                  3.9000001 -2.9045656 9.8776493,
                                  3.9000001 -2.9045656 9.5172691,
                                  3.9000001 -2.121212 9.4708958,
                                  3.9000001 -2.121212 9.5172691,
                                  3.9000001 -2.339977 9.4708958,
                                  3.9000001 -2.339977 9.8776493,
                                  3.9000001 -2.1304657 9.8776493,
                                  3.9000001 -2.1304657 9.8308601,
                                  3.9000001 -2.2874691 9.8308601,
                                  3.9000001 -2.2874691 9.7006826,
                                  3.9000001 -2.1420071 9.7006826,
                                  3.9000001 -2.1420071 9.6541014,
                                  3.9000001 -2.2874691 9.6541014,
                                  3.9000001 -2.2874691 9.5172691,
                                  3.9000001 -2.0443738 9.4708958,
                                  3.9000001 -1.9324958 9.4708958,
                                  3.9000001 -2.0443738 9.8776493,
                                  3.9000001 -1.9283369 9.8776493,
                                  3.9000001 -1.7745566 9.8237896,
                                  3.9000001 -1.7132109 9.679471,
                                  3.9000001 -1.7745566 9.5278749,
                                  3.9000001 -1.3246534 9.4708958,
                                  3.9000001 -1.4795773 9.8776493,
                                  3.9000001 -1.382672 9.4708958,
                                  3.9000001 -1.4241582 9.5821495,
                                  3.9000001 -1.5935348 9.5821495,
                                  3.9000001 -1.6326298 9.4708958,
                                  3.9000001 -1.6906482 9.4708958,
                                  3.9000001 -1.5357243 9.8776493,
                                  3.9000001 -2.3032737 8.8603497,
                                  3.9000001 -2.387078 8.8884239,
                                  3.9000001 -2.2431755 8.8996525,
                                  3.9000001 -2.2562766 8.92731,
                                  3.9000001 -2.3096161 8.9533043,
                                  3.9000001 -2.3723135 8.9917755,
                                  3.9000001 -2.3867662 9.0377331,
                                  3.9000001 -2.3541176 9.0997019,
                                  3.9000001 -2.2736404 9.1227846,
                                  3.9000001 -2.2048085 9.1098919,
                                  3.9000001 -2.2048085 9.0603991,
                                  3.9000001 -2.2786312 9.0814028,
                                  3.9000001 -2.3187659 9.0705891,
                                  3.9000001 -2.3342583 9.0423079,
                                  3.9000001 -2.323133 9.015274,
                                  3.9000001 -2.2736404 8.9903202,
                                  3.9000001 -2.2079277 8.9526806,
                                  3.9000001 -2.1908758 8.904644,
                                  3.9000001 -2.223628 8.8418427,
                                  3.9000001 -2.3082645 8.8187599,
                                  3.9000001 -2.387078 8.8358116,
                                  3.9000001 -1.6118345 8.8256216,
                                  3.9000001 -1.6118345 8.871995,
                                  3.9000001 -1.8305997 8.8256216,
                                  3.9000001 -1.8305997 9.2323751,
                                  3.9000001 -1.6210884 9.2323751,
                                  3.9000001 -1.6210884 9.185586,
                                  3.9000001 -1.7780918 9.185586,
                                  3.9000001 -1.7780918 9.0554085,
                                  3.9000001 -1.6326298 9.0554085,
                                  3.9000001 -1.6326298 9.0088272,
                                  3.9000001 -1.7780918 9.0088272,
                                  3.9000001 -1.7780918 8.871995,
                                  3.9000001 -1.5349964 8.8256216,
                                  3.9000001 -1.4231185 8.8256216,
                                  3.9000001 -1.5349964 9.2323751,
                                  3.9000001 -1.4189595 9.2323751,
                                  3.9000001 -1.2651793 9.1785164,
                                  3.9000001 -1.2038336 9.0341978,
                                  3.9000001 -1.2651793 8.8826008,
                                  3.9000001 -0.81527603 8.8256216,
                                  3.9000001 -0.97019994 9.2323751,
                                  3.9000001 -0.87329447 8.8256216,
                                  3.9000001 -0.91478086 8.9368763,
                                  3.9000001 -1.0841573 8.9368763,
                                  3.9000001 -1.1232523 8.8256216,
                                  3.9000001 -1.1812708 8.8256216,
                                  3.9000001 -1.0263469 9.2323751,
                                  3.9000001 -3.2901964 9.2290878,
                                  3.9000001 -3.5765018 9.6079359,
                                  3.9000001 -3.3971994 8.9543505,
                                  3.9000001 -3.6603692 8.8242111,
                                  3.9000001 -3.8309956 8.8242111,
                                  3.9000001 -3.9148629 8.9138622,
                                  3.9000001 -3.8252118 9.0035133,
                                  3.9000001 -3.8078599 9.0006218,
                                  3.9000001 -3.677721 9.0006218,
                                  3.9000001 -3.4694989 9.2261953,
                                  3.9000001 -3.6950729 9.4517698,
                                  3.9000001 -3.7182086 9.4517698,
                                  3.9000001 -4.123085 9.8132668,
                                  3.9000001 -4.5106096 9.5356369,
                                  3.9000001 -4.6638842 9.5790167,
                                  3.9000001 -4.9530816 9.2898197,
                                  3.9000001 -4.779563 9.0237579,
                                  3.9000001 -4.5077176 9.2146282,
                                  3.9000001 -4.2908196 9.1163006,
                                  3.9000001 -3.9032948 9.3187389,
                                  3.9000001 -3.8136437 9.1654644,
                                  3.9000001 -4.2185202 8.951458,
                                  3.9000001 -4.2185202 8.9225388,
                                  3.9000001 -4.5077176 8.6333408,
                                  3.9000001 -4.782455 8.8299952,
                                  3.9000001 -5.013813 8.9688101,
                                  3.9000001 -5.1352758 9.2840357,
                                  3.9000001 -4.9993529 9.6137199,
                                  3.9000001 -4.6667762 9.7525349,
                                  3.9000001 -4.6002607 9.7467508,
                                  3.9000001 -4.4730139 9.8739977,
                                  3.9000001 -4.125977 9.9867849,
                                  3.9000001 -3.7326684 9.8364019,
                                  3 -5.5999999 0,
                                  -3.9000001 -5.5999999 10.8,
                                  -3.9000001 -5.5999999 0,
                                  -3 -5.5999999 0,
                                  -3 -5.5999999 0.1,
                                  -0.5 -5.5999999 0.1,
                                  -0.5 -5.5999999 0,
                                  0.5 -5.5999999 0,
                                  0.5 -5.5999999 0.1,
                                  3 -5.5999999 0.1,
                                  -3.25 -5.5999999 2.2950001,
                                  -3.25 -5.5999999 1,
                                  -3.75 -5.5999999 2.2950001,
                                  -3.75 -5.5999999 3.095,
                                  -3.25 -5.5999999 3.095,
                                  -3.25 -5.5999999 4.5,
                                  -2.2 -5.5999999 5.5500002,
                                  -3.25 -5.5999999 5.5500002,
                                  -3.25 -5.5999999 7.7049999,
                                  -3.75 -5.5999999 7.7049999,
                                  -3.75 -5.5999999 8.5050001,
                                  -3.25 -5.5999999 8.5050001,
                                  -3.25 -5.5999999 10.3,
                                  -0.25 -5.5999999 10.3,
                                  -0.25 -5.5999999 8.5050001,
                                  0.25 -5.5999999 8.5050001,
                                  0.25 -5.5999999 10.3,
                                  3.25 -5.5999999 10.3,
                                  3.25 -5.5999999 5.5500002,
                                  2.2 -5.5999999 5.5500002,
                                  3.25 -5.5999999 4.5,
                                  3.25 -5.5999999 1,
                                  2.75 -5.5999999 0.5,
                                  0.75 -5.5999999 0.5,
                                  0.25 -5.5999999 1,
                                  0.25 -5.5999999 2.2950001,
                                  -0.25 -5.5999999 2.2950001,
                                  -0.25 -5.5999999 1,
                                  -0.75 -5.5999999 0.5,
                                  -2.75 -5.5999999 0.5,
                                  0.25 -5.5999999 7.7049999,
                                  0.25 -5.5999999 5.5500002,
                                  -0.25 -5.5999999 7.7049999,
                                  -0.25 -5.5999999 5.5500002,
                                  -1.3 -5.5999999 5.5500002,
                                  -0.25 -5.5999999 4.5,
                                  -0.25 -5.5999999 3.095,
                                  0.25 -5.5999999 3.095,
                                  0.25 -5.5999999 4.5,
                                  1.3 -5.5999999 5.5500002,
                                  3 5.5999999 0,
                                  1.35 1.6 7.7049999,
                                  1.35 1.6 8.3000002,
                                  2.1500001 1.6 7.7049999,
                                  2.1500001 1.6 8.3000002,
                                  3.25 1.6 8.3000002,
                                  3.25 1.6 6.3000002,
                                  2.25 1.6 6.3000002,
                                  2.25 1.6 5.8000002,
                                  3.25 1.6 5.8000002,
                                  3.25 1.6 4.3000002,
                                  2.25 1.6 4.3000002,
                                  2.25 1.6 3.8,
                                  3.25 1.6 3.8,
                                  3.25 1.6 1,
                                  2.75 1.6 0.5,
                                  2.25 1.6 0.5,
                                  2.25 1.6 0.1,
                                  1.25 1.6 0.1,
                                  1.25 1.6 0.5,
                                  0.75 1.6 0.5,
                                  0.25 1.6 1,
                                  0.25 1.6 3.8,
                                  1.25 1.6 3.8,
                                  1.25 1.6 4.3000002,
                                  0.25 1.6 4.3000002,
                                  0.25 1.6 5.8000002,
                                  1.25 1.6 5.8000002,
                                  1.25 1.6 6.3000002,
                                  0.25 1.6 6.3000002,
                                  0.25 1.6 8.3000002,
                                  1.35 1.6 2.2949166,
                                  1.35 1.6 3.0949643,
                                  2.1500001 1.6 2.2949166,
                                  2.1500001 1.6 3.0949643,
                                  2.25 5.5999999 0.1,
                                  2.25 5.5999999 0.5,
                                  1.25 5.5999999 0.1,
                                  1.25 5.5999999 0.5,
                                  -2.1500001 1.6 7.7049999,
                                  -2.1500001 1.6 8.3000002,
                                  -1.35 1.6 7.7049999,
                                  -1.35 1.6 8.3000002,
                                  -0.25 1.6 8.3000002,
                                  -0.25 1.6 6.3000002,
                                  -1.25 1.6 6.3000002,
                                  -1.25 1.6 5.8000002,
                                  -0.25 1.6 5.8000002,
                                  -0.25 1.6 4.3000002,
                                  -1.25 1.6 4.3000002,
                                  -1.25 1.6 3.8,
                                  -0.25 1.6 3.8,
                                  -0.25 1.6 1,
                                  -0.75 1.6 0.5,
                                  -1.25 1.6 0.5,
                                  -1.25 1.6 0.1,
                                  -2.25 1.6 0.1,
                                  -2.25 1.6 0.5,
                                  -2.75 1.6 0.5,
                                  -3.25 1.6 1,
                                  -3.25 1.6 3.8,
                                  -2.25 1.6 3.8,
                                  -2.25 1.6 4.3000002,
                                  -3.25 1.6 4.3000002,
                                  -3.25 1.6 5.8000002,
                                  -2.25 1.6 5.8000002,
                                  -2.25 1.6 6.3000002,
                                  -3.25 1.6 6.3000002,
                                  -3.25 1.6 8.3000002,
                                  -2.1500001 1.6 2.2949166,
                                  -2.1500001 1.6 3.0949643,
                                  -1.35 1.6 2.2949166,
                                  -1.35 1.6 3.0949643,
                                  0.5 5.5999999 0,
                                  -0.5 5.5999999 0,
                                  -1.25 5.5999999 0.1,
                                  -1.25 5.5999999 0.5,
                                  -2.25 5.5999999 0.1,
                                  -2.25 5.5999999 0.5,
                                  2.2 -0.60000002 5.5500002,
                                  3.25 -0.60000002 4.5,
                                  3.25 -0.60000002 5.5500002,
                                  3.25 -0.60000002 10.3,
                                  0.25 -0.60000002 10.3,
                                  0.25 -0.60000002 5.5500002,
                                  1.3 -0.60000002 5.5500002,
                                  0.25 -0.60000002 4.5,
                                  0.25 -0.60000002 1,
                                  0.75 -0.60000002 0.5,
                                  2.75 -0.60000002 0.5,
                                  3.25 -0.60000002 1,
                                  -3.25 -0.60000002 4.5,
                                  -2.2 -0.60000002 5.5500002,
                                  -3.25 -0.60000002 1,
                                  -2.75 -0.60000002 0.5,
                                  -0.75 -0.60000002 0.5,
                                  -0.25 -0.60000002 1,
                                  -0.25 -0.60000002 4.5,
                                  -1.3 -0.60000002 5.5500002,
                                  -0.25 -0.60000002 5.5500002,
                                  -0.25 -0.60000002 10.3,
                                  -3.25 -0.60000002 10.3,
                                  -3.25 -0.60000002 5.5500002,
                                  -3.9000001 5.5999999 0,
                                  -3.9000001 5.5999999 10.8,
                                  -3.25 -2.5999999 2.2950001,
                                  -3.25 -2.5999999 3.095,
                                  -3.25 -2.5999999 8.5050001,
                                  -3.25 -2.5999999 7.7049999,
                                  0.25 -2.5999999 2.2950001,
                                  0.25 -2.5999999 3.095,
                                  0.25 -2.5999999 8.5050001,
                                  0.25 -2.5999999 7.7049999,
                                  -0.25 -2.5999999 2.2950001,
                                  -0.25 -2.5999999 3.095,
                                  -0.25 -2.5999999 8.5050001,
                                  -0.25 -2.5999999 7.7049999,
                                  -0.75 5.5999999 0.5,
                                  -1.25 5.5999999 5.8000002,
                                  -0.25 5.5999999 5.8000002,
                                  -1.25 5.5999999 6.3000002,
                                  -0.25 5.5999999 6.3000002,
                                  -1.25 5.5999999 3.8,
                                  -0.25 5.5999999 3.8,
                                  -1.25 5.5999999 4.3000002,
                                  -0.25 5.5999999 4.3000002,
                                  -0.25 5.5999999 1,
                                  -3.25 5.5999999 3.8,
                                  -3.25 5.5999999 1,
                                  -3.25 5.5999999 4.3000002,
                                  -3.25 5.5999999 5.8000002,
                                  -0.25 5.5999999 8.3000002,
                                  -3.25 5.5999999 6.3000002,
                                  -3.25 5.5999999 8.3000002,
                                  -0.25 5.5999999 8.8000002,
                                  -0.25 1.6 8.8000002,
                                  -0.25 1.6 10.3,
                                  -0.25 5.5999999 10.3,
                                  -3.25 5.5999999 8.8000002,
                                  -3.25 1.6 8.8000002,
                                  -3.25 5.5999999 10.3,
                                  -3.25 1.6 10.3,
                                  2.75 5.5999999 0.5,
                                  2.25 5.5999999 5.8000002,
                                  3.25 5.5999999 5.8000002,
                                  2.25 5.5999999 6.3000002,
                                  3.25 5.5999999 6.3000002,
                                  2.25 5.5999999 3.8,
                                  3.25 5.5999999 3.8,
                                  2.25 5.5999999 4.3000002,
                                  3.25 5.5999999 4.3000002,
                                  3.25 5.5999999 1,
                                  0.25 5.5999999 3.8,
                                  0.25 5.5999999 1,
                                  0.25 5.5999999 4.3000002,
                                  0.25 5.5999999 5.8000002,
                                  3.25 5.5999999 8.3000002,
                                  0.25 5.5999999 6.3000002,
                                  0.25 5.5999999 8.3000002,
                                  3.25 5.5999999 8.8000002,
                                  3.25 1.6 8.8000002,
                                  3.25 1.6 10.3,
                                  3.25 5.5999999 10.3,
                                  0.25 5.5999999 8.8000002,
                                  0.25 1.6 8.8000002,
                                  0.25 5.5999999 10.3,
                                  0.25 1.6 10.3,
                                  0.5 5.5999999 0.1,
                                  -0.5 5.5999999 0.1,
                                  -2.25 5.5999999 6.3000002,
                                  -2.25 5.5999999 5.8000002,
                                  -2.25 5.5999999 4.3000002,
                                  -2.25 5.5999999 3.8,
                                  -2.75 5.5999999 0.5,
                                  -3 5.5999999 0.1,
                                  -3 5.5999999 0,
                                  3 5.5999999 0.1,
                                  1.25 5.5999999 6.3000002,
                                  1.25 5.5999999 5.8000002,
                                  1.25 5.5999999 4.3000002,
                                  1.25 5.5999999 3.8,
                                  0.75 5.5999999 0.5,
                                  1.35 4.8293662 8.3000002,
                                  2.1500001 4.8293662 8.3000002,
                                  -2.1500001 4.8293662 8.3000002,
                                  -1.35 4.8293662 8.3000002,
                                  1.35 -1.2 3.095,
                                  1.35 -1.2 2.2950001,
                                  2.1500001 -1.2 3.095,
                                  2.1500001 -1.2 2.2950001,
                                  2.1500001 -1.2 7.7049999,
                                  1.35 -1.2 7.7049999,
                                  1.35 -1.2 8.5050001,
                                  2.1500001 -1.2 8.5050001,
                                  -2.1500001 -1.2 3.095,
                                  -2.1500001 -1.2 2.2950001,
                                  -1.35 -1.2 3.095,
                                  -1.35 -1.2 2.2950001,
                                  -1.35 -1.2 7.7049999,
                                  -2.1500001 -1.2 7.7049999,
                                  -2.1500001 -1.2 8.5050001,
                                  -1.35 -1.2 8.5050001,
                                  -1.8588238 -4.0999999 2.8038237,
                                  -1.8588238 -4.0999999 2.5861762,
                                  -1.6411762 -4.0999999 2.5861762,
                                  -1.6411762 -4.0999999 2.8038237,
                                  -1.35 -3.3 3.095,
                                  -1.35 -3.3 2.2950001,
                                  -2.1500001 -3.3 2.2950001,
                                  -2.1500001 -3.3 3.095,
                                  -2.1500001 2.99 1.6950001,
                                  -2.1500001 2.99 -2.2,
                                  -2.1500001 2.1900001 -2.2,
                                  -2.1500001 2.1900001 1.6950001,
                                  -1.35 2.1900001 1.6950001,
                                  -1.35 2.1900001 -2.2,
                                  -1.35 2.99 -2.2,
                                  -1.35 2.99 1.6950001,
                                  -1.8588238 2.4811761 -3,
                                  -1.8588238 2.6988239 -3,
                                  -1.6411762 2.6988239 -3,
                                  -1.6411762 2.4811761 -3,
                                  -1.8588238 -4.0999999 8.2138243,
                                  -1.8588238 -4.0999999 7.9961762,
                                  -1.6411762 -4.0999999 7.9961762,
                                  -1.6411762 -4.0999999 8.2138243,
                                  -2.1500001 -3.3 7.7049999,
                                  -2.1500001 -3.3 8.5050001,
                                  -1.35 -3.3 8.5050001,
                                  -1.35 -3.3 7.7049999,
                                  -2.1500001 5.5 7.105,
                                  -1.35 5.5 7.105,
                                  -1.35 5.5 -2.2,
                                  -2.1500001 5.5 -2.2,
                                  -1.8588238 4.9911761 -3,
                                  -1.8588238 5.2088237 -3,
                                  -1.6411762 5.2088237 -3,
                                  -1.6411762 4.9911761 -3,
                                  -2.1500001 4.6999998 7.105,
                                  -2.1500001 4.6999998 -2.2,
                                  -1.35 4.6999998 -2.2,
                                  -1.35 4.6999998 7.105,
                                  -2.1500001 4.0999999 7.7049999,
                                  -1.35 4.0999999 7.7049999,
                                  1.6411762 -4.0999999 2.8038237,
                                  1.6411762 -4.0999999 2.5861762,
                                  1.8588238 -4.0999999 2.5861762,
                                  1.8588238 -4.0999999 2.8038237,
                                  2.1500001 -3.3 3.095,
                                  2.1500001 -3.3 2.2950001,
                                  1.35 -3.3 2.2950001,
                                  1.35 -3.3 3.095,
                                  1.35 2.99 1.6950001,
                                  1.35 2.99 -2.2,
                                  1.35 2.1900001 -2.2,
                                  1.35 2.1900001 1.6950001,
                                  2.1500001 2.1900001 1.6950001,
                                  2.1500001 2.1900001 -2.2,
                                  2.1500001 2.99 -2.2,
                                  2.1500001 2.99 1.6950001,
                                  1.6411762 2.4811761 -3,
                                  1.6411762 2.6988239 -3,
                                  1.8588238 2.6988239 -3,
                                  1.8588238 2.4811761 -3,
                                  1.6411762 -4.0999999 8.2138243,
                                  1.6411762 -4.0999999 7.9961762,
                                  1.8588238 -4.0999999 7.9961762,
                                  1.8588238 -4.0999999 8.2138243,
                                  1.35 -3.3 7.7049999,
                                  1.35 -3.3 8.5050001,
                                  2.1500001 -3.3 8.5050001,
                                  2.1500001 -3.3 7.7049999,
                                  1.35 5.5 7.105,
                                  2.1500001 5.5 7.105,
                                  2.1500001 5.5 -2.2,
                                  1.35 5.5 -2.2,
                                  1.6411762 4.9911761 -3,
                                  1.6411762 5.2088237 -3,
                                  1.8588238 5.2088237 -3,
                                  1.8588238 4.9911761 -3,
                                  1.35 4.6999998 7.105,
                                  1.35 4.6999998 -2.2,
                                  2.1500001 4.6999998 -2.2,
                                  2.1500001 4.6999998 7.105,
                                  1.35 4.0999999 7.7049999,
                                  2.1500001 4.0999999 7.7049999,
                                  -3.75 -2.5999999 7.7049999,
                                  -3.75 -2.5999999 8.5050001,
                                  -3.75 -2.5999999 2.2950001,
                                  -3.75 -2.5999999 3.095,
                                  3.9100001 -2.7425714 9.5172691,
                                  3.9100001 -2.7425714 9.4708958,
                                  3.9100001 -2.9045656 9.5172691,
                                  3.9100001 -2.9045656 9.8776493,
                                  3.9100001 -2.9570735 9.8776493,
                                  3.9100001 -2.9570735 9.4708958,
                                  3.9100001 -2.5339959 9.4640331,
                                  3.9100001 -2.4213901 9.4877396,
                                  3.9100001 -2.4213901 9.538064,
                                  3.9100001 -2.5264056 9.5108223,
                                  3.9100001 -2.6309013 9.5536604,
                                  3.9100001 -2.6708281 9.6696978,
                                  3.9100001 -2.628094 9.7919731,
                                  3.9100001 -2.5172558 9.8370981,
                                  3.9100001 -2.4213901 9.8129759,
                                  3.9100001 -2.4213901 9.8678751,
                                  3.9100001 -2.5177755 9.8845119,
                                  3.9100001 -2.6671889 9.8246212,
                                  3.9100001 -2.7259352 9.6665783,
                                  3.9100001 -2.6737392 9.519556,
                                  3.9100001 -2.121212 9.5172691,
                                  3.9100001 -2.121212 9.4708958,
                                  3.9100001 -2.2874691 9.5172691,
                                  3.9100001 -2.2874691 9.6541014,
                                  3.9100001 -2.1420071 9.6541014,
                                  3.9100001 -2.1420071 9.7006826,
                                  3.9100001 -2.2874691 9.7006826,
                                  3.9100001 -2.2874691 9.8308601,
                                  3.9100001 -2.1304657 9.8308601,
                                  3.9100001 -2.1304657 9.8776493,
                                  3.9100001 -2.339977 9.8776493,
                                  3.9100001 -2.339977 9.4708958,
                                  3.9100001 -2.0443738 9.4708958,
                                  3.9100001 -1.9324958 9.4708958,
                                  3.9100001 -1.7745566 9.5278749,
                                  3.9100001 -1.7132109 9.679471,
                                  3.9100001 -1.7745566 9.8237896,
                                  3.9100001 -1.9283369 9.8776493,
                                  3.9100001 -2.0443738 9.8776493,
                                  3.9100001 -1.9918661 9.8308601,
                                  3.9100001 -1.9918661 9.5172691,
                                  3.9100001 -1.9304163 9.8308601,
                                  3.9100001 -1.8130277 9.7925968,
                                  3.9100001 -1.7684221 9.6780157,
                                  3.9100001 -1.8118839 9.5596914,
                                  3.9100001 -1.9328078 9.5172691,
                                  3.9000001 -1.9304163 9.8308601,
                                  3.9000001 -1.9918661 9.8308601,
                                  3.9000001 -1.9918661 9.5172691,
                                  3.9000001 -1.9328078 9.5172691,
                                  3.9000001 -1.8118839 9.5596914,
                                  3.9000001 -1.7684221 9.6780157,
                                  3.9000001 -1.8130277 9.7925968,
                                  3.9100001 -1.3246534 9.4708958,
                                  3.9100001 -1.4795773 9.8776493,
                                  3.9100001 -1.5357243 9.8776493,
                                  3.9100001 -1.6906482 9.4708958,
                                  3.9100001 -1.6326298 9.4708958,
                                  3.9100001 -1.5935348 9.5821495,
                                  3.9100001 -1.4241582 9.5821495,
                                  3.9100001 -1.382672 9.4708958,
                                  3.9100001 -1.5768987 9.6281071,
                                  3.9100001 -1.4403784 9.6281071,
                                  3.9100001 -1.5160729 9.7971716,
                                  3.9100001 -1.5094184 9.8256617,
                                  3.9100001 -1.5081707 9.8256617,
                                  3.9100001 -1.5018282 9.7971716,
                                  3.9000001 -1.5768987 9.6281071,
                                  3.9000001 -1.4403784 9.6281071,
                                  3.9000001 -1.5018282 9.7971716,
                                  3.9000001 -1.5081707 9.8256617,
                                  3.9000001 -1.5094184 9.8256617,
                                  3.9000001 -1.5160729 9.7971716,
                                  3.9100001 -2.7383082 8.871995,
                                  3.9100001 -2.7383082 8.8256216,
                                  3.9100001 -2.9045656 8.871995,
                                  3.9100001 -2.9045656 9.0088272,
                                  3.9100001 -2.7591035 9.0088272,
                                  3.9100001 -2.7591035 9.0554085,
                                  3.9100001 -2.9045656 9.0554085,
                                  3.9100001 -2.9045656 9.185586,
                                  3.9100001 -2.7475622 9.185586,
                                  3.9100001 -2.7475622 9.2323751,
                                  3.9100001 -2.9570735 9.2323751,
                                  3.9100001 -2.9570735 8.8256216,
                                  3.9100001 -2.5611336 9.1227846,
                                  3.9100001 -2.6611583 9.0957508,
                                  3.9100001 -2.6611583 9.0462589,
                                  3.9100001 -2.5659163 9.0814028,
                                  3.9100001 -2.507066 9.0102835,
                                  3.9100001 -2.593158 8.9982224,
                                  3.9100001 -2.6895437 8.9033957,
                                  3.9100001 -2.6645894 8.8416348,
                                  3.9100001 -2.5974212 8.8187599,
                                  3.9100001 -2.5084178 8.8705397,
                                  3.9100001 -2.507066 8.8705397,
                                  3.9100001 -2.507066 8.8256216,
                                  3.9100001 -2.4561179 8.8256216,
                                  3.9100001 -2.4561179 9.0125704,
                                  3.9100001 -2.6243508 8.9443626,
                                  3.9100001 -2.6378677 8.9075546,
                                  3.9100001 -2.5750663 8.9622459,
                                  3.9100001 -2.507066 8.9713964,
                                  3.9100001 -2.507066 8.943531,
                                  3.9100001 -2.5289011 8.884264,
                                  3.9100001 -2.5842161 8.8605576,
                                  3.9100001 -2.6231031 8.8736591,
                                  3.9000001 -2.5750663 8.9622459,
                                  3.9000001 -2.6243508 8.9443626,
                                  3.9000001 -2.6378677 8.9075546,
                                  3.9000001 -2.6231031 8.8736591,
                                  3.9000001 -2.5842161 8.8605576,
                                  3.9000001 -2.5289011 8.884264,
                                  3.9000001 -2.507066 8.943531,
                                  3.9000001 -2.507066 8.9713964,
                                  3.9100001 -2.3032737 8.8603497,
                                  3.9100001 -2.387078 8.8884239,
                                  3.9100001 -2.387078 8.8358116,
                                  3.9100001 -2.3082645 8.8187599,
                                  3.9100001 -2.223628 8.8418427,
                                  3.9100001 -2.1908758 8.904644,
                                  3.9100001 -2.2079277 8.9526806,
                                  3.9100001 -2.2736404 8.9903202,
                                  3.9100001 -2.323133 9.015274,
                                  3.9100001 -2.3342583 9.0423079,
                                  3.9100001 -2.3187659 9.0705891,
                                  3.9100001 -2.2786312 9.0814028,
                                  3.9100001 -2.2048085 9.0603991,
                                  3.9100001 -2.2048085 9.1098919,
                                  3.9100001 -2.2736404 9.1227846,
                                  3.9100001 -2.3541176 9.0997019,
                                  3.9100001 -2.3867662 9.0377331,
                                  3.9100001 -2.3723135 8.9917755,
                                  3.9100001 -2.3096161 8.9533043,
                                  3.9100001 -2.2562766 8.92731,
                                  3.9100001 -2.2431755 8.8996525,
                                  3.9100001 -1.9383185 9.1161308,
                                  3.9100001 -1.8854989 9.1161308,
                                  3.9100001 -2.017652 8.8973656,
                                  3.9100001 -2.0238905 8.873867,
                                  3.9100001 -2.0252423 8.873867,
                                  3.9100001 -2.0314808 8.8977814,
                                  3.9100001 -2.1073833 9.1161308,
                                  3.9100001 -2.164362 9.1161308,
                                  3.9100001 -2.0504045 8.8262463,
                                  3.9100001 -2.0727592 8.7734261,
                                  3.9100001 -2.1249552 8.73246,
                                  3.9100001 -2.1538603 8.7382822,
                                  3.9100001 -2.1538603 8.6929493,
                                  3.9100001 -2.1210041 8.6887903,
                                  3.9100001 -2.0173402 8.781744,
                                  3.9100001 -1.6118345 8.871995,
                                  3.9100001 -1.6118345 8.8256216,
                                  3.9100001 -1.7780918 8.871995,
                                  3.9100001 -1.7780918 9.0088272,
                                  3.9100001 -1.6326298 9.0088272,
                                  3.9100001 -1.6326298 9.0554085,
                                  3.9100001 -1.7780918 9.0554085,
                                  3.9100001 -1.7780918 9.185586,
                                  3.9100001 -1.6210884 9.185586,
                                  3.9100001 -1.6210884 9.2323751,
                                  3.9100001 -1.8305997 9.2323751,
                                  3.9100001 -1.8305997 8.8256216,
                                  3.9100001 -1.5349964 8.8256216,
                                  3.9100001 -1.4231185 8.8256216,
                                  3.9100001 -1.2651793 8.8826008,
                                  3.9100001 -1.2038336 9.0341978,
                                  3.9100001 -1.2651793 9.1785164,
                                  3.9100001 -1.4189595 9.2323751,
                                  3.9100001 -1.5349964 9.2323751,
                                  3.9100001 -1.4824886 9.185586,
                                  3.9100001 -1.4824886 8.871995,
                                  3.9100001 -1.421039 9.185586,
                                  3.9100001 -1.3036503 9.1473236,
                                  3.9100001 -1.2590446 9.0327415,
                                  3.9100001 -1.3025066 8.9144173,
                                  3.9100001 -1.4234304 8.871995,
                                  3.9000001 -1.421039 9.185586,
                                  3.9000001 -1.4824886 9.185586,
                                  3.9000001 -1.4824886 8.871995,
                                  3.9000001 -1.4234304 8.871995,
                                  3.9000001 -1.3025066 8.9144173,
                                  3.9000001 -1.2590446 9.0327415,
                                  3.9000001 -1.3036503 9.1473236,
                                  3.9100001 -0.81527603 8.8256216,
                                  3.9100001 -0.97019994 9.2323751,
                                  3.9100001 -1.0263469 9.2323751,
                                  3.9100001 -1.1812708 8.8256216,
                                  3.9100001 -1.1232523 8.8256216,
                                  3.9100001 -1.0841573 8.9368763,
                                  3.9100001 -0.91478086 8.9368763,
                                  3.9100001 -0.87329447 8.8256216,
                                  3.9100001 -1.0675213 8.9828339,
                                  3.9100001 -0.93100107 8.9828339,
                                  3.9100001 -1.0066954 9.1518984,
                                  3.9100001 -1.000041 9.1803875,
                                  3.9100001 -0.9987933 9.1803875,
                                  3.9100001 -0.99245077 9.1518984,
                                  3.9000001 -1.0675213 8.9828339,
                                  3.9000001 -0.93100107 8.9828339,
                                  3.9000001 -0.99245077 9.1518984,
                                  3.9000001 -0.9987933 9.1803875,
                                  3.9000001 -1.000041 9.1803875,
                                  3.9000001 -1.0066954 9.1518984,
                                  3.9100001 -3.2901964 9.2290878,
                                  3.9100001 -3.5765018 9.6079359,
                                  3.9100001 -3.7326684 9.8364019,
                                  3.9100001 -4.125977 9.9867849,
                                  3.9100001 -4.4730139 9.8739977,
                                  3.9100001 -4.6002607 9.7467508,
                                  3.9100001 -4.6667762 9.7525349,
                                  3.9100001 -4.9993529 9.6137199,
                                  3.9100001 -5.1352758 9.2840357,
                                  3.9100001 -5.013813 8.9688101,
                                  3.9100001 -4.782455 8.8299952,
                                  3.9100001 -4.5077176 8.6333408,
                                  3.9100001 -4.2185202 8.9225388,
                                  3.9100001 -4.2185202 8.951458,
                                  3.9100001 -3.8136437 9.1654644,
                                  3.9100001 -3.9032948 9.3187389,
                                  3.9100001 -4.2908196 9.1163006,
                                  3.9100001 -4.5077176 9.2146282,
                                  3.9100001 -4.779563 9.0237579,
                                  3.9100001 -4.9530816 9.2898197,
                                  3.9100001 -4.6638842 9.5790167,
                                  3.9100001 -4.5106096 9.5356369,
                                  3.9100001 -4.123085 9.8132668,
                                  3.9100001 -3.7182086 9.4517698,
                                  3.9100001 -3.6950729 9.4517698,
                                  3.9100001 -3.4694989 9.2261953,
                                  3.9100001 -3.677721 9.0006218,
                                  3.9100001 -3.8078599 9.0006218,
                                  3.9100001 -3.8252118 9.0035133,
                                  3.9100001 -3.9148629 8.9138622,
                                  3.9100001 -3.8309956 8.8242111,
                                  3.9100001 -3.6603692 8.8242111,
                                  3.9100001 -3.3971994 8.9543505,
                                  3.9100001 -4.5106096 8.806859,
                                  3.9100001 -4.5106096 9.0324335,
                                  3.9000001 -4.5106096 8.806859,
                                  3.9000001 -4.5106096 9.0324335 ]

                            }

                          }

                        }

                    },
                      
                    DEF o7 Group {
                      children 
                        DEF o8 Shape {
                          appearance 
                          Appearance {
                            material 
                            Material {
                              diffuseColor 0.25098038 0.25098038 0.25098038
                              ambientIntensity 0.33333334
                              specularColor 0.53333336 0.53333336 0.53333336
                              shininess 0.89999998

                            }

                          }
                          geometry 
                          IndexedFaceSet {
                            coord 
                            USE o6
                            color 
                            Color {
                              color [ 0.25098038 0.25098038 0.25098038,
                                  0.25098038 0.25098038 0.25098038,
                                  0.25098038 0.25098038 0.25098038,
                                  0.25098038 0.25098038 0.25098038,
                                  0.22352941 0.22352941 0.22352941,
                                  0.22352941 0.22352941 0.22352941,
                                  0.22352941 0.22352941 0.22352941,
                                  0.22352941 0.22352941 0.22352941,
                                  0.22352941 0.22352941 0.22352941,
                                  0.25098038 0.25098038 0.25098038,
                                  0.25098038 0.25098038 0.25098038,
                                  0.22352941 0.22352941 0.22352941,
                                  0.22352941 0.22352941 0.22352941,
                                  0.25098038 0.25098038 0.25098038,
                                  0.25098038 0.25098038 0.25098038,
                                  0.22352941 0.22352941 0.22352941,
                                  0.22352941 0.22352941 0.22352941,
                                  0.22352941 0.22352941 0.22352941,
                                  0.22352941 0.22352941 0.22352941,
                                  0.22352941 0.22352941 0.22352941,
                                  0.22352941 0.22352941 0.22352941,
                                  0.22352941 0.22352941 0.22352941,
                                  0.22352941 0.22352941 0.22352941,
                                  0.22352941 0.22352941 0.22352941,
                                  0.22352941 0.22352941 0.22352941,
                                  0.22352941 0.22352941 0.22352941,
                                  0.22352941 0.22352941 0.22352941,
                                  0.25098038 0.25098038 0.25098038,
                                  0.25098038 0.25098038 0.25098038,
                                  0.25098038 0.25098038 0.25098038,
                                  0.25098038 0.25098038 0.25098038,
                                  0.22352941 0.22352941 0.22352941,
                                  0.22352941 0.22352941 0.22352941,
                                  0.22352941 0.22352941 0.22352941,
                                  0.22352941 0.22352941 0.22352941,
                                  0.22352941 0.22352941 0.22352941,
                                  0.22352941 0.22352941 0.22352941,
                                  0.22352941 0.22352941 0.22352941,
                                  0.22352941 0.22352941 0.22352941,
                                  0.22352941 0.22352941 0.22352941,
                                  0.22352941 0.22352941 0.22352941,
                                  0.25098038 0.25098038 0.25098038,
                                  0.25098038 0.25098038 0.25098038,
                                  0.25098038 0.25098038 0.25098038,
                                  0.25098038 0.25098038 0.25098038,
                                  0.22352941 0.22352941 0.22352941,
                                  0.22352941 0.22352941 0.22352941,
                                  0.22352941 0.22352941 0.22352941,
                                  0.22352941 0.22352941 0.22352941,
                                  0.22352941 0.22352941 0.22352941,
                                  0.22352941 0.22352941 0.22352941,
                                  0.22352941 0.22352941 0.22352941,
                                  0.22352941 0.22352941 0.22352941,
                                  0.22352941 0.22352941 0.22352941,
                                  0.22352941 0.22352941 0.22352941,
                                  0.22352941 0.22352941 0.22352941,
                                  0.22352941 0.22352941 0.22352941,
                                  0.22352941 0.22352941 0.22352941,
                                  0.22352941 0.22352941 0.22352941,
                                  0.22352941 0.22352941 0.22352941,
                                  0.22352941 0.22352941 0.22352941,
                                  0.22352941 0.22352941 0.22352941,
                                  0.22352941 0.22352941 0.22352941,
                                  0.22352941 0.22352941 0.22352941,
                                  0.22352941 0.22352941 0.22352941,
                                  0.25098038 0.25098038 0.25098038,
                                  0.25098038 0.25098038 0.25098038,
                                  0.25098038 0.25098038 0.25098038,
                                  0.25098038 0.25098038 0.25098038,
                                  0.25098038 0.25098038 0.25098038,
                                  0.25098038 0.25098038 0.25098038,
                                  0.25098038 0.25098038 0.25098038,
                                  0.25098038 0.25098038 0.25098038,
                                  0.25098038 0.25098038 0.25098038,
                                  0.25098038 0.25098038 0.25098038,
                                  0.22352941 0.22352941 0.22352941,
                                  0.22352941 0.22352941 0.22352941,
                                  0.22352941 0.22352941 0.22352941,
                                  0.22352941 0.22352941 0.22352941,
                                  0.22352941 0.22352941 0.22352941,
                                  0.22352941 0.22352941 0.22352941,
                                  0.22352941 0.22352941 0.22352941,
                                  0.22352941 0.22352941 0.22352941,
                                  0.25098038 0.25098038 0.25098038,
                                  0.25098038 0.25098038 0.25098038,
                                  0.25098038 0.25098038 0.25098038,
                                  0.25098038 0.25098038 0.25098038,
                                  0.25098038 0.25098038 0.25098038,
                                  0.25098038 0.25098038 0.25098038,
                                  0.25098038 0.25098038 0.25098038,
                                  0.25098038 0.25098038 0.25098038,
                                  0.25098038 0.25098038 0.25098038,
                                  0.25098038 0.25098038 0.25098038,
                                  0.22352941 0.22352941 0.22352941,
                                  0.22352941 0.22352941 0.22352941,
                                  0.22352941 0.22352941 0.22352941,
                                  0.22352941 0.22352941 0.22352941,
                                  0.22352941 0.22352941 0.22352941,
                                  0.22352941 0.22352941 0.22352941,
                                  0.22352941 0.22352941 0.22352941,
                                  0.22352941 0.22352941 0.22352941,
                                  0.25098038 0.25098038 0.25098038,
                                  0.25098038 0.25098038 0.25098038,
                                  0.25098038 0.25098038 0.25098038,
                                  0.25098038 0.25098038 0.25098038,
                                  0.25098038 0.25098038 0.25098038,
                                  0.25098038 0.25098038 0.25098038,
                                  0.25098038 0.25098038 0.25098038,
                                  0.25098038 0.25098038 0.25098038,
                                  0.22352941 0.22352941 0.22352941,
                                  0.22352941 0.22352941 0.22352941,
                                  0.22352941 0.22352941 0.22352941,
                                  0.22352941 0.22352941 0.22352941,
                                  0.22352941 0.22352941 0.22352941,
                                  0.22352941 0.22352941 0.22352941,
                                  0.75294119 0.75294119 0.75294119,
                                  0.75294119 0.75294119 0.75294119,
                                  0.75294119 0.75294119 0.75294119,
                                  0.75294119 0.75294119 0.75294119,
                                  0.75294119 0.75294119 0.75294119,
                                  0.75294119 0.75294119 0.75294119,
                                  0.75294119 0.75294119 0.75294119,
                                  0.75294119 0.75294119 0.75294119,
                                  0.75294119 0.75294119 0.75294119,
                                  0.75294119 0.75294119 0.75294119,
                                  0.75294119 0.75294119 0.75294119,
                                  0.75294119 0.75294119 0.75294119,
                                  0.75294119 0.75294119 0.75294119,
                                  0.75294119 0.75294119 0.75294119,
                                  0.75294119 0.75294119 0.75294119,
                                  0.75294119 0.75294119 0.75294119,
                                  0.75294119 0.75294119 0.75294119,
                                  0.75294119 0.75294119 0.75294119,
                                  0.75294119 0.75294119 0.75294119,
                                  0.75294119 0.75294119 0.75294119,
                                  0.75294119 0.75294119 0.75294119,
                                  0.75294119 0.75294119 0.75294119,
                                  0.75294119 0.75294119 0.75294119,
                                  0.75294119 0.75294119 0.75294119,
                                  0.75294119 0.75294119 0.75294119,
                                  0.75294119 0.75294119 0.75294119,
                                  0.75294119 0.75294119 0.75294119,
                                  0.75294119 0.75294119 0.75294119,
                                  0.75294119 0.75294119 0.75294119,
                                  0.75294119 0.75294119 0.75294119,
                                  0.75294119 0.75294119 0.75294119,
                                  0.75294119 0.75294119 0.75294119,
                                  0.75294119 0.75294119 0.75294119,
                                  0.75294119 0.75294119 0.75294119,
                                  0.75294119 0.75294119 0.75294119,
                                  0.75294119 0.75294119 0.75294119,
                                  0.75294119 0.75294119 0.75294119,
                                  0.75294119 0.75294119 0.75294119,
                                  0.75294119 0.75294119 0.75294119,
                                  0.75294119 0.75294119 0.75294119,
                                  0.75294119 0.75294119 0.75294119,
                                  0.75294119 0.75294119 0.75294119,
                                  0.75294119 0.75294119 0.75294119,
                                  0.75294119 0.75294119 0.75294119,
                                  0.75294119 0.75294119 0.75294119,
                                  0.75294119 0.75294119 0.75294119,
                                  0.75294119 0.75294119 0.75294119,
                                  0.75294119 0.75294119 0.75294119,
                                  0.75294119 0.75294119 0.75294119,
                                  0.75294119 0.75294119 0.75294119,
                                  0.75294119 0.75294119 0.75294119,
                                  0.75294119 0.75294119 0.75294119,
                                  0.75294119 0.75294119 0.75294119,
                                  0.75294119 0.75294119 0.75294119,
                                  0.75294119 0.75294119 0.75294119,
                                  0.75294119 0.75294119 0.75294119,
                                  0.75294119 0.75294119 0.75294119,
                                  0.75294119 0.75294119 0.75294119,
                                  0.75294119 0.75294119 0.75294119,
                                  0.75294119 0.75294119 0.75294119,
                                  0.75294119 0.75294119 0.75294119,
                                  0.75294119 0.75294119 0.75294119,
                                  0.75294119 0.75294119 0.75294119,
                                  0.75294119 0.75294119 0.75294119,
                                  0.75294119 0.75294119 0.75294119,
                                  0.75294119 0.75294119 0.75294119,
                                  0.75294119 0.75294119 0.75294119,
                                  0.75294119 0.75294119 0.75294119,
                                  0.75294119 0.75294119 0.75294119,
                                  0.75294119 0.75294119 0.75294119,
                                  0.75294119 0.75294119 0.75294119,
                                  0.75294119 0.75294119 0.75294119,
                                  0.75294119 0.75294119 0.75294119,
                                  0.75294119 0.75294119 0.75294119,
                                  0.75294119 0.75294119 0.75294119,
                                  0.75294119 0.75294119 0.75294119,
                                  0.75294119 0.75294119 0.75294119,
                                  0.75294119 0.75294119 0.75294119,
                                  0.75294119 0.75294119 0.75294119,
                                  0.75294119 0.75294119 0.75294119,
                                  0.75294119 0.75294119 0.75294119,
                                  0.75294119 0.75294119 0.75294119,
                                  0.22352941 0.22352941 0.22352941,
                                  0.22352941 0.22352941 0.22352941,
                                  0.22352941 0.22352941 0.22352941,
                                  0.22352941 0.22352941 0.22352941,
                                  0.22352941 0.22352941 0.22352941,
                                  0.22352941 0.22352941 0.22352941,
                                  0.22352941 0.22352941 0.22352941,
                                  0.22352941 0.22352941 0.22352941,
                                  0.22352941 0.22352941 0.22352941,
                                  0.22352941 0.22352941 0.22352941,
                                  0.22352941 0.22352941 0.22352941,
                                  0.22352941 0.22352941 0.22352941,
                                  0.22352941 0.22352941 0.22352941,
                                  0.22352941 0.22352941 0.22352941,
                                  1 1 1,
                                  1 1 1,
                                  1 1 1,
                                  1 1 1,
                                  1 1 1,
                                  1 1 1,
                                  1 1 1,
                                  1 1 1,
                                  1 1 1,
                                  1 1 1,
                                  1 1 1,
                                  1 1 1,
                                  1 1 1,
                                  1 1 1,
                                  1 1 1,
                                  1 1 1,
                                  1 1 1,
                                  1 1 1,
                                  1 1 1,
                                  1 1 1,
                                  1 1 1,
                                  1 1 1,
                                  1 1 1,
                                  1 1 1,
                                  1 1 1,
                                  1 1 1,
                                  1 1 1,
                                  1 1 1,
                                  1 1 1,
                                  1 1 1,
                                  1 1 1,
                                  1 1 1,
                                  1 1 1,
                                  1 1 1,
                                  1 1 1,
                                  1 1 1,
                                  1 1 1,
                                  1 1 1,
                                  1 1 1,
                                  1 1 1,
                                  1 1 1,
                                  1 1 1,
                                  1 1 1,
                                  1 1 1,
                                  1 1 1,
                                  1 1 1,
                                  1 1 1,
                                  1 1 1,
                                  1 1 1,
                                  1 1 1,
                                  0.22352941 0.22352941 0.22352941,
                                  1 1 1,
                                  1 1 1,
                                  1 1 1,
                                  1 1 1,
                                  1 1 1,
                                  1 1 1,
                                  1 1 1,
                                  1 1 1,
                                  1 1 1,
                                  1 1 1,
                                  1 1 1,
                                  1 1 1,
                                  1 1 1,
                                  1 1 1,
                                  1 1 1,
                                  0.22352941 0.22352941 0.22352941,
                                  1 1 1,
                                  1 1 1,
                                  1 1 1,
                                  1 1 1,
                                  1 1 1,
                                  1 1 1,
                                  1 1 1,
                                  1 1 1,
                                  1 1 1,
                                  1 1 1,
                                  1 1 1,
                                  1 1 1,
                                  1 1 1,
                                  1 1 1,
                                  1 1 1,
                                  1 1 1,
                                  1 1 1,
                                  1 1 1,
                                  1 1 1,
                                  1 1 1,
                                  1 1 1,
                                  1 1 1,
                                  1 1 1,
                                  1 1 1,
                                  1 1 1,
                                  1 1 1,
                                  1 1 1,
                                  1 1 1,
                                  1 1 1,
                                  1 1 1,
                                  1 1 1,
                                  1 1 1,
                                  1 1 1,
                                  1 1 1,
                                  1 1 1,
                                  1 1 1,
                                  0.22352941 0.22352941 0.22352941,
                                  1 1 1,
                                  1 1 1,
                                  1 1 1,
                                  1 1 1,
                                  1 1 1,
                                  1 1 1,
                                  1 1 1,
                                  1 1 1,
                                  1 1 1,
                                  1 1 1,
                                  1 1 1,
                                  1 1 1,
                                  1 1 1,
                                  1 1 1,
                                  1 1 1,
                                  1 1 1,
                                  1 1 1,
                                  1 1 1,
                                  1 1 1,
                                  1 1 1,
                                  1 1 1,
                                  1 1 1,
                                  1 1 1,
                                  1 1 1,
                                  1 1 1,
                                  1 1 1,
                                  1 1 1,
                                  1 1 1,
                                  1 1 1,
                                  1 1 1,
                                  1 1 1,
                                  1 1 1,
                                  1 1 1,
                                  1 1 1,
                                  1 1 1,
                                  1 1 1,
                                  1 1 1,
                                  1 1 1,
                                  1 1 1,
                                  1 1 1,
                                  1 1 1,
                                  1 1 1,
                                  1 1 1,
                                  1 1 1,
                                  1 1 1,
                                  1 1 1,
                                  1 1 1,
                                  1 1 1,
                                  1 1 1,
                                  1 1 1,
                                  1 1 1,
                                  1 1 1,
                                  1 1 1,
                                  1 1 1,
                                  1 1 1,
                                  1 1 1,
                                  1 1 1,
                                  1 1 1,
                                  1 1 1,
                                  1 1 1,
                                  1 1 1,
                                  1 1 1,
                                  1 1 1,
                                  1 1 1,
                                  1 1 1,
                                  1 1 1,
                                  0.22352941 0.22352941 0.22352941,
                                  1 1 1,
                                  1 1 1,
                                  1 1 1,
                                  1 1 1,
                                  1 1 1,
                                  1 1 1,
                                  1 1 1,
                                  1 1 1,
                                  1 1 1,
                                  1 1 1,
                                  1 1 1,
                                  1 1 1,
                                  1 1 1,
                                  1 1 1,
                                  1 1 1,
                                  0.22352941 0.22352941 0.22352941,
                                  1 1 1,
                                  1 1 1,
                                  1 1 1,
                                  1 1 1,
                                  1 1 1,
                                  1 1 1,
                                  1 1 1,
                                  1 1 1,
                                  1 1 1,
                                  1 1 1,
                                  1 1 1,
                                  1 1 1,
                                  1 1 1,
                                  1 1 1,
                                  1 1 1,
                                  1 1 1,
                                  1 1 1,
                                  1 1 1,
                                  1 1 1,
                                  1 1 1,
                                  1 1 1,
                                  1 1 1,
                                  1 1 1,
                                  1 1 1,
                                  1 1 1,
                                  1 1 1,
                                  1 1 1,
                                  1 1 1,
                                  1 1 1,
                                  1 1 1,
                                  1 1 1,
                                  1 1 1,
                                  1 1 1,
                                  1 1 1,
                                  1 1 1,
                                  1 1 1,
                                  0.22352941 0.22352941 0.22352941 ]

                            }
                            colorPerVertex FALSE
                            coordIndex [ 26, 13, 12, -1, 26, 27, 13, -1,
                                25, 12, 11, -1, 25, 26, 12, -1,
                                24, 11, 10, -1, 24, 25, 11, -1,
                                23, 10, 9, -1, 23, 24, 10, -1,
                                22, 9, 8, -1, 22, 23, 9, -1,
                                21, 8, 7, -1, 21, 22, 8, -1,
                                20, 7, 6, -1, 20, 21, 7, -1,
                                19, 6, 5, -1, 19, 20, 6, -1,
                                18, 5, 4, -1, 18, 19, 5, -1,
                                17, 4, 3, -1, 17, 18, 4, -1,
                                16, 3, 2, -1, 16, 17, 3, -1,
                                15, 2, 1, -1, 15, 16, 2, -1,
                                14, 1, 0, -1, 14, 15, 1, -1,
                                55, 41, 40, -1, 54, 40, 39, -1,
                                54, 55, 40, -1, 53, 39, 38, -1,
                                53, 54, 39, -1, 52, 38, 37, -1,
                                52, 53, 38, -1, 51, 37, 36, -1,
                                51, 52, 37, -1, 50, 36, 35, -1,
                                50, 51, 36, -1, 49, 35, 34, -1,
                                49, 50, 35, -1, 48, 34, 33, -1,
                                48, 49, 34, -1, 47, 48, 33, -1,
                                46, 33, 32, -1, 46, 47, 33, -1,
                                45, 32, 31, -1, 45, 46, 32, -1,
                                44, 31, 30, -1, 44, 45, 31, -1,
                                43, 30, 29, -1, 43, 44, 30, -1,
                                42, 29, 28, -1, 42, 43, 29, -1,
                                82, 69, 68, -1, 82, 83, 69, -1,
                                81, 68, 67, -1, 81, 82, 68, -1,
                                80, 67, 66, -1, 80, 81, 67, -1,
                                79, 66, 65, -1, 79, 80, 66, -1,
                                78, 65, 64, -1, 78, 79, 65, -1,
                                77, 64, 63, -1, 77, 78, 64, -1,
                                76, 63, 62, -1, 76, 77, 63, -1,
                                75, 62, 61, -1, 75, 76, 62, -1,
                                74, 60, 59, -1, 74, 61, 60, -1,
                                74, 75, 61, -1, 73, 59, 58, -1,
                                73, 74, 59, -1, 72, 73, 58, -1,
                                71, 57, 56, -1, 71, 58, 57, -1,
                                71, 72, 58, -1, 70, 71, 56, -1,
                                111, 97, 96, -1, 110, 96, 95, -1,
                                110, 111, 96, -1, 109, 95, 94, -1,
                                109, 110, 95, -1, 108, 94, 93, -1,
                                108, 109, 94, -1, 107, 93, 92, -1,
                                107, 108, 93, -1, 106, 92, 91, -1,
                                106, 107, 92, -1, 105, 91, 90, -1,
                                105, 106, 91, -1, 104, 105, 90, -1,
                                103, 90, 89, -1, 103, 104, 90, -1,
                                102, 89, 88, -1, 102, 103, 89, -1,
                                101, 88, 87, -1, 101, 102, 88, -1,
                                100, 87, 86, -1, 100, 101, 87, -1,
                                99, 85, 84, -1, 99, 86, 85, -1,
                                99, 100, 86, -1, 98, 99, 84, -1,
                                113, 408, 114, -1, 114, 408, 115, -1,
                                408, 407, 115, -1, 406, 404, 407, -1,
                                406, 405, 404, -1, 386, 385, 403, -1,
                                403, 387, 386, -1, 385, 384, 403, -1,
                                403, 388, 387, -1, 384, 383, 403, -1,
                                113, 401, 408, -1, 383, 382, 403, -1,
                                402, 392, 391, -1, 402, 393, 392, -1,
                                402, 394, 393, -1, 400, 370, 381, -1,
                                402, 395, 394, -1, 400, 373, 370, -1,
                                373, 371, 370, -1, 140, 139, 380, -1,
                                380, 139, 381, -1, 380, 141, 140, -1,
                                139, 138, 381, -1, 381, 138, 400, -1,
                                400, 138, 382, -1, 380, 142, 141, -1,
                                373, 372, 371, -1, 138, 137, 382, -1,
                                407, 137, 115, -1, 404, 137, 407, -1,
                                382, 137, 403, -1, 403, 137, 404, -1,
                                402, 295, 395, -1, 395, 295, 396, -1,
                                396, 295, 397, -1, 401, 295, 402, -1,
                                380, 143, 142, -1, 399, 377, 374, -1,
                                137, 136, 115, -1, 136, 135, 115, -1,
                                126, 128, 127, -1, 135, 134, 115, -1,
                                126, 129, 128, -1, 399, 378, 377, -1,
                                295, 294, 397, -1, 397, 294, 398, -1,
                                398, 294, 399, -1, 125, 130, 126, -1,
                                126, 130, 129, -1, 125, 131, 130, -1,
                                124, 132, 125, -1, 125, 132, 131, -1,
                                124, 133, 132, -1, 118, 117, 119, -1,
                                117, 120, 119, -1, 374, 376, 375, -1,
                                377, 376, 374, -1, 117, 116, 120, -1,
                                144, 379, 116, -1, 124, 304, 133, -1,
                                304, 303, 133, -1, 123, 305, 124, -1,
                                124, 305, 304, -1, 303, 302, 133, -1,
                                123, 306, 305, -1, 123, 307, 306, -1,
                                133, 301, 134, -1, 302, 301, 133, -1,
                                294, 291, 399, -1, 293, 291, 294, -1,
                                399, 291, 378, -1, 301, 300, 134, -1,
                                361, 360, 362, -1, 362, 359, 363, -1,
                                360, 359, 362, -1, 359, 358, 363, -1,
                                300, 299, 134, -1, 378, 290, 379, -1,
                                291, 290, 378, -1, 355, 354, 356, -1,
                                356, 354, 357, -1, 293, 292, 291, -1,
                                358, 353, 363, -1, 357, 353, 358, -1,
                                363, 353, 364, -1, 364, 353, 365, -1,
                                354, 353, 357, -1, 353, 352, 365, -1,
                                365, 352, 366, -1, 366, 352, 367, -1,
                                116, 121, 120, -1, 352, 351, 367, -1,
                                367, 351, 368, -1, 368, 351, 369, -1,
                                313, 333, 314, -1, 311, 333, 312, -1,
                                312, 333, 313, -1, 299, 181, 134, -1,
                                296, 181, 297, -1, 297, 181, 298, -1,
                                298, 181, 299, -1, 314, 332, 315, -1,
                                333, 332, 314, -1, 273, 272, 290, -1,
                                290, 274, 273, -1, 351, 350, 369, -1,
                                369, 350, 296, -1, 122, 334, 333, -1,
                                290, 271, 379, -1, 272, 271, 290, -1,
                                290, 275, 274, -1, 332, 331, 315, -1,
                                181, 180, 134, -1, 350, 349, 296, -1,
                                122, 335, 334, -1, 271, 270, 379, -1,
                                113, 288, 401, -1, 401, 288, 295, -1,
                                317, 319, 318, -1, 315, 330, 316, -1,
                                331, 330, 315, -1, 349, 348, 296, -1,
                                317, 320, 319, -1, 317, 321, 320, -1,
                                180, 177, 176, -1, 330, 329, 316, -1,
                                180, 179, 177, -1, 179, 178, 177, -1,
                                176, 175, 180, -1, 316, 328, 317, -1,
                                329, 328, 316, -1, 321, 327, 322, -1,
                                317, 327, 321, -1, 328, 327, 317, -1,
                                322, 325, 323, -1, 323, 325, 324, -1,
                                327, 326, 322, -1, 322, 326, 325, -1,
                                180, 174, 134, -1, 175, 174, 180, -1,
                                270, 269, 379, -1, 174, 173, 134, -1,
                                173, 172, 134, -1, 348, 182, 296, -1,
                                345, 182, 346, -1, 346, 182, 347, -1,
                                347, 182, 348, -1, 289, 279, 278, -1,
                                345, 183, 182, -1, 343, 183, 344, -1,
                                344, 183, 345, -1, 116, 287, 121, -1,
                                269, 287, 379, -1, 379, 287, 116, -1,
                                342, 184, 343, -1, 343, 184, 183, -1,
                                289, 280, 279, -1, 167, 204, 168, -1,
                                168, 204, 169, -1, 169, 204, 170, -1,
                                170, 204, 171, -1, 171, 204, 172, -1,
                                172, 204, 134, -1, 341, 185, 342, -1,
                                342, 185, 184, -1, 341, 186, 185, -1,
                                340, 186, 341, -1, 154, 158, 155, -1,
                                155, 158, 156, -1, 156, 158, 157, -1,
                                121, 268, 122, -1, 335, 268, 336, -1,
                                122, 268, 335, -1, 287, 268, 121, -1,
                                289, 281, 280, -1, 164, 193, 165, -1,
                                165, 193, 166, -1, 166, 193, 167, -1,
                                167, 193, 204, -1, 152, 151, 153, -1,
                                153, 151, 154, -1, 339, 187, 340, -1,
                                340, 187, 186, -1, 164, 163, 193, -1,
                                151, 150, 154, -1, 154, 150, 158, -1,
                                287, 257, 268, -1, 150, 149, 158, -1,
                                289, 282, 281, -1, 149, 148, 158, -1,
                                158, 147, 159, -1, 148, 147, 158, -1,
                                147, 146, 159, -1, 159, 146, 160, -1,
                                160, 146, 161, -1, 289, 283, 282, -1,
                                163, 196, 193, -1, 161, 196, 162, -1,
                                162, 196, 163, -1, 146, 196, 161, -1,
                                289, 284, 283, -1, 196, 194, 193, -1,
                                204, 203, 134, -1, 287, 260, 257, -1,
                                260, 258, 257, -1, 289, 285, 284, -1,
                                336, 267, 337, -1, 268, 267, 336, -1,
                                337, 267, 338, -1, 338, 267, 339, -1,
                                145, 197, 146, -1, 146, 197, 196, -1,
                                196, 195, 194, -1, 267, 250, 339, -1,
                                205, 250, 267, -1, 192, 200, 145, -1,
                                145, 200, 197, -1, 260, 259, 258, -1,
                                339, 249, 187, -1, 187, 249, 188, -1,
                                188, 249, 189, -1, 250, 249, 339, -1,
                                267, 206, 205, -1, 286, 264, 261, -1,
                                190, 201, 191, -1, 191, 201, 192, -1,
                                192, 201, 200, -1, 189, 248, 190, -1,
                                249, 248, 189, -1, 286, 265, 264, -1,
                                248, 247, 190, -1, 190, 247, 201, -1,
                                247, 246, 201, -1, 200, 199, 197, -1,
                                197, 199, 198, -1, 264, 263, 261, -1,
                                261, 263, 262, -1, 210, 212, 211, -1,
                                210, 213, 212, -1, 246, 256, 201, -1,
                                244, 256, 245, -1, 245, 256, 246, -1,
                                210, 214, 213, -1, 243, 251, 244, -1,
                                244, 251, 256, -1, 243, 242, 251, -1,
                                210, 215, 214, -1, 209, 215, 210, -1,
                                228, 227, 206, -1, 206, 227, 207, -1,
                                266, 229, 228, -1, 209, 216, 215, -1,
                                208, 216, 209, -1, 227, 226, 207, -1,
                                266, 230, 229, -1, 242, 241, 251, -1,
                                208, 217, 216, -1, 226, 217, 207, -1,
                                207, 217, 208, -1, 529, 528, 203, -1,
                                265, 231, 266, -1, 266, 231, 230, -1,
                                528, 527, 203, -1, 203, 530, 529, -1,
                                224, 218, 225, -1, 225, 218, 226, -1,
                                226, 218, 217, -1, 265, 232, 231, -1,
                                224, 219, 218, -1, 527, 526, 203, -1,
                                224, 220, 219, -1, 222, 221, 223, -1,
                                224, 221, 220, -1, 223, 221, 224, -1,
                                240, 252, 241, -1, 241, 252, 251, -1,
                                256, 255, 201, -1, 201, 255, 202, -1,
                                202, 532, 531, -1, 526, 525, 203, -1,
                                202, 533, 532, -1, 255, 534, 202, -1,
                                202, 534, 533, -1, 255, 535, 534, -1,
                                232, 253, 233, -1, 233, 253, 234, -1,
                                234, 253, 235, -1, 235, 253, 236, -1,
                                236, 253, 237, -1, 237, 253, 238, -1,
                                238, 253, 239, -1, 239, 253, 240, -1,
                                240, 253, 252, -1, 506, 508, 507, -1,
                                255, 536, 535, -1, 254, 536, 255, -1,
                                254, 537, 536, -1, 494, 450, 495, -1,
                                495, 450, 496, -1, 496, 450, 497, -1,
                                497, 450, 498, -1, 498, 450, 499, -1,
                                499, 450, 500, -1, 500, 450, 501, -1,
                                506, 450, 508, -1, 501, 450, 502, -1,
                                502, 450, 503, -1, 503, 450, 504, -1,
                                504, 450, 505, -1, 505, 450, 506, -1,
                                508, 450, 509, -1, 509, 450, 510, -1,
                                510, 450, 511, -1, 511, 450, 512, -1,
                                512, 450, 513, -1, 494, 493, 450, -1,
                                522, 444, 523, -1, 523, 444, 524, -1,
                                521, 445, 522, -1, 522, 445, 444, -1,
                                444, 443, 524, -1, 524, 443, 525, -1,
                                519, 446, 520, -1, 520, 446, 521, -1,
                                521, 446, 445, -1, 254, 538, 537, -1,
                                443, 442, 525, -1, 134, 442, 115, -1,
                                525, 442, 203, -1, 203, 442, 134, -1,
                                493, 492, 450, -1, 518, 447, 519, -1,
                                519, 447, 446, -1, 517, 448, 518, -1,
                                518, 448, 447, -1, 442, 441, 115, -1,
                                492, 491, 450, -1, 491, 490, 450, -1,
                                515, 449, 516, -1, 516, 449, 517, -1,
                                517, 449, 448, -1, 514, 449, 515, -1,
                                441, 440, 115, -1, 490, 451, 450, -1,
                                490, 489, 451, -1, 440, 439, 115, -1,
                                538, 410, 409, -1, 254, 410, 538, -1,
                                489, 488, 451, -1, 439, 438, 115, -1,
                                254, 411, 410, -1, 488, 487, 451, -1,
                                451, 453, 452, -1, 254, 412, 411, -1,
                                487, 486, 451, -1, 486, 485, 451, -1,
                                435, 434, 436, -1, 436, 434, 437, -1,
                                254, 413, 412, -1, 485, 484, 451, -1,
                                434, 433, 437, -1, 437, 433, 438, -1,
                                438, 433, 115, -1, 461, 463, 462, -1,
                                484, 483, 451, -1, 254, 414, 413, -1,
                                433, 432, 115, -1, 461, 464, 463, -1,
                                460, 464, 461, -1, 483, 482, 451, -1,
                                453, 477, 454, -1, 454, 477, 455, -1,
                                455, 477, 456, -1, 456, 477, 457, -1,
                                482, 481, 451, -1, 451, 478, 453, -1,
                                453, 478, 477, -1, 481, 480, 451, -1,
                                460, 465, 464, -1, 451, 479, 478, -1,
                                480, 479, 451, -1, 477, 476, 457, -1,
                                432, 431, 115, -1, 460, 466, 465, -1,
                                459, 466, 460, -1, 476, 475, 457, -1,
                                459, 467, 466, -1, 457, 474, 458, -1,
                                475, 474, 457, -1, 431, 430, 115, -1,
                                474, 473, 458, -1, 459, 468, 467, -1,
                                473, 472, 458, -1, 459, 469, 468, -1,
                                458, 469, 459, -1, 472, 471, 458, -1,
                                458, 470, 469, -1, 471, 470, 458, -1,
                                419, 421, 420, -1, 418, 422, 419, -1,
                                419, 422, 421, -1, 414, 112, 415, -1,
                                415, 112, 416, -1, 416, 112, 417, -1,
                                417, 112, 418, -1, 422, 112, 423, -1,
                                423, 112, 424, -1, 424, 112, 425, -1,
                                425, 112, 426, -1, 426, 112, 427, -1,
                                427, 112, 428, -1, 428, 112, 429, -1,
                                429, 112, 430, -1, 253, 112, 254, -1,
                                232, 112, 253, -1, 418, 112, 422, -1,
                                254, 112, 414, -1, 430, 112, 115, -1,
                                113, 112, 232, -1, 113, 232, 265, -1,
                                113, 265, 286, -1, 113, 286, 285, -1,
                                113, 285, 289, -1, 113, 289, 288, -1,
                                123, 122, 333, -1, 123, 333, 311, -1,
                                123, 311, 310, -1, 123, 310, 309, -1,
                                123, 309, 308, -1, 123, 308, 307, -1,
                                182, 181, 296, -1, 203, 202, 531, -1,
                                203, 531, 530, -1, 267, 266, 228, -1,
                                267, 228, 206, -1, 287, 286, 261, -1,
                                287, 261, 260, -1, 290, 289, 275, -1,
                                275, 289, 276, -1, 276, 289, 277, -1,
                                277, 289, 278, -1, 380, 379, 144, -1,
                                380, 144, 143, -1, 400, 399, 373, -1,
                                373, 399, 374, -1, 403, 402, 388, -1,
                                388, 402, 389, -1, 389, 402, 390, -1,
                                390, 402, 391, -1, 450, 449, 513, -1,
                                513, 449, 514, -1, 549, 589, 588, -1,
                                588, 587, 549, -1, 589, 591, 590, -1,
                                592, 591, 589, -1, 586, 585, 587, -1,
                                592, 548, 593, -1, 593, 595, 594, -1,
                                548, 595, 593, -1, 582, 550, 583, -1,
                                583, 550, 584, -1, 584, 550, 585, -1,
                                587, 550, 549, -1, 585, 550, 587, -1,
                                582, 581, 550, -1, 581, 539, 550, -1,
                                577, 539, 578, -1, 578, 539, 579, -1,
                                579, 539, 580, -1, 580, 539, 581, -1,
                                539, 540, 550, -1, 596, 598, 597, -1,
                                598, 600, 599, -1, 567, 569, 568, -1,
                                567, 566, 569, -1, 569, 565, 570, -1,
                                566, 565, 569, -1, 572, 541, 573, -1,
                                573, 541, 574, -1, 574, 541, 575, -1,
                                575, 541, 576, -1, 570, 564, 571, -1,
                                571, 564, 572, -1, 565, 564, 570, -1,
                                564, 563, 572, -1, 541, 544, 542, -1,
                                559, 544, 560, -1, 560, 544, 561, -1,
                                561, 544, 562, -1, 562, 544, 563, -1,
                                572, 544, 541, -1, 563, 544, 572, -1,
                                544, 543, 542, -1, 598, 602, 600, -1,
                                600, 602, 601, -1, 596, 602, 598, -1,
                                603, 551, 604, -1, 554, 545, 555, -1,
                                555, 545, 556, -1, 556, 545, 557, -1,
                                557, 545, 558, -1, 545, 547, 546, -1,
                                551, 547, 552, -1, 552, 547, 553, -1,
                                553, 547, 554, -1, 603, 547, 551, -1,
                                554, 547, 545, -1, 541, 539, 576, -1,
                                576, 539, 577, -1, 545, 544, 558, -1,
                                558, 544, 559, -1, 548, 547, 595, -1,
                                595, 547, 596, -1, 596, 547, 602, -1,
                                602, 547, 603, -1, 549, 548, 589, -1,
                                589, 548, 592, -1, 613, 612, 614, -1,
                                614, 612, 606, -1, 606, 607, 605, -1,
                                611, 610, 612, -1, 612, 610, 606, -1,
                                606, 610, 607, -1, 607, 609, 608, -1,
                                610, 609, 607, -1, 615, 618, 616, -1,
                                616, 618, 617, -1, 621, 622, 623, -1,
                                624, 621, 623, -1, 660, 620, 619, -1,
                                625, 619, 621, -1, 625, 621, 624, -1,
                                658, 619, 625, -1, 657, 625, 626, -1,
                                657, 658, 625, -1, 659, 660, 619, -1,
                                659, 619, 658, -1, 629, 626, 627, -1,
                                629, 627, 628, -1, 654, 656, 657, -1,
                                654, 657, 626, -1, 654, 626, 629, -1,
                                664, 630, 631, -1, 653, 629, 630, -1,
                                653, 654, 629, -1, 655, 656, 654, -1,
                                662, 630, 664, -1, 662, 653, 630, -1,
                                663, 664, 631, -1, 632, 663, 631, -1,
                                652, 653, 662, -1, 634, 632, 633, -1,
                                636, 634, 635, -1, 636, 632, 634, -1,
                                661, 652, 662, -1, 637, 632, 636, -1,
                                638, 632, 637, -1, 639, 632, 638, -1,
                                640, 663, 632, -1, 640, 632, 639, -1,
                                643, 663, 640, -1, 643, 661, 663, -1,
                                642, 640, 641, -1, 642, 643, 640, -1,
                                651, 652, 661, -1, 651, 661, 643, -1,
                                644, 651, 643, -1, 647, 644, 645, -1,
                                647, 645, 646, -1, 648, 651, 644, -1,
                                648, 644, 647, -1, 648, 649, 650, -1,
                                648, 650, 651, -1, 666, 668, 665, -1,
                                668, 667, 665, -1, 670, 669, 671, -1,
                                671, 669, 672, -1, 675, 676, 677, -1,
                                678, 675, 677, -1, 714, 674, 673, -1,
                                679, 673, 675, -1, 679, 675, 678, -1,
                                712, 673, 679, -1, 711, 679, 680, -1,
                                711, 712, 679, -1, 713, 714, 673, -1,
                                713, 673, 712, -1, 683, 680, 681, -1,
                                683, 681, 682, -1, 708, 683, 684, -1,
                                708, 711, 680, -1, 708, 680, 683, -1,
                                718, 684, 685, -1, 707, 708, 684, -1,
                                709, 710, 711, -1, 709, 711, 708, -1,
                                716, 684, 718, -1, 716, 707, 684, -1,
                                717, 718, 685, -1, 686, 717, 685, -1,
                                706, 707, 716, -1, 688, 686, 687, -1,
                                690, 688, 689, -1, 690, 686, 688, -1,
                                715, 706, 716, -1, 691, 686, 690, -1,
                                692, 686, 691, -1, 693, 686, 692, -1,
                                694, 717, 686, -1, 694, 686, 693, -1,
                                697, 717, 694, -1, 697, 715, 717, -1,
                                696, 694, 695, -1, 696, 697, 694, -1,
                                705, 706, 715, -1, 705, 715, 697, -1,
                                698, 705, 697, -1, 703, 704, 705, -1,
                                702, 698, 699, -1, 702, 705, 698, -1,
                                702, 699, 700, -1, 702, 700, 701, -1,
                                702, 703, 705, -1, 721, 720, 722, -1,
                                722, 720, 719, -1, 724, 726, 723, -1,
                                726, 725, 723, -1, 728, 727, 729, -1,
                                729, 727, 730, -1, 778, 777, 752, -1,
                                752, 779, 778, -1, 777, 776, 752, -1,
                                752, 780, 779, -1, 776, 775, 752, -1,
                                752, 755, 780, -1, 775, 774, 752, -1,
                                755, 751, 756, -1, 752, 751, 755, -1,
                                751, 757, 756, -1, 751, 758, 757, -1,
                                751, 759, 758, -1, 751, 760, 759, -1,
                                751, 761, 760, -1, 751, 762, 761, -1,
                                770, 753, 771, -1, 771, 753, 772, -1,
                                772, 753, 773, -1, 773, 753, 774, -1,
                                774, 753, 752, -1, 770, 754, 753, -1,
                                768, 754, 769, -1, 769, 754, 770, -1,
                                768, 749, 754, -1, 766, 749, 767, -1,
                                767, 749, 768, -1, 751, 750, 762, -1,
                                762, 750, 763, -1, 763, 750, 764, -1,
                                764, 750, 765, -1, 765, 750, 766, -1,
                                766, 750, 749, -1, 804, 803, 732, -1,
                                732, 805, 804, -1, 803, 802, 732, -1,
                                754, 806, 732, -1, 732, 806, 805, -1,
                                802, 801, 732, -1, 749, 781, 754, -1,
                                754, 781, 806, -1, 749, 782, 781, -1,
                                749, 748, 782, -1, 748, 783, 782, -1,
                                748, 784, 783, -1, 801, 731, 732, -1,
                                798, 731, 799, -1, 799, 731, 800, -1,
                                800, 731, 801, -1, 798, 797, 731, -1,
                                748, 785, 784, -1, 797, 796, 731, -1,
                                748, 786, 785, -1, 738, 736, 737, -1,
                                739, 736, 738, -1, 731, 736, 739, -1,
                                731, 735, 736, -1, 748, 787, 786, -1,
                                735, 733, 734, -1, 794, 733, 795, -1,
                                795, 733, 796, -1, 796, 733, 731, -1,
                                731, 733, 735, -1, 792, 740, 793, -1,
                                793, 740, 794, -1, 794, 740, 733, -1,
                                792, 741, 740, -1, 787, 741, 788, -1,
                                788, 741, 789, -1, 789, 741, 790, -1,
                                790, 741, 791, -1, 791, 741, 792, -1,
                                748, 741, 787, -1, 741, 742, 740, -1,
                                743, 744, 742, -1, 747, 744, 746, -1,
                                740, 744, 747, -1, 742, 744, 740, -1,
                                744, 745, 746, -1, 807, 808, 809, -1,
                                809, 808, 810, -1, 811, 813, 812, -1,
                                814, 813, 811, -1, 862, 861, 818, -1,
                                818, 863, 862, -1, 861, 860, 818, -1,
                                818, 864, 863, -1, 860, 859, 818, -1,
                                818, 839, 864, -1, 859, 858, 818, -1,
                                839, 817, 840, -1, 818, 817, 839, -1,
                                817, 841, 840, -1, 817, 842, 841, -1,
                                817, 843, 842, -1, 817, 844, 843, -1,
                                817, 845, 844, -1, 817, 846, 845, -1,
                                854, 819, 855, -1, 855, 819, 856, -1,
                                856, 819, 857, -1, 857, 819, 858, -1,
                                858, 819, 818, -1, 854, 820, 819, -1,
                                852, 820, 853, -1, 853, 820, 854, -1,
                                850, 815, 851, -1, 851, 815, 852, -1,
                                852, 815, 820, -1, 817, 816, 846, -1,
                                850, 816, 815, -1, 846, 816, 847, -1,
                                847, 816, 848, -1, 848, 816, 849, -1,
                                849, 816, 850, -1, 888, 887, 821, -1,
                                821, 889, 888, -1, 887, 886, 821, -1,
                                821, 890, 889, -1, 820, 890, 821, -1,
                                886, 885, 821, -1, 820, 865, 890, -1,
                                815, 865, 820, -1, 815, 866, 865, -1,
                                815, 838, 866, -1, 838, 867, 866, -1,
                                838, 868, 867, -1, 885, 822, 821, -1,
                                882, 822, 883, -1, 883, 822, 884, -1,
                                884, 822, 885, -1, 882, 881, 822, -1,
                                838, 869, 868, -1, 822, 828, 829, -1,
                                881, 880, 822, -1, 822, 827, 828, -1,
                                838, 870, 869, -1, 827, 825, 826, -1,
                                838, 871, 870, -1, 822, 824, 827, -1,
                                827, 824, 825, -1, 878, 823, 879, -1,
                                879, 823, 880, -1, 880, 823, 822, -1,
                                822, 823, 824, -1, 876, 830, 877, -1,
                                877, 830, 878, -1, 878, 830, 823, -1,
                                876, 831, 830, -1, 838, 831, 871, -1,
                                871, 831, 872, -1, 872, 831, 873, -1,
                                873, 831, 874, -1, 874, 831, 875, -1,
                                875, 831, 876, -1, 831, 837, 830, -1,
                                831, 834, 837, -1, 832, 834, 831, -1,
                                833, 834, 832, -1, 836, 834, 835, -1,
                                837, 834, 836, -1, 893, 892, 894, -1,
                                893, 891, 892, -1, 895, 899, 898, -1,
                                895, 902, 899, -1, 898, 897, 895, -1,
                                897, 896, 895, -1, 901, 900, 902, -1,
                                902, 900, 899, -1, 909, 908, 903, -1,
                                908, 905, 903, -1, 903, 904, 909, -1,
                                904, 910, 909, -1, 907, 906, 908, -1,
                                908, 906, 905, -1, 911, 915, 914, -1,
                                911, 918, 915, -1, 914, 913, 911, -1,
                                913, 912, 911, -1, 917, 916, 918, -1,
                                918, 916, 915, -1, 925, 924, 919, -1,
                                924, 921, 919, -1, 919, 920, 925, -1,
                                920, 926, 925, -1, 923, 922, 924, -1,
                                924, 922, 921, -1, 927, 932, 929, -1,
                                933, 932, 927, -1, 927, 928, 933, -1,
                                928, 934, 933, -1, 931, 930, 932, -1,
                                932, 930, 929, -1, 935, 939, 938, -1,
                                935, 942, 939, -1, 938, 937, 935, -1,
                                937, 936, 935, -1, 941, 940, 942, -1,
                                942, 940, 939, -1, 945, 943, 946, -1,
                                946, 943, 944, -1, 948, 950, 947, -1,
                                947, 950, 949, -1, 953, 952, 954, -1,
                                954, 952, 951, -1, 956, 958, 955, -1,
                                955, 958, 957, -1, 962, 961, 959, -1,
                                961, 960, 959, -1, 964, 963, 965, -1,
                                965, 963, 966, -1, 968, 969, 967, -1,
                                970, 969, 968, -1, 972, 973, 971, -1,
                                974, 973, 972, -1, 976, 975, 977, -1,
                                977, 975, 978, -1, 980, 981, 979, -1,
                                982, 981, 980, -1, 984, 983, 985, -1,
                                985, 983, 986, -1, 988, 989, 987, -1,
                                990, 989, 988, -1, 992, 991, 993, -1,
                                993, 991, 994, -1, 997, 995, 996, -1,
                                997, 998, 995, -1, 1001, 999, 1002, -1,
                                1002, 999, 1000, -1, 1004, 1006, 1003, -1,
                                1003, 1006, 1005, -1, 1009, 1008, 1010, -1,
                                1010, 1008, 1007, -1, 1012, 1014, 1011, -1,
                                1011, 1014, 1013, -1, 1017, 1016, 1018, -1,
                                1018, 1016, 1015, -1, 1020, 1019, 1021, -1,
                                1021, 1019, 1022, -1, 1024, 1025, 1023, -1,
                                1026, 1025, 1024, -1, 1028, 1029, 1027, -1,
                                1030, 1029, 1028, -1, 1032, 1031, 1033, -1,
                                1033, 1031, 1034, -1, 1036, 1037, 1035, -1,
                                1038, 1037, 1036, -1, 1040, 1039, 1041, -1,
                                1041, 1039, 1042, -1, 1044, 1045, 1043, -1,
                                1046, 1045, 1044, -1, 1048, 1047, 1049, -1,
                                1049, 1047, 1050, -1, 1053, 1051, 1052, -1,
                                1053, 1054, 1051, -1, 1094, 1093, 1095, -1,
                                1093, 1086, 1095, -1, 1087, 1086, 1093, -1,
                                1093, 1088, 1087, -1, 1086, 1085, 1095, -1,
                                1093, 1089, 1088, -1, 1085, 1084, 1095, -1,
                                1093, 1090, 1089, -1, 1084, 1083, 1095, -1,
                                1093, 1092, 1090, -1, 1092, 1091, 1090, -1,
                                1055, 1057, 1056, -1, 1142, 1057, 1055, -1,
                                1142, 1058, 1057, -1, 1142, 1059, 1058, -1,
                                1142, 1060, 1059, -1, 1142, 1061, 1060, -1,
                                1083, 1082, 1095, -1, 1140, 1139, 1141, -1,
                                1141, 1139, 1142, -1, 1142, 1132, 1061, -1,
                                1139, 1132, 1142, -1, 1139, 1133, 1132, -1,
                                1082, 1079, 1095, -1, 1139, 1134, 1133, -1,
                                1061, 1131, 1062, -1, 1132, 1131, 1061, -1,
                                1062, 1130, 1063, -1, 1131, 1130, 1062, -1,
                                1139, 1135, 1134, -1, 1139, 1136, 1135, -1,
                                1063, 1129, 1064, -1, 1130, 1129, 1063, -1,
                                1139, 1138, 1136, -1, 1138, 1137, 1136, -1,
                                1081, 1080, 1082, -1, 1082, 1080, 1079, -1,
                                1079, 1078, 1095, -1, 1100, 1103, 1101, -1,
                                1101, 1103, 1102, -1, 1100, 1104, 1103, -1,
                                1100, 1105, 1104, -1, 1066, 1065, 1067, -1,
                                1100, 1106, 1105, -1, 1100, 1107, 1106, -1,
                                1100, 1098, 1107, -1, 1099, 1098, 1100, -1,
                                1098, 1108, 1107, -1, 1064, 1128, 1065, -1,
                                1129, 1128, 1064, -1, 1128, 1068, 1065, -1,
                                1065, 1068, 1067, -1, 1077, 1076, 1078, -1,
                                1078, 1076, 1075, -1, 1098, 1109, 1108, -1,
                                1098, 1110, 1109, -1, 1128, 1125, 1068, -1,
                                1128, 1126, 1125, -1, 1127, 1126, 1128, -1,
                                1070, 1069, 1071, -1, 1068, 1124, 1069, -1,
                                1125, 1124, 1068, -1, 1124, 1072, 1069, -1,
                                1069, 1072, 1071, -1, 1124, 1121, 1072, -1,
                                1074, 1096, 1075, -1, 1150, 1096, 1074, -1,
                                1078, 1096, 1095, -1, 1075, 1096, 1078, -1,
                                1112, 1111, 1113, -1, 1098, 1111, 1110, -1,
                                1124, 1123, 1121, -1, 1150, 1149, 1096, -1,
                                1111, 1114, 1113, -1, 1123, 1122, 1121, -1,
                                1072, 1120, 1073, -1, 1121, 1120, 1072, -1,
                                1073, 1147, 1074, -1, 1074, 1147, 1150, -1,
                                1120, 1147, 1073, -1, 1116, 1115, 1117, -1,
                                1120, 1146, 1147, -1, 1115, 1118, 1117, -1,
                                1149, 1148, 1096, -1, 1146, 1145, 1147, -1,
                                1147, 1145, 1148, -1, 1119, 1143, 1120, -1,
                                1120, 1143, 1146, -1, 1119, 1097, 1143, -1,
                                1143, 1097, 1144, -1, 1144, 1097, 1145, -1,
                                1097, 1096, 1145, -1, 1145, 1096, 1148, -1,
                                1098, 1097, 1111, -1, 1111, 1097, 1114, -1,
                                1114, 1097, 1115, -1, 1115, 1097, 1118, -1,
                                1118, 1097, 1119, -1, 1151, 1152, 1153, -1,
                                1151, 1153, 1154, -1, 1157, 1156, 1158, -1,
                                1158, 1156, 1155, -1, 1160, 1169, 1159, -1,
                                1159, 1169, 1161, -1, 1161, 1170, 1162, -1,
                                1169, 1170, 1161, -1, 1162, 1171, 1163, -1,
                                1170, 1171, 1162, -1, 1163, 1172, 1164, -1,
                                1171, 1172, 1163, -1, 1164, 1173, 1165, -1,
                                1172, 1173, 1164, -1, 1165, 1174, 1166, -1,
                                1173, 1174, 1165, -1, 1166, 1168, 1167, -1,
                                1174, 1168, 1166, -1, 1176, 1178, 1175, -1,
                                1175, 1178, 1177, -1, 1180, 1189, 1179, -1,
                                1179, 1189, 1181, -1, 1181, 1190, 1182, -1,
                                1189, 1190, 1181, -1, 1182, 1191, 1183, -1,
                                1190, 1191, 1182, -1, 1183, 1192, 1184, -1,
                                1191, 1192, 1183, -1, 1184, 1193, 1185, -1,
                                1185, 1193, 1186, -1, 1192, 1193, 1184, -1,
                                1193, 1194, 1186, -1, 1186, 1188, 1187, -1,
                                1194, 1188, 1186, -1, 1196, 1198, 1195, -1,
                                1195, 1198, 1197, -1, 1200, 1209, 1199, -1,
                                1199, 1209, 1201, -1, 1201, 1210, 1202, -1,
                                1209, 1210, 1201, -1, 1202, 1211, 1203, -1,
                                1210, 1211, 1202, -1, 1203, 1212, 1204, -1,
                                1211, 1212, 1203, -1, 1204, 1213, 1205, -1,
                                1212, 1213, 1204, -1, 1205, 1214, 1206, -1,
                                1213, 1214, 1205, -1, 1206, 1208, 1207, -1,
                                1214, 1208, 1206, -1, 1215, 1218, 1216, -1,
                                1216, 1218, 1217, -1, 1220, 1229, 1219, -1,
                                1219, 1229, 1221, -1, 1221, 1230, 1222, -1,
                                1229, 1230, 1221, -1, 1222, 1231, 1223, -1,
                                1230, 1231, 1222, -1, 1223, 1232, 1224, -1,
                                1231, 1232, 1223, -1, 1224, 1233, 1225, -1,
                                1232, 1233, 1224, -1, 1225, 1234, 1226, -1,
                                1233, 1234, 1225, -1, 1226, 1228, 1227, -1,
                                1234, 1228, 1226, -1, 1237, 1235, 1238, -1,
                                1238, 1235, 1236, -1, 1239, 1246, 1242, -1,
                                1246, 1243, 1242, -1, 1242, 1241, 1239, -1,
                                1241, 1240, 1239, -1, 1245, 1244, 1246, -1,
                                1246, 1244, 1243, -1, 1248, 1250, 1247, -1,
                                1247, 1250, 1249, -1, 1253, 1252, 1254, -1,
                                1254, 1252, 1251, -1, 1256, 1258, 1255, -1,
                                1255, 1258, 1257, -1, 1261, 1260, 1262, -1,
                                1262, 1260, 1259, -1, 1264, 1266, 1263, -1,
                                1263, 1266, 1265, -1, 1269, 1268, 1270, -1,
                                1270, 1268, 1267, -1, 1271, 1274, 1272, -1,
                                1272, 1274, 1273, -1, 1277, 1276, 1278, -1,
                                1278, 1276, 1275, -1, 1279, 1282, 1280, -1,
                                1280, 1282, 1281, -1, 1284, 1293, 1283, -1,
                                1283, 1293, 1285, -1, 1285, 1294, 1286, -1,
                                1293, 1294, 1285, -1, 1286, 1295, 1287, -1,
                                1294, 1295, 1286, -1, 1287, 1296, 1288, -1,
                                1295, 1296, 1287, -1, 1288, 1297, 1289, -1,
                                1296, 1297, 1288, -1, 1289, 1298, 1290, -1,
                                1297, 1298, 1289, -1, 1290, 1292, 1291, -1,
                                1298, 1292, 1290, -1, 1300, 1302, 1299, -1,
                                1299, 1302, 1301, -1, 1304, 1313, 1303, -1,
                                1303, 1313, 1305, -1, 1305, 1314, 1306, -1,
                                1313, 1314, 1305, -1, 1306, 1315, 1307, -1,
                                1314, 1315, 1306, -1, 1307, 1316, 1308, -1,
                                1315, 1316, 1307, -1, 1308, 1317, 1309, -1,
                                1316, 1317, 1308, -1, 1309, 1318, 1310, -1,
                                1317, 1318, 1309, -1, 1310, 1312, 1311, -1,
                                1318, 1312, 1310, -1, 1320, 1322, 1319, -1,
                                1319, 1322, 1321, -1, 1324, 1333, 1323, -1,
                                1323, 1333, 1325, -1, 1325, 1334, 1326, -1,
                                1333, 1334, 1325, -1, 1326, 1335, 1327, -1,
                                1334, 1335, 1326, -1, 1327, 1336, 1328, -1,
                                1335, 1336, 1327, -1, 1328, 1337, 1329, -1,
                                1336, 1337, 1328, -1, 1329, 1338, 1330, -1,
                                1337, 1338, 1329, -1, 1330, 1332, 1331, -1,
                                1338, 1332, 1330, -1, 1339, 1342, 1340, -1,
                                1340, 1342, 1341, -1, 1344, 1353, 1343, -1,
                                1343, 1353, 1345, -1, 1345, 1354, 1346, -1,
                                1353, 1354, 1345, -1, 1346, 1355, 1347, -1,
                                1354, 1355, 1346, -1, 1347, 1356, 1348, -1,
                                1355, 1356, 1347, -1, 1348, 1357, 1349, -1,
                                1356, 1357, 1348, -1, 1349, 1358, 1350, -1,
                                1357, 1358, 1349, -1, 1350, 1352, 1351, -1,
                                1358, 1352, 1350, -1, 1361, 1359, 1362, -1,
                                1362, 1359, 1360, -1, 1363, 1370, 1366, -1,
                                1370, 1367, 1366, -1, 1366, 1365, 1363, -1,
                                1365, 1364, 1363, -1, 1369, 1368, 1370, -1,
                                1370, 1368, 1367, -1, 1372, 1374, 1371, -1,
                                1371, 1374, 1373, -1, 1377, 1376, 1378, -1,
                                1378, 1376, 1375, -1, 1380, 1382, 1379, -1,
                                1379, 1382, 1381, -1, 1385, 1384, 1386, -1,
                                1386, 1384, 1383, -1, 1388, 1390, 1387, -1,
                                1387, 1390, 1389, -1, 1393, 1392, 1394, -1,
                                1394, 1392, 1391, -1, 1395, 1398, 1396, -1,
                                1396, 1398, 1397, -1, 1401, 1400, 1402, -1,
                                1402, 1400, 1399, -1, 1403, 1406, 1404, -1,
                                1404, 1406, 1405, -1, 1407, 1410, 1408, -1,
                                1408, 1410, 1409, -1, 1414, 1413, 1412, -1,
                                1413, 1411, 1412, -1, 1415, 1418, 1416, -1,
                                1416, 1418, 1417, -1, 1421, 1419, 1422, -1,
                                1422, 1419, 1420, -1, 1425, 1423, 1426, -1,
                                1426, 1423, 1424, -1, 1427, 1430, 1428, -1,
                                1428, 1430, 1429, -1, 1432, 1431, 1433, -1,
                                1431, 1434, 1433, -1, 1437, 1435, 1438, -1,
                                1438, 1435, 1436, -1, 1466, 1440, 1439, -1,
                                1466, 1439, 1453, -1, 1465, 1453, 1452, -1,
                                1465, 1466, 1453, -1, 1464, 1452, 1451, -1,
                                1464, 1465, 1452, -1, 1463, 1451, 1450, -1,
                                1463, 1464, 1451, -1, 1462, 1450, 1449, -1,
                                1462, 1463, 1450, -1, 1461, 1449, 1448, -1,
                                1461, 1462, 1449, -1, 1460, 1448, 1447, -1,
                                1460, 1461, 1448, -1, 1459, 1447, 1446, -1,
                                1459, 1460, 1447, -1, 1458, 1446, 1445, -1,
                                1458, 1459, 1446, -1, 1457, 1445, 1444, -1,
                                1457, 1458, 1445, -1, 1456, 1444, 1443, -1,
                                1456, 1457, 1444, -1, 1455, 1442, 1441, -1,
                                1455, 1443, 1442, -1, 1455, 1456, 1443, -1,
                                1454, 1455, 1441, -1, 1496, 1467, 1468, -1,
                                1496, 1468, 1469, -1, 1496, 1469, 1470, -1,
                                1496, 1470, 1471, -1, 1496, 1471, 1472, -1,
                                1496, 1472, 1473, -1, 1496, 1473, 1474, -1,
                                1475, 1496, 1474, -1, 1494, 1490, 1491, -1,
                                1494, 1491, 1492, -1, 1494, 1492, 1467, -1,
                                1494, 1467, 1496, -1, 1495, 1475, 1476, -1,
                                1495, 1476, 1477, -1, 1495, 1496, 1475, -1,
                                1489, 1490, 1494, -1, 1478, 1495, 1477, -1,
                                1488, 1489, 1494, -1, 1479, 1495, 1478, -1,
                                1487, 1488, 1494, -1, 1480, 1495, 1479, -1,
                                1493, 1495, 1480, -1, 1486, 1487, 1494, -1,
                                1481, 1493, 1480, -1, 1485, 1494, 1493, -1,
                                1485, 1486, 1494, -1, 1482, 1493, 1481, -1,
                                1484, 1485, 1493, -1, 1483, 1484, 1493, -1,
                                1483, 1493, 1482, -1, 1524, 1498, 1497, -1,
                                1524, 1497, 1511, -1, 1523, 1511, 1510, -1,
                                1523, 1524, 1511, -1, 1522, 1510, 1509, -1,
                                1522, 1523, 1510, -1, 1521, 1509, 1508, -1,
                                1521, 1522, 1509, -1, 1520, 1508, 1507, -1,
                                1520, 1521, 1508, -1, 1519, 1507, 1506, -1,
                                1519, 1520, 1507, -1, 1518, 1506, 1505, -1,
                                1518, 1519, 1506, -1, 1517, 1505, 1504, -1,
                                1517, 1518, 1505, -1, 1516, 1504, 1503, -1,
                                1516, 1517, 1504, -1, 1515, 1503, 1502, -1,
                                1515, 1516, 1503, -1, 1514, 1502, 1501, -1,
                                1514, 1515, 1502, -1, 1513, 1500, 1499, -1,
                                1513, 1501, 1500, -1, 1513, 1514, 1501, -1,
                                1512, 1513, 1499, -1, 1545, 1552, 1544, -1,
                                1546, 1552, 1545, -1, 1547, 1552, 1546, -1,
                                1548, 1552, 1547, -1, 1549, 1552, 1548, -1,
                                1550, 1552, 1549, -1, 1525, 1552, 1550, -1,
                                1552, 1543, 1544, -1, 1526, 1553, 1525, -1,
                                1527, 1553, 1526, -1, 1528, 1553, 1527, -1,
                                1525, 1553, 1552, -1, 1542, 1551, 1541, -1,
                                1543, 1551, 1542, -1, 1552, 1551, 1543, -1,
                                1528, 1529, 1553, -1, 1551, 1540, 1541, -1,
                                1529, 1530, 1553, -1, 1551, 1539, 1540, -1,
                                1530, 1531, 1553, -1, 1551, 1538, 1539, -1,
                                1551, 1554, 1538, -1, 1531, 1532, 1553, -1,
                                1554, 1537, 1538, -1, 1553, 1533, 1554, -1,
                                1532, 1533, 1553, -1, 1554, 1536, 1537, -1,
                                1533, 1534, 1554, -1, 1534, 1535, 1554, -1,
                                1554, 1535, 1536, -1, 1582, 1556, 1555, -1,
                                1582, 1555, 1569, -1, 1581, 1569, 1568, -1,
                                1581, 1582, 1569, -1, 1580, 1568, 1567, -1,
                                1580, 1581, 1568, -1, 1579, 1567, 1566, -1,
                                1579, 1580, 1567, -1, 1578, 1566, 1565, -1,
                                1578, 1579, 1566, -1, 1577, 1565, 1564, -1,
                                1577, 1578, 1565, -1, 1576, 1564, 1563, -1,
                                1576, 1577, 1564, -1, 1575, 1563, 1562, -1,
                                1575, 1576, 1563, -1, 1574, 1562, 1561, -1,
                                1574, 1575, 1562, -1, 1573, 1561, 1560, -1,
                                1573, 1574, 1561, -1, 1572, 1560, 1559, -1,
                                1572, 1573, 1560, -1, 1571, 1559, 1558, -1,
                                1571, 1572, 1559, -1, 1570, 1558, 1557, -1,
                                1570, 1571, 1558, -1, 1612, 1583, 1584, -1,
                                1612, 1584, 1585, -1, 1612, 1585, 1586, -1,
                                1612, 1586, 1587, -1, 1612, 1587, 1588, -1,
                                1612, 1588, 1589, -1, 1612, 1589, 1590, -1,
                                1591, 1612, 1590, -1, 1610, 1606, 1607, -1,
                                1610, 1607, 1608, -1, 1610, 1608, 1583, -1,
                                1610, 1583, 1612, -1, 1611, 1591, 1592, -1,
                                1611, 1592, 1593, -1, 1611, 1612, 1591, -1,
                                1605, 1606, 1610, -1, 1594, 1611, 1593, -1,
                                1604, 1605, 1610, -1, 1595, 1611, 1594, -1,
                                1603, 1604, 1610, -1, 1596, 1611, 1595, -1,
                                1609, 1611, 1596, -1, 1602, 1603, 1610, -1,
                                1597, 1609, 1596, -1, 1601, 1610, 1609, -1,
                                1601, 1602, 1610, -1, 1598, 1609, 1597, -1,
                                1600, 1601, 1609, -1, 1599, 1600, 1609, -1,
                                1599, 1609, 1598, -1, 1640, 1614, 1613, -1,
                                1640, 1613, 1627, -1, 1639, 1627, 1626, -1,
                                1639, 1640, 1627, -1, 1638, 1626, 1625, -1,
                                1638, 1639, 1626, -1, 1637, 1625, 1624, -1,
                                1637, 1638, 1625, -1, 1636, 1624, 1623, -1,
                                1636, 1637, 1624, -1, 1635, 1623, 1622, -1,
                                1635, 1636, 1623, -1, 1634, 1622, 1621, -1,
                                1634, 1635, 1622, -1, 1633, 1621, 1620, -1,
                                1633, 1634, 1621, -1, 1632, 1620, 1619, -1,
                                1632, 1633, 1620, -1, 1631, 1619, 1618, -1,
                                1631, 1632, 1619, -1, 1630, 1618, 1617, -1,
                                1630, 1631, 1618, -1, 1629, 1617, 1616, -1,
                                1629, 1630, 1617, -1, 1628, 1616, 1615, -1,
                                1628, 1629, 1616, -1, 1661, 1668, 1660, -1,
                                1662, 1668, 1661, -1, 1663, 1668, 1662, -1,
                                1664, 1668, 1663, -1, 1665, 1668, 1664, -1,
                                1666, 1668, 1665, -1, 1641, 1668, 1666, -1,
                                1668, 1659, 1660, -1, 1642, 1669, 1641, -1,
                                1643, 1669, 1642, -1, 1644, 1669, 1643, -1,
                                1641, 1669, 1668, -1, 1658, 1667, 1657, -1,
                                1659, 1667, 1658, -1, 1668, 1667, 1659, -1,
                                1644, 1645, 1669, -1, 1667, 1656, 1657, -1,
                                1645, 1646, 1669, -1, 1667, 1655, 1656, -1,
                                1646, 1647, 1669, -1, 1667, 1654, 1655, -1,
                                1667, 1670, 1654, -1, 1647, 1648, 1669, -1,
                                1670, 1653, 1654, -1, 1669, 1649, 1670, -1,
                                1648, 1649, 1669, -1, 1670, 1652, 1653, -1,
                                1649, 1650, 1670, -1, 1650, 1651, 1670, -1,
                                1670, 1651, 1652, -1, 1678, 1676, 1677, -1,
                                1671, 1672, 1673, -1, 1675, 1678, 1671, -1,
                                1674, 1675, 1671, -1, 1673, 1674, 1671, -1,
                                1675, 1676, 1678, -1, 1681, 1679, 1682, -1,
                                1682, 1679, 1680, -1, 1685, 1683, 1686, -1,
                                1686, 1683, 1684, -1, 1694, 1692, 1693, -1,
                                1687, 1688, 1689, -1, 1690, 1694, 1687, -1,
                                1690, 1691, 1694, -1, 1689, 1690, 1687, -1,
                                1691, 1692, 1694, -1, 1697, 1695, 1698, -1,
                                1698, 1695, 1696, -1, 1701, 1699, 1702, -1,
                                1702, 1699, 1700, -1, 1703, 1704, 1705, -1,
                                1703, 1705, 1706, -1, 1707, 1709, 1708, -1,
                                1710, 1709, 1707, -1, 1711, 1713, 1714, -1,
                                1711, 1714, 1712, -1, 1715, 1718, 1716, -1,
                                1716, 1718, 1717, -1, 1721, 1720, 1719, -1,
                                1721, 1722, 1720, -1, 1730, 1737, 1738, -1,
                                1731, 1738, 1739, -1, 1731, 1730, 1738, -1,
                                1729, 1736, 1737, -1, 1729, 1737, 1730, -1,
                                1732, 1739, 1740, -1, 1732, 1731, 1739, -1,
                                1728, 1735, 1736, -1, 1728, 1736, 1729, -1,
                                1733, 1740, 1723, -1, 1733, 1732, 1740, -1,
                                1727, 1734, 1735, -1, 1727, 1735, 1728, -1,
                                1726, 1733, 1723, -1, 1724, 1726, 1723, -1,
                                1725, 1726, 1724, -1, 1752, 1744, 1753, -1,
                                1753, 1745, 1754, -1, 1744, 1745, 1753, -1,
                                1751, 1743, 1752, -1, 1752, 1743, 1744, -1,
                                1754, 1746, 1755, -1, 1745, 1746, 1754, -1,
                                1750, 1742, 1751, -1, 1751, 1742, 1743, -1,
                                1755, 1747, 1756, -1, 1746, 1747, 1755, -1,
                                1749, 1741, 1750, -1, 1750, 1741, 1742, -1,
                                1747, 1748, 1756, -1, 1756, 1758, 1757, -1,
                                1748, 1758, 1756, -1, 1761, 1759, 1762, -1,
                                1762, 1759, 1760, -1, 1766, 1763, 1764, -1,
                                1766, 1764, 1765, -1, 1767, 1768, 1769, -1,
                                1767, 1769, 1770, -1, 1772, 1786, 1771, -1,
                                1771, 1786, 1779, -1, 1779, 1785, 1778, -1,
                                1786, 1785, 1779, -1, 1778, 1784, 1777, -1,
                                1785, 1784, 1778, -1, 1777, 1783, 1776, -1,
                                1784, 1783, 1777, -1, 1776, 1782, 1775, -1,
                                1783, 1782, 1776, -1, 1775, 1781, 1774, -1,
                                1782, 1781, 1775, -1, 1774, 1780, 1773, -1,
                                1781, 1780, 1774, -1, 1794, 1795, 1796, -1,
                                1794, 1796, 1802, -1, 1793, 1802, 1801, -1,
                                1793, 1794, 1802, -1, 1792, 1801, 1800, -1,
                                1792, 1793, 1801, -1, 1791, 1800, 1799, -1,
                                1791, 1792, 1800, -1, 1790, 1799, 1798, -1,
                                1790, 1791, 1799, -1, 1789, 1797, 1788, -1,
                                1789, 1798, 1797, -1, 1789, 1790, 1798, -1,
                                1787, 1789, 1788, -1, 1803, 1804, 1805, -1,
                                1803, 1805, 1806, -1, 1807, 1809, 1810, -1,
                                1807, 1810, 1808, -1, 1812, 1813, 1811, -1,
                                1814, 1813, 1812, -1, 1816, 1818, 1815, -1,
                                1815, 1818, 1817, -1, 1821, 1820, 1819, -1,
                                1821, 1822, 1820, -1, 1833, 1828, 1827, -1,
                                1833, 1834, 1828, -1, 1832, 1827, 1826, -1,
                                1832, 1833, 1827, -1, 1831, 1826, 1825, -1,
                                1831, 1832, 1826, -1, 1830, 1825, 1824, -1,
                                1830, 1831, 1825, -1, 1829, 1824, 1823, -1,
                                1829, 1830, 1824, -1, 1837, 1836, 1838, -1,
                                1837, 1835, 1836, -1, 1842, 1839, 1840, -1,
                                1842, 1840, 1841, -1, 1843, 1844, 1845, -1,
                                1843, 1845, 1846, -1, 1848, 1862, 1847, -1,
                                1847, 1862, 1855, -1, 1855, 1861, 1854, -1,
                                1862, 1861, 1855, -1, 1854, 1860, 1853, -1,
                                1861, 1860, 1854, -1, 1853, 1859, 1852, -1,
                                1860, 1859, 1853, -1, 1852, 1858, 1851, -1,
                                1859, 1858, 1852, -1, 1851, 1857, 1850, -1,
                                1858, 1857, 1851, -1, 1850, 1856, 1849, -1,
                                1857, 1856, 1850, -1, 1863, 1866, 1864, -1,
                                1865, 1866, 1863, -1, 1874, 1880, 1881, -1,
                                1875, 1881, 1882, -1, 1875, 1874, 1881, -1,
                                1876, 1882, 1883, -1, 1876, 1875, 1882, -1,
                                1873, 1880, 1874, -1, 1877, 1883, 1884, -1,
                                1877, 1876, 1883, -1, 1872, 1880, 1873, -1,
                                1870, 1884, 1867, -1, 1870, 1877, 1884, -1,
                                1871, 1880, 1872, -1, 1879, 1880, 1871, -1,
                                1878, 1879, 1871, -1, 1869, 1867, 1868, -1,
                                1869, 1870, 1867, -1, 1895, 1888, 1896, -1,
                                1896, 1889, 1897, -1, 1888, 1889, 1896, -1,
                                1897, 1890, 1898, -1, 1889, 1890, 1897, -1,
                                1895, 1887, 1888, -1, 1898, 1891, 1899, -1,
                                1890, 1891, 1898, -1, 1895, 1886, 1887, -1,
                                1899, 1892, 1900, -1, 1891, 1892, 1899, -1,
                                1895, 1885, 1886, -1, 1895, 1894, 1885, -1,
                                1894, 1893, 1885, -1, 1900, 1902, 1901, -1,
                                1892, 1902, 1900, -1, 1904, 1903, 1905, -1,
                                1905, 1903, 1906, -1, 1907, 1910, 1908, -1,
                                1910, 1909, 1908, -1, 1912, 1913, 1914, -1,
                                1912, 1914, 1911, -1, 1916, 1917, 1918, -1,
                                1916, 1918, 1915, -1, 1920, 1919, 1921, -1,
                                1921, 1919, 1922, -1, 1923, 1925, 1924, -1,
                                1926, 1925, 1923, -1, 1928, 1929, 1930, -1,
                                1928, 1930, 1927, -1, 1932, 1933, 1934, -1,
                                1932, 1934, 1931, -1, 1938, 1936, 1935, -1,
                                1938, 1935, 1937, -1, 1939, 1941, 1940, -1,
                                1942, 1941, 1939, -1, 1944, 1945, 1946, -1,
                                1944, 1946, 1943, -1, 1947, 1949, 1948, -1,
                                1950, 1949, 1947, -1, 1954, 1952, 1951, -1,
                                1954, 1951, 1953, -1, 1955, 1957, 1956, -1,
                                1958, 1957, 1955, -1, 1960, 1961, 1962, -1,
                                1960, 1962, 1959, -1, 1963, 1966, 1964, -1,
                                1966, 1965, 1964, -1, 1967, 1968, 1969, -1,
                                1967, 1969, 1970, -1, 1971, 1973, 1972, -1,
                                1974, 1973, 1971, -1, 1975, 1977, 1978, -1,
                                1975, 1978, 1976, -1, 1979, 1982, 1980, -1,
                                1980, 1982, 1981, -1, 1985, 1984, 1983, -1,
                                1985, 1986, 1984, -1, 1994, 2001, 2002, -1,
                                1995, 2002, 2003, -1, 1995, 1994, 2002, -1,
                                1993, 2000, 2001, -1, 1993, 2001, 1994, -1,
                                1996, 2003, 2004, -1, 1996, 1995, 2003, -1,
                                1992, 1999, 2000, -1, 1992, 2000, 1993, -1,
                                1997, 2004, 1987, -1, 1997, 1996, 2004, -1,
                                1991, 1998, 1999, -1, 1991, 1999, 1992, -1,
                                1990, 1997, 1987, -1, 1989, 1987, 1988, -1,
                                1989, 1990, 1987, -1, 2016, 2008, 2017, -1,
                                2017, 2009, 2018, -1, 2008, 2009, 2017, -1,
                                2015, 2007, 2016, -1, 2016, 2007, 2008, -1,
                                2018, 2010, 2019, -1, 2009, 2010, 2018, -1,
                                2014, 2006, 2015, -1, 2015, 2006, 2007, -1,
                                2019, 2011, 2020, -1, 2010, 2011, 2019, -1,
                                2013, 2005, 2014, -1, 2014, 2005, 2006, -1,
                                2011, 2012, 2020, -1, 2020, 2022, 2021, -1,
                                2012, 2022, 2020, -1, 2025, 2023, 2026, -1,
                                2026, 2023, 2024, -1, 2030, 2027, 2028, -1,
                                2030, 2028, 2029, -1, 2031, 2032, 2033, -1,
                                2031, 2033, 2034, -1, 2036, 2050, 2035, -1,
                                2043, 2050, 2042, -1, 2035, 2050, 2043, -1,
                                2042, 2049, 2041, -1, 2050, 2049, 2042, -1,
                                2041, 2048, 2040, -1, 2049, 2048, 2041, -1,
                                2048, 2047, 2040, -1, 2039, 2046, 2038, -1,
                                2040, 2046, 2039, -1, 2047, 2046, 2040, -1,
                                2046, 2045, 2038, -1, 2038, 2044, 2037, -1,
                                2045, 2044, 2038, -1, 2058, 2059, 2060, -1,
                                2058, 2060, 2066, -1, 2057, 2066, 2065, -1,
                                2057, 2058, 2066, -1, 2056, 2065, 2064, -1,
                                2056, 2057, 2065, -1, 2055, 2064, 2063, -1,
                                2055, 2056, 2064, -1, 2054, 2063, 2062, -1,
                                2054, 2055, 2063, -1, 2053, 2062, 2061, -1,
                                2053, 2054, 2062, -1, 2051, 2061, 2052, -1,
                                2051, 2053, 2061, -1, 2067, 2068, 2069, -1,
                                2067, 2069, 2070, -1, 2071, 2073, 2074, -1,
                                2071, 2074, 2072, -1, 2076, 2077, 2075, -1,
                                2078, 2077, 2076, -1, 2080, 2082, 2079, -1,
                                2079, 2082, 2081, -1, 2085, 2084, 2083, -1,
                                2085, 2086, 2084, -1, 2098, 2092, 2091, -1,
                                2097, 2091, 2090, -1, 2097, 2098, 2091, -1,
                                2096, 2090, 2089, -1, 2096, 2097, 2090, -1,
                                2095, 2096, 2089, -1, 2094, 2089, 2088, -1,
                                2094, 2095, 2089, -1, 2093, 2088, 2087, -1,
                                2093, 2094, 2088, -1, 2101, 2100, 2102, -1,
                                2101, 2099, 2100, -1, 2106, 2103, 2104, -1,
                                2106, 2104, 2105, -1, 2107, 2108, 2109, -1,
                                2107, 2109, 2110, -1, 2112, 2126, 2111, -1,
                                2111, 2126, 2119, -1, 2119, 2125, 2118, -1,
                                2126, 2125, 2119, -1, 2118, 2124, 2117, -1,
                                2125, 2124, 2118, -1, 2117, 2123, 2116, -1,
                                2124, 2123, 2117, -1, 2116, 2122, 2115, -1,
                                2123, 2122, 2116, -1, 2115, 2121, 2114, -1,
                                2122, 2121, 2115, -1, 2114, 2120, 2113, -1,
                                2121, 2120, 2114, -1, 2129, 2128, 2127, -1,
                                2129, 2130, 2128, -1, 2138, 2144, 2145, -1,
                                2139, 2145, 2146, -1, 2139, 2138, 2145, -1,
                                2140, 2146, 2147, -1, 2140, 2139, 2146, -1,
                                2137, 2144, 2138, -1, 2141, 2147, 2148, -1,
                                2141, 2140, 2147, -1, 2136, 2144, 2137, -1,
                                2134, 2148, 2131, -1, 2134, 2141, 2148, -1,
                                2135, 2144, 2136, -1, 2143, 2144, 2135, -1,
                                2142, 2143, 2135, -1, 2132, 2134, 2131, -1,
                                2133, 2134, 2132, -1, 2159, 2152, 2160, -1,
                                2160, 2153, 2161, -1, 2152, 2153, 2160, -1,
                                2161, 2154, 2162, -1, 2153, 2154, 2161, -1,
                                2159, 2151, 2152, -1, 2162, 2155, 2163, -1,
                                2154, 2155, 2162, -1, 2159, 2150, 2151, -1,
                                2163, 2156, 2164, -1, 2155, 2156, 2163, -1,
                                2159, 2149, 2150, -1, 2159, 2158, 2149, -1,
                                2158, 2157, 2149, -1, 2164, 2166, 2165, -1,
                                2156, 2166, 2164, -1, 2168, 2167, 2169, -1,
                                2169, 2167, 2170, -1, 2171, 2173, 2172, -1,
                                2174, 2173, 2171, -1, 2176, 2177, 2178, -1,
                                2176, 2178, 2175, -1, 2180, 2181, 2182, -1,
                                2180, 2182, 2179, -1, 2184, 2183, 2185, -1,
                                2185, 2183, 2186, -1, 2187, 2189, 2188, -1,
                                2190, 2189, 2187, -1, 2192, 2193, 2194, -1,
                                2192, 2194, 2191, -1, 2196, 2197, 2198, -1,
                                2196, 2198, 2195, -1, 2202, 2200, 2199, -1,
                                2202, 2199, 2201, -1, 2203, 2205, 2204, -1,
                                2206, 2205, 2203, -1, 2208, 2209, 2210, -1,
                                2208, 2210, 2207, -1, 2211, 2213, 2212, -1,
                                2214, 2213, 2211, -1, 2218, 2216, 2215, -1,
                                2218, 2215, 2217, -1, 2219, 2221, 2220, -1,
                                2222, 2221, 2219, -1, 2224, 2225, 2226, -1,
                                2224, 2226, 2223, -1, 2227, 2229, 2228, -1,
                                2230, 2229, 2227, -1, 2232, 2234, 2231, -1,
                                2231, 2234, 2233, -1, 2236, 2238, 2235, -1,
                                2235, 2238, 2237, -1, 2240, 2242, 2239, -1,
                                2239, 2242, 2241, -1, 2244, 2246, 2243, -1,
                                2243, 2246, 2245, -1, 2248, 2250, 2247, -1,
                                2247, 2250, 2249, -1, 2252, 2254, 2251, -1,
                                2253, 2254, 2252, -1, 2256, 2258, 2255, -1,
                                2255, 2258, 2257, -1, 2260, 2262, 2259, -1,
                                2259, 2262, 2261, -1, 2264, 2266, 2263, -1,
                                2263, 2266, 2265, -1, 2268, 2270, 2267, -1,
                                2267, 2270, 2269, -1, 2272, 2274, 2271, -1,
                                2271, 2274, 2273, -1, 2276, 2278, 2275, -1,
                                2275, 2278, 2277, -1, 2280, 2282, 2279, -1,
                                2279, 2282, 2281, -1, 2284, 2286, 2283, -1,
                                2285, 2286, 2284, -1, 2288, 2289, 2287, -1,
                                2290, 2289, 2288, -1, 2291, 2292, 2293, -1,
                                2293, 2292, 2294, -1, 2296, 2297, 2295, -1,
                                2298, 2297, 2296, -1, 2299, 2300, 2301, -1,
                                2301, 2300, 2302, -1, 2303, 2304, 2305, -1,
                                2305, 2304, 2306, -1, 2309, 2307, 2310, -1,
                                2310, 2307, 2308, -1, 2316, 2315, 2312, -1,
                                2315, 2311, 2312, -1, 2314, 2313, 2315, -1,
                                2315, 2313, 2311, -1, 2318, 2323, 2317, -1,
                                2317, 2323, 2319, -1, 2319, 2324, 2320, -1,
                                2323, 2324, 2319, -1, 2320, 2322, 2321, -1,
                                2324, 2322, 2320, -1, 2327, 2325, 2328, -1,
                                2328, 2325, 2326, -1, 2330, 2331, 2329, -1,
                                2330, 2335, 2331, -1, 2335, 2332, 2331, -1,
                                2335, 2336, 2332, -1, 2336, 2333, 2332, -1,
                                2336, 2334, 2333, -1, 2338, 2344, 2337, -1,
                                2337, 2344, 2339, -1, 2339, 2345, 2340, -1,
                                2344, 2345, 2339, -1, 2340, 2346, 2341, -1,
                                2345, 2346, 2340, -1, 2341, 2343, 2342, -1,
                                2346, 2343, 2341, -1, 2348, 2354, 2347, -1,
                                2347, 2354, 2349, -1, 2349, 2355, 2350, -1,
                                2354, 2355, 2349, -1, 2350, 2356, 2351, -1,
                                2355, 2356, 2350, -1, 2351, 2353, 2352, -1,
                                2356, 2353, 2351, -1, 2358, 2364, 2357, -1,
                                2357, 2364, 2359, -1, 2359, 2365, 2360, -1,
                                2364, 2365, 2359, -1, 2360, 2366, 2361, -1,
                                2365, 2366, 2360, -1, 2361, 2363, 2362, -1,
                                2366, 2363, 2361, -1, 2368, 2374, 2367, -1,
                                2367, 2374, 2369, -1, 2369, 2375, 2370, -1,
                                2374, 2375, 2369, -1, 2370, 2376, 2371, -1,
                                2375, 2376, 2370, -1, 2371, 2373, 2372, -1,
                                2376, 2373, 2371, -1, 2378, 2383, 2377, -1,
                                2377, 2383, 2379, -1, 2379, 2384, 2380, -1,
                                2383, 2384, 2379, -1, 2380, 2382, 2381, -1,
                                2384, 2382, 2380, -1, 2386, 2387, 2385, -1,
                                2388, 2387, 2386, -1, 2390, 2391, 2389, -1,
                                2390, 2395, 2391, -1, 2395, 2392, 2391, -1,
                                2395, 2396, 2392, -1, 2392, 2394, 2393, -1,
                                2396, 2394, 2392, -1, 2398, 2404, 2397, -1,
                                2397, 2404, 2399, -1, 2399, 2405, 2400, -1,
                                2404, 2405, 2399, -1, 2400, 2406, 2401, -1,
                                2405, 2406, 2400, -1, 2401, 2403, 2402, -1,
                                2406, 2403, 2401, -1, 2408, 2414, 2407, -1,
                                2407, 2414, 2409, -1, 2409, 2415, 2410, -1,
                                2414, 2415, 2409, -1, 2410, 2416, 2411, -1,
                                2415, 2416, 2410, -1, 2411, 2413, 2412, -1,
                                2416, 2413, 2411, -1, 2418, 2424, 2417, -1,
                                2417, 2424, 2419, -1, 2419, 2425, 2420, -1,
                                2424, 2425, 2419, -1, 2420, 2426, 2421, -1,
                                2425, 2426, 2420, -1, 2426, 2422, 2421, -1,
                                2426, 2423, 2422, -1, 2428, 2434, 2427, -1,
                                2427, 2434, 2429, -1, 2429, 2435, 2430, -1,
                                2434, 2435, 2429, -1, 2430, 2436, 2431, -1,
                                2435, 2436, 2430, -1, 2431, 2433, 2432, -1,
                                2436, 2433, 2431, -1, 2456, 2470, 2471, -1,
                                2455, 2471, 2472, -1, 2455, 2456, 2471, -1,
                                2457, 2469, 2470, -1, 2457, 2470, 2456, -1,
                                2454, 2472, 2473, -1, 2454, 2455, 2472, -1,
                                2458, 2468, 2469, -1, 2458, 2469, 2457, -1,
                                2453, 2473, 2474, -1, 2453, 2454, 2473, -1,
                                2459, 2467, 2468, -1, 2459, 2468, 2458, -1,
                                2460, 2466, 2467, -1, 2460, 2467, 2459, -1,
                                2452, 2474, 2475, -1, 2452, 2453, 2474, -1,
                                2461, 2465, 2466, -1, 2461, 2466, 2460, -1,
                                2451, 2475, 2476, -1, 2451, 2452, 2475, -1,
                                2462, 2464, 2465, -1, 2462, 2465, 2461, -1,
                                2450, 2451, 2476, -1, 2477, 2450, 2476, -1,
                                2463, 2464, 2462, -1, 2449, 2450, 2477, -1,
                                2449, 2477, 2478, -1, 2448, 2449, 2478, -1,
                                2448, 2478, 2479, -1, 2480, 2448, 2479, -1,
                                2480, 2447, 2448, -1, 2446, 2447, 2480, -1,
                                2481, 2446, 2480, -1, 2445, 2446, 2481, -1,
                                2482, 2445, 2481, -1, 2437, 2444, 2445, -1,
                                2437, 2445, 2482, -1, 2438, 2443, 2444, -1,
                                2438, 2444, 2437, -1, 2439, 2442, 2443, -1,
                                2439, 2443, 2438, -1, 2440, 2441, 2442, -1,
                                2440, 2442, 2439, -1, 2484, 2485, 2483, -1,
                                2486, 2485, 2484, -1, 2487, 2488, 2489, -1,
                                2489, 2488, 2490, -1, 2492, 2493, 2491, -1,
                                2494, 2493, 2492, -1, 2497, 2495, 2498, -1,
                                2498, 2495, 2496, -1, 2500, 2501, 2499, -1,
                                2502, 2501, 2500, -1, 2503, 2504, 2505, -1,
                                2505, 2504, 2506, -1, 2508, 2509, 2507, -1,
                                2510, 2509, 2508, -1, 2512, 2513, 2511, -1,
                                2514, 2513, 2512, -1, 2516, 2517, 2515, -1,
                                2518, 2517, 2516, -1, 2521, 2519, 2522, -1,
                                2522, 2519, 2520, -1, 2523, 2524, 2525, -1,
                                2525, 2524, 2526, -1, 2529, 2527, 2530, -1,
                                2530, 2527, 2528, -1, 2542, 2541, 2532, -1,
                                2541, 2531, 2532, -1, 2541, 2540, 2531, -1,
                                2538, 2537, 2539, -1, 2539, 2537, 2540, -1,
                                2534, 2536, 2535, -1, 2536, 2533, 2537, -1,
                                2534, 2533, 2536, -1, 2540, 2533, 2531, -1,
                                2537, 2533, 2540, -1, 2560, 2561, 2562, -1,
                                2564, 2560, 2562, -1, 2568, 2559, 2560, -1,
                                2568, 2560, 2564, -1, 2567, 2558, 2559, -1,
                                2567, 2559, 2568, -1, 2566, 2557, 2558, -1,
                                2566, 2558, 2567, -1, 2565, 2557, 2566, -1,
                                2556, 2557, 2565, -1, 2572, 2556, 2565, -1,
                                2555, 2556, 2572, -1, 2571, 2555, 2572, -1,
                                2543, 2562, 2561, -1, 2563, 2562, 2543, -1,
                                2554, 2555, 2571, -1, 2570, 2554, 2571, -1,
                                2553, 2554, 2570, -1, 2569, 2553, 2570, -1,
                                2544, 2578, 2577, -1, 2544, 2577, 2563, -1,
                                2544, 2563, 2543, -1, 2552, 2553, 2569, -1,
                                2551, 2569, 2576, -1, 2551, 2552, 2569, -1,
                                2545, 2579, 2578, -1, 2545, 2578, 2544, -1,
                                2550, 2576, 2575, -1, 2550, 2551, 2576, -1,
                                2546, 2580, 2579, -1, 2546, 2579, 2545, -1,
                                2549, 2550, 2575, -1, 2549, 2575, 2574, -1,
                                2547, 2580, 2546, -1, 2547, 2573, 2580, -1,
                                2548, 2549, 2574, -1, 2548, 2574, 2573, -1,
                                2548, 2573, 2547, -1, 2582, 2583, 2581, -1,
                                2584, 2583, 2582, -1, 2586, 2592, 2585, -1,
                                2585, 2592, 2587, -1, 2587, 2593, 2588, -1,
                                2592, 2593, 2587, -1, 2588, 2594, 2589, -1,
                                2593, 2594, 2588, -1, 2589, 2591, 2590, -1,
                                2594, 2591, 2589, -1, 2596, 2602, 2595, -1,
                                2595, 2602, 2597, -1, 2597, 2603, 2598, -1,
                                2602, 2603, 2597, -1, 2598, 2604, 2599, -1,
                                2603, 2604, 2598, -1, 2604, 2600, 2599, -1,
                                2604, 2601, 2600, -1, 2606, 2612, 2605, -1,
                                2605, 2612, 2607, -1, 2607, 2613, 2608, -1,
                                2612, 2613, 2607, -1, 2608, 2614, 2609, -1,
                                2613, 2614, 2608, -1, 2609, 2611, 2610, -1,
                                2614, 2611, 2609, -1, 2616, 2617, 2615, -1,
                                2616, 2622, 2617, -1, 2622, 2618, 2617, -1,
                                2622, 2623, 2618, -1, 2623, 2619, 2618, -1,
                                2623, 2624, 2619, -1, 2624, 2620, 2619, -1,
                                2624, 2621, 2620, -1, 2625, 2626, 2627, -1,
                                2627, 2626, 2628, -1, 2629, 2630, 2631, -1,
                                2631, 2630, 2632, -1, 2633, 2635, 2636, -1,
                                2633, 2636, 2634, -1, 2637, 2639, 2640, -1,
                                2637, 2640, 2638, -1, 2644, 2642, 2641, -1,
                                2644, 2641, 2643, -1, 2646, 2645, 2650, -1,
                                2646, 2650, 2651, -1, 2647, 2651, 2652, -1,
                                2647, 2646, 2651, -1, 2648, 2652, 2653, -1,
                                2648, 2647, 2652, -1, 2649, 2653, 2654, -1,
                                2649, 2648, 2653, -1, 2656, 2655, 2660, -1,
                                2656, 2660, 2661, -1, 2657, 2661, 2662, -1,
                                2657, 2656, 2661, -1, 2658, 2662, 2663, -1,
                                2658, 2657, 2662, -1, 2659, 2663, 2664, -1,
                                2659, 2658, 2663, -1, 2666, 2665, 2670, -1,
                                2666, 2670, 2671, -1, 2667, 2671, 2672, -1,
                                2667, 2666, 2671, -1, 2668, 2672, 2673, -1,
                                2668, 2667, 2672, -1, 2669, 2673, 2674, -1,
                                2669, 2668, 2673, -1, 2681, 2675, 2680, -1,
                                2676, 2675, 2681, -1, 2682, 2676, 2681, -1,
                                2677, 2676, 2682, -1, 2683, 2677, 2682, -1,
                                2678, 2677, 2683, -1, 2684, 2678, 2683, -1,
                                2679, 2678, 2684, -1, 2691, 2692, 2690, -1,
                                2697, 2692, 2696, -1, 2690, 2692, 2697, -1,
                                2692, 2695, 2696, -1, 2692, 2693, 2695, -1,
                                2693, 2685, 2695, -1, 2685, 2694, 2695, -1,
                                2687, 2689, 2686, -1, 2688, 2689, 2687, -1,
                                2689, 2701, 2686, -1, 2686, 2702, 2685, -1,
                                2701, 2702, 2686, -1, 2702, 2703, 2685, -1,
                                2685, 2700, 2694, -1, 2703, 2700, 2685, -1,
                                2694, 2699, 2698, -1, 2700, 2699, 2694, -1,
                                2705, 2706, 2704, -1, 2705, 2712, 2706, -1,
                                2708, 2707, 2709, -1, 2706, 2717, 2707, -1,
                                2712, 2717, 2706, -1, 2707, 2717, 2709, -1,
                                2712, 2711, 2713, -1, 2713, 2711, 2714, -1,
                                2705, 2711, 2712, -1, 2714, 2710, 2715, -1,
                                2715, 2710, 2716, -1, 2716, 2710, 2717, -1,
                                2717, 2710, 2709, -1, 2711, 2710, 2714, -1,
                                2720, 2718, 2721, -1, 2721, 2718, 2719, -1,
                                2724, 2722, 2725, -1, 2722, 2723, 2725, -1,
                                2728, 2726, 2729, -1, 2729, 2726, 2727, -1,
                                2731, 2733, 2730, -1, 2733, 2732, 2730, -1,
                                2736, 2734, 2737, -1, 2737, 2734, 2735, -1,
                                2739, 2740, 2738, -1, 2741, 2740, 2739, -1,
                                2744, 2742, 2745, -1, 2745, 2742, 2743, -1,
                                2747, 2748, 2746, -1, 2749, 2748, 2747, -1,
                                2753, 2751, 2750, -1, 2753, 2750, 2752, -1,
                                2756, 2755, 2754, -1, 2756, 2757, 2755, -1,
                                2759, 2758, 2760, -1, 2759, 2760, 2761, -1,
                                2762, 2764, 2765, -1, 2762, 2765, 2763, -1,
                                2767, 2766, 2768, -1, 2767, 2768, 2769, -1,
                                2770, 2773, 2771, -1, 2772, 2773, 2770, -1,
                                2778, 2777, 2779, -1, 2777, 2775, 2779, -1,
                                2776, 2774, 2777, -1, 2777, 2774, 2775, -1,
                                2781, 2782, 2780, -1, 2783, 2782, 2781, -1,
                                2784, 2785, 2786, -1, 2786, 2785, 2787, -1,
                                2789, 2790, 2788, -1, 2791, 2790, 2789, -1,
                                2794, 2792, 2795, -1, 2795, 2792, 2793, -1,
                                2798, 2796, 2799, -1, 2799, 2796, 2797, -1,
                                2800, 2801, 2802, -1, 2802, 2801, 2803, -1,
                                2805, 2806, 2804, -1, 2807, 2806, 2805, -1,
                                2809, 2810, 2808, -1, 2811, 2810, 2809, -1,
                                2813, 2814, 2812, -1, 2815, 2814, 2813, -1,
                                2816, 2817, 2818, -1, 2818, 2817, 2819, -1,
                                2820, 2821, 2822, -1, 2822, 2821, 2823, -1,
                                2826, 2824, 2827, -1, 2827, 2824, 2825, -1,
                                2839, 2838, 2829, -1, 2838, 2828, 2829, -1,
                                2838, 2837, 2828, -1, 2835, 2834, 2836, -1,
                                2836, 2834, 2837, -1, 2831, 2833, 2832, -1,
                                2833, 2830, 2834, -1, 2831, 2830, 2833, -1,
                                2837, 2830, 2828, -1, 2834, 2830, 2837, -1,
                                2845, 2842, 2843, -1, 2845, 2843, 2844, -1,
                                2846, 2841, 2842, -1, 2846, 2842, 2845, -1,
                                2847, 2840, 2841, -1, 2847, 2841, 2846, -1,
                                2848, 2887, 2840, -1, 2848, 2840, 2847, -1,
                                2849, 2885, 2886, -1, 2849, 2886, 2887, -1,
                                2849, 2887, 2848, -1, 2850, 2885, 2849, -1,
                                2884, 2885, 2850, -1, 2851, 2884, 2850, -1,
                                2896, 2858, 2888, -1, 2896, 2857, 2858, -1,
                                2889, 2888, 2858, -1, 2889, 2858, 2859, -1,
                                2895, 2857, 2896, -1, 2883, 2851, 2852, -1,
                                2883, 2884, 2851, -1, 2890, 2859, 2860, -1,
                                2890, 2860, 2861, -1, 2890, 2889, 2859, -1,
                                2894, 2856, 2857, -1, 2894, 2857, 2895, -1,
                                2891, 2861, 2862, -1, 2891, 2890, 2861, -1,
                                2892, 2862, 2863, -1, 2892, 2891, 2862, -1,
                                2882, 2852, 2853, -1, 2882, 2883, 2852, -1,
                                2893, 2856, 2894, -1, 2911, 2892, 2863, -1,
                                2911, 2863, 2864, -1, 2912, 2864, 2865, -1,
                                2912, 2865, 2866, -1, 2912, 2911, 2864, -1,
                                2855, 2856, 2893, -1, 2913, 2912, 2866, -1,
                                2867, 2913, 2866, -1, 2881, 2853, 2854, -1,
                                2881, 2882, 2853, -1, 2907, 2913, 2867, -1,
                                2868, 2907, 2867, -1, 2908, 2907, 2868, -1,
                                2897, 2855, 2893, -1, 2880, 2854, 2855, -1,
                                2880, 2881, 2854, -1, 2880, 2855, 2897, -1,
                                2869, 2908, 2868, -1, 2898, 2880, 2897, -1,
                                2902, 2880, 2898, -1, 2870, 2909, 2908, -1,
                                2870, 2908, 2869, -1, 2871, 2910, 2909, -1,
                                2871, 2903, 2910, -1, 2871, 2909, 2870, -1,
                                2872, 2903, 2871, -1, 2872, 2904, 2903, -1,
                                2873, 2905, 2904, -1, 2873, 2904, 2872, -1,
                                2876, 2900, 2899, -1, 2877, 2900, 2876, -1,
                                2877, 2901, 2900, -1, 2875, 2906, 2905, -1,
                                2875, 2899, 2906, -1, 2875, 2876, 2899, -1,
                                2874, 2905, 2873, -1, 2874, 2875, 2905, -1,
                                2879, 2901, 2877, -1, 2879, 2877, 2878, -1,
                                2879, 2902, 2901, -1, 2879, 2880, 2902, -1,
                                2915, 2920, 2914, -1, 2914, 2920, 2916, -1,
                                2916, 2921, 2917, -1, 2920, 2921, 2916, -1,
                                2921, 2918, 2917, -1, 2921, 2919, 2918, -1,
                                2924, 2922, 2925, -1, 2925, 2922, 2923, -1,
                                2927, 2932, 2926, -1, 2926, 2932, 2928, -1,
                                2928, 2933, 2929, -1, 2932, 2933, 2928, -1,
                                2929, 2931, 2930, -1, 2933, 2931, 2929, -1,
                                2935, 2945, 2934, -1, 2934, 2945, 2936, -1,
                                2936, 2946, 2937, -1, 2945, 2946, 2936, -1,
                                2937, 2947, 2938, -1, 2946, 2947, 2937, -1,
                                2938, 2948, 2939, -1, 2947, 2948, 2938, -1,
                                2939, 2949, 2940, -1, 2948, 2949, 2939, -1,
                                2940, 2950, 2941, -1, 2949, 2950, 2940, -1,
                                2941, 2951, 2942, -1, 2950, 2951, 2941, -1,
                                2942, 2944, 2943, -1, 2951, 2944, 2942, -1,
                                2954, 2952, 2955, -1, 2955, 2952, 2953, -1,
                                2957, 2958, 2956, -1, 2957, 2966, 2958, -1,
                                2966, 2959, 2958, -1, 2966, 2967, 2959, -1,
                                2967, 2960, 2959, -1, 2967, 2968, 2960, -1,
                                2968, 2961, 2960, -1, 2968, 2969, 2961, -1,
                                2969, 2962, 2961, -1, 2969, 2970, 2962, -1,
                                2970, 2963, 2962, -1, 2970, 2971, 2963, -1,
                                2971, 2964, 2963, -1, 2971, 2965, 2964, -1,
                                2973, 2979, 2972, -1, 2972, 2979, 2974, -1,
                                2974, 2980, 2975, -1, 2979, 2980, 2974, -1,
                                2975, 2981, 2976, -1, 2980, 2981, 2975, -1,
                                2976, 2978, 2977, -1, 2981, 2978, 2976, -1,
                                2983, 2984, 2982, -1, 2983, 2989, 2984, -1,
                                2989, 2985, 2984, -1, 2989, 2990, 2985, -1,
                                2990, 2986, 2985, -1, 2990, 2991, 2986, -1,
                                2991, 2987, 2986, -1, 2991, 2988, 2987, -1,
                                2993, 3000, 2992, -1, 2992, 3000, 2994, -1,
                                2994, 3001, 2995, -1, 3000, 3001, 2994, -1,
                                2995, 3002, 2996, -1, 3001, 3002, 2995, -1,
                                2996, 3003, 2997, -1, 3002, 3003, 2996, -1,
                                2997, 2999, 2998, -1, 3003, 2999, 2997, -1,
                                3005, 3006, 3004, -1, 3007, 3006, 3005, -1,
                                3008, 3009, 3010, -1, 3010, 3009, 3011, -1,
                                3013, 3014, 3012, -1, 3015, 3014, 3013, -1,
                                3017, 3018, 3016, -1, 3019, 3018, 3017, -1,
                                3021, 3031, 3020, -1, 3020, 3031, 3022, -1,
                                3022, 3032, 3023, -1, 3031, 3032, 3022, -1,
                                3023, 3033, 3024, -1, 3032, 3033, 3023, -1,
                                3024, 3034, 3025, -1, 3033, 3034, 3024, -1,
                                3025, 3035, 3026, -1, 3034, 3035, 3025, -1,
                                3026, 3036, 3027, -1, 3035, 3036, 3026, -1,
                                3027, 3037, 3028, -1, 3036, 3037, 3027, -1,
                                3037, 3029, 3028, -1, 3037, 3030, 3029, -1,
                                3039, 3038, 3043, -1, 3039, 3043, 3044, -1,
                                3040, 3044, 3045, -1, 3040, 3039, 3044, -1,
                                3041, 3045, 3046, -1, 3041, 3040, 3045, -1,
                                3042, 3046, 3047, -1, 3042, 3041, 3046, -1,
                                3049, 3048, 3053, -1, 3049, 3053, 3054, -1,
                                3050, 3054, 3055, -1, 3050, 3049, 3054, -1,
                                3051, 3055, 3056, -1, 3051, 3056, 3057, -1,
                                3051, 3050, 3055, -1, 3052, 3051, 3057, -1,
                                3059, 3058, 3063, -1, 3059, 3063, 3064, -1,
                                3060, 3064, 3065, -1, 3060, 3059, 3064, -1,
                                3061, 3065, 3066, -1, 3061, 3060, 3065, -1,
                                3062, 3066, 3067, -1, 3062, 3061, 3066, -1,
                                3069, 3068, 3073, -1, 3069, 3073, 3074, -1,
                                3070, 3074, 3075, -1, 3070, 3069, 3074, -1,
                                3071, 3075, 3076, -1, 3071, 3070, 3075, -1,
                                3072, 3076, 3077, -1, 3072, 3071, 3076, -1,
                                3079, 3078, 3083, -1, 3079, 3083, 3084, -1,
                                3080, 3084, 3085, -1, 3080, 3079, 3084, -1,
                                3081, 3085, 3086, -1, 3081, 3080, 3085, -1,
                                3082, 3086, 3087, -1, 3082, 3081, 3086, -1,
                                3089, 3088, 3093, -1, 3089, 3093, 3094, -1,
                                3090, 3094, 3095, -1, 3090, 3089, 3094, -1,
                                3091, 3095, 3096, -1, 3091, 3090, 3095, -1,
                                3092, 3096, 3097, -1, 3092, 3091, 3096, -1,
                                3101, 3099, 3098, -1, 3101, 3098, 3100, -1,
                                3104, 3103, 3102, -1, 3104, 3105, 3103, -1,
                                3123, 3121, 3122, -1, 3116, 3121, 3123, -1,
                                3107, 3128, 3106, -1, 3109, 3128, 3108, -1,
                                3110, 3128, 3109, -1, 3111, 3128, 3110, -1,
                                3106, 3128, 3111, -1, 3114, 3128, 3113, -1,
                                3115, 3128, 3114, -1, 3108, 3128, 3115, -1,
                                3117, 3120, 3116, -1, 3118, 3120, 3117, -1,
                                3116, 3120, 3121, -1, 3118, 3127, 3120, -1,
                                3113, 3129, 3112, -1, 3119, 3129, 3118, -1,
                                3112, 3129, 3119, -1, 3128, 3129, 3113, -1,
                                3118, 3129, 3127, -1, 3127, 3130, 3126, -1,
                                3129, 3130, 3127, -1, 3130, 3125, 3126, -1,
                                3130, 3131, 3125, -1, 3131, 3124, 3125, -1,
                                3133, 3138, 3132, -1, 3132, 3138, 3134, -1,
                                3134, 3139, 3135, -1, 3138, 3139, 3134, -1,
                                3139, 3136, 3135, -1, 3139, 3137, 3136, -1,
                                3140, 3141, 3142, -1, 3142, 3141, 3143, -1,
                                3145, 3150, 3144, -1, 3144, 3150, 3146, -1,
                                3146, 3151, 3147, -1, 3150, 3151, 3146, -1,
                                3147, 3149, 3148, -1, 3151, 3149, 3147, -1,
                                3153, 3154, 3152, -1, 3153, 3158, 3154, -1,
                                3158, 3155, 3154, -1, 3158, 3159, 3155, -1,
                                3159, 3156, 3155, -1, 3159, 3157, 3156, -1,
                                3161, 3168, 3160, -1, 3160, 3168, 3162, -1,
                                3162, 3169, 3163, -1, 3168, 3169, 3162, -1,
                                3163, 3170, 3164, -1, 3169, 3170, 3163, -1,
                                3164, 3171, 3165, -1, 3170, 3171, 3164, -1,
                                3165, 3167, 3166, -1, 3171, 3167, 3165, -1,
                                3173, 3179, 3172, -1, 3172, 3179, 3174, -1,
                                3174, 3180, 3175, -1, 3179, 3180, 3174, -1,
                                3175, 3181, 3176, -1, 3180, 3181, 3175, -1,
                                3176, 3178, 3177, -1, 3181, 3178, 3176, -1,
                                3183, 3188, 3182, -1, 3182, 3188, 3184, -1,
                                3184, 3189, 3185, -1, 3188, 3189, 3184, -1,
                                3185, 3187, 3186, -1, 3189, 3187, 3185, -1,
                                3191, 3195, 3190, -1, 3190, 3195, 3192, -1,
                                3192, 3194, 3193, -1, 3195, 3194, 3192, -1,
                                3197, 3204, 3196, -1, 3196, 3204, 3198, -1,
                                3198, 3205, 3199, -1, 3204, 3205, 3198, -1,
                                3199, 3206, 3200, -1, 3205, 3206, 3199, -1,
                                3200, 3207, 3201, -1, 3206, 3207, 3200, -1,
                                3201, 3203, 3202, -1, 3207, 3203, 3201, -1,
                                3209, 3216, 3208, -1, 3208, 3216, 3210, -1,
                                3210, 3217, 3211, -1, 3216, 3217, 3210, -1,
                                3211, 3218, 3212, -1, 3217, 3218, 3211, -1,
                                3212, 3219, 3213, -1, 3218, 3219, 3212, -1,
                                3213, 3215, 3214, -1, 3219, 3215, 3213, -1,
                                3221, 3226, 3220, -1, 3220, 3226, 3222, -1,
                                3222, 3227, 3223, -1, 3226, 3227, 3222, -1,
                                3223, 3225, 3224, -1, 3227, 3225, 3223, -1,
                                3229, 3234, 3228, -1, 3228, 3234, 3230, -1,
                                3230, 3235, 3231, -1, 3234, 3235, 3230, -1,
                                3231, 3233, 3232, -1, 3235, 3233, 3231, -1,
                                3237, 3238, 3236, -1, 3239, 3238, 3237, -1,
                                3241, 3242, 3240, -1, 3241, 3246, 3242, -1,
                                3246, 3243, 3242, -1, 3246, 3247, 3243, -1,
                                3247, 3244, 3243, -1, 3247, 3245, 3244, -1,
                                3249, 3254, 3248, -1, 3248, 3254, 3250, -1,
                                3250, 3255, 3251, -1, 3254, 3255, 3250, -1,
                                3251, 3253, 3252, -1, 3255, 3253, 3251, -1,
                                3257, 3258, 3256, -1, 3257, 3264, 3258, -1,
                                3264, 3259, 3258, -1, 3264, 3265, 3259, -1,
                                3265, 3260, 3259, -1, 3265, 3266, 3260, -1,
                                3260, 3267, 3261, -1, 3266, 3267, 3260, -1,
                                3261, 3263, 3262, -1, 3267, 3263, 3261, -1,
                                3269, 3274, 3268, -1, 3268, 3274, 3270, -1,
                                3270, 3275, 3271, -1, 3274, 3275, 3270, -1,
                                3275, 3272, 3271, -1, 3275, 3273, 3272, -1,
                                3277, 3282, 3276, -1, 3276, 3282, 3278, -1,
                                3278, 3283, 3279, -1, 3282, 3283, 3278, -1,
                                3279, 3281, 3280, -1, 3283, 3281, 3279, -1,
                                3285, 3289, 3284, -1, 3284, 3289, 3286, -1,
                                3286, 3288, 3287, -1, 3289, 3288, 3286, -1,
                                3291, 3298, 3290, -1, 3290, 3298, 3292, -1,
                                3292, 3299, 3293, -1, 3298, 3299, 3292, -1,
                                3293, 3300, 3294, -1, 3299, 3300, 3293, -1,
                                3294, 3301, 3295, -1, 3300, 3301, 3294, -1,
                                3295, 3297, 3296, -1, 3301, 3297, 3295, -1,
                                3303, 3314, 3302, -1, 3302, 3314, 3304, -1,
                                3304, 3315, 3305, -1, 3314, 3315, 3304, -1,
                                3305, 3316, 3306, -1, 3315, 3316, 3305, -1,
                                3306, 3317, 3307, -1, 3316, 3317, 3306, -1,
                                3307, 3318, 3308, -1, 3317, 3318, 3307, -1,
                                3308, 3319, 3309, -1, 3318, 3319, 3308, -1,
                                3309, 3320, 3310, -1, 3319, 3320, 3309, -1,
                                3310, 3321, 3311, -1, 3311, 3321, 3312, -1,
                                3320, 3321, 3310, -1, 3321, 3313, 3312, -1,
                                3391, 3395, 3390, -1, 3390, 3395, 3393, -1,
                                3392, 3394, 3391, -1, 3387, 3394, 3392, -1,
                                3391, 3394, 3395, -1, 3387, 3331, 3394, -1,
                                3388, 3330, 3387, -1, 3387, 3330, 3331, -1,
                                3388, 3329, 3330, -1, 3389, 3328, 3388, -1,
                                3388, 3328, 3329, -1, 3389, 3327, 3328, -1,
                                3389, 3326, 3327, -1, 3389, 3382, 3326, -1,
                                3382, 3325, 3326, -1, 3325, 3383, 3324, -1,
                                3382, 3383, 3325, -1, 3324, 3384, 3323, -1,
                                3383, 3384, 3324, -1, 3323, 3385, 3322, -1,
                                3384, 3385, 3323, -1, 3341, 3368, 3340, -1,
                                3340, 3369, 3339, -1, 3368, 3369, 3340, -1,
                                3344, 3370, 3343, -1, 3339, 3370, 3344, -1,
                                3369, 3370, 3339, -1, 3341, 3374, 3368, -1,
                                3337, 3374, 3341, -1, 3343, 3371, 3342, -1,
                                3370, 3371, 3343, -1, 3385, 3386, 3322, -1,
                                3371, 3372, 3342, -1, 3349, 3363, 3348, -1,
                                3342, 3363, 3349, -1, 3372, 3363, 3342, -1,
                                3336, 3378, 3335, -1, 3322, 3378, 3336, -1,
                                3386, 3378, 3322, -1, 3338, 3373, 3337, -1,
                                3337, 3373, 3374, -1, 3348, 3364, 3347, -1,
                                3363, 3364, 3348, -1, 3364, 3365, 3347, -1,
                                3347, 3365, 3346, -1, 3335, 3379, 3334, -1,
                                3378, 3379, 3335, -1, 3332, 3377, 3338, -1,
                                3338, 3377, 3373, -1, 3365, 3366, 3346, -1,
                                3379, 3380, 3334, -1, 3333, 3376, 3332, -1,
                                3332, 3376, 3377, -1, 3334, 3381, 3333, -1,
                                3380, 3381, 3334, -1, 3381, 3375, 3333, -1,
                                3333, 3375, 3376, -1, 3367, 3345, 3366, -1,
                                3366, 3345, 3346, -1, 3367, 3360, 3345, -1,
                                3360, 3352, 3345, -1, 3361, 3352, 3360, -1,
                                3361, 3351, 3352, -1, 3362, 3351, 3361, -1,
                                3357, 3351, 3362, -1, 3357, 3350, 3351, -1,
                                3358, 3350, 3357, -1, 3358, 3355, 3350, -1,
                                3358, 3354, 3355, -1, 3359, 3354, 3358, -1,
                                3359, 3353, 3354, -1, 3356, 3353, 3359, -1,
                                3396, 3397, 3398, -1, 3398, 3397, 3399, -1,
                                3402, 3400, 3403, -1, 3403, 3400, 3401, -1,
                                3405, 3407, 3404, -1, 3404, 3407, 3406, -1,
                                3408, 3409, 3410, -1, 3410, 3409, 3411, -1,
                                3414, 3412, 3415, -1, 3415, 3412, 3413, -1,
                                3418, 3416, 3419, -1, 3419, 3416, 3417, -1,
                                3422, 3420, 3423, -1, 3420, 3421, 3423, -1,
                                3426, 3424, 3427, -1, 3427, 3424, 3425, -1,
                                3430, 3428, 3431, -1, 3431, 3428, 3429, -1,
                                3433, 3441, 3432, -1, 3432, 3441, 3434, -1,
                                3434, 3442, 3435, -1, 3441, 3442, 3434, -1,
                                3435, 3443, 3436, -1, 3442, 3443, 3435, -1,
                                3436, 3444, 3437, -1, 3443, 3444, 3436, -1,
                                3437, 3445, 3438, -1, 3444, 3445, 3437, -1,
                                3438, 3440, 3439, -1, 3445, 3440, 3438, -1,
                                3447, 3452, 3446, -1, 3446, 3452, 3448, -1,
                                3448, 3453, 3449, -1, 3452, 3453, 3448, -1,
                                3449, 3451, 3450, -1, 3453, 3451, 3449, -1,
                                3454, 3455, 3456, -1, 3456, 3455, 3457, -1,
                                3459, 3460, 3458, -1, 3459, 3463, 3460, -1,
                                3463, 3461, 3460, -1, 3463, 3462, 3461, -1,
                                3465, 3474, 3464, -1, 3464, 3474, 3466, -1,
                                3466, 3475, 3467, -1, 3474, 3475, 3466, -1,
                                3467, 3476, 3468, -1, 3475, 3476, 3467, -1,
                                3468, 3477, 3469, -1, 3476, 3477, 3468, -1,
                                3469, 3478, 3470, -1, 3477, 3478, 3469, -1,
                                3470, 3479, 3471, -1, 3478, 3479, 3470, -1,
                                3479, 3472, 3471, -1, 3479, 3473, 3472, -1,
                                3482, 3480, 3483, -1, 3483, 3480, 3481, -1,
                                3501, 3502, 3503, -1, 3500, 3503, 3504, -1,
                                3500, 3501, 3503, -1, 3499, 3504, 3505, -1,
                                3499, 3500, 3504, -1, 3498, 3505, 3506, -1,
                                3498, 3499, 3505, -1, 3497, 3498, 3506, -1,
                                3496, 3506, 3507, -1, 3496, 3497, 3506, -1,
                                3508, 3496, 3507, -1, 3495, 3496, 3508, -1,
                                3509, 3495, 3508, -1, 3494, 3495, 3509, -1,
                                3510, 3494, 3509, -1, 3493, 3494, 3510, -1,
                                3511, 3493, 3510, -1, 3512, 3493, 3511, -1,
                                3492, 3493, 3512, -1, 3487, 3492, 3512, -1,
                                3487, 3488, 3492, -1, 3489, 3492, 3488, -1,
                                3486, 3487, 3512, -1, 3490, 3491, 3489, -1,
                                3484, 3485, 3486, -1, 3484, 3486, 3512, -1,
                                3491, 3492, 3489, -1, 3514, 3515, 3513, -1,
                                3516, 3515, 3514, -1, 3519, 3517, 3520, -1,
                                3517, 3518, 3520, -1, 3522, 3523, 3521, -1,
                                3524, 3523, 3522, -1, 3526, 3528, 3525, -1,
                                3528, 3527, 3525, -1, 3531, 3529, 3532, -1,
                                3532, 3529, 3530, -1, 3533, 3534, 3535, -1,
                                3535, 3534, 3536, -1, 3538, 3539, 3537, -1,
                                3540, 3539, 3538, -1, 3543, 3542, 3544, -1,
                                3543, 3541, 3542, -1, 3546, 3547, 3545, -1,
                                3548, 3547, 3546, -1, 3551, 3549, 3552, -1,
                                3552, 3549, 3550, -1, 3553, 3554, 3555, -1,
                                3555, 3554, 3556, -1, 3558, 3559, 3557, -1,
                                3560, 3559, 3558, -1, 3572, 3571, 3562, -1,
                                3571, 3561, 3562, -1, 3568, 3570, 3569, -1,
                                3571, 3570, 3561, -1, 3568, 3567, 3570, -1,
                                3564, 3566, 3565, -1, 3566, 3563, 3567, -1,
                                3570, 3563, 3561, -1, 3564, 3563, 3566, -1,
                                3567, 3563, 3570, -1, 3590, 3591, 3592, -1,
                                3594, 3590, 3592, -1, 3598, 3589, 3590, -1,
                                3598, 3590, 3594, -1, 3597, 3588, 3589, -1,
                                3597, 3589, 3598, -1, 3596, 3587, 3588, -1,
                                3596, 3588, 3597, -1, 3595, 3587, 3596, -1,
                                3586, 3587, 3595, -1, 3602, 3586, 3595, -1,
                                3585, 3586, 3602, -1, 3601, 3585, 3602, -1,
                                3573, 3592, 3591, -1, 3593, 3592, 3573, -1,
                                3584, 3585, 3601, -1, 3600, 3584, 3601, -1,
                                3583, 3584, 3600, -1, 3599, 3583, 3600, -1,
                                3574, 3608, 3607, -1, 3574, 3607, 3593, -1,
                                3574, 3593, 3573, -1, 3582, 3583, 3599, -1,
                                3581, 3599, 3606, -1, 3581, 3582, 3599, -1,
                                3575, 3609, 3608, -1, 3575, 3608, 3574, -1,
                                3580, 3606, 3605, -1, 3580, 3581, 3606, -1,
                                3576, 3610, 3609, -1, 3576, 3609, 3575, -1,
                                3579, 3580, 3605, -1, 3579, 3605, 3604, -1,
                                3577, 3610, 3576, -1, 3577, 3603, 3610, -1,
                                3578, 3579, 3604, -1, 3578, 3604, 3603, -1,
                                3578, 3603, 3577, -1, 3613, 3611, 3614, -1,
                                3614, 3611, 3612, -1, 3616, 3622, 3615, -1,
                                3615, 3622, 3617, -1, 3617, 3623, 3618, -1,
                                3622, 3623, 3617, -1, 3618, 3624, 3619, -1,
                                3623, 3624, 3618, -1, 3619, 3621, 3620, -1,
                                3624, 3621, 3619, -1, 3626, 3632, 3625, -1,
                                3625, 3632, 3627, -1, 3627, 3633, 3628, -1,
                                3632, 3633, 3627, -1, 3628, 3634, 3629, -1,
                                3633, 3634, 3628, -1, 3629, 3631, 3630, -1,
                                3634, 3631, 3629, -1, 3636, 3642, 3635, -1,
                                3635, 3642, 3637, -1, 3637, 3643, 3638, -1,
                                3642, 3643, 3637, -1, 3638, 3644, 3639, -1,
                                3643, 3644, 3638, -1, 3644, 3640, 3639, -1,
                                3644, 3641, 3640, -1, 3646, 3652, 3645, -1,
                                3645, 3652, 3647, -1, 3647, 3653, 3648, -1,
                                3652, 3653, 3647, -1, 3648, 3654, 3649, -1,
                                3653, 3654, 3648, -1, 3654, 3650, 3649, -1,
                                3654, 3651, 3650, -1, 3655, 3656, 3657, -1,
                                3657, 3656, 3658, -1, 3659, 3660, 3661, -1,
                                3661, 3660, 3662, -1, 3663, 3665, 3666, -1,
                                3663, 3666, 3664, -1, 3667, 3669, 3670, -1,
                                3667, 3670, 3668, -1, 3673, 3672, 3671, -1,
                                3673, 3674, 3672, -1, 3676, 3675, 3680, -1,
                                3676, 3680, 3681, -1, 3677, 3681, 3682, -1,
                                3677, 3676, 3681, -1, 3678, 3682, 3683, -1,
                                3678, 3677, 3682, -1, 3679, 3683, 3684, -1,
                                3679, 3678, 3683, -1, 3686, 3685, 3690, -1,
                                3686, 3690, 3691, -1, 3687, 3691, 3692, -1,
                                3687, 3686, 3691, -1, 3688, 3692, 3693, -1,
                                3688, 3687, 3692, -1, 3689, 3693, 3694, -1,
                                3689, 3688, 3693, -1, 3696, 3695, 3700, -1,
                                3696, 3700, 3701, -1, 3697, 3701, 3702, -1,
                                3697, 3696, 3701, -1, 3698, 3702, 3703, -1,
                                3698, 3697, 3702, -1, 3704, 3698, 3703, -1,
                                3699, 3698, 3704, -1, 3706, 3705, 3710, -1,
                                3706, 3710, 3711, -1, 3707, 3711, 3712, -1,
                                3707, 3706, 3711, -1, 3708, 3712, 3713, -1,
                                3708, 3707, 3712, -1, 3709, 3713, 3714, -1,
                                3709, 3708, 3713, -1, 3721, 3722, 3720, -1,
                                3727, 3722, 3726, -1, 3720, 3722, 3727, -1,
                                3722, 3725, 3726, -1, 3722, 3723, 3725, -1,
                                3723, 3715, 3725, -1, 3715, 3724, 3725, -1,
                                3717, 3719, 3716, -1, 3718, 3719, 3717, -1,
                                3719, 3731, 3716, -1, 3716, 3732, 3715, -1,
                                3731, 3732, 3716, -1, 3732, 3733, 3715, -1,
                                3715, 3730, 3724, -1, 3733, 3730, 3715, -1,
                                3724, 3729, 3728, -1, 3730, 3729, 3724, -1,
                                3735, 3736, 3734, -1, 3735, 3742, 3736, -1,
                                3738, 3737, 3739, -1, 3736, 3747, 3737, -1,
                                3742, 3747, 3736, -1, 3737, 3747, 3739, -1,
                                3742, 3741, 3743, -1, 3743, 3741, 3744, -1,
                                3735, 3741, 3742, -1, 3744, 3740, 3745, -1,
                                3745, 3740, 3746, -1, 3746, 3740, 3747, -1,
                                3747, 3740, 3739, -1, 3741, 3740, 3744, -1,
                                3750, 3748, 3751, -1, 3751, 3748, 3749, -1,
                                3752, 3753, 3754, -1, 3754, 3753, 3755, -1,
                                3758, 3756, 3759, -1, 3759, 3756, 3757, -1,
                                3761, 3762, 3760, -1, 3763, 3762, 3761, -1,
                                3766, 3764, 3767, -1, 3767, 3764, 3765, -1,
                                3769, 3770, 3768, -1, 3771, 3770, 3769, -1,
                                3774, 3772, 3775, -1, 3775, 3772, 3773, -1,
                                3777, 3778, 3776, -1, 3779, 3778, 3777, -1,
                                3783, 3781, 3780, -1, 3783, 3780, 3782, -1,
                                3786, 3785, 3784, -1, 3786, 3787, 3785, -1,
                                3791, 3788, 3790, -1, 3789, 3788, 3791, -1,
                                3792, 3794, 3795, -1, 3792, 3795, 3793, -1,
                                3797, 3796, 3798, -1, 3797, 3798, 3799, -1,
                                3802, 3801, 3800, -1, 3802, 3803, 3801, -1,
                                3808, 3807, 3809, -1, 3807, 3805, 3809, -1,
                                3806, 3804, 3807, -1, 3807, 3804, 3805, -1,
                                3818, 3843, 3817, -1, 3810, 3843, 3818, -1,
                                3811, 3842, 3810, -1, 3810, 3842, 3843, -1,
                                3817, 3844, 3816, -1, 3843, 3844, 3817, -1,
                                3812, 3841, 3811, -1, 3811, 3841, 3842, -1,
                                3816, 3845, 3815, -1, 3844, 3845, 3816, -1,
                                3813, 3840, 3812, -1, 3812, 3840, 3841, -1,
                                3845, 3838, 3815, -1, 3814, 3839, 3813, -1,
                                3813, 3839, 3840, -1, 3819, 3825, 3826, -1,
                                3819, 3824, 3825, -1, 3935, 3852, 3814, -1,
                                3814, 3852, 3839, -1, 3936, 3851, 3935, -1,
                                3935, 3851, 3852, -1, 3838, 3834, 3815, -1,
                                3815, 3834, 3819, -1, 3819, 3835, 3824, -1,
                                3823, 3835, 3822, -1, 3824, 3835, 3823, -1,
                                3834, 3835, 3819, -1, 3837, 3827, 3836, -1,
                                3821, 3833, 3820, -1, 3822, 3833, 3821, -1,
                                3836, 3828, 3835, -1, 3827, 3828, 3836, -1,
                                3835, 3832, 3822, -1, 3822, 3832, 3833, -1,
                                3828, 3829, 3835, -1, 3835, 3831, 3832, -1,
                                3829, 3830, 3835, -1, 3835, 3830, 3831, -1,
                                3936, 3850, 3851, -1, 3937, 3850, 3936, -1,
                                3937, 3938, 3850, -1, 3850, 3938, 3849, -1,
                                3849, 3939, 3848, -1, 3938, 3939, 3849, -1,
                                3848, 3932, 3847, -1, 3939, 3932, 3848, -1,
                                3847, 3860, 3846, -1, 3846, 3860, 3853, -1,
                                3932, 3860, 3847, -1, 3900, 3959, 3899, -1,
                                3959, 3958, 3899, -1, 3899, 3958, 3898, -1,
                                3901, 3960, 3900, -1, 3900, 3960, 3959, -1,
                                3898, 3957, 3897, -1, 3958, 3957, 3898, -1,
                                3902, 3961, 3901, -1, 3901, 3961, 3960, -1,
                                3957, 3956, 3897, -1, 3897, 3956, 3896, -1,
                                3902, 3962, 3961, -1, 3895, 3962, 3902, -1,
                                3956, 3955, 3896, -1, 3894, 3963, 3895, -1,
                                3895, 3963, 3962, -1, 3955, 3954, 3896, -1,
                                3896, 3954, 3908, -1, 3933, 3859, 3932, -1,
                                3932, 3859, 3860, -1, 3894, 3964, 3963, -1,
                                3954, 3953, 3908, -1, 3908, 3953, 3907, -1,
                                3894, 3965, 3964, -1, 3953, 3952, 3907, -1,
                                3907, 3952, 3906, -1, 3894, 3888, 3965, -1,
                                3888, 3966, 3965, -1, 3952, 3951, 3906, -1,
                                3951, 3905, 3906, -1, 3888, 3967, 3966, -1,
                                3951, 3950, 3905, -1, 3933, 3858, 3859, -1,
                                3934, 3858, 3933, -1, 3888, 3889, 3967, -1,
                                3967, 3889, 3968, -1, 3950, 3904, 3905, -1,
                                3949, 3904, 3950, -1, 3934, 3929, 3858, -1,
                                3889, 3890, 3968, -1, 3968, 3890, 3969, -1,
                                3929, 3857, 3858, -1, 3947, 3903, 3948, -1,
                                3948, 3903, 3949, -1, 3949, 3903, 3904, -1,
                                3890, 3891, 3969, -1, 3969, 3891, 3970, -1,
                                3970, 3882, 3940, -1, 3891, 3882, 3970, -1,
                                3857, 3930, 3856, -1, 3929, 3930, 3857, -1,
                                3940, 3883, 3941, -1, 3882, 3883, 3940, -1,
                                3903, 3877, 3911, -1, 3945, 3877, 3946, -1,
                                3946, 3877, 3947, -1, 3947, 3877, 3903, -1,
                                3941, 3884, 3942, -1, 3883, 3884, 3941, -1,
                                3945, 3887, 3877, -1, 3944, 3887, 3945, -1,
                                3942, 3885, 3943, -1, 3884, 3885, 3942, -1,
                                3943, 3886, 3944, -1, 3885, 3886, 3943, -1,
                                3944, 3886, 3887, -1, 3877, 3878, 3911, -1,
                                3911, 3878, 3910, -1, 3856, 3931, 3855, -1,
                                3930, 3931, 3856, -1, 3878, 3909, 3910, -1,
                                3878, 3879, 3909, -1, 3931, 3926, 3855, -1,
                                3855, 3926, 3854, -1, 3854, 3926, 3866, -1,
                                3862, 3869, 3861, -1, 3880, 3914, 3879, -1,
                                3879, 3914, 3909, -1, 3862, 3868, 3869, -1,
                                3926, 3927, 3866, -1, 3866, 3927, 3865, -1,
                                3880, 3913, 3914, -1, 3881, 3913, 3880, -1,
                                3927, 3928, 3865, -1, 3865, 3928, 3864, -1,
                                3862, 3923, 3868, -1, 3863, 3923, 3862, -1,
                                3868, 3923, 3867, -1, 3928, 3924, 3864, -1,
                                3864, 3925, 3863, -1, 3863, 3925, 3923, -1,
                                3924, 3925, 3864, -1, 3923, 3919, 3867, -1,
                                3867, 3919, 3876, -1, 3881, 3912, 3913, -1,
                                3870, 3912, 3881, -1, 3870, 3918, 3912, -1,
                                3871, 3918, 3870, -1, 3876, 3920, 3875, -1,
                                3919, 3920, 3876, -1, 3871, 3917, 3918, -1,
                                3872, 3917, 3871, -1, 3875, 3921, 3874, -1,
                                3920, 3921, 3875, -1, 3873, 3916, 3872, -1,
                                3872, 3916, 3917, -1, 3921, 3922, 3874, -1,
                                3873, 3915, 3916, -1, 3874, 3915, 3873, -1,
                                3922, 3915, 3874, -1, 3894, 3893, 3892, -1,
                                3894, 3892, 3888, -1, 3972, 3980, 3971, -1,
                                3971, 3980, 3973, -1, 3973, 3981, 3974, -1,
                                3980, 3981, 3973, -1, 3974, 3982, 3975, -1,
                                3981, 3982, 3974, -1, 3975, 3983, 3976, -1,
                                3982, 3983, 3975, -1, 3976, 3984, 3977, -1,
                                3983, 3984, 3976, -1, 3977, 3979, 3978, -1,
                                3984, 3979, 3977, -1, 3986, 3991, 3985, -1,
                                3985, 3991, 3987, -1, 3987, 3992, 3988, -1,
                                3991, 3992, 3987, -1, 3988, 3990, 3989, -1,
                                3992, 3990, 3988, -1, 3994, 3999, 3993, -1,
                                3993, 3999, 3995, -1, 3995, 4000, 3996, -1,
                                3999, 4000, 3995, -1, 3996, 3998, 3997, -1,
                                4000, 3998, 3996, -1, 4002, 4007, 4001, -1,
                                4001, 4007, 4003, -1, 4003, 4008, 4004, -1,
                                4007, 4008, 4003, -1, 4008, 4005, 4004, -1,
                                4008, 4006, 4005, -1, 4010, 4014, 4009, -1,
                                4009, 4014, 4011, -1, 4011, 4013, 4012, -1,
                                4014, 4013, 4011, -1, 4016, 4017, 4015, -1,
                                4016, 4018, 4017, -1, 4020, 4021, 4019, -1,
                                4020, 4026, 4021, -1, 4026, 4022, 4021, -1,
                                4026, 4027, 4022, -1, 4027, 4023, 4022, -1,
                                4027, 4028, 4023, -1, 4028, 4024, 4023, -1,
                                4028, 4025, 4024, -1, 4030, 4031, 4029, -1,
                                4030, 4036, 4031, -1, 4036, 4032, 4031, -1,
                                4036, 4037, 4032, -1, 4037, 4033, 4032, -1,
                                4037, 4038, 4033, -1, 4033, 4035, 4034, -1,
                                4038, 4035, 4033, -1, 4040, 4045, 4039, -1,
                                4039, 4045, 4041, -1, 4041, 4046, 4042, -1,
                                4045, 4046, 4041, -1, 4042, 4044, 4043, -1,
                                4046, 4044, 4042, -1, 4048, 4053, 4047, -1,
                                4047, 4053, 4049, -1, 4049, 4054, 4050, -1,
                                4053, 4054, 4049, -1, 4050, 4052, 4051, -1,
                                4054, 4052, 4050, -1, 4056, 4064, 4055, -1,
                                4055, 4064, 4057, -1, 4057, 4065, 4058, -1,
                                4064, 4065, 4057, -1, 4058, 4066, 4059, -1,
                                4065, 4066, 4058, -1, 4059, 4067, 4060, -1,
                                4066, 4067, 4059, -1, 4060, 4068, 4061, -1,
                                4067, 4068, 4060, -1, 4061, 4063, 4062, -1,
                                4068, 4063, 4061, -1, 4070, 4079, 4069, -1,
                                4069, 4079, 4071, -1, 4071, 4080, 4072, -1,
                                4079, 4080, 4071, -1, 4072, 4081, 4073, -1,
                                4080, 4081, 4072, -1, 4073, 4082, 4074, -1,
                                4081, 4082, 4073, -1, 4074, 4083, 4075, -1,
                                4082, 4083, 4074, -1, 4075, 4084, 4076, -1,
                                4083, 4084, 4075, -1, 4076, 4078, 4077, -1,
                                4084, 4078, 4076, -1, 4086, 4087, 4085, -1,
                                4088, 4087, 4086, -1, 4091, 4090, 4092, -1,
                                4091, 4089, 4090, -1, 4095, 4093, 4096, -1,
                                4096, 4093, 4094, -1, 4099, 4097, 4100, -1,
                                4100, 4097, 4098, -1, 4102, 4108, 4101, -1,
                                4101, 4108, 4103, -1, 4103, 4109, 4104, -1,
                                4108, 4109, 4103, -1, 4104, 4110, 4105, -1,
                                4109, 4110, 4104, -1, 4105, 4107, 4106, -1,
                                4110, 4107, 4105, -1, 4112, 4120, 4111, -1,
                                4111, 4120, 4113, -1, 4113, 4121, 4114, -1,
                                4120, 4121, 4113, -1, 4114, 4122, 4115, -1,
                                4121, 4122, 4114, -1, 4115, 4123, 4116, -1,
                                4122, 4123, 4115, -1, 4116, 4124, 4117, -1,
                                4123, 4124, 4116, -1, 4117, 4119, 4118, -1,
                                4124, 4119, 4117, -1, 4126, 4127, 4125, -1,
                                4126, 4133, 4127, -1, 4133, 4128, 4127, -1,
                                4133, 4134, 4128, -1, 4134, 4129, 4128, -1,
                                4134, 4135, 4129, -1, 4135, 4130, 4129, -1,
                                4135, 4136, 4130, -1, 4136, 4131, 4130, -1,
                                4136, 4132, 4131, -1, 4138, 4147, 4137, -1,
                                4137, 4147, 4139, -1, 4139, 4148, 4140, -1,
                                4147, 4148, 4139, -1, 4140, 4149, 4141, -1,
                                4148, 4149, 4140, -1, 4141, 4150, 4142, -1,
                                4149, 4150, 4141, -1, 4142, 4151, 4143, -1,
                                4150, 4151, 4142, -1, 4143, 4152, 4144, -1,
                                4151, 4152, 4143, -1, 4144, 4146, 4145, -1,
                                4152, 4146, 4144, -1, 4154, 4159, 4153, -1,
                                4153, 4159, 4155, -1, 4155, 4160, 4156, -1,
                                4159, 4160, 4155, -1, 4156, 4158, 4157, -1,
                                4160, 4158, 4156, -1, 4162, 4170, 4161, -1,
                                4161, 4170, 4163, -1, 4163, 4171, 4164, -1,
                                4170, 4171, 4163, -1, 4164, 4172, 4165, -1,
                                4171, 4172, 4164, -1, 4165, 4173, 4166, -1,
                                4172, 4173, 4165, -1, 4166, 4174, 4167, -1,
                                4173, 4174, 4166, -1, 4167, 4169, 4168, -1,
                                4174, 4169, 4167, -1, 4176, 4185, 4175, -1,
                                4175, 4185, 4177, -1, 4177, 4186, 4178, -1,
                                4185, 4186, 4177, -1, 4178, 4187, 4179, -1,
                                4186, 4187, 4178, -1, 4179, 4188, 4180, -1,
                                4187, 4188, 4179, -1, 4180, 4189, 4181, -1,
                                4188, 4189, 4180, -1, 4181, 4190, 4182, -1,
                                4189, 4190, 4181, -1, 4182, 4184, 4183, -1,
                                4190, 4184, 4182, -1, 4192, 4193, 4191, -1,
                                4194, 4193, 4192, -1, 4196, 4205, 4195, -1,
                                4195, 4205, 4197, -1, 4197, 4206, 4198, -1,
                                4205, 4206, 4197, -1, 4198, 4207, 4199, -1,
                                4206, 4207, 4198, -1, 4199, 4208, 4200, -1,
                                4207, 4208, 4199, -1, 4200, 4209, 4201, -1,
                                4208, 4209, 4200, -1, 4201, 4210, 4202, -1,
                                4209, 4210, 4201, -1, 4202, 4204, 4203, -1,
                                4210, 4204, 4202, -1, 4212, 4221, 4211, -1,
                                4211, 4221, 4213, -1, 4213, 4222, 4214, -1,
                                4221, 4222, 4213, -1, 4214, 4223, 4215, -1,
                                4222, 4223, 4214, -1, 4215, 4224, 4216, -1,
                                4223, 4224, 4215, -1, 4216, 4225, 4217, -1,
                                4224, 4225, 4216, -1, 4217, 4226, 4218, -1,
                                4225, 4226, 4217, -1, 4218, 4220, 4219, -1,
                                4226, 4220, 4218, -1, 4227, 4228, 4229, -1,
                                4229, 4228, 4230, -1, 4232, 4238, 4231, -1,
                                4231, 4238, 4233, -1, 4233, 4239, 4234, -1,
                                4238, 4239, 4233, -1, 4234, 4240, 4235, -1,
                                4239, 4240, 4234, -1, 4235, 4237, 4236, -1,
                                4240, 4237, 4235, -1, 4242, 4251, 4241, -1,
                                4241, 4251, 4243, -1, 4243, 4252, 4244, -1,
                                4251, 4252, 4243, -1, 4244, 4253, 4245, -1,
                                4252, 4253, 4244, -1, 4245, 4254, 4246, -1,
                                4253, 4254, 4245, -1, 4246, 4255, 4247, -1,
                                4254, 4255, 4246, -1, 4247, 4256, 4248, -1,
                                4255, 4256, 4247, -1, 4248, 4250, 4249, -1,
                                4256, 4250, 4248, -1, 4258, 4267, 4257, -1,
                                4257, 4267, 4259, -1, 4259, 4268, 4260, -1,
                                4267, 4268, 4259, -1, 4260, 4269, 4261, -1,
                                4268, 4269, 4260, -1, 4261, 4270, 4262, -1,
                                4269, 4270, 4261, -1, 4262, 4271, 4263, -1,
                                4270, 4271, 4262, -1, 4263, 4272, 4264, -1,
                                4271, 4272, 4263, -1, 4272, 4265, 4264, -1,
                                4272, 4266, 4265, -1, 4274, 4275, 4273, -1,
                                4276, 4275, 4274, -1, 4278, 4284, 4277, -1,
                                4277, 4284, 4279, -1, 4279, 4285, 4280, -1,
                                4284, 4285, 4279, -1, 4280, 4286, 4281, -1,
                                4285, 4286, 4280, -1, 4281, 4283, 4282, -1,
                                4286, 4283, 4281, -1, 4288, 4294, 4287, -1,
                                4287, 4294, 4289, -1, 4289, 4295, 4290, -1,
                                4294, 4295, 4289, -1, 4290, 4296, 4291, -1,
                                4295, 4296, 4290, -1, 4291, 4293, 4292, -1,
                                4296, 4293, 4291, -1, 4298, 4297, 4314, -1,
                                4298, 4314, 4315, -1, 4299, 4315, 4316, -1,
                                4299, 4298, 4315, -1, 4300, 4316, 4317, -1,
                                4300, 4299, 4316, -1, 4301, 4317, 4318, -1,
                                4301, 4300, 4317, -1, 4302, 4318, 4319, -1,
                                4302, 4301, 4318, -1, 4303, 4319, 4320, -1,
                                4303, 4302, 4319, -1, 4304, 4320, 4321, -1,
                                4304, 4303, 4320, -1, 4305, 4321, 4322, -1,
                                4305, 4304, 4321, -1, 4306, 4322, 4323, -1,
                                4306, 4305, 4322, -1, 4307, 4323, 4324, -1,
                                4307, 4306, 4323, -1, 4308, 4324, 4325, -1,
                                4308, 4307, 4324, -1, 4309, 4325, 4326, -1,
                                4309, 4308, 4325, -1, 4310, 4326, 4327, -1,
                                4310, 4309, 4326, -1, 4311, 4327, 4328, -1,
                                4311, 4310, 4327, -1, 4312, 4328, 4329, -1,
                                4312, 4311, 4328, -1, 4313, 4329, 4330, -1,
                                4313, 4312, 4329, -1, 4332, 4331, 4347, -1,
                                4332, 4347, 4348, -1, 4333, 4348, 4349, -1,
                                4333, 4332, 4348, -1, 4334, 4349, 4350, -1,
                                4334, 4333, 4349, -1, 4335, 4350, 4351, -1,
                                4335, 4334, 4350, -1, 4336, 4351, 4352, -1,
                                4336, 4335, 4351, -1, 4337, 4352, 4353, -1,
                                4337, 4336, 4352, -1, 4338, 4353, 4354, -1,
                                4338, 4337, 4353, -1, 4339, 4354, 4355, -1,
                                4339, 4338, 4354, -1, 4340, 4355, 4356, -1,
                                4340, 4339, 4355, -1, 4341, 4356, 4357, -1,
                                4341, 4340, 4356, -1, 4342, 4357, 4358, -1,
                                4342, 4341, 4357, -1, 4343, 4358, 4359, -1,
                                4343, 4342, 4358, -1, 4344, 4359, 4360, -1,
                                4344, 4343, 4359, -1, 4345, 4360, 4361, -1,
                                4345, 4344, 4360, -1, 4346, 4361, 4362, -1,
                                4346, 4345, 4361, -1, 4366, 4364, 4365, -1,
                                4367, 4363, 4366, -1, 4366, 4363, 4364, -1,
                                4370, 4371, 4369, -1, 4363, 4392, 4393, -1,
                                4367, 4392, 4363, -1, 4372, 4373, 4371, -1,
                                4368, 4391, 4367, -1, 4367, 4391, 4392, -1,
                                4371, 4374, 4369, -1, 4373, 4374, 4371, -1,
                                4369, 4375, 4368, -1, 4368, 4375, 4391, -1,
                                4374, 4375, 4369, -1, 4389, 4387, 4388, -1,
                                4390, 4387, 4389, -1, 4378, 4379, 4377, -1,
                                4390, 4386, 4387, -1, 4379, 4380, 4377, -1,
                                4377, 4381, 4376, -1, 4380, 4381, 4377, -1,
                                4386, 4384, 4385, -1, 4376, 4382, 4375, -1,
                                4391, 4382, 4390, -1, 4375, 4382, 4391, -1,
                                4390, 4382, 4386, -1, 4381, 4382, 4376, -1,
                                4386, 4383, 4384, -1, 4382, 4383, 4386, -1 ]
                            colorIndex [ 0, 0, 0, 0, 0, 0, 0, 0,
                                0, 0, 0, 0, 0, 0, 0, 0,
                                0, 0, 0, 0, 0, 0, 0, 0,
                                0, 0, 1, 1, 1, 1, 1, 1,
                                1, 1, 1, 1, 1, 1, 1, 1,
                                1, 1, 1, 1, 1, 1, 1, 1,
                                1, 1, 1, 1, 2, 2, 2, 2,
                                2, 2, 2, 2, 2, 2, 2, 2,
                                2, 2, 2, 2, 2, 2, 2, 2,
                                2, 2, 2, 2, 2, 2, 3, 3,
                                3, 3, 3, 3, 3, 3, 3, 3,
                                3, 3, 3, 3, 3, 3, 3, 3,
                                3, 3, 3, 3, 3, 3, 3, 3,
                                4, 4, 4, 4, 4, 4, 4, 4,
                                4, 4, 4, 4, 4, 4, 4, 4,
                                4, 4, 4, 4, 4, 4, 4, 4,
                                4, 4, 4, 4, 4, 4, 4, 4,
                                4, 4, 4, 4, 4, 4, 4, 4,
                                4, 4, 4, 4, 4, 4, 4, 4,
                                4, 4, 4, 4, 4, 4, 4, 4,
                                4, 4, 4, 4, 4, 4, 4, 4,
                                4, 4, 4, 4, 4, 4, 4, 4,
                                4, 4, 4, 4, 4, 4, 4, 4,
                                4, 4, 4, 4, 4, 4, 4, 4,
                                4, 4, 4, 4, 4, 4, 4, 4,
                                4, 4, 4, 4, 4, 4, 4, 4,
                                4, 4, 4, 4, 4, 4, 4, 4,
                                4, 4, 4, 4, 4, 4, 4, 4,
                                4, 4, 4, 4, 4, 4, 4, 4,
                                4, 4, 4, 4, 4, 4, 4, 4,
                                4, 4, 4, 4, 4, 4, 4, 4,
                                4, 4, 4, 4, 4, 4, 4, 4,
                                4, 4, 4, 4, 4, 4, 4, 4,
                                4, 4, 4, 4, 4, 4, 4, 4,
                                4, 4, 4, 4, 4, 4, 4, 4,
                                4, 4, 4, 4, 4, 4, 4, 4,
                                4, 4, 4, 4, 4, 4, 4, 4,
                                4, 4, 4, 4, 4, 4, 4, 4,
                                4, 4, 4, 4, 4, 4, 4, 4,
                                4, 4, 4, 4, 4, 4, 4, 4,
                                4, 4, 4, 4, 4, 4, 4, 4,
                                4, 4, 4, 4, 4, 4, 4, 4,
                                4, 4, 4, 4, 4, 4, 4, 4,
                                4, 4, 4, 4, 4, 4, 4, 4,
                                4, 4, 4, 4, 4, 4, 4, 4,
                                4, 4, 4, 4, 4, 4, 4, 4,
                                4, 4, 4, 4, 4, 4, 4, 4,
                                4, 4, 4, 4, 4, 4, 4, 4,
                                4, 4, 4, 4, 4, 4, 4, 4,
                                4, 4, 4, 4, 4, 4, 4, 4,
                                4, 4, 4, 4, 4, 4, 4, 4,
                                4, 4, 4, 4, 4, 4, 4, 4,
                                4, 4, 4, 4, 4, 4, 4, 4,
                                4, 4, 4, 4, 4, 4, 4, 4,
                                4, 4, 4, 4, 4, 4, 4, 4,
                                4, 4, 4, 4, 4, 4, 4, 4,
                                4, 4, 4, 4, 4, 4, 4, 4,
                                4, 4, 4, 4, 4, 4, 4, 4,
                                4, 4, 4, 4, 4, 4, 4, 4,
                                4, 4, 4, 4, 4, 4, 4, 4,
                                4, 4, 4, 4, 4, 4, 4, 4,
                                4, 4, 4, 4, 4, 4, 4, 4,
                                4, 4, 4, 4, 4, 4, 4, 4,
                                4, 4, 4, 4, 4, 4, 4, 4,
                                4, 4, 4, 4, 4, 4, 4, 4,
                                4, 4, 4, 4, 4, 4, 4, 4,
                                4, 4, 4, 4, 4, 4, 4, 4,
                                4, 4, 4, 4, 4, 4, 4, 4,
                                4, 4, 4, 4, 4, 4, 4, 4,
                                4, 4, 4, 5, 5, 5, 5, 5,
                                5, 5, 5, 5, 5, 5, 5, 5,
                                5, 5, 5, 5, 5, 5, 5, 5,
                                5, 5, 5, 5, 5, 5, 5, 5,
                                5, 5, 5, 5, 5, 5, 5, 5,
                                5, 5, 5, 5, 5, 5, 5, 5,
                                5, 5, 5, 5, 5, 5, 5, 5,
                                5, 5, 5, 5, 5, 5, 5, 5,
                                5, 5, 5, 5, 5, 6, 6, 6,
                                6, 6, 6, 6, 6, 7, 7, 8,
                                8, 8, 8, 8, 8, 8, 8, 8,
                                8, 8, 8, 8, 8, 8, 8, 8,
                                8, 8, 8, 8, 8, 8, 8, 8,
                                8, 8, 8, 8, 8, 8, 8, 8,
                                8, 8, 8, 8, 8, 8, 8, 8,
                                8, 8, 8, 8, 8, 9, 9, 10,
                                10, 11, 11, 11, 11, 11, 11, 11,
                                11, 11, 11, 11, 11, 11, 11, 11,
                                11, 11, 11, 11, 11, 11, 11, 11,
                                11, 11, 11, 11, 11, 11, 11, 11,
                                11, 11, 11, 11, 11, 11, 11, 11,
                                11, 11, 11, 11, 11, 11, 11, 12,
                                12, 13, 13, 14, 14, 15, 15, 15,
                                15, 15, 15, 15, 15, 15, 15, 15,
                                15, 15, 15, 15, 15, 15, 15, 15,
                                15, 15, 15, 15, 15, 15, 15, 15,
                                15, 15, 15, 15, 15, 15, 15, 15,
                                15, 15, 15, 15, 15, 15, 15, 15,
                                15, 15, 15, 15, 15, 15, 15, 15,
                                15, 15, 15, 15, 15, 15, 15, 15,
                                15, 15, 15, 15, 15, 15, 15, 15,
                                15, 15, 15, 15, 15, 15, 15, 15,
                                15, 15, 15, 16, 16, 17, 17, 18,
                                18, 18, 18, 18, 18, 18, 18, 18,
                                18, 18, 18, 18, 18, 18, 18, 18,
                                18, 18, 18, 18, 18, 18, 18, 18,
                                18, 18, 18, 18, 18, 18, 18, 18,
                                18, 18, 18, 18, 18, 18, 18, 18,
                                18, 18, 18, 18, 18, 18, 18, 18,
                                18, 18, 18, 18, 18, 18, 18, 18,
                                18, 18, 18, 18, 18, 18, 18, 18,
                                18, 18, 18, 18, 18, 18, 18, 18,
                                18, 18, 18, 18, 18, 19, 19, 20,
                                20, 20, 20, 20, 20, 21, 21, 21,
                                21, 21, 21, 22, 22, 22, 22, 22,
                                22, 23, 23, 23, 23, 23, 23, 24,
                                24, 24, 24, 24, 24, 25, 25, 25,
                                25, 25, 25, 26, 26, 27, 27, 28,
                                28, 29, 29, 30, 30, 31, 31, 32,
                                32, 33, 33, 34, 34, 35, 35, 36,
                                36, 37, 37, 38, 38, 39, 39, 40,
                                40, 41, 41, 42, 42, 43, 43, 44,
                                44, 45, 45, 46, 46, 47, 47, 48,
                                48, 49, 49, 50, 50, 51, 51, 52,
                                52, 53, 53, 54, 54, 54, 54, 54,
                                54, 54, 54, 54, 54, 54, 54, 54,
                                54, 54, 54, 54, 54, 54, 54, 54,
                                54, 54, 54, 54, 54, 54, 54, 54,
                                54, 54, 54, 54, 54, 54, 54, 54,
                                54, 54, 54, 54, 54, 54, 54, 54,
                                54, 54, 54, 54, 54, 54, 54, 54,
                                54, 54, 54, 54, 54, 54, 54, 54,
                                54, 54, 54, 54, 54, 54, 54, 54,
                                54, 54, 54, 54, 54, 54, 54, 54,
                                54, 54, 54, 54, 54, 54, 54, 54,
                                54, 54, 54, 54, 54, 54, 54, 54,
                                54, 54, 54, 54, 54, 55, 55, 56,
                                56, 57, 57, 57, 57, 57, 57, 57,
                                57, 57, 57, 57, 57, 57, 57, 58,
                                58, 59, 59, 59, 59, 59, 59, 59,
                                59, 59, 59, 59, 59, 59, 59, 60,
                                60, 61, 61, 61, 61, 61, 61, 61,
                                61, 61, 61, 61, 61, 61, 61, 62,
                                62, 63, 63, 63, 63, 63, 63, 63,
                                63, 63, 63, 63, 63, 63, 63, 64,
                                64, 65, 65, 65, 65, 65, 65, 66,
                                66, 67, 67, 68, 68, 69, 69, 70,
                                70, 71, 71, 72, 72, 73, 73, 74,
                                74, 75, 75, 75, 75, 75, 75, 75,
                                75, 75, 75, 75, 75, 75, 75, 76,
                                76, 77, 77, 77, 77, 77, 77, 77,
                                77, 77, 77, 77, 77, 77, 77, 78,
                                78, 79, 79, 79, 79, 79, 79, 79,
                                79, 79, 79, 79, 79, 79, 79, 80,
                                80, 81, 81, 81, 81, 81, 81, 81,
                                81, 81, 81, 81, 81, 81, 81, 82,
                                82, 83, 83, 83, 83, 83, 83, 84,
                                84, 85, 85, 86, 86, 87, 87, 88,
                                88, 89, 89, 90, 90, 91, 91, 92,
                                92, 93, 93, 94, 94, 95, 95, 96,
                                96, 97, 97, 98, 98, 99, 99, 100,
                                100, 101, 101, 101, 101, 101, 101, 101,
                                101, 101, 101, 101, 101, 101, 101, 101,
                                101, 101, 101, 101, 101, 101, 101, 101,
                                101, 101, 101, 102, 102, 102, 102, 102,
                                102, 102, 102, 102, 102, 102, 102, 102,
                                102, 102, 102, 102, 102, 102, 102, 102,
                                102, 102, 102, 102, 102, 102, 102, 102,
                                102, 103, 103, 103, 103, 103, 103, 103,
                                103, 103, 103, 103, 103, 103, 103, 103,
                                103, 103, 103, 103, 103, 103, 103, 103,
                                103, 103, 103, 104, 104, 104, 104, 104,
                                104, 104, 104, 104, 104, 104, 104, 104,
                                104, 104, 104, 104, 104, 104, 104, 104,
                                104, 104, 104, 104, 104, 104, 104, 104,
                                104, 105, 105, 105, 105, 105, 105, 105,
                                105, 105, 105, 105, 105, 105, 105, 105,
                                105, 105, 105, 105, 105, 105, 105, 105,
                                105, 105, 105, 106, 106, 106, 106, 106,
                                106, 106, 106, 106, 106, 106, 106, 106,
                                106, 106, 106, 106, 106, 106, 106, 106,
                                106, 106, 106, 106, 106, 106, 106, 106,
                                106, 107, 107, 107, 107, 107, 107, 107,
                                107, 107, 107, 107, 107, 107, 107, 107,
                                107, 107, 107, 107, 107, 107, 107, 107,
                                107, 107, 107, 108, 108, 108, 108, 108,
                                108, 108, 108, 108, 108, 108, 108, 108,
                                108, 108, 108, 108, 108, 108, 108, 108,
                                108, 108, 108, 108, 108, 108, 108, 108,
                                108, 109, 109, 109, 109, 109, 109, 110,
                                110, 111, 111, 112, 112, 112, 112, 112,
                                112, 113, 113, 114, 114, 115, 115, 116,
                                116, 117, 117, 118, 118, 119, 119, 120,
                                120, 120, 120, 120, 120, 120, 120, 120,
                                120, 120, 120, 120, 120, 120, 120, 121,
                                121, 121, 121, 121, 121, 121, 121, 121,
                                121, 121, 121, 121, 121, 121, 121, 122,
                                122, 123, 123, 124, 124, 125, 125, 125,
                                125, 125, 125, 125, 125, 125, 125, 125,
                                125, 125, 125, 126, 126, 126, 126, 126,
                                126, 126, 126, 126, 126, 126, 126, 126,
                                126, 127, 127, 128, 128, 129, 129, 130,
                                130, 131, 131, 132, 132, 132, 132, 132,
                                132, 132, 132, 132, 132, 133, 133, 134,
                                134, 135, 135, 136, 136, 136, 136, 136,
                                136, 136, 136, 136, 136, 136, 136, 136,
                                136, 137, 137, 138, 138, 138, 138, 138,
                                138, 138, 138, 138, 138, 138, 138, 138,
                                138, 138, 138, 139, 139, 139, 139, 139,
                                139, 139, 139, 139, 139, 139, 139, 139,
                                139, 139, 139, 140, 140, 141, 141, 142,
                                142, 143, 143, 144, 144, 145, 145, 146,
                                146, 147, 147, 148, 148, 149, 149, 150,
                                150, 151, 151, 152, 152, 153, 153, 154,
                                154, 155, 155, 156, 156, 157, 157, 158,
                                158, 159, 159, 160, 160, 161, 161, 161,
                                161, 161, 161, 161, 161, 161, 161, 161,
                                161, 161, 161, 161, 161, 162, 162, 162,
                                162, 162, 162, 162, 162, 162, 162, 162,
                                162, 162, 162, 162, 162, 163, 163, 164,
                                164, 165, 165, 166, 166, 166, 166, 166,
                                166, 166, 166, 166, 166, 166, 166, 166,
                                166, 167, 167, 167, 167, 167, 167, 167,
                                167, 167, 167, 167, 167, 167, 167, 168,
                                168, 169, 169, 170, 170, 171, 171, 172,
                                172, 173, 173, 173, 173, 173, 173, 173,
                                173, 173, 173, 174, 174, 175, 175, 176,
                                176, 177, 177, 177, 177, 177, 177, 177,
                                177, 177, 177, 177, 177, 177, 177, 178,
                                178, 179, 179, 179, 179, 179, 179, 179,
                                179, 179, 179, 179, 179, 179, 179, 179,
                                179, 180, 180, 180, 180, 180, 180, 180,
                                180, 180, 180, 180, 180, 180, 180, 180,
                                180, 181, 181, 182, 182, 183, 183, 184,
                                184, 185, 185, 186, 186, 187, 187, 188,
                                188, 189, 189, 190, 190, 191, 191, 192,
                                192, 193, 193, 194, 194, 195, 195, 196,
                                196, 197, 197, 198, 198, 199, 199, 200,
                                200, 201, 201, 202, 202, 203, 203, 204,
                                204, 205, 205, 206, 206, 207, 207, 208,
                                208, 209, 209, 210, 210, 211, 211, 212,
                                212, 213, 213, 214, 214, 215, 215, 216,
                                216, 217, 217, 217, 217, 218, 218, 218,
                                218, 218, 218, 219, 219, 220, 220, 220,
                                220, 220, 220, 221, 221, 221, 221, 221,
                                221, 221, 221, 222, 222, 222, 222, 222,
                                222, 222, 222, 223, 223, 223, 223, 223,
                                223, 223, 223, 224, 224, 224, 224, 224,
                                224, 224, 224, 225, 225, 225, 225, 225,
                                225, 226, 226, 227, 227, 227, 227, 227,
                                227, 228, 228, 228, 228, 228, 228, 228,
                                228, 229, 229, 229, 229, 229, 229, 229,
                                229, 230, 230, 230, 230, 230, 230, 230,
                                230, 231, 231, 231, 231, 231, 231, 231,
                                231, 232, 232, 232, 232, 232, 232, 232,
                                232, 232, 232, 232, 232, 232, 232, 232,
                                232, 232, 232, 232, 232, 232, 232, 232,
                                232, 232, 232, 232, 232, 232, 232, 232,
                                232, 232, 232, 232, 232, 232, 232, 232,
                                232, 232, 232, 232, 232, 233, 233, 234,
                                234, 235, 235, 236, 236, 237, 237, 238,
                                238, 239, 239, 240, 240, 241, 241, 242,
                                242, 243, 243, 244, 244, 245, 245, 245,
                                245, 245, 245, 245, 245, 245, 245, 246,
                                246, 246, 246, 246, 246, 246, 246, 246,
                                246, 246, 246, 246, 246, 246, 246, 246,
                                246, 246, 246, 246, 246, 246, 246, 246,
                                246, 246, 246, 246, 246, 246, 246, 246,
                                246, 246, 246, 246, 246, 247, 247, 248,
                                248, 248, 248, 248, 248, 248, 248, 249,
                                249, 249, 249, 249, 249, 249, 249, 250,
                                250, 250, 250, 250, 250, 250, 250, 251,
                                251, 251, 251, 251, 251, 251, 251, 252,
                                252, 253, 253, 254, 254, 255, 255, 256,
                                256, 257, 257, 257, 257, 257, 257, 257,
                                257, 258, 258, 258, 258, 258, 258, 258,
                                258, 259, 259, 259, 259, 259, 259, 259,
                                259, 260, 260, 260, 260, 260, 260, 260,
                                260, 261, 261, 261, 261, 261, 261, 261,
                                261, 261, 261, 261, 261, 261, 261, 261,
                                261, 261, 262, 262, 262, 262, 262, 262,
                                262, 262, 262, 262, 262, 262, 262, 262,
                                263, 263, 264, 264, 265, 265, 266, 266,
                                267, 267, 268, 268, 269, 269, 270, 270,
                                271, 271, 272, 272, 273, 273, 274, 274,
                                275, 275, 276, 276, 277, 277, 277, 277,
                                278, 278, 279, 279, 280, 280, 281, 281,
                                282, 282, 283, 283, 284, 284, 285, 285,
                                286, 286, 287, 287, 288, 288, 289, 289,
                                290, 290, 290, 290, 290, 290, 290, 290,
                                290, 290, 291, 291, 291, 291, 291, 291,
                                291, 291, 291, 291, 291, 291, 291, 291,
                                291, 291, 291, 291, 291, 291, 291, 291,
                                291, 291, 291, 291, 291, 291, 291, 291,
                                291, 291, 291, 291, 291, 291, 291, 291,
                                291, 291, 291, 291, 291, 291, 291, 291,
                                291, 291, 291, 291, 291, 291, 291, 291,
                                291, 291, 291, 291, 291, 291, 291, 291,
                                291, 291, 291, 291, 291, 291, 291, 291,
                                291, 291, 291, 291, 292, 292, 292, 292,
                                292, 292, 293, 293, 294, 294, 294, 294,
                                294, 294, 295, 295, 295, 295, 295, 295,
                                295, 295, 295, 295, 295, 295, 295, 295,
                                295, 295, 296, 296, 297, 297, 297, 297,
                                297, 297, 297, 297, 297, 297, 297, 297,
                                297, 297, 298, 298, 298, 298, 298, 298,
                                298, 298, 299, 299, 299, 299, 299, 299,
                                299, 299, 300, 300, 300, 300, 300, 300,
                                300, 300, 300, 300, 301, 301, 302, 302,
                                303, 303, 304, 304, 305, 305, 305, 305,
                                305, 305, 305, 305, 305, 305, 305, 305,
                                305, 305, 305, 305, 306, 306, 306, 306,
                                306, 306, 306, 306, 307, 307, 307, 307,
                                307, 307, 307, 307, 308, 308, 308, 308,
                                308, 308, 308, 308, 309, 309, 309, 309,
                                309, 309, 309, 309, 310, 310, 310, 310,
                                310, 310, 310, 310, 311, 311, 311, 311,
                                311, 311, 311, 311, 312, 312, 313, 313,
                                314, 314, 314, 314, 314, 314, 314, 314,
                                314, 314, 314, 314, 314, 314, 314, 314,
                                314, 314, 314, 314, 314, 314, 314, 314,
                                315, 315, 315, 315, 315, 315, 316, 316,
                                317, 317, 317, 317, 317, 317, 318, 318,
                                318, 318, 318, 318, 319, 319, 319, 319,
                                319, 319, 319, 319, 319, 319, 320, 320,
                                320, 320, 320, 320, 320, 320, 321, 321,
                                321, 321, 321, 321, 322, 322, 322, 322,
                                323, 323, 323, 323, 323, 323, 323, 323,
                                323, 323, 324, 324, 324, 324, 324, 324,
                                324, 324, 324, 324, 325, 325, 325, 325,
                                325, 325, 326, 326, 326, 326, 326, 326,
                                327, 327, 328, 328, 328, 328, 328, 328,
                                329, 329, 329, 329, 329, 329, 330, 330,
                                330, 330, 330, 330, 330, 330, 330, 330,
                                331, 331, 331, 331, 331, 331, 332, 332,
                                332, 332, 332, 332, 333, 333, 333, 333,
                                334, 334, 334, 334, 334, 334, 334, 334,
                                334, 334, 335, 335, 335, 335, 335, 335,
                                335, 335, 335, 335, 335, 335, 335, 335,
                                335, 335, 335, 335, 336, 336, 336, 336,
                                336, 336, 336, 336, 336, 336, 336, 336,
                                336, 336, 336, 336, 336, 336, 336, 336,
                                336, 336, 336, 336, 336, 336, 336, 336,
                                336, 336, 336, 336, 336, 336, 336, 336,
                                336, 336, 336, 336, 336, 336, 336, 336,
                                336, 336, 336, 336, 336, 336, 336, 336,
                                336, 336, 336, 336, 336, 336, 336, 336,
                                336, 336, 336, 336, 336, 336, 336, 336,
                                336, 336, 336, 336, 337, 337, 338, 338,
                                339, 339, 340, 340, 341, 341, 342, 342,
                                343, 343, 344, 344, 345, 345, 346, 346,
                                346, 346, 346, 346, 346, 346, 346, 346,
                                346, 346, 347, 347, 347, 347, 347, 347,
                                348, 348, 349, 349, 349, 349, 350, 350,
                                350, 350, 350, 350, 350, 350, 350, 350,
                                350, 350, 350, 350, 351, 351, 352, 352,
                                352, 352, 352, 352, 352, 352, 352, 352,
                                352, 352, 352, 352, 352, 352, 352, 352,
                                352, 352, 352, 352, 352, 352, 352, 352,
                                352, 353, 353, 354, 354, 355, 355, 356,
                                356, 357, 357, 358, 358, 359, 359, 360,
                                360, 361, 361, 362, 362, 363, 363, 364,
                                364, 365, 365, 365, 365, 365, 365, 365,
                                365, 365, 365, 366, 366, 366, 366, 366,
                                366, 366, 366, 366, 366, 366, 366, 366,
                                366, 366, 366, 366, 366, 366, 366, 366,
                                366, 366, 366, 366, 366, 366, 366, 366,
                                366, 366, 366, 366, 366, 366, 366, 366,
                                366, 367, 367, 368, 368, 368, 368, 368,
                                368, 368, 368, 369, 369, 369, 369, 369,
                                369, 369, 369, 370, 370, 370, 370, 370,
                                370, 370, 370, 371, 371, 371, 371, 371,
                                371, 371, 371, 372, 372, 373, 373, 374,
                                374, 375, 375, 376, 376, 377, 377, 377,
                                377, 377, 377, 377, 377, 378, 378, 378,
                                378, 378, 378, 378, 378, 379, 379, 379,
                                379, 379, 379, 379, 379, 380, 380, 380,
                                380, 380, 380, 380, 380, 381, 381, 381,
                                381, 381, 381, 381, 381, 381, 381, 381,
                                381, 381, 381, 381, 381, 381, 382, 382,
                                382, 382, 382, 382, 382, 382, 382, 382,
                                382, 382, 382, 382, 383, 383, 384, 384,
                                385, 385, 386, 386, 387, 387, 388, 388,
                                389, 389, 390, 390, 391, 391, 392, 392,
                                393, 393, 394, 394, 395, 395, 396, 396,
                                397, 397, 397, 397, 398, 398, 398, 398,
                                398, 398, 398, 398, 398, 398, 398, 398,
                                398, 398, 398, 398, 398, 398, 398, 398,
                                398, 398, 398, 398, 398, 398, 398, 398,
                                398, 398, 398, 398, 398, 398, 398, 398,
                                398, 398, 398, 398, 398, 398, 398, 398,
                                398, 398, 398, 398, 398, 398, 398, 398,
                                398, 398, 398, 398, 398, 398, 398, 398,
                                398, 398, 398, 398, 398, 398, 398, 398,
                                398, 398, 398, 398, 398, 398, 398, 398,
                                398, 398, 398, 398, 398, 398, 398, 398,
                                398, 398, 398, 398, 398, 398, 398, 398,
                                398, 398, 398, 398, 398, 398, 398, 398,
                                398, 398, 398, 398, 398, 398, 398, 398,
                                398, 398, 398, 398, 398, 398, 398, 398,
                                398, 398, 398, 398, 398, 398, 398, 398,
                                398, 398, 398, 398, 398, 398, 398, 398,
                                398, 398, 398, 398, 398, 398, 398, 398,
                                398, 398, 398, 398, 398, 398, 398, 398,
                                398, 398, 398, 398, 398, 398, 398, 398,
                                398, 398, 398, 398, 398, 399, 399, 399,
                                399, 399, 399, 399, 399, 399, 399, 399,
                                399, 400, 400, 400, 400, 400, 400, 401,
                                401, 401, 401, 401, 401, 402, 402, 402,
                                402, 402, 402, 403, 403, 403, 403, 404,
                                404, 405, 405, 405, 405, 405, 405, 405,
                                405, 406, 406, 406, 406, 406, 406, 406,
                                406, 407, 407, 407, 407, 407, 407, 408,
                                408, 408, 408, 408, 408, 409, 409, 409,
                                409, 409, 409, 409, 409, 409, 409, 409,
                                409, 410, 410, 410, 410, 410, 410, 410,
                                410, 410, 410, 410, 410, 410, 410, 411,
                                411, 412, 412, 413, 413, 414, 414, 415,
                                415, 415, 415, 415, 415, 415, 415, 416,
                                416, 416, 416, 416, 416, 416, 416, 416,
                                416, 416, 416, 417, 417, 417, 417, 417,
                                417, 417, 417, 417, 417, 418, 418, 418,
                                418, 418, 418, 418, 418, 418, 418, 418,
                                418, 418, 418, 419, 419, 419, 419, 419,
                                419, 420, 420, 420, 420, 420, 420, 420,
                                420, 420, 420, 420, 420, 421, 421, 421,
                                421, 421, 421, 421, 421, 421, 421, 421,
                                421, 421, 421, 422, 422, 423, 423, 423,
                                423, 423, 423, 423, 423, 423, 423, 423,
                                423, 423, 423, 424, 424, 424, 424, 424,
                                424, 424, 424, 424, 424, 424, 424, 424,
                                424, 425, 425, 426, 426, 426, 426, 426,
                                426, 426, 426, 427, 427, 427, 427, 427,
                                427, 427, 427, 427, 427, 427, 427, 427,
                                427, 428, 428, 428, 428, 428, 428, 428,
                                428, 428, 428, 428, 428, 428, 428, 429,
                                429, 430, 430, 430, 430, 430, 430, 430,
                                430, 431, 431, 431, 431, 431, 431, 431,
                                431, 432, 432, 432, 432, 432, 432, 432,
                                432, 432, 432, 432, 432, 432, 432, 432,
                                432, 432, 432, 432, 432, 432, 432, 432,
                                432, 432, 432, 432, 432, 432, 432, 432,
                                432, 433, 433, 433, 433, 433, 433, 433,
                                433, 433, 433, 433, 433, 433, 433, 433,
                                433, 433, 433, 433, 433, 433, 433, 433,
                                433, 433, 433, 433, 433, 433, 433, 434,
                                434, 434, 434, 434, 434, 434, 434, 434,
                                434, 434, 434, 434, 434, 434, 434, 434,
                                434, 434, 434, 434, 434, 434, 434, 434,
                                434, 434, 434, 434 ]
                            ccw TRUE
                            solid FALSE
                            convex TRUE
                            creaseAngle 0

                          }

                        }

                    },
                      
                    DEF o9 Group {
                      children 
                        DEF o10 Shape {
                          appearance 
                          Appearance {
                            material 
                            Material {
                              diffuseColor 0.098039217 0.098039217 0.098039217
                              shininess 1

                            }

                          }
                          geometry 
                          IndexedLineSet {
                            coord 
                            USE o6
                            coordIndex [ 0, 1, 2, 3, 4, 5, 6, 7,
                                8, 9, 10, 11, 12, 13, -1, 0,
                                14, -1, 14, 15, 16, 17, 18, 19,
                                20, 21, 22, 23, 24, 25, 26, 27,
                                -1, 13, 27, -1, 28, 29, 30, 31,
                                32, 33, 34, 35, 36, 37, 38, 39,
                                40, 41, -1, 28, 42, -1, 42, 43,
                                44, 45, 46, 47, 48, 49, 50, 51,
                                52, 53, 54, 55, -1, 41, 55, -1,
                                56, 57, 58, 59, 60, 61, 62, 63,
                                64, 65, 66, 67, 68, 69, -1, 56,
                                70, -1, 70, 71, 72, 73, 74, 75,
                                76, 77, 78, 79, 80, 81, 82, 83,
                                -1, 69, 83, -1, 84, 85, 86, 87,
                                88, 89, 90, 91, 92, 93, 94, 95,
                                96, 97, -1, 84, 98, -1, 98, 99,
                                100, 101, 102, 103, 104, 105, 106, 107,
                                108, 109, 110, 111, -1, 97, 111, -1,
                                144, 116, -1, 143, 144, -1, 136, 137,
                                138, 139, 140, 141, 142, 143, -1, 134,
                                135, 136, -1, 133, 134, -1, 130, 131,
                                132, 133, -1, 124, 125, 126, 127, 128,
                                129, 130, -1, 123, 124, -1, 122, 123,
                                -1, 121, 122, -1, 120, 121, -1, 119,
                                120, -1, 118, 119, -1, 117, 118, -1,
                                116, 117, -1, 190, 191, 192, 145, -1,
                                182, 183, 184, 185, 186, 187, 188, 189,
                                190, -1, 181, 182, -1, 180, 181, -1,
                                179, 180, -1, 178, 179, -1, 173, 174,
                                175, 176, 177, 178, -1, 169, 170, 171,
                                172, 173, -1, 165, 166, 167, 168, 169,
                                -1, 158, 159, 160, 161, 162, 163, 164,
                                165, -1, 157, 158, -1, 149, 150, 151,
                                152, 153, 154, 155, 156, 157, -1, 146,
                                147, 148, 149, -1, 145, 146, -1, 204,
                                193, -1, 203, 204, -1, 202, 203, -1,
                                201, 202, -1, 200, 201, -1, 199, 200,
                                -1, 198, 199, -1, 197, 198, -1, 196,
                                197, -1, 195, 196, -1, 194, 195, -1,
                                193, 194, -1, 248, 249, 250, 205, -1,
                                244, 245, 246, 247, 248, -1, 240, 241,
                                242, 243, 244, -1, 236, 237, 238, 239,
                                240, -1, 232, 233, 234, 235, 236, -1,
                                229, 230, 231, 232, -1, 228, 229, -1,
                                225, 226, 227, 228, -1, 221, 222, 223,
                                224, 225, -1, 217, 218, 219, 220, 221,
                                -1, 213, 214, 215, 216, 217, -1, 209,
                                210, 211, 212, 213, -1, 206, 207, 208,
                                209, -1, 205, 206, -1, 112, 115, -1,
                                115, 114, -1, 113, 114, -1, 112, 113,
                                -1, 256, 251, -1, 255, 256, -1, 254,
                                255, -1, 253, 254, -1, 252, 253, -1,
                                251, 252, -1, 268, 257, -1, 267, 268,
                                -1, 266, 267, -1, 265, 266, -1, 264,
                                265, -1, 263, 264, -1, 262, 263, -1,
                                261, 262, -1, 260, 261, -1, 259, 260,
                                -1, 258, 259, -1, 257, 258, -1, 287,
                                269, -1, 286, 287, -1, 285, 286, -1,
                                281, 282, 283, 284, 285, -1, 277, 278,
                                279, 280, 281, -1, 273, 274, 275, 276,
                                277, -1, 269, 270, 271, 272, 273, -1,
                                295, 288, -1, 294, 295, -1, 293, 294,
                                -1, 292, 293, -1, 291, 292, -1, 290,
                                291, -1, 289, 290, -1, 288, 289, -1,
                                367, 368, 369, 296, -1, 358, 359, 360,
                                361, 362, 363, 364, 365, 366, 367, -1,
                                353, 354, 355, 356, 357, 358, -1, 351,
                                352, 353, -1, 348, 349, 350, 351, -1,
                                345, 346, 347, 348, -1, 340, 341, 342,
                                343, 344, 345, -1, 337, 338, 339, 340,
                                -1, 334, 335, 336, 337, -1, 333, 334,
                                -1, 330, 331, 332, 333, -1, 327, 328,
                                329, 330, -1, 322, 323, 324, 325, 326,
                                327, -1, 317, 318, 319, 320, 321, 322,
                                -1, 315, 316, 317, -1, 312, 313, 314,
                                315, -1, 308, 309, 310, 311, 312, -1,
                                303, 304, 305, 306, 307, 308, -1, 300,
                                301, 302, 303, -1, 297, 298, 299, 300,
                                -1, 296, 297, -1, 381, 370, -1, 380,
                                381, -1, 379, 380, -1, 378, 379, -1,
                                377, 378, -1, 376, 377, -1, 375, 376,
                                -1, 374, 375, -1, 373, 374, -1, 372,
                                373, -1, 371, 372, -1, 370, 371, -1,
                                400, 382, -1, 399, 400, -1, 398, 399,
                                -1, 394, 395, 396, 397, 398, -1, 390,
                                391, 392, 393, 394, -1, 386, 387, 388,
                                389, 390, -1, 382, 383, 384, 385, 386,
                                -1, 408, 401, -1, 407, 408, -1, 406,
                                407, -1, 405, 406, -1, 404, 405, -1,
                                403, 404, -1, 402, 403, -1, 401, 402,
                                -1, 533, 534, 535, 536, 537, 538, 409,
                                -1, 529, 530, 531, 532, 533, -1, 525,
                                526, 527, 528, 529, -1, 524, 525, -1,
                                517, 518, 519, 520, 521, 522, 523, 524,
                                -1, 510, 511, 512, 513, 514, 515, 516,
                                517, -1, 506, 507, 508, 509, 510, -1,
                                505, 506, -1, 498, 499, 500, 501, 502,
                                503, 504, 505, -1, 491, 492, 493, 494,
                                495, 496, 497, 498, -1, 490, 491, -1,
                                483, 484, 485, 486, 487, 488, 489, 490,
                                -1, 477, 478, 479, 480, 481, 482, 483,
                                -1, 474, 475, 476, 477, -1, 467, 468,
                                469, 470, 471, 472, 473, 474, -1, 462,
                                463, 464, 465, 466, 467, -1, 456, 457,
                                458, 459, 460, 461, 462, -1, 452, 453,
                                454, 455, 456, -1, 451, 452, -1, 450,
                                451, -1, 449, 450, -1, 448, 449, -1,
                                441, 442, 443, 444, 445, 446, 447, 448,
                                -1, 435, 436, 437, 438, 439, 440, 441,
                                -1, 432, 433, 434, 435, -1, 429, 430,
                                431, 432, -1, 425, 426, 427, 428, 429,
                                -1, 421, 422, 423, 424, 425, -1, 420,
                                421, -1, 418, 419, 420, -1, 415, 416,
                                417, 418, -1, 412, 413, 414, 415, -1,
                                409, 410, 411, 412, -1, 540, 550, -1,
                                548, 549, -1, 548, 547, -1, 547, 546,
                                -1, 545, 546, -1, 544, 545, -1, 544,
                                543, -1, 543, 542, -1, 541, 542, -1,
                                539, 541, -1, 539, 540, -1, 604, 551,
                                -1, 603, 604, -1, 602, 603, -1, 601,
                                602, -1, 600, 601, -1, 600, 599, -1,
                                599, 598, -1, 597, 598, -1, 596, 597,
                                -1, 595, 596, -1, 594, 595, -1, 593,
                                594, -1, 592, 593, -1, 591, 592, -1,
                                590, 591, -1, 589, 590, -1, 588, 589,
                                -1, 587, 588, -1, 587, 586, -1, 586,
                                585, -1, 584, 585, -1, 577, 578, 579,
                                580, 581, 582, 583, 584, -1, 576, 577,
                                -1, 569, 570, 571, 572, 573, 574, 575,
                                576, -1, 568, 569, -1, 567, 568, -1,
                                566, 567, -1, 559, 560, 561, 562, 563,
                                564, 565, 566, -1, 558, 559, -1, 551,
                                552, 553, 554, 555, 556, 557, 558, -1,
                                614, 606, -1, 613, 614, -1, 612, 613,
                                -1, 612, 611, -1, 611, 610, -1, 609,
                                610, -1, 608, 609, -1, 607, 608, -1,
                                607, 605, -1, 605, 606, -1, 617, 618,
                                -1, 616, 617, -1, 619, 620, -1, 621,
                                619, -1, 621, 622, -1, 623, 622, -1,
                                623, 624, -1, 625, 624, -1, 625, 626,
                                -1, 627, 626, -1, 627, 628, -1, 629,
                                628, -1, 629, 630, -1, 631, 630, -1,
                                631, 632, -1, 632, 633, 634, 635, 636,
                                637, 638, 639, -1, 639, 640, -1, 640,
                                641, -1, 641, 642, -1, 642, 643, -1,
                                643, 644, -1, 644, 645, 646, 647, 648,
                                649, 650, 651, -1, 651, 652, -1, 653,
                                652, -1, 653, 654, -1, 655, 654, -1,
                                655, 656, -1, 657, 656, -1, 657, 658,
                                -1, 659, 658, -1, 659, 660, -1, 620,
                                660, -1, 661, 662, -1, 663, 661, -1,
                                663, 664, -1, 664, 662, -1, 668, 666,
                                -1, 665, 667, -1, 665, 666, -1, 672,
                                669, -1, 672, 671, -1, 670, 671, -1,
                                673, 674, -1, 675, 673, -1, 675, 676,
                                -1, 677, 676, -1, 677, 678, -1, 679,
                                678, -1, 679, 680, -1, 681, 680, -1,
                                681, 682, -1, 683, 682, -1, 683, 684,
                                -1, 685, 684, -1, 685, 686, -1, 686,
                                687, 688, 689, 690, 691, 692, 693, -1,
                                693, 694, -1, 694, 695, -1, 695, 696,
                                -1, 696, 697, -1, 697, 698, -1, 698,
                                699, 700, 701, 702, 703, 704, 705, -1,
                                705, 706, -1, 707, 706, -1, 707, 708,
                                -1, 709, 708, -1, 709, 710, -1, 711,
                                710, -1, 711, 712, -1, 713, 712, -1,
                                713, 714, -1, 674, 714, -1, 715, 716,
                                -1, 717, 715, -1, 717, 718, -1, 718,
                                716, -1, 722, 719, -1, 721, 722, -1,
                                719, 720, -1, 726, 724, -1, 723, 725,
                                -1, 723, 724, -1, 730, 727, -1, 730,
                                729, -1, 728, 729, -1, 768, 769, 770,
                                771, 772, 773, 774, 775, 776, 777, 778,
                                779, 780, 755, -1, 794, 795, 796, 797,
                                798, 799, 800, 801, 802, 803, 804, 805,
                                806, 781, -1, 754, 732, -1, 753, 754,
                                -1, 753, 752, -1, 752, 751, -1, 751,
                                750, -1, 749, 750, -1, 748, 749, -1,
                                748, 741, -1, 741, 742, 743, 744, 745,
                                746, 747, 740, -1, 740, 733, -1, 733,
                                734, 735, 736, 737, 738, 739, 731, -1,
                                731, 732, -1, 810, 808, -1, 809, 807,
                                -1, 814, 811, -1, 812, 813, -1, 852,
                                853, 854, 855, 856, 857, 858, 859, 860,
                                861, 862, 863, 864, 839, -1, 878, 879,
                                880, 881, 882, 883, 884, 885, 886, 887,
                                888, 889, 890, 865, -1, 838, 815, -1,
                                838, 831, -1, 831, 832, 833, 834, 835,
                                836, 837, 830, -1, 830, 823, -1, 823,
                                824, 825, 826, 827, 828, 829, 822, -1,
                                822, 821, -1, 820, 821, -1, 819, 820,
                                -1, 819, 818, -1, 818, 817, -1, 817,
                                816, -1, 815, 816, -1, 892, 894, -1,
                                891, 893, -1, 891, 892, -1, 902, 895,
                                -1, 902, 901, -1, 899, 900, -1, 897,
                                898, -1, 895, 896, -1, 909, 910, -1,
                                908, 909, -1, 908, 907, -1, 905, 906,
                                -1, 903, 904, -1, 918, 911, -1, 918,
                                917, -1, 915, 916, -1, 913, 914, -1,
                                911, 912, -1, 925, 926, -1, 924, 925,
                                -1, 924, 923, -1, 921, 922, -1, 919,
                                920, -1, 933, 934, -1, 932, 933, -1,
                                932, 931, -1, 929, 930, -1, 927, 928,
                                -1, 942, 935, -1, 942, 941, -1, 939,
                                940, -1, 937, 938, -1, 935, 936, -1,
                                944, 946, -1, 943, 944, -1, 950, 949,
                                -1, 947, 949, -1, 947, 948, -1, 954,
                                951, -1, 953, 954, -1, 951, 952, -1,
                                958, 957, -1, 955, 957, -1, 955, 956,
                                -1, 962, 959, -1, 962, 961, -1, 959,
                                960, -1, 966, 965, -1, 964, 965, -1,
                                967, 968, -1, 972, 974, -1, 973, 971,
                                -1, 971, 972, -1, 978, 975, -1, 978,
                                977, -1, 977, 976, -1, 979, 981, -1,
                                979, 980, -1, 986, 983, -1, 986, 985,
                                -1, 985, 984, -1, 988, 990, -1, 989,
                                990, -1, 989, 987, -1, 987, 988, -1,
                                994, 991, -1, 994, 993, -1, 992, 993,
                                -1, 991, 992, -1, 997, 996, -1, 998,
                                995, -1, 1000, 1002, -1, 999, 1000, -1,
                                1006, 1005, -1, 1003, 1005, -1, 1003, 1004,
                                -1, 1010, 1007, -1, 1009, 1010, -1, 1007,
                                1008, -1, 1014, 1013, -1, 1011, 1013, -1,
                                1011, 1012, -1, 1018, 1015, -1, 1018, 1017,
                                -1, 1015, 1016, -1, 1022, 1021, -1, 1020,
                                1021, -1, 1023, 1024, -1, 1028, 1030, -1,
                                1029, 1027, -1, 1027, 1028, -1, 1034, 1031,
                                -1, 1034, 1033, -1, 1033, 1032, -1, 1035,
                                1037, -1, 1035, 1036, -1, 1042, 1039, -1,
                                1042, 1041, -1, 1041, 1040, -1, 1044, 1046,
                                -1, 1045, 1046, -1, 1045, 1043, -1, 1043,
                                1044, -1, 1050, 1047, -1, 1050, 1049, -1,
                                1048, 1049, -1, 1047, 1048, -1, 1053, 1052,
                                -1, 1054, 1051, -1, 1142, 1055, -1, 1142,
                                1141, -1, 1139, 1140, -1, 1138, 1139, -1,
                                1129, 1130, 1131, 1132, 1133, 1134, 1135, 1136,
                                -1, 1126, 1127, -1, 1122, 1123, -1, 1120,
                                1119, -1, 1118, 1117, -1, 1116, 1117, -1,
                                1116, 1115, -1, 1114, 1113, -1, 1112, 1113,
                                -1, 1112, 1111, -1, 1103, 1104, 1105, 1106,
                                1107, 1108, 1109, 1110, -1, 1102, 1103, -1,
                                1100, 1101, -1, 1100, 1099, -1, 1099, 1098,
                                -1, 1096, 1097, -1, 1093, 1094, -1, 1092,
                                1093, -1, 1083, 1084, 1085, 1086, 1087, 1088,
                                1089, 1090, -1, 1080, 1081, -1, 1076, 1077,
                                -1, 1074, 1073, -1, 1072, 1071, -1, 1070,
                                1071, -1, 1070, 1069, -1, 1068, 1067, -1,
                                1066, 1067, -1, 1066, 1065, -1, 1057, 1058,
                                1059, 1060, 1061, 1062, 1063, 1064, -1, 1056,
                                1057, -1, 1143, 1146, -1, 1144, 1145, -1,
                                1147, 1150, -1, 1148, 1149, -1, 1157, 1158,
                                -1, 1167, 1168, -1, 1179, 1180, -1, 1199,
                                1200, -1, 1246, 1239, -1, 1246, 1245, -1,
                                1239, 1240, -1, 1254, 1253, -1, 1258, 1257,
                                -1, 1262, 1261, -1, 1266, 1265, -1, 1291,
                                1292, -1, 1303, 1304, -1, 1323, 1324, -1,
                                1370, 1363, -1, 1370, 1369, -1, 1363, 1364,
                                -1, 1378, 1377, -1, 1382, 1381, -1, 1386,
                                1385, -1, 1390, 1389, -1, 1407, 1408, -1,
                                1415, 1416, -1, 1423, 1424, -1, 1431, 1432,
                                -1, 1441, 1442, 1443, 1444, 1445, 1446, 1447,
                                1448, 1449, 1450, 1451, 1452, 1453, 1439, -1,
                                1493, 1494, -1, 1493, 1495, -1, 1495, 1496,
                                -1, 1494, 1496, -1, 1499, 1500, 1501, 1502,
                                1503, 1504, 1505, 1506, 1507, 1508, 1509, 1510,
                                1511, 1497, -1, 1551, 1554, -1, 1554, 1553,
                                -1, 1552, 1553, -1, 1551, 1552, -1, 1557,
                                1558, 1559, 1560, 1561, 1562, 1563, 1564, 1565,
                                1566, 1567, 1568, 1569, 1555, -1, 1609, 1610,
                                -1, 1609, 1611, -1, 1611, 1612, -1, 1610,
                                1612, -1, 1615, 1616, 1617, 1618, 1619, 1620,
                                1621, 1622, 1623, 1624, 1625, 1626, 1627, 1613,
                                -1, 1667, 1670, -1, 1670, 1669, -1, 1668,
                                1669, -1, 1667, 1668, -1, 1673, 1674, -1,
                                1675, 1676, -1, 1689, 1690, -1, 1691, 1692,
                                -1, 1703, 1704, -1, 1704, 1705, -1, 1705,
                                1706, -1, 1706, 1703, -1, 1710, 1707, -1,
                                1710, 1709, -1, 1709, 1708, -1, 1711, 1712,
                                -1, 1711, 1713, -1, 1713, 1714, -1, 1718,
                                1717, -1, 1719, 1721, -1, 1723, 1724, -1,
                                1724, 1725, -1, 1726, 1725, -1, 1727, 1728,
                                1729, 1730, 1731, 1732, 1733, 1726, -1, 1734,
                                1735, 1736, 1737, 1738, 1739, 1740, 1723, -1,
                                1748, 1758, -1, 1758, 1757, -1, 1756, 1757,
                                -1, 1749, 1750, 1751, 1752, 1753, 1754, 1755,
                                1756, -1, 1741, 1742, 1743, 1744, 1745, 1746,
                                1747, 1748, -1, 1762, 1761, -1, 1759, 1760,
                                -1, 1763, 1764, -1, 1764, 1765, -1, 1765,
                                1766, -1, 1766, 1763, -1, 1768, 1769, -1,
                                1767, 1770, -1, 1803, 1804, -1, 1804, 1805,
                                -1, 1805, 1806, -1, 1806, 1803, -1, 1807,
                                1808, -1, 1807, 1809, -1, 1809, 1810, -1,
                                1814, 1812, -1, 1814, 1813, -1, 1813, 1811,
                                -1, 1818, 1817, -1, 1819, 1821, -1, 1823,
                                1824, 1825, 1826, 1827, 1828, -1, 1829, 1830,
                                1831, 1832, 1833, 1834, -1, 1828, 1834, -1,
                                1836, 1838, -1, 1838, 1837, -1, 1835, 1837,
                                -1, 1839, 1840, -1, 1840, 1841, -1, 1841,
                                1842, -1, 1842, 1839, -1, 1843, 1844, -1,
                                1844, 1845, -1, 1846, 1845, -1, 1843, 1846,
                                -1, 1849, 1850, 1851, 1852, 1853, 1854, 1855,
                                1847, -1, 1849, 1856, -1, 1856, 1857, 1858,
                                1859, 1860, 1861, 1862, 1848, -1, 1863, 1864,
                                -1, 1865, 1866, -1, 1868, 1869, -1, 1902,
                                1901, -1, 1906, 1903, -1, 1904, 1905, -1,
                                1908, 1909, -1, 1914, 1913, -1, 1922, 1919,
                                -1, 1920, 1921, -1, 1924, 1925, -1, 1930,
                                1929, -1, 1935, 1936, -1, 1938, 1937, -1,
                                1940, 1941, -1, 1946, 1945, -1, 1951, 1952,
                                -1, 1954, 1953, -1, 1956, 1957, -1, 1962,
                                1961, -1, 1967, 1968, -1, 1968, 1969, -1,
                                1969, 1970, -1, 1970, 1967, -1, 1974, 1971,
                                -1, 1974, 1973, -1, 1973, 1972, -1, 1975,
                                1976, -1, 1975, 1977, -1, 1977, 1978, -1,
                                1982, 1981, -1, 1983, 1985, -1, 1987, 1988,
                                -1, 1988, 1989, -1, 1990, 1989, -1, 1991,
                                1992, 1993, 1994, 1995, 1996, 1997, 1990, -1,
                                1998, 1999, 2000, 2001, 2002, 2003, 2004, 1987,
                                -1, 2012, 2022, -1, 2022, 2021, -1, 2020,
                                2021, -1, 2013, 2014, 2015, 2016, 2017, 2018,
                                2019, 2020, -1, 2005, 2006, 2007, 2008, 2009,
                                2010, 2011, 2012, -1, 2026, 2025, -1, 2023,
                                2024, -1, 2027, 2028, -1, 2028, 2029, -1,
                                2029, 2030, -1, 2030, 2027, -1, 2032, 2033,
                                -1, 2031, 2034, -1, 2067, 2068, -1, 2068,
                                2069, -1, 2069, 2070, -1, 2070, 2067, -1,
                                2071, 2072, -1, 2071, 2073, -1, 2073, 2074,
                                -1, 2078, 2076, -1, 2078, 2077, -1, 2077,
                                2075, -1, 2082, 2081, -1, 2083, 2085, -1,
                                2087, 2088, 2089, 2090, 2091, 2092, -1, 2093,
                                2094, 2095, 2096, 2097, 2098, -1, 2092, 2098,
                                -1, 2100, 2102, -1, 2102, 2101, -1, 2099,
                                2101, -1, 2103, 2104, -1, 2104, 2105, -1,
                                2105, 2106, -1, 2106, 2103, -1, 2107, 2108,
                                -1, 2108, 2109, -1, 2110, 2109, -1, 2107,
                                2110, -1, 2113, 2114, 2115, 2116, 2117, 2118,
                                2119, 2111, -1, 2113, 2120, -1, 2120, 2121,
                                2122, 2123, 2124, 2125, 2126, 2112, -1, 2127,
                                2128, -1, 2129, 2130, -1, 2132, 2133, -1,
                                2166, 2165, -1, 2170, 2167, -1, 2168, 2169,
                                -1, 2172, 2173, -1, 2178, 2177, -1, 2186,
                                2183, -1, 2184, 2185, -1, 2188, 2189, -1,
                                2194, 2193, -1, 2199, 2200, -1, 2202, 2201,
                                -1, 2204, 2205, -1, 2210, 2209, -1, 2215,
                                2216, -1, 2218, 2217, -1, 2220, 2221, -1,
                                2226, 2225, -1, 2231, 2233, -1, 2235, 2237,
                                -1, 2243, 2245, -1, 2247, 2249, -1, 2257,
                                2258, -1, 2255, 2257, -1, 2255, 2256, -1,
                                2259, 2261, -1, 2263, 2265, -1, 2271, 2273,
                                -1, 2271, 2272, -1, 2275, 2277, -1, 2275,
                                2276, -1, 2279, 2281, -1, 2289, 2290, -1,
                                2287, 2289, -1, 2287, 2288, -1, 2293, 2294,
                                -1, 2291, 2293, -1, 2297, 2298, -1, 2295,
                                2297, -1, 2301, 2302, -1, 2299, 2301, -1,
                                2305, 2306, -1, 2303, 2305, -1, 2307, 2309,
                                -1, 2317, 2318, -1, 2317, 2319, 2320, 2321,
                                -1, 2321, 2322, -1, 2327, 2328, -1, 2325,
                                2327, -1, 2329, 2331, 2332, 2333, -1, 2333,
                                2334, -1, 2337, 2339, 2340, 2341, 2342, -1,
                                2342, 2343, -1, 2347, 2349, 2350, 2351, 2352,
                                -1, 2352, 2353, -1, 2357, 2359, 2360, 2361,
                                2362, -1, 2362, 2363, -1, 2367, 2369, 2370,
                                2371, 2372, -1, 2372, 2373, -1, 2377, 2379,
                                2380, 2381, -1, 2381, 2382, -1, 2387, 2388,
                                -1, 2385, 2387, -1, 2389, 2391, 2392, 2393,
                                -1, 2393, 2394, -1, 2397, 2399, 2400, 2401,
                                2402, -1, 2402, 2403, -1, 2407, 2409, 2410,
                                2411, 2412, -1, 2412, 2413, -1, 2417, 2419,
                                2420, 2421, 2422, -1, 2422, 2423, -1, 2427,
                                2429, 2430, 2431, 2432, -1, 2485, 2486, -1,
                                2483, 2485, -1, 2483, 2484, -1, 2489, 2490,
                                -1, 2487, 2489, -1, 2493, 2494, -1, 2491,
                                2493, -1, 2497, 2498, -1, 2495, 2497, -1,
                                2501, 2502, -1, 2499, 2501, -1, 2505, 2506,
                                -1, 2503, 2505, -1, 2509, 2510, -1, 2507,
                                2509, -1, 2513, 2514, -1, 2511, 2513, -1,
                                2517, 2518, -1, 2515, 2517, -1, 2521, 2522,
                                -1, 2519, 2521, -1, 2525, 2526, -1, 2523,
                                2525, -1, 2527, 2529, -1, 2543, 2544, -1,
                                2544, 2545, 2546, 2547, 2548, -1, 2548, 2549,
                                2550, 2551, 2552, -1, 2552, 2553, 2554, 2555,
                                2556, -1, 2556, 2557, 2558, 2559, 2560, -1,
                                2560, 2561, -1, 2561, 2543, -1, 2562, 2563,
                                -1, 2564, 2562, -1, 2565, 2566, 2567, 2568,
                                2564, -1, 2569, 2570, 2571, 2572, 2565, -1,
                                2573, 2574, 2575, 2576, 2569, -1, 2577, 2578,
                                2579, 2580, 2573, -1, 2563, 2577, -1, 2583,
                                2584, -1, 2581, 2582, -1, 2590, 2591, -1,
                                2600, 2601, -1, 2610, 2611, -1, 2620, 2621,
                                -1, 2627, 2628, -1, 2633, 2634, -1, 2635,
                                2633, -1, 2636, 2634, -1, 2637, 2638, -1,
                                2640, 2638, -1, 2641, 2642, -1, 2644, 2642,
                                -1, 2645, 2646, 2647, 2648, 2649, -1, 2654,
                                2649, -1, 2655, 2656, 2657, 2658, 2659, -1,
                                2664, 2659, -1, 2665, 2666, 2667, 2668, 2669,
                                -1, 2674, 2669, -1, 2675, 2676, 2677, 2678,
                                2679, -1, 2705, 2711, -1, 2711, 2710, -1,
                                2710, 2709, -1, 2709, 2708, -1, 2708, 2707,
                                -1, 2707, 2706, -1, 2706, 2704, -1, 2704,
                                2705, -1, 2717, 2712, -1, 2716, 2717, -1,
                                2715, 2716, -1, 2714, 2715, -1, 2713, 2714,
                                -1, 2712, 2713, -1, 2720, 2721, -1, 2718,
                                2719, -1, 2724, 2725, -1, 2728, 2729, -1,
                                2732, 2733, -1, 2736, 2737, -1, 2740, 2741,
                                -1, 2744, 2745, -1, 2750, 2751, -1, 2752,
                                2750, -1, 2753, 2751, -1, 2754, 2755, -1,
                                2757, 2755, -1, 2758, 2759, -1, 2761, 2759,
                                -1, 2762, 2763, -1, 2765, 2763, -1, 2766,
                                2767, -1, 2769, 2767, -1, 2770, 2771, -1,
                                2782, 2783, -1, 2780, 2782, -1, 2780, 2781,
                                -1, 2786, 2787, -1, 2784, 2786, -1, 2790,
                                2791, -1, 2788, 2790, -1, 2794, 2795, -1,
                                2792, 2794, -1, 2798, 2799, -1, 2796, 2798,
                                -1, 2802, 2803, -1, 2800, 2802, -1, 2806,
                                2807, -1, 2804, 2806, -1, 2810, 2811, -1,
                                2808, 2810, -1, 2814, 2815, -1, 2812, 2814,
                                -1, 2818, 2819, -1, 2816, 2818, -1, 2822,
                                2823, -1, 2820, 2822, -1, 2824, 2826, -1,
                                2840, 2841, 2842, 2843, -1, 2843, 2844, -1,
                                2844, 2845, 2846, 2847, -1, 2847, 2848, 2849,
                                2850, 2851, 2852, 2853, 2854, 2855, -1, 2855,
                                2856, -1, 2856, 2857, 2858, 2859, 2860, 2861,
                                2862, 2863, -1, 2863, 2864, 2865, 2866, 2867,
                                -1, 2867, 2868, 2869, 2870, 2871, -1, 2871,
                                2872, 2873, 2874, 2875, 2876, -1, 2876, 2877,
                                -1, 2877, 2878, -1, 2878, 2879, -1, 2879,
                                2880, -1, 2880, 2881, 2882, 2883, 2884, 2885,
                                2886, 2887, 2840, -1, 2888, 2889, 2890, 2891,
                                2892, -1, 2893, 2894, 2895, 2896, 2888, -1,
                                2897, 2893, -1, 2898, 2897, -1, 2899, 2900,
                                2901, 2902, 2898, -1, 2903, 2904, 2905, 2906,
                                2899, -1, 2907, 2908, 2909, 2910, 2903, -1,
                                2892, 2911, 2912, 2913, 2907, -1, 2914, 2915,
                                -1, 2918, 2919, -1, 2924, 2925, -1, 2930,
                                2931, -1, 2943, 2944, -1, 2954, 2955, -1,
                                2964, 2965, -1, 2977, 2978, -1, 2987, 2988,
                                -1, 2998, 2999, -1, 3006, 3007, -1, 3010,
                                3011, -1, 3014, 3015, -1, 3018, 3019, -1,
                                3038, 3039, 3040, 3041, 3042, -1, 3043, 3038,
                                -1, 3047, 3042, -1, 3048, 3049, 3050, 3051,
                                3052, -1, 3057, 3052, -1, 3058, 3059, 3060,
                                3061, 3062, -1, 3067, 3062, -1, 3068, 3069,
                                3070, 3071, 3072, -1, 3077, 3072, -1, 3078,
                                3079, 3080, 3081, 3082, -1, 3087, 3082, -1,
                                3088, 3089, 3090, 3091, 3092, -1, 3097, 3092,
                                -1, 3098, 3099, -1, 3101, 3099, -1, 3102,
                                3103, -1, 3132, 3133, -1, 3132, 3134, 3135,
                                3136, -1, 3136, 3137, -1, 3142, 3143, -1,
                                3140, 3142, -1, 3144, 3146, 3147, 3148, -1,
                                3148, 3149, -1, 3152, 3154, 3155, 3156, -1,
                                3156, 3157, -1, 3160, 3162, 3163, 3164, 3165,
                                3166, -1, 3166, 3167, -1, 3172, 3174, 3175,
                                3176, 3177, -1, 3177, 3178, -1, 3182, 3184,
                                3185, 3186, -1, 3186, 3187, -1, 3190, 3192,
                                3193, -1, 3193, 3194, -1, 3196, 3198, 3199,
                                3200, 3201, 3202, -1, 3202, 3203, -1, 3208,
                                3210, 3211, 3212, 3213, 3214, -1, 3214, 3215,
                                -1, 3220, 3222, 3223, 3224, -1, 3224, 3225,
                                -1, 3228, 3230, 3231, 3232, -1, 3232, 3233,
                                -1, 3238, 3239, -1, 3236, 3238, -1, 3240,
                                3242, 3243, 3244, -1, 3244, 3245, -1, 3248,
                                3250, 3251, 3252, -1, 3252, 3253, -1, 3256,
                                3258, 3259, 3260, 3261, 3262, -1, 3262, 3263,
                                -1, 3268, 3270, 3271, 3272, -1, 3272, 3273,
                                -1, 3276, 3278, 3279, 3280, -1, 3280, 3281,
                                -1, 3284, 3286, 3287, -1, 3287, 3288, -1,
                                3290, 3292, 3293, 3294, 3295, 3296, -1, 3296,
                                3297, -1, 3302, 3304, 3305, 3306, 3307, 3308,
                                3309, 3310, 3311, 3312, -1, 3398, 3399, -1,
                                3396, 3398, -1, 3396, 3397, -1, 3402, 3403,
                                -1, 3400, 3402, -1, 3404, 3406, -1, 3406,
                                3407, -1, 3410, 3411, -1, 3408, 3410, -1,
                                3414, 3415, -1, 3412, 3414, -1, 3418, 3419,
                                -1, 3416, 3418, -1, 3422, 3423, -1, 3420,
                                3422, -1, 3426, 3427, -1, 3424, 3426, -1,
                                3430, 3431, -1, 3428, 3430, -1, 3432, 3434,
                                3435, 3436, 3437, 3438, 3439, -1, 3439, 3440,
                                -1, 3446, 3448, 3449, 3450, -1, 3450, 3451,
                                -1, 3456, 3457, -1, 3454, 3456, -1, 3458,
                                3460, 3461, -1, 3461, 3462, -1, 3464, 3466,
                                3467, 3468, 3469, 3470, 3471, 3472, -1, 3472,
                                3473, -1, 3480, 3482, -1, 3515, 3516, -1,
                                3513, 3515, -1, 3513, 3514, -1, 3519, 3520,
                                -1, 3517, 3519, -1, 3523, 3524, -1, 3521,
                                3523, -1, 3527, 3528, -1, 3525, 3527, -1,
                                3531, 3532, -1, 3529, 3531, -1, 3535, 3536,
                                -1, 3533, 3535, -1, 3539, 3540, -1, 3537,
                                3539, -1, 3543, 3544, -1, 3541, 3543, -1,
                                3547, 3548, -1, 3545, 3547, -1, 3551, 3552,
                                -1, 3549, 3551, -1, 3555, 3556, -1, 3553,
                                3555, -1, 3557, 3559, -1, 3573, 3574, -1,
                                3574, 3575, 3576, 3577, 3578, -1, 3578, 3579,
                                3580, 3581, 3582, -1, 3582, 3583, 3584, 3585,
                                3586, -1, 3586, 3587, 3588, 3589, 3590, -1,
                                3590, 3591, -1, 3591, 3573, -1, 3592, 3593,
                                -1, 3594, 3592, -1, 3595, 3596, 3597, 3598,
                                3594, -1, 3599, 3600, 3601, 3602, 3595, -1,
                                3603, 3604, 3605, 3606, 3599, -1, 3607, 3608,
                                3609, 3610, 3603, -1, 3593, 3607, -1, 3613,
                                3614, -1, 3611, 3612, -1, 3620, 3621, -1,
                                3630, 3631, -1, 3640, 3641, -1, 3650, 3651,
                                -1, 3657, 3658, -1, 3663, 3664, -1, 3665,
                                3663, -1, 3666, 3664, -1, 3667, 3668, -1,
                                3670, 3668, -1, 3671, 3672, -1, 3674, 3672,
                                -1, 3675, 3676, 3677, 3678, 3679, -1, 3684,
                                3679, -1, 3685, 3686, 3687, 3688, 3689, -1,
                                3694, 3689, -1, 3695, 3696, 3697, 3698, 3699,
                                -1, 3704, 3699, -1, 3705, 3706, 3707, 3708,
                                3709, -1, 3735, 3741, -1, 3741, 3740, -1,
                                3740, 3739, -1, 3739, 3738, -1, 3738, 3737,
                                -1, 3737, 3736, -1, 3736, 3734, -1, 3734,
                                3735, -1, 3747, 3742, -1, 3746, 3747, -1,
                                3745, 3746, -1, 3744, 3745, -1, 3743, 3744,
                                -1, 3742, 3743, -1, 3750, 3751, -1, 3748,
                                3749, -1, 3754, 3755, -1, 3758, 3759, -1,
                                3762, 3763, -1, 3766, 3767, -1, 3770, 3771,
                                -1, 3774, 3775, -1, 3780, 3781, -1, 3782,
                                3780, -1, 3783, 3781, -1, 3784, 3785, -1,
                                3787, 3785, -1, 3788, 3789, -1, 3791, 3789,
                                -1, 3792, 3793, -1, 3795, 3793, -1, 3796,
                                3797, -1, 3799, 3797, -1, 3800, 3801, -1,
                                3814, 3935, 3936, 3937, 3938, 3939, 3932, -1,
                                3932, 3933, 3934, 3929, -1, 3929, 3930, 3931,
                                3926, -1, 3926, 3927, 3928, 3924, -1, 3924,
                                3925, 3923, -1, 3923, 3919, -1, 3919, 3920,
                                3921, 3922, 3915, -1, 3915, 3916, 3917, 3918,
                                3912, -1, 3912, 3913, 3914, 3909, -1, 3909,
                                3910, 3911, 3903, -1, 3903, 3904, 3905, 3906,
                                3907, 3908, 3896, -1, 3896, 3897, 3898, 3899,
                                3900, 3901, 3902, 3895, -1, 3895, 3894, -1,
                                3894, 3893, -1, 3893, 3892, -1, 3892, 3888,
                                -1, 3888, 3889, 3890, 3891, 3882, -1, 3882,
                                3883, 3884, 3885, 3886, 3887, 3877, -1, 3877,
                                3878, 3879, 3880, 3881, 3870, -1, 3870, 3871,
                                3872, 3873, 3874, 3875, 3876, 3867, -1, 3867,
                                3868, 3869, 3861, -1, 3861, 3862, 3863, 3864,
                                3865, 3866, 3854, -1, 3854, 3855, 3856, 3857,
                                3858, 3859, 3860, 3853, -1, 3853, 3846, -1,
                                3846, 3847, 3848, 3849, 3850, 3851, 3852, 3839,
                                -1, 3839, 3840, 3841, 3842, 3843, 3844, 3845,
                                3838, -1, 3838, 3834, -1, 3834, 3835, 3836,
                                3837, 3827, -1, 3827, 3828, 3829, 3830, 3831,
                                3832, 3833, 3820, -1, 3820, 3821, 3822, 3823,
                                3824, 3825, 3826, 3819, -1, 3819, 3815, -1,
                                3815, 3816, 3817, 3818, 3810, -1, 3810, 3811,
                                3812, 3813, 3814, -1, 3955, 3956, 3957, 3958,
                                3959, 3960, 3961, 3962, 3963, 3964, 3965, 3966,
                                3967, 3968, 3969, 3970, 3940, -1, 3940, 3941,
                                3942, 3943, 3944, 3945, 3946, 3947, 3948, 3949,
                                3950, 3951, 3952, 3953, 3954, 3955, -1, 3971,
                                3972, -1, 3978, 3979, -1, 3989, 3990, -1,
                                3997, 3998, -1, 4005, 4006, -1, 4012, 4013,
                                -1, 4017, 4018, -1, 4024, 4025, -1, 4034,
                                4035, -1, 4043, 4044, -1, 4051, 4052, -1,
                                4062, 4063, -1, 4077, 4078, -1, 4087, 4088,
                                -1, 4091, 4092, -1, 4095, 4096, -1, 4099,
                                4100, -1, 4106, 4107, -1, 4118, 4119, -1,
                                4131, 4132, -1, 4145, 4146, -1, 4157, 4158,
                                -1, 4168, 4169, -1, 4183, 4184, -1, 4193,
                                4194, -1, 4203, 4204, -1, 4219, 4220, -1,
                                4229, 4230, -1, 4236, 4237, -1, 4249, 4250,
                                -1, 4265, 4266, -1, 4275, 4276, -1, 4282,
                                4283, -1, 4297, 4298, 4299, 4300, 4301, 4302,
                                4303, 4304, 4305, 4306, 4307, 4308, 4309, 4310,
                                4311, 4312, 4313, -1, 4314, 4297, -1, 4330,
                                4313, -1, 4331, 4332, 4333, 4334, 4335, 4336,
                                4337, 4338, 4339, 4340, 4341, 4342, 4343, 4344,
                                4345, 4346, -1 ]

                          }

                        }

                    } ]

                },
                  
                DEF o11 Group {

                } ]

            }

        },
          
        DEF o12 Group {
          children 
            DEF o13 Transform {
              translation -3.5029969 -0.0011385719 -0.002073538
              rotation 0 0 1  0
              scale 1 1 1
              scaleOrientation 0 0 1  0
              center 0 0 0
              children [ 
                DEF o14 Group {
                  children [ 
                    DEF o15 Group {
                      children 
                        DEF o16 Shape {
                          appearance 
                          Appearance {
                            material 
                            Material {
                              emissiveColor 0.098039217 0.098039217 0.098039217

                            }

                          }
                          geometry 
                          PointSet {
                            coord 
                            USE o6

                          }

                        }

                    },
                      
                    DEF o17 Group {
                      children 
                        DEF o18 Shape {
                          appearance 
                          Appearance {
                            material 
                            Material {
                              diffuseColor 0.25098041 0.25098041 0.25098041
                              ambientIntensity 0.33333334
                              specularColor 0.53333336 0.53333336 0.53333336
                              shininess 0.89999998

                            }

                          }
                          geometry 
                          IndexedFaceSet {
                            coord 
                            USE o6
                            color 
                            Color {
                              color [ 0.25098041 0.25098041 0.25098041,
                                  0.25098041 0.25098041 0.25098041,
                                  0.25098041 0.25098041 0.25098041,
                                  0.25098041 0.25098041 0.25098041,
                                  0.22352941 0.22352941 0.22352941,
                                  0.22352941 0.22352941 0.22352941,
                                  0.22352941 0.22352941 0.22352941,
                                  0.22352941 0.22352941 0.22352941,
                                  0.22352941 0.22352941 0.22352941,
                                  0.25098041 0.25098041 0.25098041,
                                  0.25098041 0.25098041 0.25098041,
                                  0.22352941 0.22352941 0.22352941,
                                  0.22352941 0.22352941 0.22352941,
                                  0.25098041 0.25098041 0.25098041,
                                  0.25098041 0.25098041 0.25098041,
                                  0.22352941 0.22352941 0.22352941,
                                  0.22352941 0.22352941 0.22352941,
                                  0.22352941 0.22352941 0.22352941,
                                  0.22352941 0.22352941 0.22352941,
                                  0.22352941 0.22352941 0.22352941,
                                  0.22352941 0.22352941 0.22352941,
                                  0.22352941 0.22352941 0.22352941,
                                  0.22352941 0.22352941 0.22352941,
                                  0.22352941 0.22352941 0.22352941,
                                  0.22352941 0.22352941 0.22352941,
                                  0.22352941 0.22352941 0.22352941,
                                  0.22352941 0.22352941 0.22352941,
                                  0.25098041 0.25098041 0.25098041,
                                  0.25098041 0.25098041 0.25098041,
                                  0.25098041 0.25098041 0.25098041,
                                  0.25098041 0.25098041 0.25098041,
                                  0.22352941 0.22352941 0.22352941,
                                  0.22352941 0.22352941 0.22352941,
                                  0.22352941 0.22352941 0.22352941,
                                  0.22352941 0.22352941 0.22352941,
                                  0.22352941 0.22352941 0.22352941,
                                  0.22352941 0.22352941 0.22352941,
                                  0.22352941 0.22352941 0.22352941,
                                  0.22352941 0.22352941 0.22352941,
                                  0.22352941 0.22352941 0.22352941,
                                  0.22352941 0.22352941 0.22352941,
                                  0.25098041 0.25098041 0.25098041,
                                  0.25098041 0.25098041 0.25098041,
                                  0.25098041 0.25098041 0.25098041,
                                  0.25098041 0.25098041 0.25098041,
                                  0.22352941 0.22352941 0.22352941,
                                  0.22352941 0.22352941 0.22352941,
                                  0.22352941 0.22352941 0.22352941,
                                  0.22352941 0.22352941 0.22352941,
                                  0.22352941 0.22352941 0.22352941,
                                  0.22352941 0.22352941 0.22352941,
                                  0.22352941 0.22352941 0.22352941,
                                  0.22352941 0.22352941 0.22352941,
                                  0.22352941 0.22352941 0.22352941,
                                  0.22352941 0.22352941 0.22352941,
                                  0.22352941 0.22352941 0.22352941,
                                  0.22352941 0.22352941 0.22352941,
                                  0.22352941 0.22352941 0.22352941,
                                  0.22352941 0.22352941 0.22352941,
                                  0.22352941 0.22352941 0.22352941,
                                  0.22352941 0.22352941 0.22352941,
                                  0.22352941 0.22352941 0.22352941,
                                  0.22352941 0.22352941 0.22352941,
                                  0.22352941 0.22352941 0.22352941,
                                  0.22352941 0.22352941 0.22352941,
                                  0.25098041 0.25098041 0.25098041,
                                  0.25098041 0.25098041 0.25098041,
                                  0.25098041 0.25098041 0.25098041,
                                  0.25098041 0.25098041 0.25098041,
                                  0.25098041 0.25098041 0.25098041,
                                  0.25098041 0.25098041 0.25098041,
                                  0.25098041 0.25098041 0.25098041,
                                  0.25098041 0.25098041 0.25098041,
                                  0.25098041 0.25098041 0.25098041,
                                  0.25098041 0.25098041 0.25098041,
                                  0.22352941 0.22352941 0.22352941,
                                  0.22352941 0.22352941 0.22352941,
                                  0.22352941 0.22352941 0.22352941,
                                  0.22352941 0.22352941 0.22352941,
                                  0.22352941 0.22352941 0.22352941,
                                  0.22352941 0.22352941 0.22352941,
                                  0.22352941 0.22352941 0.22352941,
                                  0.22352941 0.22352941 0.22352941,
                                  0.25098041 0.25098041 0.25098041,
                                  0.25098041 0.25098041 0.25098041,
                                  0.25098041 0.25098041 0.25098041,
                                  0.25098041 0.25098041 0.25098041,
                                  0.25098041 0.25098041 0.25098041,
                                  0.25098041 0.25098041 0.25098041,
                                  0.25098041 0.25098041 0.25098041,
                                  0.25098041 0.25098041 0.25098041,
                                  0.25098041 0.25098041 0.25098041,
                                  0.25098041 0.25098041 0.25098041,
                                  0.22352941 0.22352941 0.22352941,
                                  0.22352941 0.22352941 0.22352941,
                                  0.22352941 0.22352941 0.22352941,
                                  0.22352941 0.22352941 0.22352941,
                                  0.22352941 0.22352941 0.22352941,
                                  0.22352941 0.22352941 0.22352941,
                                  0.22352941 0.22352941 0.22352941,
                                  0.22352941 0.22352941 0.22352941,
                                  0.25098041 0.25098041 0.25098041,
                                  0.25098041 0.25098041 0.25098041,
                                  0.25098041 0.25098041 0.25098041,
                                  0.25098041 0.25098041 0.25098041,
                                  0.25098041 0.25098041 0.25098041,
                                  0.25098041 0.25098041 0.25098041,
                                  0.25098041 0.25098041 0.25098041,
                                  0.25098041 0.25098041 0.25098041,
                                  0.22352941 0.22352941 0.22352941,
                                  0.22352941 0.22352941 0.22352941,
                                  0.22352941 0.22352941 0.22352941,
                                  0.22352941 0.22352941 0.22352941,
                                  0.22352941 0.22352941 0.22352941,
                                  0.22352941 0.22352941 0.22352941,
                                  0.75294119 0.75294119 0.75294119,
                                  0.75294119 0.75294119 0.75294119,
                                  0.75294119 0.75294119 0.75294119,
                                  0.75294119 0.75294119 0.75294119,
                                  0.75294119 0.75294119 0.75294119,
                                  0.75294119 0.75294119 0.75294119,
                                  0.75294119 0.75294119 0.75294119,
                                  0.75294119 0.75294119 0.75294119,
                                  0.75294119 0.75294119 0.75294119,
                                  0.75294119 0.75294119 0.75294119,
                                  0.75294119 0.75294119 0.75294119,
                                  0.75294119 0.75294119 0.75294119,
                                  0.75294119 0.75294119 0.75294119,
                                  0.75294119 0.75294119 0.75294119,
                                  0.75294119 0.75294119 0.75294119,
                                  0.75294119 0.75294119 0.75294119,
                                  0.75294119 0.75294119 0.75294119,
                                  0.75294119 0.75294119 0.75294119,
                                  0.75294119 0.75294119 0.75294119,
                                  0.75294119 0.75294119 0.75294119,
                                  0.75294119 0.75294119 0.75294119,
                                  0.75294119 0.75294119 0.75294119,
                                  0.75294119 0.75294119 0.75294119,
                                  0.75294119 0.75294119 0.75294119,
                                  0.75294119 0.75294119 0.75294119,
                                  0.75294119 0.75294119 0.75294119,
                                  0.75294119 0.75294119 0.75294119,
                                  0.75294119 0.75294119 0.75294119,
                                  0.75294119 0.75294119 0.75294119,
                                  0.75294119 0.75294119 0.75294119,
                                  0.75294119 0.75294119 0.75294119,
                                  0.75294119 0.75294119 0.75294119,
                                  0.75294119 0.75294119 0.75294119,
                                  0.75294119 0.75294119 0.75294119,
                                  0.75294119 0.75294119 0.75294119,
                                  0.75294119 0.75294119 0.75294119,
                                  0.75294119 0.75294119 0.75294119,
                                  0.75294119 0.75294119 0.75294119,
                                  0.75294119 0.75294119 0.75294119,
                                  0.75294119 0.75294119 0.75294119,
                                  0.75294119 0.75294119 0.75294119,
                                  0.75294119 0.75294119 0.75294119,
                                  0.75294119 0.75294119 0.75294119,
                                  0.75294119 0.75294119 0.75294119,
                                  0.75294119 0.75294119 0.75294119,
                                  0.75294119 0.75294119 0.75294119,
                                  0.75294119 0.75294119 0.75294119,
                                  0.75294119 0.75294119 0.75294119,
                                  0.75294119 0.75294119 0.75294119,
                                  0.75294119 0.75294119 0.75294119,
                                  0.75294119 0.75294119 0.75294119,
                                  0.75294119 0.75294119 0.75294119,
                                  0.75294119 0.75294119 0.75294119,
                                  0.75294119 0.75294119 0.75294119,
                                  0.75294119 0.75294119 0.75294119,
                                  0.75294119 0.75294119 0.75294119,
                                  0.75294119 0.75294119 0.75294119,
                                  0.75294119 0.75294119 0.75294119,
                                  0.75294119 0.75294119 0.75294119,
                                  0.75294119 0.75294119 0.75294119,
                                  0.75294119 0.75294119 0.75294119,
                                  0.75294119 0.75294119 0.75294119,
                                  0.75294119 0.75294119 0.75294119,
                                  0.75294119 0.75294119 0.75294119,
                                  0.75294119 0.75294119 0.75294119,
                                  0.75294119 0.75294119 0.75294119,
                                  0.75294119 0.75294119 0.75294119,
                                  0.75294119 0.75294119 0.75294119,
                                  0.75294119 0.75294119 0.75294119,
                                  0.75294119 0.75294119 0.75294119,
                                  0.75294119 0.75294119 0.75294119,
                                  0.75294119 0.75294119 0.75294119,
                                  0.75294119 0.75294119 0.75294119,
                                  0.75294119 0.75294119 0.75294119,
                                  0.75294119 0.75294119 0.75294119,
                                  0.75294119 0.75294119 0.75294119,
                                  0.75294119 0.75294119 0.75294119,
                                  0.75294119 0.75294119 0.75294119,
                                  0.75294119 0.75294119 0.75294119,
                                  0.75294119 0.75294119 0.75294119,
                                  0.75294119 0.75294119 0.75294119,
                                  0.75294119 0.75294119 0.75294119,
                                  0.22352941 0.22352941 0.22352941,
                                  0.22352941 0.22352941 0.22352941,
                                  0.22352941 0.22352941 0.22352941,
                                  0.22352941 0.22352941 0.22352941,
                                  0.22352941 0.22352941 0.22352941,
                                  0.22352941 0.22352941 0.22352941,
                                  0.22352941 0.22352941 0.22352941,
                                  0.22352941 0.22352941 0.22352941,
                                  0.22352941 0.22352941 0.22352941,
                                  0.22352941 0.22352941 0.22352941,
                                  0.22352941 0.22352941 0.22352941,
                                  0.22352941 0.22352941 0.22352941,
                                  0.22352941 0.22352941 0.22352941,
                                  0.22352941 0.22352941 0.22352941,
                                  1 1 1,
                                  1 1 1,
                                  1 1 1,
                                  1 1 1,
                                  1 1 1,
                                  1 1 1,
                                  1 1 1,
                                  1 1 1,
                                  1 1 1,
                                  1 1 1,
                                  1 1 1,
                                  1 1 1,
                                  1 1 1,
                                  1 1 1,
                                  1 1 1,
                                  1 1 1,
                                  1 1 1,
                                  1 1 1,
                                  1 1 1,
                                  1 1 1,
                                  1 1 1,
                                  1 1 1,
                                  1 1 1,
                                  1 1 1,
                                  1 1 1,
                                  1 1 1,
                                  1 1 1,
                                  1 1 1,
                                  1 1 1,
                                  1 1 1,
                                  1 1 1,
                                  1 1 1,
                                  1 1 1,
                                  1 1 1,
                                  1 1 1,
                                  1 1 1,
                                  1 1 1,
                                  1 1 1,
                                  1 1 1,
                                  1 1 1,
                                  1 1 1,
                                  1 1 1,
                                  1 1 1,
                                  1 1 1,
                                  1 1 1,
                                  1 1 1,
                                  1 1 1,
                                  1 1 1,
                                  1 1 1,
                                  1 1 1,
                                  0.22352941 0.22352941 0.22352941,
                                  1 1 1,
                                  1 1 1,
                                  1 1 1,
                                  1 1 1,
                                  1 1 1,
                                  1 1 1,
                                  1 1 1,
                                  1 1 1,
                                  1 1 1,
                                  1 1 1,
                                  1 1 1,
                                  1 1 1,
                                  1 1 1,
                                  1 1 1,
                                  1 1 1,
                                  0.22352941 0.22352941 0.22352941,
                                  1 1 1,
                                  1 1 1,
                                  1 1 1,
                                  1 1 1,
                                  1 1 1,
                                  1 1 1,
                                  1 1 1,
                                  1 1 1,
                                  1 1 1,
                                  1 1 1,
                                  1 1 1,
                                  1 1 1,
                                  1 1 1,
                                  1 1 1,
                                  1 1 1,
                                  1 1 1,
                                  1 1 1,
                                  1 1 1,
                                  1 1 1,
                                  1 1 1,
                                  1 1 1,
                                  1 1 1,
                                  1 1 1,
                                  1 1 1,
                                  1 1 1,
                                  1 1 1,
                                  1 1 1,
                                  1 1 1,
                                  1 1 1,
                                  1 1 1,
                                  1 1 1,
                                  1 1 1,
                                  1 1 1,
                                  1 1 1,
                                  1 1 1,
                                  1 1 1,
                                  0.22352941 0.22352941 0.22352941,
                                  1 1 1,
                                  1 1 1,
                                  1 1 1,
                                  1 1 1,
                                  1 1 1,
                                  1 1 1,
                                  1 1 1,
                                  1 1 1,
                                  1 1 1,
                                  1 1 1,
                                  1 1 1,
                                  1 1 1,
                                  1 1 1,
                                  1 1 1,
                                  1 1 1,
                                  1 1 1,
                                  1 1 1,
                                  1 1 1,
                                  1 1 1,
                                  1 1 1,
                                  1 1 1,
                                  1 1 1,
                                  1 1 1,
                                  1 1 1,
                                  1 1 1,
                                  1 1 1,
                                  1 1 1,
                                  1 1 1,
                                  1 1 1,
                                  1 1 1,
                                  1 1 1,
                                  1 1 1,
                                  1 1 1,
                                  1 1 1,
                                  1 1 1,
                                  1 1 1,
                                  1 1 1,
                                  1 1 1,
                                  1 1 1,
                                  1 1 1,
                                  1 1 1,
                                  1 1 1,
                                  1 1 1,
                                  1 1 1,
                                  1 1 1,
                                  1 1 1,
                                  1 1 1,
                                  1 1 1,
                                  1 1 1,
                                  1 1 1,
                                  1 1 1,
                                  1 1 1,
                                  1 1 1,
                                  1 1 1,
                                  1 1 1,
                                  1 1 1,
                                  1 1 1,
                                  1 1 1,
                                  1 1 1,
                                  1 1 1,
                                  1 1 1,
                                  1 1 1,
                                  1 1 1,
                                  1 1 1,
                                  1 1 1,
                                  1 1 1,
                                  0.22352941 0.22352941 0.22352941,
                                  1 1 1,
                                  1 1 1,
                                  1 1 1,
                                  1 1 1,
                                  1 1 1,
                                  1 1 1,
                                  1 1 1,
                                  1 1 1,
                                  1 1 1,
                                  1 1 1,
                                  1 1 1,
                                  1 1 1,
                                  1 1 1,
                                  1 1 1,
                                  1 1 1,
                                  0.22352941 0.22352941 0.22352941,
                                  1 1 1,
                                  1 1 1,
                                  1 1 1,
                                  1 1 1,
                                  1 1 1,
                                  1 1 1,
                                  1 1 1,
                                  1 1 1,
                                  1 1 1,
                                  1 1 1,
                                  1 1 1,
                                  1 1 1,
                                  1 1 1,
                                  1 1 1,
                                  1 1 1,
                                  1 1 1,
                                  1 1 1,
                                  1 1 1,
                                  1 1 1,
                                  1 1 1,
                                  1 1 1,
                                  1 1 1,
                                  1 1 1,
                                  1 1 1,
                                  1 1 1,
                                  1 1 1,
                                  1 1 1,
                                  1 1 1,
                                  1 1 1,
                                  1 1 1,
                                  1 1 1,
                                  1 1 1,
                                  1 1 1,
                                  1 1 1,
                                  1 1 1,
                                  1 1 1,
                                  0.22352941 0.22352941 0.22352941 ]

                            }
                            colorPerVertex FALSE
                            coordIndex [ 26, 13, 12, -1, 26, 27, 13, -1,
                                25, 12, 11, -1, 25, 26, 12, -1,
                                24, 11, 10, -1, 24, 25, 11, -1,
                                23, 10, 9, -1, 23, 24, 10, -1,
                                22, 9, 8, -1, 22, 23, 9, -1,
                                21, 7, 6, -1, 21, 8, 7, -1,
                                21, 22, 8, -1, 20, 21, 6, -1,
                                19, 6, 5, -1, 19, 20, 6, -1,
                                18, 5, 4, -1, 18, 19, 5, -1,
                                17, 4, 3, -1, 17, 18, 4, -1,
                                16, 3, 2, -1, 16, 17, 3, -1,
                                15, 1, 0, -1, 15, 2, 1, -1,
                                15, 16, 2, -1, 14, 15, 0, -1,
                                55, 41, 40, -1, 54, 40, 39, -1,
                                54, 55, 40, -1, 53, 39, 38, -1,
                                53, 54, 39, -1, 52, 38, 37, -1,
                                52, 53, 38, -1, 51, 37, 36, -1,
                                51, 52, 37, -1, 50, 51, 36, -1,
                                49, 35, 34, -1, 49, 36, 35, -1,
                                49, 50, 36, -1, 48, 49, 34, -1,
                                47, 34, 33, -1, 47, 48, 34, -1,
                                46, 32, 31, -1, 46, 33, 32, -1,
                                46, 47, 33, -1, 45, 46, 31, -1,
                                44, 31, 30, -1, 44, 45, 31, -1,
                                43, 29, 28, -1, 43, 30, 29, -1,
                                43, 44, 30, -1, 42, 43, 28, -1,
                                82, 69, 68, -1, 82, 83, 69, -1,
                                81, 68, 67, -1, 81, 82, 68, -1,
                                80, 67, 66, -1, 80, 81, 67, -1,
                                79, 66, 65, -1, 79, 80, 66, -1,
                                78, 65, 64, -1, 78, 79, 65, -1,
                                77, 64, 63, -1, 77, 78, 64, -1,
                                76, 63, 62, -1, 76, 77, 63, -1,
                                75, 62, 61, -1, 75, 76, 62, -1,
                                74, 60, 59, -1, 74, 61, 60, -1,
                                74, 75, 61, -1, 73, 59, 58, -1,
                                73, 74, 59, -1, 72, 73, 58, -1,
                                71, 57, 56, -1, 71, 58, 57, -1,
                                71, 72, 58, -1, 70, 71, 56, -1,
                                111, 97, 96, -1, 110, 96, 95, -1,
                                110, 111, 96, -1, 109, 95, 94, -1,
                                109, 110, 95, -1, 108, 94, 93, -1,
                                108, 109, 94, -1, 107, 93, 92, -1,
                                107, 108, 93, -1, 106, 92, 91, -1,
                                106, 107, 92, -1, 105, 91, 90, -1,
                                105, 106, 91, -1, 104, 105, 90, -1,
                                103, 90, 89, -1, 103, 104, 90, -1,
                                102, 89, 88, -1, 102, 103, 89, -1,
                                101, 88, 87, -1, 101, 102, 88, -1,
                                100, 87, 86, -1, 100, 101, 87, -1,
                                99, 85, 84, -1, 99, 86, 85, -1,
                                99, 100, 86, -1, 98, 99, 84, -1,
                                113, 408, 114, -1, 114, 408, 115, -1,
                                408, 407, 115, -1, 406, 404, 407, -1,
                                406, 405, 404, -1, 386, 385, 403, -1,
                                403, 387, 386, -1, 385, 384, 403, -1,
                                403, 388, 387, -1, 384, 383, 403, -1,
                                113, 401, 408, -1, 383, 382, 403, -1,
                                402, 392, 391, -1, 402, 393, 392, -1,
                                402, 394, 393, -1, 400, 370, 381, -1,
                                402, 395, 394, -1, 400, 373, 370, -1,
                                373, 371, 370, -1, 140, 139, 380, -1,
                                380, 139, 381, -1, 380, 141, 140, -1,
                                139, 138, 381, -1, 381, 138, 400, -1,
                                400, 138, 382, -1, 380, 142, 141, -1,
                                373, 372, 371, -1, 138, 137, 382, -1,
                                407, 137, 115, -1, 404, 137, 407, -1,
                                382, 137, 403, -1, 403, 137, 404, -1,
                                402, 295, 395, -1, 395, 295, 396, -1,
                                396, 295, 397, -1, 401, 295, 402, -1,
                                380, 143, 142, -1, 399, 377, 374, -1,
                                137, 136, 115, -1, 136, 135, 115, -1,
                                126, 128, 127, -1, 135, 134, 115, -1,
                                126, 129, 128, -1, 399, 378, 377, -1,
                                295, 294, 397, -1, 397, 294, 398, -1,
                                398, 294, 399, -1, 125, 130, 126, -1,
                                126, 130, 129, -1, 125, 131, 130, -1,
                                124, 132, 125, -1, 125, 132, 131, -1,
                                124, 133, 132, -1, 118, 117, 119, -1,
                                117, 120, 119, -1, 374, 376, 375, -1,
                                377, 376, 374, -1, 117, 116, 120, -1,
                                144, 379, 116, -1, 124, 304, 133, -1,
                                304, 303, 133, -1, 123, 305, 124, -1,
                                124, 305, 304, -1, 303, 302, 133, -1,
                                123, 306, 305, -1, 123, 307, 306, -1,
                                133, 301, 134, -1, 302, 301, 133, -1,
                                294, 291, 399, -1, 293, 291, 294, -1,
                                399, 291, 378, -1, 301, 300, 134, -1,
                                361, 360, 362, -1, 362, 359, 363, -1,
                                360, 359, 362, -1, 359, 358, 363, -1,
                                300, 299, 134, -1, 378, 290, 379, -1,
                                291, 290, 378, -1, 355, 354, 356, -1,
                                356, 354, 357, -1, 293, 292, 291, -1,
                                358, 353, 363, -1, 357, 353, 358, -1,
                                363, 353, 364, -1, 364, 353, 365, -1,
                                354, 353, 357, -1, 353, 352, 365, -1,
                                365, 352, 366, -1, 366, 352, 367, -1,
                                116, 121, 120, -1, 352, 351, 367, -1,
                                367, 351, 368, -1, 368, 351, 369, -1,
                                313, 333, 314, -1, 311, 333, 312, -1,
                                312, 333, 313, -1, 299, 181, 134, -1,
                                296, 181, 297, -1, 297, 181, 298, -1,
                                298, 181, 299, -1, 314, 332, 315, -1,
                                333, 332, 314, -1, 273, 272, 290, -1,
                                290, 274, 273, -1, 351, 350, 369, -1,
                                369, 350, 296, -1, 122, 334, 333, -1,
                                290, 271, 379, -1, 272, 271, 290, -1,
                                290, 275, 274, -1, 332, 331, 315, -1,
                                181, 180, 134, -1, 350, 349, 296, -1,
                                122, 335, 334, -1, 271, 270, 379, -1,
                                113, 288, 401, -1, 401, 288, 295, -1,
                                317, 319, 318, -1, 315, 330, 316, -1,
                                331, 330, 315, -1, 349, 348, 296, -1,
                                317, 320, 319, -1, 317, 321, 320, -1,
                                180, 177, 176, -1, 330, 329, 316, -1,
                                180, 179, 177, -1, 179, 178, 177, -1,
                                176, 175, 180, -1, 316, 328, 317, -1,
                                329, 328, 316, -1, 321, 327, 322, -1,
                                317, 327, 321, -1, 328, 327, 317, -1,
                                322, 325, 323, -1, 323, 325, 324, -1,
                                327, 326, 322, -1, 322, 326, 325, -1,
                                180, 174, 134, -1, 175, 174, 180, -1,
                                270, 269, 379, -1, 174, 173, 134, -1,
                                173, 172, 134, -1, 348, 182, 296, -1,
                                345, 182, 346, -1, 346, 182, 347, -1,
                                347, 182, 348, -1, 289, 279, 278, -1,
                                345, 183, 182, -1, 343, 183, 344, -1,
                                344, 183, 345, -1, 116, 287, 121, -1,
                                269, 287, 379, -1, 379, 287, 116, -1,
                                342, 184, 343, -1, 343, 184, 183, -1,
                                289, 280, 279, -1, 167, 204, 168, -1,
                                168, 204, 169, -1, 169, 204, 170, -1,
                                170, 204, 171, -1, 171, 204, 172, -1,
                                172, 204, 134, -1, 341, 185, 342, -1,
                                342, 185, 184, -1, 341, 186, 185, -1,
                                340, 186, 341, -1, 154, 158, 155, -1,
                                155, 158, 156, -1, 156, 158, 157, -1,
                                121, 268, 122, -1, 335, 268, 336, -1,
                                122, 268, 335, -1, 287, 268, 121, -1,
                                289, 281, 280, -1, 164, 193, 165, -1,
                                165, 193, 166, -1, 166, 193, 167, -1,
                                167, 193, 204, -1, 152, 151, 153, -1,
                                153, 151, 154, -1, 339, 187, 340, -1,
                                340, 187, 186, -1, 164, 163, 193, -1,
                                151, 150, 154, -1, 154, 150, 158, -1,
                                287, 257, 268, -1, 150, 149, 158, -1,
                                289, 282, 281, -1, 149, 148, 158, -1,
                                158, 147, 159, -1, 148, 147, 158, -1,
                                147, 146, 159, -1, 159, 146, 160, -1,
                                160, 146, 161, -1, 289, 283, 282, -1,
                                163, 196, 193, -1, 161, 196, 162, -1,
                                162, 196, 163, -1, 146, 196, 161, -1,
                                289, 284, 283, -1, 196, 194, 193, -1,
                                204, 203, 134, -1, 287, 260, 257, -1,
                                260, 258, 257, -1, 289, 285, 284, -1,
                                336, 267, 337, -1, 268, 267, 336, -1,
                                337, 267, 338, -1, 338, 267, 339, -1,
                                145, 197, 146, -1, 146, 197, 196, -1,
                                196, 195, 194, -1, 267, 250, 339, -1,
                                205, 250, 267, -1, 192, 200, 145, -1,
                                145, 200, 197, -1, 260, 259, 258, -1,
                                339, 249, 187, -1, 187, 249, 188, -1,
                                188, 249, 189, -1, 250, 249, 339, -1,
                                267, 206, 205, -1, 286, 264, 261, -1,
                                190, 201, 191, -1, 191, 201, 192, -1,
                                192, 201, 200, -1, 189, 248, 190, -1,
                                249, 248, 189, -1, 286, 265, 264, -1,
                                248, 247, 190, -1, 190, 247, 201, -1,
                                247, 246, 201, -1, 200, 199, 197, -1,
                                197, 199, 198, -1, 264, 263, 261, -1,
                                261, 263, 262, -1, 210, 212, 211, -1,
                                210, 213, 212, -1, 246, 256, 201, -1,
                                244, 256, 245, -1, 245, 256, 246, -1,
                                210, 214, 213, -1, 243, 251, 244, -1,
                                244, 251, 256, -1, 243, 242, 251, -1,
                                210, 215, 214, -1, 209, 215, 210, -1,
                                228, 227, 206, -1, 206, 227, 207, -1,
                                266, 229, 228, -1, 209, 216, 215, -1,
                                208, 216, 209, -1, 227, 226, 207, -1,
                                266, 230, 229, -1, 242, 241, 251, -1,
                                208, 217, 216, -1, 226, 217, 207, -1,
                                207, 217, 208, -1, 529, 528, 203, -1,
                                265, 231, 266, -1, 266, 231, 230, -1,
                                528, 527, 203, -1, 203, 530, 529, -1,
                                224, 218, 225, -1, 225, 218, 226, -1,
                                226, 218, 217, -1, 265, 232, 231, -1,
                                224, 219, 218, -1, 527, 526, 203, -1,
                                224, 220, 219, -1, 222, 221, 223, -1,
                                224, 221, 220, -1, 223, 221, 224, -1,
                                240, 252, 241, -1, 241, 252, 251, -1,
                                256, 255, 201, -1, 201, 255, 202, -1,
                                202, 532, 531, -1, 526, 525, 203, -1,
                                202, 533, 532, -1, 255, 534, 202, -1,
                                202, 534, 533, -1, 255, 535, 534, -1,
                                232, 253, 233, -1, 233, 253, 234, -1,
                                234, 253, 235, -1, 235, 253, 236, -1,
                                236, 253, 237, -1, 237, 253, 238, -1,
                                238, 253, 239, -1, 239, 253, 240, -1,
                                240, 253, 252, -1, 506, 508, 507, -1,
                                255, 536, 535, -1, 254, 536, 255, -1,
                                254, 537, 536, -1, 494, 450, 495, -1,
                                495, 450, 496, -1, 496, 450, 497, -1,
                                497, 450, 498, -1, 498, 450, 499, -1,
                                499, 450, 500, -1, 500, 450, 501, -1,
                                506, 450, 508, -1, 501, 450, 502, -1,
                                502, 450, 503, -1, 503, 450, 504, -1,
                                504, 450, 505, -1, 505, 450, 506, -1,
                                508, 450, 509, -1, 509, 450, 510, -1,
                                510, 450, 511, -1, 511, 450, 512, -1,
                                512, 450, 513, -1, 494, 493, 450, -1,
                                522, 444, 523, -1, 523, 444, 524, -1,
                                521, 445, 522, -1, 522, 445, 444, -1,
                                444, 443, 524, -1, 524, 443, 525, -1,
                                519, 446, 520, -1, 520, 446, 521, -1,
                                521, 446, 445, -1, 254, 538, 537, -1,
                                443, 442, 525, -1, 134, 442, 115, -1,
                                525, 442, 203, -1, 203, 442, 134, -1,
                                493, 492, 450, -1, 518, 447, 519, -1,
                                519, 447, 446, -1, 517, 448, 518, -1,
                                518, 448, 447, -1, 442, 441, 115, -1,
                                492, 491, 450, -1, 491, 490, 450, -1,
                                515, 449, 516, -1, 516, 449, 517, -1,
                                517, 449, 448, -1, 514, 449, 515, -1,
                                441, 440, 115, -1, 490, 451, 450, -1,
                                490, 489, 451, -1, 440, 439, 115, -1,
                                538, 410, 409, -1, 254, 410, 538, -1,
                                489, 488, 451, -1, 439, 438, 115, -1,
                                254, 411, 410, -1, 488, 487, 451, -1,
                                451, 453, 452, -1, 254, 412, 411, -1,
                                487, 486, 451, -1, 486, 485, 451, -1,
                                435, 434, 436, -1, 436, 434, 437, -1,
                                254, 413, 412, -1, 485, 484, 451, -1,
                                434, 433, 437, -1, 437, 433, 438, -1,
                                438, 433, 115, -1, 461, 463, 462, -1,
                                484, 483, 451, -1, 254, 414, 413, -1,
                                433, 432, 115, -1, 461, 464, 463, -1,
                                460, 464, 461, -1, 483, 482, 451, -1,
                                453, 477, 454, -1, 454, 477, 455, -1,
                                455, 477, 456, -1, 456, 477, 457, -1,
                                482, 481, 451, -1, 451, 478, 453, -1,
                                453, 478, 477, -1, 481, 480, 451, -1,
                                460, 465, 464, -1, 451, 479, 478, -1,
                                480, 479, 451, -1, 477, 476, 457, -1,
                                432, 431, 115, -1, 460, 466, 465, -1,
                                459, 466, 460, -1, 476, 475, 457, -1,
                                459, 467, 466, -1, 457, 474, 458, -1,
                                475, 474, 457, -1, 431, 430, 115, -1,
                                474, 473, 458, -1, 459, 468, 467, -1,
                                473, 472, 458, -1, 459, 469, 468, -1,
                                458, 469, 459, -1, 472, 471, 458, -1,
                                458, 470, 469, -1, 471, 470, 458, -1,
                                419, 421, 420, -1, 418, 422, 419, -1,
                                419, 422, 421, -1, 414, 112, 415, -1,
                                415, 112, 416, -1, 416, 112, 417, -1,
                                417, 112, 418, -1, 422, 112, 423, -1,
                                423, 112, 424, -1, 424, 112, 425, -1,
                                425, 112, 426, -1, 426, 112, 427, -1,
                                427, 112, 428, -1, 428, 112, 429, -1,
                                429, 112, 430, -1, 253, 112, 254, -1,
                                232, 112, 253, -1, 418, 112, 422, -1,
                                254, 112, 414, -1, 430, 112, 115, -1,
                                113, 112, 232, -1, 113, 232, 265, -1,
                                113, 265, 286, -1, 113, 286, 285, -1,
                                113, 285, 289, -1, 113, 289, 288, -1,
                                123, 122, 333, -1, 123, 333, 311, -1,
                                123, 311, 310, -1, 123, 310, 309, -1,
                                123, 309, 308, -1, 123, 308, 307, -1,
                                182, 181, 296, -1, 203, 202, 531, -1,
                                203, 531, 530, -1, 267, 266, 228, -1,
                                267, 228, 206, -1, 287, 286, 261, -1,
                                287, 261, 260, -1, 290, 289, 275, -1,
                                275, 289, 276, -1, 276, 289, 277, -1,
                                277, 289, 278, -1, 380, 379, 144, -1,
                                380, 144, 143, -1, 400, 399, 373, -1,
                                373, 399, 374, -1, 403, 402, 388, -1,
                                388, 402, 389, -1, 389, 402, 390, -1,
                                390, 402, 391, -1, 450, 449, 513, -1,
                                513, 449, 514, -1, 549, 589, 588, -1,
                                588, 587, 549, -1, 589, 591, 590, -1,
                                592, 591, 589, -1, 586, 585, 587, -1,
                                592, 548, 593, -1, 593, 595, 594, -1,
                                548, 595, 593, -1, 582, 550, 583, -1,
                                583, 550, 584, -1, 584, 550, 585, -1,
                                587, 550, 549, -1, 585, 550, 587, -1,
                                582, 581, 550, -1, 581, 539, 550, -1,
                                577, 539, 578, -1, 578, 539, 579, -1,
                                579, 539, 580, -1, 580, 539, 581, -1,
                                539, 540, 550, -1, 596, 598, 597, -1,
                                598, 600, 599, -1, 567, 569, 568, -1,
                                567, 566, 569, -1, 569, 565, 570, -1,
                                566, 565, 569, -1, 572, 541, 573, -1,
                                573, 541, 574, -1, 574, 541, 575, -1,
                                575, 541, 576, -1, 570, 564, 571, -1,
                                571, 564, 572, -1, 565, 564, 570, -1,
                                564, 563, 572, -1, 541, 544, 542, -1,
                                559, 544, 560, -1, 560, 544, 561, -1,
                                561, 544, 562, -1, 562, 544, 563, -1,
                                572, 544, 541, -1, 563, 544, 572, -1,
                                544, 543, 542, -1, 598, 602, 600, -1,
                                600, 602, 601, -1, 596, 602, 598, -1,
                                603, 551, 604, -1, 554, 545, 555, -1,
                                555, 545, 556, -1, 556, 545, 557, -1,
                                557, 545, 558, -1, 545, 547, 546, -1,
                                551, 547, 552, -1, 552, 547, 553, -1,
                                553, 547, 554, -1, 603, 547, 551, -1,
                                554, 547, 545, -1, 541, 539, 576, -1,
                                576, 539, 577, -1, 545, 544, 558, -1,
                                558, 544, 559, -1, 548, 547, 595, -1,
                                595, 547, 596, -1, 596, 547, 602, -1,
                                602, 547, 603, -1, 549, 548, 589, -1,
                                589, 548, 592, -1, 613, 612, 614, -1,
                                614, 612, 606, -1, 606, 607, 605, -1,
                                612, 607, 606, -1, 611, 610, 612, -1,
                                612, 610, 607, -1, 607, 609, 608, -1,
                                610, 609, 607, -1, 615, 618, 616, -1,
                                616, 618, 617, -1, 621, 622, 623, -1,
                                624, 621, 623, -1, 660, 620, 619, -1,
                                625, 619, 621, -1, 625, 621, 624, -1,
                                658, 625, 626, -1, 658, 619, 625, -1,
                                628, 626, 627, -1, 657, 658, 626, -1,
                                659, 660, 619, -1, 659, 619, 658, -1,
                                629, 626, 628, -1, 654, 656, 657, -1,
                                654, 657, 626, -1, 654, 626, 629, -1,
                                664, 630, 631, -1, 653, 629, 630, -1,
                                653, 654, 629, -1, 655, 656, 654, -1,
                                662, 630, 664, -1, 662, 653, 630, -1,
                                663, 664, 631, -1, 632, 663, 631, -1,
                                652, 653, 662, -1, 634, 632, 633, -1,
                                636, 634, 635, -1, 636, 632, 634, -1,
                                661, 652, 662, -1, 637, 632, 636, -1,
                                638, 632, 637, -1, 639, 632, 638, -1,
                                640, 663, 632, -1, 640, 632, 639, -1,
                                643, 663, 640, -1, 643, 661, 663, -1,
                                642, 640, 641, -1, 642, 643, 640, -1,
                                651, 652, 661, -1, 651, 661, 643, -1,
                                644, 651, 643, -1, 647, 644, 645, -1,
                                647, 645, 646, -1, 648, 644, 647, -1,
                                648, 651, 644, -1, 648, 649, 650, -1,
                                648, 650, 651, -1, 666, 668, 665, -1,
                                668, 667, 665, -1, 670, 669, 671, -1,
                                671, 669, 672, -1, 675, 676, 677, -1,
                                678, 675, 677, -1, 714, 674, 673, -1,
                                679, 673, 675, -1, 679, 675, 678, -1,
                                712, 673, 679, -1, 682, 680, 681, -1,
                                711, 679, 680, -1, 711, 712, 679, -1,
                                713, 714, 673, -1, 713, 673, 712, -1,
                                683, 680, 682, -1, 708, 711, 680, -1,
                                708, 680, 683, -1, 718, 684, 685, -1,
                                707, 683, 684, -1, 707, 708, 683, -1,
                                709, 710, 711, -1, 709, 711, 708, -1,
                                716, 684, 718, -1, 716, 707, 684, -1,
                                717, 718, 685, -1, 686, 717, 685, -1,
                                706, 707, 716, -1, 688, 686, 687, -1,
                                690, 688, 689, -1, 690, 686, 688, -1,
                                715, 706, 716, -1, 691, 686, 690, -1,
                                692, 686, 691, -1, 693, 686, 692, -1,
                                694, 717, 686, -1, 694, 686, 693, -1,
                                697, 717, 694, -1, 697, 715, 717, -1,
                                696, 694, 695, -1, 696, 697, 694, -1,
                                705, 706, 715, -1, 705, 715, 697, -1,
                                698, 705, 697, -1, 703, 704, 705, -1,
                                702, 698, 699, -1, 702, 705, 698, -1,
                                702, 699, 700, -1, 702, 700, 701, -1,
                                702, 703, 705, -1, 721, 720, 722, -1,
                                722, 720, 719, -1, 724, 726, 723, -1,
                                726, 725, 723, -1, 728, 727, 729, -1,
                                729, 727, 730, -1, 778, 777, 752, -1,
                                752, 779, 778, -1, 777, 776, 752, -1,
                                752, 780, 779, -1, 776, 775, 752, -1,
                                752, 755, 780, -1, 775, 774, 752, -1,
                                755, 751, 756, -1, 752, 751, 755, -1,
                                751, 757, 756, -1, 751, 758, 757, -1,
                                751, 759, 758, -1, 751, 760, 759, -1,
                                751, 761, 760, -1, 751, 762, 761, -1,
                                770, 753, 771, -1, 771, 753, 772, -1,
                                772, 753, 773, -1, 773, 753, 774, -1,
                                774, 753, 752, -1, 768, 754, 769, -1,
                                769, 754, 770, -1, 770, 754, 753, -1,
                                768, 749, 754, -1, 766, 749, 767, -1,
                                767, 749, 768, -1, 751, 750, 762, -1,
                                762, 750, 763, -1, 763, 750, 764, -1,
                                764, 750, 765, -1, 765, 750, 766, -1,
                                766, 750, 749, -1, 804, 803, 732, -1,
                                732, 805, 804, -1, 803, 802, 732, -1,
                                754, 806, 732, -1, 732, 806, 805, -1,
                                802, 801, 732, -1, 749, 781, 754, -1,
                                754, 781, 806, -1, 749, 782, 781, -1,
                                749, 748, 782, -1, 748, 783, 782, -1,
                                748, 784, 783, -1, 801, 731, 732, -1,
                                798, 731, 799, -1, 799, 731, 800, -1,
                                800, 731, 801, -1, 798, 797, 731, -1,
                                748, 785, 784, -1, 797, 796, 731, -1,
                                748, 786, 785, -1, 738, 736, 737, -1,
                                739, 736, 738, -1, 731, 736, 739, -1,
                                731, 735, 736, -1, 748, 787, 786, -1,
                                735, 733, 734, -1, 794, 733, 795, -1,
                                795, 733, 796, -1, 796, 733, 731, -1,
                                731, 733, 735, -1, 792, 740, 793, -1,
                                793, 740, 794, -1, 794, 740, 733, -1,
                                792, 741, 740, -1, 787, 741, 788, -1,
                                788, 741, 789, -1, 789, 741, 790, -1,
                                790, 741, 791, -1, 791, 741, 792, -1,
                                748, 741, 787, -1, 747, 745, 746, -1,
                                741, 744, 740, -1, 742, 744, 741, -1,
                                743, 744, 742, -1, 740, 744, 747, -1,
                                747, 744, 745, -1, 807, 808, 809, -1,
                                809, 808, 810, -1, 811, 813, 812, -1,
                                814, 813, 811, -1, 862, 861, 818, -1,
                                818, 863, 862, -1, 861, 860, 818, -1,
                                818, 864, 863, -1, 860, 859, 818, -1,
                                818, 839, 864, -1, 859, 858, 818, -1,
                                839, 817, 840, -1, 818, 817, 839, -1,
                                817, 841, 840, -1, 817, 842, 841, -1,
                                817, 843, 842, -1, 817, 844, 843, -1,
                                817, 845, 844, -1, 817, 846, 845, -1,
                                854, 819, 855, -1, 855, 819, 856, -1,
                                856, 819, 857, -1, 857, 819, 858, -1,
                                858, 819, 818, -1, 854, 820, 819, -1,
                                852, 820, 853, -1, 853, 820, 854, -1,
                                850, 815, 851, -1, 851, 815, 852, -1,
                                852, 815, 820, -1, 817, 816, 846, -1,
                                850, 816, 815, -1, 846, 816, 847, -1,
                                847, 816, 848, -1, 848, 816, 849, -1,
                                849, 816, 850, -1, 888, 887, 821, -1,
                                821, 889, 888, -1, 887, 886, 821, -1,
                                821, 890, 889, -1, 820, 890, 821, -1,
                                886, 885, 821, -1, 820, 865, 890, -1,
                                815, 865, 820, -1, 815, 866, 865, -1,
                                815, 838, 866, -1, 838, 867, 866, -1,
                                838, 868, 867, -1, 885, 822, 821, -1,
                                882, 822, 883, -1, 883, 822, 884, -1,
                                884, 822, 885, -1, 882, 881, 822, -1,
                                838, 869, 868, -1, 822, 828, 829, -1,
                                881, 880, 822, -1, 822, 827, 828, -1,
                                838, 870, 869, -1, 827, 825, 826, -1,
                                838, 871, 870, -1, 822, 824, 827, -1,
                                827, 824, 825, -1, 878, 823, 879, -1,
                                879, 823, 880, -1, 880, 823, 822, -1,
                                822, 823, 824, -1, 876, 830, 877, -1,
                                877, 830, 878, -1, 878, 830, 823, -1,
                                876, 831, 830, -1, 838, 831, 871, -1,
                                871, 831, 872, -1, 872, 831, 873, -1,
                                873, 831, 874, -1, 874, 831, 875, -1,
                                875, 831, 876, -1, 831, 837, 830, -1,
                                831, 834, 837, -1, 832, 834, 831, -1,
                                833, 834, 832, -1, 836, 834, 835, -1,
                                837, 834, 836, -1, 893, 892, 894, -1,
                                893, 891, 892, -1, 895, 899, 898, -1,
                                895, 902, 899, -1, 898, 897, 895, -1,
                                897, 896, 895, -1, 901, 900, 902, -1,
                                902, 900, 899, -1, 909, 908, 903, -1,
                                908, 905, 903, -1, 903, 904, 909, -1,
                                904, 910, 909, -1, 907, 906, 908, -1,
                                908, 906, 905, -1, 911, 915, 914, -1,
                                911, 918, 915, -1, 914, 913, 911, -1,
                                913, 912, 911, -1, 917, 916, 918, -1,
                                918, 916, 915, -1, 925, 924, 919, -1,
                                924, 921, 919, -1, 919, 920, 925, -1,
                                920, 926, 925, -1, 923, 922, 924, -1,
                                924, 922, 921, -1, 927, 932, 929, -1,
                                933, 932, 927, -1, 927, 928, 933, -1,
                                928, 934, 933, -1, 931, 930, 932, -1,
                                932, 930, 929, -1, 935, 939, 938, -1,
                                935, 942, 939, -1, 938, 937, 935, -1,
                                937, 936, 935, -1, 941, 940, 942, -1,
                                942, 940, 939, -1, 945, 943, 946, -1,
                                946, 943, 944, -1, 948, 950, 947, -1,
                                947, 950, 949, -1, 953, 952, 954, -1,
                                954, 952, 951, -1, 956, 958, 955, -1,
                                955, 958, 957, -1, 962, 961, 959, -1,
                                961, 960, 959, -1, 964, 963, 965, -1,
                                965, 963, 966, -1, 968, 969, 967, -1,
                                970, 969, 968, -1, 972, 973, 971, -1,
                                974, 973, 972, -1, 976, 975, 977, -1,
                                977, 975, 978, -1, 980, 981, 979, -1,
                                982, 981, 980, -1, 984, 983, 985, -1,
                                985, 983, 986, -1, 988, 989, 987, -1,
                                990, 989, 988, -1, 992, 991, 993, -1,
                                993, 991, 994, -1, 998, 995, 996, -1,
                                997, 998, 996, -1, 1001, 999, 1002, -1,
                                1002, 999, 1000, -1, 1004, 1006, 1003, -1,
                                1003, 1006, 1005, -1, 1009, 1008, 1010, -1,
                                1010, 1008, 1007, -1, 1012, 1014, 1011, -1,
                                1011, 1014, 1013, -1, 1017, 1016, 1018, -1,
                                1018, 1016, 1015, -1, 1020, 1019, 1021, -1,
                                1021, 1019, 1022, -1, 1024, 1025, 1023, -1,
                                1026, 1025, 1024, -1, 1028, 1029, 1027, -1,
                                1030, 1029, 1028, -1, 1032, 1031, 1033, -1,
                                1033, 1031, 1034, -1, 1036, 1037, 1035, -1,
                                1038, 1037, 1036, -1, 1040, 1039, 1041, -1,
                                1041, 1039, 1042, -1, 1044, 1045, 1043, -1,
                                1046, 1045, 1044, -1, 1048, 1047, 1049, -1,
                                1049, 1047, 1050, -1, 1053, 1051, 1052, -1,
                                1053, 1054, 1051, -1, 1094, 1093, 1095, -1,
                                1093, 1086, 1095, -1, 1087, 1086, 1093, -1,
                                1093, 1088, 1087, -1, 1086, 1085, 1095, -1,
                                1093, 1089, 1088, -1, 1085, 1084, 1095, -1,
                                1093, 1090, 1089, -1, 1084, 1083, 1095, -1,
                                1093, 1092, 1090, -1, 1092, 1091, 1090, -1,
                                1055, 1057, 1056, -1, 1142, 1057, 1055, -1,
                                1142, 1058, 1057, -1, 1142, 1059, 1058, -1,
                                1142, 1060, 1059, -1, 1142, 1061, 1060, -1,
                                1141, 1140, 1142, -1, 1083, 1082, 1095, -1,
                                1140, 1139, 1142, -1, 1142, 1132, 1061, -1,
                                1139, 1132, 1142, -1, 1139, 1133, 1132, -1,
                                1082, 1079, 1095, -1, 1139, 1134, 1133, -1,
                                1061, 1131, 1062, -1, 1132, 1131, 1061, -1,
                                1062, 1130, 1063, -1, 1131, 1130, 1062, -1,
                                1139, 1135, 1134, -1, 1139, 1136, 1135, -1,
                                1063, 1129, 1064, -1, 1130, 1129, 1063, -1,
                                1139, 1138, 1136, -1, 1138, 1137, 1136, -1,
                                1081, 1080, 1082, -1, 1082, 1080, 1079, -1,
                                1079, 1078, 1095, -1, 1100, 1103, 1101, -1,
                                1101, 1103, 1102, -1, 1100, 1104, 1103, -1,
                                1100, 1105, 1104, -1, 1066, 1065, 1067, -1,
                                1129, 1065, 1064, -1, 1078, 1077, 1075, -1,
                                1100, 1106, 1105, -1, 1100, 1107, 1106, -1,
                                1100, 1098, 1107, -1, 1099, 1098, 1100, -1,
                                1098, 1108, 1107, -1, 1129, 1128, 1065, -1,
                                1065, 1068, 1067, -1, 1077, 1076, 1075, -1,
                                1098, 1109, 1108, -1, 1098, 1110, 1109, -1,
                                1128, 1125, 1065, -1, 1065, 1125, 1068, -1,
                                1128, 1126, 1125, -1, 1127, 1126, 1128, -1,
                                1125, 1069, 1068, -1, 1125, 1124, 1069, -1,
                                1069, 1072, 1070, -1, 1070, 1072, 1071, -1,
                                1124, 1121, 1069, -1, 1069, 1121, 1072, -1,
                                1074, 1096, 1075, -1, 1150, 1096, 1074, -1,
                                1078, 1096, 1095, -1, 1075, 1096, 1078, -1,
                                1098, 1111, 1110, -1, 1112, 1111, 1113, -1,
                                1124, 1123, 1121, -1, 1150, 1149, 1096, -1,
                                1111, 1114, 1113, -1, 1123, 1122, 1121, -1,
                                1072, 1120, 1073, -1, 1121, 1120, 1072, -1,
                                1073, 1147, 1074, -1, 1074, 1147, 1150, -1,
                                1120, 1147, 1073, -1, 1116, 1115, 1117, -1,
                                1120, 1146, 1147, -1, 1115, 1118, 1117, -1,
                                1149, 1148, 1096, -1, 1146, 1145, 1147, -1,
                                1147, 1145, 1148, -1, 1119, 1143, 1120, -1,
                                1120, 1143, 1146, -1, 1119, 1097, 1143, -1,
                                1143, 1097, 1144, -1, 1144, 1097, 1145, -1,
                                1097, 1096, 1145, -1, 1145, 1096, 1148, -1,
                                1098, 1097, 1111, -1, 1111, 1097, 1114, -1,
                                1114, 1097, 1115, -1, 1115, 1097, 1118, -1,
                                1118, 1097, 1119, -1, 1151, 1152, 1153, -1,
                                1151, 1153, 1154, -1, 1157, 1156, 1158, -1,
                                1158, 1156, 1155, -1, 1160, 1169, 1159, -1,
                                1159, 1169, 1161, -1, 1161, 1170, 1162, -1,
                                1169, 1170, 1161, -1, 1162, 1171, 1163, -1,
                                1170, 1171, 1162, -1, 1163, 1172, 1164, -1,
                                1171, 1172, 1163, -1, 1164, 1173, 1165, -1,
                                1172, 1173, 1164, -1, 1165, 1174, 1166, -1,
                                1173, 1174, 1165, -1, 1166, 1168, 1167, -1,
                                1174, 1168, 1166, -1, 1176, 1178, 1175, -1,
                                1175, 1178, 1177, -1, 1180, 1189, 1179, -1,
                                1179, 1189, 1181, -1, 1181, 1190, 1182, -1,
                                1189, 1190, 1181, -1, 1182, 1191, 1183, -1,
                                1190, 1191, 1182, -1, 1183, 1192, 1184, -1,
                                1191, 1192, 1183, -1, 1184, 1193, 1185, -1,
                                1185, 1193, 1186, -1, 1192, 1193, 1184, -1,
                                1193, 1194, 1186, -1, 1186, 1188, 1187, -1,
                                1194, 1188, 1186, -1, 1196, 1198, 1195, -1,
                                1195, 1198, 1197, -1, 1200, 1209, 1199, -1,
                                1199, 1209, 1201, -1, 1201, 1210, 1202, -1,
                                1209, 1210, 1201, -1, 1202, 1211, 1203, -1,
                                1210, 1211, 1202, -1, 1203, 1212, 1204, -1,
                                1211, 1212, 1203, -1, 1204, 1213, 1205, -1,
                                1212, 1213, 1204, -1, 1205, 1214, 1206, -1,
                                1213, 1214, 1205, -1, 1206, 1208, 1207, -1,
                                1214, 1208, 1206, -1, 1215, 1218, 1216, -1,
                                1216, 1218, 1217, -1, 1220, 1229, 1219, -1,
                                1219, 1229, 1221, -1, 1221, 1230, 1222, -1,
                                1229, 1230, 1221, -1, 1222, 1231, 1223, -1,
                                1230, 1231, 1222, -1, 1223, 1232, 1224, -1,
                                1231, 1232, 1223, -1, 1224, 1233, 1225, -1,
                                1232, 1233, 1224, -1, 1225, 1234, 1226, -1,
                                1233, 1234, 1225, -1, 1226, 1228, 1227, -1,
                                1234, 1228, 1226, -1, 1237, 1235, 1238, -1,
                                1238, 1235, 1236, -1, 1239, 1246, 1242, -1,
                                1246, 1243, 1242, -1, 1242, 1241, 1239, -1,
                                1241, 1240, 1239, -1, 1245, 1244, 1246, -1,
                                1246, 1244, 1243, -1, 1248, 1250, 1247, -1,
                                1247, 1250, 1249, -1, 1253, 1252, 1254, -1,
                                1254, 1252, 1251, -1, 1256, 1258, 1255, -1,
                                1255, 1258, 1257, -1, 1261, 1260, 1262, -1,
                                1262, 1260, 1259, -1, 1264, 1266, 1263, -1,
                                1263, 1266, 1265, -1, 1269, 1268, 1270, -1,
                                1270, 1268, 1267, -1, 1271, 1274, 1272, -1,
                                1272, 1274, 1273, -1, 1277, 1276, 1278, -1,
                                1278, 1276, 1275, -1, 1279, 1282, 1280, -1,
                                1280, 1282, 1281, -1, 1284, 1293, 1283, -1,
                                1283, 1293, 1285, -1, 1285, 1294, 1286, -1,
                                1293, 1294, 1285, -1, 1286, 1295, 1287, -1,
                                1294, 1295, 1286, -1, 1287, 1296, 1288, -1,
                                1295, 1296, 1287, -1, 1288, 1297, 1289, -1,
                                1296, 1297, 1288, -1, 1289, 1298, 1290, -1,
                                1297, 1298, 1289, -1, 1290, 1292, 1291, -1,
                                1298, 1292, 1290, -1, 1300, 1302, 1299, -1,
                                1299, 1302, 1301, -1, 1304, 1313, 1303, -1,
                                1303, 1313, 1305, -1, 1305, 1314, 1306, -1,
                                1313, 1314, 1305, -1, 1306, 1315, 1307, -1,
                                1314, 1315, 1306, -1, 1307, 1316, 1308, -1,
                                1315, 1316, 1307, -1, 1308, 1317, 1309, -1,
                                1316, 1317, 1308, -1, 1309, 1318, 1310, -1,
                                1317, 1318, 1309, -1, 1310, 1312, 1311, -1,
                                1318, 1312, 1310, -1, 1320, 1322, 1319, -1,
                                1319, 1322, 1321, -1, 1324, 1333, 1323, -1,
                                1323, 1333, 1325, -1, 1325, 1334, 1326, -1,
                                1333, 1334, 1325, -1, 1326, 1335, 1327, -1,
                                1334, 1335, 1326, -1, 1327, 1336, 1328, -1,
                                1335, 1336, 1327, -1, 1328, 1337, 1329, -1,
                                1336, 1337, 1328, -1, 1329, 1338, 1330, -1,
                                1337, 1338, 1329, -1, 1330, 1332, 1331, -1,
                                1338, 1332, 1330, -1, 1339, 1342, 1340, -1,
                                1340, 1342, 1341, -1, 1344, 1353, 1343, -1,
                                1343, 1353, 1345, -1, 1345, 1354, 1346, -1,
                                1353, 1354, 1345, -1, 1346, 1355, 1347, -1,
                                1354, 1355, 1346, -1, 1347, 1356, 1348, -1,
                                1355, 1356, 1347, -1, 1348, 1357, 1349, -1,
                                1356, 1357, 1348, -1, 1349, 1358, 1350, -1,
                                1357, 1358, 1349, -1, 1350, 1352, 1351, -1,
                                1358, 1352, 1350, -1, 1361, 1359, 1362, -1,
                                1362, 1359, 1360, -1, 1363, 1370, 1366, -1,
                                1370, 1367, 1366, -1, 1366, 1365, 1363, -1,
                                1365, 1364, 1363, -1, 1369, 1368, 1370, -1,
                                1370, 1368, 1367, -1, 1372, 1374, 1371, -1,
                                1371, 1374, 1373, -1, 1377, 1376, 1378, -1,
                                1378, 1376, 1375, -1, 1380, 1382, 1379, -1,
                                1379, 1382, 1381, -1, 1385, 1384, 1386, -1,
                                1386, 1384, 1383, -1, 1388, 1390, 1387, -1,
                                1387, 1390, 1389, -1, 1393, 1392, 1394, -1,
                                1394, 1392, 1391, -1, 1395, 1398, 1396, -1,
                                1396, 1398, 1397, -1, 1401, 1400, 1402, -1,
                                1402, 1400, 1399, -1, 1403, 1406, 1404, -1,
                                1404, 1406, 1405, -1, 1407, 1410, 1408, -1,
                                1408, 1410, 1409, -1, 1413, 1411, 1414, -1,
                                1414, 1411, 1412, -1, 1415, 1418, 1416, -1,
                                1416, 1418, 1417, -1, 1421, 1419, 1422, -1,
                                1422, 1419, 1420, -1, 1425, 1423, 1426, -1,
                                1426, 1423, 1424, -1, 1427, 1430, 1428, -1,
                                1428, 1430, 1429, -1, 1431, 1434, 1432, -1,
                                1432, 1434, 1433, -1, 1437, 1435, 1438, -1,
                                1438, 1435, 1436, -1, 1466, 1440, 1439, -1,
                                1466, 1439, 1453, -1, 1465, 1453, 1452, -1,
                                1465, 1466, 1453, -1, 1464, 1452, 1451, -1,
                                1464, 1465, 1452, -1, 1463, 1451, 1450, -1,
                                1463, 1464, 1451, -1, 1462, 1450, 1449, -1,
                                1462, 1463, 1450, -1, 1461, 1449, 1448, -1,
                                1461, 1462, 1449, -1, 1460, 1448, 1447, -1,
                                1460, 1461, 1448, -1, 1459, 1447, 1446, -1,
                                1459, 1460, 1447, -1, 1458, 1446, 1445, -1,
                                1458, 1459, 1446, -1, 1457, 1445, 1444, -1,
                                1457, 1458, 1445, -1, 1456, 1444, 1443, -1,
                                1456, 1457, 1444, -1, 1455, 1442, 1441, -1,
                                1455, 1443, 1442, -1, 1455, 1456, 1443, -1,
                                1454, 1455, 1441, -1, 1496, 1467, 1468, -1,
                                1496, 1468, 1469, -1, 1496, 1469, 1470, -1,
                                1496, 1470, 1471, -1, 1496, 1471, 1472, -1,
                                1496, 1472, 1473, -1, 1496, 1473, 1474, -1,
                                1475, 1496, 1474, -1, 1494, 1490, 1491, -1,
                                1494, 1491, 1492, -1, 1494, 1492, 1467, -1,
                                1494, 1467, 1496, -1, 1495, 1475, 1476, -1,
                                1495, 1476, 1477, -1, 1495, 1496, 1475, -1,
                                1489, 1490, 1494, -1, 1478, 1495, 1477, -1,
                                1488, 1489, 1494, -1, 1479, 1495, 1478, -1,
                                1487, 1488, 1494, -1, 1480, 1495, 1479, -1,
                                1493, 1495, 1480, -1, 1486, 1487, 1494, -1,
                                1481, 1493, 1480, -1, 1485, 1494, 1493, -1,
                                1485, 1486, 1494, -1, 1482, 1493, 1481, -1,
                                1484, 1485, 1493, -1, 1483, 1484, 1493, -1,
                                1483, 1493, 1482, -1, 1524, 1498, 1497, -1,
                                1524, 1497, 1511, -1, 1523, 1511, 1510, -1,
                                1523, 1524, 1511, -1, 1522, 1510, 1509, -1,
                                1522, 1523, 1510, -1, 1521, 1509, 1508, -1,
                                1521, 1522, 1509, -1, 1520, 1508, 1507, -1,
                                1520, 1521, 1508, -1, 1519, 1507, 1506, -1,
                                1519, 1520, 1507, -1, 1518, 1506, 1505, -1,
                                1518, 1519, 1506, -1, 1517, 1505, 1504, -1,
                                1517, 1518, 1505, -1, 1516, 1504, 1503, -1,
                                1516, 1517, 1504, -1, 1515, 1503, 1502, -1,
                                1515, 1516, 1503, -1, 1514, 1502, 1501, -1,
                                1514, 1515, 1502, -1, 1513, 1500, 1499, -1,
                                1513, 1501, 1500, -1, 1513, 1514, 1501, -1,
                                1512, 1513, 1499, -1, 1545, 1552, 1544, -1,
                                1546, 1552, 1545, -1, 1547, 1552, 1546, -1,
                                1548, 1552, 1547, -1, 1549, 1552, 1548, -1,
                                1550, 1552, 1549, -1, 1525, 1552, 1550, -1,
                                1552, 1543, 1544, -1, 1526, 1553, 1525, -1,
                                1527, 1553, 1526, -1, 1528, 1553, 1527, -1,
                                1525, 1553, 1552, -1, 1542, 1551, 1541, -1,
                                1543, 1551, 1542, -1, 1552, 1551, 1543, -1,
                                1528, 1529, 1553, -1, 1551, 1540, 1541, -1,
                                1529, 1530, 1553, -1, 1551, 1539, 1540, -1,
                                1530, 1531, 1553, -1, 1551, 1538, 1539, -1,
                                1551, 1554, 1538, -1, 1531, 1532, 1553, -1,
                                1554, 1537, 1538, -1, 1553, 1533, 1554, -1,
                                1532, 1533, 1553, -1, 1554, 1536, 1537, -1,
                                1533, 1534, 1554, -1, 1534, 1535, 1554, -1,
                                1554, 1535, 1536, -1, 1582, 1556, 1555, -1,
                                1582, 1555, 1569, -1, 1581, 1569, 1568, -1,
                                1581, 1582, 1569, -1, 1580, 1568, 1567, -1,
                                1580, 1581, 1568, -1, 1579, 1567, 1566, -1,
                                1579, 1580, 1567, -1, 1578, 1566, 1565, -1,
                                1578, 1579, 1566, -1, 1577, 1565, 1564, -1,
                                1577, 1578, 1565, -1, 1576, 1564, 1563, -1,
                                1576, 1577, 1564, -1, 1575, 1563, 1562, -1,
                                1575, 1576, 1563, -1, 1574, 1562, 1561, -1,
                                1574, 1575, 1562, -1, 1573, 1561, 1560, -1,
                                1573, 1574, 1561, -1, 1572, 1560, 1559, -1,
                                1572, 1573, 1560, -1, 1571, 1559, 1558, -1,
                                1571, 1572, 1559, -1, 1570, 1558, 1557, -1,
                                1570, 1571, 1558, -1, 1612, 1583, 1584, -1,
                                1612, 1584, 1585, -1, 1612, 1585, 1586, -1,
                                1612, 1586, 1587, -1, 1612, 1587, 1588, -1,
                                1612, 1588, 1589, -1, 1612, 1589, 1590, -1,
                                1591, 1612, 1590, -1, 1610, 1606, 1607, -1,
                                1610, 1607, 1608, -1, 1610, 1608, 1583, -1,
                                1610, 1583, 1612, -1, 1611, 1591, 1592, -1,
                                1611, 1592, 1593, -1, 1611, 1612, 1591, -1,
                                1605, 1606, 1610, -1, 1594, 1611, 1593, -1,
                                1604, 1605, 1610, -1, 1595, 1611, 1594, -1,
                                1603, 1604, 1610, -1, 1596, 1611, 1595, -1,
                                1609, 1611, 1596, -1, 1602, 1603, 1610, -1,
                                1597, 1609, 1596, -1, 1601, 1610, 1609, -1,
                                1601, 1602, 1610, -1, 1598, 1609, 1597, -1,
                                1600, 1601, 1609, -1, 1599, 1600, 1609, -1,
                                1599, 1609, 1598, -1, 1640, 1614, 1613, -1,
                                1640, 1613, 1627, -1, 1639, 1627, 1626, -1,
                                1639, 1640, 1627, -1, 1638, 1626, 1625, -1,
                                1638, 1639, 1626, -1, 1637, 1625, 1624, -1,
                                1637, 1638, 1625, -1, 1636, 1624, 1623, -1,
                                1636, 1637, 1624, -1, 1635, 1623, 1622, -1,
                                1635, 1636, 1623, -1, 1634, 1622, 1621, -1,
                                1634, 1635, 1622, -1, 1633, 1621, 1620, -1,
                                1633, 1634, 1621, -1, 1632, 1620, 1619, -1,
                                1632, 1633, 1620, -1, 1631, 1619, 1618, -1,
                                1631, 1632, 1619, -1, 1630, 1618, 1617, -1,
                                1630, 1631, 1618, -1, 1629, 1617, 1616, -1,
                                1629, 1630, 1617, -1, 1628, 1616, 1615, -1,
                                1628, 1629, 1616, -1, 1661, 1668, 1660, -1,
                                1662, 1668, 1661, -1, 1663, 1668, 1662, -1,
                                1664, 1668, 1663, -1, 1665, 1668, 1664, -1,
                                1666, 1668, 1665, -1, 1641, 1668, 1666, -1,
                                1668, 1659, 1660, -1, 1642, 1669, 1641, -1,
                                1643, 1669, 1642, -1, 1644, 1669, 1643, -1,
                                1641, 1669, 1668, -1, 1658, 1667, 1657, -1,
                                1659, 1667, 1658, -1, 1668, 1667, 1659, -1,
                                1644, 1645, 1669, -1, 1667, 1656, 1657, -1,
                                1645, 1646, 1669, -1, 1667, 1655, 1656, -1,
                                1646, 1647, 1669, -1, 1667, 1654, 1655, -1,
                                1667, 1670, 1654, -1, 1647, 1648, 1669, -1,
                                1670, 1653, 1654, -1, 1669, 1649, 1670, -1,
                                1648, 1649, 1669, -1, 1670, 1652, 1653, -1,
                                1649, 1650, 1670, -1, 1650, 1651, 1670, -1,
                                1670, 1651, 1652, -1, 1678, 1676, 1677, -1,
                                1671, 1672, 1673, -1, 1675, 1678, 1671, -1,
                                1674, 1675, 1671, -1, 1673, 1674, 1671, -1,
                                1675, 1676, 1678, -1, 1681, 1679, 1682, -1,
                                1682, 1679, 1680, -1, 1685, 1683, 1686, -1,
                                1686, 1683, 1684, -1, 1694, 1692, 1693, -1,
                                1687, 1688, 1689, -1, 1691, 1694, 1687, -1,
                                1690, 1691, 1687, -1, 1689, 1690, 1687, -1,
                                1691, 1692, 1694, -1, 1697, 1695, 1698, -1,
                                1698, 1695, 1696, -1, 1701, 1699, 1702, -1,
                                1702, 1699, 1700, -1, 1703, 1704, 1705, -1,
                                1703, 1705, 1706, -1, 1707, 1709, 1708, -1,
                                1710, 1709, 1707, -1, 1711, 1713, 1714, -1,
                                1711, 1714, 1712, -1, 1715, 1718, 1716, -1,
                                1716, 1718, 1717, -1, 1721, 1720, 1719, -1,
                                1721, 1722, 1720, -1, 1730, 1737, 1738, -1,
                                1731, 1738, 1739, -1, 1731, 1730, 1738, -1,
                                1729, 1736, 1737, -1, 1729, 1737, 1730, -1,
                                1732, 1739, 1740, -1, 1732, 1731, 1739, -1,
                                1728, 1735, 1736, -1, 1728, 1736, 1729, -1,
                                1733, 1740, 1723, -1, 1733, 1732, 1740, -1,
                                1727, 1734, 1735, -1, 1727, 1735, 1728, -1,
                                1726, 1733, 1723, -1, 1724, 1726, 1723, -1,
                                1725, 1726, 1724, -1, 1752, 1744, 1753, -1,
                                1753, 1745, 1754, -1, 1744, 1745, 1753, -1,
                                1751, 1743, 1752, -1, 1752, 1743, 1744, -1,
                                1754, 1746, 1755, -1, 1745, 1746, 1754, -1,
                                1750, 1742, 1751, -1, 1751, 1742, 1743, -1,
                                1755, 1747, 1756, -1, 1746, 1747, 1755, -1,
                                1749, 1741, 1750, -1, 1750, 1741, 1742, -1,
                                1747, 1748, 1756, -1, 1756, 1758, 1757, -1,
                                1748, 1758, 1756, -1, 1761, 1759, 1762, -1,
                                1762, 1759, 1760, -1, 1766, 1763, 1764, -1,
                                1766, 1764, 1765, -1, 1767, 1768, 1769, -1,
                                1767, 1769, 1770, -1, 1772, 1786, 1771, -1,
                                1771, 1786, 1779, -1, 1779, 1785, 1778, -1,
                                1786, 1785, 1779, -1, 1778, 1784, 1777, -1,
                                1785, 1784, 1778, -1, 1777, 1783, 1776, -1,
                                1784, 1783, 1777, -1, 1776, 1782, 1775, -1,
                                1783, 1782, 1776, -1, 1775, 1781, 1774, -1,
                                1782, 1781, 1775, -1, 1774, 1780, 1773, -1,
                                1781, 1780, 1774, -1, 1794, 1795, 1796, -1,
                                1794, 1796, 1802, -1, 1793, 1802, 1801, -1,
                                1793, 1794, 1802, -1, 1792, 1801, 1800, -1,
                                1792, 1793, 1801, -1, 1791, 1800, 1799, -1,
                                1791, 1792, 1800, -1, 1790, 1799, 1798, -1,
                                1790, 1791, 1799, -1, 1789, 1797, 1788, -1,
                                1789, 1798, 1797, -1, 1789, 1790, 1798, -1,
                                1787, 1789, 1788, -1, 1803, 1804, 1805, -1,
                                1803, 1805, 1806, -1, 1807, 1809, 1810, -1,
                                1807, 1810, 1808, -1, 1812, 1813, 1811, -1,
                                1814, 1813, 1812, -1, 1816, 1818, 1815, -1,
                                1815, 1818, 1817, -1, 1821, 1820, 1819, -1,
                                1821, 1822, 1820, -1, 1833, 1828, 1827, -1,
                                1833, 1834, 1828, -1, 1832, 1827, 1826, -1,
                                1832, 1833, 1827, -1, 1831, 1826, 1825, -1,
                                1831, 1832, 1826, -1, 1830, 1824, 1823, -1,
                                1830, 1825, 1824, -1, 1830, 1831, 1825, -1,
                                1829, 1830, 1823, -1, 1837, 1836, 1838, -1,
                                1837, 1835, 1836, -1, 1842, 1839, 1840, -1,
                                1842, 1840, 1841, -1, 1843, 1844, 1845, -1,
                                1843, 1845, 1846, -1, 1848, 1862, 1847, -1,
                                1847, 1862, 1855, -1, 1855, 1861, 1854, -1,
                                1862, 1861, 1855, -1, 1854, 1860, 1853, -1,
                                1861, 1860, 1854, -1, 1853, 1859, 1852, -1,
                                1860, 1859, 1853, -1, 1852, 1858, 1851, -1,
                                1859, 1858, 1852, -1, 1851, 1857, 1850, -1,
                                1858, 1857, 1851, -1, 1850, 1856, 1849, -1,
                                1857, 1856, 1850, -1, 1863, 1866, 1864, -1,
                                1865, 1866, 1863, -1, 1874, 1880, 1881, -1,
                                1875, 1881, 1882, -1, 1875, 1874, 1881, -1,
                                1876, 1882, 1883, -1, 1876, 1875, 1882, -1,
                                1873, 1880, 1874, -1, 1877, 1883, 1884, -1,
                                1877, 1876, 1883, -1, 1872, 1880, 1873, -1,
                                1870, 1884, 1867, -1, 1870, 1877, 1884, -1,
                                1871, 1880, 1872, -1, 1879, 1880, 1871, -1,
                                1878, 1879, 1871, -1, 1869, 1867, 1868, -1,
                                1869, 1870, 1867, -1, 1895, 1888, 1896, -1,
                                1896, 1889, 1897, -1, 1888, 1889, 1896, -1,
                                1897, 1890, 1898, -1, 1889, 1890, 1897, -1,
                                1895, 1887, 1888, -1, 1898, 1891, 1899, -1,
                                1890, 1891, 1898, -1, 1895, 1886, 1887, -1,
                                1899, 1892, 1900, -1, 1891, 1892, 1899, -1,
                                1895, 1885, 1886, -1, 1895, 1894, 1885, -1,
                                1894, 1893, 1885, -1, 1900, 1902, 1901, -1,
                                1892, 1902, 1900, -1, 1904, 1903, 1905, -1,
                                1905, 1903, 1906, -1, 1907, 1909, 1908, -1,
                                1910, 1909, 1907, -1, 1912, 1913, 1914, -1,
                                1912, 1914, 1911, -1, 1916, 1917, 1918, -1,
                                1916, 1918, 1915, -1, 1920, 1919, 1921, -1,
                                1921, 1919, 1922, -1, 1923, 1926, 1924, -1,
                                1926, 1925, 1924, -1, 1928, 1929, 1930, -1,
                                1928, 1930, 1927, -1, 1932, 1933, 1934, -1,
                                1932, 1934, 1931, -1, 1938, 1936, 1935, -1,
                                1938, 1935, 1937, -1, 1939, 1942, 1940, -1,
                                1942, 1941, 1940, -1, 1944, 1945, 1946, -1,
                                1944, 1946, 1943, -1, 1947, 1949, 1948, -1,
                                1950, 1949, 1947, -1, 1954, 1952, 1951, -1,
                                1954, 1951, 1953, -1, 1955, 1957, 1956, -1,
                                1958, 1957, 1955, -1, 1961, 1962, 1959, -1,
                                1960, 1961, 1959, -1, 1963, 1966, 1964, -1,
                                1966, 1965, 1964, -1, 1967, 1968, 1969, -1,
                                1967, 1969, 1970, -1, 1971, 1973, 1972, -1,
                                1974, 1973, 1971, -1, 1975, 1977, 1978, -1,
                                1975, 1978, 1976, -1, 1979, 1982, 1980, -1,
                                1980, 1982, 1981, -1, 1985, 1984, 1983, -1,
                                1985, 1986, 1984, -1, 1994, 2001, 2002, -1,
                                1995, 2002, 2003, -1, 1995, 1994, 2002, -1,
                                1993, 2000, 2001, -1, 1993, 2001, 1994, -1,
                                1996, 2003, 2004, -1, 1996, 1995, 2003, -1,
                                1992, 1999, 2000, -1, 1992, 2000, 1993, -1,
                                1997, 2004, 1987, -1, 1997, 1996, 2004, -1,
                                1991, 1998, 1999, -1, 1991, 1999, 1992, -1,
                                1990, 1997, 1987, -1, 1988, 1990, 1987, -1,
                                1989, 1990, 1988, -1, 2016, 2008, 2017, -1,
                                2017, 2009, 2018, -1, 2008, 2009, 2017, -1,
                                2015, 2007, 2016, -1, 2016, 2007, 2008, -1,
                                2018, 2010, 2019, -1, 2009, 2010, 2018, -1,
                                2014, 2006, 2015, -1, 2015, 2006, 2007, -1,
                                2019, 2011, 2020, -1, 2010, 2011, 2019, -1,
                                2013, 2005, 2014, -1, 2014, 2005, 2006, -1,
                                2011, 2012, 2020, -1, 2020, 2022, 2021, -1,
                                2012, 2022, 2020, -1, 2025, 2023, 2026, -1,
                                2026, 2023, 2024, -1, 2030, 2027, 2028, -1,
                                2030, 2028, 2029, -1, 2031, 2032, 2033, -1,
                                2031, 2033, 2034, -1, 2036, 2050, 2035, -1,
                                2035, 2050, 2043, -1, 2043, 2049, 2042, -1,
                                2050, 2049, 2043, -1, 2042, 2048, 2041, -1,
                                2049, 2048, 2042, -1, 2041, 2047, 2040, -1,
                                2048, 2047, 2041, -1, 2039, 2046, 2038, -1,
                                2040, 2046, 2039, -1, 2047, 2046, 2040, -1,
                                2046, 2045, 2038, -1, 2038, 2044, 2037, -1,
                                2045, 2044, 2038, -1, 2058, 2059, 2060, -1,
                                2058, 2060, 2066, -1, 2057, 2066, 2065, -1,
                                2057, 2058, 2066, -1, 2056, 2065, 2064, -1,
                                2056, 2057, 2065, -1, 2055, 2064, 2063, -1,
                                2055, 2056, 2064, -1, 2054, 2063, 2062, -1,
                                2054, 2055, 2063, -1, 2053, 2061, 2052, -1,
                                2053, 2062, 2061, -1, 2053, 2054, 2062, -1,
                                2051, 2053, 2052, -1, 2067, 2068, 2069, -1,
                                2067, 2069, 2070, -1, 2071, 2073, 2074, -1,
                                2071, 2074, 2072, -1, 2076, 2077, 2075, -1,
                                2078, 2077, 2076, -1, 2080, 2082, 2079, -1,
                                2079, 2082, 2081, -1, 2085, 2084, 2083, -1,
                                2085, 2086, 2084, -1, 2097, 2092, 2091, -1,
                                2097, 2098, 2092, -1, 2096, 2091, 2090, -1,
                                2096, 2097, 2091, -1, 2095, 2090, 2089, -1,
                                2095, 2096, 2090, -1, 2094, 2088, 2087, -1,
                                2094, 2089, 2088, -1, 2094, 2095, 2089, -1,
                                2093, 2094, 2087, -1, 2101, 2100, 2102, -1,
                                2101, 2099, 2100, -1, 2106, 2103, 2104, -1,
                                2106, 2104, 2105, -1, 2107, 2108, 2109, -1,
                                2107, 2109, 2110, -1, 2112, 2126, 2111, -1,
                                2111, 2126, 2119, -1, 2119, 2125, 2118, -1,
                                2126, 2125, 2119, -1, 2118, 2124, 2117, -1,
                                2125, 2124, 2118, -1, 2117, 2123, 2116, -1,
                                2124, 2123, 2117, -1, 2116, 2122, 2115, -1,
                                2123, 2122, 2116, -1, 2115, 2121, 2114, -1,
                                2122, 2121, 2115, -1, 2114, 2120, 2113, -1,
                                2121, 2120, 2114, -1, 2129, 2128, 2127, -1,
                                2129, 2130, 2128, -1, 2138, 2144, 2145, -1,
                                2139, 2145, 2146, -1, 2139, 2138, 2145, -1,
                                2140, 2146, 2147, -1, 2140, 2139, 2146, -1,
                                2137, 2144, 2138, -1, 2141, 2147, 2148, -1,
                                2141, 2140, 2147, -1, 2136, 2144, 2137, -1,
                                2134, 2148, 2131, -1, 2134, 2141, 2148, -1,
                                2135, 2144, 2136, -1, 2143, 2144, 2135, -1,
                                2142, 2143, 2135, -1, 2132, 2134, 2131, -1,
                                2133, 2134, 2132, -1, 2159, 2152, 2160, -1,
                                2160, 2153, 2161, -1, 2152, 2153, 2160, -1,
                                2161, 2154, 2162, -1, 2153, 2154, 2161, -1,
                                2159, 2151, 2152, -1, 2162, 2155, 2163, -1,
                                2154, 2155, 2162, -1, 2159, 2150, 2151, -1,
                                2163, 2156, 2164, -1, 2155, 2156, 2163, -1,
                                2159, 2149, 2150, -1, 2159, 2158, 2149, -1,
                                2158, 2157, 2149, -1, 2164, 2166, 2165, -1,
                                2156, 2166, 2164, -1, 2168, 2167, 2169, -1,
                                2169, 2167, 2170, -1, 2171, 2173, 2172, -1,
                                2174, 2173, 2171, -1, 2176, 2177, 2178, -1,
                                2176, 2178, 2175, -1, 2180, 2181, 2182, -1,
                                2180, 2182, 2179, -1, 2184, 2183, 2185, -1,
                                2185, 2183, 2186, -1, 2187, 2189, 2188, -1,
                                2190, 2189, 2187, -1, 2192, 2193, 2194, -1,
                                2192, 2194, 2191, -1, 2196, 2197, 2198, -1,
                                2196, 2198, 2195, -1, 2202, 2200, 2199, -1,
                                2202, 2199, 2201, -1, 2203, 2206, 2204, -1,
                                2206, 2205, 2204, -1, 2208, 2209, 2210, -1,
                                2208, 2210, 2207, -1, 2211, 2213, 2212, -1,
                                2214, 2213, 2211, -1, 2218, 2216, 2215, -1,
                                2218, 2215, 2217, -1, 2219, 2221, 2220, -1,
                                2222, 2221, 2219, -1, 2224, 2225, 2226, -1,
                                2224, 2226, 2223, -1, 2227, 2229, 2228, -1,
                                2230, 2229, 2227, -1, 2232, 2234, 2231, -1,
                                2231, 2234, 2233, -1, 2236, 2238, 2235, -1,
                                2235, 2238, 2237, -1, 2240, 2242, 2239, -1,
                                2239, 2242, 2241, -1, 2244, 2246, 2243, -1,
                                2243, 2246, 2245, -1, 2248, 2250, 2247, -1,
                                2247, 2250, 2249, -1, 2252, 2254, 2251, -1,
                                2253, 2254, 2252, -1, 2256, 2258, 2255, -1,
                                2255, 2258, 2257, -1, 2260, 2262, 2259, -1,
                                2259, 2262, 2261, -1, 2264, 2266, 2263, -1,
                                2263, 2266, 2265, -1, 2268, 2270, 2267, -1,
                                2267, 2270, 2269, -1, 2272, 2274, 2271, -1,
                                2271, 2274, 2273, -1, 2276, 2278, 2275, -1,
                                2275, 2278, 2277, -1, 2280, 2282, 2279, -1,
                                2279, 2282, 2281, -1, 2284, 2286, 2283, -1,
                                2285, 2286, 2284, -1, 2288, 2289, 2287, -1,
                                2290, 2289, 2288, -1, 2291, 2292, 2293, -1,
                                2293, 2292, 2294, -1, 2296, 2297, 2295, -1,
                                2298, 2297, 2296, -1, 2299, 2300, 2301, -1,
                                2301, 2300, 2302, -1, 2303, 2304, 2305, -1,
                                2305, 2304, 2306, -1, 2309, 2307, 2310, -1,
                                2310, 2307, 2308, -1, 2316, 2315, 2312, -1,
                                2315, 2311, 2312, -1, 2314, 2313, 2315, -1,
                                2315, 2313, 2311, -1, 2318, 2323, 2317, -1,
                                2317, 2323, 2319, -1, 2319, 2324, 2320, -1,
                                2323, 2324, 2319, -1, 2320, 2322, 2321, -1,
                                2324, 2322, 2320, -1, 2327, 2325, 2328, -1,
                                2328, 2325, 2326, -1, 2330, 2331, 2329, -1,
                                2330, 2335, 2331, -1, 2335, 2332, 2331, -1,
                                2335, 2336, 2332, -1, 2336, 2333, 2332, -1,
                                2336, 2334, 2333, -1, 2338, 2344, 2337, -1,
                                2337, 2344, 2339, -1, 2339, 2345, 2340, -1,
                                2344, 2345, 2339, -1, 2340, 2346, 2341, -1,
                                2345, 2346, 2340, -1, 2341, 2343, 2342, -1,
                                2346, 2343, 2341, -1, 2348, 2354, 2347, -1,
                                2347, 2354, 2349, -1, 2349, 2355, 2350, -1,
                                2354, 2355, 2349, -1, 2350, 2356, 2351, -1,
                                2355, 2356, 2350, -1, 2351, 2353, 2352, -1,
                                2356, 2353, 2351, -1, 2358, 2364, 2357, -1,
                                2357, 2364, 2359, -1, 2359, 2365, 2360, -1,
                                2364, 2365, 2359, -1, 2360, 2366, 2361, -1,
                                2365, 2366, 2360, -1, 2361, 2363, 2362, -1,
                                2366, 2363, 2361, -1, 2368, 2374, 2367, -1,
                                2367, 2374, 2369, -1, 2369, 2375, 2370, -1,
                                2374, 2375, 2369, -1, 2370, 2376, 2371, -1,
                                2375, 2376, 2370, -1, 2371, 2373, 2372, -1,
                                2376, 2373, 2371, -1, 2378, 2383, 2377, -1,
                                2377, 2383, 2379, -1, 2379, 2384, 2380, -1,
                                2383, 2384, 2379, -1, 2380, 2382, 2381, -1,
                                2384, 2382, 2380, -1, 2386, 2387, 2385, -1,
                                2388, 2387, 2386, -1, 2390, 2391, 2389, -1,
                                2390, 2395, 2391, -1, 2395, 2392, 2391, -1,
                                2395, 2396, 2392, -1, 2392, 2394, 2393, -1,
                                2396, 2394, 2392, -1, 2398, 2404, 2397, -1,
                                2397, 2404, 2399, -1, 2399, 2405, 2400, -1,
                                2404, 2405, 2399, -1, 2400, 2406, 2401, -1,
                                2405, 2406, 2400, -1, 2401, 2403, 2402, -1,
                                2406, 2403, 2401, -1, 2408, 2414, 2407, -1,
                                2407, 2414, 2409, -1, 2409, 2415, 2410, -1,
                                2414, 2415, 2409, -1, 2410, 2416, 2411, -1,
                                2415, 2416, 2410, -1, 2411, 2413, 2412, -1,
                                2416, 2413, 2411, -1, 2418, 2424, 2417, -1,
                                2417, 2424, 2419, -1, 2419, 2425, 2420, -1,
                                2424, 2425, 2419, -1, 2420, 2426, 2421, -1,
                                2425, 2426, 2420, -1, 2426, 2422, 2421, -1,
                                2426, 2423, 2422, -1, 2428, 2434, 2427, -1,
                                2427, 2434, 2429, -1, 2429, 2435, 2430, -1,
                                2434, 2435, 2429, -1, 2430, 2436, 2431, -1,
                                2435, 2436, 2430, -1, 2431, 2433, 2432, -1,
                                2436, 2433, 2431, -1, 2456, 2470, 2471, -1,
                                2455, 2471, 2472, -1, 2455, 2456, 2471, -1,
                                2457, 2469, 2470, -1, 2457, 2470, 2456, -1,
                                2454, 2472, 2473, -1, 2454, 2455, 2472, -1,
                                2458, 2468, 2469, -1, 2458, 2469, 2457, -1,
                                2453, 2473, 2474, -1, 2453, 2454, 2473, -1,
                                2459, 2467, 2468, -1, 2459, 2468, 2458, -1,
                                2460, 2466, 2467, -1, 2460, 2467, 2459, -1,
                                2452, 2474, 2475, -1, 2452, 2453, 2474, -1,
                                2461, 2465, 2466, -1, 2461, 2466, 2460, -1,
                                2451, 2475, 2476, -1, 2451, 2452, 2475, -1,
                                2462, 2464, 2465, -1, 2462, 2465, 2461, -1,
                                2450, 2451, 2476, -1, 2477, 2450, 2476, -1,
                                2463, 2464, 2462, -1, 2449, 2450, 2477, -1,
                                2449, 2477, 2478, -1, 2448, 2449, 2478, -1,
                                2448, 2478, 2479, -1, 2480, 2448, 2479, -1,
                                2480, 2447, 2448, -1, 2446, 2447, 2480, -1,
                                2481, 2446, 2480, -1, 2445, 2446, 2481, -1,
                                2482, 2445, 2481, -1, 2437, 2444, 2445, -1,
                                2437, 2445, 2482, -1, 2438, 2443, 2444, -1,
                                2438, 2444, 2437, -1, 2439, 2442, 2443, -1,
                                2439, 2443, 2438, -1, 2440, 2441, 2442, -1,
                                2440, 2442, 2439, -1, 2484, 2485, 2483, -1,
                                2486, 2485, 2484, -1, 2487, 2488, 2489, -1,
                                2489, 2488, 2490, -1, 2492, 2493, 2491, -1,
                                2494, 2493, 2492, -1, 2497, 2495, 2498, -1,
                                2498, 2495, 2496, -1, 2500, 2501, 2499, -1,
                                2502, 2501, 2500, -1, 2503, 2504, 2505, -1,
                                2505, 2504, 2506, -1, 2508, 2509, 2507, -1,
                                2510, 2509, 2508, -1, 2512, 2513, 2511, -1,
                                2514, 2513, 2512, -1, 2516, 2517, 2515, -1,
                                2518, 2517, 2516, -1, 2521, 2519, 2522, -1,
                                2522, 2519, 2520, -1, 2523, 2524, 2525, -1,
                                2525, 2524, 2526, -1, 2529, 2527, 2530, -1,
                                2530, 2527, 2528, -1, 2542, 2541, 2532, -1,
                                2541, 2531, 2532, -1, 2541, 2540, 2531, -1,
                                2538, 2537, 2539, -1, 2539, 2537, 2540, -1,
                                2534, 2536, 2535, -1, 2536, 2533, 2537, -1,
                                2534, 2533, 2536, -1, 2540, 2533, 2531, -1,
                                2537, 2533, 2540, -1, 2560, 2561, 2562, -1,
                                2564, 2560, 2562, -1, 2568, 2559, 2560, -1,
                                2568, 2560, 2564, -1, 2567, 2558, 2559, -1,
                                2567, 2559, 2568, -1, 2566, 2557, 2558, -1,
                                2566, 2558, 2567, -1, 2565, 2557, 2566, -1,
                                2556, 2557, 2565, -1, 2572, 2556, 2565, -1,
                                2555, 2556, 2572, -1, 2571, 2555, 2572, -1,
                                2543, 2562, 2561, -1, 2563, 2562, 2543, -1,
                                2554, 2555, 2571, -1, 2570, 2554, 2571, -1,
                                2553, 2554, 2570, -1, 2569, 2553, 2570, -1,
                                2544, 2578, 2577, -1, 2544, 2577, 2563, -1,
                                2544, 2563, 2543, -1, 2552, 2553, 2569, -1,
                                2551, 2569, 2576, -1, 2551, 2552, 2569, -1,
                                2545, 2579, 2578, -1, 2545, 2578, 2544, -1,
                                2550, 2576, 2575, -1, 2550, 2551, 2576, -1,
                                2546, 2580, 2579, -1, 2546, 2579, 2545, -1,
                                2549, 2550, 2575, -1, 2549, 2575, 2574, -1,
                                2547, 2580, 2546, -1, 2547, 2573, 2580, -1,
                                2548, 2549, 2574, -1, 2548, 2574, 2573, -1,
                                2548, 2573, 2547, -1, 2582, 2583, 2581, -1,
                                2584, 2583, 2582, -1, 2586, 2592, 2585, -1,
                                2585, 2592, 2587, -1, 2587, 2593, 2588, -1,
                                2592, 2593, 2587, -1, 2588, 2594, 2589, -1,
                                2593, 2594, 2588, -1, 2589, 2591, 2590, -1,
                                2594, 2591, 2589, -1, 2596, 2602, 2595, -1,
                                2595, 2602, 2597, -1, 2597, 2603, 2598, -1,
                                2602, 2603, 2597, -1, 2598, 2604, 2599, -1,
                                2603, 2604, 2598, -1, 2604, 2600, 2599, -1,
                                2604, 2601, 2600, -1, 2606, 2612, 2605, -1,
                                2605, 2612, 2607, -1, 2607, 2613, 2608, -1,
                                2612, 2613, 2607, -1, 2608, 2614, 2609, -1,
                                2613, 2614, 2608, -1, 2609, 2611, 2610, -1,
                                2614, 2611, 2609, -1, 2616, 2617, 2615, -1,
                                2616, 2622, 2617, -1, 2622, 2618, 2617, -1,
                                2622, 2623, 2618, -1, 2623, 2619, 2618, -1,
                                2623, 2624, 2619, -1, 2624, 2620, 2619, -1,
                                2624, 2621, 2620, -1, 2625, 2626, 2627, -1,
                                2627, 2626, 2628, -1, 2629, 2630, 2631, -1,
                                2631, 2630, 2632, -1, 2633, 2635, 2636, -1,
                                2633, 2636, 2634, -1, 2637, 2639, 2640, -1,
                                2637, 2640, 2638, -1, 2644, 2642, 2641, -1,
                                2644, 2641, 2643, -1, 2646, 2645, 2650, -1,
                                2646, 2650, 2651, -1, 2647, 2651, 2652, -1,
                                2647, 2646, 2651, -1, 2648, 2652, 2653, -1,
                                2648, 2647, 2652, -1, 2649, 2653, 2654, -1,
                                2649, 2648, 2653, -1, 2656, 2655, 2660, -1,
                                2656, 2660, 2661, -1, 2657, 2661, 2662, -1,
                                2657, 2656, 2661, -1, 2658, 2662, 2663, -1,
                                2658, 2657, 2662, -1, 2659, 2663, 2664, -1,
                                2659, 2658, 2663, -1, 2666, 2665, 2670, -1,
                                2666, 2670, 2671, -1, 2667, 2671, 2672, -1,
                                2667, 2666, 2671, -1, 2668, 2672, 2673, -1,
                                2668, 2667, 2672, -1, 2669, 2673, 2674, -1,
                                2669, 2668, 2673, -1, 2681, 2675, 2680, -1,
                                2676, 2675, 2681, -1, 2682, 2676, 2681, -1,
                                2677, 2676, 2682, -1, 2683, 2677, 2682, -1,
                                2678, 2677, 2683, -1, 2684, 2678, 2683, -1,
                                2679, 2678, 2684, -1, 2691, 2692, 2690, -1,
                                2697, 2692, 2696, -1, 2690, 2692, 2697, -1,
                                2692, 2695, 2696, -1, 2692, 2693, 2695, -1,
                                2693, 2685, 2695, -1, 2685, 2694, 2695, -1,
                                2687, 2689, 2686, -1, 2688, 2689, 2687, -1,
                                2689, 2701, 2686, -1, 2686, 2702, 2685, -1,
                                2701, 2702, 2686, -1, 2702, 2703, 2685, -1,
                                2685, 2700, 2694, -1, 2703, 2700, 2685, -1,
                                2694, 2699, 2698, -1, 2700, 2699, 2694, -1,
                                2705, 2706, 2704, -1, 2705, 2712, 2706, -1,
                                2708, 2707, 2709, -1, 2706, 2717, 2707, -1,
                                2712, 2717, 2706, -1, 2707, 2717, 2709, -1,
                                2712, 2711, 2713, -1, 2713, 2711, 2714, -1,
                                2705, 2711, 2712, -1, 2714, 2710, 2715, -1,
                                2715, 2710, 2716, -1, 2716, 2710, 2717, -1,
                                2717, 2710, 2709, -1, 2711, 2710, 2714, -1,
                                2720, 2718, 2721, -1, 2721, 2718, 2719, -1,
                                2724, 2722, 2725, -1, 2722, 2723, 2725, -1,
                                2728, 2726, 2729, -1, 2729, 2726, 2727, -1,
                                2731, 2732, 2730, -1, 2733, 2732, 2731, -1,
                                2736, 2734, 2737, -1, 2737, 2734, 2735, -1,
                                2739, 2740, 2738, -1, 2741, 2740, 2739, -1,
                                2744, 2742, 2745, -1, 2745, 2742, 2743, -1,
                                2747, 2748, 2746, -1, 2749, 2748, 2747, -1,
                                2753, 2751, 2750, -1, 2753, 2750, 2752, -1,
                                2756, 2755, 2754, -1, 2756, 2757, 2755, -1,
                                2759, 2758, 2760, -1, 2759, 2760, 2761, -1,
                                2762, 2764, 2765, -1, 2762, 2765, 2763, -1,
                                2767, 2766, 2768, -1, 2767, 2768, 2769, -1,
                                2770, 2773, 2771, -1, 2772, 2773, 2770, -1,
                                2778, 2777, 2779, -1, 2777, 2775, 2779, -1,
                                2776, 2774, 2777, -1, 2777, 2774, 2775, -1,
                                2781, 2782, 2780, -1, 2783, 2782, 2781, -1,
                                2784, 2785, 2786, -1, 2786, 2785, 2787, -1,
                                2789, 2790, 2788, -1, 2791, 2790, 2789, -1,
                                2794, 2792, 2795, -1, 2795, 2792, 2793, -1,
                                2798, 2796, 2799, -1, 2799, 2796, 2797, -1,
                                2800, 2801, 2802, -1, 2802, 2801, 2803, -1,
                                2805, 2806, 2804, -1, 2807, 2806, 2805, -1,
                                2809, 2810, 2808, -1, 2811, 2810, 2809, -1,
                                2813, 2814, 2812, -1, 2815, 2814, 2813, -1,
                                2816, 2817, 2818, -1, 2818, 2817, 2819, -1,
                                2820, 2821, 2822, -1, 2822, 2821, 2823, -1,
                                2826, 2824, 2827, -1, 2827, 2824, 2825, -1,
                                2839, 2838, 2829, -1, 2838, 2828, 2829, -1,
                                2838, 2837, 2828, -1, 2835, 2834, 2836, -1,
                                2836, 2834, 2837, -1, 2831, 2833, 2832, -1,
                                2833, 2830, 2834, -1, 2831, 2830, 2833, -1,
                                2837, 2830, 2828, -1, 2834, 2830, 2837, -1,
                                2845, 2842, 2843, -1, 2845, 2843, 2844, -1,
                                2846, 2841, 2842, -1, 2846, 2842, 2845, -1,
                                2847, 2840, 2841, -1, 2847, 2841, 2846, -1,
                                2848, 2887, 2840, -1, 2848, 2840, 2847, -1,
                                2849, 2885, 2886, -1, 2849, 2886, 2887, -1,
                                2849, 2887, 2848, -1, 2850, 2885, 2849, -1,
                                2884, 2885, 2850, -1, 2851, 2884, 2850, -1,
                                2896, 2858, 2888, -1, 2896, 2857, 2858, -1,
                                2889, 2888, 2858, -1, 2889, 2858, 2859, -1,
                                2895, 2857, 2896, -1, 2883, 2851, 2852, -1,
                                2883, 2884, 2851, -1, 2890, 2859, 2860, -1,
                                2890, 2860, 2861, -1, 2890, 2889, 2859, -1,
                                2894, 2856, 2857, -1, 2894, 2857, 2895, -1,
                                2891, 2861, 2862, -1, 2891, 2890, 2861, -1,
                                2892, 2862, 2863, -1, 2892, 2891, 2862, -1,
                                2882, 2852, 2853, -1, 2882, 2883, 2852, -1,
                                2893, 2856, 2894, -1, 2911, 2892, 2863, -1,
                                2911, 2863, 2864, -1, 2912, 2864, 2865, -1,
                                2912, 2865, 2866, -1, 2912, 2911, 2864, -1,
                                2855, 2856, 2893, -1, 2913, 2912, 2866, -1,
                                2867, 2913, 2866, -1, 2881, 2853, 2854, -1,
                                2881, 2882, 2853, -1, 2907, 2913, 2867, -1,
                                2868, 2907, 2867, -1, 2908, 2907, 2868, -1,
                                2897, 2855, 2893, -1, 2880, 2854, 2855, -1,
                                2880, 2881, 2854, -1, 2880, 2855, 2897, -1,
                                2869, 2908, 2868, -1, 2898, 2880, 2897, -1,
                                2902, 2880, 2898, -1, 2870, 2909, 2908, -1,
                                2870, 2908, 2869, -1, 2871, 2910, 2909, -1,
                                2871, 2903, 2910, -1, 2871, 2909, 2870, -1,
                                2872, 2903, 2871, -1, 2872, 2904, 2903, -1,
                                2873, 2905, 2904, -1, 2873, 2904, 2872, -1,
                                2876, 2900, 2899, -1, 2877, 2900, 2876, -1,
                                2877, 2901, 2900, -1, 2875, 2906, 2905, -1,
                                2875, 2899, 2906, -1, 2875, 2876, 2899, -1,
                                2874, 2905, 2873, -1, 2874, 2875, 2905, -1,
                                2879, 2901, 2877, -1, 2879, 2877, 2878, -1,
                                2879, 2902, 2901, -1, 2879, 2880, 2902, -1,
                                2915, 2920, 2914, -1, 2914, 2920, 2916, -1,
                                2916, 2921, 2917, -1, 2920, 2921, 2916, -1,
                                2921, 2918, 2917, -1, 2921, 2919, 2918, -1,
                                2924, 2922, 2925, -1, 2925, 2922, 2923, -1,
                                2927, 2932, 2926, -1, 2926, 2932, 2928, -1,
                                2928, 2933, 2929, -1, 2932, 2933, 2928, -1,
                                2929, 2931, 2930, -1, 2933, 2931, 2929, -1,
                                2935, 2945, 2934, -1, 2934, 2945, 2936, -1,
                                2936, 2946, 2937, -1, 2945, 2946, 2936, -1,
                                2937, 2947, 2938, -1, 2946, 2947, 2937, -1,
                                2938, 2948, 2939, -1, 2947, 2948, 2938, -1,
                                2939, 2949, 2940, -1, 2948, 2949, 2939, -1,
                                2940, 2950, 2941, -1, 2949, 2950, 2940, -1,
                                2941, 2951, 2942, -1, 2950, 2951, 2941, -1,
                                2942, 2944, 2943, -1, 2951, 2944, 2942, -1,
                                2954, 2952, 2955, -1, 2955, 2952, 2953, -1,
                                2957, 2958, 2956, -1, 2957, 2966, 2958, -1,
                                2966, 2959, 2958, -1, 2966, 2967, 2959, -1,
                                2967, 2960, 2959, -1, 2967, 2968, 2960, -1,
                                2968, 2961, 2960, -1, 2968, 2969, 2961, -1,
                                2969, 2962, 2961, -1, 2969, 2970, 2962, -1,
                                2970, 2963, 2962, -1, 2970, 2971, 2963, -1,
                                2971, 2964, 2963, -1, 2971, 2965, 2964, -1,
                                2973, 2979, 2972, -1, 2972, 2979, 2974, -1,
                                2974, 2980, 2975, -1, 2979, 2980, 2974, -1,
                                2975, 2981, 2976, -1, 2980, 2981, 2975, -1,
                                2976, 2978, 2977, -1, 2981, 2978, 2976, -1,
                                2983, 2984, 2982, -1, 2983, 2989, 2984, -1,
                                2989, 2985, 2984, -1, 2989, 2990, 2985, -1,
                                2990, 2986, 2985, -1, 2990, 2991, 2986, -1,
                                2991, 2987, 2986, -1, 2991, 2988, 2987, -1,
                                2993, 3000, 2992, -1, 2992, 3000, 2994, -1,
                                2994, 3001, 2995, -1, 3000, 3001, 2994, -1,
                                2995, 3002, 2996, -1, 3001, 3002, 2995, -1,
                                2996, 3003, 2997, -1, 3002, 3003, 2996, -1,
                                2997, 2999, 2998, -1, 3003, 2999, 2997, -1,
                                3005, 3006, 3004, -1, 3007, 3006, 3005, -1,
                                3008, 3009, 3010, -1, 3010, 3009, 3011, -1,
                                3013, 3014, 3012, -1, 3015, 3014, 3013, -1,
                                3017, 3018, 3016, -1, 3019, 3018, 3017, -1,
                                3021, 3031, 3020, -1, 3020, 3031, 3022, -1,
                                3022, 3032, 3023, -1, 3031, 3032, 3022, -1,
                                3023, 3033, 3024, -1, 3032, 3033, 3023, -1,
                                3024, 3034, 3025, -1, 3033, 3034, 3024, -1,
                                3025, 3035, 3026, -1, 3034, 3035, 3025, -1,
                                3026, 3036, 3027, -1, 3035, 3036, 3026, -1,
                                3027, 3037, 3028, -1, 3036, 3037, 3027, -1,
                                3037, 3029, 3028, -1, 3037, 3030, 3029, -1,
                                3039, 3038, 3043, -1, 3039, 3043, 3044, -1,
                                3040, 3044, 3045, -1, 3040, 3039, 3044, -1,
                                3041, 3045, 3046, -1, 3041, 3040, 3045, -1,
                                3042, 3046, 3047, -1, 3042, 3041, 3046, -1,
                                3049, 3048, 3053, -1, 3049, 3053, 3054, -1,
                                3050, 3054, 3055, -1, 3050, 3049, 3054, -1,
                                3051, 3055, 3056, -1, 3051, 3056, 3057, -1,
                                3051, 3050, 3055, -1, 3052, 3051, 3057, -1,
                                3059, 3058, 3063, -1, 3059, 3063, 3064, -1,
                                3060, 3064, 3065, -1, 3060, 3059, 3064, -1,
                                3061, 3065, 3066, -1, 3061, 3060, 3065, -1,
                                3062, 3066, 3067, -1, 3062, 3061, 3066, -1,
                                3069, 3068, 3073, -1, 3069, 3073, 3074, -1,
                                3070, 3074, 3075, -1, 3070, 3069, 3074, -1,
                                3071, 3075, 3076, -1, 3071, 3070, 3075, -1,
                                3072, 3076, 3077, -1, 3072, 3071, 3076, -1,
                                3079, 3078, 3083, -1, 3079, 3083, 3084, -1,
                                3080, 3084, 3085, -1, 3080, 3079, 3084, -1,
                                3081, 3085, 3086, -1, 3081, 3080, 3085, -1,
                                3082, 3086, 3087, -1, 3082, 3081, 3086, -1,
                                3089, 3088, 3093, -1, 3089, 3093, 3094, -1,
                                3090, 3094, 3095, -1, 3090, 3089, 3094, -1,
                                3091, 3095, 3096, -1, 3091, 3090, 3095, -1,
                                3092, 3096, 3097, -1, 3092, 3091, 3096, -1,
                                3101, 3099, 3098, -1, 3101, 3098, 3100, -1,
                                3104, 3103, 3102, -1, 3104, 3105, 3103, -1,
                                3123, 3121, 3122, -1, 3116, 3121, 3123, -1,
                                3107, 3128, 3106, -1, 3109, 3128, 3108, -1,
                                3110, 3128, 3109, -1, 3111, 3128, 3110, -1,
                                3106, 3128, 3111, -1, 3114, 3128, 3113, -1,
                                3115, 3128, 3114, -1, 3108, 3128, 3115, -1,
                                3117, 3120, 3116, -1, 3118, 3120, 3117, -1,
                                3116, 3120, 3121, -1, 3118, 3127, 3120, -1,
                                3113, 3129, 3112, -1, 3119, 3129, 3118, -1,
                                3112, 3129, 3119, -1, 3128, 3129, 3113, -1,
                                3118, 3129, 3127, -1, 3127, 3130, 3126, -1,
                                3129, 3130, 3127, -1, 3130, 3125, 3126, -1,
                                3130, 3131, 3125, -1, 3131, 3124, 3125, -1,
                                3133, 3138, 3132, -1, 3132, 3138, 3134, -1,
                                3134, 3139, 3135, -1, 3138, 3139, 3134, -1,
                                3139, 3136, 3135, -1, 3139, 3137, 3136, -1,
                                3140, 3141, 3142, -1, 3142, 3141, 3143, -1,
                                3145, 3150, 3144, -1, 3144, 3150, 3146, -1,
                                3146, 3151, 3147, -1, 3150, 3151, 3146, -1,
                                3147, 3149, 3148, -1, 3151, 3149, 3147, -1,
                                3153, 3154, 3152, -1, 3153, 3158, 3154, -1,
                                3158, 3155, 3154, -1, 3158, 3159, 3155, -1,
                                3159, 3156, 3155, -1, 3159, 3157, 3156, -1,
                                3161, 3168, 3160, -1, 3160, 3168, 3162, -1,
                                3162, 3169, 3163, -1, 3168, 3169, 3162, -1,
                                3163, 3170, 3164, -1, 3169, 3170, 3163, -1,
                                3164, 3171, 3165, -1, 3170, 3171, 3164, -1,
                                3165, 3167, 3166, -1, 3171, 3167, 3165, -1,
                                3173, 3179, 3172, -1, 3172, 3179, 3174, -1,
                                3174, 3180, 3175, -1, 3179, 3180, 3174, -1,
                                3175, 3181, 3176, -1, 3180, 3181, 3175, -1,
                                3176, 3178, 3177, -1, 3181, 3178, 3176, -1,
                                3183, 3188, 3182, -1, 3182, 3188, 3184, -1,
                                3184, 3189, 3185, -1, 3188, 3189, 3184, -1,
                                3185, 3187, 3186, -1, 3189, 3187, 3185, -1,
                                3191, 3195, 3190, -1, 3190, 3195, 3192, -1,
                                3192, 3194, 3193, -1, 3195, 3194, 3192, -1,
                                3197, 3204, 3196, -1, 3196, 3204, 3198, -1,
                                3198, 3205, 3199, -1, 3204, 3205, 3198, -1,
                                3199, 3206, 3200, -1, 3205, 3206, 3199, -1,
                                3200, 3207, 3201, -1, 3206, 3207, 3200, -1,
                                3201, 3203, 3202, -1, 3207, 3203, 3201, -1,
                                3209, 3216, 3208, -1, 3208, 3216, 3210, -1,
                                3210, 3217, 3211, -1, 3216, 3217, 3210, -1,
                                3211, 3218, 3212, -1, 3217, 3218, 3211, -1,
                                3212, 3219, 3213, -1, 3218, 3219, 3212, -1,
                                3213, 3215, 3214, -1, 3219, 3215, 3213, -1,
                                3221, 3226, 3220, -1, 3220, 3226, 3222, -1,
                                3222, 3227, 3223, -1, 3226, 3227, 3222, -1,
                                3223, 3225, 3224, -1, 3227, 3225, 3223, -1,
                                3229, 3234, 3228, -1, 3228, 3234, 3230, -1,
                                3230, 3235, 3231, -1, 3234, 3235, 3230, -1,
                                3231, 3233, 3232, -1, 3235, 3233, 3231, -1,
                                3237, 3238, 3236, -1, 3239, 3238, 3237, -1,
                                3241, 3242, 3240, -1, 3241, 3246, 3242, -1,
                                3246, 3243, 3242, -1, 3246, 3247, 3243, -1,
                                3247, 3244, 3243, -1, 3247, 3245, 3244, -1,
                                3249, 3254, 3248, -1, 3248, 3254, 3250, -1,
                                3250, 3255, 3251, -1, 3254, 3255, 3250, -1,
                                3251, 3253, 3252, -1, 3255, 3253, 3251, -1,
                                3257, 3258, 3256, -1, 3257, 3264, 3258, -1,
                                3264, 3259, 3258, -1, 3264, 3265, 3259, -1,
                                3265, 3260, 3259, -1, 3265, 3266, 3260, -1,
                                3260, 3267, 3261, -1, 3266, 3267, 3260, -1,
                                3261, 3263, 3262, -1, 3267, 3263, 3261, -1,
                                3269, 3274, 3268, -1, 3268, 3274, 3270, -1,
                                3270, 3275, 3271, -1, 3274, 3275, 3270, -1,
                                3275, 3272, 3271, -1, 3275, 3273, 3272, -1,
                                3277, 3282, 3276, -1, 3276, 3282, 3278, -1,
                                3278, 3283, 3279, -1, 3282, 3283, 3278, -1,
                                3279, 3281, 3280, -1, 3283, 3281, 3279, -1,
                                3285, 3289, 3284, -1, 3284, 3289, 3286, -1,
                                3286, 3288, 3287, -1, 3289, 3288, 3286, -1,
                                3291, 3298, 3290, -1, 3290, 3298, 3292, -1,
                                3292, 3299, 3293, -1, 3298, 3299, 3292, -1,
                                3293, 3300, 3294, -1, 3299, 3300, 3293, -1,
                                3294, 3301, 3295, -1, 3300, 3301, 3294, -1,
                                3295, 3297, 3296, -1, 3301, 3297, 3295, -1,
                                3303, 3314, 3302, -1, 3302, 3314, 3304, -1,
                                3304, 3315, 3305, -1, 3314, 3315, 3304, -1,
                                3305, 3316, 3306, -1, 3315, 3316, 3305, -1,
                                3306, 3317, 3307, -1, 3316, 3317, 3306, -1,
                                3307, 3318, 3308, -1, 3317, 3318, 3307, -1,
                                3308, 3319, 3309, -1, 3318, 3319, 3308, -1,
                                3309, 3320, 3310, -1, 3319, 3320, 3309, -1,
                                3310, 3321, 3311, -1, 3311, 3321, 3312, -1,
                                3320, 3321, 3310, -1, 3321, 3313, 3312, -1,
                                3391, 3395, 3390, -1, 3390, 3395, 3393, -1,
                                3392, 3394, 3391, -1, 3387, 3394, 3392, -1,
                                3391, 3394, 3395, -1, 3387, 3331, 3394, -1,
                                3388, 3330, 3387, -1, 3387, 3330, 3331, -1,
                                3388, 3329, 3330, -1, 3389, 3328, 3388, -1,
                                3388, 3328, 3329, -1, 3389, 3327, 3328, -1,
                                3389, 3326, 3327, -1, 3389, 3382, 3326, -1,
                                3382, 3325, 3326, -1, 3325, 3383, 3324, -1,
                                3382, 3383, 3325, -1, 3324, 3384, 3323, -1,
                                3383, 3384, 3324, -1, 3323, 3385, 3322, -1,
                                3384, 3385, 3323, -1, 3341, 3368, 3340, -1,
                                3340, 3369, 3339, -1, 3368, 3369, 3340, -1,
                                3344, 3370, 3343, -1, 3339, 3370, 3344, -1,
                                3369, 3370, 3339, -1, 3341, 3374, 3368, -1,
                                3337, 3374, 3341, -1, 3343, 3371, 3342, -1,
                                3370, 3371, 3343, -1, 3385, 3386, 3322, -1,
                                3371, 3372, 3342, -1, 3349, 3363, 3348, -1,
                                3342, 3363, 3349, -1, 3372, 3363, 3342, -1,
                                3336, 3378, 3335, -1, 3322, 3378, 3336, -1,
                                3386, 3378, 3322, -1, 3338, 3373, 3337, -1,
                                3337, 3373, 3374, -1, 3348, 3364, 3347, -1,
                                3363, 3364, 3348, -1, 3364, 3365, 3347, -1,
                                3347, 3365, 3346, -1, 3335, 3379, 3334, -1,
                                3378, 3379, 3335, -1, 3332, 3377, 3338, -1,
                                3338, 3377, 3373, -1, 3365, 3366, 3346, -1,
                                3379, 3380, 3334, -1, 3333, 3376, 3332, -1,
                                3332, 3376, 3377, -1, 3334, 3381, 3333, -1,
                                3380, 3381, 3334, -1, 3381, 3375, 3333, -1,
                                3333, 3375, 3376, -1, 3367, 3345, 3366, -1,
                                3366, 3345, 3346, -1, 3367, 3360, 3345, -1,
                                3360, 3352, 3345, -1, 3361, 3352, 3360, -1,
                                3361, 3351, 3352, -1, 3362, 3351, 3361, -1,
                                3357, 3351, 3362, -1, 3357, 3350, 3351, -1,
                                3358, 3350, 3357, -1, 3358, 3355, 3350, -1,
                                3358, 3354, 3355, -1, 3359, 3354, 3358, -1,
                                3359, 3353, 3354, -1, 3356, 3353, 3359, -1,
                                3396, 3397, 3398, -1, 3398, 3397, 3399, -1,
                                3402, 3400, 3403, -1, 3403, 3400, 3401, -1,
                                3405, 3407, 3404, -1, 3404, 3407, 3406, -1,
                                3408, 3409, 3410, -1, 3410, 3409, 3411, -1,
                                3414, 3412, 3415, -1, 3415, 3412, 3413, -1,
                                3418, 3416, 3419, -1, 3419, 3416, 3417, -1,
                                3420, 3421, 3422, -1, 3422, 3421, 3423, -1,
                                3426, 3424, 3427, -1, 3427, 3424, 3425, -1,
                                3430, 3428, 3431, -1, 3431, 3428, 3429, -1,
                                3433, 3441, 3432, -1, 3432, 3441, 3434, -1,
                                3434, 3442, 3435, -1, 3441, 3442, 3434, -1,
                                3435, 3443, 3436, -1, 3442, 3443, 3435, -1,
                                3436, 3444, 3437, -1, 3443, 3444, 3436, -1,
                                3437, 3445, 3438, -1, 3444, 3445, 3437, -1,
                                3438, 3440, 3439, -1, 3445, 3440, 3438, -1,
                                3447, 3452, 3446, -1, 3446, 3452, 3448, -1,
                                3448, 3453, 3449, -1, 3452, 3453, 3448, -1,
                                3449, 3451, 3450, -1, 3453, 3451, 3449, -1,
                                3454, 3455, 3456, -1, 3456, 3455, 3457, -1,
                                3459, 3460, 3458, -1, 3459, 3463, 3460, -1,
                                3463, 3461, 3460, -1, 3463, 3462, 3461, -1,
                                3465, 3474, 3464, -1, 3464, 3474, 3466, -1,
                                3466, 3475, 3467, -1, 3474, 3475, 3466, -1,
                                3467, 3476, 3468, -1, 3475, 3476, 3467, -1,
                                3468, 3477, 3469, -1, 3476, 3477, 3468, -1,
                                3469, 3478, 3470, -1, 3477, 3478, 3469, -1,
                                3470, 3479, 3471, -1, 3478, 3479, 3470, -1,
                                3479, 3472, 3471, -1, 3479, 3473, 3472, -1,
                                3482, 3480, 3483, -1, 3483, 3480, 3481, -1,
                                3501, 3502, 3503, -1, 3500, 3503, 3504, -1,
                                3500, 3501, 3503, -1, 3499, 3504, 3505, -1,
                                3499, 3500, 3504, -1, 3498, 3505, 3506, -1,
                                3498, 3499, 3505, -1, 3497, 3498, 3506, -1,
                                3496, 3506, 3507, -1, 3496, 3497, 3506, -1,
                                3508, 3496, 3507, -1, 3495, 3496, 3508, -1,
                                3509, 3495, 3508, -1, 3494, 3495, 3509, -1,
                                3510, 3494, 3509, -1, 3493, 3494, 3510, -1,
                                3511, 3493, 3510, -1, 3512, 3493, 3511, -1,
                                3492, 3493, 3512, -1, 3487, 3492, 3512, -1,
                                3487, 3488, 3492, -1, 3489, 3492, 3488, -1,
                                3486, 3487, 3512, -1, 3490, 3491, 3489, -1,
                                3484, 3485, 3486, -1, 3484, 3486, 3512, -1,
                                3491, 3492, 3489, -1, 3514, 3515, 3513, -1,
                                3516, 3515, 3514, -1, 3517, 3518, 3519, -1,
                                3519, 3518, 3520, -1, 3522, 3523, 3521, -1,
                                3524, 3523, 3522, -1, 3526, 3528, 3525, -1,
                                3528, 3527, 3525, -1, 3531, 3529, 3532, -1,
                                3532, 3529, 3530, -1, 3533, 3534, 3535, -1,
                                3535, 3534, 3536, -1, 3538, 3539, 3537, -1,
                                3540, 3539, 3538, -1, 3543, 3542, 3544, -1,
                                3543, 3541, 3542, -1, 3546, 3547, 3545, -1,
                                3548, 3547, 3546, -1, 3551, 3549, 3552, -1,
                                3552, 3549, 3550, -1, 3553, 3554, 3555, -1,
                                3555, 3554, 3556, -1, 3558, 3559, 3557, -1,
                                3560, 3559, 3558, -1, 3572, 3571, 3562, -1,
                                3571, 3561, 3562, -1, 3568, 3570, 3569, -1,
                                3571, 3570, 3561, -1, 3568, 3567, 3570, -1,
                                3564, 3566, 3565, -1, 3566, 3563, 3567, -1,
                                3570, 3563, 3561, -1, 3564, 3563, 3566, -1,
                                3567, 3563, 3570, -1, 3590, 3591, 3592, -1,
                                3594, 3590, 3592, -1, 3598, 3589, 3590, -1,
                                3598, 3590, 3594, -1, 3597, 3588, 3589, -1,
                                3597, 3589, 3598, -1, 3596, 3587, 3588, -1,
                                3596, 3588, 3597, -1, 3595, 3587, 3596, -1,
                                3586, 3587, 3595, -1, 3602, 3586, 3595, -1,
                                3585, 3586, 3602, -1, 3601, 3585, 3602, -1,
                                3573, 3592, 3591, -1, 3593, 3592, 3573, -1,
                                3584, 3585, 3601, -1, 3600, 3584, 3601, -1,
                                3583, 3584, 3600, -1, 3599, 3583, 3600, -1,
                                3574, 3608, 3607, -1, 3574, 3607, 3593, -1,
                                3574, 3593, 3573, -1, 3582, 3583, 3599, -1,
                                3581, 3599, 3606, -1, 3581, 3582, 3599, -1,
                                3575, 3609, 3608, -1, 3575, 3608, 3574, -1,
                                3580, 3606, 3605, -1, 3580, 3581, 3606, -1,
                                3576, 3610, 3609, -1, 3576, 3609, 3575, -1,
                                3579, 3580, 3605, -1, 3579, 3605, 3604, -1,
                                3577, 3610, 3576, -1, 3577, 3603, 3610, -1,
                                3578, 3579, 3604, -1, 3578, 3604, 3603, -1,
                                3578, 3603, 3577, -1, 3613, 3611, 3614, -1,
                                3614, 3611, 3612, -1, 3616, 3622, 3615, -1,
                                3615, 3622, 3617, -1, 3617, 3623, 3618, -1,
                                3622, 3623, 3617, -1, 3618, 3624, 3619, -1,
                                3623, 3624, 3618, -1, 3619, 3621, 3620, -1,
                                3624, 3621, 3619, -1, 3626, 3632, 3625, -1,
                                3625, 3632, 3627, -1, 3627, 3633, 3628, -1,
                                3632, 3633, 3627, -1, 3628, 3634, 3629, -1,
                                3633, 3634, 3628, -1, 3629, 3631, 3630, -1,
                                3634, 3631, 3629, -1, 3636, 3642, 3635, -1,
                                3635, 3642, 3637, -1, 3637, 3643, 3638, -1,
                                3642, 3643, 3637, -1, 3638, 3644, 3639, -1,
                                3643, 3644, 3638, -1, 3644, 3640, 3639, -1,
                                3644, 3641, 3640, -1, 3646, 3652, 3645, -1,
                                3645, 3652, 3647, -1, 3647, 3653, 3648, -1,
                                3652, 3653, 3647, -1, 3648, 3654, 3649, -1,
                                3653, 3654, 3648, -1, 3654, 3650, 3649, -1,
                                3654, 3651, 3650, -1, 3655, 3656, 3657, -1,
                                3657, 3656, 3658, -1, 3659, 3660, 3661, -1,
                                3661, 3660, 3662, -1, 3663, 3665, 3666, -1,
                                3663, 3666, 3664, -1, 3667, 3669, 3670, -1,
                                3667, 3670, 3668, -1, 3673, 3672, 3671, -1,
                                3673, 3674, 3672, -1, 3676, 3675, 3680, -1,
                                3676, 3680, 3681, -1, 3677, 3681, 3682, -1,
                                3677, 3676, 3681, -1, 3678, 3682, 3683, -1,
                                3678, 3677, 3682, -1, 3679, 3683, 3684, -1,
                                3679, 3678, 3683, -1, 3686, 3685, 3690, -1,
                                3686, 3690, 3691, -1, 3687, 3691, 3692, -1,
                                3687, 3686, 3691, -1, 3688, 3692, 3693, -1,
                                3688, 3687, 3692, -1, 3689, 3693, 3694, -1,
                                3689, 3688, 3693, -1, 3696, 3695, 3700, -1,
                                3696, 3700, 3701, -1, 3697, 3701, 3702, -1,
                                3697, 3696, 3701, -1, 3698, 3702, 3703, -1,
                                3698, 3697, 3702, -1, 3704, 3698, 3703, -1,
                                3699, 3698, 3704, -1, 3706, 3705, 3710, -1,
                                3706, 3710, 3711, -1, 3707, 3711, 3712, -1,
                                3707, 3706, 3711, -1, 3708, 3712, 3713, -1,
                                3708, 3707, 3712, -1, 3709, 3713, 3714, -1,
                                3709, 3708, 3713, -1, 3721, 3722, 3720, -1,
                                3727, 3722, 3726, -1, 3720, 3722, 3727, -1,
                                3722, 3725, 3726, -1, 3722, 3723, 3725, -1,
                                3723, 3715, 3725, -1, 3715, 3724, 3725, -1,
                                3717, 3719, 3716, -1, 3718, 3719, 3717, -1,
                                3719, 3731, 3716, -1, 3716, 3732, 3715, -1,
                                3731, 3732, 3716, -1, 3732, 3733, 3715, -1,
                                3715, 3730, 3724, -1, 3733, 3730, 3715, -1,
                                3724, 3729, 3728, -1, 3730, 3729, 3724, -1,
                                3735, 3736, 3734, -1, 3735, 3742, 3736, -1,
                                3738, 3737, 3739, -1, 3736, 3747, 3737, -1,
                                3742, 3747, 3736, -1, 3737, 3747, 3739, -1,
                                3742, 3741, 3743, -1, 3743, 3741, 3744, -1,
                                3735, 3741, 3742, -1, 3744, 3740, 3745, -1,
                                3745, 3740, 3746, -1, 3746, 3740, 3747, -1,
                                3747, 3740, 3739, -1, 3741, 3740, 3744, -1,
                                3750, 3748, 3751, -1, 3751, 3748, 3749, -1,
                                3752, 3753, 3754, -1, 3754, 3753, 3755, -1,
                                3758, 3757, 3759, -1, 3758, 3756, 3757, -1,
                                3761, 3762, 3760, -1, 3763, 3762, 3761, -1,
                                3766, 3764, 3767, -1, 3767, 3764, 3765, -1,
                                3769, 3770, 3768, -1, 3771, 3770, 3769, -1,
                                3774, 3772, 3775, -1, 3775, 3772, 3773, -1,
                                3777, 3778, 3776, -1, 3779, 3778, 3777, -1,
                                3783, 3781, 3780, -1, 3783, 3780, 3782, -1,
                                3786, 3785, 3784, -1, 3786, 3787, 3785, -1,
                                3791, 3788, 3790, -1, 3789, 3788, 3791, -1,
                                3792, 3794, 3795, -1, 3792, 3795, 3793, -1,
                                3797, 3796, 3798, -1, 3797, 3798, 3799, -1,
                                3802, 3801, 3800, -1, 3802, 3803, 3801, -1,
                                3808, 3807, 3809, -1, 3807, 3805, 3809, -1,
                                3806, 3804, 3807, -1, 3807, 3804, 3805, -1,
                                3818, 3843, 3817, -1, 3810, 3843, 3818, -1,
                                3811, 3842, 3810, -1, 3810, 3842, 3843, -1,
                                3817, 3844, 3816, -1, 3843, 3844, 3817, -1,
                                3812, 3841, 3811, -1, 3811, 3841, 3842, -1,
                                3816, 3845, 3815, -1, 3844, 3845, 3816, -1,
                                3813, 3840, 3812, -1, 3812, 3840, 3841, -1,
                                3845, 3838, 3815, -1, 3814, 3839, 3813, -1,
                                3813, 3839, 3840, -1, 3819, 3825, 3826, -1,
                                3819, 3824, 3825, -1, 3935, 3852, 3814, -1,
                                3814, 3852, 3839, -1, 3936, 3851, 3935, -1,
                                3935, 3851, 3852, -1, 3838, 3834, 3815, -1,
                                3815, 3834, 3819, -1, 3819, 3835, 3824, -1,
                                3823, 3835, 3822, -1, 3824, 3835, 3823, -1,
                                3834, 3835, 3819, -1, 3837, 3827, 3836, -1,
                                3821, 3833, 3820, -1, 3822, 3833, 3821, -1,
                                3836, 3828, 3835, -1, 3827, 3828, 3836, -1,
                                3835, 3832, 3822, -1, 3822, 3832, 3833, -1,
                                3828, 3829, 3835, -1, 3835, 3831, 3832, -1,
                                3829, 3830, 3835, -1, 3835, 3830, 3831, -1,
                                3936, 3850, 3851, -1, 3937, 3850, 3936, -1,
                                3937, 3938, 3850, -1, 3850, 3938, 3849, -1,
                                3849, 3939, 3848, -1, 3938, 3939, 3849, -1,
                                3848, 3932, 3847, -1, 3939, 3932, 3848, -1,
                                3847, 3860, 3846, -1, 3846, 3860, 3853, -1,
                                3932, 3860, 3847, -1, 3900, 3959, 3899, -1,
                                3959, 3958, 3899, -1, 3899, 3958, 3898, -1,
                                3901, 3960, 3900, -1, 3900, 3960, 3959, -1,
                                3898, 3957, 3897, -1, 3958, 3957, 3898, -1,
                                3902, 3961, 3901, -1, 3901, 3961, 3960, -1,
                                3957, 3956, 3897, -1, 3897, 3956, 3896, -1,
                                3902, 3962, 3961, -1, 3895, 3962, 3902, -1,
                                3956, 3955, 3896, -1, 3894, 3963, 3895, -1,
                                3895, 3963, 3962, -1, 3955, 3954, 3896, -1,
                                3896, 3954, 3908, -1, 3933, 3859, 3932, -1,
                                3932, 3859, 3860, -1, 3894, 3964, 3963, -1,
                                3954, 3953, 3908, -1, 3908, 3953, 3907, -1,
                                3894, 3965, 3964, -1, 3953, 3952, 3907, -1,
                                3907, 3952, 3906, -1, 3894, 3888, 3965, -1,
                                3888, 3966, 3965, -1, 3952, 3951, 3906, -1,
                                3951, 3905, 3906, -1, 3888, 3967, 3966, -1,
                                3951, 3950, 3905, -1, 3933, 3858, 3859, -1,
                                3934, 3858, 3933, -1, 3888, 3889, 3967, -1,
                                3967, 3889, 3968, -1, 3950, 3904, 3905, -1,
                                3949, 3904, 3950, -1, 3934, 3929, 3858, -1,
                                3889, 3890, 3968, -1, 3968, 3890, 3969, -1,
                                3929, 3857, 3858, -1, 3947, 3903, 3948, -1,
                                3948, 3903, 3949, -1, 3949, 3903, 3904, -1,
                                3890, 3891, 3969, -1, 3969, 3891, 3970, -1,
                                3970, 3882, 3940, -1, 3891, 3882, 3970, -1,
                                3857, 3930, 3856, -1, 3929, 3930, 3857, -1,
                                3940, 3883, 3941, -1, 3882, 3883, 3940, -1,
                                3903, 3877, 3911, -1, 3945, 3877, 3946, -1,
                                3946, 3877, 3947, -1, 3947, 3877, 3903, -1,
                                3941, 3884, 3942, -1, 3883, 3884, 3941, -1,
                                3945, 3887, 3877, -1, 3944, 3887, 3945, -1,
                                3942, 3885, 3943, -1, 3884, 3885, 3942, -1,
                                3943, 3886, 3944, -1, 3885, 3886, 3943, -1,
                                3944, 3886, 3887, -1, 3877, 3878, 3911, -1,
                                3911, 3878, 3910, -1, 3856, 3931, 3855, -1,
                                3930, 3931, 3856, -1, 3878, 3909, 3910, -1,
                                3878, 3879, 3909, -1, 3931, 3926, 3855, -1,
                                3855, 3926, 3854, -1, 3854, 3926, 3866, -1,
                                3862, 3869, 3861, -1, 3880, 3914, 3879, -1,
                                3879, 3914, 3909, -1, 3862, 3868, 3869, -1,
                                3926, 3927, 3866, -1, 3866, 3927, 3865, -1,
                                3880, 3913, 3914, -1, 3881, 3913, 3880, -1,
                                3927, 3928, 3865, -1, 3865, 3928, 3864, -1,
                                3862, 3923, 3868, -1, 3863, 3923, 3862, -1,
                                3868, 3923, 3867, -1, 3928, 3924, 3864, -1,
                                3864, 3925, 3863, -1, 3863, 3925, 3923, -1,
                                3924, 3925, 3864, -1, 3923, 3919, 3867, -1,
                                3867, 3919, 3876, -1, 3881, 3912, 3913, -1,
                                3870, 3912, 3881, -1, 3870, 3918, 3912, -1,
                                3871, 3918, 3870, -1, 3876, 3920, 3875, -1,
                                3919, 3920, 3876, -1, 3871, 3917, 3918, -1,
                                3872, 3917, 3871, -1, 3875, 3921, 3874, -1,
                                3920, 3921, 3875, -1, 3873, 3916, 3872, -1,
                                3872, 3916, 3917, -1, 3921, 3922, 3874, -1,
                                3873, 3915, 3916, -1, 3874, 3915, 3873, -1,
                                3922, 3915, 3874, -1, 3894, 3893, 3892, -1,
                                3894, 3892, 3888, -1, 3972, 3980, 3971, -1,
                                3971, 3980, 3973, -1, 3973, 3981, 3974, -1,
                                3980, 3981, 3973, -1, 3974, 3982, 3975, -1,
                                3981, 3982, 3974, -1, 3975, 3983, 3976, -1,
                                3982, 3983, 3975, -1, 3976, 3984, 3977, -1,
                                3983, 3984, 3976, -1, 3977, 3979, 3978, -1,
                                3984, 3979, 3977, -1, 3986, 3991, 3985, -1,
                                3985, 3991, 3987, -1, 3987, 3992, 3988, -1,
                                3991, 3992, 3987, -1, 3988, 3990, 3989, -1,
                                3992, 3990, 3988, -1, 3994, 3999, 3993, -1,
                                3993, 3999, 3995, -1, 3995, 4000, 3996, -1,
                                3999, 4000, 3995, -1, 3996, 3998, 3997, -1,
                                4000, 3998, 3996, -1, 4002, 4007, 4001, -1,
                                4001, 4007, 4003, -1, 4003, 4008, 4004, -1,
                                4007, 4008, 4003, -1, 4008, 4005, 4004, -1,
                                4008, 4006, 4005, -1, 4010, 4014, 4009, -1,
                                4009, 4014, 4011, -1, 4011, 4013, 4012, -1,
                                4014, 4013, 4011, -1, 4016, 4017, 4015, -1,
                                4016, 4018, 4017, -1, 4020, 4021, 4019, -1,
                                4020, 4026, 4021, -1, 4026, 4022, 4021, -1,
                                4026, 4027, 4022, -1, 4027, 4023, 4022, -1,
                                4027, 4028, 4023, -1, 4028, 4024, 4023, -1,
                                4028, 4025, 4024, -1, 4030, 4031, 4029, -1,
                                4030, 4036, 4031, -1, 4036, 4032, 4031, -1,
                                4036, 4037, 4032, -1, 4037, 4033, 4032, -1,
                                4037, 4038, 4033, -1, 4033, 4035, 4034, -1,
                                4038, 4035, 4033, -1, 4040, 4045, 4039, -1,
                                4039, 4045, 4041, -1, 4041, 4046, 4042, -1,
                                4045, 4046, 4041, -1, 4042, 4044, 4043, -1,
                                4046, 4044, 4042, -1, 4048, 4053, 4047, -1,
                                4047, 4053, 4049, -1, 4049, 4054, 4050, -1,
                                4053, 4054, 4049, -1, 4050, 4052, 4051, -1,
                                4054, 4052, 4050, -1, 4056, 4064, 4055, -1,
                                4055, 4064, 4057, -1, 4057, 4065, 4058, -1,
                                4064, 4065, 4057, -1, 4058, 4066, 4059, -1,
                                4065, 4066, 4058, -1, 4059, 4067, 4060, -1,
                                4066, 4067, 4059, -1, 4060, 4068, 4061, -1,
                                4067, 4068, 4060, -1, 4061, 4063, 4062, -1,
                                4068, 4063, 4061, -1, 4070, 4079, 4069, -1,
                                4069, 4079, 4071, -1, 4071, 4080, 4072, -1,
                                4079, 4080, 4071, -1, 4072, 4081, 4073, -1,
                                4080, 4081, 4072, -1, 4073, 4082, 4074, -1,
                                4081, 4082, 4073, -1, 4074, 4083, 4075, -1,
                                4082, 4083, 4074, -1, 4075, 4084, 4076, -1,
                                4083, 4084, 4075, -1, 4076, 4078, 4077, -1,
                                4084, 4078, 4076, -1, 4086, 4087, 4085, -1,
                                4088, 4087, 4086, -1, 4091, 4090, 4092, -1,
                                4091, 4089, 4090, -1, 4095, 4093, 4096, -1,
                                4096, 4093, 4094, -1, 4099, 4097, 4100, -1,
                                4100, 4097, 4098, -1, 4102, 4108, 4101, -1,
                                4101, 4108, 4103, -1, 4103, 4109, 4104, -1,
                                4108, 4109, 4103, -1, 4104, 4110, 4105, -1,
                                4109, 4110, 4104, -1, 4105, 4107, 4106, -1,
                                4110, 4107, 4105, -1, 4112, 4120, 4111, -1,
                                4111, 4120, 4113, -1, 4113, 4121, 4114, -1,
                                4120, 4121, 4113, -1, 4114, 4122, 4115, -1,
                                4121, 4122, 4114, -1, 4115, 4123, 4116, -1,
                                4122, 4123, 4115, -1, 4116, 4124, 4117, -1,
                                4123, 4124, 4116, -1, 4117, 4119, 4118, -1,
                                4124, 4119, 4117, -1, 4126, 4127, 4125, -1,
                                4126, 4133, 4127, -1, 4133, 4128, 4127, -1,
                                4133, 4134, 4128, -1, 4134, 4129, 4128, -1,
                                4134, 4135, 4129, -1, 4135, 4130, 4129, -1,
                                4135, 4136, 4130, -1, 4136, 4131, 4130, -1,
                                4136, 4132, 4131, -1, 4138, 4147, 4137, -1,
                                4137, 4147, 4139, -1, 4139, 4148, 4140, -1,
                                4147, 4148, 4139, -1, 4140, 4149, 4141, -1,
                                4148, 4149, 4140, -1, 4141, 4150, 4142, -1,
                                4149, 4150, 4141, -1, 4142, 4151, 4143, -1,
                                4150, 4151, 4142, -1, 4143, 4152, 4144, -1,
                                4151, 4152, 4143, -1, 4152, 4145, 4144, -1,
                                4152, 4146, 4145, -1, 4154, 4159, 4153, -1,
                                4153, 4159, 4155, -1, 4155, 4160, 4156, -1,
                                4159, 4160, 4155, -1, 4156, 4158, 4157, -1,
                                4160, 4158, 4156, -1, 4162, 4170, 4161, -1,
                                4161, 4170, 4163, -1, 4163, 4171, 4164, -1,
                                4170, 4171, 4163, -1, 4164, 4172, 4165, -1,
                                4171, 4172, 4164, -1, 4165, 4173, 4166, -1,
                                4172, 4173, 4165, -1, 4166, 4174, 4167, -1,
                                4173, 4174, 4166, -1, 4167, 4169, 4168, -1,
                                4174, 4169, 4167, -1, 4176, 4185, 4175, -1,
                                4175, 4185, 4177, -1, 4177, 4186, 4178, -1,
                                4185, 4186, 4177, -1, 4178, 4187, 4179, -1,
                                4186, 4187, 4178, -1, 4179, 4188, 4180, -1,
                                4187, 4188, 4179, -1, 4180, 4189, 4181, -1,
                                4188, 4189, 4180, -1, 4181, 4190, 4182, -1,
                                4189, 4190, 4181, -1, 4182, 4184, 4183, -1,
                                4190, 4184, 4182, -1, 4192, 4193, 4191, -1,
                                4194, 4193, 4192, -1, 4196, 4205, 4195, -1,
                                4195, 4205, 4197, -1, 4197, 4206, 4198, -1,
                                4205, 4206, 4197, -1, 4198, 4207, 4199, -1,
                                4206, 4207, 4198, -1, 4199, 4208, 4200, -1,
                                4207, 4208, 4199, -1, 4200, 4209, 4201, -1,
                                4208, 4209, 4200, -1, 4201, 4210, 4202, -1,
                                4209, 4210, 4201, -1, 4202, 4204, 4203, -1,
                                4210, 4204, 4202, -1, 4212, 4221, 4211, -1,
                                4211, 4221, 4213, -1, 4213, 4222, 4214, -1,
                                4221, 4222, 4213, -1, 4214, 4223, 4215, -1,
                                4222, 4223, 4214, -1, 4215, 4224, 4216, -1,
                                4223, 4224, 4215, -1, 4216, 4225, 4217, -1,
                                4224, 4225, 4216, -1, 4217, 4226, 4218, -1,
                                4225, 4226, 4217, -1, 4218, 4220, 4219, -1,
                                4226, 4220, 4218, -1, 4227, 4228, 4229, -1,
                                4229, 4228, 4230, -1, 4232, 4238, 4231, -1,
                                4231, 4238, 4233, -1, 4233, 4239, 4234, -1,
                                4238, 4239, 4233, -1, 4234, 4240, 4235, -1,
                                4239, 4240, 4234, -1, 4235, 4237, 4236, -1,
                                4240, 4237, 4235, -1, 4242, 4251, 4241, -1,
                                4241, 4251, 4243, -1, 4243, 4252, 4244, -1,
                                4251, 4252, 4243, -1, 4244, 4253, 4245, -1,
                                4252, 4253, 4244, -1, 4245, 4254, 4246, -1,
                                4253, 4254, 4245, -1, 4246, 4255, 4247, -1,
                                4254, 4255, 4246, -1, 4247, 4256, 4248, -1,
                                4255, 4256, 4247, -1, 4248, 4250, 4249, -1,
                                4256, 4250, 4248, -1, 4258, 4267, 4257, -1,
                                4257, 4267, 4259, -1, 4259, 4268, 4260, -1,
                                4267, 4268, 4259, -1, 4260, 4269, 4261, -1,
                                4268, 4269, 4260, -1, 4261, 4270, 4262, -1,
                                4269, 4270, 4261, -1, 4262, 4271, 4263, -1,
                                4270, 4271, 4262, -1, 4263, 4272, 4264, -1,
                                4271, 4272, 4263, -1, 4272, 4265, 4264, -1,
                                4272, 4266, 4265, -1, 4274, 4276, 4273, -1,
                                4276, 4275, 4273, -1, 4278, 4284, 4277, -1,
                                4277, 4284, 4279, -1, 4279, 4285, 4280, -1,
                                4284, 4285, 4279, -1, 4280, 4286, 4281, -1,
                                4285, 4286, 4280, -1, 4281, 4283, 4282, -1,
                                4286, 4283, 4281, -1, 4288, 4294, 4287, -1,
                                4287, 4294, 4289, -1, 4289, 4295, 4290, -1,
                                4294, 4295, 4289, -1, 4290, 4296, 4291, -1,
                                4295, 4296, 4290, -1, 4291, 4293, 4292, -1,
                                4296, 4293, 4291, -1, 4298, 4297, 4314, -1,
                                4298, 4314, 4315, -1, 4299, 4315, 4316, -1,
                                4299, 4298, 4315, -1, 4300, 4316, 4317, -1,
                                4300, 4299, 4316, -1, 4301, 4317, 4318, -1,
                                4301, 4300, 4317, -1, 4302, 4318, 4319, -1,
                                4302, 4301, 4318, -1, 4303, 4319, 4320, -1,
                                4303, 4302, 4319, -1, 4304, 4320, 4321, -1,
                                4304, 4303, 4320, -1, 4305, 4321, 4322, -1,
                                4305, 4304, 4321, -1, 4306, 4322, 4323, -1,
                                4306, 4305, 4322, -1, 4307, 4323, 4324, -1,
                                4307, 4306, 4323, -1, 4308, 4324, 4325, -1,
                                4308, 4307, 4324, -1, 4309, 4325, 4326, -1,
                                4309, 4308, 4325, -1, 4310, 4326, 4327, -1,
                                4310, 4309, 4326, -1, 4311, 4327, 4328, -1,
                                4311, 4310, 4327, -1, 4312, 4328, 4329, -1,
                                4312, 4311, 4328, -1, 4313, 4329, 4330, -1,
                                4313, 4312, 4329, -1, 4332, 4331, 4347, -1,
                                4332, 4347, 4348, -1, 4333, 4348, 4349, -1,
                                4333, 4332, 4348, -1, 4334, 4349, 4350, -1,
                                4334, 4333, 4349, -1, 4335, 4350, 4351, -1,
                                4335, 4334, 4350, -1, 4336, 4351, 4352, -1,
                                4336, 4335, 4351, -1, 4337, 4352, 4353, -1,
                                4337, 4336, 4352, -1, 4338, 4353, 4354, -1,
                                4338, 4337, 4353, -1, 4339, 4354, 4355, -1,
                                4339, 4338, 4354, -1, 4340, 4355, 4356, -1,
                                4340, 4339, 4355, -1, 4341, 4356, 4357, -1,
                                4341, 4340, 4356, -1, 4342, 4357, 4358, -1,
                                4342, 4341, 4357, -1, 4343, 4358, 4359, -1,
                                4343, 4342, 4358, -1, 4344, 4359, 4360, -1,
                                4344, 4343, 4359, -1, 4345, 4360, 4361, -1,
                                4345, 4344, 4360, -1, 4346, 4361, 4362, -1,
                                4346, 4345, 4361, -1, 4366, 4364, 4365, -1,
                                4367, 4363, 4366, -1, 4366, 4363, 4364, -1,
                                4370, 4371, 4369, -1, 4363, 4392, 4393, -1,
                                4367, 4392, 4363, -1, 4372, 4373, 4371, -1,
                                4368, 4391, 4367, -1, 4367, 4391, 4392, -1,
                                4371, 4374, 4369, -1, 4373, 4374, 4371, -1,
                                4369, 4375, 4368, -1, 4368, 4375, 4391, -1,
                                4374, 4375, 4369, -1, 4389, 4387, 4388, -1,
                                4390, 4387, 4389, -1, 4378, 4379, 4377, -1,
                                4390, 4386, 4387, -1, 4379, 4380, 4377, -1,
                                4377, 4381, 4376, -1, 4380, 4381, 4377, -1,
                                4386, 4384, 4385, -1, 4376, 4382, 4375, -1,
                                4391, 4382, 4390, -1, 4375, 4382, 4391, -1,
                                4390, 4382, 4386, -1, 4381, 4382, 4376, -1,
                                4386, 4383, 4384, -1, 4382, 4383, 4386, -1 ]
                            colorIndex [ 0, 0, 0, 0, 0, 0, 0, 0,
                                0, 0, 0, 0, 0, 0, 0, 0,
                                0, 0, 0, 0, 0, 0, 0, 0,
                                0, 0, 1, 1, 1, 1, 1, 1,
                                1, 1, 1, 1, 1, 1, 1, 1,
                                1, 1, 1, 1, 1, 1, 1, 1,
                                1, 1, 1, 1, 2, 2, 2, 2,
                                2, 2, 2, 2, 2, 2, 2, 2,
                                2, 2, 2, 2, 2, 2, 2, 2,
                                2, 2, 2, 2, 2, 2, 3, 3,
                                3, 3, 3, 3, 3, 3, 3, 3,
                                3, 3, 3, 3, 3, 3, 3, 3,
                                3, 3, 3, 3, 3, 3, 3, 3,
                                4, 4, 4, 4, 4, 4, 4, 4,
                                4, 4, 4, 4, 4, 4, 4, 4,
                                4, 4, 4, 4, 4, 4, 4, 4,
                                4, 4, 4, 4, 4, 4, 4, 4,
                                4, 4, 4, 4, 4, 4, 4, 4,
                                4, 4, 4, 4, 4, 4, 4, 4,
                                4, 4, 4, 4, 4, 4, 4, 4,
                                4, 4, 4, 4, 4, 4, 4, 4,
                                4, 4, 4, 4, 4, 4, 4, 4,
                                4, 4, 4, 4, 4, 4, 4, 4,
                                4, 4, 4, 4, 4, 4, 4, 4,
                                4, 4, 4, 4, 4, 4, 4, 4,
                                4, 4, 4, 4, 4, 4, 4, 4,
                                4, 4, 4, 4, 4, 4, 4, 4,
                                4, 4, 4, 4, 4, 4, 4, 4,
                                4, 4, 4, 4, 4, 4, 4, 4,
                                4, 4, 4, 4, 4, 4, 4, 4,
                                4, 4, 4, 4, 4, 4, 4, 4,
                                4, 4, 4, 4, 4, 4, 4, 4,
                                4, 4, 4, 4, 4, 4, 4, 4,
                                4, 4, 4, 4, 4, 4, 4, 4,
                                4, 4, 4, 4, 4, 4, 4, 4,
                                4, 4, 4, 4, 4, 4, 4, 4,
                                4, 4, 4, 4, 4, 4, 4, 4,
                                4, 4, 4, 4, 4, 4, 4, 4,
                                4, 4, 4, 4, 4, 4, 4, 4,
                                4, 4, 4, 4, 4, 4, 4, 4,
                                4, 4, 4, 4, 4, 4, 4, 4,
                                4, 4, 4, 4, 4, 4, 4, 4,
                                4, 4, 4, 4, 4, 4, 4, 4,
                                4, 4, 4, 4, 4, 4, 4, 4,
                                4, 4, 4, 4, 4, 4, 4, 4,
                                4, 4, 4, 4, 4, 4, 4, 4,
                                4, 4, 4, 4, 4, 4, 4, 4,
                                4, 4, 4, 4, 4, 4, 4, 4,
                                4, 4, 4, 4, 4, 4, 4, 4,
                                4, 4, 4, 4, 4, 4, 4, 4,
                                4, 4, 4, 4, 4, 4, 4, 4,
                                4, 4, 4, 4, 4, 4, 4, 4,
                                4, 4, 4, 4, 4, 4, 4, 4,
                                4, 4, 4, 4, 4, 4, 4, 4,
                                4, 4, 4, 4, 4, 4, 4, 4,
                                4, 4, 4, 4, 4, 4, 4, 4,
                                4, 4, 4, 4, 4, 4, 4, 4,
                                4, 4, 4, 4, 4, 4, 4, 4,
                                4, 4, 4, 4, 4, 4, 4, 4,
                                4, 4, 4, 4, 4, 4, 4, 4,
                                4, 4, 4, 4, 4, 4, 4, 4,
                                4, 4, 4, 4, 4, 4, 4, 4,
                                4, 4, 4, 4, 4, 4, 4, 4,
                                4, 4, 4, 4, 4, 4, 4, 4,
                                4, 4, 4, 4, 4, 4, 4, 4,
                                4, 4, 4, 4, 4, 4, 4, 4,
                                4, 4, 4, 4, 4, 4, 4, 4,
                                4, 4, 4, 4, 4, 4, 4, 4,
                                4, 4, 4, 4, 4, 4, 4, 4,
                                4, 4, 4, 5, 5, 5, 5, 5,
                                5, 5, 5, 5, 5, 5, 5, 5,
                                5, 5, 5, 5, 5, 5, 5, 5,
                                5, 5, 5, 5, 5, 5, 5, 5,
                                5, 5, 5, 5, 5, 5, 5, 5,
                                5, 5, 5, 5, 5, 5, 5, 5,
                                5, 5, 5, 5, 5, 5, 5, 5,
                                5, 5, 5, 5, 5, 5, 5, 5,
                                5, 5, 5, 5, 5, 6, 6, 6,
                                6, 6, 6, 6, 6, 7, 7, 8,
                                8, 8, 8, 8, 8, 8, 8, 8,
                                8, 8, 8, 8, 8, 8, 8, 8,
                                8, 8, 8, 8, 8, 8, 8, 8,
                                8, 8, 8, 8, 8, 8, 8, 8,
                                8, 8, 8, 8, 8, 8, 8, 8,
                                8, 8, 8, 8, 8, 9, 9, 10,
                                10, 11, 11, 11, 11, 11, 11, 11,
                                11, 11, 11, 11, 11, 11, 11, 11,
                                11, 11, 11, 11, 11, 11, 11, 11,
                                11, 11, 11, 11, 11, 11, 11, 11,
                                11, 11, 11, 11, 11, 11, 11, 11,
                                11, 11, 11, 11, 11, 11, 11, 12,
                                12, 13, 13, 14, 14, 15, 15, 15,
                                15, 15, 15, 15, 15, 15, 15, 15,
                                15, 15, 15, 15, 15, 15, 15, 15,
                                15, 15, 15, 15, 15, 15, 15, 15,
                                15, 15, 15, 15, 15, 15, 15, 15,
                                15, 15, 15, 15, 15, 15, 15, 15,
                                15, 15, 15, 15, 15, 15, 15, 15,
                                15, 15, 15, 15, 15, 15, 15, 15,
                                15, 15, 15, 15, 15, 15, 15, 15,
                                15, 15, 15, 15, 15, 15, 15, 15,
                                15, 15, 15, 16, 16, 17, 17, 18,
                                18, 18, 18, 18, 18, 18, 18, 18,
                                18, 18, 18, 18, 18, 18, 18, 18,
                                18, 18, 18, 18, 18, 18, 18, 18,
                                18, 18, 18, 18, 18, 18, 18, 18,
                                18, 18, 18, 18, 18, 18, 18, 18,
                                18, 18, 18, 18, 18, 18, 18, 18,
                                18, 18, 18, 18, 18, 18, 18, 18,
                                18, 18, 18, 18, 18, 18, 18, 18,
                                18, 18, 18, 18, 18, 18, 18, 18,
                                18, 18, 18, 18, 18, 19, 19, 20,
                                20, 20, 20, 20, 20, 21, 21, 21,
                                21, 21, 21, 22, 22, 22, 22, 22,
                                22, 23, 23, 23, 23, 23, 23, 24,
                                24, 24, 24, 24, 24, 25, 25, 25,
                                25, 25, 25, 26, 26, 27, 27, 28,
                                28, 29, 29, 30, 30, 31, 31, 32,
                                32, 33, 33, 34, 34, 35, 35, 36,
                                36, 37, 37, 38, 38, 39, 39, 40,
                                40, 41, 41, 42, 42, 43, 43, 44,
                                44, 45, 45, 46, 46, 47, 47, 48,
                                48, 49, 49, 50, 50, 51, 51, 52,
                                52, 53, 53, 54, 54, 54, 54, 54,
                                54, 54, 54, 54, 54, 54, 54, 54,
                                54, 54, 54, 54, 54, 54, 54, 54,
                                54, 54, 54, 54, 54, 54, 54, 54,
                                54, 54, 54, 54, 54, 54, 54, 54,
                                54, 54, 54, 54, 54, 54, 54, 54,
                                54, 54, 54, 54, 54, 54, 54, 54,
                                54, 54, 54, 54, 54, 54, 54, 54,
                                54, 54, 54, 54, 54, 54, 54, 54,
                                54, 54, 54, 54, 54, 54, 54, 54,
                                54, 54, 54, 54, 54, 54, 54, 54,
                                54, 54, 54, 54, 54, 54, 54, 54,
                                54, 54, 54, 54, 54, 55, 55, 56,
                                56, 57, 57, 57, 57, 57, 57, 57,
                                57, 57, 57, 57, 57, 57, 57, 58,
                                58, 59, 59, 59, 59, 59, 59, 59,
                                59, 59, 59, 59, 59, 59, 59, 60,
                                60, 61, 61, 61, 61, 61, 61, 61,
                                61, 61, 61, 61, 61, 61, 61, 62,
                                62, 63, 63, 63, 63, 63, 63, 63,
                                63, 63, 63, 63, 63, 63, 63, 64,
                                64, 65, 65, 65, 65, 65, 65, 66,
                                66, 67, 67, 68, 68, 69, 69, 70,
                                70, 71, 71, 72, 72, 73, 73, 74,
                                74, 75, 75, 75, 75, 75, 75, 75,
                                75, 75, 75, 75, 75, 75, 75, 76,
                                76, 77, 77, 77, 77, 77, 77, 77,
                                77, 77, 77, 77, 77, 77, 77, 78,
                                78, 79, 79, 79, 79, 79, 79, 79,
                                79, 79, 79, 79, 79, 79, 79, 80,
                                80, 81, 81, 81, 81, 81, 81, 81,
                                81, 81, 81, 81, 81, 81, 81, 82,
                                82, 83, 83, 83, 83, 83, 83, 84,
                                84, 85, 85, 86, 86, 87, 87, 88,
                                88, 89, 89, 90, 90, 91, 91, 92,
                                92, 93, 93, 94, 94, 95, 95, 96,
                                96, 97, 97, 98, 98, 99, 99, 100,
                                100, 101, 101, 101, 101, 101, 101, 101,
                                101, 101, 101, 101, 101, 101, 101, 101,
                                101, 101, 101, 101, 101, 101, 101, 101,
                                101, 101, 101, 102, 102, 102, 102, 102,
                                102, 102, 102, 102, 102, 102, 102, 102,
                                102, 102, 102, 102, 102, 102, 102, 102,
                                102, 102, 102, 102, 102, 102, 102, 102,
                                102, 103, 103, 103, 103, 103, 103, 103,
                                103, 103, 103, 103, 103, 103, 103, 103,
                                103, 103, 103, 103, 103, 103, 103, 103,
                                103, 103, 103, 104, 104, 104, 104, 104,
                                104, 104, 104, 104, 104, 104, 104, 104,
                                104, 104, 104, 104, 104, 104, 104, 104,
                                104, 104, 104, 104, 104, 104, 104, 104,
                                104, 105, 105, 105, 105, 105, 105, 105,
                                105, 105, 105, 105, 105, 105, 105, 105,
                                105, 105, 105, 105, 105, 105, 105, 105,
                                105, 105, 105, 106, 106, 106, 106, 106,
                                106, 106, 106, 106, 106, 106, 106, 106,
                                106, 106, 106, 106, 106, 106, 106, 106,
                                106, 106, 106, 106, 106, 106, 106, 106,
                                106, 107, 107, 107, 107, 107, 107, 107,
                                107, 107, 107, 107, 107, 107, 107, 107,
                                107, 107, 107, 107, 107, 107, 107, 107,
                                107, 107, 107, 108, 108, 108, 108, 108,
                                108, 108, 108, 108, 108, 108, 108, 108,
                                108, 108, 108, 108, 108, 108, 108, 108,
                                108, 108, 108, 108, 108, 108, 108, 108,
                                108, 109, 109, 109, 109, 109, 109, 110,
                                110, 111, 111, 112, 112, 112, 112, 112,
                                112, 113, 113, 114, 114, 115, 115, 116,
                                116, 117, 117, 118, 118, 119, 119, 120,
                                120, 120, 120, 120, 120, 120, 120, 120,
                                120, 120, 120, 120, 120, 120, 120, 121,
                                121, 121, 121, 121, 121, 121, 121, 121,
                                121, 121, 121, 121, 121, 121, 121, 122,
                                122, 123, 123, 124, 124, 125, 125, 125,
                                125, 125, 125, 125, 125, 125, 125, 125,
                                125, 125, 125, 126, 126, 126, 126, 126,
                                126, 126, 126, 126, 126, 126, 126, 126,
                                126, 127, 127, 128, 128, 129, 129, 130,
                                130, 131, 131, 132, 132, 132, 132, 132,
                                132, 132, 132, 132, 132, 133, 133, 134,
                                134, 135, 135, 136, 136, 136, 136, 136,
                                136, 136, 136, 136, 136, 136, 136, 136,
                                136, 137, 137, 138, 138, 138, 138, 138,
                                138, 138, 138, 138, 138, 138, 138, 138,
                                138, 138, 138, 139, 139, 139, 139, 139,
                                139, 139, 139, 139, 139, 139, 139, 139,
                                139, 139, 139, 140, 140, 141, 141, 142,
                                142, 143, 143, 144, 144, 145, 145, 146,
                                146, 147, 147, 148, 148, 149, 149, 150,
                                150, 151, 151, 152, 152, 153, 153, 154,
                                154, 155, 155, 156, 156, 157, 157, 158,
                                158, 159, 159, 160, 160, 161, 161, 161,
                                161, 161, 161, 161, 161, 161, 161, 161,
                                161, 161, 161, 161, 161, 162, 162, 162,
                                162, 162, 162, 162, 162, 162, 162, 162,
                                162, 162, 162, 162, 162, 163, 163, 164,
                                164, 165, 165, 166, 166, 166, 166, 166,
                                166, 166, 166, 166, 166, 166, 166, 166,
                                166, 167, 167, 167, 167, 167, 167, 167,
                                167, 167, 167, 167, 167, 167, 167, 168,
                                168, 169, 169, 170, 170, 171, 171, 172,
                                172, 173, 173, 173, 173, 173, 173, 173,
                                173, 173, 173, 174, 174, 175, 175, 176,
                                176, 177, 177, 177, 177, 177, 177, 177,
                                177, 177, 177, 177, 177, 177, 177, 178,
                                178, 179, 179, 179, 179, 179, 179, 179,
                                179, 179, 179, 179, 179, 179, 179, 179,
                                179, 180, 180, 180, 180, 180, 180, 180,
                                180, 180, 180, 180, 180, 180, 180, 180,
                                180, 181, 181, 182, 182, 183, 183, 184,
                                184, 185, 185, 186, 186, 187, 187, 188,
                                188, 189, 189, 190, 190, 191, 191, 192,
                                192, 193, 193, 194, 194, 195, 195, 196,
                                196, 197, 197, 198, 198, 199, 199, 200,
                                200, 201, 201, 202, 202, 203, 203, 204,
                                204, 205, 205, 206, 206, 207, 207, 208,
                                208, 209, 209, 210, 210, 211, 211, 212,
                                212, 213, 213, 214, 214, 215, 215, 216,
                                216, 217, 217, 217, 217, 218, 218, 218,
                                218, 218, 218, 219, 219, 220, 220, 220,
                                220, 220, 220, 221, 221, 221, 221, 221,
                                221, 221, 221, 222, 222, 222, 222, 222,
                                222, 222, 222, 223, 223, 223, 223, 223,
                                223, 223, 223, 224, 224, 224, 224, 224,
                                224, 224, 224, 225, 225, 225, 225, 225,
                                225, 226, 226, 227, 227, 227, 227, 227,
                                227, 228, 228, 228, 228, 228, 228, 228,
                                228, 229, 229, 229, 229, 229, 229, 229,
                                229, 230, 230, 230, 230, 230, 230, 230,
                                230, 231, 231, 231, 231, 231, 231, 231,
                                231, 232, 232, 232, 232, 232, 232, 232,
                                232, 232, 232, 232, 232, 232, 232, 232,
                                232, 232, 232, 232, 232, 232, 232, 232,
                                232, 232, 232, 232, 232, 232, 232, 232,
                                232, 232, 232, 232, 232, 232, 232, 232,
                                232, 232, 232, 232, 232, 233, 233, 234,
                                234, 235, 235, 236, 236, 237, 237, 238,
                                238, 239, 239, 240, 240, 241, 241, 242,
                                242, 243, 243, 244, 244, 245, 245, 245,
                                245, 245, 245, 245, 245, 245, 245, 246,
                                246, 246, 246, 246, 246, 246, 246, 246,
                                246, 246, 246, 246, 246, 246, 246, 246,
                                246, 246, 246, 246, 246, 246, 246, 246,
                                246, 246, 246, 246, 246, 246, 246, 246,
                                246, 246, 246, 246, 246, 247, 247, 248,
                                248, 248, 248, 248, 248, 248, 248, 249,
                                249, 249, 249, 249, 249, 249, 249, 250,
                                250, 250, 250, 250, 250, 250, 250, 251,
                                251, 251, 251, 251, 251, 251, 251, 252,
                                252, 253, 253, 254, 254, 255, 255, 256,
                                256, 257, 257, 257, 257, 257, 257, 257,
                                257, 258, 258, 258, 258, 258, 258, 258,
                                258, 259, 259, 259, 259, 259, 259, 259,
                                259, 260, 260, 260, 260, 260, 260, 260,
                                260, 261, 261, 261, 261, 261, 261, 261,
                                261, 261, 261, 261, 261, 261, 261, 261,
                                261, 261, 262, 262, 262, 262, 262, 262,
                                262, 262, 262, 262, 262, 262, 262, 262,
                                263, 263, 264, 264, 265, 265, 266, 266,
                                267, 267, 268, 268, 269, 269, 270, 270,
                                271, 271, 272, 272, 273, 273, 274, 274,
                                275, 275, 276, 276, 277, 277, 277, 277,
                                278, 278, 279, 279, 280, 280, 281, 281,
                                282, 282, 283, 283, 284, 284, 285, 285,
                                286, 286, 287, 287, 288, 288, 289, 289,
                                290, 290, 290, 290, 290, 290, 290, 290,
                                290, 290, 291, 291, 291, 291, 291, 291,
                                291, 291, 291, 291, 291, 291, 291, 291,
                                291, 291, 291, 291, 291, 291, 291, 291,
                                291, 291, 291, 291, 291, 291, 291, 291,
                                291, 291, 291, 291, 291, 291, 291, 291,
                                291, 291, 291, 291, 291, 291, 291, 291,
                                291, 291, 291, 291, 291, 291, 291, 291,
                                291, 291, 291, 291, 291, 291, 291, 291,
                                291, 291, 291, 291, 291, 291, 291, 291,
                                291, 291, 291, 291, 292, 292, 292, 292,
                                292, 292, 293, 293, 294, 294, 294, 294,
                                294, 294, 295, 295, 295, 295, 295, 295,
                                295, 295, 295, 295, 295, 295, 295, 295,
                                295, 295, 296, 296, 297, 297, 297, 297,
                                297, 297, 297, 297, 297, 297, 297, 297,
                                297, 297, 298, 298, 298, 298, 298, 298,
                                298, 298, 299, 299, 299, 299, 299, 299,
                                299, 299, 300, 300, 300, 300, 300, 300,
                                300, 300, 300, 300, 301, 301, 302, 302,
                                303, 303, 304, 304, 305, 305, 305, 305,
                                305, 305, 305, 305, 305, 305, 305, 305,
                                305, 305, 305, 305, 306, 306, 306, 306,
                                306, 306, 306, 306, 307, 307, 307, 307,
                                307, 307, 307, 307, 308, 308, 308, 308,
                                308, 308, 308, 308, 309, 309, 309, 309,
                                309, 309, 309, 309, 310, 310, 310, 310,
                                310, 310, 310, 310, 311, 311, 311, 311,
                                311, 311, 311, 311, 312, 312, 313, 313,
                                314, 314, 314, 314, 314, 314, 314, 314,
                                314, 314, 314, 314, 314, 314, 314, 314,
                                314, 314, 314, 314, 314, 314, 314, 314,
                                315, 315, 315, 315, 315, 315, 316, 316,
                                317, 317, 317, 317, 317, 317, 318, 318,
                                318, 318, 318, 318, 319, 319, 319, 319,
                                319, 319, 319, 319, 319, 319, 320, 320,
                                320, 320, 320, 320, 320, 320, 321, 321,
                                321, 321, 321, 321, 322, 322, 322, 322,
                                323, 323, 323, 323, 323, 323, 323, 323,
                                323, 323, 324, 324, 324, 324, 324, 324,
                                324, 324, 324, 324, 325, 325, 325, 325,
                                325, 325, 326, 326, 326, 326, 326, 326,
                                327, 327, 328, 328, 328, 328, 328, 328,
                                329, 329, 329, 329, 329, 329, 330, 330,
                                330, 330, 330, 330, 330, 330, 330, 330,
                                331, 331, 331, 331, 331, 331, 332, 332,
                                332, 332, 332, 332, 333, 333, 333, 333,
                                334, 334, 334, 334, 334, 334, 334, 334,
                                334, 334, 335, 335, 335, 335, 335, 335,
                                335, 335, 335, 335, 335, 335, 335, 335,
                                335, 335, 335, 335, 336, 336, 336, 336,
                                336, 336, 336, 336, 336, 336, 336, 336,
                                336, 336, 336, 336, 336, 336, 336, 336,
                                336, 336, 336, 336, 336, 336, 336, 336,
                                336, 336, 336, 336, 336, 336, 336, 336,
                                336, 336, 336, 336, 336, 336, 336, 336,
                                336, 336, 336, 336, 336, 336, 336, 336,
                                336, 336, 336, 336, 336, 336, 336, 336,
                                336, 336, 336, 336, 336, 336, 336, 336,
                                336, 336, 336, 336, 337, 337, 338, 338,
                                339, 339, 340, 340, 341, 341, 342, 342,
                                343, 343, 344, 344, 345, 345, 346, 346,
                                346, 346, 346, 346, 346, 346, 346, 346,
                                346, 346, 347, 347, 347, 347, 347, 347,
                                348, 348, 349, 349, 349, 349, 350, 350,
                                350, 350, 350, 350, 350, 350, 350, 350,
                                350, 350, 350, 350, 351, 351, 352, 352,
                                352, 352, 352, 352, 352, 352, 352, 352,
                                352, 352, 352, 352, 352, 352, 352, 352,
                                352, 352, 352, 352, 352, 352, 352, 352,
                                352, 353, 353, 354, 354, 355, 355, 356,
                                356, 357, 357, 358, 358, 359, 359, 360,
                                360, 361, 361, 362, 362, 363, 363, 364,
                                364, 365, 365, 365, 365, 365, 365, 365,
                                365, 365, 365, 366, 366, 366, 366, 366,
                                366, 366, 366, 366, 366, 366, 366, 366,
                                366, 366, 366, 366, 366, 366, 366, 366,
                                366, 366, 366, 366, 366, 366, 366, 366,
                                366, 366, 366, 366, 366, 366, 366, 366,
                                366, 367, 367, 368, 368, 368, 368, 368,
                                368, 368, 368, 369, 369, 369, 369, 369,
                                369, 369, 369, 370, 370, 370, 370, 370,
                                370, 370, 370, 371, 371, 371, 371, 371,
                                371, 371, 371, 372, 372, 373, 373, 374,
                                374, 375, 375, 376, 376, 377, 377, 377,
                                377, 377, 377, 377, 377, 378, 378, 378,
                                378, 378, 378, 378, 378, 379, 379, 379,
                                379, 379, 379, 379, 379, 380, 380, 380,
                                380, 380, 380, 380, 380, 381, 381, 381,
                                381, 381, 381, 381, 381, 381, 381, 381,
                                381, 381, 381, 381, 381, 381, 382, 382,
                                382, 382, 382, 382, 382, 382, 382, 382,
                                382, 382, 382, 382, 383, 383, 384, 384,
                                385, 385, 386, 386, 387, 387, 388, 388,
                                389, 389, 390, 390, 391, 391, 392, 392,
                                393, 393, 394, 394, 395, 395, 396, 396,
                                397, 397, 397, 397, 398, 398, 398, 398,
                                398, 398, 398, 398, 398, 398, 398, 398,
                                398, 398, 398, 398, 398, 398, 398, 398,
                                398, 398, 398, 398, 398, 398, 398, 398,
                                398, 398, 398, 398, 398, 398, 398, 398,
                                398, 398, 398, 398, 398, 398, 398, 398,
                                398, 398, 398, 398, 398, 398, 398, 398,
                                398, 398, 398, 398, 398, 398, 398, 398,
                                398, 398, 398, 398, 398, 398, 398, 398,
                                398, 398, 398, 398, 398, 398, 398, 398,
                                398, 398, 398, 398, 398, 398, 398, 398,
                                398, 398, 398, 398, 398, 398, 398, 398,
                                398, 398, 398, 398, 398, 398, 398, 398,
                                398, 398, 398, 398, 398, 398, 398, 398,
                                398, 398, 398, 398, 398, 398, 398, 398,
                                398, 398, 398, 398, 398, 398, 398, 398,
                                398, 398, 398, 398, 398, 398, 398, 398,
                                398, 398, 398, 398, 398, 398, 398, 398,
                                398, 398, 398, 398, 398, 398, 398, 398,
                                398, 398, 398, 398, 398, 398, 398, 398,
                                398, 398, 398, 398, 398, 399, 399, 399,
                                399, 399, 399, 399, 399, 399, 399, 399,
                                399, 400, 400, 400, 400, 400, 400, 401,
                                401, 401, 401, 401, 401, 402, 402, 402,
                                402, 402, 402, 403, 403, 403, 403, 404,
                                404, 405, 405, 405, 405, 405, 405, 405,
                                405, 406, 406, 406, 406, 406, 406, 406,
                                406, 407, 407, 407, 407, 407, 407, 408,
                                408, 408, 408, 408, 408, 409, 409, 409,
                                409, 409, 409, 409, 409, 409, 409, 409,
                                409, 410, 410, 410, 410, 410, 410, 410,
                                410, 410, 410, 410, 410, 410, 410, 411,
                                411, 412, 412, 413, 413, 414, 414, 415,
                                415, 415, 415, 415, 415, 415, 415, 416,
                                416, 416, 416, 416, 416, 416, 416, 416,
                                416, 416, 416, 417, 417, 417, 417, 417,
                                417, 417, 417, 417, 417, 418, 418, 418,
                                418, 418, 418, 418, 418, 418, 418, 418,
                                418, 418, 418, 419, 419, 419, 419, 419,
                                419, 420, 420, 420, 420, 420, 420, 420,
                                420, 420, 420, 420, 420, 421, 421, 421,
                                421, 421, 421, 421, 421, 421, 421, 421,
                                421, 421, 421, 422, 422, 423, 423, 423,
                                423, 423, 423, 423, 423, 423, 423, 423,
                                423, 423, 423, 424, 424, 424, 424, 424,
                                424, 424, 424, 424, 424, 424, 424, 424,
                                424, 425, 425, 426, 426, 426, 426, 426,
                                426, 426, 426, 427, 427, 427, 427, 427,
                                427, 427, 427, 427, 427, 427, 427, 427,
                                427, 428, 428, 428, 428, 428, 428, 428,
                                428, 428, 428, 428, 428, 428, 428, 429,
                                429, 430, 430, 430, 430, 430, 430, 430,
                                430, 431, 431, 431, 431, 431, 431, 431,
                                431, 432, 432, 432, 432, 432, 432, 432,
                                432, 432, 432, 432, 432, 432, 432, 432,
                                432, 432, 432, 432, 432, 432, 432, 432,
                                432, 432, 432, 432, 432, 432, 432, 432,
                                432, 433, 433, 433, 433, 433, 433, 433,
                                433, 433, 433, 433, 433, 433, 433, 433,
                                433, 433, 433, 433, 433, 433, 433, 433,
                                433, 433, 433, 433, 433, 433, 433, 434,
                                434, 434, 434, 434, 434, 434, 434, 434,
                                434, 434, 434, 434, 434, 434, 434, 434,
                                434, 434, 434, 434, 434, 434, 434, 434,
                                434, 434, 434, 434 ]
                            ccw TRUE
                            solid FALSE
                            convex TRUE
                            creaseAngle 0

                          }

                        }

                    },
                      
                    DEF o19 Group {
                      children 
                        DEF o20 Shape {
                          appearance 
                          Appearance {
                            material 
                            Material {
                              diffuseColor 0.098039217 0.098039217 0.098039217
                              shininess 1

                            }

                          }
                          geometry 
                          IndexedLineSet {
                            coord 
                            USE o6
                            coordIndex [ 0, 1, 2, 3, 4, 5, 6, 7,
                                8, 9, 10, 11, 12, 13, -1, 0,
                                14, -1, 14, 15, 16, 17, 18, 19,
                                20, 21, 22, 23, 24, 25, 26, 27,
                                -1, 13, 27, -1, 28, 29, 30, 31,
                                32, 33, 34, 35, 36, 37, 38, 39,
                                40, 41, -1, 28, 42, -1, 42, 43,
                                44, 45, 46, 47, 48, 49, 50, 51,
                                52, 53, 54, 55, -1, 41, 55, -1,
                                56, 57, 58, 59, 60, 61, 62, 63,
                                64, 65, 66, 67, 68, 69, -1, 56,
                                70, -1, 70, 71, 72, 73, 74, 75,
                                76, 77, 78, 79, 80, 81, 82, 83,
                                -1, 69, 83, -1, 84, 85, 86, 87,
                                88, 89, 90, 91, 92, 93, 94, 95,
                                96, 97, -1, 84, 98, -1, 98, 99,
                                100, 101, 102, 103, 104, 105, 106, 107,
                                108, 109, 110, 111, -1, 97, 111, -1,
                                144, 116, -1, 143, 144, -1, 136, 137,
                                138, 139, 140, 141, 142, 143, -1, 134,
                                135, 136, -1, 133, 134, -1, 130, 131,
                                132, 133, -1, 124, 125, 126, 127, 128,
                                129, 130, -1, 123, 124, -1, 122, 123,
                                -1, 121, 122, -1, 120, 121, -1, 119,
                                120, -1, 118, 119, -1, 117, 118, -1,
                                116, 117, -1, 190, 191, 192, 145, -1,
                                182, 183, 184, 185, 186, 187, 188, 189,
                                190, -1, 181, 182, -1, 180, 181, -1,
                                179, 180, -1, 178, 179, -1, 173, 174,
                                175, 176, 177, 178, -1, 169, 170, 171,
                                172, 173, -1, 165, 166, 167, 168, 169,
                                -1, 158, 159, 160, 161, 162, 163, 164,
                                165, -1, 157, 158, -1, 149, 150, 151,
                                152, 153, 154, 155, 156, 157, -1, 146,
                                147, 148, 149, -1, 145, 146, -1, 204,
                                193, -1, 203, 204, -1, 202, 203, -1,
                                201, 202, -1, 200, 201, -1, 199, 200,
                                -1, 198, 199, -1, 197, 198, -1, 196,
                                197, -1, 195, 196, -1, 194, 195, -1,
                                193, 194, -1, 248, 249, 250, 205, -1,
                                244, 245, 246, 247, 248, -1, 240, 241,
                                242, 243, 244, -1, 236, 237, 238, 239,
                                240, -1, 232, 233, 234, 235, 236, -1,
                                229, 230, 231, 232, -1, 228, 229, -1,
                                225, 226, 227, 228, -1, 221, 222, 223,
                                224, 225, -1, 217, 218, 219, 220, 221,
                                -1, 213, 214, 215, 216, 217, -1, 209,
                                210, 211, 212, 213, -1, 206, 207, 208,
                                209, -1, 205, 206, -1, 112, 115, -1,
                                115, 114, -1, 113, 114, -1, 112, 113,
                                -1, 256, 251, -1, 255, 256, -1, 254,
                                255, -1, 253, 254, -1, 252, 253, -1,
                                251, 252, -1, 268, 257, -1, 267, 268,
                                -1, 266, 267, -1, 265, 266, -1, 264,
                                265, -1, 263, 264, -1, 262, 263, -1,
                                261, 262, -1, 260, 261, -1, 259, 260,
                                -1, 258, 259, -1, 257, 258, -1, 287,
                                269, -1, 286, 287, -1, 285, 286, -1,
                                281, 282, 283, 284, 285, -1, 277, 278,
                                279, 280, 281, -1, 273, 274, 275, 276,
                                277, -1, 269, 270, 271, 272, 273, -1,
                                295, 288, -1, 294, 295, -1, 293, 294,
                                -1, 292, 293, -1, 291, 292, -1, 290,
                                291, -1, 289, 290, -1, 288, 289, -1,
                                367, 368, 369, 296, -1, 358, 359, 360,
                                361, 362, 363, 364, 365, 366, 367, -1,
                                353, 354, 355, 356, 357, 358, -1, 351,
                                352, 353, -1, 348, 349, 350, 351, -1,
                                345, 346, 347, 348, -1, 340, 341, 342,
                                343, 344, 345, -1, 337, 338, 339, 340,
                                -1, 334, 335, 336, 337, -1, 333, 334,
                                -1, 330, 331, 332, 333, -1, 327, 328,
                                329, 330, -1, 322, 323, 324, 325, 326,
                                327, -1, 317, 318, 319, 320, 321, 322,
                                -1, 315, 316, 317, -1, 312, 313, 314,
                                315, -1, 308, 309, 310, 311, 312, -1,
                                303, 304, 305, 306, 307, 308, -1, 300,
                                301, 302, 303, -1, 297, 298, 299, 300,
                                -1, 296, 297, -1, 381, 370, -1, 380,
                                381, -1, 379, 380, -1, 378, 379, -1,
                                377, 378, -1, 376, 377, -1, 375, 376,
                                -1, 374, 375, -1, 373, 374, -1, 372,
                                373, -1, 371, 372, -1, 370, 371, -1,
                                400, 382, -1, 399, 400, -1, 398, 399,
                                -1, 394, 395, 396, 397, 398, -1, 390,
                                391, 392, 393, 394, -1, 386, 387, 388,
                                389, 390, -1, 382, 383, 384, 385, 386,
                                -1, 408, 401, -1, 407, 408, -1, 406,
                                407, -1, 405, 406, -1, 404, 405, -1,
                                403, 404, -1, 402, 403, -1, 401, 402,
                                -1, 533, 534, 535, 536, 537, 538, 409,
                                -1, 529, 530, 531, 532, 533, -1, 525,
                                526, 527, 528, 529, -1, 524, 525, -1,
                                517, 518, 519, 520, 521, 522, 523, 524,
                                -1, 510, 511, 512, 513, 514, 515, 516,
                                517, -1, 506, 507, 508, 509, 510, -1,
                                505, 506, -1, 498, 499, 500, 501, 502,
                                503, 504, 505, -1, 491, 492, 493, 494,
                                495, 496, 497, 498, -1, 490, 491, -1,
                                483, 484, 485, 486, 487, 488, 489, 490,
                                -1, 477, 478, 479, 480, 481, 482, 483,
                                -1, 474, 475, 476, 477, -1, 467, 468,
                                469, 470, 471, 472, 473, 474, -1, 462,
                                463, 464, 465, 466, 467, -1, 456, 457,
                                458, 459, 460, 461, 462, -1, 452, 453,
                                454, 455, 456, -1, 451, 452, -1, 450,
                                451, -1, 449, 450, -1, 448, 449, -1,
                                441, 442, 443, 444, 445, 446, 447, 448,
                                -1, 435, 436, 437, 438, 439, 440, 441,
                                -1, 432, 433, 434, 435, -1, 429, 430,
                                431, 432, -1, 425, 426, 427, 428, 429,
                                -1, 421, 422, 423, 424, 425, -1, 420,
                                421, -1, 418, 419, 420, -1, 415, 416,
                                417, 418, -1, 412, 413, 414, 415, -1,
                                409, 410, 411, 412, -1, 540, 550, -1,
                                548, 549, -1, 548, 547, -1, 547, 546,
                                -1, 545, 546, -1, 544, 545, -1, 544,
                                543, -1, 543, 542, -1, 541, 542, -1,
                                539, 541, -1, 539, 540, -1, 604, 551,
                                -1, 603, 604, -1, 602, 603, -1, 601,
                                602, -1, 600, 601, -1, 600, 599, -1,
                                599, 598, -1, 597, 598, -1, 596, 597,
                                -1, 595, 596, -1, 594, 595, -1, 593,
                                594, -1, 592, 593, -1, 591, 592, -1,
                                590, 591, -1, 589, 590, -1, 588, 589,
                                -1, 587, 588, -1, 587, 586, -1, 586,
                                585, -1, 584, 585, -1, 577, 578, 579,
                                580, 581, 582, 583, 584, -1, 576, 577,
                                -1, 569, 570, 571, 572, 573, 574, 575,
                                576, -1, 568, 569, -1, 567, 568, -1,
                                566, 567, -1, 559, 560, 561, 562, 563,
                                564, 565, 566, -1, 558, 559, -1, 551,
                                552, 553, 554, 555, 556, 557, 558, -1,
                                614, 606, -1, 613, 614, -1, 612, 613,
                                -1, 612, 611, -1, 611, 610, -1, 609,
                                610, -1, 608, 609, -1, 607, 608, -1,
                                607, 605, -1, 605, 606, -1, 617, 618,
                                -1, 616, 617, -1, 619, 620, -1, 621,
                                619, -1, 621, 622, -1, 623, 622, -1,
                                623, 624, -1, 625, 624, -1, 625, 626,
                                -1, 627, 626, -1, 627, 628, -1, 629,
                                628, -1, 629, 630, -1, 631, 630, -1,
                                631, 632, -1, 632, 633, 634, 635, 636,
                                637, 638, 639, -1, 639, 640, -1, 640,
                                641, -1, 641, 642, -1, 642, 643, -1,
                                643, 644, -1, 644, 645, 646, 647, 648,
                                649, 650, 651, -1, 651, 652, -1, 653,
                                652, -1, 653, 654, -1, 655, 654, -1,
                                655, 656, -1, 657, 656, -1, 657, 658,
                                -1, 659, 658, -1, 659, 660, -1, 620,
                                660, -1, 661, 662, -1, 663, 661, -1,
                                663, 664, -1, 664, 662, -1, 668, 666,
                                -1, 665, 667, -1, 665, 666, -1, 672,
                                669, -1, 672, 671, -1, 670, 671, -1,
                                673, 674, -1, 675, 673, -1, 675, 676,
                                -1, 677, 676, -1, 677, 678, -1, 679,
                                678, -1, 679, 680, -1, 681, 680, -1,
                                681, 682, -1, 683, 682, -1, 683, 684,
                                -1, 685, 684, -1, 685, 686, -1, 686,
                                687, 688, 689, 690, 691, 692, 693, -1,
                                693, 694, -1, 694, 695, -1, 695, 696,
                                -1, 696, 697, -1, 697, 698, -1, 698,
                                699, 700, 701, 702, 703, 704, 705, -1,
                                705, 706, -1, 707, 706, -1, 707, 708,
                                -1, 709, 708, -1, 709, 710, -1, 711,
                                710, -1, 711, 712, -1, 713, 712, -1,
                                713, 714, -1, 674, 714, -1, 715, 716,
                                -1, 717, 715, -1, 717, 718, -1, 718,
                                716, -1, 722, 719, -1, 721, 722, -1,
                                719, 720, -1, 726, 724, -1, 723, 725,
                                -1, 723, 724, -1, 730, 727, -1, 730,
                                729, -1, 728, 729, -1, 768, 769, 770,
                                771, 772, 773, 774, 775, 776, 777, 778,
                                779, 780, 755, -1, 794, 795, 796, 797,
                                798, 799, 800, 801, 802, 803, 804, 805,
                                806, 781, -1, 754, 732, -1, 753, 754,
                                -1, 753, 752, -1, 752, 751, -1, 751,
                                750, -1, 749, 750, -1, 748, 749, -1,
                                748, 741, -1, 741, 742, 743, 744, 745,
                                746, 747, 740, -1, 740, 733, -1, 733,
                                734, 735, 736, 737, 738, 739, 731, -1,
                                731, 732, -1, 810, 808, -1, 809, 807,
                                -1, 814, 811, -1, 812, 813, -1, 852,
                                853, 854, 855, 856, 857, 858, 859, 860,
                                861, 862, 863, 864, 839, -1, 878, 879,
                                880, 881, 882, 883, 884, 885, 886, 887,
                                888, 889, 890, 865, -1, 838, 815, -1,
                                838, 831, -1, 831, 832, 833, 834, 835,
                                836, 837, 830, -1, 830, 823, -1, 823,
                                824, 825, 826, 827, 828, 829, 822, -1,
                                822, 821, -1, 820, 821, -1, 819, 820,
                                -1, 819, 818, -1, 818, 817, -1, 817,
                                816, -1, 815, 816, -1, 892, 894, -1,
                                891, 893, -1, 891, 892, -1, 902, 895,
                                -1, 902, 901, -1, 899, 900, -1, 897,
                                898, -1, 895, 896, -1, 909, 910, -1,
                                908, 909, -1, 908, 907, -1, 905, 906,
                                -1, 903, 904, -1, 918, 911, -1, 918,
                                917, -1, 915, 916, -1, 913, 914, -1,
                                911, 912, -1, 925, 926, -1, 924, 925,
                                -1, 924, 923, -1, 921, 922, -1, 919,
                                920, -1, 933, 934, -1, 932, 933, -1,
                                932, 931, -1, 929, 930, -1, 927, 928,
                                -1, 942, 935, -1, 942, 941, -1, 939,
                                940, -1, 937, 938, -1, 935, 936, -1,
                                944, 946, -1, 943, 944, -1, 950, 949,
                                -1, 947, 949, -1, 947, 948, -1, 954,
                                951, -1, 953, 954, -1, 951, 952, -1,
                                958, 957, -1, 955, 957, -1, 955, 956,
                                -1, 962, 959, -1, 962, 961, -1, 959,
                                960, -1, 966, 965, -1, 964, 965, -1,
                                967, 968, -1, 972, 974, -1, 973, 971,
                                -1, 971, 972, -1, 978, 975, -1, 978,
                                977, -1, 977, 976, -1, 979, 981, -1,
                                979, 980, -1, 986, 983, -1, 986, 985,
                                -1, 985, 984, -1, 988, 990, -1, 989,
                                990, -1, 989, 987, -1, 987, 988, -1,
                                994, 991, -1, 994, 993, -1, 992, 993,
                                -1, 991, 992, -1, 997, 996, -1, 998,
                                995, -1, 1000, 1002, -1, 999, 1000, -1,
                                1006, 1005, -1, 1003, 1005, -1, 1003, 1004,
                                -1, 1010, 1007, -1, 1009, 1010, -1, 1007,
                                1008, -1, 1014, 1013, -1, 1011, 1013, -1,
                                1011, 1012, -1, 1018, 1015, -1, 1018, 1017,
                                -1, 1015, 1016, -1, 1022, 1021, -1, 1020,
                                1021, -1, 1023, 1024, -1, 1028, 1030, -1,
                                1029, 1027, -1, 1027, 1028, -1, 1034, 1031,
                                -1, 1034, 1033, -1, 1033, 1032, -1, 1035,
                                1037, -1, 1035, 1036, -1, 1042, 1039, -1,
                                1042, 1041, -1, 1041, 1040, -1, 1044, 1046,
                                -1, 1045, 1046, -1, 1045, 1043, -1, 1043,
                                1044, -1, 1050, 1047, -1, 1050, 1049, -1,
                                1048, 1049, -1, 1047, 1048, -1, 1053, 1052,
                                -1, 1054, 1051, -1, 1142, 1055, -1, 1142,
                                1141, -1, 1139, 1140, -1, 1138, 1139, -1,
                                1129, 1130, 1131, 1132, 1133, 1134, 1135, 1136,
                                -1, 1126, 1127, -1, 1122, 1123, -1, 1120,
                                1119, -1, 1118, 1117, -1, 1116, 1117, -1,
                                1116, 1115, -1, 1114, 1113, -1, 1112, 1113,
                                -1, 1112, 1111, -1, 1103, 1104, 1105, 1106,
                                1107, 1108, 1109, 1110, -1, 1102, 1103, -1,
                                1100, 1101, -1, 1100, 1099, -1, 1099, 1098,
                                -1, 1096, 1097, -1, 1093, 1094, -1, 1092,
                                1093, -1, 1083, 1084, 1085, 1086, 1087, 1088,
                                1089, 1090, -1, 1080, 1081, -1, 1076, 1077,
                                -1, 1074, 1073, -1, 1072, 1071, -1, 1070,
                                1071, -1, 1070, 1069, -1, 1068, 1067, -1,
                                1066, 1067, -1, 1066, 1065, -1, 1057, 1058,
                                1059, 1060, 1061, 1062, 1063, 1064, -1, 1056,
                                1057, -1, 1143, 1146, -1, 1144, 1145, -1,
                                1147, 1150, -1, 1148, 1149, -1, 1157, 1158,
                                -1, 1167, 1168, -1, 1179, 1180, -1, 1199,
                                1200, -1, 1246, 1239, -1, 1246, 1245, -1,
                                1239, 1240, -1, 1254, 1253, -1, 1258, 1257,
                                -1, 1262, 1261, -1, 1266, 1265, -1, 1291,
                                1292, -1, 1303, 1304, -1, 1323, 1324, -1,
                                1370, 1363, -1, 1370, 1369, -1, 1363, 1364,
                                -1, 1378, 1377, -1, 1382, 1381, -1, 1386,
                                1385, -1, 1390, 1389, -1, 1407, 1408, -1,
                                1415, 1416, -1, 1423, 1424, -1, 1431, 1432,
                                -1, 1441, 1442, 1443, 1444, 1445, 1446, 1447,
                                1448, 1449, 1450, 1451, 1452, 1453, 1439, -1,
                                1493, 1494, -1, 1493, 1495, -1, 1495, 1496,
                                -1, 1494, 1496, -1, 1499, 1500, 1501, 1502,
                                1503, 1504, 1505, 1506, 1507, 1508, 1509, 1510,
                                1511, 1497, -1, 1551, 1554, -1, 1554, 1553,
                                -1, 1552, 1553, -1, 1551, 1552, -1, 1557,
                                1558, 1559, 1560, 1561, 1562, 1563, 1564, 1565,
                                1566, 1567, 1568, 1569, 1555, -1, 1609, 1610,
                                -1, 1609, 1611, -1, 1611, 1612, -1, 1610,
                                1612, -1, 1615, 1616, 1617, 1618, 1619, 1620,
                                1621, 1622, 1623, 1624, 1625, 1626, 1627, 1613,
                                -1, 1667, 1670, -1, 1670, 1669, -1, 1668,
                                1669, -1, 1667, 1668, -1, 1673, 1674, -1,
                                1675, 1676, -1, 1689, 1690, -1, 1691, 1692,
                                -1, 1703, 1704, -1, 1704, 1705, -1, 1705,
                                1706, -1, 1706, 1703, -1, 1710, 1707, -1,
                                1710, 1709, -1, 1709, 1708, -1, 1711, 1712,
                                -1, 1711, 1713, -1, 1713, 1714, -1, 1718,
                                1717, -1, 1719, 1721, -1, 1723, 1724, -1,
                                1724, 1725, -1, 1726, 1725, -1, 1727, 1728,
                                1729, 1730, 1731, 1732, 1733, 1726, -1, 1734,
                                1735, 1736, 1737, 1738, 1739, 1740, 1723, -1,
                                1748, 1758, -1, 1758, 1757, -1, 1756, 1757,
                                -1, 1749, 1750, 1751, 1752, 1753, 1754, 1755,
                                1756, -1, 1741, 1742, 1743, 1744, 1745, 1746,
                                1747, 1748, -1, 1762, 1761, -1, 1759, 1760,
                                -1, 1763, 1764, -1, 1764, 1765, -1, 1765,
                                1766, -1, 1766, 1763, -1, 1768, 1769, -1,
                                1767, 1770, -1, 1803, 1804, -1, 1804, 1805,
                                -1, 1805, 1806, -1, 1806, 1803, -1, 1807,
                                1808, -1, 1807, 1809, -1, 1809, 1810, -1,
                                1814, 1812, -1, 1814, 1813, -1, 1813, 1811,
                                -1, 1818, 1817, -1, 1819, 1821, -1, 1823,
                                1824, 1825, 1826, 1827, 1828, -1, 1829, 1830,
                                1831, 1832, 1833, 1834, -1, 1828, 1834, -1,
                                1836, 1838, -1, 1838, 1837, -1, 1835, 1837,
                                -1, 1839, 1840, -1, 1840, 1841, -1, 1841,
                                1842, -1, 1842, 1839, -1, 1843, 1844, -1,
                                1844, 1845, -1, 1846, 1845, -1, 1843, 1846,
                                -1, 1849, 1850, 1851, 1852, 1853, 1854, 1855,
                                1847, -1, 1849, 1856, -1, 1856, 1857, 1858,
                                1859, 1860, 1861, 1862, 1848, -1, 1863, 1864,
                                -1, 1865, 1866, -1, 1868, 1869, -1, 1902,
                                1901, -1, 1906, 1903, -1, 1904, 1905, -1,
                                1908, 1909, -1, 1914, 1913, -1, 1922, 1919,
                                -1, 1920, 1921, -1, 1924, 1925, -1, 1930,
                                1929, -1, 1935, 1936, -1, 1938, 1937, -1,
                                1940, 1941, -1, 1946, 1945, -1, 1951, 1952,
                                -1, 1954, 1953, -1, 1956, 1957, -1, 1962,
                                1961, -1, 1967, 1968, -1, 1968, 1969, -1,
                                1969, 1970, -1, 1970, 1967, -1, 1974, 1971,
                                -1, 1974, 1973, -1, 1973, 1972, -1, 1975,
                                1976, -1, 1975, 1977, -1, 1977, 1978, -1,
                                1982, 1981, -1, 1983, 1985, -1, 1987, 1988,
                                -1, 1988, 1989, -1, 1990, 1989, -1, 1991,
                                1992, 1993, 1994, 1995, 1996, 1997, 1990, -1,
                                1998, 1999, 2000, 2001, 2002, 2003, 2004, 1987,
                                -1, 2012, 2022, -1, 2022, 2021, -1, 2020,
                                2021, -1, 2013, 2014, 2015, 2016, 2017, 2018,
                                2019, 2020, -1, 2005, 2006, 2007, 2008, 2009,
                                2010, 2011, 2012, -1, 2026, 2025, -1, 2023,
                                2024, -1, 2027, 2028, -1, 2028, 2029, -1,
                                2029, 2030, -1, 2030, 2027, -1, 2032, 2033,
                                -1, 2031, 2034, -1, 2067, 2068, -1, 2068,
                                2069, -1, 2069, 2070, -1, 2070, 2067, -1,
                                2071, 2072, -1, 2071, 2073, -1, 2073, 2074,
                                -1, 2078, 2076, -1, 2078, 2077, -1, 2077,
                                2075, -1, 2082, 2081, -1, 2083, 2085, -1,
                                2087, 2088, 2089, 2090, 2091, 2092, -1, 2093,
                                2094, 2095, 2096, 2097, 2098, -1, 2092, 2098,
                                -1, 2100, 2102, -1, 2102, 2101, -1, 2099,
                                2101, -1, 2103, 2104, -1, 2104, 2105, -1,
                                2105, 2106, -1, 2106, 2103, -1, 2107, 2108,
                                -1, 2108, 2109, -1, 2110, 2109, -1, 2107,
                                2110, -1, 2113, 2114, 2115, 2116, 2117, 2118,
                                2119, 2111, -1, 2113, 2120, -1, 2120, 2121,
                                2122, 2123, 2124, 2125, 2126, 2112, -1, 2127,
                                2128, -1, 2129, 2130, -1, 2132, 2133, -1,
                                2166, 2165, -1, 2170, 2167, -1, 2168, 2169,
                                -1, 2172, 2173, -1, 2178, 2177, -1, 2186,
                                2183, -1, 2184, 2185, -1, 2188, 2189, -1,
                                2194, 2193, -1, 2199, 2200, -1, 2202, 2201,
                                -1, 2204, 2205, -1, 2210, 2209, -1, 2215,
                                2216, -1, 2218, 2217, -1, 2220, 2221, -1,
                                2226, 2225, -1, 2231, 2233, -1, 2235, 2237,
                                -1, 2243, 2245, -1, 2247, 2249, -1, 2257,
                                2258, -1, 2255, 2257, -1, 2255, 2256, -1,
                                2259, 2261, -1, 2263, 2265, -1, 2271, 2273,
                                -1, 2271, 2272, -1, 2275, 2277, -1, 2275,
                                2276, -1, 2279, 2281, -1, 2289, 2290, -1,
                                2287, 2289, -1, 2287, 2288, -1, 2293, 2294,
                                -1, 2291, 2293, -1, 2297, 2298, -1, 2295,
                                2297, -1, 2301, 2302, -1, 2299, 2301, -1,
                                2305, 2306, -1, 2303, 2305, -1, 2307, 2309,
                                -1, 2317, 2318, -1, 2317, 2319, 2320, 2321,
                                -1, 2321, 2322, -1, 2327, 2328, -1, 2325,
                                2327, -1, 2329, 2331, 2332, 2333, -1, 2333,
                                2334, -1, 2337, 2339, 2340, 2341, 2342, -1,
                                2342, 2343, -1, 2347, 2349, 2350, 2351, 2352,
                                -1, 2352, 2353, -1, 2357, 2359, 2360, 2361,
                                2362, -1, 2362, 2363, -1, 2367, 2369, 2370,
                                2371, 2372, -1, 2372, 2373, -1, 2377, 2379,
                                2380, 2381, -1, 2381, 2382, -1, 2387, 2388,
                                -1, 2385, 2387, -1, 2389, 2391, 2392, 2393,
                                -1, 2393, 2394, -1, 2397, 2399, 2400, 2401,
                                2402, -1, 2402, 2403, -1, 2407, 2409, 2410,
                                2411, 2412, -1, 2412, 2413, -1, 2417, 2419,
                                2420, 2421, 2422, -1, 2422, 2423, -1, 2427,
                                2429, 2430, 2431, 2432, -1, 2485, 2486, -1,
                                2483, 2485, -1, 2483, 2484, -1, 2489, 2490,
                                -1, 2487, 2489, -1, 2493, 2494, -1, 2491,
                                2493, -1, 2497, 2498, -1, 2495, 2497, -1,
                                2501, 2502, -1, 2499, 2501, -1, 2505, 2506,
                                -1, 2503, 2505, -1, 2509, 2510, -1, 2507,
                                2509, -1, 2513, 2514, -1, 2511, 2513, -1,
                                2517, 2518, -1, 2515, 2517, -1, 2521, 2522,
                                -1, 2519, 2521, -1, 2525, 2526, -1, 2523,
                                2525, -1, 2527, 2529, -1, 2543, 2544, -1,
                                2544, 2545, 2546, 2547, 2548, -1, 2548, 2549,
                                2550, 2551, 2552, -1, 2552, 2553, 2554, 2555,
                                2556, -1, 2556, 2557, 2558, 2559, 2560, -1,
                                2560, 2561, -1, 2561, 2543, -1, 2562, 2563,
                                -1, 2564, 2562, -1, 2565, 2566, 2567, 2568,
                                2564, -1, 2569, 2570, 2571, 2572, 2565, -1,
                                2573, 2574, 2575, 2576, 2569, -1, 2577, 2578,
                                2579, 2580, 2573, -1, 2563, 2577, -1, 2583,
                                2584, -1, 2581, 2582, -1, 2590, 2591, -1,
                                2600, 2601, -1, 2610, 2611, -1, 2620, 2621,
                                -1, 2627, 2628, -1, 2633, 2634, -1, 2635,
                                2633, -1, 2636, 2634, -1, 2637, 2638, -1,
                                2640, 2638, -1, 2641, 2642, -1, 2644, 2642,
                                -1, 2645, 2646, 2647, 2648, 2649, -1, 2654,
                                2649, -1, 2655, 2656, 2657, 2658, 2659, -1,
                                2664, 2659, -1, 2665, 2666, 2667, 2668, 2669,
                                -1, 2674, 2669, -1, 2675, 2676, 2677, 2678,
                                2679, -1, 2705, 2711, -1, 2711, 2710, -1,
                                2710, 2709, -1, 2709, 2708, -1, 2708, 2707,
                                -1, 2707, 2706, -1, 2706, 2704, -1, 2704,
                                2705, -1, 2717, 2712, -1, 2716, 2717, -1,
                                2715, 2716, -1, 2714, 2715, -1, 2713, 2714,
                                -1, 2712, 2713, -1, 2720, 2721, -1, 2718,
                                2719, -1, 2724, 2725, -1, 2728, 2729, -1,
                                2732, 2733, -1, 2736, 2737, -1, 2740, 2741,
                                -1, 2744, 2745, -1, 2750, 2751, -1, 2752,
                                2750, -1, 2753, 2751, -1, 2754, 2755, -1,
                                2757, 2755, -1, 2758, 2759, -1, 2761, 2759,
                                -1, 2762, 2763, -1, 2765, 2763, -1, 2766,
                                2767, -1, 2769, 2767, -1, 2770, 2771, -1,
                                2782, 2783, -1, 2780, 2782, -1, 2780, 2781,
                                -1, 2786, 2787, -1, 2784, 2786, -1, 2790,
                                2791, -1, 2788, 2790, -1, 2794, 2795, -1,
                                2792, 2794, -1, 2798, 2799, -1, 2796, 2798,
                                -1, 2802, 2803, -1, 2800, 2802, -1, 2806,
                                2807, -1, 2804, 2806, -1, 2810, 2811, -1,
                                2808, 2810, -1, 2814, 2815, -1, 2812, 2814,
                                -1, 2818, 2819, -1, 2816, 2818, -1, 2822,
                                2823, -1, 2820, 2822, -1, 2824, 2826, -1,
                                2840, 2841, 2842, 2843, -1, 2843, 2844, -1,
                                2844, 2845, 2846, 2847, -1, 2847, 2848, 2849,
                                2850, 2851, 2852, 2853, 2854, 2855, -1, 2855,
                                2856, -1, 2856, 2857, 2858, 2859, 2860, 2861,
                                2862, 2863, -1, 2863, 2864, 2865, 2866, 2867,
                                -1, 2867, 2868, 2869, 2870, 2871, -1, 2871,
                                2872, 2873, 2874, 2875, 2876, -1, 2876, 2877,
                                -1, 2877, 2878, -1, 2878, 2879, -1, 2879,
                                2880, -1, 2880, 2881, 2882, 2883, 2884, 2885,
                                2886, 2887, 2840, -1, 2888, 2889, 2890, 2891,
                                2892, -1, 2893, 2894, 2895, 2896, 2888, -1,
                                2897, 2893, -1, 2898, 2897, -1, 2899, 2900,
                                2901, 2902, 2898, -1, 2903, 2904, 2905, 2906,
                                2899, -1, 2907, 2908, 2909, 2910, 2903, -1,
                                2892, 2911, 2912, 2913, 2907, -1, 2914, 2915,
                                -1, 2918, 2919, -1, 2924, 2925, -1, 2930,
                                2931, -1, 2943, 2944, -1, 2954, 2955, -1,
                                2964, 2965, -1, 2977, 2978, -1, 2987, 2988,
                                -1, 2998, 2999, -1, 3006, 3007, -1, 3010,
                                3011, -1, 3014, 3015, -1, 3018, 3019, -1,
                                3038, 3039, 3040, 3041, 3042, -1, 3043, 3038,
                                -1, 3047, 3042, -1, 3048, 3049, 3050, 3051,
                                3052, -1, 3057, 3052, -1, 3058, 3059, 3060,
                                3061, 3062, -1, 3067, 3062, -1, 3068, 3069,
                                3070, 3071, 3072, -1, 3077, 3072, -1, 3078,
                                3079, 3080, 3081, 3082, -1, 3087, 3082, -1,
                                3088, 3089, 3090, 3091, 3092, -1, 3097, 3092,
                                -1, 3098, 3099, -1, 3101, 3099, -1, 3102,
                                3103, -1, 3132, 3133, -1, 3132, 3134, 3135,
                                3136, -1, 3136, 3137, -1, 3142, 3143, -1,
                                3140, 3142, -1, 3144, 3146, 3147, 3148, -1,
                                3148, 3149, -1, 3152, 3154, 3155, 3156, -1,
                                3156, 3157, -1, 3160, 3162, 3163, 3164, 3165,
                                3166, -1, 3166, 3167, -1, 3172, 3174, 3175,
                                3176, 3177, -1, 3177, 3178, -1, 3182, 3184,
                                3185, 3186, -1, 3186, 3187, -1, 3190, 3192,
                                3193, -1, 3193, 3194, -1, 3196, 3198, 3199,
                                3200, 3201, 3202, -1, 3202, 3203, -1, 3208,
                                3210, 3211, 3212, 3213, 3214, -1, 3214, 3215,
                                -1, 3220, 3222, 3223, 3224, -1, 3224, 3225,
                                -1, 3228, 3230, 3231, 3232, -1, 3232, 3233,
                                -1, 3238, 3239, -1, 3236, 3238, -1, 3240,
                                3242, 3243, 3244, -1, 3244, 3245, -1, 3248,
                                3250, 3251, 3252, -1, 3252, 3253, -1, 3256,
                                3258, 3259, 3260, 3261, 3262, -1, 3262, 3263,
                                -1, 3268, 3270, 3271, 3272, -1, 3272, 3273,
                                -1, 3276, 3278, 3279, 3280, -1, 3280, 3281,
                                -1, 3284, 3286, 3287, -1, 3287, 3288, -1,
                                3290, 3292, 3293, 3294, 3295, 3296, -1, 3296,
                                3297, -1, 3302, 3304, 3305, 3306, 3307, 3308,
                                3309, 3310, 3311, 3312, -1, 3398, 3399, -1,
                                3396, 3398, -1, 3396, 3397, -1, 3402, 3403,
                                -1, 3400, 3402, -1, 3404, 3406, -1, 3406,
                                3407, -1, 3410, 3411, -1, 3408, 3410, -1,
                                3414, 3415, -1, 3412, 3414, -1, 3418, 3419,
                                -1, 3416, 3418, -1, 3422, 3423, -1, 3420,
                                3422, -1, 3426, 3427, -1, 3424, 3426, -1,
                                3430, 3431, -1, 3428, 3430, -1, 3432, 3434,
                                3435, 3436, 3437, 3438, 3439, -1, 3439, 3440,
                                -1, 3446, 3448, 3449, 3450, -1, 3450, 3451,
                                -1, 3456, 3457, -1, 3454, 3456, -1, 3458,
                                3460, 3461, -1, 3461, 3462, -1, 3464, 3466,
                                3467, 3468, 3469, 3470, 3471, 3472, -1, 3472,
                                3473, -1, 3480, 3482, -1, 3515, 3516, -1,
                                3513, 3515, -1, 3513, 3514, -1, 3519, 3520,
                                -1, 3517, 3519, -1, 3523, 3524, -1, 3521,
                                3523, -1, 3527, 3528, -1, 3525, 3527, -1,
                                3531, 3532, -1, 3529, 3531, -1, 3535, 3536,
                                -1, 3533, 3535, -1, 3539, 3540, -1, 3537,
                                3539, -1, 3543, 3544, -1, 3541, 3543, -1,
                                3547, 3548, -1, 3545, 3547, -1, 3551, 3552,
                                -1, 3549, 3551, -1, 3555, 3556, -1, 3553,
                                3555, -1, 3557, 3559, -1, 3573, 3574, -1,
                                3574, 3575, 3576, 3577, 3578, -1, 3578, 3579,
                                3580, 3581, 3582, -1, 3582, 3583, 3584, 3585,
                                3586, -1, 3586, 3587, 3588, 3589, 3590, -1,
                                3590, 3591, -1, 3591, 3573, -1, 3592, 3593,
                                -1, 3594, 3592, -1, 3595, 3596, 3597, 3598,
                                3594, -1, 3599, 3600, 3601, 3602, 3595, -1,
                                3603, 3604, 3605, 3606, 3599, -1, 3607, 3608,
                                3609, 3610, 3603, -1, 3593, 3607, -1, 3613,
                                3614, -1, 3611, 3612, -1, 3620, 3621, -1,
                                3630, 3631, -1, 3640, 3641, -1, 3650, 3651,
                                -1, 3657, 3658, -1, 3663, 3664, -1, 3665,
                                3663, -1, 3666, 3664, -1, 3667, 3668, -1,
                                3670, 3668, -1, 3671, 3672, -1, 3674, 3672,
                                -1, 3675, 3676, 3677, 3678, 3679, -1, 3684,
                                3679, -1, 3685, 3686, 3687, 3688, 3689, -1,
                                3694, 3689, -1, 3695, 3696, 3697, 3698, 3699,
                                -1, 3704, 3699, -1, 3705, 3706, 3707, 3708,
                                3709, -1, 3735, 3741, -1, 3741, 3740, -1,
                                3740, 3739, -1, 3739, 3738, -1, 3738, 3737,
                                -1, 3737, 3736, -1, 3736, 3734, -1, 3734,
                                3735, -1, 3747, 3742, -1, 3746, 3747, -1,
                                3745, 3746, -1, 3744, 3745, -1, 3743, 3744,
                                -1, 3742, 3743, -1, 3750, 3751, -1, 3748,
                                3749, -1, 3754, 3755, -1, 3758, 3759, -1,
                                3762, 3763, -1, 3766, 3767, -1, 3770, 3771,
                                -1, 3774, 3775, -1, 3780, 3781, -1, 3782,
                                3780, -1, 3783, 3781, -1, 3784, 3785, -1,
                                3787, 3785, -1, 3788, 3789, -1, 3791, 3789,
                                -1, 3792, 3793, -1, 3795, 3793, -1, 3796,
                                3797, -1, 3799, 3797, -1, 3800, 3801, -1,
                                3814, 3935, 3936, 3937, 3938, 3939, 3932, -1,
                                3932, 3933, 3934, 3929, -1, 3929, 3930, 3931,
                                3926, -1, 3926, 3927, 3928, 3924, -1, 3924,
                                3925, 3923, -1, 3923, 3919, -1, 3919, 3920,
                                3921, 3922, 3915, -1, 3915, 3916, 3917, 3918,
                                3912, -1, 3912, 3913, 3914, 3909, -1, 3909,
                                3910, 3911, 3903, -1, 3903, 3904, 3905, 3906,
                                3907, 3908, 3896, -1, 3896, 3897, 3898, 3899,
                                3900, 3901, 3902, 3895, -1, 3895, 3894, -1,
                                3894, 3893, -1, 3893, 3892, -1, 3892, 3888,
                                -1, 3888, 3889, 3890, 3891, 3882, -1, 3882,
                                3883, 3884, 3885, 3886, 3887, 3877, -1, 3877,
                                3878, 3879, 3880, 3881, 3870, -1, 3870, 3871,
                                3872, 3873, 3874, 3875, 3876, 3867, -1, 3867,
                                3868, 3869, 3861, -1, 3861, 3862, 3863, 3864,
                                3865, 3866, 3854, -1, 3854, 3855, 3856, 3857,
                                3858, 3859, 3860, 3853, -1, 3853, 3846, -1,
                                3846, 3847, 3848, 3849, 3850, 3851, 3852, 3839,
                                -1, 3839, 3840, 3841, 3842, 3843, 3844, 3845,
                                3838, -1, 3838, 3834, -1, 3834, 3835, 3836,
                                3837, 3827, -1, 3827, 3828, 3829, 3830, 3831,
                                3832, 3833, 3820, -1, 3820, 3821, 3822, 3823,
                                3824, 3825, 3826, 3819, -1, 3819, 3815, -1,
                                3815, 3816, 3817, 3818, 3810, -1, 3810, 3811,
                                3812, 3813, 3814, -1, 3955, 3956, 3957, 3958,
                                3959, 3960, 3961, 3962, 3963, 3964, 3965, 3966,
                                3967, 3968, 3969, 3970, 3940, -1, 3940, 3941,
                                3942, 3943, 3944, 3945, 3946, 3947, 3948, 3949,
                                3950, 3951, 3952, 3953, 3954, 3955, -1, 3971,
                                3972, -1, 3978, 3979, -1, 3989, 3990, -1,
                                3997, 3998, -1, 4005, 4006, -1, 4012, 4013,
                                -1, 4017, 4018, -1, 4024, 4025, -1, 4034,
                                4035, -1, 4043, 4044, -1, 4051, 4052, -1,
                                4062, 4063, -1, 4077, 4078, -1, 4087, 4088,
                                -1, 4091, 4092, -1, 4095, 4096, -1, 4099,
                                4100, -1, 4106, 4107, -1, 4118, 4119, -1,
                                4131, 4132, -1, 4145, 4146, -1, 4157, 4158,
                                -1, 4168, 4169, -1, 4183, 4184, -1, 4193,
                                4194, -1, 4203, 4204, -1, 4219, 4220, -1,
                                4229, 4230, -1, 4236, 4237, -1, 4249, 4250,
                                -1, 4265, 4266, -1, 4275, 4276, -1, 4282,
                                4283, -1, 4297, 4298, 4299, 4300, 4301, 4302,
                                4303, 4304, 4305, 4306, 4307, 4308, 4309, 4310,
                                4311, 4312, 4313, -1, 4314, 4297, -1, 4330,
                                4313, -1, 4331, 4332, 4333, 4334, 4335, 4336,
                                4337, 4338, 4339, 4340, 4341, 4342, 4343, 4344,
                                4345, 4346, -1 ]

                          }

                        }

                    } ]

                },
                  
                DEF o21 Group {

                } ]

            }

        } ]

    }

}
