#VRML V2.0 utf8
# 3D model generated by easyeda2kicad.py (https://github.com/uPesy/easyeda2kicad.py)

Shape{
    appearance Appearance {
        material  Material 	{
            diffuseColor 0.32941176470588235 0.32941176470588235 0.3843137254901961
            specularColor 0.023529411764705882 0.023529411764705882 0.027450980392156862
            ambientIntensity 0.4795
            transparency 0.0
            shininess 0.5
        }
    }
    geometry IndexedFaceSet {
        ccw TRUE
        solid FALSE
        coord DEF co Coordinate {
            point [
                -0.7284 1.8504 0.0394, 0.2559 1.8504 0.0394, -0.7284 1.5354 0.0394, 0.2559 1.5354 0.0394, -0.1378 0.6637 5.2384, -0.1378 0.8777 5.2384, -0.8465 -0.0449 5.2384, -1.1221 0.8777 5.2384, -1.1221 -0.0449 5.2384, -0.0787 -0.8726 4.6457, 0.2559 -0.8726 4.6457, -0.0787 -0.2278 4.6457, 0.2559 -0.2278 4.6457, -0.0787 -1.0242 4.6259, 0.2559 -1.0242 4.6259, -0.0787 -1.1657 4.5678, 0.2559 -1.1657 4.5678, -0.0787 -1.2875 4.4754, 0.2559 -1.2875 4.4754, -0.0787 -0.2278 4.2618, 0.2559 -0.2278 4.2618, -1.1221 1.8504 0.2362, -1.1221 1.8504 1.6091, -0.7284 1.8504 0.2362, 0.2559 1.8504 1.6091, 0.2559 1.7454 1.7005, -1.1221 1.7454 1.7005, -1.1221 1.7454 2.2379, 0.2559 1.7454 2.2379, -1.1221 1.7454 1.9685, 0.2559 1.7454 1.9685, 0.2559 1.8504 2.3132, -1.1221 1.8504 2.3132, 0.2559 1.8504 3.6325, -1.1221 1.8504 3.6325, 0.2559 1.5698 4.2876, -1.1221 1.5698 4.2876, -0.7874 -0.2278 4.6457, -1.1221 -0.2278 4.6457, -0.7874 -0.8726 4.6457, -1.1221 -0.8726 4.6457, -0.0787 -1.711 4.0572, -0.9565 -2.0586 3.7141, -0.9629 -1.9629 3.8085, -1.1221 -2.0964 3.6768, 0.0094 -1.7834 3.9858, 0.0692 -1.8692 3.9011, 0.2559 -2.0964 3.6768, 0.0967 -1.9629 3.8085, -1.1221 -1.2875 4.4754, -0.7874 -1.711 4.0572, -0.7874 -1.2875 4.4754, -0.8755 -1.7834 3.9858, -0.9353 -1.8692 3.9011, 0.0904 -2.0586 3.7141, 0.0504 -2.15 3.6238, 0.2559 -2.6984 3.0825, -0.0205 -2.2314 3.5435, -0.1179 -2.2975 3.4782, -0.2355 -2.3441 3.4323, -0.3658 -2.3681 3.4085, -1.1221 -2.6984 3.0825, -0.5004 -2.3681 3.4085, -0.6306 -2.3441 3.4323, -0.7482 -2.2975 3.4782, -0.8456 -2.2314 3.5435, -0.9166 -2.15 3.6238, -0.7284 -2.874 0.0394, 0.2559 -2.874 0.0394, -0.7284 -2.874 0.2362, 0.2559 -2.874 1.9685, -1.1221 -2.874 0.2362, -1.1221 -2.874 1.9685, -1.1221 -2.874 2.6622, 0.2559 -2.874 2.6622, -0.7284 -2.5591 0.0394, 0.2559 -2.5591 0.0394, 0.2559 -2.3491 0.4671, 0.2559 -2.3687 0.4196, 0.2559 -2.0964 0.2362, 0.2559 -2.6784 0.6572, 0.2559 -2.6377 0.6885, 0.2559 -2.5902 0.3279, 0.2559 -2.5591 0.2362, 0.2559 -2.5392 0.3212, 0.2559 -2.7097 0.6165, 0.2559 -2.0964 1.9685, 0.2559 -2.3491 0.569, 0.2559 -2.3424 0.518, 0.2559 -2.4408 0.6885, 0.2559 -2.4 0.6572, 0.2559 -2.3687 0.6165, 0.2559 -2.4 0.3788, 0.2559 -2.4408 0.3476, 0.2559 -2.4883 0.3279, 0.2559 -2.6377 0.3476, 0.2559 -2.6784 0.3788, 0.2559 -2.7097 0.4196, 0.2559 -2.7294 0.4671, 0.2559 -2.7361 0.518, 0.2559 -2.7294 0.569, 0.2559 -2.5902 0.7082, 0.2559 -2.5392 0.7149, 0.2559 -2.4883 0.7082, 0.2559 -2.6377 3.0125, 0.2559 -2.5902 3.0322, 0.2559 -2.4883 3.0322, 0.2559 -2.4408 3.0125, 0.2559 -2.4 2.9812, 0.2559 -2.3687 2.9405, 0.2559 -2.3491 2.893, 0.2559 -2.3424 2.8421, 0.2559 -2.3491 2.7911, 0.2559 -2.3687 2.7436, 0.2559 -2.4 2.7029, 0.2559 -2.4408 2.6716, 0.2559 -2.4883 2.6519, 0.2559 -2.5392 2.6452, 0.2559 -2.5902 2.6519, 0.2559 -2.5392 3.0389, 0.2559 -2.6377 2.6716, 0.2559 -2.6784 2.7029, 0.2559 -2.7097 2.7436, 0.2559 -2.8625 2.7784, 0.2559 -2.7294 2.7911, 0.2559 -2.7361 2.8421, 0.2559 -2.8283 2.89, 0.2559 -2.7294 2.893, 0.2559 -2.7729 2.9927, 0.2559 -2.7097 2.9405, 0.2559 -2.6784 2.9812, 0.2559 1.2819 2.7467, 0.2559 1.472 3.4045, 0.2559 1.4211 3.4112, 0.2559 -0.0769 4.2618, 0.2559 1.4211 2.5056, 0.2559 1.472 2.4989, 0.2559 1.523 2.5056, 0.2559 1.3736 3.4309, 0.2559 1.3329 3.4622, 0.2559 0.6781 3.727, 0.2559 1.3016 3.503, 0.2559 1.2819 3.5504, 0.2559 1.2752 3.6014, 0.2559 1.2819 3.6523, 0.2559 0.6781 4.644, 0.2559 1.3016 3.6998, 0.2559 1.3329 3.7406, 0.2559 1.3736 3.7719, 0.2559 1.0718 4.644, 0.2559 1.4211 3.7915, 0.2559 1.1982 4.6203, 0.2559 1.3163 4.5699, 0.2559 1.523 3.7915, 0.2559 1.472 3.7982, 0.2559 1.5067 4.3995, 0.2559 1.4208 4.4951, 0.2559 1.3736 2.5253, 0.2559 1.3329 2.5566, 0.2559 1.3016 2.5974, 0.2559 1.2819 2.6448, 0.2559 1.2752 2.6958, 0.2559 1.5705 3.7719, 0.2559 1.6112 3.7406, 0.2559 1.6425 3.6998, 0.2559 1.6622 3.6523, 0.2559 1.523 3.4112, 0.2559 1.5705 3.4309, 0.2559 1.6112 3.4622, 0.2559 1.3016 2.7942, 0.2559 1.3329 2.835, 0.2559 1.3736 2.8663, 0.2559 1.6689 3.6014, 0.2559 1.6622 3.5504, 0.2559 1.6425 3.503, 0.2559 1.5705 2.8663, 0.2559 1.6112 2.835, 0.2559 -0.0769 3.727, 0.2559 1.4211 2.8859, 0.2559 1.472 2.8926, 0.2559 1.523 2.8859, 0.2559 1.6622 2.6448, 0.2559 1.6425 2.5974, 0.2559 1.6112 2.5566, 0.2559 1.5705 2.5253, 0.2559 1.6425 2.7942, 0.2559 1.6622 2.7467, 0.2559 1.6689 2.6958, 0.2559 1.5354 0.2362, 0.2559 -1.6535 1.0444, 0.2559 -1.7045 1.0511, 0.2559 -1.7045 1.4314, 0.2559 -1.6535 1.4381, 0.2559 -1.5551 1.4117, 0.2559 -1.5143 1.3804, 0.2559 -1.7519 1.0708, 0.2559 -1.7927 1.1021, 0.2559 -1.824 1.1428, 0.2559 -1.6026 1.4314, 0.2559 -1.483 1.3397, 0.2559 -1.4634 1.2922, 0.2559 -1.4567 1.2412, 0.2559 -1.4634 1.1903, 0.2559 -1.483 1.1428, 0.2559 -1.5143 1.1021, 0.2559 -1.5551 1.0708, 0.2559 -1.6026 1.0511, 0.2559 -1.8436 1.1903, 0.2559 -1.8504 1.2412, 0.2559 -1.8436 1.2922, 0.2559 -1.824 1.3397, 0.2559 -1.7927 1.3804, 0.2559 -1.7519 1.4117, -1.1221 1.1811 0.2362, -1.1221 0.7874 0.2362, -1.1221 -0.7874 0.2362, -1.1221 0.7874 0.3937, -1.1221 -0.7874 0.3937, -1.1221 -2.0964 1.9685, -1.1221 -1.6535 1.4381, -1.1221 -1.7045 1.4314, -1.1221 -1.7927 1.1021, -1.1221 -1.7519 1.0708, -1.1221 -1.1811 0.3937, -1.1221 -1.7045 1.0511, -1.1221 -1.6535 1.0444, -1.1221 -1.4634 1.1903, -1.1221 -1.4567 1.2412, -1.1221 -1.4634 1.2922, -1.1221 -1.483 1.3397, -1.1221 -1.5143 1.3804, -1.1221 -1.5551 1.4117, -1.1221 -1.6026 1.4314, -1.1221 -1.7519 1.4117, -1.1221 -1.7927 1.3804, -1.1221 -1.824 1.3397, -1.1221 1.1811 0.3937, -1.1221 -1.483 1.1428, -1.1221 -1.8436 1.1903, -1.1221 -2.0964 0.2362, -1.1221 -1.8504 1.2412, -1.1221 -1.8436 1.2922, -1.1221 -1.6026 1.0511, -1.1221 -1.5551 1.0708, -1.1221 -1.5143 1.1021, -1.1221 -1.1811 0.2362, -1.1221 -1.824 1.1428, -1.1221 1.0255 4.8401, -1.1221 1.0255 4.4607, -1.1221 0.8704 4.4607, -1.1221 -0.0449 3.727, -1.1221 -0.0769 3.727, -1.1221 -0.0769 4.2618, -1.1221 -0.2278 4.2618, -1.1221 -1.1657 4.5678, -1.1221 -1.0242 4.6259, -1.1221 0.8704 3.727, -1.1221 1.0718 4.644, -1.1221 1.1982 4.6203, -1.1221 1.4211 3.7915, -1.1221 1.2819 3.6523, -1.1221 1.2752 3.6014, -1.1221 1.0718 3.727, -1.1221 1.2819 3.5504, -1.1221 1.6425 2.5974, -1.1221 1.6622 2.6448, -1.1221 1.3163 4.5699, -1.1221 1.4208 4.4951, -1.1221 1.472 3.7982, -1.1221 1.5067 4.3995, -1.1221 1.523 3.7915, -1.1221 1.5705 3.7719, -1.1221 1.3329 2.835, -1.1221 1.3736 2.8663, -1.1221 1.4211 2.8859, -1.1221 1.472 2.8926, -1.1221 1.3016 3.503, -1.1221 1.3736 3.7719, -1.1221 1.3329 3.7406, -1.1221 1.3016 3.6998, -1.1221 1.3016 2.7942, -1.1221 1.2819 2.7467, -1.1221 1.2752 2.6958, -1.1221 1.3329 3.4622, -1.1221 1.3736 3.4309, -1.1221 1.523 2.8859, -1.1221 1.4211 3.4112, -1.1221 1.5705 2.8663, -1.1221 1.3329 2.5566, -1.1221 1.3736 2.5253, -1.1221 1.4211 2.5056, -1.1221 1.472 2.4989, -1.1221 1.6622 2.7467, -1.1221 1.472 3.4045, -1.1221 1.2819 2.6448, -1.1221 1.3016 2.5974, -1.1221 1.6425 2.7942, -1.1221 1.6112 2.835, -1.1221 1.523 2.5056, -1.1221 1.5705 2.5253, -1.1221 1.6112 2.5566, -1.1221 1.523 3.4112, -1.1221 1.5705 3.4309, -1.1221 1.6689 3.6014, -1.1221 1.6622 3.6523, -1.1221 1.6425 3.6998, -1.1221 1.6112 3.7406, -1.1221 1.6689 2.6958, -1.1221 1.6112 3.4622, -1.1221 1.6425 3.503, -1.1221 1.6622 3.5504, -1.1221 -2.5392 3.0389, -1.1221 -2.5902 3.0322, -1.1221 -2.4 2.9812, -1.1221 -2.4408 3.0125, -1.1221 -2.4883 3.0322, -1.1221 -2.4408 2.6716, -1.1221 -2.4 2.7029, -1.1221 -2.3687 2.7436, -1.1221 -2.3491 2.7911, -1.1221 -2.3424 2.8421, -1.1221 -2.3491 2.893, -1.1221 -2.3687 2.9405, -1.1221 -2.8625 2.7784, -1.1221 -2.7294 2.7911, -1.1221 -2.7097 2.7436, -1.1221 -2.6784 2.7029, -1.1221 -2.6377 2.6716, -1.1221 -2.5902 2.6519, -1.1221 -2.5392 2.6452, -1.1221 -2.4883 2.6519, -1.1221 -2.6377 3.0125, -1.1221 -2.6784 2.9812, -1.1221 -2.7729 2.9927, -1.1221 -2.7097 2.9405, -1.1221 -2.8283 2.89, -1.1221 -2.7294 2.893, -1.1221 -2.7361 2.8421, -1.1221 -2.3491 0.4671, -1.1221 -2.3424 0.518, -1.1221 -2.3491 0.569, -1.1221 -2.3687 0.6165, -1.1221 -2.4 0.6572, -1.1221 -2.5902 0.7082, -1.1221 -2.6377 0.6885, -1.1221 -2.6784 0.6572, -1.1221 -2.4408 0.3476, -1.1221 -2.4 0.3788, -1.1221 -2.3687 0.4196, -1.1221 -2.4408 0.6885, -1.1221 -2.4883 0.7082, -1.1221 -2.5392 0.7149, -1.1221 -2.7097 0.6165, -1.1221 -2.7294 0.569, -1.1221 -2.7361 0.518, -1.1221 -2.7294 0.4671, -1.1221 -2.7097 0.4196, -1.1221 -2.6784 0.3788, -1.1221 -2.6377 0.3476, -1.1221 -2.5902 0.3279, -1.1221 -2.5392 0.3212, -1.1221 -2.4883 0.3279, -0.0591 1.0718 4.644, -0.7874 -1.0242 4.6259, -0.7874 -1.1657 4.5678, -0.0591 1.0718 3.727, -0.1378 -0.0449 3.727, -0.0591 0.6781 3.727, -0.1378 0.8704 3.727, -0.7874 -0.2278 4.2618, -0.1378 0.8704 4.4607, -0.1378 1.0255 4.4607, -0.1378 1.0255 4.8401, -0.5124 -0.0449 5.2384, -0.1378 -0.0449 5.2384, -0.1378 0.3297 5.2384, -0.8465 -0.0449 4.766, -0.5124 -0.0449 4.766, -0.1378 0.3297 4.766, -0.1378 0.6637 4.766, -0.0591 0.6781 4.644, -0.7874 -1.2961 3.637, -0.8755 -1.3685 3.5655, -0.9353 -1.4543 3.4808, -0.9629 -1.548 3.3883, -0.9565 -1.6437 3.2939, -0.9166 -1.7351 3.2036, -0.8456 -1.8165 3.1232, -0.7482 -1.8826 3.058, -0.6306 -1.9292 3.012, -0.5004 -1.9532 2.9883, -0.3658 -1.9532 2.9883, -0.2355 -1.9292 3.012, -0.1179 -1.8826 3.058, -0.0205 -1.8165 3.1232, 0.0504 -1.7351 3.2036, 0.0904 -1.6437 3.2939, 0.0967 -1.548 3.3883, 0.0692 -1.4543 3.4808, 0.0094 -1.3685 3.5655, -0.0787 -1.2961 3.637, -0.0787 -1.4708 3.4646, -0.7874 -1.4708 3.4646, -0.0787 -0.2278 3.4646, -0.7874 -0.2278 3.4646
            ]
        }
        coordIndex [
            0,1,2,-1,2,1,3,-1,4,5,6,-1,6,5,7,-1,6,7,8,-1,9,10,11,-1,11,10,12,-1,10,9,13,-1,10,13,14,-1,14,13,15,-1,14,15,16,-1,16,15,17,-1,16,17,18,-1,11,12,19,-1,19,12,20,-1,21,22,23,-1,23,22,24,-1,23,24,0,-1,0,24,1,-1,25,24,26,-1,26,24,22,-1,27,28,29,-1,29,28,30,-1,29,30,26,-1,26,30,25,-1,31,28,32,-1,32,28,27,-1,33,31,34,-1,34,31,32,-1,35,33,36,-1,36,33,34,-1,37,38,39,-1,39,38,40,-1,18,17,41,-1,42,43,44,-1,41,45,18,-1,18,45,46,-1,18,46,47,-1,47,46,48,-1,44,43,49,-1,50,51,52,-1,52,51,49,-1,52,49,53,-1,53,49,43,-1,48,54,47,-1,47,54,55,-1,47,55,56,-1,56,55,57,-1,56,57,58,-1,58,59,56,-1,56,59,60,-1,56,60,61,-1,61,60,62,-1,61,62,63,-1,63,64,61,-1,61,64,65,-1,61,65,44,-1,44,65,66,-1,44,66,42,-1,67,68,69,-1,69,68,70,-1,71,69,72,-1,72,69,70,-1,72,70,73,-1,73,70,74,-1,75,76,67,-1,67,76,68,-1,77,78,79,-1,80,81,70,-1,68,76,82,-1,82,76,83,-1,82,83,84,-1,80,70,85,-1,86,87,79,-1,79,87,88,-1,79,88,77,-1,89,90,86,-1,86,90,91,-1,86,91,87,-1,78,92,79,-1,79,92,93,-1,79,93,83,-1,83,93,94,-1,83,94,84,-1,82,95,68,-1,68,95,96,-1,68,96,97,-1,97,98,68,-1,68,98,99,-1,68,99,70,-1,70,99,100,-1,70,100,85,-1,81,101,70,-1,70,101,102,-1,70,102,86,-1,86,102,103,-1,86,103,89,-1,56,104,105,-1,47,106,107,-1,107,108,47,-1,47,108,109,-1,47,109,110,-1,111,112,86,-1,86,112,113,-1,86,113,114,-1,114,115,86,-1,86,115,116,-1,86,116,70,-1,70,116,117,-1,70,117,118,-1,56,105,47,-1,47,105,119,-1,47,119,106,-1,118,120,70,-1,70,120,121,-1,70,121,74,-1,74,121,122,-1,74,122,123,-1,122,124,123,-1,123,124,125,-1,123,125,126,-1,126,125,127,-1,126,127,128,-1,128,127,129,-1,128,129,56,-1,56,129,130,-1,56,130,104,-1,131,132,133,-1,134,20,86,-1,135,30,136,-1,136,30,28,-1,136,28,137,-1,12,10,20,-1,20,10,14,-1,138,139,140,-1,140,139,141,-1,140,141,142,-1,142,143,140,-1,140,143,144,-1,140,144,145,-1,145,144,146,-1,146,147,145,-1,145,147,148,-1,145,148,149,-1,149,148,150,-1,149,150,151,-1,151,150,152,-1,153,35,154,-1,154,35,155,-1,154,155,150,-1,150,155,156,-1,150,156,152,-1,135,157,86,-1,86,157,158,-1,86,158,159,-1,159,160,86,-1,86,160,161,-1,86,161,131,-1,110,111,47,-1,47,111,86,-1,47,86,18,-1,18,86,20,-1,18,20,16,-1,16,20,14,-1,153,162,35,-1,35,162,163,-1,35,163,33,-1,33,163,164,-1,33,164,165,-1,166,31,167,-1,167,31,168,-1,131,169,132,-1,132,169,170,-1,132,170,171,-1,165,172,33,-1,33,172,173,-1,33,173,31,-1,31,173,174,-1,31,174,168,-1,166,175,176,-1,133,138,131,-1,131,138,140,-1,131,140,86,-1,86,140,177,-1,86,177,134,-1,171,178,132,-1,132,178,179,-1,132,179,166,-1,166,179,180,-1,166,180,175,-1,181,182,31,-1,31,182,183,-1,31,183,28,-1,28,183,184,-1,28,184,137,-1,176,185,166,-1,166,185,186,-1,166,186,31,-1,31,186,187,-1,31,187,181,-1,3,1,188,-1,188,1,24,-1,79,189,190,-1,86,191,192,-1,25,193,194,-1,190,195,79,-1,79,195,196,-1,79,196,197,-1,135,86,30,-1,30,86,192,-1,30,192,25,-1,25,192,198,-1,25,198,193,-1,194,199,25,-1,25,199,200,-1,25,200,24,-1,24,200,201,-1,24,201,188,-1,188,201,202,-1,188,202,203,-1,203,204,188,-1,188,204,205,-1,188,205,79,-1,79,205,206,-1,79,206,189,-1,197,207,79,-1,79,207,208,-1,79,208,86,-1,86,208,209,-1,86,209,210,-1,210,211,86,-1,86,211,212,-1,86,212,191,-1,22,21,213,-1,214,215,216,-1,216,215,217,-1,218,219,220,-1,221,222,223,-1,223,222,224,-1,223,224,225,-1,226,227,29,-1,29,227,228,-1,29,228,229,-1,229,230,29,-1,29,230,231,-1,29,231,218,-1,218,231,232,-1,218,232,219,-1,220,233,218,-1,218,233,234,-1,218,234,235,-1,213,236,22,-1,22,236,216,-1,22,216,26,-1,26,216,217,-1,26,217,29,-1,29,217,237,-1,29,237,226,-1,238,239,240,-1,240,239,218,-1,240,218,241,-1,241,218,235,-1,225,242,223,-1,223,242,243,-1,223,243,217,-1,217,243,244,-1,217,244,237,-1,223,245,221,-1,221,245,239,-1,221,239,246,-1,246,239,238,-1,247,248,249,-1,250,29,251,-1,251,29,218,-1,251,218,252,-1,252,218,253,-1,254,255,253,-1,253,255,40,-1,253,40,38,-1,7,247,8,-1,8,247,249,-1,8,249,250,-1,250,249,256,-1,257,258,259,-1,260,261,262,-1,262,261,263,-1,264,265,32,-1,258,266,259,-1,259,266,267,-1,259,267,268,-1,268,267,269,-1,268,269,270,-1,270,269,36,-1,270,36,271,-1,272,250,273,-1,273,250,256,-1,273,256,274,-1,274,256,262,-1,274,262,275,-1,275,262,263,-1,275,263,276,-1,259,277,257,-1,257,277,278,-1,257,278,262,-1,262,278,279,-1,262,279,260,-1,272,280,250,-1,250,280,281,-1,250,281,282,-1,276,283,275,-1,275,283,284,-1,275,284,285,-1,285,284,286,-1,285,286,287,-1,250,288,29,-1,29,288,289,-1,29,289,27,-1,27,289,290,-1,27,290,291,-1,292,286,293,-1,282,294,250,-1,250,294,295,-1,250,295,288,-1,292,296,286,-1,286,296,297,-1,286,297,287,-1,291,298,27,-1,27,298,299,-1,27,299,32,-1,32,299,300,-1,32,300,264,-1,32,301,302,-1,303,304,34,-1,34,304,305,-1,34,305,36,-1,36,305,306,-1,36,306,271,-1,293,301,292,-1,292,301,32,-1,292,32,307,-1,307,32,265,-1,302,308,32,-1,32,308,309,-1,32,309,34,-1,34,309,310,-1,34,310,303,-1,44,311,61,-1,61,311,312,-1,313,314,44,-1,44,314,315,-1,44,315,311,-1,316,317,218,-1,218,317,318,-1,218,318,319,-1,320,321,44,-1,44,321,322,-1,44,322,313,-1,323,324,73,-1,73,324,325,-1,73,325,72,-1,72,325,326,-1,72,326,327,-1,327,328,72,-1,72,328,329,-1,72,329,218,-1,218,329,330,-1,218,330,316,-1,312,331,61,-1,61,331,332,-1,61,332,333,-1,333,332,334,-1,333,334,335,-1,335,334,336,-1,335,336,323,-1,323,336,337,-1,323,337,324,-1,319,320,218,-1,218,320,44,-1,218,44,253,-1,253,44,49,-1,253,49,254,-1,338,339,239,-1,239,339,340,-1,239,340,218,-1,218,340,341,-1,218,341,342,-1,343,344,72,-1,72,344,345,-1,346,347,239,-1,239,347,348,-1,239,348,338,-1,342,349,218,-1,218,349,350,-1,218,350,72,-1,72,350,351,-1,72,351,343,-1,345,352,72,-1,72,352,353,-1,72,353,71,-1,71,353,354,-1,71,354,355,-1,355,356,71,-1,71,356,357,-1,71,357,358,-1,358,359,71,-1,71,359,360,-1,71,360,239,-1,239,360,361,-1,239,361,346,-1,56,61,333,-1,56,333,128,-1,128,333,335,-1,128,335,126,-1,126,335,323,-1,126,323,123,-1,123,323,73,-1,123,73,74,-1,362,149,151,-1,35,36,269,-1,35,269,155,-1,155,269,267,-1,155,267,156,-1,156,267,266,-1,156,266,152,-1,152,266,258,-1,152,258,151,-1,151,258,257,-1,151,257,362,-1,39,40,255,-1,39,255,363,-1,363,255,254,-1,363,254,364,-1,364,254,49,-1,364,49,51,-1,362,257,365,-1,365,257,262,-1,366,250,251,-1,177,140,367,-1,262,256,365,-1,365,256,368,-1,365,368,367,-1,367,368,366,-1,367,366,177,-1,177,366,251,-1,251,252,177,-1,177,252,134,-1,19,20,134,-1,19,134,369,-1,369,134,252,-1,369,252,253,-1,369,253,37,-1,37,253,38,-1,370,368,249,-1,249,368,256,-1,371,370,248,-1,248,370,249,-1,372,371,247,-1,247,371,248,-1,5,372,7,-1,7,372,247,-1,373,374,375,-1,6,8,376,-1,376,8,250,-1,376,250,377,-1,377,250,366,-1,377,366,373,-1,373,366,374,-1,378,375,374,-1,5,4,372,-1,372,4,379,-1,366,368,370,-1,374,366,378,-1,378,366,370,-1,378,370,379,-1,379,370,371,-1,379,371,372,-1,380,367,145,-1,145,367,140,-1,362,380,149,-1,149,380,145,-1,380,362,367,-1,367,362,365,-1,381,50,382,-1,382,50,52,-1,382,52,383,-1,383,52,53,-1,383,53,384,-1,384,53,43,-1,384,43,385,-1,385,43,42,-1,385,42,386,-1,386,42,66,-1,386,66,387,-1,387,66,65,-1,387,65,388,-1,388,65,64,-1,388,64,389,-1,389,64,63,-1,389,63,390,-1,390,63,62,-1,390,62,391,-1,391,62,60,-1,391,60,392,-1,392,60,59,-1,392,59,393,-1,393,59,58,-1,393,58,394,-1,394,58,57,-1,394,57,395,-1,395,57,55,-1,395,55,396,-1,396,55,54,-1,396,54,397,-1,397,54,48,-1,397,48,398,-1,398,48,46,-1,398,46,399,-1,399,46,45,-1,399,45,400,-1,400,45,41,-1,401,396,397,-1,397,398,401,-1,401,398,399,-1,401,399,400,-1,381,382,402,-1,402,382,383,-1,383,384,402,-1,402,384,385,-1,402,385,401,-1,401,385,386,-1,401,386,387,-1,387,388,401,-1,401,388,389,-1,401,389,390,-1,390,391,401,-1,401,391,392,-1,401,392,393,-1,393,394,401,-1,401,394,395,-1,401,395,396,-1,403,19,404,-1,404,19,369,-1,403,401,400,-1,9,11,19,-1,403,400,19,-1,19,400,41,-1,19,41,17,-1,17,15,19,-1,19,15,13,-1,19,13,9,-1,369,50,404,-1,404,50,381,-1,404,381,402,-1,37,39,369,-1,369,39,363,-1,363,364,369,-1,369,364,51,-1,369,51,50,-1,404,402,403,-1,403,402,401,-1,376,379,6,-1,6,379,4,-1,378,377,375,-1,375,377,373,-1,378,379,377,-1,377,379,376,-1,
        ]
    }
}
Shape{
    appearance Appearance {
        material  Material 	{
            diffuseColor 0.792156862745098 0.8196078431372549 0.9333333333333333
            specularColor 0.396078431372549 0.4117647058823529 0.4666666666666667
            ambientIntensity 0.8244
            transparency 0.0
            shininess 0.5
        }
    }
    geometry IndexedFaceSet {
        ccw TRUE
        solid FALSE
        coord DEF co Coordinate {
            point [
                -1.1221 1.472 3.4045, 0.2559 1.472 3.4045, -1.1221 1.523 3.4112, 0.2559 1.523 3.4112, -1.1221 1.5705 3.4309, 0.2559 1.5705 3.4309, -1.1221 1.6112 3.4622, 0.2559 1.6112 3.4622, -1.1221 1.6425 3.503, 0.2559 1.6425 3.503, -1.1221 1.6622 3.5504, 0.2559 1.6622 3.5504, -1.1221 1.6689 3.6014, 0.2559 1.6689 3.6014, -1.1221 1.6622 3.6523, 0.2559 1.6622 3.6523, -1.1221 1.6425 3.6998, 0.2559 1.6425 3.6998, -1.1221 1.6112 3.7406, 0.2559 1.6112 3.7406, -1.1221 1.5705 3.7719, 0.2559 1.5705 3.7719, -1.1221 1.523 3.7915, 0.2559 1.523 3.7915, -1.1221 1.472 3.7982, 0.2559 1.472 3.7982, -1.1221 1.4211 3.7915, 0.2559 1.4211 3.7915, -1.1221 1.3736 3.7719, 0.2559 1.3736 3.7719, -1.1221 1.3329 3.7406, 0.2559 1.3329 3.7406, -1.1221 1.3016 3.6998, 0.2559 1.3016 3.6998, -1.1221 1.2819 3.6523, 0.2559 1.2819 3.6523, -1.1221 1.2752 3.6014, 0.2559 1.2752 3.6014, -1.1221 1.2819 3.5504, 0.2559 1.2819 3.5504, -1.1221 1.3016 3.503, 0.2559 1.3016 3.503, -1.1221 1.3329 3.4622, 0.2559 1.3329 3.4622, -1.1221 1.3736 3.4309, 0.2559 1.3736 3.4309, -1.1221 1.4211 3.4112, 0.2559 1.4211 3.4112, -1.1221 1.472 2.4989, 0.2559 1.472 2.4989, -1.1221 1.523 2.5056, 0.2559 1.523 2.5056, -1.1221 1.5705 2.5253, 0.2559 1.5705 2.5253, -1.1221 1.6112 2.5566, 0.2559 1.6112 2.5566, -1.1221 1.6425 2.5974, 0.2559 1.6425 2.5974, -1.1221 1.6622 2.6448, 0.2559 1.6622 2.6448, -1.1221 1.6689 2.6958, 0.2559 1.6689 2.6958, -1.1221 1.6622 2.7467, 0.2559 1.6622 2.7467, -1.1221 1.6425 2.7942, 0.2559 1.6425 2.7942, -1.1221 1.6112 2.835, 0.2559 1.6112 2.835, -1.1221 1.5705 2.8663, 0.2559 1.5705 2.8663, -1.1221 1.523 2.8859, 0.2559 1.523 2.8859, -1.1221 1.472 2.8926, 0.2559 1.472 2.8926, -1.1221 1.4211 2.8859, 0.2559 1.4211 2.8859, -1.1221 1.3736 2.8663, 0.2559 1.3736 2.8663, -1.1221 1.3329 2.835, 0.2559 1.3329 2.835, -1.1221 1.3016 2.7942, 0.2559 1.3016 2.7942, -1.1221 1.2819 2.7467, 0.2559 1.2819 2.7467, -1.1221 1.2752 2.6958, 0.2559 1.2752 2.6958, -1.1221 1.2819 2.6448, 0.2559 1.2819 2.6448, -1.1221 1.3016 2.5974, 0.2559 1.3016 2.5974, -1.1221 1.3329 2.5566, 0.2559 1.3329 2.5566, -1.1221 1.3736 2.5253, 0.2559 1.3736 2.5253, -1.1221 1.4211 2.5056, 0.2559 1.4211 2.5056, -1.1221 -2.5392 2.6452, 0.2559 -2.5392 2.6452, -1.1221 -2.4883 2.6519, 0.2559 -2.4883 2.6519, -1.1221 -2.4408 2.6716, 0.2559 -2.4408 2.6716, -1.1221 -2.4 2.7029, 0.2559 -2.4 2.7029, -1.1221 -2.3687 2.7436, 0.2559 -2.3687 2.7436, -1.1221 -2.3491 2.7911, 0.2559 -2.3491 2.7911, -1.1221 -2.3424 2.8421, 0.2559 -2.3424 2.8421, -1.1221 -2.3491 2.893, 0.2559 -2.3491 2.893, -1.1221 -2.3687 2.9405, 0.2559 -2.3687 2.9405, -1.1221 -2.4 2.9812, 0.2559 -2.4 2.9812, -1.1221 -2.4408 3.0125, 0.2559 -2.4408 3.0125, -1.1221 -2.4883 3.0322, 0.2559 -2.4883 3.0322, -1.1221 -2.5392 3.0389, 0.2559 -2.5392 3.0389, -1.1221 -2.5902 3.0322, 0.2559 -2.5902 3.0322, -1.1221 -2.6377 3.0125, 0.2559 -2.6377 3.0125, -1.1221 -2.6784 2.9812, 0.2559 -2.6784 2.9812, -1.1221 -2.7097 2.9405, 0.2559 -2.7097 2.9405, -1.1221 -2.7294 2.893, 0.2559 -2.7294 2.893, -1.1221 -2.7361 2.8421, 0.2559 -2.7361 2.8421, -1.1221 -2.7294 2.7911, 0.2559 -2.7294 2.7911, -1.1221 -2.7097 2.7436, 0.2559 -2.7097 2.7436, -1.1221 -2.6784 2.7029, 0.2559 -2.6784 2.7029, -1.1221 -2.6377 2.6716, 0.2559 -2.6377 2.6716, -1.1221 -2.5902 2.6519, 0.2559 -2.5902 2.6519, -1.1221 -1.6535 1.0444, 0.2559 -1.6535 1.0444, -1.1221 -1.6026 1.0511, 0.2559 -1.6026 1.0511, -1.1221 -1.5551 1.0708, 0.2559 -1.5551 1.0708, -1.1221 -1.5143 1.1021, 0.2559 -1.5143 1.1021, -1.1221 -1.483 1.1428, 0.2559 -1.483 1.1428, -1.1221 -1.4634 1.1903, 0.2559 -1.4634 1.1903, -1.1221 -1.4567 1.2412, 0.2559 -1.4567 1.2412, -1.1221 -1.4634 1.2922, 0.2559 -1.4634 1.2922, -1.1221 -1.483 1.3397, 0.2559 -1.483 1.3397, -1.1221 -1.5143 1.3804, 0.2559 -1.5143 1.3804, -1.1221 -1.5551 1.4117, 0.2559 -1.5551 1.4117, -1.1221 -1.6026 1.4314, 0.2559 -1.6026 1.4314, -1.1221 -1.6535 1.4381, 0.2559 -1.6535 1.4381, -1.1221 -1.7045 1.4314, 0.2559 -1.7045 1.4314, -1.1221 -1.7519 1.4117, 0.2559 -1.7519 1.4117, -1.1221 -1.7927 1.3804, 0.2559 -1.7927 1.3804, -1.1221 -1.824 1.3397, 0.2559 -1.824 1.3397, -1.1221 -1.8436 1.2922, 0.2559 -1.8436 1.2922, -1.1221 -1.8504 1.2412, 0.2559 -1.8504 1.2412, -1.1221 -1.8436 1.1903, 0.2559 -1.8436 1.1903, -1.1221 -1.824 1.1428, 0.2559 -1.824 1.1428, -1.1221 -1.7927 1.1021, 0.2559 -1.7927 1.1021, -1.1221 -1.7519 1.0708, 0.2559 -1.7519 1.0708, -1.1221 -1.7045 1.0511, 0.2559 -1.7045 1.0511, -1.1221 -2.5392 0.3212, 0.2559 -2.5392 0.3212, -1.1221 -2.4883 0.3279, 0.2559 -2.4883 0.3279, -1.1221 -2.4408 0.3476, 0.2559 -2.4408 0.3476, -1.1221 -2.4 0.3788, 0.2559 -2.4 0.3788, -1.1221 -2.3687 0.4196, 0.2559 -2.3687 0.4196, -1.1221 -2.3491 0.4671, 0.2559 -2.3491 0.4671, -1.1221 -2.3424 0.518, 0.2559 -2.3424 0.518, -1.1221 -2.3491 0.569, 0.2559 -2.3491 0.569, -1.1221 -2.3687 0.6165, 0.2559 -2.3687 0.6165, -1.1221 -2.4 0.6572, 0.2559 -2.4 0.6572, -1.1221 -2.4408 0.6885, 0.2559 -2.4408 0.6885, -1.1221 -2.4883 0.7082, 0.2559 -2.4883 0.7082, -1.1221 -2.5392 0.7149, 0.2559 -2.5392 0.7149, -1.1221 -2.5902 0.7082, 0.2559 -2.5902 0.7082, -1.1221 -2.6377 0.6885, 0.2559 -2.6377 0.6885, -1.1221 -2.6784 0.6572, 0.2559 -2.6784 0.6572, -1.1221 -2.7097 0.6165, 0.2559 -2.7097 0.6165, -1.1221 -2.7294 0.569, 0.2559 -2.7294 0.569, -1.1221 -2.7361 0.518, 0.2559 -2.7361 0.518, -1.1221 -2.7294 0.4671, 0.2559 -2.7294 0.4671, -1.1221 -2.7097 0.4196, 0.2559 -2.7097 0.4196, -1.1221 -2.6784 0.3788, 0.2559 -2.6784 0.3788, -1.1221 -2.6377 0.3476, 0.2559 -2.6377 0.3476, -1.1221 -2.5902 0.3279, 0.2559 -2.5902 0.3279
            ]
        }
        coordIndex [
            0,1,2,-1,2,1,3,-1,2,3,4,-1,4,3,5,-1,4,5,6,-1,6,5,7,-1,6,7,8,-1,8,7,9,-1,8,9,10,-1,10,9,11,-1,10,11,12,-1,12,11,13,-1,12,13,14,-1,14,13,15,-1,14,15,16,-1,16,15,17,-1,16,17,18,-1,18,17,19,-1,18,19,20,-1,20,19,21,-1,20,21,22,-1,22,21,23,-1,22,23,24,-1,24,23,25,-1,24,25,26,-1,26,25,27,-1,26,27,28,-1,28,27,29,-1,28,29,30,-1,30,29,31,-1,30,31,32,-1,32,31,33,-1,32,33,34,-1,34,33,35,-1,34,35,36,-1,36,35,37,-1,36,37,38,-1,38,37,39,-1,38,39,40,-1,40,39,41,-1,40,41,42,-1,42,41,43,-1,42,43,44,-1,44,43,45,-1,44,45,46,-1,46,45,47,-1,46,47,0,-1,0,47,1,-1,48,49,50,-1,50,49,51,-1,50,51,52,-1,52,51,53,-1,52,53,54,-1,54,53,55,-1,54,55,56,-1,56,55,57,-1,56,57,58,-1,58,57,59,-1,58,59,60,-1,60,59,61,-1,60,61,62,-1,62,61,63,-1,62,63,64,-1,64,63,65,-1,64,65,66,-1,66,65,67,-1,66,67,68,-1,68,67,69,-1,68,69,70,-1,70,69,71,-1,70,71,72,-1,72,71,73,-1,72,73,74,-1,74,73,75,-1,74,75,76,-1,76,75,77,-1,76,77,78,-1,78,77,79,-1,78,79,80,-1,80,79,81,-1,80,81,82,-1,82,81,83,-1,82,83,84,-1,84,83,85,-1,84,85,86,-1,86,85,87,-1,86,87,88,-1,88,87,89,-1,88,89,90,-1,90,89,91,-1,90,91,92,-1,92,91,93,-1,92,93,94,-1,94,93,95,-1,94,95,48,-1,48,95,49,-1,96,97,98,-1,98,97,99,-1,98,99,100,-1,100,99,101,-1,100,101,102,-1,102,101,103,-1,102,103,104,-1,104,103,105,-1,104,105,106,-1,106,105,107,-1,106,107,108,-1,108,107,109,-1,108,109,110,-1,110,109,111,-1,110,111,112,-1,112,111,113,-1,112,113,114,-1,114,113,115,-1,114,115,116,-1,116,115,117,-1,116,117,118,-1,118,117,119,-1,118,119,120,-1,120,119,121,-1,120,121,122,-1,122,121,123,-1,122,123,124,-1,124,123,125,-1,124,125,126,-1,126,125,127,-1,126,127,128,-1,128,127,129,-1,128,129,130,-1,130,129,131,-1,130,131,132,-1,132,131,133,-1,132,133,134,-1,134,133,135,-1,134,135,136,-1,136,135,137,-1,136,137,138,-1,138,137,139,-1,138,139,140,-1,140,139,141,-1,140,141,142,-1,142,141,143,-1,142,143,96,-1,96,143,97,-1,144,145,146,-1,146,145,147,-1,146,147,148,-1,148,147,149,-1,148,149,150,-1,150,149,151,-1,150,151,152,-1,152,151,153,-1,152,153,154,-1,154,153,155,-1,154,155,156,-1,156,155,157,-1,156,157,158,-1,158,157,159,-1,158,159,160,-1,160,159,161,-1,160,161,162,-1,162,161,163,-1,162,163,164,-1,164,163,165,-1,164,165,166,-1,166,165,167,-1,166,167,168,-1,168,167,169,-1,168,169,170,-1,170,169,171,-1,170,171,172,-1,172,171,173,-1,172,173,174,-1,174,173,175,-1,174,175,176,-1,176,175,177,-1,176,177,178,-1,178,177,179,-1,178,179,180,-1,180,179,181,-1,180,181,182,-1,182,181,183,-1,182,183,184,-1,184,183,185,-1,184,185,186,-1,186,185,187,-1,186,187,188,-1,188,187,189,-1,188,189,190,-1,190,189,191,-1,190,191,144,-1,144,191,145,-1,192,193,194,-1,194,193,195,-1,194,195,196,-1,196,195,197,-1,196,197,198,-1,198,197,199,-1,198,199,200,-1,200,199,201,-1,200,201,202,-1,202,201,203,-1,202,203,204,-1,204,203,205,-1,204,205,206,-1,206,205,207,-1,206,207,208,-1,208,207,209,-1,208,209,210,-1,210,209,211,-1,210,211,212,-1,212,211,213,-1,212,213,214,-1,214,213,215,-1,214,215,216,-1,216,215,217,-1,216,217,218,-1,218,217,219,-1,218,219,220,-1,220,219,221,-1,220,221,222,-1,222,221,223,-1,222,223,224,-1,224,223,225,-1,224,225,226,-1,226,225,227,-1,226,227,228,-1,228,227,229,-1,228,229,230,-1,230,229,231,-1,230,231,232,-1,232,231,233,-1,232,233,234,-1,234,233,235,-1,234,235,236,-1,236,235,237,-1,236,237,238,-1,238,237,239,-1,238,239,192,-1,192,239,193,-1,
        ]
    }
}
Shape{
    appearance Appearance {
        material  Material 	{
            diffuseColor 0.32941176470588235 0.32941176470588235 0.3843137254901961
            specularColor 0.023529411764705882 0.023529411764705882 0.027450980392156862
            ambientIntensity 0.4795
            transparency 0.0
            shininess 0.5
        }
    }
    geometry IndexedFaceSet {
        ccw TRUE
        solid FALSE
        coord DEF co Coordinate {
            point [
                0.2559 -2.0964 0.2362, 0.2559 -2.5591 0.2362, -0.7284 -2.5591 0.2362, -1.1221 -0.7874 0.2362, -1.1221 0.7874 0.2362, -0.3347 -0.7874 0.2362, -0.3347 0.7874 0.2362, -0.7284 -2.874 0.2362, -1.1221 -2.874 0.2362, -1.1221 -2.0964 0.2362, -1.1221 1.8504 0.2362, -0.7284 1.8504 0.2362, -1.1221 1.1811 0.2362, -0.7284 1.5354 0.2362, -0.3347 1.1811 0.2362, 0.2559 1.5354 0.2362, -0.3347 -1.1811 0.2362, -1.1221 -1.1811 0.2362, -0.7284 1.5354 0.0394, 0.2559 1.5354 0.0394, -0.7284 -2.5591 0.0394, 0.2559 -2.5591 0.0394, -0.7284 -2.874 0.0394, -0.7284 1.8504 0.0394, -1.1221 0.7874 0.3937, -0.3347 0.7874 0.3937, -0.3347 1.1811 0.3937, -1.1221 1.1811 0.3937, -0.3347 -1.1811 0.3937, -0.3347 -0.7874 0.3937, -1.1221 -0.7874 0.3937, -1.1221 -1.1811 0.3937, -0.8563 -1.063 0.3937, -0.8563 -0.9055 0.3937, -0.5217 -0.9055 0.3937, -0.5217 -1.063 0.3937
            ]
        }
        coordIndex [
            0,1,2,-1,3,4,5,-1,5,4,6,-1,7,8,2,-1,2,8,9,-1,2,9,0,-1,10,11,12,-1,12,11,13,-1,12,13,14,-1,14,13,15,-1,14,15,6,-1,6,15,5,-1,5,15,0,-1,5,0,16,-1,16,0,9,-1,16,9,17,-1,18,19,13,-1,13,19,15,-1,2,1,20,-1,20,1,21,-1,7,2,22,-1,22,2,20,-1,23,18,11,-1,11,18,13,-1,24,25,4,-1,4,25,6,-1,25,26,6,-1,6,26,14,-1,26,27,14,-1,14,27,12,-1,26,25,27,-1,27,25,24,-1,28,29,16,-1,16,29,5,-1,29,30,5,-1,5,30,3,-1,31,28,17,-1,17,28,16,-1,32,31,33,-1,33,31,30,-1,33,30,34,-1,34,30,29,-1,34,29,35,-1,35,29,28,-1,35,28,32,-1,32,28,31,-1,
        ]
    }
}
Shape{
    appearance Appearance {
        material  Material 	{
            diffuseColor 0.6470588235294118 0.6196078431372549 0.5882352941176471
            specularColor 0.45098039215686275 0.43529411764705883 0.4117647058823529
            ambientIntensity 0.6242
            transparency 0.0
            shininess 0.5
        }
    }
    geometry IndexedFaceSet {
        ccw TRUE
        solid FALSE
        coord DEF co Coordinate {
            point [
                -0.5217 -1.063 -0.9463, -0.8563 -1.063 -0.9463, -0.5217 -1.063 -1.063, -0.8563 -1.063 -1.063, -0.6004 -1.063 -1.378, -0.7776 -1.063 -1.378, -0.6004 -0.9055 -1.378, -0.7776 -0.9055 -1.378, -0.8563 -0.9055 -1.0179, -0.5217 -0.9055 -1.0179, -0.5217 -0.9055 -1.063, -0.8563 -0.9055 -1.063, -0.8563 -0.8331 -0.921, -0.5217 -0.8331 -0.921, -0.8563 -0.7877 -0.8089, -0.5217 -0.7877 -0.8089, -0.8563 -0.7722 -0.689, -0.5217 -0.7722 -0.689, -0.8563 -0.7877 -0.569, -0.5217 -0.7877 -0.569, -0.8563 -0.8331 -0.4569, -0.5217 -0.8331 -0.4569, -0.8563 -0.9055 -0.3601, -0.5217 -0.9055 -0.3601, -0.5217 -0.9055 0.3937, -0.8563 -0.9055 0.3937, -0.5217 -1.063 -0.4317, -0.5217 -1.063 0.3937, -0.8563 -1.063 -0.4317, -0.8563 -1.063 0.3937, -0.5217 -1.0072 -0.482, -0.8563 -1.0072 -0.482, -0.5217 -0.965 -0.5441, -0.8563 -0.965 -0.5441, -0.5217 -0.9387 -0.6144, -0.8563 -0.9387 -0.6144, -0.5217 -0.9297 -0.689, -0.8563 -0.9297 -0.689, -0.5217 -0.9387 -0.7635, -0.8563 -0.9387 -0.7635, -0.5217 -0.965 -0.8339, -0.8563 -0.965 -0.8339, -0.5217 -1.0072 -0.8959, -0.8563 -1.0072 -0.8959
            ]
        }
        coordIndex [
            0,1,2,-1,2,1,3,-1,2,3,4,-1,4,3,5,-1,4,5,6,-1,6,5,7,-1,8,9,10,-1,8,10,11,-1,11,10,6,-1,11,6,7,-1,9,8,12,-1,9,12,13,-1,13,12,14,-1,13,14,15,-1,15,14,16,-1,15,16,17,-1,17,16,18,-1,17,18,19,-1,19,18,20,-1,19,20,21,-1,21,20,22,-1,21,22,23,-1,24,23,25,-1,25,23,22,-1,26,27,28,-1,28,27,29,-1,26,28,30,-1,30,28,31,-1,30,31,32,-1,32,31,33,-1,32,33,34,-1,34,33,35,-1,34,35,36,-1,36,35,37,-1,36,37,38,-1,38,37,39,-1,38,39,40,-1,40,39,41,-1,40,41,42,-1,42,41,43,-1,42,43,0,-1,0,43,1,-1,23,24,27,-1,2,10,0,-1,0,10,9,-1,27,26,23,-1,23,26,30,-1,23,30,21,-1,21,30,32,-1,21,32,19,-1,19,32,34,-1,19,34,17,-1,17,34,36,-1,17,36,15,-1,15,36,38,-1,15,38,13,-1,13,38,40,-1,13,40,9,-1,9,40,42,-1,9,42,0,-1,8,11,3,-1,29,25,28,-1,28,25,22,-1,3,1,8,-1,8,1,43,-1,8,43,12,-1,12,43,41,-1,12,41,14,-1,14,41,39,-1,14,39,16,-1,16,39,37,-1,16,37,18,-1,18,37,35,-1,18,35,20,-1,20,35,33,-1,20,33,22,-1,22,33,31,-1,22,31,28,-1,5,3,7,-1,7,3,11,-1,2,4,10,-1,10,4,6,-1,
        ]
    }
}
Shape{
    appearance Appearance {
        material  Material 	{
            diffuseColor 0.32941176470588235 0.32941176470588235 0.3843137254901961
            specularColor 0.023529411764705882 0.023529411764705882 0.027450980392156862
            ambientIntensity 0.4795
            transparency 0.0
            shininess 0.5
        }
    }
    geometry IndexedFaceSet {
        ccw TRUE
        solid FALSE
        coord DEF co Coordinate {
            point [
                0.8563 1.063 0.3937, 1.0433 1.1811 0.3937, 0.8563 0.9055 0.3937, 1.0433 0.7874 0.3937, 0.5216 0.9055 0.3937, 0.2559 0.7874 0.3937, 0.5216 1.063 0.3937, 0.2559 1.1811 0.3937, 0.6496 1.8504 0.0394, 1.6339 1.8504 0.0394, 0.6496 1.5354 0.0394, 1.6339 1.5354 0.0394, 1.2402 0.6637 5.2384, 1.2402 0.8777 5.2384, 0.5315 -0.0449 5.2384, 0.2559 0.8777 5.2384, 0.2559 -0.0449 5.2384, 1.2992 -0.8726 4.6457, 1.6339 -0.8726 4.6457, 1.2992 -0.2278 4.6457, 1.6339 -0.2278 4.6457, 1.2992 -1.0242 4.6259, 1.6339 -1.0242 4.6259, 1.2992 -1.1657 4.5678, 1.6339 -1.1657 4.5678, 1.2992 -1.2875 4.4754, 1.6339 -1.2875 4.4754, 1.2992 -0.2278 4.2618, 1.6339 -0.2278 4.2618, 0.2559 1.8504 0.2362, 0.2559 1.8504 1.6091, 0.6496 1.8504 0.2362, 1.6339 1.8504 1.6091, 1.6339 1.7454 1.7005, 0.2559 1.7454 1.7005, 0.2559 1.7454 2.2379, 1.6339 1.7454 2.2379, 0.2559 1.7454 1.9685, 1.6339 1.7454 1.9685, 1.6339 1.8504 2.3132, 0.2559 1.8504 2.3132, 1.6339 1.8504 3.6325, 0.2559 1.8504 3.6325, 1.6339 1.5698 4.2876, 0.2559 1.5698 4.2876, 0.5905 -0.2278 4.6457, 0.2559 -0.2278 4.6457, 0.5905 -0.8726 4.6457, 0.2559 -0.8726 4.6457, 1.2992 -1.711 4.0572, 1.3873 -1.7834 3.9858, 1.4471 -1.8692 3.9011, 1.6339 -2.0964 3.6768, 1.4747 -1.9629 3.8085, 0.5905 -1.711 4.0572, 0.5905 -1.2875 4.4754, 0.5024 -1.7834 3.9858, 0.2559 -1.2875 4.4754, 1.4683 -2.0586 3.7141, 1.4284 -2.15 3.6238, 1.6339 -2.6984 3.0825, 1.3574 -2.2314 3.5435, 1.26 -2.2975 3.4782, 1.1424 -2.3441 3.4323, 1.0122 -2.3681 3.4085, 0.2559 -2.6984 3.0825, 0.8776 -2.3681 3.4085, 0.7473 -2.3441 3.4323, 0.6297 -2.2975 3.4782, 0.5323 -2.2314 3.5435, 0.2559 -2.0964 3.6768, 0.4614 -2.15 3.6238, 0.4214 -2.0586 3.7141, 0.4151 -1.9629 3.8085, 0.4426 -1.8692 3.9011, 0.6496 -2.874 0.0394, 1.6339 -2.874 0.0394, 0.6496 -2.874 0.2362, 1.6339 -2.874 1.9685, 0.2559 -2.874 0.2362, 0.2559 -2.874 1.9685, 0.2559 -2.874 2.6622, 1.6339 -2.874 2.6622, 0.6496 -2.5591 0.0394, 1.6339 -2.5591 0.0394, 1.6339 -2.3491 0.4671, 1.6339 -2.3687 0.4196, 1.6339 -2.0964 0.2362, 1.6339 -2.6784 0.6572, 1.6339 -2.6377 0.6885, 1.6339 -2.5902 0.3279, 1.6339 -2.5591 0.2362, 1.6339 -2.5392 0.3212, 1.6339 -2.7097 0.6165, 1.6339 -2.0964 1.9685, 1.6339 -2.3491 0.569, 1.6339 -2.3424 0.518, 1.6339 -2.4408 0.6885, 1.6339 -2.4 0.6572, 1.6339 -2.3687 0.6165, 1.6339 -2.4 0.3788, 1.6339 -2.4408 0.3476, 1.6339 -2.4883 0.3279, 1.6339 -2.6377 0.3476, 1.6339 -2.6784 0.3788, 1.6339 -2.7097 0.4196, 1.6339 -2.7294 0.4671, 1.6339 -2.7361 0.518, 1.6339 -2.7294 0.569, 1.6339 -2.5902 0.7082, 1.6339 -2.5392 0.7149, 1.6339 -2.4883 0.7082, 1.6339 -2.6377 3.0125, 1.6339 -2.5902 3.0322, 1.6339 -2.4883 3.0322, 1.6339 -2.4408 3.0125, 1.6339 -2.4 2.9812, 1.6339 -2.3687 2.9405, 1.6339 -2.3491 2.893, 1.6339 -2.3424 2.8421, 1.6339 -2.3491 2.7911, 1.6339 -2.3687 2.7436, 1.6339 -2.4 2.7029, 1.6339 -2.4408 2.6716, 1.6339 -2.4883 2.6519, 1.6339 -2.5392 2.6452, 1.6339 -2.5902 2.6519, 1.6339 -2.5392 3.0389, 1.6339 -2.6377 2.6716, 1.6339 -2.6784 2.7029, 1.6339 -2.7097 2.7436, 1.6339 -2.8625 2.7784, 1.6339 -2.7294 2.7911, 1.6339 -2.7361 2.8421, 1.6339 -2.8283 2.89, 1.6339 -2.7294 2.893, 1.6339 -2.7729 2.9927, 1.6339 -2.7097 2.9405, 1.6339 -2.6784 2.9812, 1.6339 1.2819 2.7467, 1.6339 1.472 3.4045, 1.6339 1.4211 3.4112, 1.6339 -0.0769 4.2618, 1.6339 1.4211 2.5056, 1.6339 1.472 2.4989, 1.6339 1.523 2.5056, 1.6339 1.3736 3.4309, 1.6339 1.3329 3.4622, 1.6339 0.6781 3.727, 1.6339 1.3016 3.503, 1.6339 1.2819 3.5504, 1.6339 1.2752 3.6014, 1.6339 1.2819 3.6523, 1.6339 0.6781 4.644, 1.6339 1.3016 3.6998, 1.6339 1.3329 3.7406, 1.6339 1.3736 3.7719, 1.6339 1.0718 4.644, 1.6339 1.4211 3.7915, 1.6339 1.1982 4.6203, 1.6339 1.3163 4.5699, 1.6339 1.523 3.7915, 1.6339 1.472 3.7982, 1.6339 1.5067 4.3995, 1.6339 1.4208 4.4951, 1.6339 1.3736 2.5253, 1.6339 1.3329 2.5566, 1.6339 1.3016 2.5974, 1.6339 1.2819 2.6448, 1.6339 1.2752 2.6958, 1.6339 1.5705 3.7719, 1.6339 1.6112 3.7406, 1.6339 1.6425 3.6998, 1.6339 1.6622 3.6523, 1.6339 1.523 3.4112, 1.6339 1.5705 3.4309, 1.6339 1.6112 3.4622, 1.6339 1.3016 2.7942, 1.6339 1.3329 2.835, 1.6339 1.3736 2.8663, 1.6339 1.6689 3.6014, 1.6339 1.6622 3.5504, 1.6339 1.6425 3.503, 1.6339 1.5705 2.8663, 1.6339 1.6112 2.835, 1.6339 -0.0769 3.727, 1.6339 1.4211 2.8859, 1.6339 1.472 2.8926, 1.6339 1.523 2.8859, 1.6339 1.6622 2.6448, 1.6339 1.6425 2.5974, 1.6339 1.6112 2.5566, 1.6339 1.5705 2.5253, 1.6339 1.6425 2.7942, 1.6339 1.6622 2.7467, 1.6339 1.6689 2.6958, 1.6339 1.5354 0.2362, 1.6339 -1.6535 1.0444, 1.6339 -1.7045 1.0511, 1.6339 -1.7045 1.4314, 1.6339 -1.6535 1.4381, 1.6339 -1.5551 1.4117, 1.6339 -1.5143 1.3804, 1.6339 -1.7519 1.0708, 1.6339 -1.7927 1.1021, 1.6339 -1.824 1.1428, 1.6339 -1.6026 1.4314, 1.6339 -1.483 1.3397, 1.6339 -1.4634 1.2922, 1.6339 -1.4567 1.2412, 1.6339 -1.4634 1.1903, 1.6339 -1.483 1.1428, 1.6339 -1.5143 1.1021, 1.6339 -1.5551 1.0708, 1.6339 -1.6026 1.0511, 1.6339 -1.8436 1.1903, 1.6339 -1.8504 1.2412, 1.6339 -1.8436 1.2922, 1.6339 -1.824 1.3397, 1.6339 -1.7927 1.3804, 1.6339 -1.7519 1.4117, 0.2559 1.1811 0.2362, 0.2559 0.7874 0.2362, 0.2559 -0.7874 0.2362, 0.2559 -0.7874 0.3937, 0.2559 -2.0964 1.9685, 0.2559 -1.6535 1.4381, 0.2559 -1.7045 1.4314, 0.2559 -1.7927 1.1021, 0.2559 -1.7519 1.0708, 0.2559 -1.1811 0.3937, 0.2559 -1.7045 1.0511, 0.2559 -1.6535 1.0444, 0.2559 -1.4634 1.1903, 0.2559 -1.4567 1.2412, 0.2559 -1.4634 1.2922, 0.2559 -1.483 1.3397, 0.2559 -1.5143 1.3804, 0.2559 -1.5551 1.4117, 0.2559 -1.6026 1.4314, 0.2559 -1.7519 1.4117, 0.2559 -1.7927 1.3804, 0.2559 -1.824 1.3397, 0.2559 -1.483 1.1428, 0.2559 -1.8436 1.1903, 0.2559 -2.0964 0.2362, 0.2559 -1.8504 1.2412, 0.2559 -1.8436 1.2922, 0.2559 -1.6026 1.0511, 0.2559 -1.5551 1.0708, 0.2559 -1.5143 1.1021, 0.2559 -1.1811 0.2362, 0.2559 -1.824 1.1428, 0.2559 1.0255 4.8401, 0.2559 1.0255 4.4607, 0.2559 0.8704 4.4607, 0.2559 -0.0449 3.727, 0.2559 -0.0769 3.727, 0.2559 -0.0769 4.2618, 0.2559 -0.2278 4.2618, 0.2559 -1.1657 4.5678, 0.2559 -1.0242 4.6259, 0.2559 0.8704 3.727, 0.2559 1.0718 4.644, 0.2559 1.1982 4.6203, 0.2559 1.4211 3.7915, 0.2559 1.2819 3.6523, 0.2559 1.2752 3.6014, 0.2559 1.0718 3.727, 0.2559 1.2819 3.5504, 0.2559 1.6425 2.5974, 0.2559 1.6622 2.6448, 0.2559 1.3163 4.5699, 0.2559 1.4208 4.4951, 0.2559 1.472 3.7982, 0.2559 1.5067 4.3995, 0.2559 1.523 3.7915, 0.2559 1.5705 3.7719, 0.2559 1.3329 2.835, 0.2559 1.3736 2.8663, 0.2559 1.4211 2.8859, 0.2559 1.472 2.8926, 0.2559 1.3016 3.503, 0.2559 1.3736 3.7719, 0.2559 1.3329 3.7406, 0.2559 1.3016 3.6998, 0.2559 1.3016 2.7942, 0.2559 1.2819 2.7467, 0.2559 1.2752 2.6958, 0.2559 1.3329 3.4622, 0.2559 1.3736 3.4309, 0.2559 1.523 2.8859, 0.2559 1.4211 3.4112, 0.2559 1.5705 2.8663, 0.2559 1.3329 2.5566, 0.2559 1.3736 2.5253, 0.2559 1.4211 2.5056, 0.2559 1.472 2.4989, 0.2559 1.6622 2.7467, 0.2559 1.472 3.4045, 0.2559 1.2819 2.6448, 0.2559 1.3016 2.5974, 0.2559 1.6425 2.7942, 0.2559 1.6112 2.835, 0.2559 1.523 2.5056, 0.2559 1.5705 2.5253, 0.2559 1.6112 2.5566, 0.2559 1.523 3.4112, 0.2559 1.5705 3.4309, 0.2559 1.6689 3.6014, 0.2559 1.6622 3.6523, 0.2559 1.6425 3.6998, 0.2559 1.6112 3.7406, 0.2559 1.6689 2.6958, 0.2559 1.6112 3.4622, 0.2559 1.6425 3.503, 0.2559 1.6622 3.5504, 0.2559 -2.5392 3.0389, 0.2559 -2.5902 3.0322, 0.2559 -2.4 2.9812, 0.2559 -2.4408 3.0125, 0.2559 -2.4883 3.0322, 0.2559 -2.4408 2.6716, 0.2559 -2.4 2.7029, 0.2559 -2.3687 2.7436, 0.2559 -2.3491 2.7911, 0.2559 -2.3424 2.8421, 0.2559 -2.3491 2.893, 0.2559 -2.3687 2.9405, 0.2559 -2.8625 2.7784, 0.2559 -2.7294 2.7911, 0.2559 -2.7097 2.7436, 0.2559 -2.6784 2.7029, 0.2559 -2.6377 2.6716, 0.2559 -2.5902 2.6519, 0.2559 -2.5392 2.6452, 0.2559 -2.4883 2.6519, 0.2559 -2.6377 3.0125, 0.2559 -2.6784 2.9812, 0.2559 -2.7729 2.9927, 0.2559 -2.7097 2.9405, 0.2559 -2.8283 2.89, 0.2559 -2.7294 2.893, 0.2559 -2.7361 2.8421, 0.2559 -2.3491 0.4671, 0.2559 -2.3424 0.518, 0.2559 -2.3491 0.569, 0.2559 -2.3687 0.6165, 0.2559 -2.4 0.6572, 0.2559 -2.5902 0.7082, 0.2559 -2.6377 0.6885, 0.2559 -2.6784 0.6572, 0.2559 -2.4408 0.3476, 0.2559 -2.4 0.3788, 0.2559 -2.3687 0.4196, 0.2559 -2.4408 0.6885, 0.2559 -2.4883 0.7082, 0.2559 -2.5392 0.7149, 0.2559 -2.7097 0.6165, 0.2559 -2.7294 0.569, 0.2559 -2.7361 0.518, 0.2559 -2.7294 0.4671, 0.2559 -2.7097 0.4196, 0.2559 -2.6784 0.3788, 0.2559 -2.6377 0.3476, 0.2559 -2.5902 0.3279, 0.2559 -2.5392 0.3212, 0.2559 -2.4883 0.3279, 1.3189 1.0718 4.644, 0.5905 -1.0242 4.6259, 0.5905 -1.1657 4.5678, 1.3189 1.0718 3.727, 1.2402 -0.0449 3.727, 1.3189 0.6781 3.727, 1.2402 0.8704 3.727, 0.5905 -0.2278 4.2618, 1.2402 0.8704 4.4607, 1.2402 1.0255 4.4607, 1.2402 1.0255 4.8401, 0.8656 -0.0449 5.2384, 1.2402 -0.0449 5.2384, 1.2402 0.3297 5.2384, 0.5315 -0.0449 4.766, 0.8656 -0.0449 4.766, 1.2402 0.3297 4.766, 1.2402 0.6637 4.766, 1.3189 0.6781 4.644, 0.5905 -1.2961 3.637, 0.5024 -1.3685 3.5655, 0.4426 -1.4543 3.4808, 0.4151 -1.548 3.3883, 0.4214 -1.6437 3.2939, 0.4614 -1.7351 3.2036, 0.5323 -1.8165 3.1232, 0.6297 -1.8826 3.058, 0.7473 -1.9292 3.012, 0.8776 -1.9532 2.9883, 1.0122 -1.9532 2.9883, 1.1424 -1.9292 3.012, 1.26 -1.8826 3.058, 1.3574 -1.8165 3.1232, 1.4284 -1.7351 3.2036, 1.4683 -1.6437 3.2939, 1.4747 -1.548 3.3883, 1.4471 -1.4543 3.4808, 1.3873 -1.3685 3.5655, 1.2992 -1.2961 3.637, 1.2992 -1.4708 3.4646, 0.5905 -1.4708 3.4646, 1.2992 -0.2278 3.4646, 0.5905 -0.2278 3.4646, 0.6496 -2.5591 0.2362, 1.0433 -0.7874 0.2362, 1.0433 0.7874 0.2362, 0.6496 1.5354 0.2362, 1.0433 1.1811 0.2362, 1.0433 -1.1811 0.2362, 1.0433 -1.1811 0.3937, 1.0433 -0.7874 0.3937
            ]
        }
        coordIndex [
            0,1,2,-1,2,1,3,-1,2,3,4,-1,4,3,5,-1,4,5,6,-1,6,5,7,-1,6,7,0,-1,0,7,1,-1,8,9,10,-1,10,9,11,-1,12,13,14,-1,14,13,15,-1,14,15,16,-1,17,18,19,-1,19,18,20,-1,18,17,21,-1,18,21,22,-1,22,21,23,-1,22,23,24,-1,24,23,25,-1,24,25,26,-1,19,20,27,-1,27,20,28,-1,29,30,31,-1,31,30,32,-1,31,32,8,-1,8,32,9,-1,33,32,34,-1,34,32,30,-1,35,36,37,-1,37,36,38,-1,37,38,34,-1,34,38,33,-1,39,36,40,-1,40,36,35,-1,41,39,42,-1,42,39,40,-1,43,41,44,-1,44,41,42,-1,45,46,47,-1,47,46,48,-1,26,25,49,-1,49,50,26,-1,26,50,51,-1,26,51,52,-1,52,51,53,-1,54,55,56,-1,56,55,57,-1,53,58,52,-1,52,58,59,-1,52,59,60,-1,60,59,61,-1,60,61,62,-1,62,63,60,-1,60,63,64,-1,60,64,65,-1,65,64,66,-1,65,66,67,-1,67,68,65,-1,65,68,69,-1,65,69,70,-1,70,69,71,-1,71,72,70,-1,70,72,73,-1,70,73,57,-1,57,73,74,-1,57,74,56,-1,75,76,77,-1,77,76,78,-1,79,77,80,-1,80,77,78,-1,80,78,81,-1,81,78,82,-1,83,84,75,-1,75,84,76,-1,85,86,87,-1,88,89,78,-1,76,84,90,-1,90,84,91,-1,90,91,92,-1,88,78,93,-1,94,95,87,-1,87,95,96,-1,87,96,85,-1,97,98,94,-1,94,98,99,-1,94,99,95,-1,86,100,87,-1,87,100,101,-1,87,101,91,-1,91,101,102,-1,91,102,92,-1,90,103,76,-1,76,103,104,-1,76,104,105,-1,105,106,76,-1,76,106,107,-1,76,107,78,-1,78,107,108,-1,78,108,93,-1,89,109,78,-1,78,109,110,-1,78,110,94,-1,94,110,111,-1,94,111,97,-1,60,112,113,-1,52,114,115,-1,115,116,52,-1,52,116,117,-1,52,117,118,-1,119,120,94,-1,94,120,121,-1,94,121,122,-1,122,123,94,-1,94,123,124,-1,94,124,78,-1,78,124,125,-1,78,125,126,-1,60,113,52,-1,52,113,127,-1,52,127,114,-1,126,128,78,-1,78,128,129,-1,78,129,82,-1,82,129,130,-1,82,130,131,-1,130,132,131,-1,131,132,133,-1,131,133,134,-1,134,133,135,-1,134,135,136,-1,136,135,137,-1,136,137,60,-1,60,137,138,-1,60,138,112,-1,139,140,141,-1,142,28,94,-1,143,38,144,-1,144,38,36,-1,144,36,145,-1,20,18,28,-1,28,18,22,-1,146,147,148,-1,148,147,149,-1,148,149,150,-1,150,151,148,-1,148,151,152,-1,148,152,153,-1,153,152,154,-1,154,155,153,-1,153,155,156,-1,153,156,157,-1,157,156,158,-1,157,158,159,-1,159,158,160,-1,161,43,162,-1,162,43,163,-1,162,163,158,-1,158,163,164,-1,158,164,160,-1,143,165,94,-1,94,165,166,-1,94,166,167,-1,167,168,94,-1,94,168,169,-1,94,169,139,-1,118,119,52,-1,52,119,94,-1,52,94,26,-1,26,94,28,-1,26,28,24,-1,24,28,22,-1,161,170,43,-1,43,170,171,-1,43,171,41,-1,41,171,172,-1,41,172,173,-1,174,39,175,-1,175,39,176,-1,139,177,140,-1,140,177,178,-1,140,178,179,-1,173,180,41,-1,41,180,181,-1,41,181,39,-1,39,181,182,-1,39,182,176,-1,174,183,184,-1,141,146,139,-1,139,146,148,-1,139,148,94,-1,94,148,185,-1,94,185,142,-1,179,186,140,-1,140,186,187,-1,140,187,174,-1,174,187,188,-1,174,188,183,-1,189,190,39,-1,39,190,191,-1,39,191,36,-1,36,191,192,-1,36,192,145,-1,184,193,174,-1,174,193,194,-1,174,194,39,-1,39,194,195,-1,39,195,189,-1,11,9,196,-1,196,9,32,-1,87,197,198,-1,94,199,200,-1,33,201,202,-1,198,203,87,-1,87,203,204,-1,87,204,205,-1,143,94,38,-1,38,94,200,-1,38,200,33,-1,33,200,206,-1,33,206,201,-1,202,207,33,-1,33,207,208,-1,33,208,32,-1,32,208,209,-1,32,209,196,-1,196,209,210,-1,196,210,211,-1,211,212,196,-1,196,212,213,-1,196,213,87,-1,87,213,214,-1,87,214,197,-1,205,215,87,-1,87,215,216,-1,87,216,94,-1,94,216,217,-1,94,217,218,-1,218,219,94,-1,94,219,220,-1,94,220,199,-1,30,29,221,-1,222,223,5,-1,5,223,224,-1,225,226,227,-1,228,229,230,-1,230,229,231,-1,230,231,232,-1,233,234,37,-1,37,234,235,-1,37,235,236,-1,236,237,37,-1,37,237,238,-1,37,238,225,-1,225,238,239,-1,225,239,226,-1,227,240,225,-1,225,240,241,-1,225,241,242,-1,221,7,30,-1,30,7,5,-1,30,5,34,-1,34,5,224,-1,34,224,37,-1,37,224,243,-1,37,243,233,-1,244,245,246,-1,246,245,225,-1,246,225,247,-1,247,225,242,-1,232,248,230,-1,230,248,249,-1,230,249,224,-1,224,249,250,-1,224,250,243,-1,230,251,228,-1,228,251,245,-1,228,245,252,-1,252,245,244,-1,253,254,255,-1,256,37,257,-1,257,37,225,-1,257,225,258,-1,258,225,259,-1,260,261,259,-1,259,261,48,-1,259,48,46,-1,15,253,16,-1,16,253,255,-1,16,255,256,-1,256,255,262,-1,263,264,265,-1,266,267,268,-1,268,267,269,-1,270,271,40,-1,264,272,265,-1,265,272,273,-1,265,273,274,-1,274,273,275,-1,274,275,276,-1,276,275,44,-1,276,44,277,-1,278,256,279,-1,279,256,262,-1,279,262,280,-1,280,262,268,-1,280,268,281,-1,281,268,269,-1,281,269,282,-1,265,283,263,-1,263,283,284,-1,263,284,268,-1,268,284,285,-1,268,285,266,-1,278,286,256,-1,256,286,287,-1,256,287,288,-1,282,289,281,-1,281,289,290,-1,281,290,291,-1,291,290,292,-1,291,292,293,-1,256,294,37,-1,37,294,295,-1,37,295,35,-1,35,295,296,-1,35,296,297,-1,298,292,299,-1,288,300,256,-1,256,300,301,-1,256,301,294,-1,298,302,292,-1,292,302,303,-1,292,303,293,-1,297,304,35,-1,35,304,305,-1,35,305,40,-1,40,305,306,-1,40,306,270,-1,40,307,308,-1,309,310,42,-1,42,310,311,-1,42,311,44,-1,44,311,312,-1,44,312,277,-1,299,307,298,-1,298,307,40,-1,298,40,313,-1,313,40,271,-1,308,314,40,-1,40,314,315,-1,40,315,42,-1,42,315,316,-1,42,316,309,-1,70,317,65,-1,65,317,318,-1,319,320,70,-1,70,320,321,-1,70,321,317,-1,322,323,225,-1,225,323,324,-1,225,324,325,-1,326,327,70,-1,70,327,328,-1,70,328,319,-1,329,330,81,-1,81,330,331,-1,81,331,80,-1,80,331,332,-1,80,332,333,-1,333,334,80,-1,80,334,335,-1,80,335,225,-1,225,335,336,-1,225,336,322,-1,318,337,65,-1,65,337,338,-1,65,338,339,-1,339,338,340,-1,339,340,341,-1,341,340,342,-1,341,342,329,-1,329,342,343,-1,329,343,330,-1,325,326,225,-1,225,326,70,-1,225,70,259,-1,259,70,57,-1,259,57,260,-1,344,345,245,-1,245,345,346,-1,245,346,225,-1,225,346,347,-1,225,347,348,-1,349,350,80,-1,80,350,351,-1,352,353,245,-1,245,353,354,-1,245,354,344,-1,348,355,225,-1,225,355,356,-1,225,356,80,-1,80,356,357,-1,80,357,349,-1,351,358,80,-1,80,358,359,-1,80,359,79,-1,79,359,360,-1,79,360,361,-1,361,362,79,-1,79,362,363,-1,79,363,364,-1,364,365,79,-1,79,365,366,-1,79,366,245,-1,245,366,367,-1,245,367,352,-1,60,65,339,-1,60,339,136,-1,136,339,341,-1,136,341,134,-1,134,341,329,-1,134,329,131,-1,131,329,81,-1,131,81,82,-1,368,157,159,-1,43,44,275,-1,43,275,163,-1,163,275,273,-1,163,273,164,-1,164,273,272,-1,164,272,160,-1,160,272,264,-1,160,264,159,-1,159,264,263,-1,159,263,368,-1,47,48,261,-1,47,261,369,-1,369,261,260,-1,369,260,370,-1,370,260,57,-1,370,57,55,-1,368,263,371,-1,371,263,268,-1,372,256,257,-1,185,148,373,-1,268,262,371,-1,371,262,374,-1,371,374,373,-1,373,374,372,-1,373,372,185,-1,185,372,257,-1,257,258,185,-1,185,258,142,-1,27,28,142,-1,27,142,375,-1,375,142,258,-1,375,258,259,-1,375,259,45,-1,45,259,46,-1,376,374,255,-1,255,374,262,-1,377,376,254,-1,254,376,255,-1,378,377,253,-1,253,377,254,-1,13,378,15,-1,15,378,253,-1,379,380,381,-1,14,16,382,-1,382,16,256,-1,382,256,383,-1,383,256,372,-1,383,372,379,-1,379,372,380,-1,384,381,380,-1,13,12,378,-1,378,12,385,-1,372,374,376,-1,380,372,384,-1,384,372,376,-1,384,376,385,-1,385,376,377,-1,385,377,378,-1,386,373,153,-1,153,373,148,-1,368,386,157,-1,157,386,153,-1,386,368,373,-1,373,368,371,-1,387,54,388,-1,388,54,56,-1,388,56,389,-1,389,56,74,-1,389,74,390,-1,390,74,73,-1,390,73,391,-1,391,73,72,-1,391,72,392,-1,392,72,71,-1,392,71,393,-1,393,71,69,-1,393,69,394,-1,394,69,68,-1,394,68,395,-1,395,68,67,-1,395,67,396,-1,396,67,66,-1,396,66,397,-1,397,66,64,-1,397,64,398,-1,398,64,63,-1,398,63,399,-1,399,63,62,-1,399,62,400,-1,400,62,61,-1,400,61,401,-1,401,61,59,-1,401,59,402,-1,402,59,58,-1,402,58,403,-1,403,58,53,-1,403,53,404,-1,404,53,51,-1,404,51,405,-1,405,51,50,-1,405,50,406,-1,406,50,49,-1,407,402,403,-1,403,404,407,-1,407,404,405,-1,407,405,406,-1,389,408,388,-1,388,408,387,-1,393,394,407,-1,407,394,395,-1,407,395,396,-1,389,390,408,-1,408,390,391,-1,408,391,407,-1,407,391,392,-1,407,392,393,-1,396,397,407,-1,407,397,398,-1,407,398,399,-1,399,400,407,-1,407,400,401,-1,407,401,402,-1,409,27,410,-1,410,27,375,-1,409,407,406,-1,17,19,27,-1,409,406,27,-1,27,406,49,-1,27,49,25,-1,25,23,27,-1,27,23,21,-1,27,21,17,-1,375,54,410,-1,410,54,387,-1,410,387,408,-1,45,47,375,-1,375,47,369,-1,369,370,375,-1,375,370,55,-1,375,55,54,-1,410,408,409,-1,409,408,407,-1,382,385,14,-1,14,385,12,-1,384,383,381,-1,381,383,379,-1,384,385,383,-1,383,385,382,-1,299,140,307,-1,307,140,174,-1,307,174,308,-1,308,174,175,-1,308,175,314,-1,314,175,176,-1,314,176,315,-1,315,176,182,-1,315,182,316,-1,316,182,181,-1,316,181,309,-1,309,181,180,-1,309,180,310,-1,310,180,173,-1,310,173,311,-1,311,173,172,-1,311,172,312,-1,312,172,171,-1,312,171,277,-1,277,171,170,-1,277,170,276,-1,276,170,161,-1,276,161,274,-1,274,161,162,-1,274,162,265,-1,265,162,158,-1,265,158,283,-1,283,158,156,-1,283,156,284,-1,284,156,155,-1,284,155,285,-1,285,155,154,-1,285,154,266,-1,266,154,152,-1,266,152,267,-1,267,152,151,-1,267,151,269,-1,269,151,150,-1,269,150,282,-1,282,150,149,-1,282,149,289,-1,289,149,147,-1,289,147,290,-1,290,147,146,-1,290,146,292,-1,292,146,141,-1,292,141,299,-1,299,141,140,-1,297,144,304,-1,304,144,145,-1,304,145,305,-1,305,145,192,-1,305,192,306,-1,306,192,191,-1,306,191,270,-1,270,191,190,-1,270,190,271,-1,271,190,189,-1,271,189,313,-1,313,189,195,-1,313,195,298,-1,298,195,194,-1,298,194,302,-1,302,194,193,-1,302,193,303,-1,303,193,184,-1,303,184,293,-1,293,184,183,-1,293,183,291,-1,291,183,188,-1,291,188,281,-1,281,188,187,-1,281,187,280,-1,280,187,186,-1,280,186,279,-1,279,186,179,-1,279,179,278,-1,278,179,178,-1,278,178,286,-1,286,178,177,-1,286,177,287,-1,287,177,139,-1,287,139,288,-1,288,139,169,-1,288,169,300,-1,300,169,168,-1,300,168,301,-1,301,168,167,-1,301,167,294,-1,294,167,166,-1,294,166,295,-1,295,166,165,-1,295,165,296,-1,296,165,143,-1,296,143,297,-1,297,143,144,-1,335,125,336,-1,336,125,124,-1,336,124,322,-1,322,124,123,-1,322,123,323,-1,323,123,122,-1,323,122,324,-1,324,122,121,-1,324,121,325,-1,325,121,120,-1,325,120,326,-1,326,120,119,-1,326,119,327,-1,327,119,118,-1,327,118,328,-1,328,118,117,-1,328,117,319,-1,319,117,116,-1,319,116,320,-1,320,116,115,-1,320,115,321,-1,321,115,114,-1,321,114,317,-1,317,114,127,-1,317,127,318,-1,318,127,113,-1,318,113,337,-1,337,113,112,-1,337,112,338,-1,338,112,138,-1,338,138,340,-1,340,138,137,-1,340,137,342,-1,342,137,135,-1,342,135,343,-1,343,135,133,-1,343,133,330,-1,330,133,132,-1,330,132,331,-1,331,132,130,-1,331,130,332,-1,332,130,129,-1,332,129,333,-1,333,129,128,-1,333,128,334,-1,334,128,126,-1,334,126,335,-1,335,126,125,-1,232,197,248,-1,248,197,214,-1,248,214,249,-1,249,214,213,-1,249,213,250,-1,250,213,212,-1,250,212,243,-1,243,212,211,-1,243,211,233,-1,233,211,210,-1,233,210,234,-1,234,210,209,-1,234,209,235,-1,235,209,208,-1,235,208,236,-1,236,208,207,-1,236,207,237,-1,237,207,202,-1,237,202,238,-1,238,202,201,-1,238,201,239,-1,239,201,206,-1,239,206,226,-1,226,206,200,-1,226,200,227,-1,227,200,199,-1,227,199,240,-1,240,199,220,-1,240,220,241,-1,241,220,219,-1,241,219,242,-1,242,219,218,-1,242,218,247,-1,247,218,217,-1,247,217,246,-1,246,217,216,-1,246,216,244,-1,244,216,215,-1,244,215,252,-1,252,215,205,-1,252,205,228,-1,228,205,204,-1,228,204,229,-1,229,204,203,-1,229,203,231,-1,231,203,198,-1,231,198,232,-1,232,198,197,-1,366,92,367,-1,367,92,102,-1,367,102,352,-1,352,102,101,-1,352,101,353,-1,353,101,100,-1,353,100,354,-1,354,100,86,-1,354,86,344,-1,344,86,85,-1,344,85,345,-1,345,85,96,-1,345,96,346,-1,346,96,95,-1,346,95,347,-1,347,95,99,-1,347,99,348,-1,348,99,98,-1,348,98,355,-1,355,98,97,-1,355,97,356,-1,356,97,111,-1,356,111,357,-1,357,111,110,-1,357,110,349,-1,349,110,109,-1,349,109,350,-1,350,109,89,-1,350,89,351,-1,351,89,88,-1,351,88,358,-1,358,88,93,-1,358,93,359,-1,359,93,108,-1,359,108,360,-1,360,108,107,-1,360,107,361,-1,361,107,106,-1,361,106,362,-1,362,106,105,-1,362,105,363,-1,363,105,104,-1,363,104,364,-1,364,104,103,-1,364,103,365,-1,365,103,90,-1,365,90,366,-1,366,90,92,-1,87,91,411,-1,223,222,412,-1,412,222,413,-1,77,79,411,-1,411,79,245,-1,411,245,87,-1,29,31,221,-1,221,31,414,-1,221,414,415,-1,415,414,196,-1,415,196,413,-1,413,196,412,-1,412,196,87,-1,412,87,416,-1,416,87,245,-1,416,245,251,-1,10,11,414,-1,414,11,196,-1,411,91,83,-1,83,91,84,-1,77,411,75,-1,75,411,83,-1,8,10,31,-1,31,10,414,-1,5,3,222,-1,222,3,413,-1,3,1,413,-1,413,1,415,-1,1,7,415,-1,415,7,221,-1,417,418,416,-1,416,418,412,-1,418,224,412,-1,412,224,223,-1,230,417,251,-1,251,417,416,-1,230,224,417,-1,417,224,418,-1,
        ]
    }
}
Shape{
    appearance Appearance {
        material  Material 	{
            diffuseColor 0.6470588235294118 0.6196078431372549 0.5882352941176471
            specularColor 0.45098039215686275 0.43529411764705883 0.4117647058823529
            ambientIntensity 0.6242
            transparency 0.0
            shininess 0.5
        }
    }
    geometry IndexedFaceSet {
        ccw TRUE
        solid FALSE
        coord DEF co Coordinate {
            point [
                0.8563 0.9055 -1.0179, 0.5216 0.9055 -1.0179, 0.5216 0.9055 -1.063, 0.8563 0.9055 -1.063, 0.6004 0.9055 -1.378, 0.7776 0.9055 -1.378, 0.8563 0.8331 -0.921, 0.5216 0.8331 -0.921, 0.8563 0.7877 -0.8089, 0.5216 0.7877 -0.8089, 0.8563 0.7722 -0.689, 0.5216 0.7722 -0.689, 0.8563 0.7877 -0.569, 0.5216 0.7877 -0.569, 0.8563 0.8331 -0.4569, 0.5216 0.8331 -0.4569, 0.8563 0.9055 -0.3601, 0.5216 0.9055 -0.3601, 0.5216 0.9055 0.3937, 0.8563 0.9055 0.3937, 0.5216 1.063 -0.4317, 0.5216 1.063 0.3937, 0.8563 1.063 -0.4317, 0.8563 1.063 0.3937, 0.5216 1.0072 -0.482, 0.8563 1.0072 -0.482, 0.5216 0.965 -0.5441, 0.8563 0.965 -0.5441, 0.5216 0.9387 -0.6144, 0.8563 0.9387 -0.6144, 0.5216 0.9297 -0.689, 0.8563 0.9297 -0.689, 0.5216 0.9387 -0.7635, 0.8563 0.9387 -0.7635, 0.5216 0.965 -0.8339, 0.8563 0.965 -0.8339, 0.5216 1.0072 -0.8959, 0.8563 1.0072 -0.8959, 0.5216 1.063 -0.9463, 0.8563 1.063 -0.9463, 0.5216 1.063 -1.063, 0.8563 1.063 -1.063, 0.6004 1.063 -1.378, 0.7776 1.063 -1.378
            ]
        }
        coordIndex [
            0,1,2,-1,0,2,3,-1,3,2,4,-1,3,4,5,-1,1,0,6,-1,1,6,7,-1,7,6,8,-1,7,8,9,-1,9,8,10,-1,9,10,11,-1,11,10,12,-1,11,12,13,-1,13,12,14,-1,13,14,15,-1,15,14,16,-1,15,16,17,-1,18,17,19,-1,19,17,16,-1,20,21,22,-1,22,21,23,-1,20,22,24,-1,24,22,25,-1,24,25,26,-1,26,25,27,-1,26,27,28,-1,28,27,29,-1,28,29,30,-1,30,29,31,-1,30,31,32,-1,32,31,33,-1,32,33,34,-1,34,33,35,-1,34,35,36,-1,36,35,37,-1,36,37,38,-1,38,37,39,-1,38,39,40,-1,40,39,41,-1,40,41,42,-1,42,41,43,-1,42,43,4,-1,4,43,5,-1,17,18,21,-1,40,2,38,-1,38,2,1,-1,21,20,17,-1,17,20,24,-1,17,24,15,-1,15,24,26,-1,15,26,13,-1,13,26,28,-1,13,28,11,-1,11,28,30,-1,11,30,9,-1,9,30,32,-1,9,32,7,-1,7,32,34,-1,7,34,1,-1,1,34,36,-1,1,36,38,-1,0,3,41,-1,23,19,22,-1,22,19,16,-1,41,39,0,-1,0,39,37,-1,0,37,6,-1,6,37,35,-1,6,35,8,-1,8,35,33,-1,8,33,10,-1,10,33,31,-1,10,31,12,-1,12,31,29,-1,12,29,14,-1,14,29,27,-1,14,27,16,-1,16,27,25,-1,16,25,22,-1,3,5,41,-1,41,5,43,-1,4,2,42,-1,42,2,40,-1,
        ]
    }
}
Shape{
    appearance Appearance {
        material  Material 	{
            diffuseColor 0.32941176470588235 0.32941176470588235 0.3843137254901961
            specularColor 0.023529411764705882 0.023529411764705882 0.027450980392156862
            ambientIntensity 0.4795
            transparency 0.0
            shininess 0.5
        }
    }
    geometry IndexedFaceSet {
        ccw TRUE
        solid FALSE
        coord DEF co Coordinate {
            point [
                -1.752 1.0718 4.644, -1.752 -0.2278 4.6457, -1.1221 1.0718 4.644, -1.1221 -0.2278 4.6457, -1.1221 1.1982 4.6203, -1.752 1.1982 4.6203, -1.1221 1.3163 4.5699, -1.752 1.3163 4.5699, -1.1221 1.4208 4.4951, -1.752 1.4208 4.4951, -1.1221 1.5067 4.3995, -1.752 1.5067 4.3995, -1.1221 1.5698 4.2876, -1.752 1.5698 4.2876, -1.752 1.8504 3.6325, -1.1221 1.8504 3.6325, -1.752 1.8504 2.3132, -1.1221 1.8504 2.3132, -1.752 1.7454 2.2379, -1.1221 1.7454 2.2379, -1.1221 1.7454 1.7005, -1.752 1.7454 1.7005, -1.1221 1.7454 1.9685, -1.752 1.7454 1.9685, -1.752 1.8504 1.6091, -1.1221 1.8504 1.6091, -1.752 1.8504 0.0394, -1.1221 1.8504 0.0394, -1.752 1.5354 0.0394, -1.1221 1.5354 0.0394, -1.1221 1.5354 0.2362, -1.6029 1.5354 0.2362, -1.752 1.5354 0.2362, -1.6031 -0.3699 0.2362, -1.6029 -0.3705 0.2362, -1.6029 -0.417 0.2362, -1.451 -0.0687 0.2362, -1.4696 -0.1457 0.2362, -1.5886 -0.0353 0.2362, -1.554 -0.1638 0.2362, -1.6029 -0.0328 0.2362, -1.752 -0.417 0.2362, -1.616 -0.1793 0.2362, -1.6161 -0.1797 0.2362, -1.616 -0.1802 0.2362, -1.6159 -0.1805 0.2362, -1.6152 -0.1813 0.2362, -1.6144 -0.1817 0.2362, -1.6029 -0.3676 0.2362, -1.6032 -0.3684 0.2362, -1.6031 -0.3679 0.2362, -1.6157 -0.1809 0.2362, -1.6131 -0.1821 0.2362, -1.6072 -0.1829 0.2362, -1.6029 -0.1833 0.2362, -1.615 -0.178 0.2362, -1.6156 -0.1785 0.2362, -1.6136 -0.0305 0.2362, -1.6159 -0.1789 0.2362, -1.6151 -0.029 0.2362, -1.6148 -0.0294 0.2362, -1.6144 -0.0299 0.2362, -1.6106 -0.1757 0.2362, -1.6126 -0.1765 0.2362, -1.614 -0.1772 0.2362, -1.6091 -0.0253 0.2362, -1.6061 -0.0251 0.2362, -1.6112 -0.0257 0.2362, -1.6127 -0.0259 0.2362, -1.6136 -0.0262 0.2362, -1.6142 -0.0265 0.2362, -1.6147 -0.027 0.2362, -1.615 -0.0274 0.2362, -1.6152 -0.0278 0.2362, -1.6153 -0.0281 0.2362, -1.6152 -0.0285 0.2362, -1.597 -0.1724 0.2362, -1.6029 -0.1738 0.2362, -1.6112 -0.0313 0.2362, -1.6116 -0.0312 0.2362, -1.5745 -0.395 0.2362, -1.5742 -0.3948 0.2362, -1.1221 -0.417 0.2362, -1.2426 -0.2863 0.2362, -1.2456 -0.2736 0.2362, -1.229 -0.11 0.2362, -1.5755 -0.3956 0.2362, -1.5817 -0.2728 0.2362, -1.5847 -0.2787 0.2362, -1.2414 -0.3039 0.2362, -1.5694 -0.0216 0.2362, -1.571 -0.0217 0.2362, -1.578 -0.3956 0.2362, -1.5774 -0.3959 0.2362, -1.5769 -0.3959 0.2362, -1.5764 -0.3959 0.2362, -1.2552 -0.3962 0.2362, -1.2541 -0.3957 0.2362, -1.2425 -0.3164 0.2362, -1.5611 -0.0211 0.2362, -1.5964 -0.0239 0.2362, -1.6029 -0.0247 0.2362, -1.251 -0.2633 0.2362, -1.2589 -0.2542 0.2362, -1.2713 -0.2454 0.2362, -1.229 -0.1021 0.2362, -1.4719 -0.0472 0.2362, -1.5002 -0.0404 0.2362, -1.5536 -0.0217 0.2362, -1.5545 -0.0211 0.2362, -1.5553 -0.0208 0.2362, -1.5564 -0.0207 0.2362, -1.574 -0.3945 0.2362, -1.5738 -0.394 0.2362, -1.2771 -0.3735 0.2362, -1.5737 -0.3939 0.2362, -1.5736 -0.3927 0.2362, -1.5738 -0.3905 0.2362, -1.5738 -0.3826 0.2362, -1.5738 -0.3735 0.2362, -1.5993 -0.1837 0.2362, -1.5618 -0.2529 0.2362, -1.5739 -0.2627 0.2362, -1.5756 -0.1864 0.2362, -1.5646 -0.1872 0.2362, -1.5416 -0.2417 0.2362, -1.5593 -0.187 0.2362, -1.5562 -0.1859 0.2362, -1.6027 -0.371 0.2362, -1.6 -0.3747 0.2362, -1.5925 -0.3829 0.2362, -1.5885 -0.2929 0.2362, -1.5931 -0.326 0.2362, -1.5959 -0.3509 0.2362, -1.5136 -0.0374 0.2362, -1.5268 -0.0336 0.2362, -1.5376 -0.0297 0.2362, -1.5477 -0.026 0.2362, -1.5513 -0.0237 0.2362, -1.5809 -0.3936 0.2362, -1.5797 -0.3946 0.2362, -1.5787 -0.3952 0.2362, -1.5984 -0.3601 0.2362, -1.602 -0.3661 0.2362, -1.2522 -0.3622 0.2362, -1.2511 -0.3503 0.2362, -1.2449 -0.3288 0.2362, -1.2731 -0.3809 0.2362, -1.2647 -0.3911 0.2362, -1.2627 -0.3935 0.2362, -1.261 -0.395 0.2362, -1.2593 -0.3959 0.2362, -1.258 -0.3963 0.2362, -1.2566 -0.3964 0.2362, -1.2532 -0.3951 0.2362, -1.2522 -0.3939 0.2362, -1.2539 -0.3837 0.2362, -1.2921 -0.237 0.2362, -1.3538 -0.228 0.2362, -1.4991 -0.1683 0.2362, -1.4374 -0.2251 0.2362, -1.5242 -0.1745 0.2362, -1.5014 -0.2304 0.2362, -1.5489 -0.1819 0.2362, -1.554 -0.1848 0.2362, -1.2753 -0.3773 0.2362, -1.2539 -0.3718 0.2362, -1.253 -0.367 0.2362, -1.5897 -0.3854 0.2362, -1.5824 -0.3922 0.2362, -1.752 -2.0964 0.2362, -1.6029 -2.5591 0.2362, -1.752 -2.5591 0.2362, -1.2313 -0.9639 0.2362, -1.2256 -0.965 0.2362, -1.1221 -2.0964 0.2362, -1.221 -0.961 0.2362, -1.5794 -0.9608 0.2362, -1.5744 -0.9604 0.2362, -1.5921 -0.9623 0.2362, -1.541 -0.9593 0.2362, -1.242 -0.6558 0.2362, -1.24 -0.6959 0.2362, -1.2471 -0.683 0.2362, -1.242 -0.6473 0.2362, -1.5866 -0.6686 0.2362, -1.5986 -0.5808 0.2362, -1.5973 -0.5818 0.2362, -1.6004 -0.5767 0.2362, -1.6002 -0.5781 0.2362, -1.5996 -0.5795 0.2362, -1.2861 -0.9593 0.2362, -1.2585 -0.9597 0.2362, -1.258 -0.6711 0.2362, -1.2663 -0.6649 0.2362, -1.2754 -0.6598 0.2362, -1.3586 -0.7917 0.2362, -1.2968 -0.778 0.2362, -1.5597 -0.8603 0.2362, -1.5742 -0.4379 0.2362, -1.4465 -0.7787 0.2362, -1.4923 -0.6508 0.2362, -1.4451 -0.7788 0.2362, -1.4623 -0.6479 0.2362, -1.3487 -0.7756 0.2362, -1.3293 -0.7722 0.2362, -1.2358 -0.7124 0.2362, -1.236 -0.722 0.2362, -1.2522 -0.9361 0.2362, -1.5775 -0.7582 0.2362, -1.5537 -0.7717 0.2362, -1.5805 -0.8381 0.2362, -1.2509 -0.5875 0.2362, -1.2511 -0.5866 0.2362, -1.2527 -0.5759 0.2362, -1.5534 -0.4558 0.2362, -1.571 -0.44 0.2362, -1.5731 -0.4384 0.2362, -1.5834 -0.7124 0.2362, -1.5274 -0.7647 0.2362, -1.4628 -0.6389 0.2362, -1.3932 -0.6473 0.2362, -1.3932 -0.6581 0.2362, -1.3134 -0.6629 0.2362, -1.5754 -0.4377 0.2362, -1.5765 -0.4377 0.2362, -1.5776 -0.4381 0.2362, -1.5964 -0.7354 0.2362, -1.5851 -0.837 0.2362, -1.6013 -0.7207 0.2362, -1.5864 -0.8377 0.2362, -1.5869 -0.8382 0.2362, -1.5883 -0.7484 0.2362, -1.5829 -0.8373 0.2362, -1.2588 -0.5909 0.2362, -1.2566 -0.5915 0.2362, -1.2552 -0.5915 0.2362, -1.2524 -0.5916 0.2362, -1.2521 -0.5914 0.2362, -1.2518 -0.5912 0.2362, -1.2514 -0.5908 0.2362, -1.4006 -0.5611 0.2362, -1.3944 -0.5135 0.2362, -1.276 -0.5611 0.2362, -1.3904 -0.4939 0.2362, -1.3796 -0.4705 0.2362, -1.2595 -0.4541 0.2362, -1.2607 -0.4631 0.2362, -1.2563 -0.4491 0.2362, -1.257 -0.4493 0.2362, -1.4012 -0.4515 0.2362, -1.571 -0.6775 0.2362, -1.5617 -0.6692 0.2362, -1.2898 -0.7588 0.2362, -1.2736 -0.7486 0.2362, -1.2645 -0.7394 0.2362, -1.5766 -0.9446 0.2362, -1.573 -0.901 0.2362, -1.2879 -0.9446 0.2362, -1.5698 -0.8802 0.2362, -1.5682 -0.8733 0.2362, -1.2648 -0.9421 0.2362, -1.2674 -0.7642 0.2362, -1.2527 -0.7518 0.2362, -1.2422 -0.7379 0.2362, -1.2377 -0.7293 0.2362, -1.5028 -0.7872 0.2362, -1.498 -0.788 0.2362, -1.3984 -0.795 0.2362, -1.2613 -0.5896 0.2362, -1.2644 -0.5873 0.2362, -1.254 -0.5916 0.2362, -1.2528 -0.5916 0.2362, -1.2625 -0.4764 0.2362, -1.2641 -0.4898 0.2362, -1.3824 -0.4756 0.2362, -1.3859 -0.4813 0.2362, -1.2335 -0.4676 0.2362, -1.2505 -0.4513 0.2362, -1.2591 -0.4515 0.2362, -1.2594 -0.4525 0.2362, -1.4031 -0.452 0.2362, -1.4039 -0.4526 0.2362, -1.4049 -0.4537 0.2362, -1.4053 -0.4546 0.2362, -1.5755 -0.736 0.2362, -1.5677 -0.7442 0.2362, -1.551 -0.7558 0.2362, -1.5825 -0.6998 0.2362, -1.578 -0.6875 0.2362, -1.5471 -0.6616 0.2362, -1.5095 -0.6533 0.2362, -1.5957 -0.5826 0.2362, -1.5935 -0.583 0.2362, -1.5743 -0.6587 0.2362, -1.5891 -0.5827 0.2362, -1.5558 -0.6496 0.2362, -1.5749 -0.579 0.2362, -1.5602 -0.5775 0.2362, -1.5787 -0.4387 0.2362, -1.5792 -0.4392 0.2362, -1.5796 -0.4398 0.2362, -1.5663 -0.8692 0.2362, -1.5634 -0.8656 0.2362, -1.5609 -0.8628 0.2362, -1.2809 -0.9444 0.2362, -1.5714 -0.8471 0.2362, -1.5771 -0.8409 0.2362, -1.5791 -0.8389 0.2362, -1.5495 -0.5775 0.2362, -1.5424 -0.5772 0.2362, -1.5276 -0.6429 0.2362, -1.5353 -0.577 0.2362, -1.276 -0.5775 0.2362, -1.269 -0.5835 0.2362, -1.2547 -0.4491 0.2362, -1.2556 -0.449 0.2362, -1.2576 -0.4497 0.2362, -1.2584 -0.4505 0.2362, -1.58 -0.7286 0.2362, -1.5825 -0.7213 0.2362, -1.2876 -0.67 0.2362, -1.2731 -0.6775 0.2362, -1.265 -0.6845 0.2362, -1.2544 -0.7079 0.2362, -1.2551 -0.7197 0.2362, -1.2585 -0.7298 0.2362, -1.5949 -0.9623 0.2362, -1.5963 -0.962 0.2362, -1.5978 -0.9611 0.2362, -1.2539 -0.5662 0.2362, -1.2539 -0.5566 0.2362, -1.2539 -0.5549 0.2362, -1.3976 -0.4528 0.2362, -1.3989 -0.4521 0.2362, -1.4002 -0.4517 0.2362, -1.4204 -0.5611 0.2362, -1.5738 -0.5611 0.2362, -1.562 -0.4767 0.2362, -1.2587 -0.6935 0.2362, -1.2556 -0.7022 0.2362, -1.6003 -0.5738 0.2362, -1.4056 -0.4556 0.2362, -1.4057 -0.4569 0.2362, -1.5563 -0.4609 0.2362, -1.5598 -0.4685 0.2362, -1.5875 -0.8389 0.2362, -1.5879 -0.8401 0.2362, -1.5882 -0.8423 0.2362, -1.2514 -0.5907 0.2362, -1.251 -0.59 0.2362, -1.2509 -0.589 0.2362, -1.2524 -0.4502 0.2362, -1.2537 -0.4495 0.2362, -1.4022 -0.4517 0.2362, -1.396 -0.4541 0.2362, -1.5925 -0.5374 0.2362, -1.597 -0.5634 0.2362, -1.5994 -0.5697 0.2362, -1.2536 -0.5438 0.2362, -1.2522 -0.5328 0.2362, -1.2482 -0.5107 0.2362, -1.2443 -0.4912 0.2362, -1.5799 -0.4407 0.2362, -1.5801 -0.4429 0.2362, -1.5801 -0.4433 0.2362, -1.2386 -0.4757 0.2362, -1.2369 -0.4728 0.2362, -1.5806 -0.4518 0.2362, -1.5859 -0.4947 0.2362, -1.5885 -0.8527 0.2362, -1.5904 -0.8657 0.2362, -1.5945 -0.906 0.2362, -1.5976 -0.94 0.2362, -1.5987 -0.9531 0.2362, -1.5996 -0.9561 0.2362, -1.5995 -0.9589 0.2362, -1.1221 -2.5591 0.2362, -1.5992 -0.9597 0.2362, -1.5987 -0.9604 0.2362, -1.5948 -0.6797 0.2362, -1.6004 -0.6929 0.2362, -1.6022 -0.7046 0.2362, -1.5997 -0.9577 0.2362, -1.5954 -0.9163 0.2362, -1.1221 -2.5591 0.0394, -1.752 -2.5591 0.0394, -1.752 -2.874 0.0394, -1.1221 -2.874 0.0394, -1.1221 -2.874 2.6622, -1.752 -2.874 2.6622, -1.1221 -2.874 1.9685, -1.752 -2.874 1.9685, -1.1221 -2.8625 2.7784, -1.752 -2.8625 2.7784, -1.1221 -2.8283 2.89, -1.752 -2.8283 2.89, -1.1221 -2.7729 2.9927, -1.752 -2.7729 2.9927, -1.1221 -2.6984 3.0825, -1.752 -2.6984 3.0825, -1.752 -2.0964 3.6768, -1.1221 -2.0964 3.6768, -1.752 -1.2875 4.4754, -1.1221 -1.2875 4.4754, -1.1221 -1.1983 4.5477, -1.752 -1.1983 4.5477, -1.1221 -1.0969 4.6014, -1.752 -1.0969 4.6014, -1.1221 -0.9869 4.6345, -1.752 -0.9869 4.6345, -1.1221 -0.8726 4.6457, -1.752 -0.8726 4.6457, -1.752 1.472 2.4989, -1.1221 1.472 2.4989, -1.752 1.523 2.5056, -1.1221 1.523 2.5056, -1.752 1.5705 2.5253, -1.1221 1.5705 2.5253, -1.752 1.6112 2.5566, -1.1221 1.6112 2.5566, -1.752 1.6425 2.5974, -1.1221 1.6425 2.5974, -1.752 1.6622 2.6448, -1.1221 1.6622 2.6448, -1.752 1.6689 2.6958, -1.1221 1.6689 2.6958, -1.752 1.6622 2.7467, -1.1221 1.6622 2.7467, -1.752 1.6425 2.7942, -1.1221 1.6425 2.7942, -1.752 1.6112 2.835, -1.1221 1.6112 2.835, -1.752 1.5705 2.8663, -1.1221 1.5705 2.8663, -1.752 1.523 2.8859, -1.1221 1.523 2.8859, -1.752 1.472 2.8926, -1.1221 1.472 2.8926, -1.752 1.4211 2.8859, -1.1221 1.4211 2.8859, -1.752 1.3736 2.8663, -1.1221 1.3736 2.8663, -1.752 1.3329 2.835, -1.1221 1.3329 2.835, -1.752 1.3016 2.7942, -1.1221 1.3016 2.7942, -1.752 1.2819 2.7467, -1.1221 1.2819 2.7467, -1.752 1.2752 2.6958, -1.1221 1.2752 2.6958, -1.752 1.2819 2.6448, -1.1221 1.2819 2.6448, -1.752 1.3016 2.5974, -1.1221 1.3016 2.5974, -1.752 1.3329 2.5566, -1.1221 1.3329 2.5566, -1.752 1.3736 2.5253, -1.1221 1.3736 2.5253, -1.752 1.4211 2.5056, -1.1221 1.4211 2.5056, -1.752 1.472 3.4045, -1.1221 1.472 3.4045, -1.752 1.523 3.4112, -1.1221 1.523 3.4112, -1.752 1.5705 3.4309, -1.1221 1.5705 3.4309, -1.752 1.6112 3.4622, -1.1221 1.6112 3.4622, -1.752 1.6425 3.503, -1.1221 1.6425 3.503, -1.752 1.6622 3.5504, -1.1221 1.6622 3.5504, -1.752 1.6689 3.6014, -1.1221 1.6689 3.6014, -1.752 1.6622 3.6523, -1.1221 1.6622 3.6523, -1.752 1.6425 3.6998, -1.1221 1.6425 3.6998, -1.752 1.6112 3.7406, -1.1221 1.6112 3.7406, -1.752 1.5705 3.7719, -1.1221 1.5705 3.7719, -1.752 1.523 3.7915, -1.1221 1.523 3.7915, -1.752 1.472 3.7982, -1.1221 1.472 3.7982, -1.752 1.4211 3.7915, -1.1221 1.4211 3.7915, -1.752 1.3736 3.7719, -1.1221 1.3736 3.7719, -1.752 1.3329 3.7406, -1.1221 1.3329 3.7406, -1.752 1.3016 3.6998, -1.1221 1.3016 3.6998, -1.752 1.2819 3.6523, -1.1221 1.2819 3.6523, -1.752 1.2752 3.6014, -1.1221 1.2752 3.6014, -1.752 1.2819 3.5504, -1.1221 1.2819 3.5504, -1.752 1.3016 3.503, -1.1221 1.3016 3.503, -1.752 1.3329 3.4622, -1.1221 1.3329 3.4622, -1.752 1.3736 3.4309, -1.1221 1.3736 3.4309, -1.752 1.4211 3.4112, -1.1221 1.4211 3.4112, -1.752 -2.5392 2.6452, -1.1221 -2.5392 2.6452, -1.752 -2.4883 2.6519, -1.1221 -2.4883 2.6519, -1.752 -2.4408 2.6716, -1.1221 -2.4408 2.6716, -1.752 -2.4 2.7029, -1.1221 -2.4 2.7029, -1.752 -2.3687 2.7436, -1.1221 -2.3687 2.7436, -1.752 -2.3491 2.7911, -1.1221 -2.3491 2.7911, -1.752 -2.3424 2.8421, -1.1221 -2.3424 2.8421, -1.752 -2.3491 2.893, -1.1221 -2.3491 2.893, -1.752 -2.3687 2.9405, -1.1221 -2.3687 2.9405, -1.752 -2.4 2.9812, -1.1221 -2.4 2.9812, -1.752 -2.4408 3.0125, -1.1221 -2.4408 3.0125, -1.752 -2.4883 3.0322, -1.1221 -2.4883 3.0322, -1.752 -2.5392 3.0389, -1.1221 -2.5392 3.0389, -1.752 -2.5902 3.0322, -1.1221 -2.5902 3.0322, -1.752 -2.6377 3.0125, -1.1221 -2.6377 3.0125, -1.752 -2.6784 2.9812, -1.1221 -2.6784 2.9812, -1.752 -2.7097 2.9405, -1.1221 -2.7097 2.9405, -1.752 -2.7294 2.893, -1.1221 -2.7294 2.893, -1.752 -2.7361 2.8421, -1.1221 -2.7361 2.8421, -1.752 -2.7294 2.7911, -1.1221 -2.7294 2.7911, -1.752 -2.7097 2.7436, -1.1221 -2.7097 2.7436, -1.752 -2.6784 2.7029, -1.1221 -2.6784 2.7029, -1.752 -2.6377 2.6716, -1.1221 -2.6377 2.6716, -1.752 -2.5902 2.6519, -1.1221 -2.5902 2.6519, -1.752 -2.5392 0.3212, -1.1221 -2.5392 0.3212, -1.752 -2.4883 0.3279, -1.1221 -2.4883 0.3279, -1.752 -2.4408 0.3476, -1.1221 -2.4408 0.3476, -1.752 -2.4 0.3788, -1.1221 -2.4 0.3788, -1.752 -2.3687 0.4196, -1.1221 -2.3687 0.4196, -1.752 -2.3491 0.4671, -1.1221 -2.3491 0.4671, -1.752 -2.3424 0.518, -1.1221 -2.3424 0.518, -1.752 -2.3491 0.569, -1.1221 -2.3491 0.569, -1.752 -2.3687 0.6165, -1.1221 -2.3687 0.6165, -1.752 -2.4 0.6572, -1.1221 -2.4 0.6572, -1.752 -2.4408 0.6885, -1.1221 -2.4408 0.6885, -1.752 -2.4883 0.7082, -1.1221 -2.4883 0.7082, -1.752 -2.5392 0.7149, -1.1221 -2.5392 0.7149, -1.752 -2.5902 0.7082, -1.1221 -2.5902 0.7082, -1.752 -2.6377 0.6885, -1.1221 -2.6377 0.6885, -1.752 -2.6784 0.6572, -1.1221 -2.6784 0.6572, -1.752 -2.7097 0.6165, -1.1221 -2.7097 0.6165, -1.752 -2.7294 0.569, -1.1221 -2.7294 0.569, -1.752 -2.7361 0.518, -1.1221 -2.7361 0.518, -1.752 -2.7294 0.4671, -1.1221 -2.7294 0.4671, -1.752 -2.7097 0.4196, -1.1221 -2.7097 0.4196, -1.752 -2.6784 0.3788, -1.1221 -2.6784 0.3788, -1.752 -2.6377 0.3476, -1.1221 -2.6377 0.3476, -1.752 -2.5902 0.3279, -1.1221 -2.5902 0.3279, -1.752 -1.6535 1.0444, -1.1221 -1.6535 1.0444, -1.752 -1.6026 1.0511, -1.1221 -1.6026 1.0511, -1.752 -1.5551 1.0708, -1.1221 -1.5551 1.0708, -1.752 -1.5143 1.1021, -1.1221 -1.5143 1.1021, -1.752 -1.483 1.1428, -1.1221 -1.483 1.1428, -1.752 -1.4634 1.1903, -1.1221 -1.4634 1.1903, -1.752 -1.4567 1.2412, -1.1221 -1.4567 1.2412, -1.752 -1.4634 1.2922, -1.1221 -1.4634 1.2922, -1.752 -1.483 1.3397, -1.1221 -1.483 1.3397, -1.752 -1.5143 1.3804, -1.1221 -1.5143 1.3804, -1.752 -1.5551 1.4117, -1.1221 -1.5551 1.4117, -1.752 -1.6026 1.4314, -1.1221 -1.6026 1.4314, -1.752 -1.6535 1.4381, -1.1221 -1.6535 1.4381, -1.752 -1.7045 1.4314, -1.1221 -1.7045 1.4314, -1.752 -1.7519 1.4117, -1.1221 -1.7519 1.4117, -1.752 -1.7927 1.3804, -1.1221 -1.7927 1.3804, -1.752 -1.824 1.3397, -1.1221 -1.824 1.3397, -1.752 -1.8436 1.2922, -1.1221 -1.8436 1.2922, -1.752 -1.8504 1.2412, -1.1221 -1.8504 1.2412, -1.752 -1.8436 1.1903, -1.1221 -1.8436 1.1903, -1.752 -1.824 1.1428, -1.1221 -1.824 1.1428, -1.752 -1.7927 1.1021, -1.1221 -1.7927 1.1021, -1.752 -1.7519 1.0708, -1.1221 -1.7519 1.0708, -1.752 -1.7045 1.0511, -1.1221 -1.7045 1.0511, -1.752 -2.0964 1.9685, -1.1221 -2.0964 1.9685
            ]
        }
        coordIndex [
            0,1,2,-1,2,1,3,-1,0,2,4,-1,0,4,5,-1,5,4,6,-1,5,6,7,-1,7,6,8,-1,7,8,9,-1,9,8,10,-1,9,10,11,-1,11,10,12,-1,11,12,13,-1,14,13,15,-1,15,13,12,-1,16,14,17,-1,17,14,15,-1,18,16,19,-1,19,16,17,-1,20,21,22,-1,22,21,23,-1,22,23,19,-1,19,23,18,-1,24,21,25,-1,25,21,20,-1,26,24,27,-1,27,24,25,-1,28,26,29,-1,29,26,27,-1,29,30,28,-1,28,30,31,-1,28,31,32,-1,33,34,35,-1,36,37,38,-1,38,37,39,-1,38,39,40,-1,41,32,42,-1,42,43,41,-1,41,43,44,-1,41,44,45,-1,46,47,48,-1,49,41,50,-1,50,41,45,-1,50,45,48,-1,48,45,51,-1,48,51,46,-1,47,52,48,-1,48,52,53,-1,48,53,54,-1,55,56,57,-1,57,56,58,-1,57,58,42,-1,59,60,42,-1,42,60,61,-1,42,61,57,-1,62,63,57,-1,57,63,64,-1,57,64,55,-1,65,32,66,-1,66,32,31,-1,65,67,32,-1,32,67,68,-1,32,68,69,-1,69,70,32,-1,32,70,71,-1,32,71,72,-1,72,73,32,-1,32,73,74,-1,32,74,42,-1,42,74,75,-1,42,75,59,-1,39,76,40,-1,40,76,77,-1,40,77,78,-1,78,77,62,-1,78,62,79,-1,79,62,57,-1,80,81,82,-1,83,84,85,-1,80,82,86,-1,87,88,54,-1,89,83,82,-1,90,91,31,-1,92,93,35,-1,35,93,94,-1,35,94,95,-1,96,97,82,-1,89,82,98,-1,90,31,99,-1,91,100,31,-1,31,100,101,-1,31,101,66,-1,84,102,85,-1,85,102,103,-1,85,103,104,-1,83,85,82,-1,82,85,105,-1,82,105,30,-1,30,105,106,-1,30,106,107,-1,108,109,30,-1,30,109,110,-1,30,110,31,-1,31,110,111,-1,31,111,99,-1,112,113,114,-1,114,113,115,-1,114,115,116,-1,116,117,114,-1,114,117,118,-1,114,118,119,-1,120,121,54,-1,54,121,122,-1,54,122,87,-1,120,123,121,-1,121,123,124,-1,121,124,125,-1,125,124,126,-1,125,126,127,-1,34,128,35,-1,35,128,129,-1,35,129,130,-1,88,131,54,-1,54,131,132,-1,54,132,133,-1,107,134,30,-1,30,134,135,-1,30,135,136,-1,136,137,30,-1,30,137,138,-1,30,138,108,-1,139,140,35,-1,35,140,141,-1,35,141,92,-1,133,142,54,-1,54,142,143,-1,54,143,48,-1,144,145,82,-1,82,145,146,-1,82,146,98,-1,147,148,81,-1,81,148,149,-1,81,149,150,-1,150,151,81,-1,81,151,152,-1,81,152,82,-1,82,152,153,-1,82,153,96,-1,97,154,82,-1,82,154,155,-1,82,155,156,-1,104,157,85,-1,85,157,158,-1,85,158,159,-1,159,158,160,-1,159,160,161,-1,161,160,162,-1,161,162,163,-1,163,162,125,-1,163,125,164,-1,164,125,127,-1,112,114,81,-1,81,114,165,-1,81,165,147,-1,156,166,82,-1,82,166,167,-1,82,167,144,-1,130,168,35,-1,35,168,169,-1,35,169,139,-1,49,33,41,-1,41,33,35,-1,41,35,170,-1,170,35,171,-1,170,171,172,-1,173,174,175,-1,175,174,176,-1,175,176,82,-1,177,178,179,-1,179,178,180,-1,181,182,183,-1,181,184,82,-1,185,186,187,-1,188,189,185,-1,185,189,190,-1,185,190,186,-1,191,192,173,-1,183,193,181,-1,181,193,194,-1,181,194,195,-1,196,197,198,-1,199,35,82,-1,82,35,95,-1,82,95,86,-1,200,201,202,-1,202,201,203,-1,202,203,204,-1,204,203,205,-1,182,181,206,-1,206,181,82,-1,206,82,207,-1,207,82,176,-1,207,176,208,-1,209,210,211,-1,212,213,214,-1,215,216,82,-1,82,216,217,-1,82,217,199,-1,218,200,219,-1,220,221,203,-1,203,221,222,-1,203,222,205,-1,205,222,223,-1,199,224,35,-1,35,224,225,-1,35,225,226,-1,227,228,229,-1,229,228,230,-1,229,230,231,-1,227,232,228,-1,228,232,209,-1,228,209,233,-1,233,209,211,-1,234,235,184,-1,184,235,236,-1,237,238,184,-1,184,238,239,-1,184,239,240,-1,241,242,243,-1,243,242,244,-1,245,246,247,-1,248,249,250,-1,200,251,252,-1,253,205,254,-1,254,205,255,-1,256,257,258,-1,258,257,259,-1,258,259,260,-1,261,197,208,-1,208,197,262,-1,208,262,263,-1,263,264,208,-1,208,264,265,-1,208,265,207,-1,266,267,198,-1,198,267,268,-1,198,268,196,-1,234,184,269,-1,269,184,221,-1,269,221,270,-1,236,271,184,-1,184,271,272,-1,184,272,237,-1,247,273,245,-1,245,273,274,-1,245,274,275,-1,275,274,243,-1,275,243,276,-1,276,243,244,-1,82,277,278,-1,250,279,280,-1,281,282,215,-1,215,282,283,-1,215,283,284,-1,285,219,286,-1,286,219,287,-1,218,288,200,-1,200,288,289,-1,200,289,251,-1,252,290,200,-1,200,290,291,-1,200,291,201,-1,187,292,185,-1,185,292,293,-1,185,293,294,-1,294,293,295,-1,294,295,296,-1,296,295,297,-1,296,297,298,-1,226,299,35,-1,35,299,300,-1,35,300,301,-1,260,302,258,-1,258,302,303,-1,258,303,304,-1,304,198,258,-1,258,198,197,-1,258,197,305,-1,305,197,261,-1,198,306,266,-1,266,306,307,-1,266,307,210,-1,210,307,308,-1,210,308,211,-1,298,309,296,-1,296,309,310,-1,296,310,311,-1,311,310,312,-1,311,312,220,-1,220,312,313,-1,220,313,221,-1,221,313,314,-1,221,314,270,-1,315,316,82,-1,249,317,250,-1,250,317,318,-1,250,318,279,-1,285,319,219,-1,219,319,320,-1,219,320,218,-1,223,321,205,-1,205,321,322,-1,205,322,323,-1,324,325,205,-1,205,325,326,-1,205,326,255,-1,180,191,179,-1,179,191,173,-1,179,173,327,-1,327,173,175,-1,327,175,328,-1,328,175,329,-1,214,330,212,-1,212,330,331,-1,212,331,332,-1,333,334,280,-1,280,334,335,-1,280,335,250,-1,336,337,338,-1,323,339,205,-1,205,339,340,-1,205,340,324,-1,35,341,188,-1,284,342,215,-1,215,342,343,-1,215,343,344,-1,344,343,336,-1,344,336,345,-1,345,336,338,-1,231,346,229,-1,229,346,347,-1,229,347,348,-1,240,349,184,-1,184,349,350,-1,184,350,82,-1,82,350,351,-1,82,351,212,-1,278,352,82,-1,82,352,353,-1,82,353,315,-1,316,248,82,-1,82,248,250,-1,82,250,215,-1,215,250,354,-1,215,354,281,-1,246,245,280,-1,280,245,355,-1,280,355,333,-1,356,357,35,-1,35,357,358,-1,35,358,341,-1,332,359,212,-1,212,359,360,-1,212,360,82,-1,82,360,361,-1,82,361,362,-1,301,363,35,-1,35,363,364,-1,35,364,365,-1,362,366,82,-1,82,366,367,-1,82,367,277,-1,365,368,35,-1,35,368,369,-1,35,369,356,-1,348,370,229,-1,229,370,371,-1,229,371,372,-1,373,374,375,-1,171,376,377,-1,377,376,378,-1,377,378,175,-1,175,378,379,-1,175,379,329,-1,185,380,188,-1,188,380,381,-1,188,381,35,-1,35,381,382,-1,35,382,171,-1,171,382,383,-1,171,383,376,-1,372,384,229,-1,229,384,373,-1,229,373,382,-1,382,373,375,-1,382,375,383,-1,377,385,171,-1,171,385,386,-1,171,386,172,-1,387,386,388,-1,388,386,385,-1,389,390,391,-1,391,390,392,-1,391,392,388,-1,388,392,387,-1,390,389,393,-1,390,393,394,-1,394,393,395,-1,394,395,396,-1,396,395,397,-1,396,397,398,-1,398,397,399,-1,398,399,400,-1,400,399,401,-1,401,399,402,-1,401,402,403,-1,403,402,404,-1,403,404,405,-1,403,405,406,-1,406,405,407,-1,406,407,408,-1,408,407,409,-1,408,409,410,-1,410,409,411,-1,410,411,412,-1,413,414,415,-1,415,414,416,-1,415,416,417,-1,417,416,418,-1,417,418,419,-1,419,418,420,-1,419,420,421,-1,421,420,422,-1,421,422,423,-1,423,422,424,-1,423,424,425,-1,425,424,426,-1,425,426,427,-1,427,426,428,-1,427,428,429,-1,429,428,430,-1,429,430,431,-1,431,430,432,-1,431,432,433,-1,433,432,434,-1,433,434,435,-1,435,434,436,-1,435,436,437,-1,437,436,438,-1,437,438,439,-1,439,438,440,-1,439,440,441,-1,441,440,442,-1,441,442,443,-1,443,442,444,-1,443,444,445,-1,445,444,446,-1,445,446,447,-1,447,446,448,-1,447,448,449,-1,449,448,450,-1,449,450,451,-1,451,450,452,-1,451,452,453,-1,453,452,454,-1,453,454,455,-1,455,454,456,-1,455,456,457,-1,457,456,458,-1,457,458,459,-1,459,458,460,-1,459,460,413,-1,413,460,414,-1,461,462,463,-1,463,462,464,-1,463,464,465,-1,465,464,466,-1,465,466,467,-1,467,466,468,-1,467,468,469,-1,469,468,470,-1,469,470,471,-1,471,470,472,-1,471,472,473,-1,473,472,474,-1,473,474,475,-1,475,474,476,-1,475,476,477,-1,477,476,478,-1,477,478,479,-1,479,478,480,-1,479,480,481,-1,481,480,482,-1,481,482,483,-1,483,482,484,-1,483,484,485,-1,485,484,486,-1,485,486,487,-1,487,486,488,-1,487,488,489,-1,489,488,490,-1,489,490,491,-1,491,490,492,-1,491,492,493,-1,493,492,494,-1,493,494,495,-1,495,494,496,-1,495,496,497,-1,497,496,498,-1,497,498,499,-1,499,498,500,-1,499,500,501,-1,501,500,502,-1,501,502,503,-1,503,502,504,-1,503,504,505,-1,505,504,506,-1,505,506,507,-1,507,506,508,-1,507,508,461,-1,461,508,462,-1,509,510,511,-1,511,510,512,-1,511,512,513,-1,513,512,514,-1,513,514,515,-1,515,514,516,-1,515,516,517,-1,517,516,518,-1,517,518,519,-1,519,518,520,-1,519,520,521,-1,521,520,522,-1,521,522,523,-1,523,522,524,-1,523,524,525,-1,525,524,526,-1,525,526,527,-1,527,526,528,-1,527,528,529,-1,529,528,530,-1,529,530,531,-1,531,530,532,-1,531,532,533,-1,533,532,534,-1,533,534,535,-1,535,534,536,-1,535,536,537,-1,537,536,538,-1,537,538,539,-1,539,538,540,-1,539,540,541,-1,541,540,542,-1,541,542,543,-1,543,542,544,-1,543,544,545,-1,545,544,546,-1,545,546,547,-1,547,546,548,-1,547,548,549,-1,549,548,550,-1,549,550,551,-1,551,550,552,-1,551,552,553,-1,553,552,554,-1,553,554,555,-1,555,554,556,-1,555,556,509,-1,509,556,510,-1,557,558,559,-1,559,558,560,-1,559,560,561,-1,561,560,562,-1,561,562,563,-1,563,562,564,-1,563,564,565,-1,565,564,566,-1,565,566,567,-1,567,566,568,-1,567,568,569,-1,569,568,570,-1,569,570,571,-1,571,570,572,-1,571,572,573,-1,573,572,574,-1,573,574,575,-1,575,574,576,-1,575,576,577,-1,577,576,578,-1,577,578,579,-1,579,578,580,-1,579,580,581,-1,581,580,582,-1,581,582,583,-1,583,582,584,-1,583,584,585,-1,585,584,586,-1,585,586,587,-1,587,586,588,-1,587,588,589,-1,589,588,590,-1,589,590,591,-1,591,590,592,-1,591,592,593,-1,593,592,594,-1,593,594,595,-1,595,594,596,-1,595,596,597,-1,597,596,598,-1,597,598,599,-1,599,598,600,-1,599,600,601,-1,601,600,602,-1,601,602,603,-1,603,602,604,-1,603,604,557,-1,557,604,558,-1,1,412,3,-1,3,412,411,-1,605,606,607,-1,607,606,608,-1,607,608,609,-1,609,608,610,-1,609,610,611,-1,611,610,612,-1,611,612,613,-1,613,612,614,-1,613,614,615,-1,615,614,616,-1,615,616,617,-1,617,616,618,-1,617,618,619,-1,619,618,620,-1,619,620,621,-1,621,620,622,-1,621,622,623,-1,623,622,624,-1,623,624,625,-1,625,624,626,-1,625,626,627,-1,627,626,628,-1,627,628,629,-1,629,628,630,-1,629,630,631,-1,631,630,632,-1,631,632,633,-1,633,632,634,-1,633,634,635,-1,635,634,636,-1,635,636,637,-1,637,636,638,-1,637,638,639,-1,639,638,640,-1,639,640,641,-1,641,640,642,-1,641,642,643,-1,643,642,644,-1,643,644,645,-1,645,644,646,-1,645,646,647,-1,647,646,648,-1,647,648,649,-1,649,648,650,-1,649,650,651,-1,651,650,652,-1,651,652,605,-1,605,652,606,-1,18,23,653,-1,437,499,501,-1,471,473,14,-1,501,503,437,-1,437,503,505,-1,437,505,435,-1,435,505,507,-1,435,507,433,-1,427,429,507,-1,507,429,431,-1,507,431,433,-1,5,7,487,-1,487,7,9,-1,487,9,485,-1,485,9,11,-1,485,11,483,-1,483,11,13,-1,483,13,481,-1,421,423,16,-1,16,423,425,-1,16,425,427,-1,471,14,469,-1,469,14,16,-1,469,16,467,-1,473,475,14,-1,14,475,477,-1,14,477,13,-1,13,477,479,-1,13,479,481,-1,5,487,0,-1,0,487,489,-1,0,489,1,-1,1,489,491,-1,1,491,493,-1,18,459,413,-1,413,415,18,-1,18,415,417,-1,18,417,16,-1,16,417,419,-1,16,419,421,-1,507,461,427,-1,427,461,463,-1,427,463,16,-1,16,463,465,-1,16,465,467,-1,493,495,1,-1,1,495,497,-1,1,497,499,-1,401,447,449,-1,401,455,457,-1,406,408,445,-1,449,451,401,-1,401,451,453,-1,401,453,455,-1,447,401,445,-1,445,401,403,-1,445,403,406,-1,437,439,499,-1,499,439,441,-1,499,441,1,-1,1,441,443,-1,1,443,412,-1,412,443,445,-1,412,445,410,-1,410,445,408,-1,401,533,400,-1,400,533,535,-1,527,529,401,-1,401,529,531,-1,401,531,533,-1,513,515,653,-1,653,515,517,-1,653,517,519,-1,521,523,401,-1,401,523,525,-1,401,525,527,-1,394,547,390,-1,390,547,549,-1,390,549,392,-1,392,549,551,-1,392,551,553,-1,553,555,392,-1,392,555,509,-1,392,509,653,-1,653,509,511,-1,653,511,513,-1,535,537,400,-1,400,537,539,-1,400,539,398,-1,398,539,541,-1,398,541,396,-1,396,541,543,-1,396,543,394,-1,394,543,545,-1,394,545,547,-1,519,521,653,-1,653,521,401,-1,653,401,18,-1,18,401,457,-1,18,457,459,-1,563,565,170,-1,170,565,567,-1,599,601,172,-1,172,601,603,-1,583,585,392,-1,392,585,587,-1,392,587,589,-1,589,591,392,-1,392,591,593,-1,392,593,387,-1,387,593,595,-1,567,569,170,-1,170,569,571,-1,170,571,653,-1,653,571,573,-1,653,573,575,-1,172,386,599,-1,599,386,387,-1,599,387,597,-1,597,387,595,-1,575,577,653,-1,653,577,579,-1,653,579,392,-1,392,579,581,-1,392,581,583,-1,603,557,172,-1,172,557,559,-1,172,559,170,-1,170,559,561,-1,170,561,563,-1,170,21,41,-1,41,21,24,-1,41,24,32,-1,32,24,26,-1,32,26,28,-1,645,647,170,-1,621,623,23,-1,23,623,625,-1,23,625,653,-1,625,627,653,-1,653,627,629,-1,653,629,631,-1,613,615,21,-1,21,615,617,-1,21,617,23,-1,23,617,619,-1,23,619,621,-1,631,633,653,-1,653,633,635,-1,653,635,637,-1,647,649,170,-1,170,649,651,-1,170,651,605,-1,605,607,170,-1,170,607,609,-1,170,609,21,-1,21,609,611,-1,21,611,613,-1,637,639,653,-1,653,639,641,-1,653,641,170,-1,170,641,643,-1,170,643,645,-1,464,434,432,-1,22,414,460,-1,6,4,488,-1,474,472,19,-1,19,472,470,-1,428,426,19,-1,19,426,424,-1,19,424,422,-1,444,442,508,-1,508,442,440,-1,508,440,462,-1,462,440,438,-1,462,438,464,-1,464,438,436,-1,464,436,434,-1,460,458,654,-1,458,456,654,-1,654,456,454,-1,654,454,452,-1,506,448,508,-1,508,448,446,-1,508,446,444,-1,488,4,490,-1,490,4,2,-1,490,2,492,-1,492,2,3,-1,492,3,494,-1,484,12,486,-1,486,12,10,-1,486,10,488,-1,488,10,8,-1,488,8,6,-1,478,15,480,-1,480,15,12,-1,480,12,482,-1,482,12,484,-1,19,17,474,-1,474,17,15,-1,474,15,476,-1,476,15,478,-1,432,430,464,-1,464,430,428,-1,464,428,466,-1,466,428,19,-1,466,19,468,-1,468,19,470,-1,422,420,19,-1,19,420,418,-1,19,418,22,-1,22,418,416,-1,22,416,414,-1,506,504,448,-1,448,504,654,-1,448,654,450,-1,450,654,452,-1,409,407,496,-1,494,3,496,-1,496,3,411,-1,496,411,409,-1,504,502,654,-1,654,502,500,-1,654,500,402,-1,402,500,498,-1,402,498,404,-1,404,498,496,-1,404,496,405,-1,405,496,407,-1,29,27,30,-1,30,27,25,-1,638,636,654,-1,20,626,624,-1,652,650,175,-1,175,650,648,-1,175,648,646,-1,636,634,654,-1,654,634,632,-1,654,632,630,-1,624,622,20,-1,20,622,620,-1,20,620,25,-1,25,620,618,-1,25,618,30,-1,30,618,616,-1,30,616,82,-1,82,616,614,-1,82,614,612,-1,612,610,82,-1,82,610,608,-1,82,608,175,-1,175,608,606,-1,175,606,652,-1,646,644,175,-1,175,644,642,-1,175,642,654,-1,654,642,640,-1,654,640,638,-1,460,654,22,-1,22,654,630,-1,22,630,20,-1,20,630,628,-1,20,628,626,-1,568,566,175,-1,558,604,377,-1,377,604,385,-1,566,564,175,-1,175,564,562,-1,175,562,377,-1,377,562,560,-1,377,560,558,-1,385,604,388,-1,388,604,602,-1,388,602,600,-1,592,391,594,-1,594,391,388,-1,578,576,654,-1,600,598,388,-1,388,598,596,-1,388,596,594,-1,592,590,391,-1,391,590,588,-1,391,588,586,-1,576,574,654,-1,654,574,572,-1,654,572,175,-1,175,572,570,-1,175,570,568,-1,586,584,391,-1,391,584,582,-1,391,582,654,-1,654,582,580,-1,654,580,578,-1,518,516,654,-1,399,538,536,-1,516,514,654,-1,654,514,512,-1,654,512,391,-1,391,512,510,-1,391,510,556,-1,532,530,402,-1,402,530,528,-1,402,528,526,-1,399,536,402,-1,402,536,534,-1,402,534,532,-1,526,524,402,-1,402,524,522,-1,402,522,654,-1,654,522,520,-1,654,520,518,-1,556,554,391,-1,391,554,552,-1,391,552,389,-1,389,552,550,-1,389,550,393,-1,550,548,393,-1,393,548,546,-1,393,546,395,-1,395,546,544,-1,395,544,397,-1,397,544,542,-1,397,542,399,-1,399,542,540,-1,399,540,538,-1,
        ]
    }
}
Shape{
    appearance Appearance {
        material  Material 	{
            diffuseColor 0.792156862745098 0.8196078431372549 0.9333333333333333
            specularColor 0.396078431372549 0.4117647058823529 0.4666666666666667
            ambientIntensity 0.8244
            transparency 0.0
            shininess 0.5
        }
    }
    geometry IndexedFaceSet {
        ccw TRUE
        solid FALSE
        coord DEF co Coordinate {
            point [
                -1.554 -0.1638 0.2402, -1.554 -0.1638 0.2362, -1.4696 -0.1457 0.2402, -1.4696 -0.1457 0.2362, -1.597 -0.1724 0.2402, -1.597 -0.1724 0.2362, -1.6106 -0.1757 0.2402, -1.6106 -0.1757 0.2362, -1.6029 -0.1738 0.2362, -1.6126 -0.1765 0.2402, -1.6126 -0.1765 0.2362, -1.614 -0.1772 0.2402, -1.614 -0.1772 0.2362, -1.615 -0.178 0.2402, -1.615 -0.178 0.2362, -1.6156 -0.1785 0.2402, -1.6156 -0.1785 0.2362, -1.6159 -0.1789 0.2402, -1.6159 -0.1789 0.2362, -1.616 -0.1793 0.2402, -1.616 -0.1793 0.2362, -1.6161 -0.1797 0.2402, -1.6161 -0.1797 0.2362, -1.616 -0.1802 0.2402, -1.616 -0.1802 0.2362, -1.6159 -0.1805 0.2402, -1.6159 -0.1805 0.2362, -1.6157 -0.1809 0.2402, -1.6157 -0.1809 0.2362, -1.6152 -0.1813 0.2402, -1.6152 -0.1813 0.2362, -1.6144 -0.1817 0.2402, -1.6144 -0.1817 0.2362, -1.6131 -0.1821 0.2402, -1.6131 -0.1821 0.2362, -1.6072 -0.1829 0.2402, -1.6072 -0.1829 0.2362, -1.6029 -0.1833 0.2362, -1.5993 -0.1837 0.2402, -1.5993 -0.1837 0.2362, -1.5756 -0.1864 0.2402, -1.5756 -0.1864 0.2362, -1.5646 -0.1872 0.2402, -1.5646 -0.1872 0.2362, -1.5593 -0.187 0.2402, -1.5593 -0.187 0.2362, -1.5562 -0.1859 0.2402, -1.5562 -0.1859 0.2362, -1.554 -0.1848 0.2402, -1.554 -0.1848 0.2362, -1.5489 -0.1819 0.2402, -1.5489 -0.1819 0.2362, -1.5242 -0.1745 0.2402, -1.5242 -0.1745 0.2362, -1.4991 -0.1683 0.2402, -1.4991 -0.1683 0.2362, -1.229 -0.11 0.2402, -1.229 -0.11 0.2362, -1.229 -0.1021 0.2402, -1.229 -0.1021 0.2362, -1.4719 -0.0472 0.2402, -1.4719 -0.0472 0.2362, -1.5002 -0.0404 0.2402, -1.5002 -0.0404 0.2362, -1.5136 -0.0374 0.2402, -1.5136 -0.0374 0.2362, -1.5268 -0.0336 0.2402, -1.5268 -0.0336 0.2362, -1.5376 -0.0297 0.2402, -1.5376 -0.0297 0.2362, -1.5477 -0.026 0.2402, -1.5477 -0.026 0.2362, -1.5513 -0.0237 0.2402, -1.5513 -0.0237 0.2362, -1.5536 -0.0217 0.2402, -1.5536 -0.0217 0.2362, -1.5545 -0.0211 0.2402, -1.5545 -0.0211 0.2362, -1.5553 -0.0208 0.2402, -1.5553 -0.0208 0.2362, -1.5564 -0.0207 0.2402, -1.5564 -0.0207 0.2362, -1.5611 -0.0211 0.2402, -1.5611 -0.0211 0.2362, -1.5694 -0.0216 0.2402, -1.5694 -0.0216 0.2362, -1.571 -0.0217 0.2402, -1.571 -0.0217 0.2362, -1.5964 -0.0239 0.2402, -1.5964 -0.0239 0.2362, -1.6029 -0.0247 0.2362, -1.6061 -0.0251 0.2402, -1.6061 -0.0251 0.2362, -1.6091 -0.0253 0.2402, -1.6091 -0.0253 0.2362, -1.6112 -0.0257 0.2402, -1.6112 -0.0257 0.2362, -1.6127 -0.0259 0.2402, -1.6127 -0.0259 0.2362, -1.6136 -0.0262 0.2402, -1.6136 -0.0262 0.2362, -1.6142 -0.0265 0.2402, -1.6142 -0.0265 0.2362, -1.6147 -0.027 0.2402, -1.6147 -0.027 0.2362, -1.615 -0.0274 0.2402, -1.615 -0.0274 0.2362, -1.6152 -0.0278 0.2402, -1.6152 -0.0278 0.2362, -1.6153 -0.0281 0.2402, -1.6153 -0.0281 0.2362, -1.6152 -0.0285 0.2402, -1.6152 -0.0285 0.2362, -1.6151 -0.029 0.2402, -1.6151 -0.029 0.2362, -1.6148 -0.0294 0.2402, -1.6148 -0.0294 0.2362, -1.6144 -0.0299 0.2402, -1.6144 -0.0299 0.2362, -1.6136 -0.0305 0.2402, -1.6136 -0.0305 0.2362, -1.6116 -0.0312 0.2402, -1.6116 -0.0312 0.2362, -1.6112 -0.0313 0.2402, -1.6112 -0.0313 0.2362, -1.5886 -0.0353 0.2402, -1.5886 -0.0353 0.2362, -1.6029 -0.0328 0.2362, -1.451 -0.0687 0.2402, -1.451 -0.0687 0.2362, -1.2834 -0.1061 0.2402, -1.4498 -0.1429 0.2402, -1.4424 -0.0698 0.2402, -1.4277 -0.0851 0.2402, -1.4374 -0.0993 0.2402, -1.44 -0.1042 0.2402, -1.4452 -0.1206 0.2402, -1.4498 -0.1429 0.2362, -1.2834 -0.1061 0.2362, -1.4452 -0.1206 0.2362, -1.44 -0.1042 0.2362, -1.4374 -0.0993 0.2362, -1.4277 -0.0851 0.2362, -1.4424 -0.0698 0.2362
            ]
        }
        coordIndex [
            0,1,2,-1,2,1,3,-1,4,5,0,-1,0,5,1,-1,6,7,4,-1,4,7,8,-1,4,8,5,-1,7,6,9,-1,7,9,10,-1,10,9,11,-1,10,11,12,-1,12,11,13,-1,12,13,14,-1,14,13,15,-1,14,15,16,-1,16,15,17,-1,16,17,18,-1,18,17,19,-1,18,19,20,-1,20,19,21,-1,20,21,22,-1,22,21,23,-1,22,23,24,-1,24,23,25,-1,24,25,26,-1,26,25,27,-1,26,27,28,-1,28,27,29,-1,28,29,30,-1,30,29,31,-1,30,31,32,-1,32,31,33,-1,32,33,34,-1,34,33,35,-1,34,35,36,-1,36,35,37,-1,37,35,38,-1,37,38,39,-1,40,41,38,-1,38,41,39,-1,41,40,42,-1,41,42,43,-1,43,42,44,-1,43,44,45,-1,45,44,46,-1,45,46,47,-1,47,46,48,-1,47,48,49,-1,50,51,48,-1,48,51,49,-1,51,50,52,-1,51,52,53,-1,53,52,54,-1,53,54,55,-1,56,57,54,-1,54,57,55,-1,58,59,56,-1,56,59,57,-1,60,61,58,-1,58,61,59,-1,62,63,60,-1,60,63,61,-1,63,62,64,-1,63,64,65,-1,65,64,66,-1,65,66,67,-1,68,69,66,-1,66,69,67,-1,69,68,70,-1,69,70,71,-1,71,70,72,-1,71,72,73,-1,73,72,74,-1,73,74,75,-1,75,74,76,-1,75,76,77,-1,77,76,78,-1,77,78,79,-1,79,78,80,-1,79,80,81,-1,81,80,82,-1,81,82,83,-1,83,82,84,-1,83,84,85,-1,85,84,86,-1,85,86,87,-1,88,89,86,-1,86,89,87,-1,89,88,90,-1,90,88,91,-1,90,91,92,-1,92,91,93,-1,92,93,94,-1,94,93,95,-1,94,95,96,-1,96,95,97,-1,96,97,98,-1,98,97,99,-1,98,99,100,-1,100,99,101,-1,100,101,102,-1,102,101,103,-1,102,103,104,-1,104,103,105,-1,104,105,106,-1,106,105,107,-1,106,107,108,-1,108,107,109,-1,108,109,110,-1,110,109,111,-1,110,111,112,-1,112,111,113,-1,112,113,114,-1,114,113,115,-1,114,115,116,-1,116,115,117,-1,116,117,118,-1,118,117,119,-1,118,119,120,-1,120,119,121,-1,120,121,122,-1,122,121,123,-1,122,123,124,-1,125,126,123,-1,123,126,127,-1,123,127,124,-1,128,129,125,-1,125,129,126,-1,128,2,129,-1,129,2,3,-1,130,56,131,-1,131,56,54,-1,128,132,133,-1,74,72,125,-1,125,72,70,-1,125,70,68,-1,133,134,128,-1,128,134,135,-1,128,135,2,-1,2,135,136,-1,52,0,54,-1,54,0,2,-1,54,2,131,-1,131,2,136,-1,97,95,121,-1,121,95,123,-1,68,66,125,-1,125,66,64,-1,125,64,128,-1,128,64,62,-1,128,62,132,-1,132,62,60,-1,132,60,130,-1,130,60,58,-1,130,58,56,-1,0,40,4,-1,4,40,38,-1,4,38,6,-1,6,38,35,-1,6,35,9,-1,9,35,33,-1,9,33,11,-1,86,84,125,-1,125,84,82,-1,125,82,80,-1,52,50,0,-1,0,50,48,-1,0,48,46,-1,95,93,123,-1,123,93,91,-1,123,91,125,-1,125,91,88,-1,125,88,86,-1,46,44,0,-1,0,44,42,-1,0,42,40,-1,111,109,121,-1,80,78,125,-1,125,78,76,-1,125,76,74,-1,111,121,113,-1,31,15,33,-1,33,15,13,-1,33,13,11,-1,109,107,121,-1,121,107,105,-1,121,105,103,-1,31,29,15,-1,15,29,27,-1,15,27,17,-1,17,27,19,-1,103,101,121,-1,121,101,99,-1,121,99,97,-1,119,117,121,-1,121,117,115,-1,121,115,113,-1,19,27,21,-1,21,27,25,-1,21,25,23,-1,131,137,130,-1,130,137,138,-1,137,131,136,-1,137,136,139,-1,139,136,135,-1,139,135,140,-1,140,135,134,-1,140,134,141,-1,133,142,134,-1,134,142,141,-1,132,143,133,-1,133,143,142,-1,
        ]
    }
}
Shape{
    appearance Appearance {
        material  Material 	{
            diffuseColor 0.6470588235294118 0.6196078431372549 0.5882352941176471
            specularColor 0.45098039215686275 0.43529411764705883 0.4117647058823529
            ambientIntensity 0.6242
            transparency 0.0
            shininess 0.5
        }
    }
    geometry IndexedFaceSet {
        ccw TRUE
        solid FALSE
        coord DEF co Coordinate {
            point [
                -1.2834 -0.1061 0.2362, -1.4424 -0.0698 0.2362, -1.2834 -0.1061 0.2402, -1.4424 -0.0698 0.2402, -1.2647 -0.3911 0.2402, -1.2647 -0.3911 0.2362, -1.2731 -0.3809 0.2402, -1.2731 -0.3809 0.2362, -1.2627 -0.3935 0.2402, -1.2627 -0.3935 0.2362, -1.261 -0.395 0.2402, -1.261 -0.395 0.2362, -1.2593 -0.3959 0.2402, -1.2593 -0.3959 0.2362, -1.258 -0.3963 0.2402, -1.258 -0.3963 0.2362, -1.2566 -0.3964 0.2402, -1.2566 -0.3964 0.2362, -1.2552 -0.3962 0.2402, -1.2552 -0.3962 0.2362, -1.2541 -0.3957 0.2402, -1.2541 -0.3957 0.2362, -1.2532 -0.3951 0.2402, -1.2532 -0.3951 0.2362, -1.2522 -0.3939 0.2402, -1.2522 -0.3939 0.2362
            ]
        }
        coordIndex [
            0,1,2,-1,2,1,3,-1,4,5,6,-1,6,5,7,-1,5,4,8,-1,5,8,9,-1,9,8,10,-1,9,10,11,-1,11,10,12,-1,11,12,13,-1,13,12,14,-1,13,14,15,-1,15,14,16,-1,15,16,17,-1,17,16,18,-1,17,18,19,-1,19,18,20,-1,19,20,21,-1,21,20,22,-1,21,22,23,-1,23,22,24,-1,23,24,25,-1,
        ]
    }
}
Shape{
    appearance Appearance {
        material  Material 	{
            diffuseColor 0.792156862745098 0.8196078431372549 0.9333333333333333
            specularColor 0.396078431372549 0.4117647058823529 0.4666666666666667
            ambientIntensity 0.8244
            transparency 0.0
            shininess 0.5
        }
    }
    geometry IndexedFaceSet {
        ccw TRUE
        solid FALSE
        coord DEF co Coordinate {
            point [
                -1.2539 -0.3837 0.2402, -1.2539 -0.3837 0.2362, -1.2522 -0.3939 0.2402, -1.2522 -0.3939 0.2362, -1.2539 -0.3718 0.2402, -1.2539 -0.3718 0.2362, -1.253 -0.367 0.2402, -1.253 -0.367 0.2362, -1.2522 -0.3622 0.2402, -1.2522 -0.3622 0.2362, -1.2511 -0.3503 0.2402, -1.2511 -0.3503 0.2362, -1.2449 -0.3288 0.2402, -1.2449 -0.3288 0.2362, -1.2425 -0.3164 0.2402, -1.2425 -0.3164 0.2362, -1.2414 -0.3039 0.2402, -1.2414 -0.3039 0.2362, -1.2426 -0.2863 0.2402, -1.2426 -0.2863 0.2362, -1.2456 -0.2736 0.2402, -1.2456 -0.2736 0.2362, -1.251 -0.2633 0.2402, -1.251 -0.2633 0.2362, -1.2589 -0.2542 0.2402, -1.2589 -0.2542 0.2362, -1.2713 -0.2454 0.2402, -1.2713 -0.2454 0.2362, -1.2921 -0.237 0.2402, -1.2921 -0.237 0.2362, -1.3538 -0.228 0.2402, -1.3538 -0.228 0.2362, -1.4374 -0.2251 0.2402, -1.4374 -0.2251 0.2362, -1.5014 -0.2304 0.2402, -1.5014 -0.2304 0.2362, -1.5416 -0.2417 0.2402, -1.5416 -0.2417 0.2362, -1.5618 -0.2529 0.2402, -1.5618 -0.2529 0.2362, -1.5739 -0.2627 0.2402, -1.5739 -0.2627 0.2362, -1.5817 -0.2728 0.2402, -1.5817 -0.2728 0.2362, -1.5847 -0.2787 0.2402, -1.5847 -0.2787 0.2362, -1.5885 -0.2929 0.2402, -1.5885 -0.2929 0.2362, -1.5931 -0.326 0.2402, -1.5931 -0.326 0.2362, -1.5959 -0.3509 0.2402, -1.5959 -0.3509 0.2362
            ]
        }
        coordIndex [
            0,1,2,-1,2,1,3,-1,4,5,0,-1,0,5,1,-1,5,4,6,-1,5,6,7,-1,7,6,8,-1,7,8,9,-1,10,11,8,-1,8,11,9,-1,12,13,10,-1,10,13,11,-1,13,12,14,-1,13,14,15,-1,15,14,16,-1,15,16,17,-1,17,16,18,-1,17,18,19,-1,19,18,20,-1,19,20,21,-1,21,20,22,-1,21,22,23,-1,23,22,24,-1,23,24,25,-1,25,24,26,-1,25,26,27,-1,27,26,28,-1,27,28,29,-1,29,28,30,-1,29,30,31,-1,31,30,32,-1,31,32,33,-1,33,32,34,-1,33,34,35,-1,35,34,36,-1,35,36,37,-1,37,36,38,-1,37,38,39,-1,39,38,40,-1,39,40,41,-1,41,40,42,-1,41,42,43,-1,43,42,44,-1,43,44,45,-1,45,44,46,-1,45,46,47,-1,47,46,48,-1,47,48,49,-1,50,51,48,-1,48,51,49,-1,
        ]
    }
}
Shape{
    appearance Appearance {
        material  Material 	{
            diffuseColor 0.6470588235294118 0.6196078431372549 0.5882352941176471
            specularColor 0.45098039215686275 0.43529411764705883 0.4117647058823529
            ambientIntensity 0.6242
            transparency 0.0
            shininess 0.5
        }
    }
    geometry IndexedFaceSet {
        ccw TRUE
        solid FALSE
        coord DEF co Coordinate {
            point [
                -1.5959 -0.3509 0.2362, -1.5959 -0.3509 0.2402, -1.5984 -0.3601 0.2402, -1.5984 -0.3601 0.2362, -1.602 -0.3661 0.2402, -1.602 -0.3661 0.2362, -1.6029 -0.3676 0.2362, -1.6031 -0.3679 0.2402, -1.6031 -0.3679 0.2362, -1.6032 -0.3684 0.2402, -1.6032 -0.3684 0.2362
            ]
        }
        coordIndex [
            0,1,2,-1,0,2,3,-1,3,2,4,-1,3,4,5,-1,5,4,6,-1,6,4,7,-1,6,7,8,-1,8,7,9,-1,8,9,10,-1,
        ]
    }
}
Shape{
    appearance Appearance {
        material  Material 	{
            diffuseColor 0.792156862745098 0.8196078431372549 0.9333333333333333
            specularColor 0.396078431372549 0.4117647058823529 0.4666666666666667
            ambientIntensity 0.8244
            transparency 0.0
            shininess 0.5
        }
    }
    geometry IndexedFaceSet {
        ccw TRUE
        solid FALSE
        coord DEF co Coordinate {
            point [
                -1.6031 -0.3699 0.2362, -1.6032 -0.3684 0.2362, -1.6031 -0.3699 0.2402, -1.6032 -0.3684 0.2402, -1.6029 -0.3705 0.2362, -1.6027 -0.371 0.2402, -1.6027 -0.371 0.2362, -1.6 -0.3747 0.2402, -1.6 -0.3747 0.2362, -1.5925 -0.3829 0.2402, -1.5925 -0.3829 0.2362, -1.5897 -0.3854 0.2402, -1.5897 -0.3854 0.2362, -1.5824 -0.3922 0.2402, -1.5824 -0.3922 0.2362, -1.5809 -0.3936 0.2402, -1.5809 -0.3936 0.2362, -1.5797 -0.3946 0.2402, -1.5797 -0.3946 0.2362, -1.5787 -0.3952 0.2402, -1.5787 -0.3952 0.2362, -1.578 -0.3956 0.2402, -1.578 -0.3956 0.2362, -1.5774 -0.3959 0.2402, -1.5774 -0.3959 0.2362, -1.5769 -0.3959 0.2402, -1.5769 -0.3959 0.2362, -1.5764 -0.3959 0.2402, -1.5764 -0.3959 0.2362, -1.5755 -0.3956 0.2402, -1.5755 -0.3956 0.2362, -1.5745 -0.395 0.2402, -1.5745 -0.395 0.2362, -1.5742 -0.3948 0.2402, -1.5742 -0.3948 0.2362, -1.574 -0.3945 0.2402, -1.574 -0.3945 0.2362, -1.5738 -0.394 0.2402, -1.5738 -0.394 0.2362, -1.5737 -0.3939 0.2402, -1.5737 -0.3939 0.2362, -1.5736 -0.3927 0.2402, -1.5736 -0.3927 0.2362, -1.5738 -0.3905 0.2402, -1.5738 -0.3905 0.2362, -1.5738 -0.3826 0.2402, -1.5738 -0.3826 0.2362, -1.5738 -0.3735 0.2402, -1.5738 -0.3735 0.2362, -1.2771 -0.3735 0.2402, -1.2771 -0.3735 0.2362, -1.2753 -0.3773 0.2402, -1.2753 -0.3773 0.2362, -1.2731 -0.3809 0.2402, -1.2731 -0.3809 0.2362, -1.2539 -0.3718 0.2402, -1.2539 -0.3837 0.2402, -1.2731 -0.3577 0.2402, -1.6031 -0.3679 0.2402, -1.602 -0.3661 0.2402, -1.5644 -0.2851 0.2402, -1.5817 -0.2728 0.2402, -1.5603 -0.276 0.2402, -1.5739 -0.2627 0.2402, -1.5549 -0.2692 0.2402, -1.5618 -0.2529 0.2402, -1.5466 -0.2627 0.2402, -1.5197 -0.2509 0.2402, -1.5959 -0.3509 0.2402, -1.5727 -0.3401 0.2402, -1.573 -0.3489 0.2402, -1.5727 -0.3577 0.2402, -1.2647 -0.3911 0.2402, -1.2686 -0.3469 0.2402, -1.263 -0.3228 0.2402, -1.2449 -0.3288 0.2402, -1.2425 -0.3164 0.2402, -1.2612 -0.2982 0.2402, -1.2414 -0.3039 0.2402, -1.5699 -0.3152 0.2402, -1.5931 -0.326 0.2402, -1.5676 -0.2978 0.2402, -1.5885 -0.2929 0.2402, -1.5847 -0.2787 0.2402, -1.5984 -0.3601 0.2402, -1.2593 -0.3959 0.2402, -1.261 -0.395 0.2402, -1.2627 -0.3935 0.2402, -1.2511 -0.3503 0.2402, -1.2522 -0.3622 0.2402, -1.253 -0.367 0.2402, -1.2426 -0.2863 0.2402, -1.2641 -0.2833 0.2402, -1.2456 -0.2736 0.2402, -1.5416 -0.2417 0.2402, -1.5014 -0.2304 0.2402, -1.4625 -0.2416 0.2402, -1.4374 -0.2251 0.2402, -1.3876 -0.241 0.2402, -1.3538 -0.228 0.2402, -1.3106 -0.2476 0.2402, -1.2921 -0.237 0.2402, -1.251 -0.2633 0.2402, -1.2684 -0.2724 0.2402, -1.2589 -0.2542 0.2402, -1.2733 -0.2657 0.2402, -1.2713 -0.2454 0.2402, -1.2814 -0.2589 0.2402, -1.2936 -0.2526 0.2402, -1.2522 -0.3939 0.2402, -1.2532 -0.3951 0.2402, -1.2541 -0.3957 0.2402, -1.2552 -0.3962 0.2402, -1.2566 -0.3964 0.2402, -1.258 -0.3963 0.2402, -1.5699 -0.3152 0.2362, -1.5727 -0.3401 0.2362, -1.5676 -0.2978 0.2362, -1.5644 -0.2851 0.2362, -1.5603 -0.276 0.2362, -1.5549 -0.2692 0.2362, -1.5466 -0.2627 0.2362, -1.5197 -0.2509 0.2362, -1.4625 -0.2416 0.2362, -1.3876 -0.241 0.2362, -1.3106 -0.2476 0.2362, -1.2936 -0.2526 0.2362, -1.2814 -0.2589 0.2362, -1.2733 -0.2657 0.2362, -1.2684 -0.2724 0.2362, -1.2641 -0.2833 0.2362, -1.2612 -0.2982 0.2362, -1.263 -0.3228 0.2362, -1.2686 -0.3469 0.2362, -1.2731 -0.3577 0.2362, -1.5727 -0.3577 0.2362, -1.573 -0.3489 0.2362, -1.3944 -0.5135 0.2402, -1.3944 -0.5135 0.2362, -1.4006 -0.5611 0.2402, -1.4006 -0.5611 0.2362, -1.3904 -0.4939 0.2402, -1.3904 -0.4939 0.2362, -1.3859 -0.4813 0.2402, -1.3859 -0.4813 0.2362, -1.3824 -0.4756 0.2402, -1.3824 -0.4756 0.2362, -1.3796 -0.4705 0.2402, -1.3796 -0.4705 0.2362, -1.396 -0.4541 0.2402, -1.396 -0.4541 0.2362, -1.3976 -0.4528 0.2402, -1.3976 -0.4528 0.2362, -1.3989 -0.4521 0.2402, -1.3989 -0.4521 0.2362, -1.4002 -0.4517 0.2402, -1.4002 -0.4517 0.2362, -1.4012 -0.4515 0.2402, -1.4012 -0.4515 0.2362, -1.4022 -0.4517 0.2402, -1.4022 -0.4517 0.2362, -1.4031 -0.452 0.2402, -1.4031 -0.452 0.2362, -1.4039 -0.4526 0.2402, -1.4039 -0.4526 0.2362, -1.4049 -0.4537 0.2402, -1.4049 -0.4537 0.2362, -1.4053 -0.4546 0.2402, -1.4053 -0.4546 0.2362, -1.4056 -0.4556 0.2402, -1.4056 -0.4556 0.2362, -1.4057 -0.4569 0.2402, -1.4057 -0.4569 0.2362, -1.4204 -0.5611 0.2402, -1.4204 -0.5611 0.2362, -1.5738 -0.5611 0.2402, -1.5738 -0.5611 0.2362, -1.562 -0.4767 0.2402, -1.562 -0.4767 0.2362, -1.5598 -0.4685 0.2402, -1.5598 -0.4685 0.2362, -1.5563 -0.4609 0.2402, -1.5563 -0.4609 0.2362, -1.5534 -0.4558 0.2402, -1.5534 -0.4558 0.2362, -1.571 -0.44 0.2402, -1.571 -0.44 0.2362, -1.5731 -0.4384 0.2402, -1.5731 -0.4384 0.2362, -1.5742 -0.4379 0.2402, -1.5742 -0.4379 0.2362, -1.5754 -0.4377 0.2402, -1.5754 -0.4377 0.2362, -1.5765 -0.4377 0.2402, -1.5765 -0.4377 0.2362, -1.5776 -0.4381 0.2402, -1.5776 -0.4381 0.2362, -1.5787 -0.4387 0.2402, -1.5787 -0.4387 0.2362, -1.5792 -0.4392 0.2402, -1.5792 -0.4392 0.2362, -1.5796 -0.4398 0.2402, -1.5796 -0.4398 0.2362, -1.5799 -0.4407 0.2402, -1.5799 -0.4407 0.2362, -1.5801 -0.4429 0.2402, -1.5801 -0.4429 0.2362, -1.5801 -0.4433 0.2402, -1.5801 -0.4433 0.2362, -1.5806 -0.4518 0.2402, -1.5806 -0.4518 0.2362, -1.5859 -0.4947 0.2402, -1.5859 -0.4947 0.2362, -1.5925 -0.5374 0.2402, -1.5925 -0.5374 0.2362, -1.597 -0.5634 0.2402, -1.597 -0.5634 0.2362, -1.5994 -0.5697 0.2402, -1.5994 -0.5697 0.2362, -1.6003 -0.5738 0.2402, -1.6003 -0.5738 0.2362, -1.6004 -0.5767 0.2402, -1.6004 -0.5767 0.2362, -1.6002 -0.5781 0.2402, -1.6002 -0.5781 0.2362, -1.5996 -0.5795 0.2402, -1.5996 -0.5795 0.2362, -1.5986 -0.5808 0.2402, -1.5986 -0.5808 0.2362, -1.5973 -0.5818 0.2402, -1.5973 -0.5818 0.2362, -1.5957 -0.5826 0.2402, -1.5957 -0.5826 0.2362, -1.5935 -0.583 0.2402, -1.5935 -0.583 0.2362, -1.5891 -0.5827 0.2402, -1.5891 -0.5827 0.2362, -1.5749 -0.579 0.2402, -1.5749 -0.579 0.2362, -1.5602 -0.5775 0.2402, -1.5602 -0.5775 0.2362, -1.5495 -0.5775 0.2402, -1.5495 -0.5775 0.2362, -1.5424 -0.5772 0.2402, -1.5424 -0.5772 0.2362, -1.5353 -0.577 0.2402, -1.5353 -0.577 0.2362, -1.276 -0.5775 0.2402, -1.276 -0.5775 0.2362, -1.269 -0.5835 0.2402, -1.269 -0.5835 0.2362, -1.2644 -0.5873 0.2402, -1.2644 -0.5873 0.2362, -1.2613 -0.5896 0.2402, -1.2613 -0.5896 0.2362, -1.2588 -0.5909 0.2402, -1.2588 -0.5909 0.2362, -1.2566 -0.5915 0.2402, -1.2566 -0.5915 0.2362, -1.2552 -0.5915 0.2402, -1.2552 -0.5915 0.2362, -1.254 -0.5916 0.2402, -1.254 -0.5916 0.2362, -1.2528 -0.5916 0.2402, -1.2528 -0.5916 0.2362, -1.2524 -0.5916 0.2402, -1.2524 -0.5916 0.2362, -1.2521 -0.5914 0.2402, -1.2521 -0.5914 0.2362, -1.2518 -0.5912 0.2402, -1.2518 -0.5912 0.2362, -1.2514 -0.5908 0.2402, -1.2514 -0.5908 0.2362, -1.2514 -0.5907 0.2402, -1.2514 -0.5907 0.2362, -1.251 -0.59 0.2402, -1.251 -0.59 0.2362, -1.2509 -0.589 0.2402, -1.2509 -0.589 0.2362, -1.2509 -0.5875 0.2402, -1.2509 -0.5875 0.2362, -1.2511 -0.5866 0.2402, -1.2511 -0.5866 0.2362, -1.2527 -0.5759 0.2402, -1.2527 -0.5759 0.2362, -1.2539 -0.5662 0.2402, -1.2539 -0.5662 0.2362, -1.2539 -0.5566 0.2402, -1.2539 -0.5566 0.2362, -1.2539 -0.5549 0.2402, -1.2539 -0.5549 0.2362, -1.2536 -0.5438 0.2402, -1.2536 -0.5438 0.2362, -1.2522 -0.5328 0.2402, -1.2522 -0.5328 0.2362, -1.2482 -0.5107 0.2402, -1.2482 -0.5107 0.2362, -1.2443 -0.4912 0.2402, -1.2443 -0.4912 0.2362, -1.2386 -0.4757 0.2402, -1.2386 -0.4757 0.2362, -1.2369 -0.4728 0.2402, -1.2369 -0.4728 0.2362, -1.2335 -0.4676 0.2402, -1.2335 -0.4676 0.2362, -1.2505 -0.4513 0.2402, -1.2505 -0.4513 0.2362, -1.2524 -0.4502 0.2402, -1.2524 -0.4502 0.2362, -1.2537 -0.4495 0.2402, -1.2537 -0.4495 0.2362, -1.2547 -0.4491 0.2402, -1.2547 -0.4491 0.2362, -1.2556 -0.449 0.2402, -1.2556 -0.449 0.2362, -1.2563 -0.4491 0.2402, -1.2563 -0.4491 0.2362, -1.257 -0.4493 0.2402, -1.257 -0.4493 0.2362, -1.2576 -0.4497 0.2402, -1.2576 -0.4497 0.2362, -1.2584 -0.4505 0.2402, -1.2584 -0.4505 0.2362, -1.2591 -0.4515 0.2402, -1.2591 -0.4515 0.2362, -1.2594 -0.4525 0.2402, -1.2594 -0.4525 0.2362, -1.2595 -0.4541 0.2402, -1.2595 -0.4541 0.2362, -1.2607 -0.4631 0.2402, -1.2607 -0.4631 0.2362, -1.2625 -0.4764 0.2402, -1.2625 -0.4764 0.2362, -1.2641 -0.4898 0.2402, -1.2641 -0.4898 0.2362
            ]
        }
        coordIndex [
            0,1,2,-1,2,1,3,-1,0,2,4,-1,4,2,5,-1,4,5,6,-1,6,5,7,-1,6,7,8,-1,8,7,9,-1,8,9,10,-1,10,9,11,-1,10,11,12,-1,13,14,11,-1,11,14,12,-1,14,13,15,-1,14,15,16,-1,16,15,17,-1,16,17,18,-1,18,17,19,-1,18,19,20,-1,20,19,21,-1,20,21,22,-1,22,21,23,-1,22,23,24,-1,24,23,25,-1,24,25,26,-1,26,25,27,-1,26,27,28,-1,28,27,29,-1,28,29,30,-1,30,29,31,-1,30,31,32,-1,32,31,33,-1,32,33,34,-1,34,33,35,-1,34,35,36,-1,36,35,37,-1,36,37,38,-1,38,37,39,-1,38,39,40,-1,40,39,41,-1,40,41,42,-1,42,41,43,-1,42,43,44,-1,45,46,43,-1,43,46,44,-1,47,48,45,-1,45,48,46,-1,49,50,47,-1,47,50,48,-1,50,49,51,-1,50,51,52,-1,52,51,53,-1,52,53,54,-1,55,56,57,-1,58,59,47,-1,19,17,43,-1,60,61,62,-1,62,61,63,-1,62,63,64,-1,64,63,65,-1,64,65,66,-1,66,65,67,-1,68,69,70,-1,47,71,49,-1,49,71,57,-1,49,57,51,-1,51,57,56,-1,51,56,53,-1,53,56,72,-1,73,74,75,-1,75,74,76,-1,76,74,77,-1,76,77,78,-1,17,15,43,-1,43,15,13,-1,43,13,45,-1,45,13,11,-1,45,11,47,-1,47,11,9,-1,47,9,7,-1,69,68,79,-1,79,68,80,-1,79,80,81,-1,81,80,82,-1,81,82,60,-1,60,82,83,-1,60,83,61,-1,59,84,47,-1,47,84,68,-1,47,68,71,-1,71,68,70,-1,85,86,56,-1,56,86,87,-1,56,87,72,-1,75,88,73,-1,73,88,89,-1,73,89,57,-1,57,89,90,-1,57,90,55,-1,78,77,91,-1,91,77,92,-1,91,92,93,-1,65,94,67,-1,67,94,95,-1,67,95,96,-1,96,95,97,-1,96,97,98,-1,98,97,99,-1,98,99,100,-1,100,99,101,-1,25,23,43,-1,43,23,21,-1,43,21,19,-1,93,92,102,-1,102,92,103,-1,102,103,104,-1,104,103,105,-1,104,105,106,-1,106,105,107,-1,106,107,101,-1,101,107,108,-1,101,108,100,-1,41,39,29,-1,29,39,37,-1,29,37,31,-1,31,37,35,-1,31,35,33,-1,109,110,56,-1,56,110,111,-1,56,111,112,-1,112,113,56,-1,56,113,114,-1,56,114,85,-1,3,58,2,-1,2,58,47,-1,2,47,5,-1,5,47,7,-1,41,29,43,-1,43,29,27,-1,43,27,25,-1,79,115,69,-1,69,115,116,-1,115,79,81,-1,115,81,117,-1,117,81,60,-1,117,60,118,-1,118,60,62,-1,118,62,119,-1,119,62,64,-1,119,64,120,-1,120,64,66,-1,120,66,121,-1,121,66,67,-1,121,67,122,-1,122,67,96,-1,122,96,123,-1,123,96,98,-1,123,98,124,-1,124,98,100,-1,124,100,125,-1,125,100,108,-1,125,108,126,-1,126,108,107,-1,126,107,127,-1,127,107,105,-1,127,105,128,-1,128,105,103,-1,128,103,129,-1,129,103,92,-1,129,92,130,-1,130,92,77,-1,130,77,131,-1,131,77,74,-1,131,74,132,-1,132,74,73,-1,132,73,133,-1,57,134,73,-1,73,134,133,-1,71,135,57,-1,57,135,134,-1,135,71,70,-1,135,70,136,-1,136,70,69,-1,136,69,116,-1,137,138,139,-1,139,138,140,-1,138,137,141,-1,138,141,142,-1,142,141,143,-1,142,143,144,-1,144,143,145,-1,144,145,146,-1,147,148,145,-1,145,148,146,-1,149,150,147,-1,147,150,148,-1,150,149,151,-1,150,151,152,-1,152,151,153,-1,152,153,154,-1,154,153,155,-1,154,155,156,-1,156,155,157,-1,156,157,158,-1,158,157,159,-1,158,159,160,-1,160,159,161,-1,160,161,162,-1,162,161,163,-1,162,163,164,-1,164,163,165,-1,164,165,166,-1,166,165,167,-1,166,167,168,-1,168,167,169,-1,168,169,170,-1,170,169,171,-1,170,171,172,-1,173,174,171,-1,171,174,172,-1,175,176,173,-1,173,176,174,-1,177,178,175,-1,175,178,176,-1,178,177,179,-1,178,179,180,-1,180,179,181,-1,180,181,182,-1,183,184,181,-1,181,184,182,-1,185,186,183,-1,183,186,184,-1,186,185,187,-1,186,187,188,-1,188,187,189,-1,188,189,190,-1,190,189,191,-1,190,191,192,-1,192,191,193,-1,192,193,194,-1,194,193,195,-1,194,195,196,-1,196,195,197,-1,196,197,198,-1,198,197,199,-1,198,199,200,-1,200,199,201,-1,200,201,202,-1,202,201,203,-1,202,203,204,-1,204,203,205,-1,204,205,206,-1,206,205,207,-1,206,207,208,-1,209,210,207,-1,207,210,208,-1,210,209,211,-1,210,211,212,-1,212,211,213,-1,212,213,214,-1,215,216,213,-1,213,216,214,-1,216,215,217,-1,216,217,218,-1,218,217,219,-1,218,219,220,-1,220,219,221,-1,220,221,222,-1,222,221,223,-1,222,223,224,-1,224,223,225,-1,224,225,226,-1,226,225,227,-1,226,227,228,-1,228,227,229,-1,228,229,230,-1,230,229,231,-1,230,231,232,-1,232,231,233,-1,232,233,234,-1,234,233,235,-1,234,235,236,-1,236,235,237,-1,236,237,238,-1,238,237,239,-1,238,239,240,-1,241,242,239,-1,239,242,240,-1,242,241,243,-1,242,243,244,-1,244,243,245,-1,244,245,246,-1,247,248,245,-1,245,248,246,-1,248,247,249,-1,248,249,250,-1,250,249,251,-1,250,251,252,-1,252,251,253,-1,252,253,254,-1,254,253,255,-1,254,255,256,-1,256,255,257,-1,256,257,258,-1,258,257,259,-1,258,259,260,-1,260,259,261,-1,260,261,262,-1,262,261,263,-1,262,263,264,-1,264,263,265,-1,264,265,266,-1,266,265,267,-1,266,267,268,-1,268,267,269,-1,268,269,270,-1,270,269,271,-1,270,271,272,-1,272,271,273,-1,272,273,274,-1,274,273,275,-1,274,275,276,-1,276,275,277,-1,276,277,278,-1,278,277,279,-1,278,279,280,-1,280,279,281,-1,280,281,282,-1,283,284,281,-1,281,284,282,-1,284,283,285,-1,284,285,286,-1,286,285,287,-1,286,287,288,-1,289,290,287,-1,287,290,288,-1,290,289,291,-1,290,291,292,-1,292,291,293,-1,292,293,294,-1,295,296,293,-1,293,296,294,-1,296,295,297,-1,296,297,298,-1,298,297,299,-1,298,299,300,-1,300,299,301,-1,300,301,302,-1,303,304,301,-1,301,304,302,-1,305,306,303,-1,303,306,304,-1,306,305,307,-1,306,307,308,-1,308,307,309,-1,308,309,310,-1,310,309,311,-1,310,311,312,-1,312,311,313,-1,312,313,314,-1,314,313,315,-1,314,315,316,-1,316,315,317,-1,316,317,318,-1,318,317,319,-1,318,319,320,-1,320,319,321,-1,320,321,322,-1,322,321,323,-1,322,323,324,-1,324,323,325,-1,324,325,326,-1,326,325,327,-1,326,327,328,-1,329,330,327,-1,327,330,328,-1,330,329,331,-1,330,331,332,-1,332,331,333,-1,332,333,334,-1,
        ]
    }
}
Shape{
    appearance Appearance {
        material  Material 	{
            diffuseColor 0.32941176470588235 0.32941176470588235 0.3843137254901961
            specularColor 0.023529411764705882 0.023529411764705882 0.027450980392156862
            ambientIntensity 0.4795
            transparency 0.0
            shininess 0.5
        }
    }
    geometry IndexedFaceSet {
        ccw TRUE
        solid FALSE
        coord DEF co Coordinate {
            point [
                -1.276 -0.5611 0.2402, -1.276 -0.5611 0.2362, -1.2641 -0.4898 0.2402, -1.2641 -0.4898 0.2362, -1.4006 -0.5611 0.2402, -1.4006 -0.5611 0.2362, -1.5806 -0.4518 0.2402, -1.5598 -0.4685 0.2402, -1.562 -0.4767 0.2402, -1.3824 -0.4756 0.2402, -1.3859 -0.4813 0.2402, -1.4057 -0.4569 0.2402, -1.5801 -0.4433 0.2402, -1.571 -0.44 0.2402, -1.5801 -0.4429 0.2402, -1.5495 -0.5775 0.2402, -1.5602 -0.5775 0.2402, -1.5738 -0.5611 0.2402, -1.5749 -0.579 0.2402, -1.5891 -0.5827 0.2402, -1.276 -0.5775 0.2402, -1.5353 -0.577 0.2402, -1.5563 -0.4609 0.2402, -1.5534 -0.4558 0.2402, -1.6002 -0.5781 0.2402, -1.6004 -0.5767 0.2402, -1.6003 -0.5738 0.2402, -1.5994 -0.5697 0.2402, -1.2528 -0.5916 0.2402, -1.254 -0.5916 0.2402, -1.2552 -0.5915 0.2402, -1.597 -0.5634 0.2402, -1.5925 -0.5374 0.2402, -1.5859 -0.4947 0.2402, -1.5935 -0.583 0.2402, -1.5957 -0.5826 0.2402, -1.5973 -0.5818 0.2402, -1.3904 -0.4939 0.2402, -1.3944 -0.5135 0.2402, -1.4204 -0.5611 0.2402, -1.2547 -0.4491 0.2402, -1.2537 -0.4495 0.2402, -1.2584 -0.4505 0.2402, -1.2595 -0.4541 0.2402, -1.2524 -0.4502 0.2402, -1.2505 -0.4513 0.2402, -1.5754 -0.4377 0.2402, -1.5742 -0.4379 0.2402, -1.5731 -0.4384 0.2402, -1.5424 -0.5772 0.2402, -1.4002 -0.4517 0.2402, -1.3989 -0.4521 0.2402, -1.4056 -0.4556 0.2402, -1.3796 -0.4705 0.2402, -1.396 -0.4541 0.2402, -1.3976 -0.4528 0.2402, -1.2514 -0.5908 0.2402, -1.2518 -0.5912 0.2402, -1.2613 -0.5896 0.2402, -1.2644 -0.5873 0.2402, -1.269 -0.5835 0.2402, -1.2591 -0.4515 0.2402, -1.2536 -0.5438 0.2402, -1.2539 -0.5549 0.2402, -1.5799 -0.4407 0.2402, -1.5796 -0.4398 0.2402, -1.5792 -0.4392 0.2402, -1.5986 -0.5808 0.2402, -1.5996 -0.5795 0.2402, -1.2539 -0.5566 0.2402, -1.2539 -0.5662 0.2402, -1.2527 -0.5759 0.2402, -1.5787 -0.4387 0.2402, -1.5776 -0.4381 0.2402, -1.5765 -0.4377 0.2402, -1.2521 -0.5914 0.2402, -1.2524 -0.5916 0.2402, -1.2594 -0.4525 0.2402, -1.2576 -0.4497 0.2402, -1.257 -0.4493 0.2402, -1.2563 -0.4491 0.2402, -1.2335 -0.4676 0.2402, -1.2369 -0.4728 0.2402, -1.2607 -0.4631 0.2402, -1.2386 -0.4757 0.2402, -1.2625 -0.4764 0.2402, -1.2443 -0.4912 0.2402, -1.2482 -0.5107 0.2402, -1.2522 -0.5328 0.2402, -1.2511 -0.5866 0.2402, -1.2509 -0.5875 0.2402, -1.2509 -0.589 0.2402, -1.4053 -0.4546 0.2402, -1.4049 -0.4537 0.2402, -1.4039 -0.4526 0.2402, -1.2566 -0.5915 0.2402, -1.2588 -0.5909 0.2402, -1.2556 -0.449 0.2402, -1.251 -0.59 0.2402, -1.2514 -0.5907 0.2402, -1.4031 -0.452 0.2402, -1.4022 -0.4517 0.2402, -1.4012 -0.4515 0.2402, -1.242 -0.6473 0.2402, -1.242 -0.6473 0.2362, -1.242 -0.6558 0.2402, -1.242 -0.6558 0.2362, -1.3932 -0.6473 0.2402, -1.3932 -0.6473 0.2362, -1.3932 -0.6581 0.2402, -1.3932 -0.6581 0.2362, -1.3134 -0.6629 0.2402, -1.3134 -0.6629 0.2362, -1.2876 -0.67 0.2402, -1.2876 -0.67 0.2362, -1.2731 -0.6775 0.2402, -1.2731 -0.6775 0.2362, -1.265 -0.6845 0.2402, -1.265 -0.6845 0.2362, -1.2587 -0.6935 0.2402, -1.2587 -0.6935 0.2362, -1.2556 -0.7022 0.2402, -1.2556 -0.7022 0.2362, -1.2544 -0.7079 0.2402, -1.2544 -0.7079 0.2362, -1.2551 -0.7197 0.2402, -1.2551 -0.7197 0.2362, -1.2585 -0.7298 0.2402, -1.2585 -0.7298 0.2362, -1.2645 -0.7394 0.2402, -1.2645 -0.7394 0.2362, -1.2736 -0.7486 0.2402, -1.2736 -0.7486 0.2362, -1.2898 -0.7588 0.2402, -1.2898 -0.7588 0.2362, -1.3293 -0.7722 0.2402, -1.3293 -0.7722 0.2362, -1.3487 -0.7756 0.2402, -1.3487 -0.7756 0.2362, -1.4451 -0.7788 0.2402, -1.4451 -0.7788 0.2362, -1.4465 -0.7787 0.2402, -1.4465 -0.7787 0.2362, -1.5274 -0.7647 0.2402, -1.5274 -0.7647 0.2362, -1.551 -0.7558 0.2402, -1.551 -0.7558 0.2362, -1.5677 -0.7442 0.2402, -1.5677 -0.7442 0.2362, -1.5755 -0.736 0.2402, -1.5755 -0.736 0.2362, -1.58 -0.7286 0.2402, -1.58 -0.7286 0.2362, -1.5825 -0.7213 0.2402, -1.5825 -0.7213 0.2362, -1.5834 -0.7124 0.2402, -1.5834 -0.7124 0.2362, -1.5825 -0.6998 0.2402, -1.5825 -0.6998 0.2362, -1.578 -0.6875 0.2402, -1.578 -0.6875 0.2362, -1.571 -0.6775 0.2402, -1.571 -0.6775 0.2362, -1.5617 -0.6692 0.2402, -1.5617 -0.6692 0.2362, -1.5471 -0.6616 0.2402, -1.5471 -0.6616 0.2362, -1.5095 -0.6533 0.2402, -1.5095 -0.6533 0.2362, -1.4923 -0.6508 0.2402, -1.4923 -0.6508 0.2362, -1.4623 -0.6479 0.2402, -1.4623 -0.6479 0.2362, -1.4628 -0.6389 0.2402, -1.4628 -0.6389 0.2362, -1.5276 -0.6429 0.2402, -1.5276 -0.6429 0.2362, -1.5558 -0.6496 0.2402, -1.5558 -0.6496 0.2362, -1.5743 -0.6587 0.2402, -1.5743 -0.6587 0.2362, -1.5866 -0.6686 0.2402, -1.5866 -0.6686 0.2362, -1.5948 -0.6797 0.2402, -1.5948 -0.6797 0.2362, -1.6004 -0.6929 0.2402, -1.6004 -0.6929 0.2362, -1.6022 -0.7046 0.2402, -1.6022 -0.7046 0.2362, -1.6013 -0.7207 0.2402, -1.6013 -0.7207 0.2362, -1.5964 -0.7354 0.2402, -1.5964 -0.7354 0.2362, -1.5883 -0.7484 0.2402, -1.5883 -0.7484 0.2362, -1.5775 -0.7582 0.2402, -1.5775 -0.7582 0.2362, -1.5537 -0.7717 0.2402, -1.5537 -0.7717 0.2362, -1.5028 -0.7872 0.2402, -1.5028 -0.7872 0.2362, -1.498 -0.788 0.2402, -1.498 -0.788 0.2362, -1.3984 -0.795 0.2402, -1.3984 -0.795 0.2362, -1.3586 -0.7917 0.2402, -1.3586 -0.7917 0.2362, -1.2968 -0.778 0.2402, -1.2968 -0.778 0.2362, -1.2674 -0.7642 0.2402, -1.2674 -0.7642 0.2362, -1.2527 -0.7518 0.2402, -1.2527 -0.7518 0.2362, -1.2422 -0.7379 0.2402, -1.2422 -0.7379 0.2362, -1.2377 -0.7293 0.2402, -1.2377 -0.7293 0.2362, -1.236 -0.722 0.2402, -1.236 -0.722 0.2362, -1.2358 -0.7124 0.2402, -1.2358 -0.7124 0.2362, -1.24 -0.6959 0.2402, -1.24 -0.6959 0.2362, -1.2471 -0.683 0.2402, -1.2471 -0.683 0.2362, -1.258 -0.6711 0.2402, -1.258 -0.6711 0.2362, -1.2663 -0.6649 0.2402, -1.2663 -0.6649 0.2362, -1.2754 -0.6598 0.2402, -1.2754 -0.6598 0.2362, -1.2522 -0.9361 0.2402, -1.2522 -0.9361 0.2362, -1.221 -0.961 0.2402, -1.221 -0.961 0.2362, -1.2648 -0.9421 0.2402, -1.2648 -0.9421 0.2362, -1.2809 -0.9444 0.2402, -1.2809 -0.9444 0.2362, -1.2879 -0.9446 0.2402, -1.2879 -0.9446 0.2362, -1.5766 -0.9446 0.2402, -1.5766 -0.9446 0.2362, -1.573 -0.901 0.2402, -1.573 -0.901 0.2362, -1.5698 -0.8802 0.2402, -1.5698 -0.8802 0.2362, -1.5682 -0.8733 0.2402, -1.5682 -0.8733 0.2362, -1.5663 -0.8692 0.2402, -1.5663 -0.8692 0.2362, -1.5634 -0.8656 0.2402, -1.5634 -0.8656 0.2362, -1.5609 -0.8628 0.2402, -1.5609 -0.8628 0.2362, -1.5597 -0.8603 0.2402, -1.5597 -0.8603 0.2362, -1.5714 -0.8471 0.2402, -1.5714 -0.8471 0.2362, -1.5771 -0.8409 0.2402, -1.5771 -0.8409 0.2362, -1.5791 -0.8389 0.2402, -1.5791 -0.8389 0.2362, -1.5805 -0.8381 0.2402, -1.5805 -0.8381 0.2362, -1.5829 -0.8373 0.2402, -1.5829 -0.8373 0.2362, -1.5851 -0.837 0.2402, -1.5851 -0.837 0.2362, -1.5864 -0.8377 0.2402, -1.5864 -0.8377 0.2362, -1.5869 -0.8382 0.2402, -1.5869 -0.8382 0.2362, -1.5875 -0.8389 0.2402, -1.5875 -0.8389 0.2362, -1.5879 -0.8401 0.2402, -1.5879 -0.8401 0.2362, -1.5882 -0.8423 0.2402, -1.5882 -0.8423 0.2362, -1.5885 -0.8527 0.2402, -1.5885 -0.8527 0.2362, -1.5904 -0.8657 0.2402, -1.5904 -0.8657 0.2362, -1.5945 -0.906 0.2402, -1.5945 -0.906 0.2362, -1.5954 -0.9163 0.2402, -1.5954 -0.9163 0.2362, -1.5976 -0.94 0.2402, -1.5976 -0.94 0.2362, -1.5987 -0.9531 0.2402, -1.5987 -0.9531 0.2362, -1.5996 -0.9561 0.2402, -1.5996 -0.9561 0.2362, -1.5997 -0.9577 0.2402, -1.5997 -0.9577 0.2362, -1.5995 -0.9589 0.2402, -1.5995 -0.9589 0.2362, -1.5992 -0.9597 0.2402, -1.5992 -0.9597 0.2362, -1.5987 -0.9604 0.2402, -1.5987 -0.9604 0.2362, -1.5978 -0.9611 0.2402, -1.5978 -0.9611 0.2362, -1.5963 -0.962 0.2402, -1.5963 -0.962 0.2362, -1.5949 -0.9623 0.2402, -1.5949 -0.9623 0.2362, -1.5921 -0.9623 0.2402, -1.5921 -0.9623 0.2362, -1.5794 -0.9608 0.2402, -1.5794 -0.9608 0.2362, -1.5744 -0.9604 0.2402, -1.5744 -0.9604 0.2362, -1.541 -0.9593 0.2402, -1.541 -0.9593 0.2362, -1.2861 -0.9593 0.2402, -1.2861 -0.9593 0.2362, -1.2585 -0.9597 0.2402, -1.2585 -0.9597 0.2362, -1.2313 -0.9639 0.2402, -1.2313 -0.9639 0.2362, -1.2256 -0.965 0.2402, -1.2256 -0.965 0.2362, -1.4277 -0.0851 0.2362, -1.4424 -0.0698 0.2362, -1.2834 -0.1061 0.2362, -1.4498 -0.1429 0.2362, -1.4452 -0.1206 0.2362, -1.44 -0.1042 0.2362, -1.4374 -0.0993 0.2362, -1.263 -0.3228 0.2362, -1.2686 -0.3469 0.2362, -1.3876 -0.241 0.2362, -1.2731 -0.3577 0.2362, -1.5727 -0.3577 0.2362, -1.573 -0.3489 0.2362, -1.5727 -0.3401 0.2362, -1.2612 -0.2982 0.2362, -1.5699 -0.3152 0.2362, -1.5676 -0.2978 0.2362, -1.5644 -0.2851 0.2362, -1.2641 -0.2833 0.2362, -1.3106 -0.2476 0.2362, -1.2936 -0.2526 0.2362, -1.5603 -0.276 0.2362, -1.5549 -0.2692 0.2362, -1.5466 -0.2627 0.2362, -1.2814 -0.2589 0.2362, -1.2733 -0.2657 0.2362, -1.2684 -0.2724 0.2362, -1.5197 -0.2509 0.2362, -1.4625 -0.2416 0.2362
            ]
        }
        coordIndex [
            0,1,2,-1,2,1,3,-1,0,4,1,-1,1,4,5,-1,6,7,8,-1,9,10,11,-1,6,12,13,-1,13,12,14,-1,15,16,17,-1,17,16,18,-1,17,18,19,-1,0,20,4,-1,4,20,21,-1,7,6,22,-1,22,6,13,-1,22,13,23,-1,24,25,17,-1,17,25,26,-1,17,26,27,-1,28,29,0,-1,0,29,30,-1,27,31,17,-1,17,31,32,-1,17,32,8,-1,8,32,33,-1,8,33,6,-1,19,34,17,-1,17,34,35,-1,17,35,36,-1,10,37,11,-1,11,37,38,-1,11,38,39,-1,40,41,42,-1,43,44,45,-1,46,47,48,-1,38,4,39,-1,39,4,21,-1,39,21,17,-1,17,21,49,-1,17,49,15,-1,50,51,52,-1,52,51,11,-1,53,9,54,-1,54,9,11,-1,54,11,55,-1,55,11,51,-1,0,56,57,-1,58,59,0,-1,0,59,60,-1,0,60,20,-1,42,41,61,-1,0,62,63,-1,14,64,13,-1,13,64,65,-1,13,65,66,-1,36,67,17,-1,17,67,68,-1,17,68,24,-1,63,69,0,-1,0,69,70,-1,0,70,71,-1,66,72,13,-1,13,72,73,-1,13,73,48,-1,48,73,74,-1,48,74,46,-1,57,75,0,-1,0,75,76,-1,0,76,28,-1,44,43,41,-1,41,43,77,-1,41,77,61,-1,78,79,80,-1,45,81,43,-1,43,81,82,-1,43,82,83,-1,83,82,84,-1,83,84,85,-1,85,84,86,-1,85,86,2,-1,2,86,87,-1,2,87,0,-1,0,87,88,-1,0,88,62,-1,71,89,0,-1,0,89,90,-1,0,90,91,-1,52,92,50,-1,50,92,93,-1,50,93,94,-1,30,95,0,-1,0,95,96,-1,0,96,58,-1,78,80,42,-1,42,80,97,-1,42,97,40,-1,91,98,0,-1,0,98,99,-1,0,99,56,-1,100,101,94,-1,94,101,102,-1,94,102,50,-1,103,104,105,-1,105,104,106,-1,107,108,103,-1,103,108,104,-1,109,110,107,-1,107,110,108,-1,110,109,111,-1,110,111,112,-1,112,111,113,-1,112,113,114,-1,114,113,115,-1,114,115,116,-1,116,115,117,-1,116,117,118,-1,118,117,119,-1,118,119,120,-1,120,119,121,-1,120,121,122,-1,122,121,123,-1,122,123,124,-1,124,123,125,-1,124,125,126,-1,126,125,127,-1,126,127,128,-1,128,127,129,-1,128,129,130,-1,130,129,131,-1,130,131,132,-1,132,131,133,-1,132,133,134,-1,134,133,135,-1,134,135,136,-1,136,135,137,-1,136,137,138,-1,138,137,139,-1,138,139,140,-1,140,139,141,-1,140,141,142,-1,142,141,143,-1,142,143,144,-1,144,143,145,-1,144,145,146,-1,146,145,147,-1,146,147,148,-1,148,147,149,-1,148,149,150,-1,150,149,151,-1,150,151,152,-1,152,151,153,-1,152,153,154,-1,154,153,155,-1,154,155,156,-1,156,155,157,-1,156,157,158,-1,158,157,159,-1,158,159,160,-1,160,159,161,-1,160,161,162,-1,162,161,163,-1,162,163,164,-1,164,163,165,-1,164,165,166,-1,166,165,167,-1,166,167,168,-1,168,167,169,-1,168,169,170,-1,171,172,169,-1,169,172,170,-1,173,174,171,-1,171,174,172,-1,174,173,175,-1,174,175,176,-1,176,175,177,-1,176,177,178,-1,178,177,179,-1,178,179,180,-1,180,179,181,-1,180,181,182,-1,182,181,183,-1,182,183,184,-1,184,183,185,-1,184,185,186,-1,186,185,187,-1,186,187,188,-1,188,187,189,-1,188,189,190,-1,190,189,191,-1,190,191,192,-1,192,191,193,-1,192,193,194,-1,194,193,195,-1,194,195,196,-1,196,195,197,-1,196,197,198,-1,198,197,199,-1,198,199,200,-1,200,199,201,-1,200,201,202,-1,202,201,203,-1,202,203,204,-1,204,203,205,-1,204,205,206,-1,206,205,207,-1,206,207,208,-1,208,207,209,-1,208,209,210,-1,210,209,211,-1,210,211,212,-1,212,211,213,-1,212,213,214,-1,214,213,215,-1,214,215,216,-1,216,215,217,-1,216,217,218,-1,218,217,219,-1,218,219,220,-1,220,219,221,-1,220,221,222,-1,222,221,223,-1,222,223,224,-1,224,223,225,-1,224,225,226,-1,226,225,227,-1,226,227,228,-1,229,230,227,-1,227,230,228,-1,229,105,230,-1,230,105,106,-1,107,103,229,-1,229,103,105,-1,175,173,171,-1,109,107,111,-1,111,107,229,-1,111,229,113,-1,113,229,115,-1,227,119,229,-1,229,119,117,-1,229,117,115,-1,171,169,175,-1,175,169,167,-1,175,167,177,-1,177,167,165,-1,177,165,179,-1,179,165,163,-1,179,163,181,-1,181,163,161,-1,181,161,183,-1,183,161,159,-1,183,159,185,-1,185,159,157,-1,185,157,187,-1,187,157,155,-1,187,155,189,-1,189,155,153,-1,189,153,191,-1,191,153,151,-1,191,151,193,-1,193,151,149,-1,193,149,195,-1,195,149,147,-1,195,147,197,-1,197,147,145,-1,197,145,143,-1,227,225,119,-1,119,225,223,-1,119,223,121,-1,121,223,221,-1,121,221,123,-1,123,221,219,-1,123,219,125,-1,219,217,125,-1,125,217,215,-1,125,215,127,-1,127,215,213,-1,127,213,129,-1,129,213,211,-1,129,211,131,-1,131,211,209,-1,131,209,133,-1,133,209,207,-1,133,207,135,-1,135,207,137,-1,137,207,205,-1,137,205,139,-1,139,205,203,-1,139,203,141,-1,141,203,201,-1,141,201,143,-1,143,201,199,-1,143,199,197,-1,231,232,233,-1,233,232,234,-1,232,231,235,-1,232,235,236,-1,236,235,237,-1,236,237,238,-1,238,237,239,-1,238,239,240,-1,241,242,239,-1,239,242,240,-1,242,241,243,-1,242,243,244,-1,244,243,245,-1,244,245,246,-1,246,245,247,-1,246,247,248,-1,248,247,249,-1,248,249,250,-1,250,249,251,-1,250,251,252,-1,252,251,253,-1,252,253,254,-1,254,253,255,-1,254,255,256,-1,256,255,257,-1,256,257,258,-1,258,257,259,-1,258,259,260,-1,260,259,261,-1,260,261,262,-1,262,261,263,-1,262,263,264,-1,264,263,265,-1,264,265,266,-1,266,265,267,-1,266,267,268,-1,268,267,269,-1,268,269,270,-1,270,269,271,-1,270,271,272,-1,272,271,273,-1,272,273,274,-1,274,273,275,-1,274,275,276,-1,276,275,277,-1,276,277,278,-1,278,277,279,-1,278,279,280,-1,280,279,281,-1,280,281,282,-1,282,281,283,-1,282,283,284,-1,284,283,285,-1,284,285,286,-1,287,288,285,-1,285,288,286,-1,289,290,287,-1,287,290,288,-1,290,289,291,-1,290,291,292,-1,292,291,293,-1,292,293,294,-1,294,293,295,-1,294,295,296,-1,296,295,297,-1,296,297,298,-1,298,297,299,-1,298,299,300,-1,300,299,301,-1,300,301,302,-1,302,301,303,-1,302,303,304,-1,304,303,305,-1,304,305,306,-1,306,305,307,-1,306,307,308,-1,308,307,309,-1,308,309,310,-1,310,309,311,-1,310,311,312,-1,313,314,311,-1,311,314,312,-1,315,316,313,-1,313,316,314,-1,316,315,317,-1,316,317,318,-1,318,317,319,-1,318,319,320,-1,321,322,319,-1,319,322,320,-1,321,233,322,-1,322,233,234,-1,261,259,277,-1,277,259,257,-1,277,257,255,-1,255,253,277,-1,277,253,251,-1,277,251,279,-1,279,251,249,-1,279,249,281,-1,315,313,241,-1,241,313,311,-1,241,311,309,-1,249,247,281,-1,281,247,245,-1,281,245,283,-1,283,245,243,-1,233,321,231,-1,231,321,319,-1,231,319,235,-1,235,319,317,-1,235,317,237,-1,237,317,315,-1,237,315,239,-1,239,315,241,-1,309,307,241,-1,241,307,305,-1,241,305,303,-1,265,275,273,-1,275,265,277,-1,277,265,263,-1,277,263,261,-1,303,301,241,-1,241,301,299,-1,241,299,297,-1,297,295,241,-1,241,295,293,-1,241,293,291,-1,291,289,241,-1,241,289,287,-1,241,287,243,-1,243,287,285,-1,243,285,283,-1,273,271,265,-1,265,271,269,-1,265,269,267,-1,323,324,325,-1,325,326,327,-1,327,328,325,-1,325,328,329,-1,325,329,323,-1,330,331,332,-1,333,334,331,-1,331,334,335,-1,331,335,336,-1,330,332,337,-1,336,338,331,-1,331,338,339,-1,331,339,340,-1,337,332,341,-1,341,332,342,-1,341,342,343,-1,340,344,331,-1,331,344,345,-1,331,345,346,-1,343,347,341,-1,341,347,348,-1,341,348,349,-1,346,350,331,-1,331,350,351,-1,331,351,332,-1,
        ]
    }
}