#VRML V2.0 utf8
# 3D model generated by easyeda2kicad.py (https://github.com/uPesy/easyeda2kicad.py)

Shape{
    appearance Appearance {
        material  Material 	{
            diffuseColor 0.2235294117647059 0.2235294117647059 0.2235294117647059
            specularColor 0.11372549019607843 0.11372549019607843 0.11372549019607843
            ambientIntensity 0.2235
            transparency 0.0
            shininess 0.5
        }
    }
    geometry IndexedFaceSet {
        ccw TRUE
        solid FALSE
        coord DEF co Coordinate {
            point [
                4.311 -0.1008 0.6442, 4.311 -0.1008 0.5739, 4.311 -0.0693 0.5739, 4.311 0.8481 0.0591, 4.311 1.3898 0.0591, 4.311 1.3898 0.4071, 4.311 0.2328 0.0591, 4.311 0.8481 0.4071, 4.311 0.1586 0.0591, 4.311 0.2328 0.4071, 4.311 -0.0615 0.5824, 4.311 -0.0625 0.585, 4.311 -0.0625 0.5642, 4.311 0.0235 0.4387, 4.311 0.0217 0.4385, 4.311 0.0408 0.4385, 4.311 0.1085 0.5184, 4.311 0.1335 0.5184, 4.311 0.1335 0.541, 4.311 -1.1614 1.2323, 4.311 -1.4449 1.2323, 4.311 -1.4449 0.6448, 4.311 -0.2123 0.5824, 4.311 -0.197 0.5695, 4.311 -0.1435 0.6448, 4.311 -0.1435 0.5642, 4.311 -0.2622 0.6361, 4.311 -0.2436 0.6147, 4.311 -0.2318 0.5916, 4.311 -0.2291 0.5907, 4.311 -0.3389 0.6654, 4.311 -0.3156 0.663, 4.311 -0.3346 1.5354, 4.311 -0.2873 0.653, 4.311 -0.2752 0.6448, 4.311 -0.4043 0.6448, 4.311 -0.3927 0.652, 4.311 -1.1614 1.5354, 4.311 -0.3668 0.662, 4.311 -0.4065 0.6435, 4.311 -0.4665 0.617, 4.311 -0.4442 0.6198, 4.311 -0.4197 0.6321, 4.311 -0.4378 0.6194, 4.311 -0.4313 0.6187, 4.311 -0.5091 0.5927, 4.311 -0.5053 0.5963, 4.311 -0.4874 0.6089, 4.311 -1.4449 0.5642, 4.311 -1.4449 0.541, 4.311 -0.5341 0.541, 4.311 -0.5316 0.555, 4.311 -0.5275 0.5642, 4.311 -0.5227 0.5753, 4.311 -0.474 0.4422, 4.311 -0.4943 0.4521, 4.311 -1.4449 0.4385, 4.311 -0.5119 0.4671, 4.311 -0.5247 0.4853, 4.311 -0.5328 0.5063, 4.311 -0.5355 0.5285, 4.311 -0.5354 0.5338, 4.311 -0.4428 0.4099, 4.311 -0.4537 0.4185, 4.311 -0.4668 0.44, 4.311 -0.4661 0.4385, 4.311 -0.4618 0.429, 4.311 -0.4365 0.4071, 4.311 -1.4449 0.4071, 4.311 -0.43 0.4042, 4.311 -1.4449 0.0591, 4.311 -0.4168 0.4018, 4.311 -0.1435 0.0591, 4.311 -0.4132 0.4017, 4.311 -0.1435 0.4071, 4.311 -0.1435 0.4385, 4.311 -0.3605 0.4385, 4.311 -0.3606 0.4378, 4.311 -0.3674 0.4253, 4.311 -0.377 0.415, 4.311 -0.3884 0.4075, 4.311 -0.3896 0.4071, 4.311 -0.4011 0.403, 4.311 -0.1786 0.5363, 4.311 -0.176 0.5178, 4.311 -0.1435 0.541, 4.311 -0.2885 0.4717, 4.311 -0.2846 0.4733, 4.311 -0.278 0.5054, 4.311 -0.371 0.4958, 4.311 -0.2955 0.5352, 4.311 -0.3799 0.5041, 4.311 -0.3917 0.5107, 4.311 -0.2919 0.4693, 4.311 -0.1968 0.4642, 4.311 -0.2121 0.4513, 4.311 -0.2112 0.522, 4.311 -0.2138 0.5328, 4.311 -0.2181 0.541, 4.311 -0.4988 0.541, 4.311 -0.1856 0.4799, 4.311 -0.2802 0.4738, 4.311 -0.2797 0.4738, 4.311 -0.278 0.4734, 4.311 -0.1785 0.4978, 4.311 -0.4992 0.5201, 4.311 -0.4592 0.4911, 4.311 -0.5 0.5296, 4.311 -0.4496 0.5015, 4.311 -0.4379 0.5092, 4.311 -0.2977 0.4563, 4.311 -0.2976 0.4586, 4.311 -0.3569 0.4637, 4.311 -0.2964 0.4629, 4.311 -0.2943 0.4667, 4.311 -0.495 0.5063, 4.311 -0.4875 0.4943, 4.311 -0.4656 0.4795, 4.311 -0.4771 0.4842, 4.311 -0.4662 0.4778, 4.311 -0.2845 0.4394, 4.311 -0.2883 0.4409, 4.311 -0.2919 0.4434, 4.311 -0.2932 0.4448, 4.311 -0.2957 0.4483, 4.311 -0.2972 0.4521, 4.311 -0.3572 0.4517, 4.311 -0.3569 0.458, 4.311 -0.4253 0.5136, 4.311 -0.4132 0.515, 4.311 -0.4051 0.5144, 4.311 -0.2223 0.4875, 4.311 -0.2161 0.4963, 4.311 -0.2122 0.5064, 4.311 -0.2109 0.5172, 4.311 -0.2293 0.4429, 4.311 -0.2481 0.4389, 4.311 -0.2814 0.4389, 4.311 -0.2769 0.4733, 4.311 -0.2515 0.4733, 4.311 -0.2418 0.4751, 4.311 -0.2318 0.4796, 4.311 -0.2234 0.4863, 4.311 -0.4942 0.5545, 4.311 -0.4987 0.5418, 4.311 -0.2594 0.5612, 4.311 -0.2549 0.5612, 4.311 -0.219 0.5426, 4.311 -0.2256 0.55, 4.311 -0.2344 0.5561, 4.311 -0.2442 0.5599, 4.311 -0.2717 0.5953, 4.311 -0.2845 0.6104, 4.311 -0.4138 0.5775, 4.311 -0.2856 0.6114, 4.311 -0.3014 0.6225, 4.311 -0.4052 0.5954, 4.311 -0.4878 0.5642, 4.311 -0.4193 0.5804, 4.311 -0.2601 0.5642, 4.311 -0.2629 0.5772, 4.311 -0.432 0.5847, 4.311 -0.4437 0.586, 4.311 -0.45 0.5856, 4.311 -0.3925 0.6105, 4.311 -0.3191 0.6292, 4.311 -0.3775 0.6215, 4.311 -0.3383 0.6316, 4.311 -0.3591 0.6289, 4.311 -0.4639 0.5822, 4.311 -0.4764 0.5754, 4.311 -0.4867 0.5659, 4.311 -0.1932 0.5642, 4.311 -0.1855 0.5535, 4.311 -0.1805 0.541, 4.311 0.1586 0.541, 4.311 0.1493 0.5184, 4.311 0.1493 0.5093, 4.311 0.1471 0.4839, 4.311 0.1471 0.4748, 4.311 0.1586 0.4385, 4.311 0.1187 0.5093, 4.311 0.1187 0.4839, 4.311 0.1335 0.5093, 4.311 0.1335 0.4839, 4.311 0.1187 0.4748, 4.311 0.1187 0.4482, 4.311 0.1335 0.4748, 4.311 0.1335 0.4482, 4.311 0.1511 0.4482, 4.311 0.1511 0.4391, 4.311 0.1335 0.4385, 4.311 0.1335 0.4391, 4.311 0.1085 0.4391, 4.311 0.0693 0.4532, 4.311 0.0705 0.4485, 4.311 0.0708 0.4485, 4.311 0.0978 0.4958, 4.311 0.0593 0.541, 4.311 0.0875 0.4958, 4.311 0.0593 0.482, 4.311 0.072 0.4531, 4.311 0.0713 0.4505, 4.311 0.0 0.4514, 4.311 -0.01 0.541, 4.311 -0.01 0.4385, 4.311 0.0039 0.449, 4.311 0.0046 0.4487, 4.311 0.0046 0.4698, 4.311 0.0029 0.4715, 4.311 0.0016 0.4736, 4.311 0.0005 0.4766, 4.311 0.0001 0.4805, 4.311 0.0005 0.484, 4.311 0.0045 0.4698, 4.311 0.0088 0.4385, 4.311 0.0071 0.4387, 4.311 0.0046 0.4385, 4.311 0.0046 0.4395, 4.311 0.0 0.4411, 4.311 0.0154 0.4378, 4.311 0.0046 0.4071, 4.311 0.0408 0.4071, 4.311 0.0355 0.4945, 4.311 0.0355 0.4849, 4.311 0.0064 0.4926, 4.311 0.0094 0.4943, 4.311 0.0046 0.541, 4.311 0.0378 0.4506, 4.311 0.0366 0.4474, 4.311 0.0347 0.4448, 4.311 0.0017 0.4872, 4.311 0.0035 0.4899, 4.311 0.0046 0.4909, 4.311 0.0148 0.4963, 4.311 0.0221 0.4971, 4.311 0.0408 0.541, 4.311 0.0276 0.4967, 4.311 0.0349 0.4639, 4.311 0.0368 0.4612, 4.311 0.0379 0.4582, 4.311 0.0383 0.4545, 4.311 0.0319 0.4423, 4.311 0.0289 0.4406, 4.311 0.0212 0.489, 4.311 0.0182 0.4888, 4.311 0.0103 0.4814, 4.311 0.0156 0.4881, 4.311 0.0133 0.4869, 4.311 0.0104 0.4801, 4.311 0.0108 0.4785, 4.311 0.0115 0.4772, 4.311 0.0125 0.4761, 4.311 0.016 0.4739, 4.311 0.0277 0.4883, 4.311 0.0221 0.4712, 4.311 0.0333 0.4862, 4.311 0.026 0.4697, 4.311 0.0326 0.466, 4.311 0.0118 0.4856, 4.311 0.011 0.4843, 4.311 0.0105 0.483, 4.311 0.0101 0.4466, 4.311 0.0151 0.464, 4.311 0.0092 0.4667, 4.311 0.0164 0.4459, 4.311 0.0168 0.4459, 4.311 0.0216 0.4613, 4.311 0.0219 0.4465, 4.311 0.0281 0.4536, 4.311 0.028 0.4548, 4.311 0.0244 0.4474, 4.311 0.0254 0.448, 4.311 0.0265 0.449, 4.311 0.0274 0.4503, 4.311 0.0279 0.4517, 4.311 0.0275 0.4564, 4.311 0.0268 0.4577, 4.311 0.0255 0.459, 4.311 0.2328 0.5642, 4.311 0.2071 0.5649, 4.311 0.1958 0.5649, 4.311 0.1877 0.5866, 4.311 0.1586 0.5866, 4.311 0.1586 0.5642, 4.311 0.1769 0.6442, 4.311 0.2328 0.6448, 4.311 0.1586 0.6448, 4.311 0.1547 0.5866, 4.311 0.1471 0.5649, 4.311 0.1335 0.5642, 4.311 0.1357 0.5649, 4.311 0.1335 0.6448, 4.311 0.1586 0.6249, 4.311 0.1659 0.6442, 4.311 0.0593 0.6448, 4.311 0.0408 0.6448, 4.311 0.05 0.6442, 4.311 0.0408 0.6442, 4.311 0.05 0.635, 4.311 0.0518 0.5739, 4.311 0.0593 0.5642, 4.311 0.0518 0.5649, 4.311 0.0408 0.5642, 4.311 0.0194 0.6006, 4.311 0.0194 0.5739, 4.311 0.0408 0.6006, 4.311 0.0408 0.5739, 4.311 0.0478 0.6006, 4.311 0.0478 0.6097, 4.311 0.0408 0.6097, 4.311 0.0408 0.635, 4.311 0.0194 0.6097, 4.311 0.0194 0.635, 4.311 0.0092 0.6442, 4.311 0.0046 0.6448, 4.311 0.0092 0.5649, 4.311 0.0408 0.5649, 4.311 0.0046 0.5642, 4.311 -0.0067 0.6316, 4.311 -0.0067 0.578, 4.311 -0.0079 0.6322, 4.311 -0.0542 0.6137, 4.311 -0.01 0.5765, 4.311 -0.0517 0.6207, 4.311 -0.0479 0.6263, 4.311 -0.0553 0.6036, 4.311 -0.0553 0.6029, 4.311 -0.0148 0.5744, 4.311 -0.0238 0.5728, 4.311 -0.016 0.6352, 4.311 -0.0253 0.6363, 4.311 -0.0289 0.6361, 4.311 -0.0357 0.6347, 4.311 -0.01 0.633, 4.311 -0.0419 0.6317, 4.311 -0.0469 0.6275, 4.311 -0.054 0.5932, 4.311 -0.0515 0.5867, 4.311 -0.0475 0.581, 4.311 -0.0403 0.5756, 4.311 -0.0345 0.5735, 4.311 -0.0271 0.5727, 4.311 -0.0455 0.5791, 4.311 -0.0173 0.6448, 4.311 -0.0145 0.6446, 4.311 -0.01 0.6448, 4.311 -0.01 0.6433, 4.311 -0.0067 0.6423, 4.311 -0.0247 0.6455, 4.311 -0.01 1.8898, 4.311 -0.0254 0.6455, 4.311 -0.0625 1.8898, 4.311 -0.031 0.6448, 4.311 -0.0451 0.6409, 4.311 -0.0369 0.6441, 4.311 -0.0625 0.6448, 4.311 -0.0601 0.6267, 4.311 -0.0546 0.6338, 4.311 -0.0528 0.6355, 4.311 -0.0672 0.6448, 4.311 -0.0639 0.618, 4.311 -0.0625 0.6213, 4.311 -0.0646 0.5908, 4.311 -0.0672 0.5642, 4.311 -0.066 0.603, 4.311 -0.0658 0.6078, 4.311 -0.0424 0.5657, 4.311 -0.0498 0.5693, 4.311 -0.0558 0.5744, 4.311 -0.0569 0.5755, 4.311 -0.0357 0.5642, 4.311 -0.0625 0.541, 4.311 -0.0339 0.5638, 4.311 -0.0286 0.5636, 4.311 -0.0223 0.5642, 4.311 -0.0067 0.5682, 4.311 -0.01 0.5642, 4.311 -0.01 0.5669, 4.311 -0.0154 0.565, 4.311 -0.0548 0.4662, 4.311 -0.0534 0.4821, 4.311 -0.0568 0.4634, 4.311 -0.0582 0.4599, 4.311 -0.0625 0.4385, 4.311 -0.0572 0.4464, 4.311 -0.0584 0.4498, 4.311 -0.0278 0.4965, 4.311 -0.0237 0.4952, 4.311 -0.0204 0.4933, 4.311 -0.0177 0.4908, 4.311 -0.0157 0.4876, 4.311 -0.0518 0.4688, 4.311 -0.0475 0.471, 4.311 -0.047 0.4862, 4.311 -0.0401 0.4728, 4.311 -0.0315 0.4886, 4.311 -0.0348 0.489, 4.311 -0.0408 0.4884, 4.311 -0.0507 0.4399, 4.311 -0.0541 0.4423, 4.311 -0.0552 0.4434, 4.311 -0.0234 0.4479, 4.311 -0.0236 0.4479, 4.311 -0.0234 0.4391, 4.311 -0.0252 0.4455, 4.311 -0.0283 0.4422, 4.311 -0.0589 0.4543, 4.311 -0.0589 0.4557, 4.311 -0.0534 0.4918, 4.311 -0.0507 0.4933, 4.311 -0.0433 0.496, 4.311 -0.0339 0.4971, 4.311 -0.0142 0.483, 4.311 -0.0134 0.4756, 4.311 -0.0134 0.4391, 4.311 -0.0234 0.4751, 4.311 -0.0237 0.4795, 4.311 -0.0247 0.4831, 4.311 -0.0259 0.4851, 4.311 -0.0274 0.4867, 4.311 -0.0292 0.4878, 4.311 -0.0356 0.4385, 4.311 -0.0358 0.4384, 4.311 -0.01 0.4071, 4.311 -0.0625 0.4071, 4.311 -0.041 0.4378, 4.311 -0.0467 0.4385, 4.311 -0.0469 0.4385, 4.311 0.0593 0.4553, 4.311 0.0434 0.4958, 4.311 0.0545 0.4958, 4.311 0.0653 0.4385, 4.311 0.0656 0.4393, 4.311 0.0593 0.4254, 4.311 0.0593 0.4254, 4.311 0.0593 0.4385, 4.311 0.0613 0.429, 4.311 0.0455 0.4221, 4.311 0.0455 0.4133, 4.311 0.0475 0.4215, 4.311 0.0511 0.421, 4.311 0.0535 0.4213, 4.311 0.0593 0.4143, 4.311 0.0559 0.4129, 4.311 0.0593 0.4071, 4.311 0.0519 0.4125, 4.311 0.0497 0.4126, 4.311 0.0557 0.4221, 4.311 0.0575 0.4233, 4.311 0.0721 0.4306, 4.311 0.0676 0.4218, 4.311 0.1335 0.4071, 4.311 0.0752 0.4385, 4.311 0.064 0.4175, 4.311 0.0633 0.4169, 4.311 0.0598 0.4144, 4.311 0.1586 0.4071, 4.311 0.1335 0.0591, 4.311 0.0593 0.0591, 4.311 0.0408 0.0591, 4.311 0.0046 0.0591, 4.311 -0.01 0.0591, 4.311 -0.0625 0.0591, 4.311 -0.0318 0.4398, 4.311 0.8481 0.4385, 4.311 0.2328 0.4385, 4.311 -0.1111 0.5184, 4.311 -0.1111 0.4391, 4.311 -0.0672 0.4385, 4.311 -0.0672 0.4071, 4.311 -0.0672 0.0591, 4.311 -0.0702 0.5184, 4.311 -0.0672 0.541, 4.311 -0.0702 0.5093, 4.311 -0.0684 0.4482, 4.311 -0.0684 0.4391, 4.311 -0.1008 0.4748, 4.311 -0.1008 0.4482, 4.311 -0.0725 0.4748, 4.311 -0.0725 0.4839, 4.311 -0.1008 0.4839, 4.311 -0.1008 0.5093, 4.311 0.1661 0.4391, 4.311 0.2303 0.4742, 4.311 0.2283 0.465, 4.311 0.2306 0.4798, 4.311 0.2328 0.541, 4.311 0.2292 0.4909, 4.311 0.2243 0.4568, 4.311 0.2187 0.4503, 4.311 0.2174 0.4491, 4.311 0.2096 0.4439, 4.311 0.2004 0.4405, 4.311 0.1879 0.4391, 4.311 0.1661 0.5184, 4.311 0.1887 0.5184, 4.311 0.2003 0.5172, 4.311 0.2099 0.5138, 4.311 0.2187 0.5079, 4.311 0.2213 0.5053, 4.311 0.2263 0.4985, 4.311 0.2463 0.4391, 4.311 0.235 0.4391, 4.311 0.295 0.4391, 4.311 0.287 0.4608, 4.311 0.2539 0.4608, 4.311 0.2652 0.5184, 4.311 0.2762 0.5184, 4.311 -0.1111 0.5649, 4.311 -0.1111 0.6442, 4.311 -0.0693 0.5649, 4.311 0.129 0.5907, 4.311 0.125 0.5826, 4.311 0.1311 0.5999, 4.311 0.1314 0.6055, 4.311 0.13 0.6167, 4.311 0.1194 0.576, 4.311 0.1181 0.5748, 4.311 0.1103 0.5697, 4.311 0.0894 0.6442, 4.311 0.1011 0.5663, 4.311 0.0886 0.5649, 4.311 0.0668 0.5649, 4.311 0.0668 0.6442, 4.311 0.101 0.643, 4.311 0.1106 0.6396, 4.311 0.1194 0.6337, 4.311 0.1221 0.6311, 4.311 0.127 0.6242, 4.311 0.3063 0.4391, 4.311 0.8481 0.541, 4.311 0.8481 0.5642, 4.311 0.8481 0.6448, 4.311 1.3898 0.4385, 4.311 1.3898 0.541, 4.311 1.3898 0.5642, 4.311 1.3898 0.6448, 4.311 -0.0672 1.8898, 4.311 -0.1435 1.8898, 4.311 -0.3346 1.8898, 4.311 1.3898 1.8898, 4.311 0.8481 1.8898, 4.311 0.2328 1.8898, 4.311 0.1586 1.8898, 4.311 0.1335 1.8898, 4.311 0.0593 1.8898, 4.311 0.0408 1.8898, 4.311 0.0046 1.8898, 3.5669 -1.3661 0.7008, 3.5728 -1.3661 0.7008, 3.5669 -1.3661 0.9961, 3.5728 -1.3661 0.9961, 3.5669 -1.3661 0.0591, 3.5728 -1.3661 0.0591, 3.5669 -1.3661 0.2953, 3.5728 -1.3661 0.2953, 3.3701 -1.3661 0.7008, 3.376 -1.3661 0.7008, 3.3701 -1.3661 0.9961, 3.376 -1.3661 0.9961, 3.3701 -1.3661 0.0591, 3.376 -1.3661 0.0591, 3.3701 -1.3661 0.2953, 3.376 -1.3661 0.2953, 3.1732 -1.3661 0.7008, 3.1791 -1.3661 0.7008, 3.1732 -1.3661 0.9961, 3.1791 -1.3661 0.9961, 3.1732 -1.3661 0.0591, 3.1791 -1.3661 0.0591, 3.1732 -1.3661 0.2953, 3.1791 -1.3661 0.2953, 2.9764 -1.3661 0.7008, 2.9823 -1.3661 0.7008, 2.9764 -1.3661 0.9961, 2.9823 -1.3661 0.9961, 2.9764 -1.3661 0.0591, 2.9823 -1.3661 0.0591, 2.9764 -1.3661 0.2953, 2.9823 -1.3661 0.2953, 2.7795 -1.3661 0.7008, 2.7854 -1.3661 0.7008, 2.7795 -1.3661 0.9961, 2.7854 -1.3661 0.9961, 2.7795 -1.3661 0.0591, 2.7854 -1.3661 0.0591, 2.7795 -1.3661 0.2953, 2.7854 -1.3661 0.2953, 2.5827 -1.3661 0.7008, 2.5886 -1.3661 0.7008, 2.5827 -1.3661 0.9961, 2.5886 -1.3661 0.9961, 2.5827 -1.3661 0.0591, 2.5886 -1.3661 0.0591, 2.5827 -1.3661 0.2953, 2.5886 -1.3661 0.2953, 2.3858 -1.3661 0.7008, 2.3917 -1.3661 0.7008, 2.3858 -1.3661 0.9961, 2.3917 -1.3661 0.9961, 2.3858 -1.3661 0.0591, 2.3917 -1.3661 0.0591, 2.3858 -1.3661 0.2953, 2.3917 -1.3661 0.2953, 2.189 -1.3661 0.7008, 2.1949 -1.3661 0.7008, 2.189 -1.3661 0.9961, 2.1949 -1.3661 0.9961, 2.189 -1.3661 0.0591, 2.1949 -1.3661 0.0591, 2.189 -1.3661 0.2953, 2.1949 -1.3661 0.2953, 1.9921 -1.3661 0.7008, 1.998 -1.3661 0.7008, 1.9921 -1.3661 0.9961, 1.998 -1.3661 0.9961, 1.9921 -1.3661 0.0591, 1.998 -1.3661 0.0591, 1.9921 -1.3661 0.2953, 1.998 -1.3661 0.2953, 1.7953 -1.3661 0.7008, 1.8012 -1.3661 0.7008, 1.7953 -1.3661 0.9961, 1.8012 -1.3661 0.9961, 1.7953 -1.3661 0.0591, 1.8012 -1.3661 0.0591, 1.7953 -1.3661 0.2953, 1.8012 -1.3661 0.2953, 1.5984 -1.3661 0.7008, 1.6043 -1.3661 0.7008, 1.5984 -1.3661 0.9961, 1.6043 -1.3661 0.9961, 1.5984 -1.3661 0.0591, 1.6043 -1.3661 0.0591, 1.5984 -1.3661 0.2953, 1.6043 -1.3661 0.2953, 1.4016 -1.3661 0.7008, 1.4075 -1.3661 0.7008, 1.4016 -1.3661 0.9961, 1.4075 -1.3661 0.9961, 1.4016 -1.3661 0.0591, 1.4075 -1.3661 0.0591, 1.4016 -1.3661 0.2953, 1.4075 -1.3661 0.2953, 1.2047 -1.3661 0.7008, 1.2106 -1.3661 0.7008, 1.2047 -1.3661 0.9961, 1.2106 -1.3661 0.9961, 1.2047 -1.3661 0.0591, 1.2106 -1.3661 0.0591, 1.2047 -1.3661 0.2953, 1.2106 -1.3661 0.2953, 1.0079 -1.3661 0.7008, 1.0138 -1.3661 0.7008, 1.0079 -1.3661 0.9961, 1.0138 -1.3661 0.9961, 1.0079 -1.3661 0.0591, 1.0138 -1.3661 0.0591, 1.0079 -1.3661 0.2953, 1.0138 -1.3661 0.2953, 0.811 -1.3661 0.7008, 0.8169 -1.3661 0.7008, 0.811 -1.3661 0.9961, 0.8169 -1.3661 0.9961, 0.811 -1.3661 0.0591, 0.8169 -1.3661 0.0591, 0.811 -1.3661 0.2953, 0.8169 -1.3661 0.2953, 0.6142 -1.3661 0.7008, 0.6201 -1.3661 0.7008, 0.6142 -1.3661 0.9961, 0.6201 -1.3661 0.9961, 0.6142 -1.3661 0.0591, 0.6201 -1.3661 0.0591, 0.6142 -1.3661 0.2953, 0.6201 -1.3661 0.2953, 0.4173 -1.3661 0.7008, 0.4232 -1.3661 0.7008, 0.4173 -1.3661 0.9961, 0.4232 -1.3661 0.9961, 0.4173 -1.3661 0.0591, 0.4232 -1.3661 0.0591, 0.4173 -1.3661 0.2953, 0.4232 -1.3661 0.2953, 0.2205 -1.3661 0.7008, 0.2264 -1.3661 0.7008, 0.2205 -1.3661 0.9961, 0.2264 -1.3661 0.9961, 0.2205 -1.3661 0.0591, 0.2264 -1.3661 0.0591, 0.2205 -1.3661 0.2953, 0.2264 -1.3661 0.2953, 0.0236 -1.3661 0.7008, 0.0295 -1.3661 0.7008, 0.0236 -1.3661 0.9961, 0.0295 -1.3661 0.9961, 0.0236 -1.3661 0.0591, 0.0295 -1.3661 0.0591, 0.0236 -1.3661 0.2953, 0.0295 -1.3661 0.2953, -0.1732 -1.3661 0.7008, -0.1673 -1.3661 0.7008, -0.1732 -1.3661 0.9961, -0.1673 -1.3661 0.9961, -0.1732 -1.3661 0.0591, -0.1673 -1.3661 0.0591, -0.1732 -1.3661 0.2953, -0.1673 -1.3661 0.2953, -0.3701 -1.3661 0.7008, -0.3642 -1.3661 0.7008, -0.3701 -1.3661 0.9961, -0.3642 -1.3661 0.9961, -0.3701 -1.3661 0.0591, -0.3642 -1.3661 0.0591, -0.3701 -1.3661 0.2953, -0.3642 -1.3661 0.2953, -0.5669 -1.3661 0.7008, -0.561 -1.3661 0.7008, -0.5669 -1.3661 0.9961, -0.561 -1.3661 0.9961, -0.5669 -1.3661 0.0591, -0.561 -1.3661 0.0591, -0.5669 -1.3661 0.2953, -0.561 -1.3661 0.2953, -1.5512 -1.3661 0.7008, -1.5453 -1.3661 0.7008, -1.5512 -1.3661 0.9961, -1.5453 -1.3661 0.9961, -1.5512 -1.3661 0.0591, -1.5453 -1.3661 0.0591, -1.5512 -1.3661 0.2953, -1.5453 -1.3661 0.2953, -1.7481 -1.3661 0.7008, -1.7421 -1.3661 0.7008, -1.7481 -1.3661 0.9961, -1.7421 -1.3661 0.9961, -1.7481 -1.3661 0.0591, -1.7421 -1.3661 0.0591, -1.7481 -1.3661 0.2953, -1.7421 -1.3661 0.2953, -1.9449 -1.3661 0.7008, -1.939 -1.3661 0.7008, -1.9449 -1.3661 0.9961, -1.939 -1.3661 0.9961, -1.9449 -1.3661 0.0591, -1.939 -1.3661 0.0591, -1.9449 -1.3661 0.2953, -1.939 -1.3661 0.2953, -2.1418 -1.3661 0.7008, -2.1358 -1.3661 0.7008, -2.1418 -1.3661 0.9961, -2.1358 -1.3661 0.9961, -2.1418 -1.3661 0.0591, -2.1358 -1.3661 0.0591, -2.1418 -1.3661 0.2953, -2.1358 -1.3661 0.2953, -2.3386 -1.3661 0.7008, -2.3327 -1.3661 0.7008, -2.3386 -1.3661 0.9961, -2.3327 -1.3661 0.9961, -2.3386 -1.3661 0.0591, -2.3327 -1.3661 0.0591, -2.3386 -1.3661 0.2953, -2.3327 -1.3661 0.2953, -2.5355 -1.3661 0.7008, -2.5295 -1.3661 0.7008, -2.5355 -1.3661 0.9961, -2.5295 -1.3661 0.9961, -2.5355 -1.3661 0.0591, -2.5295 -1.3661 0.0591, -2.5355 -1.3661 0.2953, -2.5295 -1.3661 0.2953, -2.7323 -1.3661 0.7008, -2.7264 -1.3661 0.7008, -2.7323 -1.3661 0.9961, -2.7264 -1.3661 0.9961, -2.7323 -1.3661 0.0591, -2.7264 -1.3661 0.0591, -2.7323 -1.3661 0.2953, -2.7264 -1.3661 0.2953, -2.9292 -1.3661 0.7008, -2.9232 -1.3661 0.7008, -2.9292 -1.3661 0.9961, -2.9232 -1.3661 0.9961, -2.9292 -1.3661 0.0591, -2.9232 -1.3661 0.0591, -2.9292 -1.3661 0.2953, -2.9232 -1.3661 0.2953, -3.126 -1.3661 0.7008, -3.1201 -1.3661 0.7008, -3.126 -1.3661 0.9961, -3.1201 -1.3661 0.9961, -3.126 -1.3661 0.0591, -3.1201 -1.3661 0.0591, -3.126 -1.3661 0.2953, -3.1201 -1.3661 0.2953, -3.3229 -1.3661 0.7008, -3.3169 -1.3661 0.7008, -3.3229 -1.3661 0.9961, -3.3169 -1.3661 0.9961, -3.3229 -1.3661 0.0591, -3.3169 -1.3661 0.0591, -3.3229 -1.3661 0.2953, -3.3169 -1.3661 0.2953, -3.1988 -1.4449 0.2953, -3.2973 -1.4449 0.2953, -3.1988 -1.4449 0.0591, -3.2973 -1.4449 0.0591, -3.1988 -1.4449 1.2323, -3.2973 -1.4449 1.2323, -3.1988 -1.4449 0.7008, -3.2973 -1.4449 0.7008, -3.002 -1.4449 0.2953, -3.1004 -1.4449 0.2953, -3.002 -1.4449 0.0591, -3.1004 -1.4449 0.0591, -3.002 -1.4449 1.2323, -3.1004 -1.4449 1.2323, -3.002 -1.4449 0.7008, -3.1004 -1.4449 0.7008, -2.8051 -1.4449 0.2953, -2.9036 -1.4449 0.2953, -2.8051 -1.4449 0.0591, -2.9036 -1.4449 0.0591, -2.8051 -1.4449 1.2323, -2.9036 -1.4449 1.2323, -2.8051 -1.4449 0.7008, -2.9036 -1.4449 0.7008, -2.6083 -1.4449 0.2953, -2.7067 -1.4449 0.2953, -2.6083 -1.4449 0.0591, -2.7067 -1.4449 0.0591, -2.6083 -1.4449 1.2323, -2.7067 -1.4449 1.2323, -2.6083 -1.4449 0.7008, -2.7067 -1.4449 0.7008, -2.4114 -1.4449 0.2953, -2.5099 -1.4449 0.2953, -2.4114 -1.4449 0.0591, -2.5099 -1.4449 0.0591, -2.4114 -1.4449 1.2323, -2.5099 -1.4449 1.2323, -2.4114 -1.4449 0.7008, -2.5099 -1.4449 0.7008, -2.2146 -1.4449 0.2953, -2.313 -1.4449 0.2953, -2.2146 -1.4449 0.0591, -2.313 -1.4449 0.0591, -2.2146 -1.4449 1.2323, -2.313 -1.4449 1.2323, -2.2146 -1.4449 0.7008, -2.313 -1.4449 0.7008, -2.0177 -1.4449 0.2953, -2.1162 -1.4449 0.2953, -2.0177 -1.4449 0.0591, -2.1162 -1.4449 0.0591, -2.0177 -1.4449 1.2323, -2.1162 -1.4449 1.2323, -2.0177 -1.4449 0.7008, -2.1162 -1.4449 0.7008, -1.8209 -1.4449 0.2953, -1.9193 -1.4449 0.2953, -1.8209 -1.4449 0.0591, -1.9193 -1.4449 0.0591, -1.8209 -1.4449 1.2323, -1.9193 -1.4449 1.2323, -1.8209 -1.4449 0.7008, -1.9193 -1.4449 0.7008, -1.624 -1.4449 0.2953, -1.7225 -1.4449 0.2953, -1.624 -1.4449 0.0591, -1.7225 -1.4449 0.0591, -1.624 -1.4449 1.2323, -1.7225 -1.4449 1.2323, -1.624 -1.4449 0.7008, -1.7225 -1.4449 0.7008, -1.1713 -1.4449 0.2953, -1.5256 -1.4449 0.2953, -1.5256 -1.4449 0.0591, -1.4173 -1.4449 1.0039, -0.7481 -1.4449 1.0039, -0.7481 -1.4449 1.1142, -1.4173 -1.4449 1.2323, -1.5256 -1.4449 1.2323, -1.4173 -1.4449 1.1142, -1.5256 -1.4449 0.7008, -0.6398 -1.4449 0.0591, -0.6398 -1.4449 0.2953, -1.0532 -1.4449 0.2953, -1.4173 -1.4449 0.7874, -1.1713 -1.4449 0.7008, -0.7481 -1.4449 0.7874, -0.7481 -1.4449 1.2323, -0.6398 -1.4449 1.2323, -0.6398 -1.4449 0.7008, -1.0532 -1.4449 0.7008, -3.3957 -1.4449 0.2953, -3.4941 -1.4449 0.2953, -3.3957 -1.4449 0.0591, -3.4941 -1.4449 0.0591, -0.4429 -1.4449 0.2953, -0.5414 -1.4449 0.2953, -0.4429 -1.4449 0.0591, -0.5414 -1.4449 0.0591, -0.4429 -1.4449 1.2323, -0.5414 -1.4449 1.2323, -0.4429 -1.4449 0.7008, -0.5414 -1.4449 0.7008, -0.2461 -1.4449 0.2953, -0.3445 -1.4449 0.2953, -0.2461 -1.4449 0.0591, -0.3445 -1.4449 0.0591, -0.2461 -1.4449 1.2323, -0.3445 -1.4449 1.2323, -0.2461 -1.4449 0.7008, -0.3445 -1.4449 0.7008, -0.0492 -1.4449 0.2953, -0.1477 -1.4449 0.2953, -0.0492 -1.4449 0.0591, -0.1477 -1.4449 0.0591, -0.0492 -1.4449 1.2323, -0.1477 -1.4449 1.2323, -0.0492 -1.4449 0.7008, -0.1477 -1.4449 0.7008, 0.1476 -1.4449 0.2953, 0.0492 -1.4449 0.2953, 0.1476 -1.4449 0.0591, 0.0492 -1.4449 0.0591, 0.1476 -1.4449 1.2323, 0.0492 -1.4449 1.2323, 0.1476 -1.4449 0.7008, 0.0492 -1.4449 0.7008, 0.3445 -1.4449 0.2953, 0.246 -1.4449 0.2953, 0.3445 -1.4449 0.0591, 0.246 -1.4449 0.0591, 0.3445 -1.4449 1.2323, 0.246 -1.4449 1.2323, 0.3445 -1.4449 0.7008, 0.246 -1.4449 0.7008, 0.5413 -1.4449 0.2953, 0.4429 -1.4449 0.2953, 0.5413 -1.4449 0.0591, 0.4429 -1.4449 0.0591, 0.5413 -1.4449 1.2323, 0.4429 -1.4449 1.2323, 0.5413 -1.4449 0.7008, 0.4429 -1.4449 0.7008, 0.7382 -1.4449 0.2953, 0.6397 -1.4449 0.2953, 0.7382 -1.4449 0.0591, 0.6397 -1.4449 0.0591, 0.7382 -1.4449 1.2323, 0.6397 -1.4449 1.2323, 0.7382 -1.4449 0.7008, 0.6397 -1.4449 0.7008, 0.935 -1.4449 0.2953, 0.8366 -1.4449 0.2953, 0.935 -1.4449 0.0591, 0.8366 -1.4449 0.0591, 0.935 -1.4449 1.2323, 0.8366 -1.4449 1.2323, 0.935 -1.4449 0.7008, 0.8366 -1.4449 0.7008, 1.1319 -1.4449 0.2953, 1.0334 -1.4449 0.2953, 1.1319 -1.4449 0.0591, 1.0334 -1.4449 0.0591, 1.1319 -1.4449 1.2323, 1.0334 -1.4449 1.2323, 1.1319 -1.4449 0.7008, 1.0334 -1.4449 0.7008, 1.3287 -1.4449 0.2953, 1.2303 -1.4449 0.2953, 1.3287 -1.4449 0.0591, 1.2303 -1.4449 0.0591, 1.3287 -1.4449 1.2323, 1.2303 -1.4449 1.2323, 1.3287 -1.4449 0.7008, 1.2303 -1.4449 0.7008, 1.5256 -1.4449 0.2953, 1.4271 -1.4449 0.2953, 1.5256 -1.4449 0.0591, 1.4271 -1.4449 0.0591, 1.5256 -1.4449 1.2323, 1.4271 -1.4449 1.2323, 1.5256 -1.4449 0.7008, 1.4271 -1.4449 0.7008, 1.7224 -1.4449 0.2953, 1.624 -1.4449 0.2953, 1.7224 -1.4449 0.0591, 1.624 -1.4449 0.0591, 1.7224 -1.4449 1.2323, 1.624 -1.4449 1.2323, 1.7224 -1.4449 0.7008, 1.624 -1.4449 0.7008, 1.9193 -1.4449 0.2953, 1.8208 -1.4449 0.2953, 1.9193 -1.4449 0.0591, 1.8208 -1.4449 0.0591, 1.9193 -1.4449 1.2323, 1.8208 -1.4449 1.2323, 1.9193 -1.4449 0.7008, 1.8208 -1.4449 0.7008, 2.1161 -1.4449 0.2953, 2.0177 -1.4449 0.2953, 2.1161 -1.4449 0.0591, 2.0177 -1.4449 0.0591, 2.1161 -1.4449 1.2323, 2.0177 -1.4449 1.2323, 2.1161 -1.4449 0.7008, 2.0177 -1.4449 0.7008, 2.313 -1.4449 0.2953, 2.2145 -1.4449 0.2953, 2.313 -1.4449 0.0591, 2.2145 -1.4449 0.0591, 2.313 -1.4449 1.2323, 2.2145 -1.4449 1.2323, 2.313 -1.4449 0.7008, 2.2145 -1.4449 0.7008, 2.5098 -1.4449 0.2953, 2.4114 -1.4449 0.2953, 2.5098 -1.4449 0.0591, 2.4114 -1.4449 0.0591, 2.5098 -1.4449 1.2323, 2.4114 -1.4449 1.2323, 2.5098 -1.4449 0.7008, 2.4114 -1.4449 0.7008, 2.7067 -1.4449 0.2953, 2.6082 -1.4449 0.2953, 2.7067 -1.4449 0.0591, 2.6082 -1.4449 0.0591, 2.7067 -1.4449 1.2323, 2.6082 -1.4449 1.2323, 2.7067 -1.4449 0.7008, 2.6082 -1.4449 0.7008, 2.9035 -1.4449 0.2953, 2.8051 -1.4449 0.2953, 2.9035 -1.4449 0.0591, 2.8051 -1.4449 0.0591, 2.9035 -1.4449 1.2323, 2.8051 -1.4449 1.2323, 2.9035 -1.4449 0.7008, 2.8051 -1.4449 0.7008, 3.1004 -1.4449 0.2953, 3.0019 -1.4449 0.2953, 3.1004 -1.4449 0.0591, 3.0019 -1.4449 0.0591, 3.1004 -1.4449 1.2323, 3.0019 -1.4449 1.2323, 3.1004 -1.4449 0.7008, 3.0019 -1.4449 0.7008, 3.2972 -1.4449 0.2953, 3.1988 -1.4449 0.2953, 3.2972 -1.4449 0.0591, 3.1988 -1.4449 0.0591, 3.2972 -1.4449 1.2323, 3.1988 -1.4449 1.2323, 3.2972 -1.4449 0.7008, 3.1988 -1.4449 0.7008, 3.4941 -1.4449 0.2953, 3.3956 -1.4449 0.2953, 3.4941 -1.4449 0.0591, 3.3956 -1.4449 0.0591, 3.4941 -1.4449 1.2323, 3.3956 -1.4449 1.2323, 3.4941 -1.4449 0.7008, 3.3956 -1.4449 0.7008, 4.0453 -1.4449 1.2323, 4.0453 -1.4449 1.1535, 3.7736 -1.4449 1.1142, 3.996 -1.4449 0.1772, 3.996 -1.4449 1.0197, 3.7027 -1.4449 1.2323, 3.5925 -1.4449 1.2323, 3.7027 -1.4449 1.1142, 3.5925 -1.4449 0.7008, 3.8189 -1.4449 0.7008, 3.8189 -1.4449 0.2953, 3.5925 -1.4449 0.2953, 4.1929 -1.4449 1.0197, 3.7736 -1.4449 1.1535, 4.1929 -1.4449 0.1772, 3.5925 -1.4449 0.0591, 3.8189 1.3898 0.0591, 3.9862 1.3898 0.0591, 3.8189 1.2126 0.0591, 4.0256 1.3504 0.0591, 4.0256 0.7812 0.0591, 3.376 -1.4252 0.0591, -3.1201 -1.4252 0.0591, -0.3642 -1.4252 0.0591, -0.561 -1.4252 0.0591, -3.3169 -1.4252 0.0591, -3.1792 -1.4252 0.0591, 1.939 -1.3661 0.0591, 1.939 -1.4252 0.0591, 4.124 1.3504 0.0591, 4.1634 1.3898 0.0591, 4.124 0.7812 0.0591, 4.124 0.7008 0.0591, -0.4232 -1.3661 0.0591, -0.4232 -1.4252 0.0591, -2.5295 -1.4252 0.0591, -2.3918 -1.4252 0.0591, -2.3918 -1.3661 0.0591, 1.6043 -1.4252 0.0591, 2.5886 -1.4252 0.0591, 3.1201 -1.3661 0.0591, 3.1201 -1.4252 0.0591, 0.2264 -1.4252 0.0591, 0.3642 -1.4252 0.0591, 0.0295 -1.4252 0.0591, 0.1673 -1.4252 0.0591, 0.1673 -1.3661 0.0591, -0.2264 -1.4252 0.0591, -0.2264 -1.3661 0.0591, -1.5453 -1.4252 0.0591, -4.311 1.3898 0.0591, -4.1634 1.3898 0.0591, -4.124 1.3504 0.0591, -3.5138 -1.4252 0.0591, -3.5138 -1.3661 0.0591, -3.376 -1.4252 0.0591, -3.376 -1.3661 0.0591, -4.311 -1.4449 0.0591, -4.1181 -0.6372 0.0591, -4.1008 -0.6809 0.0591, 1.8012 -1.4252 0.0591, 1.748 -1.3661 0.0591, 1.7421 -1.3661 0.0591, -3.8189 1.2126 0.0591, 1.7421 -1.4252 0.0591, 2.9823 -1.4252 0.0591, 3.8169 -0.8495 0.0591, 3.3169 -1.3661 0.0591, 3.3169 -1.4252 0.0591, 0.1732 -1.3661 0.0591, -0.0236 -1.3661 0.0591, -0.0295 -1.3661 0.0591, -0.1673 -1.4252 0.0591, -0.4173 -1.3661 0.0591, -0.6142 -1.3661 0.0591, -0.6201 -1.3661 0.0591, -0.6201 -1.4252 0.0591, -4.124 0.7812 0.0591, -4.124 0.7008 0.0591, -4.124 -0.5906 0.0591, -3.5197 -1.3661 0.0591, -4.0731 -0.7188 0.0591, -3.5669 -1.3661 0.0591, -3.5729 -1.3661 0.0591, 1.4075 -1.4252 0.0591, 2.7264 -1.3661 0.0591, 2.7264 -1.4252 0.0591, 2.9232 -1.4252 0.0591, 2.9232 -1.3661 0.0591, -0.0295 -1.4252 0.0591, -0.2205 -1.3661 0.0591, -2.7264 -1.4252 0.0591, -2.5886 -1.4252 0.0591, 1.5512 -1.3661 0.0591, 1.5453 -1.3661 0.0591, 1.5453 -1.4252 0.0591, 1.998 -1.4252 0.0591, 3.1791 -1.4252 0.0591, -3.9862 1.3898 0.0591, -3.8189 1.3898 0.0591, -4.0256 1.3504 0.0591, -3.8169 -0.4472 0.0591, -3.8565 -0.4218 0.0591, -3.9011 -0.407 0.0591, -3.948 -0.4039 0.0591, -3.9942 -0.7686 0.0591, -3.948 -0.7772 0.0591, -3.5729 -1.4252 0.0591, -3.5925 -1.4449 0.0591, 1.2106 -1.4252 0.0591, 2.5295 -1.4252 0.0591, 2.5295 -1.3661 0.0591, -3.9942 -0.4125 0.0591, -4.0368 -0.4324 0.0591, -4.0731 -0.4623 0.0591, -4.1008 -0.5002 0.0591, -4.1181 -0.5439 0.0591, -2.9232 -1.4252 0.0591, -2.7855 -1.4252 0.0591, -2.7855 -1.3661 0.0591, 1.3543 -1.3661 0.0591, 1.3484 -1.3661 0.0591, 1.3484 -1.4252 0.0591, 3.8849 -0.3099 0.0591, 3.8169 -0.3316 0.0591, 4.0256 0.7008 0.0591, 3.8849 -0.8712 0.0591, -1.5984 -1.3661 0.0591, -1.7421 -1.4252 0.0591, -1.6044 -1.4252 0.0591, -1.6044 -1.3661 0.0591, -2.5886 -1.3661 0.0591, -2.5827 -1.3661 0.0591, -4.0368 -0.7487 0.0591, 1.0138 -1.4252 0.0591, 2.3327 -1.4252 0.0591, 2.1949 -1.4252 0.0591, 3.9561 -0.8753 0.0591, 4.0261 -0.8617 0.0591, 4.0906 -0.8311 0.0591, -4.0256 0.7812 0.0591, -1.7953 -1.3661 0.0591, 1.1575 -1.3661 0.0591, 1.1516 -1.3661 0.0591, 1.1516 -1.4252 0.0591, 4.1455 -0.7855 0.0591, 4.1873 -0.7277 0.0591, 3.5197 -1.3661 0.0591, 3.5138 -1.3661 0.0591, 3.5138 -1.4252 0.0591, -1.939 -1.4252 0.0591, -1.8012 -1.4252 0.0591, -1.8012 -1.3661 0.0591, 0.8169 -1.4252 0.0591, 4.1873 -0.4534 0.0591, 4.1455 -0.3956 0.0591, -4.0256 0.7008 0.0591, -1.9921 -1.3661 0.0591, -2.7795 -1.3661 0.0591, -3.8169 -0.7339 0.0591, -3.8565 -0.7593 0.0591, 0.9606 -1.3661 0.0591, 0.9547 -1.3661 0.0591, 0.9547 -1.4252 0.0591, 4.2135 -0.6613 0.0591, 4.2224 -0.5906 0.0591, 4.2135 -0.5198 0.0591, 2.9291 -1.3661 0.0591, 2.7854 -1.4252 0.0591, -2.1358 -1.4252 0.0591, -1.9981 -1.4252 0.0591, -1.9981 -1.3661 0.0591, -2.189 -1.3661 0.0591, -2.1949 -1.3661 0.0591, 3.5728 -1.4252 0.0591, 4.0906 -0.35 0.0591, 4.0261 -0.3194 0.0591, 3.9561 -0.3058 0.0591, 3.3228 -1.3661 0.0591, -2.3858 -1.3661 0.0591, -2.9764 -1.3661 0.0591, -2.9823 -1.3661 0.0591, -2.9823 -1.4252 0.0591, 0.7638 -1.3661 0.0591, 0.7579 -1.3661 0.0591, 2.7323 -1.3661 0.0591, -2.1949 -1.4252 0.0591, -2.3327 -1.4252 0.0591, 3.126 -1.3661 0.0591, -3.1732 -1.3661 0.0591, -3.1792 -1.3661 0.0591, 0.5669 -1.3661 0.0591, 0.561 -1.3661 0.0591, 2.5354 -1.3661 0.0591, 2.3917 -1.4252 0.0591, -3.9011 -0.7741 0.0591, -3.3701 -1.3661 0.0591, 0.7579 -1.4252 0.0591, 0.6201 -1.4252 0.0591, 0.4232 -1.4252 0.0591, 0.561 -1.4252 0.0591, 0.3642 -1.3661 0.0591, 0.3701 -1.3661 0.0591, 2.3386 -1.3661 0.0591, 2.3327 -1.3661 0.0591, 2.1417 -1.3661 0.0591, 2.1358 -1.3661 0.0591, 2.1358 -1.4252 0.0591, 1.9449 -1.3661 0.0591, -3.1792 -1.4252 1.2323, -3.1792 -0.5787 1.2323, -3.3169 -0.5787 1.2323, -3.3169 -1.4252 1.2323, -2.9823 -1.4252 1.2323, -2.9823 -0.5787 1.2323, -3.1201 -0.5787 1.2323, -3.1201 -1.4252 1.2323, -2.7855 -1.4252 1.2323, -2.7855 -0.5787 1.2323, -2.9232 -0.5787 1.2323, -2.9232 -1.4252 1.2323, -2.5886 -1.4252 1.2323, -2.5886 -0.5787 1.2323, -2.7264 -0.5787 1.2323, -2.7264 -1.4252 1.2323, -2.3918 -1.4252 1.2323, -2.3918 -0.5787 1.2323, -2.5295 -0.5787 1.2323, -2.5295 -1.4252 1.2323, -2.1949 -1.4252 1.2323, -2.1949 -0.5787 1.2323, -2.3327 -0.5787 1.2323, -2.3327 -1.4252 1.2323, -1.9981 -1.4252 1.2323, -1.9981 -0.5787 1.2323, -2.1358 -0.5787 1.2323, -2.1358 -1.4252 1.2323, -1.8012 -1.4252 1.2323, -1.8012 -0.5787 1.2323, -1.939 -0.5787 1.2323, -1.939 -1.4252 1.2323, -1.6044 -1.4252 1.2323, -1.6044 -0.5787 1.2323, -1.7421 -0.5787 1.2323, -1.7421 -1.4252 1.2323, -1.5453 -0.5787 1.2323, -1.5453 -1.4252 1.2323, -1.4173 -0.5787 1.2323, -3.1792 -0.5599 1.1996, -3.1792 -0.2618 1.1142, -3.3169 -0.5599 1.1996, -3.3169 -0.2618 1.1142, -2.9823 -0.5599 1.1996, -2.9823 -0.2618 1.1142, -3.1201 -0.5599 1.1996, -3.1201 -0.2618 1.1142, -2.7855 -0.5599 1.1996, -2.7855 -0.2618 1.1142, -2.9232 -0.5599 1.1996, -2.9232 -0.2618 1.1142, -2.5886 -0.5599 1.1996, -2.5886 -0.2618 1.1142, -2.7264 -0.5599 1.1996, -2.7264 -0.2618 1.1142, -2.3918 -0.5599 1.1996, -2.3918 -0.2618 1.1142, -2.5295 -0.5599 1.1996, -2.5295 -0.2618 1.1142, -2.1949 -0.5599 1.1996, -2.1949 -0.2618 1.1142, -2.3327 -0.5599 1.1996, -2.3327 -0.2618 1.1142, -1.9981 -0.5599 1.1996, -1.9981 -0.2618 1.1142, -2.1358 -0.5599 1.1996, -2.1358 -0.2618 1.1142, -1.8012 -0.5599 1.1996, -1.8012 -0.2618 1.1142, -1.939 -0.5599 1.1996, -1.939 -0.2618 1.1142, -1.6044 -0.5599 1.1996, -1.6044 -0.2618 1.1142, -1.7421 -0.5599 1.1996, -1.7421 -0.2618 1.1142, -1.4173 -0.5599 1.1996, -1.4173 -0.2618 1.1142, -1.5453 -0.5599 1.1996, -1.5453 -0.2618 1.1142, -3.5729 -1.3661 0.7008, -3.5729 -1.4252 0.7008, -3.5925 -1.4449 0.7008, -1.5453 -1.4252 0.7008, -1.1713 -0.5 0.7008, -3.1201 -1.4252 0.7008, -3.3169 -1.4252 0.7008, -3.1792 -1.4252 0.7008, -1.6044 -1.3661 0.7008, -3.8189 -0.5 0.7008, -1.5984 -1.3661 0.7008, -1.7421 -1.4252 0.7008, -1.6044 -1.4252 0.7008, -1.7953 -1.3661 0.7008, -1.8012 -1.3661 0.7008, -2.5295 -1.4252 0.7008, -2.3918 -1.4252 0.7008, -3.4941 -1.4449 0.7008, -3.5138 -1.4252 0.7008, -3.3957 -1.4449 0.7008, -3.5138 -1.3661 0.7008, -1.939 -1.4252 0.7008, -1.8012 -1.4252 0.7008, -3.5197 -1.3661 0.7008, -1.9921 -1.3661 0.7008, -1.9981 -1.3661 0.7008, -2.5827 -1.3661 0.7008, -2.5886 -1.3661 0.7008, -2.7264 -1.4252 0.7008, -2.5886 -1.4252 0.7008, -3.8189 -1.4449 0.7008, -3.5669 -1.3661 0.7008, -2.1358 -1.4252 0.7008, -1.9981 -1.4252 0.7008, -2.7795 -1.3661 0.7008, -2.7855 -1.3661 0.7008, -2.189 -1.3661 0.7008, -2.1949 -1.3661 0.7008, -2.9232 -1.4252 0.7008, -2.7855 -1.4252 0.7008, -2.3327 -1.4252 0.7008, -2.1949 -1.4252 0.7008, -2.3918 -1.3661 0.7008, -2.3858 -1.3661 0.7008, -2.9764 -1.3661 0.7008, -2.9823 -1.3661 0.7008, -2.9823 -1.4252 0.7008, -3.1732 -1.3661 0.7008, -3.1792 -1.3661 0.7008, -3.3701 -1.3661 0.7008, -3.376 -1.3661 0.7008, -3.376 -1.4252 0.7008, -1.5453 -1.4252 0.2953, -3.5925 -1.4449 0.2953, -3.5729 -1.4252 0.2953, -3.8189 -1.4449 0.2953, -3.5729 -1.3661 0.2953, -3.8189 -0.5 0.2953, -2.9823 -1.4252 0.2953, -2.9823 -1.3661 0.2953, -3.1201 -1.4252 0.2953, -3.5138 -1.3661 0.2953, -1.1713 -0.5 0.2953, -3.5197 -1.3661 0.2953, -3.5669 -1.3661 0.2953, -3.376 -1.4252 0.2953, -3.376 -1.3661 0.2953, -3.5138 -1.4252 0.2953, -2.9764 -1.3661 0.2953, -2.7855 -1.4252 0.2953, -2.7855 -1.3661 0.2953, -2.9232 -1.4252 0.2953, -3.3701 -1.3661 0.2953, -3.1792 -1.4252 0.2953, -3.1792 -1.3661 0.2953, -3.3169 -1.4252 0.2953, -2.7795 -1.3661 0.2953, -2.5886 -1.4252 0.2953, -2.5886 -1.3661 0.2953, -2.7264 -1.4252 0.2953, -3.1732 -1.3661 0.2953, -2.5827 -1.3661 0.2953, -2.3918 -1.4252 0.2953, -2.3918 -1.3661 0.2953, -2.1949 -1.4252 0.2953, -2.1949 -1.3661 0.2953, -2.3327 -1.4252 0.2953, -2.5295 -1.4252 0.2953, -1.9981 -1.4252 0.2953, -1.9981 -1.3661 0.2953, -2.1358 -1.4252 0.2953, -2.3858 -1.3661 0.2953, -2.189 -1.3661 0.2953, -1.9921 -1.3661 0.2953, -1.8012 -1.4252 0.2953, -1.8012 -1.3661 0.2953, -1.939 -1.4252 0.2953, -1.7953 -1.3661 0.2953, -1.6044 -1.4252 0.2953, -1.6044 -1.3661 0.2953, -1.7421 -1.4252 0.2953, -1.5984 -1.3661 0.2953, -0.6201 -1.3661 0.7008, -0.6201 -1.4252 0.7008, 3.5728 -1.4252 0.7008, 3.8189 -0.5 0.7008, 3.376 -1.4252 0.7008, 3.5138 -1.4252 0.7008, 3.5138 -1.3661 0.7008, 3.3228 -1.3661 0.7008, 3.3169 -1.3661 0.7008, -1.0532 -0.5 0.7008, 3.1791 -1.4252 0.7008, 3.3169 -1.4252 0.7008, 3.126 -1.3661 0.7008, 3.1201 -1.3661 0.7008, 3.5197 -1.3661 0.7008, 2.9823 -1.4252 0.7008, 3.1201 -1.4252 0.7008, 2.9291 -1.3661 0.7008, 2.9232 -1.3661 0.7008, 1.6043 -1.4252 0.7008, 2.7854 -1.4252 0.7008, 2.9232 -1.4252 0.7008, 2.7323 -1.3661 0.7008, 2.7264 -1.3661 0.7008, 1.7421 -1.3661 0.7008, 1.7421 -1.4252 0.7008, 2.5886 -1.4252 0.7008, 2.7264 -1.4252 0.7008, 2.5354 -1.3661 0.7008, 2.5295 -1.3661 0.7008, 1.2106 -1.4252 0.7008, 1.5453 -1.4252 0.7008, 1.5453 -1.3661 0.7008, 1.3484 -1.3661 0.7008, 1.3484 -1.4252 0.7008, 0.8169 -1.4252 0.7008, 1.1516 -1.4252 0.7008, 1.1516 -1.3661 0.7008, 0.9547 -1.3661 0.7008, 0.9547 -1.4252 0.7008, -0.1673 -1.4252 0.7008, -0.0295 -1.4252 0.7008, -0.561 -1.4252 0.7008, -0.2264 -1.4252 0.7008, -0.2264 -1.3661 0.7008, -0.4232 -1.3661 0.7008, -0.4232 -1.4252 0.7008, 2.3386 -1.3661 0.7008, 2.3327 -1.3661 0.7008, 2.1949 -1.4252 0.7008, 2.3917 -1.4252 0.7008, 2.5295 -1.4252 0.7008, 2.3327 -1.4252 0.7008, 1.998 -1.4252 0.7008, 2.1417 -1.3661 0.7008, 2.1358 -1.3661 0.7008, 2.1358 -1.4252 0.7008, 1.939 -1.4252 0.7008, 1.939 -1.3661 0.7008, 1.9449 -1.3661 0.7008, 1.8012 -1.4252 0.7008, 0.6201 -1.4252 0.7008, 0.7579 -1.4252 0.7008, 1.748 -1.3661 0.7008, 0.5669 -1.3661 0.7008, 0.561 -1.3661 0.7008, 0.4232 -1.4252 0.7008, 0.561 -1.4252 0.7008, 0.3701 -1.3661 0.7008, 0.3642 -1.3661 0.7008, 0.1673 -1.3661 0.7008, 0.2264 -1.4252 0.7008, 0.3642 -1.4252 0.7008, 0.1732 -1.3661 0.7008, 0.0295 -1.4252 0.7008, 0.1673 -1.4252 0.7008, 1.5512 -1.3661 0.7008, 1.4075 -1.4252 0.7008, -0.0236 -1.3661 0.7008, -0.0295 -1.3661 0.7008, 1.3543 -1.3661 0.7008, -0.2205 -1.3661 0.7008, -0.3642 -1.4252 0.7008, 1.1575 -1.3661 0.7008, 1.0138 -1.4252 0.7008, -0.6142 -1.3661 0.7008, -0.4173 -1.3661 0.7008, 0.9606 -1.3661 0.7008, 0.7579 -1.3661 0.7008, 0.7638 -1.3661 0.7008, 3.5728 -1.4252 0.2953, -0.6201 -1.4252 0.2953, -0.6201 -1.3661 0.2953, -1.0532 -0.5 0.2953, -0.6142 -1.3661 0.2953, 3.8189 -0.5 0.2953, -0.4232 -1.4252 0.2953, -0.4232 -1.3661 0.2953, -0.561 -1.4252 0.2953, -0.4173 -1.3661 0.2953, -0.2264 -1.4252 0.2953, -0.2264 -1.3661 0.2953, -0.3642 -1.4252 0.2953, -0.2205 -1.3661 0.2953, -0.0295 -1.4252 0.2953, -0.0295 -1.3661 0.2953, -0.1673 -1.4252 0.2953, 0.1673 -1.4252 0.2953, 0.1673 -1.3661 0.2953, 0.0295 -1.4252 0.2953, 0.9547 -1.4252 0.2953, 0.9547 -1.3661 0.2953, -0.0236 -1.3661 0.2953, 0.9606 -1.3661 0.2953, 1.1516 -1.4252 0.2953, 1.1516 -1.3661 0.2953, 1.0138 -1.4252 0.2953, 0.2264 -1.4252 0.2953, 1.1575 -1.3661 0.2953, 1.3484 -1.4252 0.2953, 1.3484 -1.3661 0.2953, 1.2106 -1.4252 0.2953, 0.4232 -1.4252 0.2953, 1.3543 -1.3661 0.2953, 1.5453 -1.4252 0.2953, 1.5453 -1.3661 0.2953, 1.4075 -1.4252 0.2953, 1.7421 -1.4252 0.2953, 1.7421 -1.3661 0.2953, 0.6201 -1.4252 0.2953, 0.7579 -1.3661 0.2953, 0.7638 -1.3661 0.2953, 1.5512 -1.3661 0.2953, 1.939 -1.4252 0.2953, 1.939 -1.3661 0.2953, 1.8012 -1.4252 0.2953, 0.8169 -1.4252 0.2953, 2.1358 -1.4252 0.2953, 2.1358 -1.3661 0.2953, 0.1732 -1.3661 0.2953, 2.3327 -1.4252 0.2953, 2.3327 -1.3661 0.2953, 2.1949 -1.4252 0.2953, 1.6043 -1.4252 0.2953, 0.3642 -1.3661 0.2953, 0.3701 -1.3661 0.2953, 0.561 -1.3661 0.2953, 0.5669 -1.3661 0.2953, 0.3642 -1.4252 0.2953, 2.5295 -1.4252 0.2953, 2.5295 -1.3661 0.2953, 2.3917 -1.4252 0.2953, 0.561 -1.4252 0.2953, 0.7579 -1.4252 0.2953, 1.748 -1.3661 0.2953, 1.9449 -1.3661 0.2953, 2.5354 -1.3661 0.2953, 2.7264 -1.4252 0.2953, 2.7264 -1.3661 0.2953, 2.5886 -1.4252 0.2953, 1.998 -1.4252 0.2953, 2.7323 -1.3661 0.2953, 2.9232 -1.4252 0.2953, 2.9232 -1.3661 0.2953, 2.7854 -1.4252 0.2953, 2.1417 -1.3661 0.2953, 2.3386 -1.3661 0.2953, 2.9291 -1.3661 0.2953, 3.1201 -1.4252 0.2953, 3.1201 -1.3661 0.2953, 2.9823 -1.4252 0.2953, 3.126 -1.3661 0.2953, 3.3169 -1.4252 0.2953, 3.3169 -1.3661 0.2953, 3.1791 -1.4252 0.2953, 3.3228 -1.3661 0.2953, 3.5138 -1.4252 0.2953, 3.5138 -1.3661 0.2953, 3.376 -1.4252 0.2953, 3.5197 -1.3661 0.2953, -0.4232 -1.4252 1.2323, -0.4232 -0.5787 1.2323, -0.561 -1.4252 1.2323, -0.561 -0.5787 1.2323, -0.2264 -1.4252 1.2323, -0.2264 -0.5787 1.2323, -0.3642 -0.5787 1.2323, -0.3642 -1.4252 1.2323, -0.0295 -1.4252 1.2323, -0.0295 -0.5787 1.2323, -0.1673 -0.5787 1.2323, -0.1673 -1.4252 1.2323, 0.1673 -1.4252 1.2323, 0.1673 -0.5787 1.2323, 0.0295 -0.5787 1.2323, 0.0295 -1.4252 1.2323, 0.3642 -1.4252 1.2323, 0.3642 -0.5787 1.2323, 0.2264 -0.5787 1.2323, 0.2264 -1.4252 1.2323, 0.561 -1.4252 1.2323, 0.561 -0.5787 1.2323, 0.4232 -0.5787 1.2323, 0.4232 -1.4252 1.2323, 0.7579 -1.4252 1.2323, 0.7579 -0.5787 1.2323, 0.6201 -0.5787 1.2323, 0.6201 -1.4252 1.2323, 0.9547 -1.4252 1.2323, 0.9547 -0.5787 1.2323, 0.8169 -1.4252 1.2323, 0.8169 -0.5787 1.2323, 1.1516 -1.4252 1.2323, 1.1516 -0.5787 1.2323, 1.0138 -1.4252 1.2323, 1.0138 -0.5787 1.2323, 1.3484 -1.4252 1.2323, 1.3484 -0.5787 1.2323, 1.2106 -1.4252 1.2323, 1.2106 -0.5787 1.2323, 1.5453 -1.4252 1.2323, 1.5453 -0.5787 1.2323, 1.4075 -1.4252 1.2323, 1.4075 -0.5787 1.2323, 1.7421 -1.4252 1.2323, 1.7421 -0.5787 1.2323, 1.6043 -1.4252 1.2323, 1.6043 -0.5787 1.2323, 1.939 -1.4252 1.2323, 1.939 -0.5787 1.2323, 1.8012 -1.4252 1.2323, 1.8012 -0.5787 1.2323, 2.1358 -1.4252 1.2323, 2.1358 -0.5787 1.2323, 1.998 -1.4252 1.2323, 1.998 -0.5787 1.2323, 2.3327 -1.4252 1.2323, 2.3327 -0.5787 1.2323, 2.1949 -1.4252 1.2323, 2.1949 -0.5787 1.2323, 2.5295 -1.4252 1.2323, 2.5295 -0.5787 1.2323, 2.3917 -1.4252 1.2323, 2.3917 -0.5787 1.2323, 2.7264 -1.4252 1.2323, 2.7264 -0.5787 1.2323, 2.5886 -1.4252 1.2323, 2.5886 -0.5787 1.2323, 2.9232 -1.4252 1.2323, 2.9232 -0.5787 1.2323, 2.7854 -1.4252 1.2323, 2.7854 -0.5787 1.2323, 3.1201 -1.4252 1.2323, 3.1201 -0.5787 1.2323, 2.9823 -1.4252 1.2323, 2.9823 -0.5787 1.2323, 3.3169 -1.4252 1.2323, 3.3169 -0.5787 1.2323, 3.1791 -1.4252 1.2323, 3.1791 -0.5787 1.2323, 3.5138 -1.4252 1.2323, 3.5138 -0.5787 1.2323, 3.376 -1.4252 1.2323, 3.376 -0.5787 1.2323, 3.5728 -0.5787 1.2323, 3.5728 -1.4252 1.2323, 3.7027 -0.5787 1.2323, -0.4232 -0.5599 1.1996, -0.4232 -0.2618 1.1142, -0.561 -0.5599 1.1996, -0.561 -0.2618 1.1142, -0.2264 -0.5599 1.1996, -0.2264 -0.2618 1.1142, -0.3642 -0.5599 1.1996, -0.3642 -0.2618 1.1142, -0.0295 -0.5599 1.1996, -0.0295 -0.2618 1.1142, -0.1673 -0.5599 1.1996, -0.1673 -0.2618 1.1142, 0.1673 -0.5599 1.1996, 0.1673 -0.2618 1.1142, 0.0295 -0.5599 1.1996, 0.0295 -0.2618 1.1142, 0.3642 -0.5599 1.1996, 0.3642 -0.2618 1.1142, 0.2264 -0.5599 1.1996, 0.2264 -0.2618 1.1142, 0.561 -0.5599 1.1996, 0.561 -0.2618 1.1142, 0.4232 -0.5599 1.1996, 0.4232 -0.2618 1.1142, 0.7579 -0.5599 1.1996, 0.7579 -0.2618 1.1142, 0.6201 -0.5599 1.1996, 0.6201 -0.2618 1.1142, 0.9547 -0.5599 1.1996, 0.9547 -0.2618 1.1142, 0.8169 -0.5599 1.1996, 0.8169 -0.2618 1.1142, 1.1516 -0.5599 1.1996, 1.1516 -0.2618 1.1142, 1.0138 -0.5599 1.1996, 1.0138 -0.2618 1.1142, 1.3484 -0.5599 1.1996, 1.3484 -0.2618 1.1142, 1.2106 -0.5599 1.1996, 1.2106 -0.2618 1.1142, 1.5453 -0.5599 1.1996, 1.5453 -0.2618 1.1142, 1.4075 -0.5599 1.1996, 1.4075 -0.2618 1.1142, 1.7421 -0.5599 1.1996, 1.7421 -0.2618 1.1142, 1.6043 -0.5599 1.1996, 1.6043 -0.2618 1.1142, 1.939 -0.5599 1.1996, 1.939 -0.2618 1.1142, 1.8012 -0.5599 1.1996, 1.8012 -0.2618 1.1142, 2.1358 -0.5599 1.1996, 2.1358 -0.2618 1.1142, 1.998 -0.5599 1.1996, 1.998 -0.2618 1.1142, 2.3327 -0.5599 1.1996, 2.3327 -0.2618 1.1142, 2.1949 -0.5599 1.1996, 2.1949 -0.2618 1.1142, 2.5295 -0.5599 1.1996, 2.5295 -0.2618 1.1142, 2.3917 -0.5599 1.1996, 2.3917 -0.2618 1.1142, 2.7264 -0.5599 1.1996, 2.7264 -0.2618 1.1142, 2.5886 -0.5599 1.1996, 2.5886 -0.2618 1.1142, 2.9232 -0.5599 1.1996, 2.9232 -0.2618 1.1142, 2.7854 -0.5599 1.1996, 2.7854 -0.2618 1.1142, 3.1201 -0.5599 1.1996, 3.1201 -0.2618 1.1142, 2.9823 -0.5599 1.1996, 2.9823 -0.2618 1.1142, 3.3169 -0.5599 1.1996, 3.3169 -0.2618 1.1142, 3.1791 -0.5599 1.1996, 3.1791 -0.2618 1.1142, 3.5138 -0.5599 1.1996, 3.5138 -0.2618 1.1142, 3.376 -0.5599 1.1996, 3.376 -0.2618 1.1142, 3.7027 -0.5599 1.1996, 3.7027 -0.2618 1.1142, 3.5728 -0.5599 1.1996, 3.5728 -0.2618 1.1142, 3.6712 1.2126 1.2913, 3.6712 1.2126 1.0, 3.6653 1.2126 1.2913, 3.6653 1.2126 1.0, 3.4744 1.2126 1.2913, 3.4744 1.2126 1.0, 3.4685 1.2126 1.2913, 3.4685 1.2126 1.0, 3.2775 1.2126 1.2913, 3.2775 1.2126 1.0, 3.2716 1.2126 1.2913, 3.2716 1.2126 1.0, 3.0807 1.2126 1.2913, 3.0807 1.2126 1.0, 3.0748 1.2126 1.2913, 3.0748 1.2126 1.0, 2.8838 1.2126 1.2913, 2.8838 1.2126 1.0, 2.8779 1.2126 1.2913, 2.8779 1.2126 1.0, 2.687 1.2126 1.2913, 2.687 1.2126 1.0, 2.6811 1.2126 1.2913, 2.6811 1.2126 1.0, 2.4901 1.2126 1.2913, 2.4901 1.2126 1.0, 2.4842 1.2126 1.2913, 2.4842 1.2126 1.0, 2.2933 1.2126 1.2913, 2.2933 1.2126 1.0, 2.2874 1.2126 1.2913, 2.2874 1.2126 1.0, 2.0964 1.2126 1.2913, 2.0964 1.2126 1.0, 2.0905 1.2126 1.2913, 2.0905 1.2126 1.0, 1.8996 1.2126 1.2913, 1.8996 1.2126 1.0, 1.8937 1.2126 1.2913, 1.8937 1.2126 1.0, 1.7027 1.2126 1.2913, 1.7027 1.2126 1.0, 1.6968 1.2126 1.2913, 1.6968 1.2126 1.0, 1.5059 1.2126 1.2913, 1.5059 1.2126 1.0, 1.5 1.2126 1.2913, 1.5 1.2126 1.0, 1.309 1.2126 1.2913, 1.309 1.2126 1.0, 1.3031 1.2126 1.2913, 1.3031 1.2126 1.0, 1.1122 1.2126 1.2913, 1.1122 1.2126 1.0, 1.1063 1.2126 1.2913, 1.1063 1.2126 1.0, 0.9153 1.2126 1.2913, 0.9153 1.2126 1.0, 0.9094 1.2126 1.2913, 0.9094 1.2126 1.0, 0.7185 1.2126 1.2913, 0.7185 1.2126 1.0, 0.7126 1.2126 1.2913, 0.7126 1.2126 1.0, 0.5216 1.2126 1.2913, 0.5216 1.2126 1.0, 0.5157 1.2126 1.2913, 0.5157 1.2126 1.0, 0.3248 1.2126 1.2913, 0.3248 1.2126 1.0, 0.3189 1.2126 1.2913, 0.3189 1.2126 1.0, 0.1279 1.2126 1.2913, 0.1279 1.2126 1.0, 0.122 1.2126 1.2913, 0.122 1.2126 1.0, -0.0689 1.2126 1.2913, -0.0689 1.2126 1.0, -0.0748 1.2126 1.2913, -0.0748 1.2126 1.0, -0.2658 1.2126 1.2913, -0.2658 1.2126 1.0, -0.2717 1.2126 1.2913, -0.2717 1.2126 1.0, -0.4626 1.2126 1.2913, -0.4626 1.2126 1.0, -0.4685 1.2126 1.2913, -0.4685 1.2126 1.0, -1.4469 1.2126 1.2913, -1.4469 1.2126 1.0, -1.4528 1.2126 1.2913, -1.4528 1.2126 1.0, -1.6437 1.2126 1.2913, -1.6437 1.2126 1.0, -1.6496 1.2126 1.2913, -1.6496 1.2126 1.0, -1.8406 1.2126 1.2913, -1.8406 1.2126 1.0, -1.8465 1.2126 1.2913, -1.8465 1.2126 1.0, -2.0374 1.2126 1.2913, -2.0374 1.2126 1.0, -2.0433 1.2126 1.2913, -2.0433 1.2126 1.0, -2.2343 1.2126 1.2913, -2.2343 1.2126 1.0, -2.2402 1.2126 1.2913, -2.2402 1.2126 1.0, -2.4311 1.2126 1.2913, -2.4311 1.2126 1.0, -2.437 1.2126 1.2913, -2.437 1.2126 1.0, -2.628 1.2126 1.2913, -2.628 1.2126 1.0, -2.6339 1.2126 1.2913, -2.6339 1.2126 1.0, -2.8248 1.2126 1.2913, -2.8248 1.2126 1.0, -2.8307 1.2126 1.2913, -2.8307 1.2126 1.0, -3.0217 1.2126 1.2913, -3.0217 1.2126 1.0, -3.0276 1.2126 1.2913, -3.0276 1.2126 1.0, -3.2185 1.2126 1.2913, -3.2185 1.2126 1.0, -3.2244 1.2126 1.2913, -3.2244 1.2126 1.0, -3.4154 1.2126 1.2913, -3.4154 1.2126 1.0, -3.4213 1.2126 1.2913, -3.4213 1.2126 1.0, -3.2973 1.3898 1.0, -3.3957 1.3898 1.0, -3.2973 1.3898 1.3543, -3.3957 1.3898 1.3543, -3.2973 1.3898 0.1772, -3.3957 1.3898 0.1772, -3.2973 1.3898 0.3937, -3.3957 1.3898 0.3937, -3.1004 1.3898 1.0, -3.1988 1.3898 1.0, -3.1004 1.3898 1.3543, -3.1988 1.3898 1.3543, -3.1004 1.3898 0.1772, -3.1988 1.3898 0.1772, -3.1004 1.3898 0.3937, -3.1988 1.3898 0.3937, -2.9036 1.3898 1.0, -3.002 1.3898 1.0, -2.9036 1.3898 1.3543, -3.002 1.3898 1.3543, -2.9036 1.3898 0.1772, -3.002 1.3898 0.1772, -2.9036 1.3898 0.3937, -3.002 1.3898 0.3937, -2.7067 1.3898 1.0, -2.8051 1.3898 1.0, -2.7067 1.3898 1.3543, -2.8051 1.3898 1.3543, -2.7067 1.3898 0.1772, -2.8051 1.3898 0.1772, -2.7067 1.3898 0.3937, -2.8051 1.3898 0.3937, -2.5099 1.3898 1.0, -2.6083 1.3898 1.0, -2.5099 1.3898 1.3543, -2.6083 1.3898 1.3543, -2.5099 1.3898 0.1772, -2.6083 1.3898 0.1772, -2.5099 1.3898 0.3937, -2.6083 1.3898 0.3937, -2.313 1.3898 1.0, -2.4114 1.3898 1.0, -2.313 1.3898 1.3543, -2.4114 1.3898 1.3543, -2.313 1.3898 0.1772, -2.4114 1.3898 0.1772, -2.313 1.3898 0.3937, -2.4114 1.3898 0.3937, -2.1162 1.3898 1.0, -2.2146 1.3898 1.0, -2.1162 1.3898 1.3543, -2.2146 1.3898 1.3543, -2.1162 1.3898 0.1772, -2.2146 1.3898 0.1772, -2.1162 1.3898 0.3937, -2.2146 1.3898 0.3937, -1.9193 1.3898 1.0, -2.0177 1.3898 1.0, -1.9193 1.3898 1.3543, -2.0177 1.3898 1.3543, -1.9193 1.3898 0.1772, -2.0177 1.3898 0.1772, -1.9193 1.3898 0.3937, -2.0177 1.3898 0.3937, -1.7225 1.3898 1.0, -1.8209 1.3898 1.0, -1.7225 1.3898 1.3543, -1.8209 1.3898 1.3543, -1.7225 1.3898 0.1772, -1.8209 1.3898 0.1772, -1.7225 1.3898 0.3937, -1.8209 1.3898 0.3937, -1.5256 1.3898 1.0, -1.624 1.3898 1.0, -1.5256 1.3898 1.3543, -1.624 1.3898 1.3543, -1.5256 1.3898 0.1772, -1.624 1.3898 0.1772, -1.5256 1.3898 0.3937, -1.624 1.3898 0.3937, -0.5414 1.3898 1.0, -1.4272 1.3898 1.0, -0.5414 1.3898 1.3543, -1.4272 1.3898 1.3543, -0.5414 1.3898 0.1772, -1.4272 1.3898 0.1772, -0.5414 1.3898 0.3937, -1.4272 1.3898 0.3937, -0.3445 1.3898 1.0, -0.4429 1.3898 1.0, -0.3445 1.3898 1.3543, -0.4429 1.3898 1.3543, -0.3445 1.3898 0.1772, -0.4429 1.3898 0.1772, -0.3445 1.3898 0.3937, -0.4429 1.3898 0.3937, -0.1477 1.3898 1.0, -0.2461 1.3898 1.0, -0.1477 1.3898 1.3543, -0.2461 1.3898 1.3543, -0.1477 1.3898 0.1772, -0.2461 1.3898 0.1772, -0.1477 1.3898 0.3937, -0.2461 1.3898 0.3937, 0.0492 1.3898 1.0, -0.0492 1.3898 1.0, 0.0492 1.3898 1.3543, -0.0492 1.3898 1.3543, 0.0492 1.3898 0.1772, -0.0492 1.3898 0.1772, 0.0492 1.3898 0.3937, -0.0492 1.3898 0.3937, 0.246 1.3898 1.0, 0.1476 1.3898 1.0, 0.246 1.3898 1.3543, 0.1476 1.3898 1.3543, 0.246 1.3898 0.1772, 0.1476 1.3898 0.1772, 0.246 1.3898 0.3937, 0.1476 1.3898 0.3937, 0.4429 1.3898 1.0, 0.3445 1.3898 1.0, 0.4429 1.3898 1.3543, 0.3445 1.3898 1.3543, 0.4429 1.3898 0.1772, 0.3445 1.3898 0.1772, 0.4429 1.3898 0.3937, 0.3445 1.3898 0.3937, 0.6397 1.3898 1.0, 0.5413 1.3898 1.0, 0.6397 1.3898 1.3543, 0.5413 1.3898 1.3543, 0.6397 1.3898 0.1772, 0.5413 1.3898 0.1772, 0.6397 1.3898 0.3937, 0.5413 1.3898 0.3937, 0.8366 1.3898 1.0, 0.7382 1.3898 1.0, 0.8366 1.3898 1.3543, 0.7382 1.3898 1.3543, 0.8366 1.3898 0.1772, 0.7382 1.3898 0.1772, 0.8366 1.3898 0.3937, 0.7382 1.3898 0.3937, 1.0334 1.3898 1.0, 0.935 1.3898 1.0, 1.0334 1.3898 1.3543, 0.935 1.3898 1.3543, 1.0334 1.3898 0.1772, 0.935 1.3898 0.1772, 1.0334 1.3898 0.3937, 0.935 1.3898 0.3937, 1.2303 1.3898 1.0, 1.1319 1.3898 1.0, 1.2303 1.3898 1.3543, 1.1319 1.3898 1.3543, 1.2303 1.3898 0.1772, 1.1319 1.3898 0.1772, 1.2303 1.3898 0.3937, 1.1319 1.3898 0.3937, 1.4271 1.3898 1.0, 1.3287 1.3898 1.0, 1.4271 1.3898 1.3543, 1.3287 1.3898 1.3543, 1.4271 1.3898 0.1772, 1.3287 1.3898 0.1772, 1.4271 1.3898 0.3937, 1.3287 1.3898 0.3937, 1.624 1.3898 1.0, 1.5256 1.3898 1.0, 1.624 1.3898 1.3543, 1.5256 1.3898 1.3543, 1.624 1.3898 0.1772, 1.5256 1.3898 0.1772, 1.624 1.3898 0.3937, 1.5256 1.3898 0.3937, 1.8208 1.3898 1.0, 1.7224 1.3898 1.0, 1.8208 1.3898 1.3543, 1.7224 1.3898 1.3543, 1.8208 1.3898 0.1772, 1.7224 1.3898 0.1772, 1.8208 1.3898 0.3937, 1.7224 1.3898 0.3937, 2.0177 1.3898 1.0, 1.9193 1.3898 1.0, 2.0177 1.3898 1.3543, 1.9193 1.3898 1.3543, 2.0177 1.3898 0.1772, 1.9193 1.3898 0.1772, 2.0177 1.3898 0.3937, 1.9193 1.3898 0.3937, 2.2145 1.3898 1.0, 2.1161 1.3898 1.0, 2.2145 1.3898 1.3543, 2.1161 1.3898 1.3543, 2.2145 1.3898 0.1772, 2.1161 1.3898 0.1772, 2.2145 1.3898 0.3937, 2.1161 1.3898 0.3937, 2.4114 1.3898 1.0, 2.313 1.3898 1.0, 2.4114 1.3898 1.3543, 2.313 1.3898 1.3543, 2.4114 1.3898 0.1772, 2.313 1.3898 0.1772, 2.4114 1.3898 0.3937, 2.313 1.3898 0.3937, 2.6082 1.3898 1.0, 2.5098 1.3898 1.0, 2.6082 1.3898 1.3543, 2.5098 1.3898 1.3543, 2.6082 1.3898 0.1772, 2.5098 1.3898 0.1772, 2.6082 1.3898 0.3937, 2.5098 1.3898 0.3937, 2.8051 1.3898 1.0, 2.7067 1.3898 1.0, 2.8051 1.3898 1.3543, 2.7067 1.3898 1.3543, 2.8051 1.3898 0.1772, 2.7067 1.3898 0.1772, 2.8051 1.3898 0.3937, 2.7067 1.3898 0.3937, 3.0019 1.3898 1.0, 2.9035 1.3898 1.0, 3.0019 1.3898 1.3543, 2.9035 1.3898 1.3543, 3.0019 1.3898 0.1772, 2.9035 1.3898 0.1772, 3.0019 1.3898 0.3937, 2.9035 1.3898 0.3937, 3.1988 1.3898 1.0, 3.1004 1.3898 1.0, 3.1988 1.3898 1.3543, 3.1004 1.3898 1.3543, 3.1988 1.3898 0.1772, 3.1004 1.3898 0.1772, 3.1988 1.3898 0.3937, 3.1004 1.3898 0.3937, 3.3956 1.3898 1.0, 3.2972 1.3898 1.0, 3.3956 1.3898 1.3543, 3.2972 1.3898 1.3543, 3.3956 1.3898 0.1772, 3.2972 1.3898 0.1772, 3.3956 1.3898 0.3937, 3.2972 1.3898 0.3937, 3.5925 1.3898 1.0, 3.4941 1.3898 1.0, 3.5925 1.3898 1.3543, 3.4941 1.3898 1.3543, 3.5925 1.3898 0.1772, 3.4941 1.3898 0.1772, 3.5925 1.3898 0.3937, 3.4941 1.3898 0.3937, -3.8189 1.3898 0.1772, 3.9862 1.3898 0.7283, 3.8189 1.3898 0.1772, 4.1634 1.3898 0.7283, 3.6909 1.3898 0.1772, 3.6909 1.3898 0.3937, 3.8189 1.3898 0.3937, 3.8189 1.3898 1.0, -4.1634 1.3898 0.7283, -3.8189 1.3898 1.7126, -3.5433 1.3898 1.8898, -3.3465 1.3898 1.8898, -3.691 1.3898 1.3543, -3.691 1.3898 1.0, -3.8189 1.3898 1.3543, -3.8189 1.3898 1.0, -4.311 1.3898 1.8898, -3.9912 1.3898 1.8898, -3.8189 1.3898 0.3937, -3.691 1.3898 0.3937, -3.691 1.3898 0.1772, -3.1496 1.3898 1.8898, -2.9528 1.3898 1.8898, -2.7559 1.3898 1.8898, -3.9862 1.3898 0.7283, -2.5591 1.3898 1.8898, -2.1654 1.3898 1.8898, -1.9685 1.3898 1.8898, -1.7717 1.3898 1.8898, -1.5748 1.3898 1.8898, -0.9843 1.3898 1.8898, -0.3937 1.3898 1.8898, -0.1969 1.3898 1.8898, 3.8189 1.3898 1.7126, -0.0 1.3898 1.8898, 0.3937 1.3898 1.8898, 0.5905 1.3898 1.8898, 0.7874 1.3898 1.8898, 0.9842 1.3898 1.8898, 1.1811 1.3898 1.8898, 1.3779 1.3898 1.8898, 1.5748 1.3898 1.8898, 1.9685 1.3898 1.8898, 2.1653 1.3898 1.8898, 2.3622 1.3898 1.8898, 2.559 1.3898 1.8898, 2.7559 1.3898 1.8898, 2.9527 1.3898 1.8898, 3.1496 1.3898 1.8898, 3.6909 1.3898 1.0, 3.6909 1.3898 1.3543, 3.8189 1.3898 1.3543, 3.3464 1.3898 1.8898, -3.4941 1.3898 1.0, -3.5925 1.3898 1.0, -3.4941 1.3898 1.3543, -3.5925 1.3898 1.3543, -3.4154 -0.5926 1.5984, -3.2776 -0.5926 1.5984, -3.2776 -0.6244 1.6022, -3.0217 -0.5926 1.5984, -2.8839 -0.5926 1.5984, -2.8839 -0.6244 1.6022, -2.628 -0.5926 1.5984, -2.4902 -0.5926 1.5984, -2.4902 -0.6244 1.6022, -2.2343 -0.5926 1.5984, -2.0965 -0.5926 1.5984, -2.0965 -0.6244 1.6022, -1.8406 -0.5926 1.5984, -1.7028 -0.5926 1.5984, -1.7028 -0.6244 1.6022, -1.4469 -0.5926 1.5984, -1.25 -0.5926 1.5984, -1.25 -0.6244 1.6022, -3.7795 -0.6545 1.6131, -1.25 -0.6545 1.6131, -1.25 -0.6813 1.6308, -1.25 -0.6848 1.6339, -1.2491 -0.7032 1.6541, -3.7795 -0.7032 1.6541, -3.7795 -0.5926 1.5984, -3.6713 -0.5926 1.5984, -3.6713 -0.6244 1.6022, -3.6122 -0.5926 1.5984, -3.4744 -0.5926 1.5984, -3.4744 -0.6244 1.6022, -3.6713 -0.6496 1.6108, -3.6122 -0.6496 1.6108, -3.0807 -0.6496 1.6108, -3.0217 -0.6496 1.6108, -2.687 -0.6496 1.6108, -2.628 -0.6496 1.6108, -2.2933 -0.6496 1.6108, -2.2343 -0.6496 1.6108, -1.8996 -0.6496 1.6108, -1.8406 -0.6496 1.6108, -3.4154 -0.6496 1.6108, -3.4744 -0.6496 1.6108, -3.6122 -0.6244 1.6022, -3.7795 -0.6244 1.6022, -3.7795 -0.7192 1.6819, -1.2474 -0.7121 1.6676, -1.2446 -0.7192 1.6819, -3.7795 -0.7283 1.7126, -1.2406 -0.7247 1.6971, -1.2352 -0.7283 1.7126, -3.7795 -0.6813 1.6308, -1.5059 -0.6496 1.6108, -1.4469 -0.6496 1.6108, -1.4469 -0.6244 1.6022, -1.6437 -0.6496 1.6108, -1.6437 -0.6244 1.6022, -1.5059 -0.6244 1.6022, -1.6437 -0.5926 1.5984, -1.5059 -0.5926 1.5984, -1.7028 -0.6496 1.6108, -1.8406 -0.6244 1.6022, -2.0374 -0.6496 1.6108, -2.0374 -0.6244 1.6022, -1.8996 -0.6244 1.6022, -2.0374 -0.5926 1.5984, -1.8996 -0.5926 1.5984, -2.0965 -0.6496 1.6108, -2.2343 -0.6244 1.6022, -2.4311 -0.6496 1.6108, -2.4311 -0.6244 1.6022, -2.2933 -0.6244 1.6022, -2.4311 -0.5926 1.5984, -2.2933 -0.5926 1.5984, -2.4902 -0.6496 1.6108, -2.628 -0.6244 1.6022, -2.8248 -0.6496 1.6108, -2.8248 -0.6244 1.6022, -2.687 -0.6244 1.6022, -2.8248 -0.5926 1.5984, -2.687 -0.5926 1.5984, -2.8839 -0.6496 1.6108, -3.0217 -0.6244 1.6022, -3.2185 -0.6496 1.6108, -3.2185 -0.6244 1.6022, -3.0807 -0.6244 1.6022, -3.2185 -0.5926 1.5984, -3.0807 -0.5926 1.5984, -3.2776 -0.6496 1.6108, -3.4154 -0.6244 1.6022, -3.2776 0.1772 1.5984, -3.4154 0.1772 1.5984, -3.0807 0.1772 1.5984, -3.2185 0.1772 1.5984, -2.8839 0.1772 1.5984, -3.0217 0.1772 1.5984, -2.687 0.1772 1.5984, -2.8248 0.1772 1.5984, -2.4902 0.1772 1.5984, -2.628 0.1772 1.5984, -2.2933 0.1772 1.5984, -2.4311 0.1772 1.5984, -2.0965 0.1772 1.5984, -2.2343 0.1772 1.5984, -1.8996 0.1772 1.5984, -2.0374 0.1772 1.5984, -1.7028 0.1772 1.5984, -1.8406 0.1772 1.5984, -1.5059 0.1772 1.5984, -1.6437 0.1772 1.5984, -1.25 0.1772 1.5984, -1.4469 0.1772 1.5984, -3.2776 0.1772 1.4094, -3.4154 0.1772 1.4094, -3.0807 0.1772 1.4094, -3.2185 0.1772 1.4094, -2.8839 0.1772 1.4094, -3.0217 0.1772 1.4094, -2.687 0.1772 1.4094, -2.8248 0.1772 1.4094, -2.4902 0.1772 1.4094, -2.628 0.1772 1.4094, -2.2933 0.1772 1.4094, -2.4311 0.1772 1.4094, -2.0965 0.1772 1.4094, -2.2343 0.1772 1.4094, -1.8996 0.1772 1.4094, -2.0374 0.1772 1.4094, -1.7028 0.1772 1.4094, -1.8406 0.1772 1.4094, -1.5059 0.1772 1.4094, -1.6437 0.1772 1.4094, -1.25 0.1772 1.4094, -1.4469 0.1772 1.4094, 3.7795 -0.3346 1.8898, 3.3464 -0.689 1.8898, 3.7795 -0.689 1.8898, 3.4744 -0.6496 1.8898, 3.4153 -0.6496 1.8898, 3.4153 0.5118 1.8898, 3.4744 0.5118 1.8898, 3.6122 -0.6496 1.8898, 3.6122 0.5118 1.8898, 3.6712 -0.6496 1.8898, 3.6712 0.5118 1.8898, -3.7795 -0.689 1.8898, -3.7795 -0.7283 1.8898, -3.5433 -0.7283 1.8898, -3.6122 0.5118 1.8898, -3.6122 -0.6496 1.8898, -3.5433 -0.689 1.8898, -3.6713 -0.6496 1.8898, -3.7795 -0.3346 1.8898, -3.6713 0.5118 1.8898, -3.9912 -0.3346 1.8898, -4.311 -0.3346 1.8898, 3.2185 0.5118 1.8898, 3.1496 -0.689 1.8898, 3.2775 0.5118 1.8898, 3.2775 -0.6496 1.8898, 3.2185 -0.6496 1.8898, 3.0216 0.5118 1.8898, 2.9527 -0.689 1.8898, 3.0807 0.5118 1.8898, 3.0807 -0.6496 1.8898, 3.0216 -0.6496 1.8898, 2.8248 0.5118 1.8898, 2.7559 -0.689 1.8898, 2.8838 0.5118 1.8898, 2.8838 -0.6496 1.8898, 2.8248 -0.6496 1.8898, 2.6279 0.5118 1.8898, 2.559 -0.689 1.8898, 2.687 0.5118 1.8898, 2.687 -0.6496 1.8898, 2.6279 -0.6496 1.8898, 2.4311 0.5118 1.8898, 2.3622 -0.689 1.8898, 2.4901 0.5118 1.8898, 2.4901 -0.6496 1.8898, 2.4311 -0.6496 1.8898, 2.2342 0.5118 1.8898, 2.1653 -0.689 1.8898, 2.2933 0.5118 1.8898, 2.2933 -0.6496 1.8898, 2.2342 -0.6496 1.8898, 2.0374 0.5118 1.8898, 1.9685 -0.689 1.8898, 2.0964 0.5118 1.8898, 2.0964 -0.6496 1.8898, 2.0374 -0.6496 1.8898, 1.8405 0.5118 1.8898, 1.8996 0.5118 1.8898, 1.8996 -0.6496 1.8898, 1.8405 -0.6496 1.8898, 1.7027 -0.6496 1.8898, 1.6437 -0.6496 1.8898, 1.5748 -0.689 1.8898, 1.6437 0.5118 1.8898, 1.7027 0.5118 1.8898, 1.4468 0.5118 1.8898, 1.3779 -0.689 1.8898, 1.5059 0.5118 1.8898, 1.5059 -0.6496 1.8898, 1.4468 -0.6496 1.8898, 1.25 0.5118 1.8898, 1.1811 -0.689 1.8898, 1.309 0.5118 1.8898, 1.309 -0.6496 1.8898, 1.25 -0.6496 1.8898, 1.0531 0.5118 1.8898, 0.9842 -0.689 1.8898, 1.1122 0.5118 1.8898, 1.1122 -0.6496 1.8898, 1.0531 -0.6496 1.8898, 0.8563 0.5118 1.8898, 0.7874 -0.689 1.8898, 0.9153 0.5118 1.8898, 0.9153 -0.6496 1.8898, 0.8563 -0.6496 1.8898, 0.6594 0.5118 1.8898, 0.5905 -0.689 1.8898, 0.7185 0.5118 1.8898, 0.7185 -0.6496 1.8898, 0.6594 -0.6496 1.8898, 0.4626 0.5118 1.8898, 0.3937 -0.689 1.8898, 0.5216 0.5118 1.8898, 0.5216 -0.6496 1.8898, 0.4626 -0.6496 1.8898, 0.2657 0.5118 1.8898, 0.3248 0.5118 1.8898, 0.3248 -0.6496 1.8898, 0.2657 -0.6496 1.8898, 0.1279 -0.6496 1.8898, 0.0689 -0.6496 1.8898, -0.0 -0.689 1.8898, 0.0689 0.5118 1.8898, 0.1279 0.5118 1.8898, -0.128 0.5118 1.8898, -0.1969 -0.689 1.8898, -0.0689 0.5118 1.8898, -0.0689 -0.6496 1.8898, -0.128 -0.6496 1.8898, -0.3248 0.5118 1.8898, -0.3937 -0.689 1.8898, -0.2658 0.5118 1.8898, -0.2658 -0.6496 1.8898, -0.3248 -0.6496 1.8898, -0.4626 -0.6496 1.8898, -0.5217 -0.6496 1.8898, -0.4626 0.5118 1.8898, -0.5217 0.5118 1.8898, -0.9843 -0.689 1.8898, -1.5059 0.5118 1.8898, -1.5748 -0.689 1.8898, -1.4469 0.5118 1.8898, -1.4469 -0.6496 1.8898, -1.5059 -0.6496 1.8898, -1.7028 0.5118 1.8898, -1.7717 -0.689 1.8898, -1.6437 0.5118 1.8898, -1.6437 -0.6496 1.8898, -1.7028 -0.6496 1.8898, -1.8996 0.5118 1.8898, -1.9685 -0.689 1.8898, -1.8406 0.5118 1.8898, -1.8406 -0.6496 1.8898, -1.8996 -0.6496 1.8898, -2.0965 0.5118 1.8898, -2.1654 -0.689 1.8898, -2.0374 0.5118 1.8898, -2.0374 -0.6496 1.8898, -2.0965 -0.6496 1.8898, -2.2933 0.5118 1.8898, -2.2343 0.5118 1.8898, -2.2343 -0.6496 1.8898, -2.2933 -0.6496 1.8898, -2.4311 -0.6496 1.8898, -2.4902 -0.6496 1.8898, -2.5591 -0.689 1.8898, -2.4902 0.5118 1.8898, -2.4311 0.5118 1.8898, -2.687 0.5118 1.8898, -2.7559 -0.689 1.8898, -2.628 0.5118 1.8898, -2.628 -0.6496 1.8898, -2.687 -0.6496 1.8898, -2.8839 0.5118 1.8898, -2.9528 -0.689 1.8898, -2.8248 0.5118 1.8898, -2.8248 -0.6496 1.8898, -2.8839 -0.6496 1.8898, -3.0807 0.5118 1.8898, -3.1496 -0.689 1.8898, -3.0217 0.5118 1.8898, -3.0217 -0.6496 1.8898, -3.0807 -0.6496 1.8898, -3.2776 0.5118 1.8898, -3.3465 -0.689 1.8898, -3.2185 0.5118 1.8898, -3.2185 -0.6496 1.8898, -3.2776 -0.6496 1.8898, -3.4744 0.5118 1.8898, -3.4154 0.5118 1.8898, -3.4154 -0.6496 1.8898, -3.4744 -0.6496 1.8898, -3.3465 -0.7283 1.8898, -3.1496 -0.7283 1.8898, -2.9528 -0.7283 1.8898, -2.7559 -0.7283 1.8898, -2.5591 -0.7283 1.8898, -2.1654 -0.7283 1.8898, -1.9685 -0.7283 1.8898, -1.7717 -0.7283 1.8898, -1.5748 -0.7283 1.8898, -0.9843 -0.7283 1.8898, -0.3937 -0.7283 1.8898, -0.1969 -0.7283 1.8898, -0.0 -0.7283 1.8898, 0.3937 -0.7283 1.8898, 0.5905 -0.7283 1.8898, 0.7874 -0.7283 1.8898, 0.9842 -0.7283 1.8898, 1.1811 -0.7283 1.8898, 1.3779 -0.7283 1.8898, 1.5748 -0.7283 1.8898, 1.9685 -0.7283 1.8898, 2.1653 -0.7283 1.8898, 2.3622 -0.7283 1.8898, 2.559 -0.7283 1.8898, 2.7559 -0.7283 1.8898, 2.9527 -0.7283 1.8898, 3.1496 -0.7283 1.8898, 3.3464 -0.7283 1.8898, 3.7795 -0.7283 1.8898, -3.2776 1.2126 0.1772, -3.4154 1.2126 0.1772, -3.2776 1.3701 0.1772, -3.4154 1.3701 0.1772, -3.0807 1.2126 0.1772, -3.2185 1.2126 0.1772, -3.0807 1.3701 0.1772, -3.2185 1.3701 0.1772, -2.8839 1.2126 0.1772, -3.0217 1.2126 0.1772, -2.8839 1.3701 0.1772, -3.0217 1.3701 0.1772, -2.687 1.2126 0.1772, -2.8248 1.2126 0.1772, -2.687 1.3701 0.1772, -2.8248 1.3701 0.1772, -2.628 1.3701 0.1772, -2.4902 1.3701 0.1772, -2.628 1.2126 0.1772, -2.4902 1.2126 0.1772, -2.4311 1.3701 0.1772, -2.2933 1.3701 0.1772, -2.4311 1.2126 0.1772, -2.2933 1.2126 0.1772, -2.2343 1.3701 0.1772, -2.0965 1.3701 0.1772, -2.2343 1.2126 0.1772, -2.0965 1.2126 0.1772, -1.8996 1.2126 0.1772, -2.0374 1.2126 0.1772, -1.8996 1.3701 0.1772, -2.0374 1.3701 0.1772, -1.7028 1.2126 0.1772, -1.8406 1.2126 0.1772, -1.7028 1.3701 0.1772, -1.8406 1.3701 0.1772, -1.6437 1.3701 0.1772, -1.5059 1.3701 0.1772, -1.6437 1.2126 0.1772, -1.5059 1.2126 0.1772, -1.4469 1.3701 0.1772, -0.5217 1.3701 0.1772, -1.4469 1.2126 0.1772, -0.5217 1.2126 0.1772, -0.3248 1.3701 0.1772, -0.3248 1.2126 0.1772, -0.4626 1.2126 0.1772, -0.4626 1.3701 0.1772, -0.128 1.3701 0.1772, -0.128 1.2126 0.1772, -0.2658 1.3701 0.1772, -0.2658 1.2126 0.1772, 0.0689 1.3701 0.1772, 0.0689 1.2126 0.1772, -0.0689 1.2126 0.1772, -0.0689 1.3701 0.1772, 0.2657 1.3701 0.1772, 0.2657 1.2126 0.1772, 0.1279 1.2126 0.1772, 0.1279 1.3701 0.1772, 0.4626 1.3701 0.1772, 0.4626 1.2126 0.1772, 0.3248 1.3701 0.1772, 0.3248 1.2126 0.1772, 0.6594 1.3701 0.1772, 0.6594 1.2126 0.1772, 0.5216 1.2126 0.1772, 0.5216 1.3701 0.1772, 0.8563 1.3701 0.1772, 0.8563 1.2126 0.1772, 0.7185 1.3701 0.1772, 0.7185 1.2126 0.1772, 1.0531 1.3701 0.1772, 1.0531 1.2126 0.1772, 0.9153 1.2126 0.1772, 0.9153 1.3701 0.1772, 1.25 1.3701 0.1772, 1.25 1.2126 0.1772, 1.1122 1.2126 0.1772, 1.1122 1.3701 0.1772, 1.4468 1.3701 0.1772, 1.4468 1.2126 0.1772, 1.309 1.2126 0.1772, 1.309 1.3701 0.1772, 1.6437 1.2126 0.1772, 1.5059 1.2126 0.1772, 1.6437 1.3701 0.1772, 1.5059 1.3701 0.1772, 1.7027 1.3701 0.1772, 1.8405 1.3701 0.1772, 1.7027 1.2126 0.1772, 1.8405 1.2126 0.1772, 1.8996 1.3701 0.1772, 2.0374 1.3701 0.1772, 1.8996 1.2126 0.1772, 2.0374 1.2126 0.1772, 2.0964 1.3701 0.1772, 2.2342 1.3701 0.1772, 2.0964 1.2126 0.1772, 2.2342 1.2126 0.1772, 2.4311 1.3701 0.1772, 2.4311 1.2126 0.1772, 2.2933 1.2126 0.1772, 2.2933 1.3701 0.1772, 2.6279 1.3701 0.1772, 2.6279 1.2126 0.1772, 2.4901 1.2126 0.1772, 2.4901 1.3701 0.1772, 2.8248 1.3701 0.1772, 2.8248 1.2126 0.1772, 2.687 1.2126 0.1772, 2.687 1.3701 0.1772, 3.0216 1.3701 0.1772, 3.0216 1.2126 0.1772, 2.8838 1.2126 0.1772, 2.8838 1.3701 0.1772, 3.2185 1.3701 0.1772, 3.2185 1.2126 0.1772, 3.0807 1.2126 0.1772, 3.0807 1.3701 0.1772, 3.4153 1.3701 0.1772, 3.4153 1.2126 0.1772, 3.2775 1.2126 0.1772, 3.2775 1.3701 0.1772, 3.4744 1.3701 0.1772, 3.6122 1.3701 0.1772, 3.4744 1.2126 0.1772, 3.6122 1.2126 0.1772, 3.6712 1.3701 0.1772, 3.8189 1.2126 0.1772, 3.6712 1.2126 0.1772, -3.2776 1.3701 1.3543, -3.4154 1.3701 1.3543, -3.2776 1.2126 1.3543, -3.4154 1.2126 1.3543, -3.0807 1.3701 1.3543, -3.2185 1.3701 1.3543, -3.0807 1.2126 1.3543, -3.2185 1.2126 1.3543, -2.8839 1.3701 1.3543, -3.0217 1.3701 1.3543, -2.8839 1.2126 1.3543, -3.0217 1.2126 1.3543, -2.687 1.3701 1.3543, -2.8248 1.3701 1.3543, -2.687 1.2126 1.3543, -2.8248 1.2126 1.3543, -2.4902 1.3701 1.3543, -2.628 1.3701 1.3543, -2.4902 1.2126 1.3543, -2.628 1.2126 1.3543, -2.2933 1.3701 1.3543, -2.4311 1.3701 1.3543, -2.2933 1.2126 1.3543, -2.4311 1.2126 1.3543, -2.2343 1.2126 1.3543, -2.0965 1.2126 1.3543, -2.2343 1.3701 1.3543, -2.0965 1.3701 1.3543, -1.8996 1.3701 1.3543, -2.0374 1.3701 1.3543, -1.8996 1.2126 1.3543, -2.0374 1.2126 1.3543, -1.7028 1.3701 1.3543, -1.8406 1.3701 1.3543, -1.7028 1.2126 1.3543, -1.8406 1.2126 1.3543, -1.5059 1.3701 1.3543, -1.6437 1.3701 1.3543, -1.5059 1.2126 1.3543, -1.6437 1.2126 1.3543, -1.4469 1.2126 1.3543, -0.5217 1.2126 1.3543, -0.5217 1.3701 1.3543, -1.4469 1.3701 1.3543, -0.4626 1.3701 1.3543, -0.4626 1.2126 1.3543, -0.3248 1.3701 1.3543, -0.3248 1.2126 1.3543, -0.128 1.3701 1.3543, -0.2658 1.3701 1.3543, -0.128 1.2126 1.3543, -0.2658 1.2126 1.3543, -0.0689 1.3701 1.3543, -0.0689 1.2126 1.3543, 0.0689 1.3701 1.3543, 0.0689 1.2126 1.3543, 0.1279 1.3701 1.3543, 0.1279 1.2126 1.3543, 0.2657 1.3701 1.3543, 0.2657 1.2126 1.3543, 0.4626 1.3701 1.3543, 0.3248 1.3701 1.3543, 0.4626 1.2126 1.3543, 0.3248 1.2126 1.3543, 0.5216 1.3701 1.3543, 0.5216 1.2126 1.3543, 0.6594 1.3701 1.3543, 0.6594 1.2126 1.3543, 0.8563 1.3701 1.3543, 0.7185 1.3701 1.3543, 0.8563 1.2126 1.3543, 0.7185 1.2126 1.3543, 1.0531 1.3701 1.3543, 0.9153 1.3701 1.3543, 1.0531 1.2126 1.3543, 0.9153 1.2126 1.3543, 1.25 1.3701 1.3543, 1.1122 1.3701 1.3543, 1.25 1.2126 1.3543, 1.1122 1.2126 1.3543, 1.4468 1.3701 1.3543, 1.309 1.3701 1.3543, 1.4468 1.2126 1.3543, 1.309 1.2126 1.3543, 1.6437 1.3701 1.3543, 1.5059 1.3701 1.3543, 1.6437 1.2126 1.3543, 1.5059 1.2126 1.3543, 1.7027 1.2126 1.3543, 1.8405 1.2126 1.3543, 1.7027 1.3701 1.3543, 1.8405 1.3701 1.3543, 1.8996 1.2126 1.3543, 2.0374 1.2126 1.3543, 1.8996 1.3701 1.3543, 2.0374 1.3701 1.3543, 2.0964 1.2126 1.3543, 2.2342 1.2126 1.3543, 2.0964 1.3701 1.3543, 2.2342 1.3701 1.3543, 2.4311 1.3701 1.3543, 2.2933 1.3701 1.3543, 2.4311 1.2126 1.3543, 2.2933 1.2126 1.3543, 2.4901 1.3701 1.3543, 2.4901 1.2126 1.3543, 2.6279 1.2126 1.3543, 2.6279 1.3701 1.3543, 2.687 1.3701 1.3543, 2.687 1.2126 1.3543, 2.8248 1.2126 1.3543, 2.8248 1.3701 1.3543, 2.8838 1.3701 1.3543, 2.8838 1.2126 1.3543, 3.0216 1.2126 1.3543, 3.0216 1.3701 1.3543, 3.0807 1.3701 1.3543, 3.0807 1.2126 1.3543, 3.2185 1.2126 1.3543, 3.2185 1.3701 1.3543, 3.2775 1.3701 1.3543, 3.2775 1.2126 1.3543, 3.4153 1.2126 1.3543, 3.4153 1.3701 1.3543, 3.4744 1.3701 1.3543, 3.4744 1.2126 1.3543, 3.6122 1.2126 1.3543, 3.6122 1.3701 1.3543, 3.8189 1.2126 1.3543, 3.6712 1.3701 1.3543, 3.6712 1.2126 1.3543, -3.2776 1.2126 1.7126, -3.4154 1.2126 1.7126, -3.0807 1.2126 1.7126, -3.2185 1.2126 1.7126, -2.8839 1.2126 1.7126, -3.0217 1.2126 1.7126, -2.687 1.2126 1.7126, -2.8248 1.2126 1.7126, -2.4902 1.2126 1.7126, -2.628 1.2126 1.7126, -2.2933 1.2126 1.7126, -2.4311 1.2126 1.7126, -2.0965 1.2126 1.7126, -2.2343 1.2126 1.7126, -1.8996 1.2126 1.7126, -2.0374 1.2126 1.7126, -1.7028 1.2126 1.7126, -1.8406 1.2126 1.7126, -1.5059 1.2126 1.7126, -1.6437 1.2126 1.7126, -0.5217 1.2126 1.7126, -1.4469 1.2126 1.7126, -0.3248 1.2126 1.7126, -0.4626 1.2126 1.7126, -0.128 1.2126 1.7126, -0.2658 1.2126 1.7126, 0.0689 1.2126 1.7126, -0.0689 1.2126 1.7126, 0.2657 1.2126 1.7126, 0.1279 1.2126 1.7126, 0.4626 1.2126 1.7126, 0.3248 1.2126 1.7126, 0.6594 1.2126 1.7126, 0.5216 1.2126 1.7126, 0.8563 1.2126 1.7126, 0.7185 1.2126 1.7126, 1.0531 1.2126 1.7126, 0.9153 1.2126 1.7126, 1.25 1.2126 1.7126, 1.1122 1.2126 1.7126, 1.4468 1.2126 1.7126, 1.309 1.2126 1.7126, 1.6437 1.2126 1.7126, 1.5059 1.2126 1.7126, 1.8405 1.2126 1.7126, 1.7027 1.2126 1.7126, 2.0374 1.2126 1.7126, 1.8996 1.2126 1.7126, 2.2342 1.2126 1.7126, 2.0964 1.2126 1.7126, 2.4311 1.2126 1.7126, 2.2933 1.2126 1.7126, 2.6279 1.2126 1.7126, 2.4901 1.2126 1.7126, 2.8248 1.2126 1.7126, 2.687 1.2126 1.7126, 3.0216 1.2126 1.7126, 2.8838 1.2126 1.7126, 3.2185 1.2126 1.7126, 3.0807 1.2126 1.7126, 3.4153 1.2126 1.7126, 3.2775 1.2126 1.7126, 3.6122 1.2126 1.7126, 3.4744 1.2126 1.7126, 3.8189 1.2126 1.7126, 3.6712 1.2126 1.7126, 3.6712 1.3701 1.0, 2.6279 1.2126 1.0, 2.6338 1.2126 1.0, 3.8189 -0.3031 1.0, 2.4311 1.2126 1.0, 2.437 1.2126 1.0, 2.6279 1.3701 1.0, 2.8248 1.2126 1.0, 2.8307 1.2126 1.0, -3.6713 1.3701 1.0, -3.6713 1.2126 1.0, -3.8189 -0.3031 1.0, -3.6654 1.2126 1.0, -3.6181 1.2126 1.0, -3.6122 1.2126 1.0, 2.4311 1.3701 1.0, 2.2933 1.3701 1.0, 2.4901 1.3701 1.0, 2.8248 1.3701 1.0, 2.687 1.3701 1.0, 3.0216 1.2126 1.0, 3.0275 1.2126 1.0, 3.0216 1.3701 1.0, 2.8838 1.3701 1.0, 3.2185 1.2126 1.0, 3.2244 1.2126 1.0, -3.2185 1.3701 1.0, -3.0807 1.3701 1.0, -3.0807 1.2126 1.0, -3.0748 1.2126 1.0, 3.2185 1.3701 1.0, 3.0807 1.3701 1.0, 3.4153 1.2126 1.0, 3.4212 1.2126 1.0, -3.6122 1.3701 1.0, -3.4744 1.3701 1.0, -3.4744 1.2126 1.0, -3.4685 1.2126 1.0, -3.4154 1.3701 1.0, -3.2776 1.3701 1.0, -3.2776 1.2126 1.0, -3.2717 1.2126 1.0, -3.0217 1.3701 1.0, -2.8839 1.3701 1.0, -2.8839 1.2126 1.0, -2.878 1.2126 1.0, 3.4153 1.3701 1.0, 3.2775 1.3701 1.0, 3.6122 1.2126 1.0, 3.6181 1.2126 1.0, -2.8248 1.3701 1.0, -2.687 1.3701 1.0, -2.687 1.2126 1.0, -2.6811 1.2126 1.0, 3.6122 1.3701 1.0, 3.4744 1.3701 1.0, -2.628 1.3701 1.0, -2.4902 1.3701 1.0, -2.4902 1.2126 1.0, -2.4843 1.2126 1.0, -2.4311 1.3701 1.0, -2.2933 1.3701 1.0, -2.2933 1.2126 1.0, -2.2874 1.2126 1.0, -2.2343 1.3701 1.0, -2.0965 1.3701 1.0, -2.0965 1.2126 1.0, -2.0906 1.2126 1.0, -2.0374 1.3701 1.0, -1.8996 1.3701 1.0, -1.8996 1.2126 1.0, -1.8937 1.2126 1.0, -1.8406 1.3701 1.0, -1.7028 1.3701 1.0, -1.7028 1.2126 1.0, -1.6969 1.2126 1.0, -1.5 1.2126 1.0, -1.5059 1.2126 1.0, -1.5059 1.3701 1.0, -1.6437 1.3701 1.0, -0.3248 1.3701 1.0, -0.3248 1.2126 1.0, -1.4469 1.3701 1.0, -0.5217 1.2126 1.0, -0.5158 1.2126 1.0, -0.4626 1.3701 1.0, -0.5217 1.3701 1.0, -0.3189 1.2126 1.0, 0.0689 1.3701 1.0, 0.0689 1.2126 1.0, -0.2658 1.3701 1.0, -0.128 1.3701 1.0, -0.128 1.2126 1.0, -0.1221 1.2126 1.0, -0.0689 1.3701 1.0, 0.2657 1.3701 1.0, 0.2657 1.2126 1.0, 0.0748 1.2126 1.0, 0.1279 1.3701 1.0, 0.2716 1.2126 1.0, 0.6594 1.3701 1.0, 0.6594 1.2126 1.0, 0.3248 1.3701 1.0, 0.4626 1.3701 1.0, 0.4626 1.2126 1.0, 0.4685 1.2126 1.0, 0.5216 1.3701 1.0, 0.6653 1.2126 1.0, 0.7185 1.3701 1.0, 0.8563 1.3701 1.0, 0.8563 1.2126 1.0, 0.8622 1.2126 1.0, 0.9153 1.3701 1.0, 1.0531 1.3701 1.0, 1.0531 1.2126 1.0, 1.059 1.2126 1.0, 1.1122 1.3701 1.0, 1.25 1.3701 1.0, 1.25 1.2126 1.0, 1.2559 1.2126 1.0, 1.309 1.3701 1.0, 1.4468 1.3701 1.0, 1.4468 1.2126 1.0, 1.4527 1.2126 1.0, 1.5059 1.3701 1.0, 1.6437 1.3701 1.0, 1.6437 1.2126 1.0, 1.6496 1.2126 1.0, 1.7027 1.3701 1.0, 1.8405 1.3701 1.0, 1.8405 1.2126 1.0, 1.8464 1.2126 1.0, 1.8996 1.3701 1.0, 2.0374 1.3701 1.0, 2.0374 1.2126 1.0, 2.0433 1.2126 1.0, 2.0964 1.3701 1.0, 2.2342 1.3701 1.0, 2.2342 1.2126 1.0, 2.2401 1.2126 1.0, 3.4744 1.3701 0.3937, 3.4744 1.2126 0.3937, 3.0807 1.3701 0.3937, 3.0807 1.2126 0.3937, 3.6712 1.3701 0.3937, 3.6712 1.2126 0.3937, 3.8189 -0.3031 0.3937, 3.6122 1.2126 0.3937, 3.6122 1.3701 0.3937, 3.6653 1.2126 0.3937, 3.6181 1.2126 0.3937, 3.4685 1.2126 0.3937, 3.4153 1.3701 0.3937, 3.4153 1.2126 0.3937, 3.4212 1.2126 0.3937, 3.2775 1.2126 0.3937, 3.2775 1.3701 0.3937, 3.2185 1.2126 0.3937, 3.2185 1.3701 0.3937, 2.687 1.3701 0.3937, 2.687 1.2126 0.3937, 3.2716 1.2126 0.3937, 3.2244 1.2126 0.3937, 3.0748 1.2126 0.3937, 3.0216 1.3701 0.3937, 3.0216 1.2126 0.3937, 3.0275 1.2126 0.3937, 2.8838 1.2126 0.3937, 2.8838 1.3701 0.3937, 2.8248 1.2126 0.3937, 2.8248 1.3701 0.3937, 2.8779 1.2126 0.3937, 2.8307 1.2126 0.3937, 2.6811 1.2126 0.3937, 2.6279 1.3701 0.3937, 2.6279 1.2126 0.3937, 2.6338 1.2126 0.3937, 2.4901 1.2126 0.3937, 2.4901 1.3701 0.3937, 2.4842 1.2126 0.3937, 2.437 1.2126 0.3937, 2.4311 1.2126 0.3937, 2.4311 1.3701 0.3937, 2.2933 1.3701 0.3937, 2.2933 1.2126 0.3937, 2.2874 1.2126 0.3937, -3.8189 -0.3031 0.3937, 2.2401 1.2126 0.3937, 2.2342 1.2126 0.3937, -3.0807 1.3701 0.3937, -3.2185 1.3701 0.3937, -3.0807 1.2126 0.3937, 2.0433 1.2126 0.3937, 2.0374 1.2126 0.3937, 2.2342 1.3701 0.3937, 2.0964 1.3701 0.3937, 2.0964 1.2126 0.3937, 2.0905 1.2126 0.3937, 1.8464 1.2126 0.3937, 1.8405 1.2126 0.3937, -2.4902 1.3701 0.3937, -2.628 1.3701 0.3937, -2.4902 1.2126 0.3937, -3.4941 1.3898 0.3937, -3.5925 1.3898 0.3937, -3.4744 1.3701 0.3937, -3.6122 1.3701 0.3937, -3.4744 1.2126 0.3937, 2.0374 1.3701 0.3937, 1.8996 1.3701 0.3937, 1.8996 1.2126 0.3937, 1.8937 1.2126 0.3937, -3.6713 1.3701 0.3937, -3.6713 1.2126 0.3937, 1.8405 1.3701 0.3937, 1.7027 1.3701 0.3937, 1.7027 1.2126 0.3937, -2.628 1.2126 0.3937, -2.6339 1.2126 0.3937, -2.6811 1.2126 0.3937, -2.687 1.2126 0.3937, -3.6122 1.2126 0.3937, -3.6181 1.2126 0.3937, -3.6654 1.2126 0.3937, 1.6968 1.2126 0.3937, 1.6496 1.2126 0.3937, 1.6437 1.2126 0.3937, 1.4527 1.2126 0.3937, 1.4468 1.2126 0.3937, -2.878 1.2126 0.3937, -2.8839 1.2126 0.3937, 1.6437 1.3701 0.3937, 1.5059 1.3701 0.3937, 1.5059 1.2126 0.3937, 1.5 1.2126 0.3937, 1.4468 1.3701 0.3937, 1.309 1.3701 0.3937, 1.309 1.2126 0.3937, -2.687 1.3701 0.3937, -2.8248 1.3701 0.3937, -2.8248 1.2126 0.3937, -2.8307 1.2126 0.3937, 1.059 1.2126 0.3937, 1.0531 1.2126 0.3937, 0.8622 1.2126 0.3937, 0.8563 1.2126 0.3937, -2.8839 1.3701 0.3937, -3.0217 1.3701 0.3937, -3.0217 1.2126 0.3937, -3.0276 1.2126 0.3937, 1.3031 1.2126 0.3937, 1.2559 1.2126 0.3937, 1.25 1.2126 0.3937, 1.25 1.3701 0.3937, 1.1122 1.3701 0.3937, 1.1122 1.2126 0.3937, 1.1063 1.2126 0.3937, 1.0531 1.3701 0.3937, 0.9153 1.3701 0.3937, 0.9153 1.2126 0.3937, 0.9094 1.2126 0.3937, -3.0748 1.2126 0.3937, -3.2185 1.2126 0.3937, 0.6653 1.2126 0.3937, 0.6594 1.2126 0.3937, 0.8563 1.3701 0.3937, 0.7185 1.3701 0.3937, 0.7185 1.2126 0.3937, 0.7126 1.2126 0.3937, 0.5216 1.3701 0.3937, 0.5216 1.2126 0.3937, 0.6594 1.3701 0.3937, -3.2244 1.2126 0.3937, -3.2717 1.2126 0.3937, -3.2776 1.2126 0.3937, -3.4685 1.2126 0.3937, 0.4685 1.2126 0.3937, 0.4626 1.2126 0.3937, -3.2776 1.3701 0.3937, -3.4154 1.3701 0.3937, -3.4154 1.2126 0.3937, -3.4213 1.2126 0.3937, 0.5157 1.2126 0.3937, 0.2716 1.2126 0.3937, 0.2657 1.2126 0.3937, 0.4626 1.3701 0.3937, 0.3248 1.3701 0.3937, 0.3248 1.2126 0.3937, 0.3189 1.2126 0.3937, 0.1279 1.3701 0.3937, 0.1279 1.2126 0.3937, 0.2657 1.3701 0.3937, 0.122 1.2126 0.3937, -0.0689 1.3701 0.3937, -0.0689 1.2126 0.3937, 0.0748 1.2126 0.3937, 0.0689 1.2126 0.3937, 0.0689 1.3701 0.3937, -0.0748 1.2126 0.3937, -0.1221 1.2126 0.3937, -0.128 1.2126 0.3937, -0.3189 1.2126 0.3937, -0.3248 1.2126 0.3937, -0.4626 1.3701 0.3937, -0.4626 1.2126 0.3937, -0.3248 1.3701 0.3937, -0.128 1.3701 0.3937, -0.2658 1.3701 0.3937, -0.2658 1.2126 0.3937, -0.2717 1.2126 0.3937, -0.5158 1.2126 0.3937, -0.5217 1.2126 0.3937, -1.4469 1.2126 0.3937, -0.5217 1.3701 0.3937, -0.4685 1.2126 0.3937, -1.4469 1.3701 0.3937, -1.5 1.2126 0.3937, -1.5059 1.2126 0.3937, -1.4528 1.2126 0.3937, -1.6969 1.2126 0.3937, -1.7028 1.2126 0.3937, -1.5059 1.3701 0.3937, -1.6437 1.3701 0.3937, -1.6437 1.2126 0.3937, -1.6496 1.2126 0.3937, -1.7028 1.3701 0.3937, -1.8406 1.3701 0.3937, -1.8406 1.2126 0.3937, -1.8465 1.2126 0.3937, -1.8937 1.2126 0.3937, -1.8996 1.2126 0.3937, -2.0906 1.2126 0.3937, -2.0965 1.2126 0.3937, -1.8996 1.3701 0.3937, -2.0374 1.3701 0.3937, -2.0374 1.2126 0.3937, -2.0433 1.2126 0.3937, -2.0965 1.3701 0.3937, -2.2343 1.3701 0.3937, -2.2343 1.2126 0.3937, -2.2402 1.2126 0.3937, -2.2874 1.2126 0.3937, -2.2933 1.2126 0.3937, -2.4843 1.2126 0.3937, -2.2933 1.3701 0.3937, -2.4311 1.3701 0.3937, -2.4311 1.2126 0.3937, -2.437 1.2126 0.3937, -0.4626 -0.5926 1.5984, -0.3248 -0.5926 1.5984, -0.3248 -0.6244 1.6022, -0.0689 -0.5926 1.5984, 0.0689 -0.5926 1.5984, 0.0689 -0.6244 1.6022, 0.3248 -0.5926 1.5984, 0.4626 -0.5926 1.5984, 0.4626 -0.6244 1.6022, 0.7185 -0.5926 1.5984, 0.8563 -0.5926 1.5984, 0.8563 -0.6244 1.6022, 1.1122 -0.5926 1.5984, 1.25 -0.5926 1.5984, 1.25 -0.6244 1.6022, 1.5059 -0.5926 1.5984, 1.6437 -0.5926 1.5984, 1.6437 -0.6244 1.6022, 1.8996 -0.5926 1.5984, 2.0374 -0.5926 1.5984, 2.0374 -0.6244 1.6022, 2.2933 -0.5926 1.5984, 2.4311 -0.5926 1.5984, 2.4311 -0.6244 1.6022, 2.687 -0.5926 1.5984, 2.8248 -0.5926 1.5984, 2.8248 -0.6244 1.6022, 3.0807 -0.5926 1.5984, 3.2185 -0.5926 1.5984, 3.2185 -0.6244 1.6022, 3.4744 -0.5926 1.5984, 3.6122 -0.5926 1.5984, 3.6122 -0.6244 1.6022, -0.8169 -0.5926 1.5984, -0.5217 -0.5926 1.5984, -0.5217 -0.6244 1.6022, -0.8169 -0.6545 1.6131, -0.5217 -0.6496 1.6108, -0.4626 -0.6496 1.6108, -0.128 -0.6496 1.6108, -0.0689 -0.6496 1.6108, 0.2657 -0.6496 1.6108, 0.3248 -0.6496 1.6108, 0.6594 -0.6496 1.6108, 0.7185 -0.6496 1.6108, 1.0531 -0.6496 1.6108, 1.1122 -0.6496 1.6108, 1.4468 -0.6496 1.6108, 1.5059 -0.6496 1.6108, 3.7795 -0.6545 1.6131, 1.8405 -0.6496 1.6108, 1.8996 -0.6496 1.6108, 2.2342 -0.6496 1.6108, 2.2933 -0.6496 1.6108, 2.6279 -0.6496 1.6108, 2.687 -0.6496 1.6108, 3.0216 -0.6496 1.6108, 3.0807 -0.6496 1.6108, 3.4153 -0.6496 1.6108, 3.4744 -0.6496 1.6108, -0.8169 -0.6244 1.6022, 3.7795 -0.6813 1.6308, -0.8169 -0.6813 1.6308, -0.8169 -0.6848 1.6339, 3.7795 -0.7032 1.6541, -0.8179 -0.7032 1.6541, 3.7795 -0.7192 1.6819, 3.7795 -0.7283 1.7126, -0.8318 -0.7283 1.7126, -0.8264 -0.7247 1.6971, -0.8223 -0.7192 1.6819, -0.8196 -0.712 1.6675, 3.7795 -0.5926 1.5984, 3.7795 -0.6244 1.6022, 3.6712 -0.5926 1.5984, 3.6712 -0.6244 1.6022, 3.6712 -0.6496 1.6108, 3.6122 -0.6496 1.6108, 3.4744 -0.6244 1.6022, 3.2775 -0.6496 1.6108, 3.2775 -0.6244 1.6022, 3.4153 -0.6244 1.6022, 3.2775 -0.5926 1.5984, 3.4153 -0.5926 1.5984, 3.2185 -0.6496 1.6108, 3.0807 -0.6244 1.6022, 2.8838 -0.6496 1.6108, 2.8838 -0.6244 1.6022, 3.0216 -0.6244 1.6022, 2.8838 -0.5926 1.5984, 3.0216 -0.5926 1.5984, 2.8248 -0.6496 1.6108, 2.687 -0.6244 1.6022, 2.4901 -0.6496 1.6108, 2.4901 -0.6244 1.6022, 2.6279 -0.6244 1.6022, 2.4901 -0.5926 1.5984, 2.6279 -0.5926 1.5984, 2.4311 -0.6496 1.6108, 2.2933 -0.6244 1.6022, 2.0964 -0.6496 1.6108, 2.0964 -0.6244 1.6022, 2.2342 -0.6244 1.6022, 2.0964 -0.5926 1.5984, 2.2342 -0.5926 1.5984, 2.0374 -0.6496 1.6108, 1.8996 -0.6244 1.6022, 1.7027 -0.6496 1.6108, 1.7027 -0.6244 1.6022, 1.8405 -0.6244 1.6022, 1.7027 -0.5926 1.5984, 1.8405 -0.5926 1.5984, 1.6437 -0.6496 1.6108, 1.5059 -0.6244 1.6022, 1.309 -0.6496 1.6108, 1.309 -0.6244 1.6022, 1.4468 -0.6244 1.6022, 1.309 -0.5926 1.5984, 1.4468 -0.5926 1.5984, 1.25 -0.6496 1.6108, 1.1122 -0.6244 1.6022, 0.9153 -0.6496 1.6108, 0.9153 -0.6244 1.6022, 1.0531 -0.6244 1.6022, 0.9153 -0.5926 1.5984, 1.0531 -0.5926 1.5984, 0.8563 -0.6496 1.6108, 0.7185 -0.6244 1.6022, 0.5216 -0.6496 1.6108, 0.5216 -0.6244 1.6022, 0.6594 -0.6244 1.6022, 0.5216 -0.5926 1.5984, 0.6594 -0.5926 1.5984, 0.4626 -0.6496 1.6108, 0.3248 -0.6244 1.6022, 0.1279 -0.6496 1.6108, 0.1279 -0.6244 1.6022, 0.2657 -0.6244 1.6022, 0.1279 -0.5926 1.5984, 0.2657 -0.5926 1.5984, 0.0689 -0.6496 1.6108, -0.0689 -0.6244 1.6022, -0.2658 -0.6496 1.6108, -0.2658 -0.6244 1.6022, -0.128 -0.6244 1.6022, -0.2658 -0.5926 1.5984, -0.128 -0.5926 1.5984, -0.3248 -0.6496 1.6108, -0.4626 -0.6244 1.6022, -0.3248 0.1772 1.5984, -0.4626 0.1772 1.5984, -0.128 0.1772 1.5984, -0.2658 0.1772 1.5984, 0.0689 0.1772 1.5984, -0.0689 0.1772 1.5984, 0.2657 0.1772 1.5984, 0.1279 0.1772 1.5984, 0.4626 0.1772 1.5984, 0.3248 0.1772 1.5984, 0.6594 0.1772 1.5984, 0.5216 0.1772 1.5984, 0.8563 0.1772 1.5984, 0.7185 0.1772 1.5984, 1.0531 0.1772 1.5984, 0.9153 0.1772 1.5984, 1.25 0.1772 1.5984, 1.1122 0.1772 1.5984, 1.4468 0.1772 1.5984, 1.309 0.1772 1.5984, 1.6437 0.1772 1.5984, 1.5059 0.1772 1.5984, 1.8405 0.1772 1.5984, 1.7027 0.1772 1.5984, 2.0374 0.1772 1.5984, 1.8996 0.1772 1.5984, 2.2342 0.1772 1.5984, 2.0964 0.1772 1.5984, 2.4311 0.1772 1.5984, 2.2933 0.1772 1.5984, 2.6279 0.1772 1.5984, 2.4901 0.1772 1.5984, 2.8248 0.1772 1.5984, 2.687 0.1772 1.5984, 3.0216 0.1772 1.5984, 2.8838 0.1772 1.5984, 3.2185 0.1772 1.5984, 3.0807 0.1772 1.5984, 3.4153 0.1772 1.5984, 3.2775 0.1772 1.5984, 3.6122 0.1772 1.5984, 3.4744 0.1772 1.5984, 3.7795 -0.3346 1.5984, 3.6712 0.1772 1.5984, 3.9665 -0.3346 1.5984, 3.9665 0.1772 1.5984, -0.3248 0.1772 1.4094, -0.4626 0.1772 1.4094, -0.128 0.1772 1.4094, -0.2658 0.1772 1.4094, 0.0689 0.1772 1.4094, -0.0689 0.1772 1.4094, 0.2657 0.1772 1.4094, 0.1279 0.1772 1.4094, 0.4626 0.1772 1.4094, 0.3248 0.1772 1.4094, 0.6594 0.1772 1.4094, 0.5216 0.1772 1.4094, 0.8563 0.1772 1.4094, 0.7185 0.1772 1.4094, 1.0531 0.1772 1.4094, 0.9153 0.1772 1.4094, 1.25 0.1772 1.4094, 1.1122 0.1772 1.4094, 1.4468 0.1772 1.4094, 1.309 0.1772 1.4094, 1.6437 0.1772 1.4094, 1.5059 0.1772 1.4094, 1.8405 0.1772 1.4094, 1.7027 0.1772 1.4094, 2.0374 0.1772 1.4094, 1.8996 0.1772 1.4094, 2.2342 0.1772 1.4094, 2.0964 0.1772 1.4094, 2.4311 0.1772 1.4094, 2.2933 0.1772 1.4094, 2.6279 0.1772 1.4094, 2.4901 0.1772 1.4094, 2.8248 0.1772 1.4094, 2.687 0.1772 1.4094, 3.0216 0.1772 1.4094, 2.8838 0.1772 1.4094, 3.2185 0.1772 1.4094, 3.0807 0.1772 1.4094, 3.4153 0.1772 1.4094, 3.2775 0.1772 1.4094, 3.6122 0.1772 1.4094, 3.4744 0.1772 1.4094, 3.9665 0.1772 1.4094, 3.6712 0.1772 1.4094, -3.5197 -1.3661 0.9961, -3.5138 -1.3661 0.9961, -3.6122 1.2126 1.2913, -3.6181 1.2126 1.2913, -3.4941 1.3898 0.1772, -3.5925 1.3898 0.1772, -3.4744 0.1772 1.5984, -3.6122 0.1772 1.5984, -3.4744 0.1772 1.4094, -3.6122 0.1772 1.4094, -3.4744 1.2126 0.1772, -3.6122 1.2126 0.1772, -3.4744 1.3701 0.1772, -3.6122 1.3701 0.1772, -3.4744 1.3701 1.3543, -3.6122 1.3701 1.3543, -3.4744 1.2126 1.3543, -3.6122 1.2126 1.3543, -3.4744 1.2126 1.7126, -3.6122 1.2126 1.7126, -3.3957 -1.4449 1.2323, -3.4941 -1.4449 1.2323, -3.5138 -1.4252 1.2323, -3.376 -1.4252 1.2323, -3.5138 -0.5787 1.2323, -3.376 -0.5787 1.2323, -3.376 -0.2618 1.1142, -3.5138 -0.2618 1.1142, -3.376 -0.5599 1.1996, -3.5138 -0.5599 1.1996, -4.0256 1.0354 0.3543, -4.0256 1.3504 0.3543, -4.0256 1.3504 0.2165, -4.0256 1.0354 0.2165, -4.0256 1.0176 0.2189, -4.0256 1.0176 0.352, -4.0256 0.9689 0.2676, -4.0256 0.9665 0.2854, -4.0256 0.9689 0.3033, -4.0256 0.9758 0.3199, -4.0256 0.9867 0.3342, -4.0256 1.001 0.3451, -4.0256 1.001 0.2258, -4.0256 0.9867 0.2367, -4.0256 0.9758 0.251, -4.124 1.0354 0.2165, -4.124 1.3504 0.2165, -4.124 1.3504 0.3543, -4.124 1.0354 0.3543, -4.124 1.0176 0.352, -4.124 1.001 0.3451, -4.124 0.9867 0.3342, -4.124 0.9758 0.3199, -4.124 1.0176 0.2189, -4.124 0.9689 0.3033, -4.124 0.9665 0.2854, -4.124 0.9689 0.2676, -4.124 0.9758 0.251, -4.124 0.9867 0.2367, -4.124 1.001 0.2258, 4.124 0.7008 0.1548, 4.0256 0.7008 0.1548, 4.0256 1.0176 0.2189, 4.0256 1.0354 0.2165, 4.0256 1.0176 0.352, 4.0256 1.3504 0.2165, 4.0256 1.3504 0.3543, 4.0256 1.0354 0.3543, 4.0256 0.9689 0.3033, 4.0256 0.9665 0.2854, 4.0256 0.9689 0.2676, 4.0256 0.9758 0.251, 4.0256 0.9867 0.2367, 4.0256 1.001 0.2258, 4.0256 1.001 0.3451, 4.0256 0.9867 0.3342, 4.0256 0.9758 0.3199, 4.124 1.0354 0.3543, 4.124 1.3504 0.3543, 4.124 1.3504 0.2165, 4.124 1.0354 0.2165, 4.124 1.0176 0.2189, 4.124 1.001 0.2258, 4.124 0.9867 0.2367, 4.124 0.9758 0.251, 4.124 1.0176 0.352, 4.124 0.9689 0.2676, 4.124 0.9665 0.2854, 4.124 0.9689 0.3033, 4.124 0.9758 0.3199, 4.124 0.9867 0.3342, 4.124 1.001 0.3451, -3.7795 -0.3346 1.5984, -3.9666 -0.3346 1.5984, -3.9666 0.1772 1.5984, -3.6713 0.1772 1.5984, -3.6713 0.1772 1.4094, -3.9666 0.1772 1.4094, -1.25 0.0984 1.3307, -3.9666 0.0984 1.3307, -3.9666 0.0984 1.2323, -1.25 0.0984 1.2323, -3.9666 0.2992 1.2323, -1.25 0.2992 1.2323, -3.9666 0.2992 1.1142, -1.25 0.2992 1.1142, -4.311 -1.1614 1.2323, -4.311 -1.4449 1.2323, -4.0453 -1.1614 1.2323, -4.0453 -1.4449 1.2323, 4.0453 -1.1614 1.2323, 3.9665 -0.3346 1.5354, 3.9665 -1.116 1.5354, 4.0453 -1.1614 1.5354, -3.9961 -1.4449 1.0197, -3.9961 -1.4449 0.1772, -3.7028 -1.4449 1.2323, -3.7028 -1.4449 1.1142, -3.5925 -1.4449 1.2323, -4.1929 -1.4449 1.0197, -3.7736 -1.4449 1.1142, -4.0453 -1.4449 1.1535, -3.7736 -1.4449 1.1535, -4.1929 -1.4449 0.1772, -3.9666 -1.116 1.5354, -3.9666 -0.3346 1.5354, -4.0453 -1.1614 1.5354, -4.311 -0.3346 1.5354, -4.311 -1.1614 1.5354, -3.9666 -0.2618 1.1142, -3.9666 -0.3991 1.1535, -3.9666 -1.116 1.1535, 3.9665 0.0984 1.3307, 3.9665 0.0984 1.2323, 3.9665 -1.116 1.1535, 3.9665 -0.3991 1.1535, 3.9665 -0.2618 1.1142, 3.9665 0.2992 1.1142, 3.9665 0.2992 1.2323, -0.6201 -1.4252 1.2323, -0.6201 -0.5787 1.2323, -0.7481 -0.5787 1.2323, -3.7736 -0.3991 1.1535, -3.7736 -0.2618 1.1142, 3.7736 -0.3991 1.1535, 3.7736 -0.2618 1.1142, -0.6201 -0.2618 1.1142, -0.7481 -0.2618 1.1142, -0.6201 -0.5599 1.1996, -0.7481 -0.5599 1.1996, -1.1866 -0.7283 1.787, -1.1418 -0.7283 1.8214, -1.0895 -0.7283 1.843, -1.0335 -0.7283 1.8504, -0.9774 -0.7283 1.843, -0.9252 -0.7283 1.8214, -1.221 -0.7283 1.7421, -0.846 -0.7283 1.7421, -0.8804 -0.7283 1.787, -3.5729 -0.5787 1.2323, -3.7028 -0.5787 1.2323, -3.5729 -1.4252 1.2323, -0.5217 0.1772 1.5984, -0.8169 0.1772 1.5984, -0.5217 0.1772 1.4094, -0.8169 0.1772 1.4094, -0.8169 0.0984 1.3307, -0.8169 0.0984 1.2323, -0.8169 0.2992 1.2323, -0.8169 0.2992 1.1142, -1.1418 -1.0615 1.1142, -1.1866 -1.0271 1.1142, -2.3918 -1.248 1.1142, -2.3327 -1.248 1.1142, -3.7028 -0.2618 1.1142, -3.5729 -0.2618 1.1142, -0.9252 -1.0615 1.1142, -0.8804 -1.0271 1.1142, -0.846 -0.9823 1.1142, -1.221 -0.9823 1.1142, -1.2426 -0.9301 1.1142, 2.3327 -1.248 1.1142, 2.3917 -1.248 1.1142, -2.1358 -1.248 1.1142, -2.1949 -1.248 1.1142, -3.1201 -1.248 1.1142, -3.1792 -1.248 1.1142, -2.7855 -1.248 1.1142, -2.7264 -1.248 1.1142, -1.8012 -1.248 1.1142, -1.7421 -1.248 1.1142, -0.9774 -1.0832 1.1142, -1.0335 -1.0906 1.1142, -1.0895 -1.0832 1.1142, -0.8169 -0.874 1.1142, -0.8243 -0.9301 1.1142, -0.4232 -1.248 1.1142, -0.3642 -1.248 1.1142, -0.6201 -1.248 1.1142, -0.561 -1.248 1.1142, 2.5886 -1.248 1.1142, 2.5295 -1.248 1.1142, -3.376 -1.248 1.1142, -3.3169 -1.248 1.1142, -3.5729 -1.248 1.1142, -3.5138 -1.248 1.1142, -2.9232 -1.248 1.1142, -2.9823 -1.248 1.1142, -2.5295 -1.248 1.1142, -2.5886 -1.248 1.1142, -1.939 -1.248 1.1142, -1.9981 -1.248 1.1142, -0.0295 -1.248 1.1142, 0.0295 -1.248 1.1142, 2.9232 -1.248 1.1142, 2.9823 -1.248 1.1142, -1.6044 -1.248 1.1142, -1.5453 -1.248 1.1142, -1.25 -0.874 1.1142, -0.1673 -1.248 1.1142, -0.2264 -1.248 1.1142, 2.7854 -1.248 1.1142, 2.7264 -1.248 1.1142, 0.3642 -1.248 1.1142, 0.4232 -1.248 1.1142, 3.3169 -1.248 1.1142, 3.376 -1.248 1.1142, 0.2264 -1.248 1.1142, 0.1673 -1.248 1.1142, 3.1791 -1.248 1.1142, 3.1201 -1.248 1.1142, 3.5728 -1.248 1.1142, 3.5138 -1.248 1.1142, 0.7579 -1.248 1.1142, 0.8169 -1.248 1.1142, 0.6201 -1.248 1.1142, 0.561 -1.248 1.1142, 1.1516 -1.248 1.1142, 1.2106 -1.248 1.1142, 1.0138 -1.248 1.1142, 0.9547 -1.248 1.1142, 1.5453 -1.248 1.1142, 1.6043 -1.248 1.1142, 1.4075 -1.248 1.1142, 1.3484 -1.248 1.1142, 1.939 -1.248 1.1142, 1.998 -1.248 1.1142, 1.8012 -1.248 1.1142, 1.7421 -1.248 1.1142, 2.1949 -1.248 1.1142, 2.1358 -1.248 1.1142, -3.5729 -0.5599 1.1996, -3.7028 -0.5599 1.1996, 4.0453 -1.1614 1.1535, -4.0453 -1.1614 1.1535, -0.8169 -0.874 1.6339, -1.25 -0.874 1.6339, -1.0335 -1.0906 1.6535, -0.9932 -1.0868 1.6532, -0.9085 -1.0508 1.6499, -0.9259 -1.0604 1.6508, -0.9516 -1.0745 1.6521, -0.9777 -1.0822 1.6528, -0.8444 -0.9795 1.6434, -0.8462 -0.9822 1.6437, -0.8639 -1.0087 1.6461, -0.8807 -1.0268 1.6478, -0.8858 -1.0323 1.6483, -0.829 -0.9451 1.6403, -0.825 -0.9299 1.6389, -0.82 -0.9101 1.6371, -0.9386 -1.0632 1.6955, -0.9777 -0.8929 1.842, -0.9932 -0.8934 1.8466, -0.9854 -0.9424 1.8386, -0.8945 -1.0359 1.6847, -0.9259 -0.891 1.8202, -0.9516 -0.8922 1.8343, -0.9386 -0.9356 1.823, -0.8543 -0.9929 1.6695, -0.8807 -0.8879 1.7867, -0.8858 -0.8884 1.7922, -0.8733 -0.9177 1.7762, -0.8382 -0.9656 1.6608, -0.8188 -0.8993 1.6482, -0.8192 -0.9047 1.6427, -0.8186 -0.8938 1.6536, -0.8188 -0.8883 1.6591, -0.8192 -0.8828 1.6645, -0.82 -0.8773 1.6699, -0.825 -0.8791 1.6897, -0.8261 -0.8916 1.6948, -0.8261 -0.935 1.6515, -0.8243 -0.9245 1.6626, -0.8237 -0.9137 1.6736, -0.8243 -0.9028 1.6843, -0.8344 -0.9506 1.6779, -0.8332 -0.9347 1.6945, -0.8344 -0.9181 1.7105, -0.8382 -0.9009 1.7255, -0.8444 -0.8836 1.7394, -0.8462 -0.8838 1.742, -0.8543 -0.9097 1.7528, -0.8484 -0.9747 1.6924, -0.8464 -0.9544 1.7143, -0.8484 -0.9326 1.7345, -0.829 -0.8805 1.705, -0.8639 -0.8863 1.7685, -0.8733 -1.0164 1.6775, -0.8657 -0.9962 1.7059, -0.8632 -0.9725 1.7323, -0.8657 -0.946 1.756, -0.8858 -1.0148 1.7179, -0.8829 -0.9885 1.7484, -0.8858 -0.9581 1.7746, -0.8945 -0.9248 1.7957, -0.9085 -0.8901 1.8107, -0.9304 -1.0422 1.7364, -0.9276 -1.0128 1.7726, -0.9304 -0.9766 1.802, -0.9854 -1.0788 1.7022, -0.9805 -1.0587 1.748, -0.9789 -1.0278 1.7877, -0.9805 -0.9882 1.8185, -1.0335 -1.0838 1.7045, -1.0335 -1.0642 1.752, -1.0335 -1.0329 1.7927, -1.0335 -0.9921 1.824, -1.0335 -0.9446 1.8437, -1.0335 -0.8937 1.8504, -1.247 -0.9101 1.6371, -1.2419 -0.9299 1.6389, -1.238 -0.9451 1.6403, -1.2226 -0.9795 1.6434, -1.203 -1.0087 1.6461, -1.2208 -0.9822 1.6437, -1.1411 -1.0604 1.6508, -1.1585 -1.0508 1.6499, -1.1812 -1.0323 1.6483, -1.1863 -1.0268 1.6478, -1.1153 -1.0745 1.6521, -1.0892 -1.0822 1.6528, -1.0738 -1.0868 1.6532, -0.8243 -0.7224 1.6899, -1.0892 -0.8929 1.842, -1.1153 -0.8922 1.8343, -1.1284 -0.9356 1.823, -1.0816 -1.0788 1.7022, -1.1411 -0.891 1.8202, -1.1585 -0.8901 1.8107, -1.1725 -0.9248 1.7957, -1.1284 -1.0632 1.6955, -1.1863 -0.8879 1.7867, -1.203 -0.8863 1.7685, -1.2127 -0.9097 1.7528, -1.1936 -1.0164 1.6775, -1.2208 -0.8838 1.742, -1.2226 -0.8836 1.7394, -1.2288 -0.9009 1.7255, -1.2482 -0.8883 1.6591, -1.2478 -0.8828 1.6645, -1.2484 -0.8938 1.6536, -1.2419 -0.8791 1.6897, -1.247 -0.8773 1.6699, -1.2482 -0.8993 1.6482, -1.2478 -0.9047 1.6427, -1.2409 -0.935 1.6515, -1.238 -0.8805 1.705, -1.2409 -0.8916 1.6948, -1.2427 -0.9028 1.6843, -1.2432 -0.9137 1.6736, -1.2427 -0.9245 1.6626, -1.2325 -0.9181 1.7105, -1.2338 -0.9347 1.6945, -1.2325 -0.9506 1.6779, -1.2288 -0.9656 1.6608, -1.2127 -0.9929 1.6695, -1.2186 -0.9326 1.7345, -1.2205 -0.9544 1.7143, -1.2186 -0.9747 1.6924, -1.1812 -0.8884 1.7922, -1.1936 -0.9177 1.7762, -1.2012 -0.946 1.756, -1.2038 -0.9725 1.7323, -1.2012 -0.9962 1.7059, -1.1811 -0.9581 1.7746, -1.184 -0.9885 1.7484, -1.1811 -1.0148 1.7179, -1.1725 -1.0359 1.6847, -1.1366 -0.9766 1.802, -1.1393 -1.0128 1.7726, -1.1366 -1.0422 1.7364, -1.0738 -0.8934 1.8466, -1.0816 -0.9424 1.8386, -1.0864 -0.9882 1.8185, -1.0881 -1.0278 1.7877, -1.0864 -1.0587 1.748, -1.2426 -0.7224 1.6899, -1.2443 -0.7188 1.6821, -3.8189 1.2126 0.1772, -3.2717 1.2126 0.1158, -3.2244 1.2126 0.1158, -3.6713 1.2126 0.1772, -3.4213 1.2126 0.1158, -3.6181 1.2126 0.1158, -3.6654 1.2126 0.1158, -3.4685 1.2126 0.1158, 1.8937 1.2126 0.1158, 2.0905 1.2126 0.1158, 2.2401 1.2126 0.1158, 1.6968 1.2126 0.1158, 2.0433 1.2126 0.1158, 1.8464 1.2126 0.1158, -1.6496 1.2126 0.1158, 2.6811 1.2126 0.1158, 0.122 1.2126 0.1158, 2.8307 1.2126 0.1158, -1.4528 1.2126 0.1158, -1.5 1.2126 0.1158, 0.2716 1.2126 0.1158, 1.1063 1.2126 0.1158, 3.0748 1.2126 0.1158, 0.5157 1.2126 0.1158, 1.2559 1.2126 0.1158, 3.2244 1.2126 0.1158, -3.0748 1.2126 0.1158, 1.6496 1.2126 0.1158, -2.8307 1.2126 0.1158, -0.2717 1.2126 0.1158, 1.3031 1.2126 0.1158, -2.6811 1.2126 0.1158, 0.7126 1.2126 0.1158, 1.5 1.2126 0.1158, -0.1221 1.2126 0.1158, 0.9094 1.2126 0.1158, 3.6181 1.2126 0.1158, 2.2874 1.2126 0.1158, -0.4685 1.2126 0.1158, -2.437 1.2126 0.1158, 0.6653 1.2126 0.1158, 1.4527 1.2126 0.1158, 2.6338 1.2126 0.1158, -2.2874 1.2126 0.1158, -0.0748 1.2126 0.1158, 2.4842 1.2126 0.1158, 1.059 1.2126 0.1158, 2.437 1.2126 0.1158, 3.0275 1.2126 0.1158, -2.0433 1.2126 0.1158, 0.3189 1.2126 0.1158, 0.8622 1.2126 0.1158, 2.8779 1.2126 0.1158, 3.2716 1.2126 0.1158, -0.5158 1.2126 0.1158, -1.8937 1.2126 0.1158, 3.4212 1.2126 0.1158, 3.4685 1.2126 0.1158, -3.0276 1.2126 0.1158, 0.0748 1.2126 0.1158, 0.4685 1.2126 0.1158, 3.6653 1.2126 0.1158, -0.3189 1.2126 0.1158, -2.6339 1.2126 0.1158, -2.2402 1.2126 0.1158, -1.8465 1.2126 0.1158, -2.878 1.2126 0.1158, -2.4843 1.2126 0.1158, -1.6969 1.2126 0.1158, -2.0906 1.2126 0.1158, -3.6713 1.3701 0.1772, 1.309 0.5118 1.7126, 1.25 0.5118 1.7126, 2.4901 0.5118 1.7126, 2.4311 0.5118 1.7126, 0.5216 0.5118 1.7126, 0.4626 0.5118 1.7126, 2.2933 0.5118 1.7126, 2.2342 0.5118 1.7126, -0.0689 0.5118 1.7126, -0.128 0.5118 1.7126, 2.0964 0.5118 1.7126, 2.0374 0.5118 1.7126, -0.4626 0.5118 1.7126, -0.5217 0.5118 1.7126, -3.6713 1.2126 1.7126, -3.8189 1.2126 1.7126, 1.8996 0.5118 1.7126, 1.8405 0.5118 1.7126, 1.1122 0.5118 1.7126, 1.0531 0.5118 1.7126, 3.6712 0.5118 1.7126, 3.6122 0.5118 1.7126, 1.7027 0.5118 1.7126, 1.6437 0.5118 1.7126, -1.6437 0.5118 1.7126, -1.7028 0.5118 1.7126, 0.9153 0.5118 1.7126, 0.8563 0.5118 1.7126, 0.3248 0.5118 1.7126, 0.2657 0.5118 1.7126, -1.5059 0.5118 1.7126, -1.4469 0.5118 1.7126, 3.4744 0.5118 1.7126, 3.4153 0.5118 1.7126, 1.5059 0.5118 1.7126, 1.4468 0.5118 1.7126, -0.2658 0.5118 1.7126, -0.3248 0.5118 1.7126, -2.0374 0.5118 1.7126, -2.0965 0.5118 1.7126, 0.7185 0.5118 1.7126, 0.6594 0.5118 1.7126, 0.1279 0.5118 1.7126, 0.0689 0.5118 1.7126, -1.8996 0.5118 1.7126, -1.8406 0.5118 1.7126, 3.2775 0.5118 1.7126, 3.2185 0.5118 1.7126, -2.4311 0.5118 1.7126, -2.4902 0.5118 1.7126, -2.2933 0.5118 1.7126, -2.2343 0.5118 1.7126, 3.0807 0.5118 1.7126, 3.0216 0.5118 1.7126, -2.8248 0.5118 1.7126, -2.8839 0.5118 1.7126, -2.687 0.5118 1.7126, -2.628 0.5118 1.7126, 2.8838 0.5118 1.7126, 2.8248 0.5118 1.7126, -3.2185 0.5118 1.7126, -3.2776 0.5118 1.7126, -3.0807 0.5118 1.7126, -3.0217 0.5118 1.7126, -3.6122 0.5118 1.7126, -3.6713 0.5118 1.7126, 2.687 0.5118 1.7126, 2.6279 0.5118 1.7126, -3.4744 0.5118 1.7126, -3.4154 0.5118 1.7126, -3.6713 1.3701 1.3543, -3.8189 1.2126 1.3543, -3.6713 1.2126 1.3543, 4.1929 -0.5 1.0197, 3.996 -0.5 1.0197, 4.1929 -0.5 0.1772, 3.996 -0.5 0.1772, -3.9961 -0.5 0.1772, -3.9961 -0.5 1.0197, -4.1929 -0.5 0.1772, -4.1929 -0.5 1.0197, -1.4173 -0.9528 0.7874, -1.4173 -0.9528 1.0039, -0.7481 -0.9528 1.0039, -0.7481 -0.9528 0.7874, 4.124 1.3504 0.689, 4.0256 1.3504 0.689
            ]
        }
        coordIndex [
            0,1,2,-1,3,4,5,-1,6,3,7,-1,8,6,9,-1,10,11,12,-1,13,14,15,-1,16,17,18,-1,19,20,21,-1,22,23,24,-1,24,23,25,-1,24,26,27,-1,27,28,24,-1,24,28,29,-1,24,29,22,-1,30,31,32,-1,32,31,33,-1,32,33,24,-1,24,33,34,-1,24,34,26,-1,35,36,37,-1,37,36,32,-1,32,36,38,-1,32,38,30,-1,37,19,35,-1,35,19,21,-1,35,21,39,-1,21,40,39,-1,39,40,41,-1,39,41,42,-1,42,41,43,-1,42,43,44,-1,45,46,21,-1,21,46,47,-1,21,47,40,-1,48,49,50,-1,50,51,48,-1,48,51,52,-1,48,52,21,-1,21,52,53,-1,21,53,45,-1,54,55,56,-1,56,55,57,-1,56,57,58,-1,58,59,56,-1,56,59,60,-1,56,60,49,-1,49,60,61,-1,49,61,50,-1,56,62,63,-1,64,54,65,-1,65,54,56,-1,65,56,66,-1,66,56,63,-1,62,56,67,-1,67,56,68,-1,67,68,69,-1,69,68,70,-1,69,70,71,-1,71,70,72,-1,71,72,73,-1,74,75,76,-1,76,77,74,-1,74,77,78,-1,74,78,79,-1,79,80,74,-1,74,80,81,-1,74,81,72,-1,72,81,82,-1,72,82,73,-1,83,84,85,-1,86,87,88,-1,89,90,91,-1,91,90,92,-1,86,88,93,-1,94,95,75,-1,96,97,90,-1,90,97,98,-1,90,98,99,-1,94,75,100,-1,87,101,88,-1,88,101,102,-1,88,102,103,-1,85,84,75,-1,75,84,104,-1,75,104,100,-1,105,106,107,-1,107,106,108,-1,107,108,99,-1,99,108,109,-1,110,111,112,-1,112,111,113,-1,112,113,88,-1,88,113,114,-1,88,114,93,-1,105,115,106,-1,106,115,116,-1,106,116,117,-1,117,116,118,-1,117,118,119,-1,120,121,76,-1,76,121,122,-1,76,122,123,-1,123,124,76,-1,76,124,125,-1,76,125,126,-1,126,125,110,-1,126,110,127,-1,127,110,112,-1,109,128,99,-1,99,128,129,-1,99,129,90,-1,90,129,130,-1,90,130,92,-1,131,132,88,-1,88,132,133,-1,88,133,90,-1,90,133,134,-1,90,134,96,-1,95,135,75,-1,75,135,136,-1,75,136,76,-1,76,136,137,-1,76,137,120,-1,103,138,88,-1,88,138,139,-1,88,139,140,-1,140,141,88,-1,88,141,142,-1,88,142,131,-1,143,144,145,-1,144,99,145,-1,145,99,98,-1,145,98,146,-1,146,98,147,-1,147,148,146,-1,146,148,149,-1,146,149,150,-1,151,152,153,-1,152,154,153,-1,153,154,155,-1,153,155,156,-1,157,153,158,-1,143,145,157,-1,157,145,159,-1,157,159,153,-1,153,159,160,-1,153,160,151,-1,158,161,157,-1,157,161,162,-1,157,162,163,-1,156,155,164,-1,164,155,165,-1,164,165,166,-1,166,165,167,-1,166,167,168,-1,169,170,163,-1,163,170,171,-1,163,171,157,-1,23,172,25,-1,25,172,173,-1,25,173,85,-1,85,173,174,-1,85,174,83,-1,18,17,175,-1,175,17,176,-1,175,176,177,-1,178,179,180,-1,181,182,183,-1,183,182,184,-1,183,184,177,-1,185,186,187,-1,187,186,188,-1,187,188,179,-1,179,188,189,-1,179,189,180,-1,180,189,190,-1,180,190,191,-1,191,190,192,-1,191,192,193,-1,194,195,196,-1,197,198,199,-1,199,198,200,-1,199,200,201,-1,201,200,194,-1,201,194,202,-1,202,194,196,-1,203,204,205,-1,206,207,208,-1,209,210,203,-1,210,211,203,-1,203,211,212,-1,203,212,204,-1,204,212,213,-1,206,208,203,-1,203,208,214,-1,203,214,209,-1,215,216,217,-1,217,216,218,-1,217,218,205,-1,205,218,219,-1,205,219,203,-1,220,221,14,-1,14,221,222,-1,14,222,15,-1,223,224,15,-1,225,226,227,-1,228,229,15,-1,15,229,230,-1,213,231,204,-1,204,231,232,-1,204,232,227,-1,227,232,233,-1,227,233,225,-1,226,234,227,-1,227,234,235,-1,227,235,236,-1,236,235,237,-1,236,237,223,-1,238,239,224,-1,224,239,240,-1,224,240,15,-1,15,240,241,-1,15,241,228,-1,230,242,15,-1,15,242,243,-1,15,243,13,-1,244,245,246,-1,246,245,247,-1,246,247,248,-1,246,249,244,-1,244,249,250,-1,244,250,251,-1,251,252,244,-1,244,252,253,-1,244,253,254,-1,254,253,255,-1,254,255,256,-1,256,255,257,-1,256,257,224,-1,224,257,258,-1,224,258,238,-1,259,260,248,-1,248,260,261,-1,248,261,246,-1,262,263,207,-1,207,263,264,-1,207,264,208,-1,262,265,263,-1,263,265,266,-1,263,266,267,-1,267,266,268,-1,267,269,270,-1,268,271,267,-1,267,271,272,-1,267,272,273,-1,273,274,267,-1,267,274,275,-1,267,275,269,-1,270,276,267,-1,267,276,277,-1,267,277,278,-1,279,280,281,-1,282,283,281,-1,281,283,284,-1,281,284,279,-1,280,279,285,-1,285,279,286,-1,285,286,287,-1,283,288,284,-1,284,288,289,-1,284,289,290,-1,290,289,291,-1,290,291,292,-1,292,291,293,-1,292,293,287,-1,287,293,294,-1,287,294,285,-1,295,296,297,-1,297,296,298,-1,297,299,295,-1,295,299,300,-1,295,300,301,-1,301,300,302,-1,301,302,303,-1,304,305,306,-1,306,305,307,-1,306,307,308,-1,308,307,300,-1,308,300,309,-1,309,300,299,-1,309,299,310,-1,310,299,311,-1,310,311,312,-1,312,311,313,-1,298,296,314,-1,314,296,315,-1,314,315,316,-1,302,317,303,-1,303,317,316,-1,303,316,318,-1,318,316,315,-1,318,315,319,-1,320,319,321,-1,322,323,324,-1,324,323,325,-1,322,326,323,-1,323,326,327,-1,323,327,328,-1,328,327,329,-1,330,331,323,-1,323,331,332,-1,323,332,333,-1,320,321,323,-1,323,321,334,-1,323,334,330,-1,333,335,323,-1,323,335,336,-1,323,336,325,-1,337,338,339,-1,340,341,327,-1,327,341,342,-1,327,342,329,-1,337,339,327,-1,327,339,343,-1,327,343,340,-1,344,345,346,-1,346,345,347,-1,346,347,315,-1,315,347,348,-1,315,348,319,-1,349,350,351,-1,351,350,352,-1,351,352,353,-1,354,355,356,-1,357,358,356,-1,356,358,359,-1,356,359,354,-1,360,361,356,-1,356,361,362,-1,356,362,357,-1,11,363,364,-1,364,363,365,-1,364,365,360,-1,360,365,366,-1,360,366,361,-1,367,368,12,-1,368,369,12,-1,12,369,370,-1,12,370,10,-1,367,12,371,-1,371,12,372,-1,371,372,373,-1,373,372,374,-1,374,372,204,-1,374,204,375,-1,319,320,318,-1,318,320,376,-1,318,376,377,-1,377,376,378,-1,377,378,379,-1,380,381,382,-1,382,381,383,-1,384,385,386,-1,387,388,204,-1,388,389,204,-1,204,389,390,-1,204,390,391,-1,380,392,381,-1,381,392,393,-1,381,393,394,-1,394,393,395,-1,396,397,395,-1,395,397,398,-1,395,398,394,-1,399,400,384,-1,384,400,401,-1,384,401,385,-1,402,403,404,-1,404,403,405,-1,404,405,406,-1,386,407,384,-1,384,407,408,-1,384,408,372,-1,372,408,383,-1,372,383,409,-1,409,383,381,-1,409,410,372,-1,372,410,411,-1,372,411,204,-1,204,411,412,-1,204,412,387,-1,391,413,204,-1,204,413,414,-1,204,414,205,-1,205,414,415,-1,205,415,404,-1,416,417,395,-1,395,417,418,-1,395,418,419,-1,419,420,395,-1,395,420,421,-1,395,421,396,-1,422,423,424,-1,424,423,425,-1,423,426,425,-1,425,426,427,-1,425,427,384,-1,384,427,428,-1,384,428,399,-1,429,430,15,-1,223,15,236,-1,236,15,430,-1,236,430,198,-1,198,430,431,-1,198,431,200,-1,432,433,429,-1,434,435,436,-1,436,435,437,-1,436,437,432,-1,432,429,436,-1,436,429,15,-1,436,15,438,-1,438,15,222,-1,438,222,439,-1,438,440,436,-1,436,440,441,-1,436,441,442,-1,443,444,445,-1,445,444,446,-1,445,446,222,-1,222,446,447,-1,222,447,439,-1,442,448,436,-1,436,448,449,-1,436,449,434,-1,450,451,452,-1,450,452,453,-1,451,454,452,-1,452,454,455,-1,452,455,445,-1,445,455,456,-1,445,456,443,-1,8,457,458,-1,458,457,452,-1,458,452,459,-1,459,452,445,-1,459,445,460,-1,460,445,222,-1,460,222,461,-1,461,222,221,-1,461,221,462,-1,462,221,424,-1,462,424,463,-1,463,424,425,-1,220,215,221,-1,221,215,217,-1,221,217,424,-1,424,217,205,-1,424,205,422,-1,422,205,404,-1,422,404,464,-1,464,404,406,-1,457,180,452,-1,452,180,191,-1,452,191,453,-1,453,191,193,-1,453,193,197,-1,197,193,16,-1,197,16,198,-1,198,16,18,-1,6,7,9,-1,9,7,465,-1,9,465,466,-1,467,85,468,-1,468,85,75,-1,468,75,469,-1,469,75,74,-1,469,74,470,-1,470,74,72,-1,470,72,471,-1,467,472,473,-1,472,474,473,-1,473,474,475,-1,473,475,469,-1,469,475,476,-1,469,476,468,-1,477,478,479,-1,479,478,475,-1,479,475,480,-1,480,475,474,-1,480,474,481,-1,481,474,482,-1,184,178,177,-1,177,178,180,-1,177,180,175,-1,175,180,483,-1,484,485,466,-1,484,466,486,-1,486,466,487,-1,486,487,488,-1,485,489,466,-1,466,489,490,-1,466,490,491,-1,491,492,466,-1,466,492,493,-1,466,493,494,-1,8,9,457,-1,457,9,466,-1,457,466,180,-1,180,466,494,-1,180,494,483,-1,483,495,175,-1,175,495,496,-1,175,496,487,-1,496,497,487,-1,487,497,498,-1,487,498,499,-1,499,500,487,-1,487,500,501,-1,487,501,488,-1,502,503,466,-1,504,505,506,-1,466,503,487,-1,487,503,507,-1,487,507,508,-1,11,364,12,-1,12,364,473,-1,12,473,372,-1,372,473,469,-1,372,469,384,-1,384,469,470,-1,384,470,425,-1,425,470,471,-1,425,471,463,-1,487,279,175,-1,175,279,284,-1,175,284,18,-1,18,284,290,-1,18,290,198,-1,198,290,301,-1,198,301,236,-1,236,301,303,-1,236,303,227,-1,227,303,318,-1,227,318,204,-1,204,318,377,-1,204,377,375,-1,375,377,379,-1,467,473,85,-1,85,473,364,-1,85,364,25,-1,25,364,509,-1,25,509,24,-1,509,510,24,-1,24,510,0,-1,24,0,360,-1,360,0,2,-1,360,2,364,-1,364,2,511,-1,364,511,509,-1,512,513,290,-1,512,290,514,-1,514,290,515,-1,515,290,292,-1,515,292,516,-1,513,517,290,-1,290,517,518,-1,290,518,519,-1,520,292,295,-1,519,521,290,-1,290,521,522,-1,290,522,301,-1,301,522,523,-1,301,523,295,-1,295,523,524,-1,295,524,520,-1,520,525,292,-1,292,525,526,-1,292,526,527,-1,527,528,292,-1,292,528,529,-1,292,529,516,-1,506,502,504,-1,504,502,466,-1,504,466,530,-1,530,466,465,-1,530,465,508,-1,508,465,531,-1,508,531,487,-1,487,531,532,-1,487,532,279,-1,279,532,533,-1,279,533,286,-1,3,5,7,-1,7,5,534,-1,7,534,465,-1,465,534,535,-1,465,535,531,-1,531,535,536,-1,531,536,532,-1,532,536,537,-1,532,537,533,-1,355,353,356,-1,356,353,352,-1,356,352,360,-1,360,352,538,-1,360,538,24,-1,24,538,539,-1,24,539,32,-1,32,539,540,-1,537,541,533,-1,533,541,542,-1,533,542,286,-1,286,542,543,-1,286,543,287,-1,287,543,544,-1,287,544,292,-1,292,544,545,-1,292,545,295,-1,295,545,546,-1,295,546,296,-1,296,546,547,-1,296,547,315,-1,315,547,548,-1,315,548,346,-1,346,548,350,-1,346,350,344,-1,344,350,349,-1,549,550,551,-1,551,550,552,-1,553,554,555,-1,555,554,556,-1,557,558,559,-1,559,558,560,-1,561,562,563,-1,563,562,564,-1,565,566,567,-1,567,566,568,-1,569,570,571,-1,571,570,572,-1,573,574,575,-1,575,574,576,-1,577,578,579,-1,579,578,580,-1,581,582,583,-1,583,582,584,-1,585,586,587,-1,587,586,588,-1,589,590,591,-1,591,590,592,-1,593,594,595,-1,595,594,596,-1,597,598,599,-1,599,598,600,-1,601,602,603,-1,603,602,604,-1,605,606,607,-1,607,606,608,-1,609,610,611,-1,611,610,612,-1,613,614,615,-1,615,614,616,-1,617,618,619,-1,619,618,620,-1,621,622,623,-1,623,622,624,-1,625,626,627,-1,627,626,628,-1,629,630,631,-1,631,630,632,-1,633,634,635,-1,635,634,636,-1,637,638,639,-1,639,638,640,-1,641,642,643,-1,643,642,644,-1,645,646,647,-1,647,646,648,-1,649,650,651,-1,651,650,652,-1,653,654,655,-1,655,654,656,-1,657,658,659,-1,659,658,660,-1,661,662,663,-1,663,662,664,-1,665,666,667,-1,667,666,668,-1,669,670,671,-1,671,670,672,-1,673,674,675,-1,675,674,676,-1,677,678,679,-1,679,678,680,-1,681,682,683,-1,683,682,684,-1,685,686,687,-1,687,686,688,-1,689,690,691,-1,691,690,692,-1,693,694,695,-1,695,694,696,-1,697,698,699,-1,699,698,700,-1,701,702,703,-1,703,702,704,-1,705,706,707,-1,707,706,708,-1,709,710,711,-1,711,710,712,-1,713,714,715,-1,715,714,716,-1,717,718,719,-1,719,718,720,-1,721,722,723,-1,723,722,724,-1,725,726,727,-1,727,726,728,-1,729,730,731,-1,731,730,732,-1,733,734,735,-1,735,734,736,-1,737,738,739,-1,739,738,740,-1,741,742,743,-1,743,742,744,-1,745,746,747,-1,747,746,748,-1,749,750,751,-1,751,750,752,-1,753,754,755,-1,755,754,756,-1,757,758,759,-1,759,758,760,-1,761,762,763,-1,763,762,764,-1,765,766,767,-1,767,766,768,-1,769,770,771,-1,771,770,772,-1,773,774,775,-1,775,774,776,-1,777,778,779,-1,779,778,780,-1,781,782,783,-1,783,782,784,-1,785,786,787,-1,787,786,788,-1,789,790,791,-1,791,790,792,-1,793,794,795,-1,795,794,796,-1,797,798,799,-1,799,798,800,-1,801,802,803,-1,803,802,804,-1,805,806,807,-1,807,806,808,-1,809,810,811,-1,811,810,812,-1,813,814,815,-1,815,814,816,-1,817,818,819,-1,819,818,820,-1,821,822,823,-1,823,822,824,-1,825,826,827,-1,827,826,828,-1,829,830,831,-1,831,830,832,-1,833,834,835,-1,835,834,836,-1,837,838,839,-1,839,838,840,-1,841,842,843,-1,843,842,844,-1,845,846,847,-1,847,846,848,-1,849,850,851,-1,851,850,852,-1,853,854,855,-1,855,854,856,-1,857,858,859,-1,859,858,860,-1,861,862,863,-1,863,862,864,-1,865,866,867,-1,867,866,868,-1,869,870,871,-1,871,870,872,-1,873,874,875,-1,875,874,876,-1,877,878,879,-1,880,881,882,-1,883,884,885,-1,885,884,886,-1,887,888,889,-1,882,885,880,-1,880,885,886,-1,880,886,890,-1,890,886,891,-1,890,891,892,-1,893,882,894,-1,894,882,881,-1,894,881,895,-1,895,881,892,-1,895,892,896,-1,896,892,891,-1,896,891,889,-1,889,891,877,-1,889,877,887,-1,887,877,879,-1,897,898,899,-1,899,898,900,-1,901,902,903,-1,903,902,904,-1,905,906,907,-1,907,906,908,-1,909,910,911,-1,911,910,912,-1,913,914,915,-1,915,914,916,-1,917,918,919,-1,919,918,920,-1,921,922,923,-1,923,922,924,-1,925,926,927,-1,927,926,928,-1,929,930,931,-1,931,930,932,-1,933,934,935,-1,935,934,936,-1,937,938,939,-1,939,938,940,-1,941,942,943,-1,943,942,944,-1,945,946,947,-1,947,946,948,-1,949,950,951,-1,951,950,952,-1,953,954,955,-1,955,954,956,-1,957,958,959,-1,959,958,960,-1,961,962,963,-1,963,962,964,-1,965,966,967,-1,967,966,968,-1,969,970,971,-1,971,970,972,-1,973,974,975,-1,975,974,976,-1,977,978,979,-1,979,978,980,-1,981,982,983,-1,983,982,984,-1,985,986,987,-1,987,986,988,-1,989,990,991,-1,991,990,992,-1,993,994,995,-1,995,994,996,-1,997,998,999,-1,999,998,1000,-1,1001,1002,1003,-1,1003,1002,1004,-1,1005,1006,1007,-1,1007,1006,1008,-1,1009,1010,1011,-1,1011,1010,1012,-1,1013,1014,1015,-1,1015,1014,1016,-1,1017,1018,1019,-1,1019,1018,1020,-1,1021,1022,1023,-1,1023,1022,1024,-1,1025,1026,1027,-1,1027,1026,1028,-1,1029,1030,1031,-1,1031,1030,1032,-1,1033,1034,1035,-1,1035,1034,1036,-1,1037,1038,1039,-1,1039,1038,1040,-1,1041,1042,1043,-1,1043,1042,1044,-1,1045,1046,1047,-1,1047,1046,1048,-1,1049,1050,1051,-1,1051,1050,1052,-1,1053,1054,1055,-1,1055,1054,1056,-1,1057,1058,1059,-1,1059,1058,1060,-1,1061,1062,1063,-1,1063,1062,1064,-1,1065,1066,1067,-1,1067,1066,1068,-1,20,1069,1070,-1,1071,1072,1073,-1,1074,1075,1076,-1,1076,1075,1077,-1,1076,1077,1071,-1,1071,1077,1078,-1,1071,1078,1072,-1,1072,1078,1079,-1,1072,1079,1080,-1,70,20,1081,-1,1081,20,1070,-1,1081,1070,1073,-1,1073,1070,1082,-1,1073,1082,1071,-1,1081,1083,70,-1,70,1083,1072,-1,70,1072,1084,-1,1084,1072,1080,-1,1085,1086,1087,-1,1087,1086,1088,-1,1087,1088,1089,-1,1064,1090,562,-1,816,1091,815,-1,815,1091,794,-1,912,1092,714,-1,904,1093,722,-1,808,1094,807,-1,807,1094,802,-1,807,802,1095,-1,626,1096,1097,-1,1098,1099,1100,-1,1100,1099,4,-1,1100,4,1101,-1,1101,4,70,-1,1102,1103,903,-1,840,1104,839,-1,839,1104,770,-1,839,770,1105,-1,1105,770,1106,-1,992,1107,634,-1,1032,1108,594,-1,1109,1110,1047,-1,936,1111,935,-1,935,1111,690,-1,935,690,1112,-1,928,1113,927,-1,927,1113,698,-1,927,698,1114,-1,1114,698,1115,-1,1116,911,1117,-1,1117,911,912,-1,879,1118,730,-1,1119,1120,1121,-1,900,1122,899,-1,899,1122,1123,-1,899,1123,1124,-1,1124,1123,1125,-1,1126,1127,1128,-1,999,1000,1097,-1,1097,1000,1129,-1,1097,1129,626,-1,1130,1131,1132,-1,1131,1133,991,-1,1048,1134,1135,-1,1135,1134,578,-1,570,1136,1137,-1,690,689,1132,-1,1132,689,1138,-1,1132,1138,1115,-1,1139,1140,1132,-1,919,920,1141,-1,714,713,1132,-1,1132,713,1142,-1,1132,1142,1102,-1,1143,1144,1132,-1,1144,1145,887,-1,1121,1146,1119,-1,1119,1146,1147,-1,1119,1147,1126,-1,1126,1147,1148,-1,1126,1148,1127,-1,1123,1149,1150,-1,1150,1149,1151,-1,1150,1151,1152,-1,1096,626,1132,-1,1132,626,625,-1,1132,625,1130,-1,984,1153,642,-1,1154,1155,1031,-1,1156,1039,1157,-1,1157,1039,1040,-1,1064,562,1063,-1,1115,698,1132,-1,1132,698,697,-1,1132,697,1139,-1,1140,1158,919,-1,912,714,1117,-1,1117,714,1132,-1,1117,1132,1159,-1,903,904,1102,-1,1102,904,722,-1,1102,722,1132,-1,1132,722,721,-1,1132,721,1143,-1,832,1160,831,-1,831,1160,778,-1,831,778,1161,-1,1162,1163,1132,-1,1163,1164,983,-1,1008,1165,618,-1,1137,1055,570,-1,570,1055,1056,-1,570,1056,1166,-1,919,1141,1140,-1,1140,1141,706,-1,1140,706,1132,-1,1132,706,705,-1,1132,705,1159,-1,1167,1168,1169,-1,1169,1168,1132,-1,1170,1171,1147,-1,1147,1171,1172,-1,1147,1172,1173,-1,1170,778,777,-1,1174,1175,1125,-1,1176,1177,1152,-1,1152,1177,1126,-1,1152,1126,1150,-1,1150,1126,1128,-1,991,992,1131,-1,1131,992,634,-1,1131,634,1132,-1,1132,634,633,-1,1132,633,1162,-1,976,1178,650,-1,1179,1023,1180,-1,1180,1023,1024,-1,1173,1181,1147,-1,1147,1181,1182,-1,1147,1182,1183,-1,1183,1184,1147,-1,1147,1184,1185,-1,1147,1185,1148,-1,824,1186,823,-1,823,1186,786,-1,823,786,1187,-1,1187,786,1188,-1,1189,1190,1132,-1,1190,1191,975,-1,1192,1193,1194,-1,1195,554,1135,-1,1135,554,553,-1,887,879,1144,-1,1144,879,730,-1,1144,730,1132,-1,1132,730,729,-1,1132,729,1169,-1,1169,729,1196,-1,872,1197,871,-1,871,1197,738,-1,871,738,1198,-1,1198,738,1199,-1,1161,778,1200,-1,1200,778,1170,-1,1200,1170,1201,-1,1123,1150,1125,-1,1125,1150,1202,-1,1125,1202,1174,-1,983,984,1163,-1,1163,984,642,-1,1163,642,1132,-1,1132,642,641,-1,1132,641,1189,-1,968,1203,658,-1,1204,1015,610,-1,610,1015,1016,-1,610,1016,1205,-1,1195,1206,554,-1,554,1206,1207,-1,554,1207,1208,-1,1196,1199,1169,-1,1169,1199,738,-1,1169,738,1209,-1,1209,738,737,-1,1209,737,1210,-1,1211,1212,1132,-1,1212,1213,967,-1,1214,1215,70,-1,577,1194,578,-1,578,1194,1193,-1,578,1193,1135,-1,1008,618,1007,-1,553,1216,1135,-1,1135,1216,1217,-1,1135,1217,562,-1,562,1217,1218,-1,562,1218,1063,-1,864,1219,863,-1,863,1219,746,-1,863,746,1220,-1,1220,746,1221,-1,975,976,1190,-1,1190,976,650,-1,1190,650,1132,-1,1132,650,649,-1,1132,649,1211,-1,960,1222,666,-1,1223,1224,1101,-1,1210,1221,1209,-1,1209,1221,746,-1,1209,746,1225,-1,1225,746,745,-1,1225,745,1226,-1,777,1227,1170,-1,1170,1227,1188,-1,1170,1188,1228,-1,1228,1188,786,-1,1228,786,1229,-1,1229,786,785,-1,1230,1231,1132,-1,1231,1232,959,-1,1215,1233,70,-1,70,1233,1234,-1,70,1234,1101,-1,1101,1234,1235,-1,1101,1235,1223,-1,577,1236,1194,-1,1194,1236,1157,-1,1194,1157,586,-1,586,1157,1040,-1,586,1040,1237,-1,856,1238,855,-1,855,1238,754,-1,855,754,1239,-1,1239,754,1240,-1,1241,1242,1147,-1,967,968,1212,-1,1212,968,658,-1,1212,658,1132,-1,1132,658,657,-1,1132,657,1230,-1,1084,1243,70,-1,70,1243,554,-1,70,554,1214,-1,1214,554,1208,-1,1224,1244,1101,-1,1101,1244,1245,-1,1101,1245,1194,-1,1194,1245,1246,-1,1194,1246,1192,-1,562,561,1135,-1,1135,561,1247,-1,1135,1247,1136,-1,1226,1240,1225,-1,1225,1240,754,-1,1225,754,1147,-1,1147,754,753,-1,1147,753,1241,-1,1248,1106,1147,-1,1147,1106,770,-1,1147,770,1170,-1,1170,770,769,-1,1170,769,1201,-1,785,1249,1229,-1,1229,1249,1250,-1,1229,1250,794,-1,794,1250,1251,-1,794,1251,815,-1,1252,1253,1132,-1,586,585,1194,-1,1194,585,1254,-1,1194,1254,1154,-1,847,848,1255,-1,1255,848,1256,-1,1255,1256,1242,-1,1242,1256,762,-1,1242,762,1147,-1,1147,762,761,-1,1147,761,1248,-1,959,960,1231,-1,1231,960,666,-1,1231,666,1132,-1,1132,666,665,-1,1132,665,1252,-1,1031,1032,1154,-1,1154,1032,594,-1,1154,594,1194,-1,1194,594,593,-1,1047,1048,1109,-1,1109,1048,1135,-1,1109,1135,1257,-1,794,793,1229,-1,1229,793,1258,-1,1229,1258,1259,-1,801,1229,802,-1,802,1229,1259,-1,802,1259,1095,-1,1260,1261,1132,-1,593,1262,1194,-1,1194,1262,1180,-1,1194,1180,602,-1,602,1180,1024,-1,602,1024,1263,-1,1136,570,1135,-1,1135,570,569,-1,1135,569,1257,-1,1175,1264,1125,-1,1125,1264,1229,-1,1125,1229,1265,-1,1265,1229,801,-1,951,952,1266,-1,1266,952,1267,-1,1266,1267,1253,-1,1253,1267,674,-1,1253,674,1132,-1,1132,674,673,-1,1132,673,1260,-1,944,1268,943,-1,943,1268,682,-1,943,682,1269,-1,1269,682,1261,-1,1112,690,1270,-1,1270,690,1132,-1,1270,1132,1271,-1,1261,682,1132,-1,1132,682,681,-1,1132,681,1271,-1,602,601,1194,-1,1194,601,1272,-1,1194,1272,1273,-1,609,1194,610,-1,610,1194,1273,-1,610,1273,1204,-1,609,1274,1194,-1,1194,1274,1275,-1,1194,1275,618,-1,618,1275,1276,-1,618,1276,1007,-1,1132,1087,1096,-1,1096,1087,1089,-1,1096,1089,1277,-1,1277,1089,1194,-1,1277,1194,617,-1,617,1194,618,-1,1278,1279,809,-1,809,1279,1280,-1,809,1280,810,-1,810,1280,1281,-1,1282,1283,817,-1,817,1283,1284,-1,817,1284,818,-1,818,1284,1285,-1,1286,1287,825,-1,825,1287,1288,-1,825,1288,826,-1,826,1288,1289,-1,1290,1291,833,-1,833,1291,1292,-1,833,1292,834,-1,834,1292,1293,-1,1294,1295,841,-1,841,1295,1296,-1,841,1296,842,-1,842,1296,1297,-1,1298,1299,849,-1,849,1299,1300,-1,849,1300,850,-1,850,1300,1301,-1,1302,1303,857,-1,857,1303,1304,-1,857,1304,858,-1,858,1304,1305,-1,1306,1307,865,-1,865,1307,1308,-1,865,1308,866,-1,866,1308,1309,-1,1310,1311,873,-1,873,1311,1312,-1,873,1312,874,-1,874,1312,1313,-1,1314,1315,1316,-1,1316,1315,884,-1,1316,884,883,-1,1317,1318,1319,-1,1319,1318,1320,-1,1321,1322,1323,-1,1323,1322,1324,-1,1325,1326,1327,-1,1327,1326,1328,-1,1329,1330,1331,-1,1331,1330,1332,-1,1333,1334,1335,-1,1335,1334,1336,-1,1337,1338,1339,-1,1339,1338,1340,-1,1341,1342,1343,-1,1343,1342,1344,-1,1345,1346,1347,-1,1347,1346,1348,-1,1349,1350,1351,-1,1351,1350,1352,-1,1353,1354,1355,-1,1355,1354,1356,-1,1279,1317,1280,-1,1280,1317,1319,-1,1283,1321,1284,-1,1284,1321,1323,-1,1287,1325,1288,-1,1288,1325,1327,-1,1291,1329,1292,-1,1292,1329,1331,-1,1295,1333,1296,-1,1296,1333,1335,-1,1299,1337,1300,-1,1300,1337,1339,-1,1303,1341,1304,-1,1304,1341,1343,-1,1307,1345,1308,-1,1308,1345,1347,-1,1311,1349,1312,-1,1312,1349,1351,-1,1316,1353,1314,-1,1314,1353,1355,-1,1357,1358,1359,-1,886,1360,891,-1,891,1360,726,-1,891,726,1361,-1,820,1362,819,-1,819,1362,790,-1,812,1363,811,-1,811,1363,798,-1,811,798,1364,-1,1365,1366,1367,-1,1367,1366,1361,-1,1367,1361,725,-1,725,1361,726,-1,876,1368,875,-1,875,1368,734,-1,875,734,1369,-1,1369,734,1365,-1,1370,1371,1366,-1,844,1372,843,-1,843,1372,766,-1,843,766,1373,-1,1374,1375,1376,-1,1376,1375,1377,-1,1365,734,1366,-1,1366,734,733,-1,1366,733,1370,-1,868,1378,867,-1,867,1378,742,-1,867,742,1379,-1,1379,742,1371,-1,1366,1377,1380,-1,1381,1382,1366,-1,766,765,1366,-1,1366,765,1383,-1,1366,1383,1384,-1,836,1385,835,-1,835,1385,774,-1,835,774,1386,-1,1386,774,1384,-1,1359,1387,1357,-1,1357,1387,1366,-1,1357,1366,1388,-1,1388,1366,1380,-1,1371,742,1366,-1,1366,742,741,-1,1366,741,1381,-1,860,1389,859,-1,859,1389,750,-1,859,750,1390,-1,1390,750,1382,-1,1391,1392,1366,-1,1393,1394,1366,-1,1384,774,1366,-1,1366,774,773,-1,1366,773,1391,-1,828,1395,827,-1,827,1395,782,-1,827,782,1396,-1,1382,750,1366,-1,1366,750,749,-1,1366,749,1393,-1,852,1397,851,-1,851,1397,758,-1,851,758,1398,-1,1398,758,1394,-1,1373,766,1399,-1,1399,766,1366,-1,1399,1366,1400,-1,781,1366,782,-1,782,1366,1392,-1,782,1392,1396,-1,1394,758,1366,-1,1366,758,757,-1,1366,757,1400,-1,781,1401,1366,-1,1366,1401,1402,-1,1366,1402,790,-1,790,1402,1403,-1,790,1403,819,-1,790,789,1366,-1,1366,789,1404,-1,1366,1404,1405,-1,797,1366,798,-1,798,1366,1405,-1,798,1405,1364,-1,797,1406,1366,-1,1366,1406,1407,-1,1366,1407,1377,-1,1377,1407,1408,-1,1377,1408,1376,-1,732,1409,878,-1,1410,1411,1412,-1,1412,1411,1413,-1,1412,1413,1414,-1,813,1415,814,-1,814,1415,1416,-1,814,1416,1417,-1,1418,1419,1420,-1,1420,1419,1414,-1,1420,1414,1421,-1,1421,1414,1413,-1,897,1422,898,-1,898,1422,1423,-1,898,1423,1424,-1,1424,1423,1418,-1,1416,1425,1419,-1,1419,1425,787,-1,1419,787,788,-1,821,1426,822,-1,822,1426,1427,-1,822,1427,1428,-1,1428,1427,788,-1,803,804,1419,-1,779,780,1419,-1,1418,1423,1419,-1,1419,1423,1429,-1,1419,1429,803,-1,805,1430,806,-1,806,1430,1431,-1,806,1431,1432,-1,1432,1431,804,-1,1417,1416,796,-1,796,1416,1419,-1,796,1419,795,-1,788,1427,1419,-1,1419,1427,1433,-1,1419,1433,779,-1,829,1434,830,-1,830,1434,1435,-1,830,1435,1436,-1,804,1431,1419,-1,1419,1431,1437,-1,1419,1437,795,-1,1438,1419,1435,-1,1435,1419,780,-1,1435,780,1436,-1,837,1439,838,-1,838,1439,1440,-1,845,1441,846,-1,846,1441,1442,-1,846,1442,1443,-1,1443,1442,764,-1,1438,771,1419,-1,1419,771,772,-1,1419,772,1440,-1,1440,772,1444,-1,1440,1444,838,-1,853,1445,854,-1,854,1445,1446,-1,854,1446,1447,-1,1447,1446,756,-1,1440,1448,1419,-1,1419,1448,763,-1,1419,763,764,-1,755,756,1419,-1,747,748,1419,-1,764,1442,1419,-1,1419,1442,1449,-1,1419,1449,755,-1,756,1446,1419,-1,1419,1446,1450,-1,1419,1450,747,-1,861,1451,862,-1,862,1451,1452,-1,862,1452,1453,-1,1453,1452,748,-1,739,740,1419,-1,748,1452,1419,-1,1419,1452,1454,-1,1419,1454,739,-1,869,1455,870,-1,870,1455,1456,-1,870,1456,1457,-1,1458,1419,1456,-1,1456,1419,740,-1,1456,740,1457,-1,878,877,732,-1,732,877,1419,-1,732,1419,731,-1,731,1419,1458,-1,1459,1460,895,-1,1077,1461,1078,-1,1078,1461,550,-1,1078,550,1462,-1,1462,550,549,-1,1068,1463,1067,-1,1067,1463,558,-1,1067,558,1464,-1,1464,558,1465,-1,1466,1467,1468,-1,1060,1469,1059,-1,1059,1469,566,-1,1059,566,1470,-1,1470,566,1467,-1,1471,1472,1468,-1,549,1473,1462,-1,1462,1473,1465,-1,1462,1465,1468,-1,1465,558,1468,-1,1468,558,557,-1,1468,557,1466,-1,1467,566,1468,-1,1468,566,565,-1,1468,565,1471,-1,1052,1474,1051,-1,1051,1474,574,-1,1051,574,1475,-1,1475,574,1472,-1,1476,1477,1468,-1,996,1478,630,-1,1472,574,1468,-1,1468,574,573,-1,1468,573,1476,-1,1044,1479,1043,-1,1043,1479,582,-1,1043,582,1480,-1,1480,582,1477,-1,1481,1482,1468,-1,1483,1484,995,-1,1477,582,1468,-1,1468,582,581,-1,1468,581,1481,-1,1036,1485,1035,-1,1035,1485,590,-1,1035,590,1486,-1,1486,590,1482,-1,1487,1488,1468,-1,980,1489,646,-1,1482,590,1468,-1,1468,590,589,-1,1468,589,1487,-1,1490,987,1491,-1,1491,987,988,-1,1492,1493,979,-1,964,1494,662,-1,1495,971,1496,-1,1496,971,972,-1,1497,1498,963,-1,924,1499,923,-1,923,1499,702,-1,923,702,1500,-1,908,1501,718,-1,1502,915,1503,-1,1503,915,916,-1,1504,1505,907,-1,1506,1507,1468,-1,1020,1508,606,-1,1028,1509,1027,-1,1027,1509,598,-1,1027,598,1510,-1,1510,598,1488,-1,1488,598,1468,-1,1468,598,597,-1,1468,597,1506,-1,1507,1511,1019,-1,1012,1512,614,-1,1513,1514,1468,-1,1514,1515,1011,-1,1019,1020,1507,-1,1507,1020,606,-1,1507,606,1468,-1,1468,606,605,-1,1468,605,1513,-1,1011,1012,1514,-1,1514,1012,614,-1,1514,614,1468,-1,1468,614,613,-1,1516,1003,1517,-1,1517,1003,1004,-1,613,1518,1468,-1,1468,1518,1517,-1,1468,1517,622,-1,622,1517,1004,-1,622,1004,1519,-1,956,1520,955,-1,955,1520,670,-1,955,670,1521,-1,622,621,1468,-1,1468,621,1522,-1,1468,1522,1483,-1,670,669,1468,-1,1468,669,1523,-1,1468,1523,1524,-1,948,1525,947,-1,947,1525,678,-1,947,678,1526,-1,1526,678,1524,-1,1527,1528,1468,-1,1468,1529,694,-1,995,996,1483,-1,1483,996,630,-1,1483,630,1468,-1,1468,630,629,-1,1524,678,1468,-1,1468,678,677,-1,1468,677,1527,-1,940,1530,939,-1,939,1530,686,-1,939,686,1531,-1,1531,686,1528,-1,1529,1468,1532,-1,932,1533,931,-1,931,1533,694,-1,931,694,1534,-1,1534,694,1529,-1,629,1535,1468,-1,1468,1535,1491,-1,1468,1491,638,-1,638,1491,988,-1,638,988,1536,-1,1528,686,1468,-1,1468,686,685,-1,1468,685,1532,-1,694,693,1468,-1,1468,693,1537,-1,1468,1537,1538,-1,638,637,1468,-1,1468,637,1539,-1,1468,1539,1492,-1,701,1468,702,-1,702,1468,1538,-1,702,1538,1500,-1,979,980,1492,-1,1492,980,646,-1,1492,646,1468,-1,1468,646,645,-1,701,1540,1468,-1,1468,1540,1503,-1,1468,1503,710,-1,710,1503,916,-1,710,916,1541,-1,645,1542,1468,-1,1468,1542,1496,-1,1468,1496,654,-1,654,1496,972,-1,654,972,1543,-1,895,896,1459,-1,1459,896,1468,-1,1459,1468,1544,-1,710,709,1468,-1,1468,709,1545,-1,1468,1545,1504,-1,654,653,1468,-1,1468,653,1546,-1,1468,1546,1497,-1,1521,670,1547,-1,1547,670,1468,-1,1547,1468,1548,-1,907,908,1504,-1,1504,908,718,-1,1504,718,1468,-1,1468,718,717,-1,1468,717,1544,-1,963,964,1497,-1,1497,964,662,-1,1497,662,1468,-1,1468,662,661,-1,1468,661,1548,-1,556,1549,1080,-1,888,1550,889,-1,889,1550,1551,-1,889,1551,1552,-1,1552,1551,1553,-1,1553,723,1552,-1,1552,723,724,-1,1552,724,1554,-1,901,1555,902,-1,902,1555,1556,-1,902,1556,1557,-1,1557,1556,724,-1,715,716,1554,-1,724,1556,1554,-1,1554,1556,1558,-1,1554,1558,715,-1,909,1559,910,-1,910,1559,1560,-1,910,1560,1561,-1,1561,1560,716,-1,707,708,1554,-1,716,1560,1554,-1,1554,1560,1562,-1,1554,1562,707,-1,917,1563,918,-1,918,1563,1564,-1,918,1564,1565,-1,1565,1564,708,-1,925,1566,1567,-1,699,700,1554,-1,700,1568,926,-1,957,1569,958,-1,958,1569,1570,-1,708,1564,1554,-1,1554,1564,1571,-1,1554,1571,699,-1,1570,1572,1554,-1,1554,1572,659,-1,1554,659,660,-1,965,1573,966,-1,966,1573,1574,-1,966,1574,1575,-1,1575,1574,660,-1,651,652,1554,-1,1576,934,692,-1,692,934,933,-1,660,1574,1554,-1,1554,1574,1577,-1,1554,1577,651,-1,973,1578,974,-1,974,1578,1579,-1,974,1579,1580,-1,1580,1579,652,-1,643,644,1554,-1,1581,942,684,-1,684,942,941,-1,652,1579,1554,-1,1554,1579,1582,-1,1554,1582,643,-1,981,1583,982,-1,982,1583,1584,-1,982,1584,1585,-1,989,1586,990,-1,990,1586,1587,-1,1588,950,676,-1,676,950,949,-1,1554,1589,1590,-1,1591,1554,1584,-1,1584,1554,644,-1,1584,644,1585,-1,997,1592,998,-1,998,1592,1593,-1,998,1593,1594,-1,1590,667,1554,-1,1554,667,668,-1,1554,668,1570,-1,1570,668,1595,-1,1570,1595,958,-1,1005,1596,1006,-1,1006,1596,1597,-1,926,925,700,-1,700,925,1567,-1,700,1567,1554,-1,1554,1567,1598,-1,1013,1599,1014,-1,1014,1599,1600,-1,1014,1600,1601,-1,1601,1600,612,-1,1591,635,1554,-1,1554,635,636,-1,1554,636,1587,-1,1587,636,1602,-1,1587,1602,990,-1,1554,1603,1604,-1,1554,1605,1606,-1,1598,691,1554,-1,1554,691,692,-1,1554,692,1603,-1,1603,692,933,-1,1603,933,1607,-1,1021,1608,1022,-1,1022,1608,1609,-1,1022,1609,1610,-1,1604,683,1554,-1,1554,683,684,-1,1554,684,1605,-1,1605,684,941,-1,1605,941,1611,-1,1606,675,1554,-1,1554,675,676,-1,1554,676,1589,-1,1589,676,949,-1,1589,949,1612,-1,1587,1613,1554,-1,1554,1613,627,-1,1554,627,628,-1,1614,1554,1593,-1,1593,1554,628,-1,1593,628,1594,-1,1609,1615,1554,-1,1554,1615,595,-1,1554,595,596,-1,1029,1616,1030,-1,1030,1616,1617,-1,1030,1617,1618,-1,1618,1617,596,-1,1614,619,1554,-1,1554,619,620,-1,1554,620,1597,-1,1597,620,1619,-1,1597,1619,1006,-1,587,588,1554,-1,596,1617,1554,-1,1554,1617,1620,-1,1554,1620,587,-1,1037,1621,1038,-1,1038,1621,1622,-1,1038,1622,1623,-1,1623,1622,588,-1,1597,1624,1554,-1,1554,1624,611,-1,1554,611,612,-1,1610,1609,604,-1,604,1609,1554,-1,604,1554,603,-1,579,580,1554,-1,612,1600,1554,-1,1554,1600,1625,-1,1554,1625,603,-1,588,1622,1554,-1,1554,1622,1626,-1,1554,1626,579,-1,1045,1627,1046,-1,1046,1627,1628,-1,1046,1628,1629,-1,1629,1628,580,-1,571,572,1554,-1,563,564,1554,-1,580,1628,1554,-1,1554,1628,1630,-1,1554,1630,571,-1,1053,1631,1054,-1,1054,1631,1632,-1,1054,1632,1633,-1,1633,1632,572,-1,572,1632,1554,-1,1554,1632,1634,-1,1554,1634,563,-1,1061,1635,1062,-1,1062,1635,1636,-1,1062,1636,1637,-1,1638,1554,1636,-1,1636,1554,564,-1,1636,564,1637,-1,1080,1079,556,-1,556,1079,1554,-1,556,1554,555,-1,555,1554,1638,-1,905,1639,906,-1,906,1639,1640,-1,906,1640,1641,-1,1641,1640,1642,-1,1643,1644,913,-1,913,1644,1645,-1,913,1645,914,-1,914,1645,1646,-1,1647,1648,921,-1,921,1648,1649,-1,921,1649,922,-1,922,1649,1650,-1,1651,1652,929,-1,929,1652,1653,-1,929,1653,930,-1,930,1653,1654,-1,1655,1656,937,-1,937,1656,1657,-1,937,1657,938,-1,938,1657,1658,-1,1659,1660,945,-1,945,1660,1661,-1,945,1661,946,-1,946,1661,1662,-1,1663,1664,953,-1,953,1664,1665,-1,953,1665,954,-1,954,1665,1666,-1,961,1667,962,-1,962,1667,1668,-1,962,1668,1669,-1,1669,1668,1670,-1,969,1671,970,-1,970,1671,1672,-1,970,1672,1673,-1,1673,1672,1674,-1,977,1675,978,-1,978,1675,1676,-1,978,1676,1677,-1,1677,1676,1678,-1,985,1679,986,-1,986,1679,1680,-1,986,1680,1681,-1,1681,1680,1682,-1,993,1683,994,-1,994,1683,1684,-1,994,1684,1685,-1,1685,1684,1686,-1,1001,1687,1002,-1,1002,1687,1688,-1,1002,1688,1689,-1,1689,1688,1690,-1,1009,1691,1010,-1,1010,1691,1692,-1,1010,1692,1693,-1,1693,1692,1694,-1,1017,1695,1018,-1,1018,1695,1696,-1,1018,1696,1697,-1,1697,1696,1698,-1,1025,1699,1026,-1,1026,1699,1700,-1,1026,1700,1701,-1,1701,1700,1702,-1,1033,1703,1034,-1,1034,1703,1704,-1,1034,1704,1705,-1,1705,1704,1706,-1,1041,1707,1042,-1,1042,1707,1708,-1,1042,1708,1709,-1,1709,1708,1710,-1,1049,1711,1050,-1,1050,1711,1712,-1,1050,1712,1713,-1,1713,1712,1714,-1,1057,1715,1058,-1,1058,1715,1716,-1,1058,1716,1717,-1,1717,1716,1718,-1,1065,1719,1066,-1,1066,1719,1720,-1,1066,1720,1721,-1,1721,1720,1722,-1,1723,1724,1725,-1,1725,1724,1075,-1,1725,1075,1074,-1,1726,1727,1728,-1,1728,1727,1729,-1,1730,1731,1732,-1,1732,1731,1733,-1,1734,1735,1736,-1,1736,1735,1737,-1,1738,1739,1740,-1,1740,1739,1741,-1,1742,1743,1744,-1,1744,1743,1745,-1,1746,1747,1748,-1,1748,1747,1749,-1,1750,1751,1752,-1,1752,1751,1753,-1,1754,1755,1756,-1,1756,1755,1757,-1,1758,1759,1760,-1,1760,1759,1761,-1,1762,1763,1764,-1,1764,1763,1765,-1,1766,1767,1768,-1,1768,1767,1769,-1,1770,1771,1772,-1,1772,1771,1773,-1,1774,1775,1776,-1,1776,1775,1777,-1,1778,1779,1780,-1,1780,1779,1781,-1,1782,1783,1784,-1,1784,1783,1785,-1,1786,1787,1788,-1,1788,1787,1789,-1,1790,1791,1792,-1,1792,1791,1793,-1,1794,1795,1796,-1,1796,1795,1797,-1,1798,1799,1800,-1,1800,1799,1801,-1,1802,1803,1804,-1,1804,1803,1805,-1,1806,1807,1808,-1,1808,1807,1809,-1,1810,1811,1812,-1,1812,1811,1813,-1,1640,1726,1642,-1,1642,1726,1728,-1,1644,1730,1645,-1,1645,1730,1732,-1,1648,1734,1649,-1,1649,1734,1736,-1,1652,1738,1653,-1,1653,1738,1740,-1,1656,1742,1657,-1,1657,1742,1744,-1,1660,1746,1661,-1,1661,1746,1748,-1,1664,1750,1665,-1,1665,1750,1752,-1,1668,1754,1670,-1,1670,1754,1756,-1,1672,1758,1674,-1,1674,1758,1760,-1,1676,1762,1678,-1,1678,1762,1764,-1,1680,1766,1682,-1,1682,1766,1768,-1,1684,1770,1686,-1,1686,1770,1772,-1,1688,1774,1690,-1,1690,1774,1776,-1,1692,1778,1694,-1,1694,1778,1780,-1,1696,1782,1698,-1,1698,1782,1784,-1,1700,1786,1702,-1,1702,1786,1788,-1,1704,1790,1706,-1,1706,1790,1792,-1,1708,1794,1710,-1,1710,1794,1796,-1,1712,1798,1714,-1,1714,1798,1800,-1,1716,1802,1718,-1,1718,1802,1804,-1,1720,1806,1722,-1,1722,1806,1808,-1,1725,1810,1723,-1,1723,1810,1812,-1,1814,1815,1816,-1,1816,1815,1817,-1,1818,1819,1820,-1,1820,1819,1821,-1,1822,1823,1824,-1,1824,1823,1825,-1,1826,1827,1828,-1,1828,1827,1829,-1,1830,1831,1832,-1,1832,1831,1833,-1,1834,1835,1836,-1,1836,1835,1837,-1,1838,1839,1840,-1,1840,1839,1841,-1,1842,1843,1844,-1,1844,1843,1845,-1,1846,1847,1848,-1,1848,1847,1849,-1,1850,1851,1852,-1,1852,1851,1853,-1,1854,1855,1856,-1,1856,1855,1857,-1,1858,1859,1860,-1,1860,1859,1861,-1,1862,1863,1864,-1,1864,1863,1865,-1,1866,1867,1868,-1,1868,1867,1869,-1,1870,1871,1872,-1,1872,1871,1873,-1,1874,1875,1876,-1,1876,1875,1877,-1,1878,1879,1880,-1,1880,1879,1881,-1,1882,1883,1884,-1,1884,1883,1885,-1,1886,1887,1888,-1,1888,1887,1889,-1,1890,1891,1892,-1,1892,1891,1893,-1,1894,1895,1896,-1,1896,1895,1897,-1,1898,1899,1900,-1,1900,1899,1901,-1,1902,1903,1904,-1,1904,1903,1905,-1,1906,1907,1908,-1,1908,1907,1909,-1,1910,1911,1912,-1,1912,1911,1913,-1,1914,1915,1916,-1,1916,1915,1917,-1,1918,1919,1920,-1,1920,1919,1921,-1,1922,1923,1924,-1,1924,1923,1925,-1,1926,1927,1928,-1,1928,1927,1929,-1,1930,1931,1932,-1,1932,1931,1933,-1,1934,1935,1936,-1,1936,1935,1937,-1,1938,1939,1940,-1,1940,1939,1941,-1,1942,1943,1944,-1,1944,1943,1945,-1,1946,1947,1948,-1,1948,1947,1949,-1,1950,1951,1952,-1,1952,1951,1953,-1,1954,1955,1956,-1,1956,1955,1957,-1,1958,1959,1960,-1,1960,1959,1961,-1,1962,1963,1964,-1,1964,1963,1965,-1,1966,1967,1968,-1,1968,1967,1969,-1,1970,1971,1972,-1,1972,1971,1973,-1,1974,1975,1976,-1,1976,1975,1977,-1,1978,1979,1980,-1,1980,1979,1981,-1,1982,1983,1984,-1,1984,1983,1985,-1,1986,1987,1988,-1,1988,1987,1989,-1,1990,1991,1992,-1,1992,1991,1993,-1,1994,1995,1996,-1,1996,1995,1997,-1,1998,1999,2000,-1,2000,1999,2001,-1,2002,2003,2004,-1,2004,2003,2005,-1,2006,2007,2008,-1,2008,2007,2009,-1,2010,2011,2012,-1,2012,2011,2013,-1,2014,2015,2016,-1,2016,2015,2017,-1,2018,2019,2020,-1,2020,2019,2021,-1,2022,2023,2024,-1,2024,2023,2025,-1,2026,2027,2028,-1,2028,2027,2029,-1,2030,2031,2032,-1,2032,2031,2033,-1,2034,2035,2036,-1,2036,2035,2037,-1,2038,2039,2040,-1,2040,2039,2041,-1,2042,2043,2044,-1,2044,2043,2045,-1,2046,2047,2048,-1,2048,2047,2049,-1,2050,2051,2052,-1,2052,2051,2053,-1,2054,2055,2056,-1,2056,2055,2057,-1,2058,2059,2060,-1,2060,2059,2061,-1,2062,2063,2064,-1,2064,2063,2065,-1,2066,2067,2068,-1,2068,2067,2069,-1,2070,2071,2072,-1,2072,2071,2073,-1,2074,2075,2076,-1,2076,2075,2077,-1,2078,2079,2080,-1,2080,2079,2081,-1,2082,2083,2084,-1,2084,2083,2085,-1,2086,2087,2088,-1,2088,2087,2089,-1,2090,2091,2092,-1,2092,2091,2093,-1,2094,2095,2096,-1,2096,2095,2097,-1,2098,2099,2100,-1,2100,2099,2101,-1,2102,2103,2104,-1,2104,2103,2105,-1,2106,2107,2108,-1,2108,2107,2109,-1,2110,2111,2112,-1,2112,2111,2113,-1,2114,2115,2116,-1,2116,2115,2117,-1,2118,2119,2120,-1,2120,2119,2121,-1,2122,2123,2124,-1,2124,2123,2125,-1,2126,2127,2128,-1,2128,2127,2129,-1,2130,2131,2132,-1,2132,2131,2133,-1,2134,2135,2136,-1,2136,2135,2137,-1,2138,2139,2140,-1,2140,2139,2141,-1,2142,2143,2144,-1,2144,2143,2145,-1,2146,2147,2148,-1,2148,2147,2149,-1,2150,2151,2152,-1,2152,2151,2153,-1,2154,2155,2156,-1,2156,2155,2157,-1,2158,2159,2160,-1,2160,2159,2161,-1,2162,2163,2164,-1,2164,2163,2165,-1,2166,2167,2168,-1,2168,2167,2169,-1,2170,2171,2172,-1,2172,2171,2173,-1,2174,2175,2176,-1,2176,2175,2177,-1,2178,2179,2180,-1,2180,2179,2181,-1,2182,2183,2184,-1,2184,2183,2185,-1,2186,2187,2188,-1,2188,2187,2189,-1,2190,2191,2192,-1,2192,2191,2193,-1,2194,2195,2196,-1,2196,2195,2197,-1,2198,2199,2200,-1,2200,2199,2201,-1,2202,1168,1167,-1,2203,1086,2204,-1,2204,1086,1085,-1,4,1099,2205,-1,2206,2207,2204,-1,2204,2207,2208,-1,2204,2208,2203,-1,2203,2208,2209,-1,2203,2209,2205,-1,2205,2209,541,-1,2205,541,4,-1,2210,1120,1119,-1,2211,2212,2213,-1,2214,2215,2216,-1,2216,2215,2217,-1,2216,2218,2211,-1,2211,2218,2219,-1,2211,2219,2212,-1,2220,2221,2222,-1,2213,2223,2211,-1,2211,2223,2224,-1,2211,2224,2225,-1,2222,2202,2220,-1,2220,2202,1167,-1,2220,1167,2217,-1,2217,1167,2226,-1,2217,2226,2216,-1,2216,2226,2210,-1,2216,2210,2218,-1,2218,2210,1119,-1,2225,2227,2211,-1,2211,2227,2228,-1,2211,2228,2229,-1,2229,2230,2211,-1,2211,2230,2231,-1,2211,2231,2232,-1,2232,2233,2211,-1,2211,2233,2234,-1,2211,2234,2235,-1,2234,2236,2235,-1,2235,2236,2237,-1,2235,2237,2238,-1,2238,2239,2235,-1,2235,2239,2240,-1,2235,2240,2241,-1,2241,2242,2235,-1,2235,2242,2243,-1,2235,2243,2244,-1,2244,2245,2235,-1,2235,2245,2246,-1,2235,2246,2247,-1,2247,2248,2235,-1,2235,2248,2249,-1,2235,2249,2250,-1,2251,2252,2209,-1,2209,2252,2253,-1,2209,2253,541,-1,541,2253,2235,-1,541,2235,2254,-1,2254,2235,2250,-1,2255,2256,2257,-1,2257,2256,2258,-1,2259,2260,2261,-1,2262,2263,2264,-1,2265,2266,2267,-1,2268,2269,2270,-1,2271,2272,2273,-1,2274,2275,2276,-1,2277,2278,2279,-1,2280,2281,2282,-1,2283,2284,2285,-1,2286,2287,2288,-1,2277,2289,2290,-1,2277,2291,2292,-1,2277,2293,2294,-1,2277,2295,2296,-1,2277,2297,2298,-1,2299,2277,2300,-1,2300,2277,2290,-1,2300,2290,2288,-1,2288,2290,2301,-1,2288,2301,2286,-1,2289,2277,2285,-1,2285,2277,2302,-1,2285,2302,2283,-1,2282,2281,2303,-1,2281,2304,2303,-1,2303,2304,2305,-1,2303,2305,2306,-1,2306,2305,2307,-1,2306,2307,2308,-1,2280,2282,2279,-1,2279,2282,2309,-1,2279,2309,2277,-1,2277,2310,2278,-1,2278,2310,2311,-1,2278,2311,2276,-1,2276,2311,2312,-1,2276,2312,2274,-1,2313,2314,2315,-1,2315,2314,2316,-1,2315,2316,2317,-1,2315,2310,2313,-1,2313,2310,2277,-1,2313,2277,2318,-1,2318,2277,2298,-1,2318,2298,2273,-1,2273,2298,2319,-1,2273,2319,2271,-1,2320,2321,2322,-1,2322,2321,2323,-1,2322,2323,2324,-1,2322,2297,2320,-1,2320,2297,2277,-1,2320,2277,2325,-1,2325,2277,2296,-1,2325,2296,2270,-1,2270,2296,2326,-1,2270,2326,2268,-1,2327,2328,2329,-1,2329,2328,2330,-1,2329,2330,2331,-1,2329,2295,2327,-1,2327,2295,2277,-1,2327,2277,2332,-1,2332,2277,2294,-1,2332,2294,2267,-1,2267,2294,2333,-1,2267,2333,2265,-1,2334,2335,2336,-1,2336,2335,2337,-1,2336,2337,2338,-1,2336,2293,2334,-1,2334,2293,2277,-1,2334,2277,2339,-1,2339,2277,2292,-1,2339,2292,2264,-1,2264,2292,2340,-1,2264,2340,2262,-1,2341,2342,2343,-1,2343,2342,2344,-1,2343,2344,2345,-1,2343,2291,2341,-1,2341,2291,2277,-1,2341,2277,2346,-1,2346,2277,2299,-1,2346,2299,2261,-1,2261,2299,2347,-1,2261,2347,2259,-1,2348,2260,2349,-1,2349,2260,2259,-1,2350,2345,2351,-1,2351,2345,2344,-1,2352,2263,2353,-1,2353,2263,2262,-1,2354,2338,2355,-1,2355,2338,2337,-1,2356,2266,2357,-1,2357,2266,2265,-1,2358,2331,2359,-1,2359,2331,2330,-1,2360,2269,2361,-1,2361,2269,2268,-1,2362,2324,2363,-1,2363,2324,2323,-1,2364,2272,2365,-1,2365,2272,2271,-1,2366,2317,2367,-1,2367,2317,2316,-1,2368,2275,2369,-1,2369,2275,2274,-1,2370,2348,2371,-1,2371,2348,2349,-1,2372,2350,2373,-1,2373,2350,2351,-1,2374,2352,2375,-1,2375,2352,2353,-1,2376,2354,2377,-1,2377,2354,2355,-1,2378,2356,2379,-1,2379,2356,2357,-1,2380,2358,2381,-1,2381,2358,2359,-1,2382,2360,2383,-1,2383,2360,2361,-1,2384,2362,2385,-1,2385,2362,2363,-1,2386,2364,2387,-1,2387,2364,2365,-1,2388,2366,2389,-1,2389,2366,2367,-1,2390,2368,2391,-1,2391,2368,2369,-1,2392,540,541,-1,2393,2394,2395,-1,2395,2396,2393,-1,2393,2396,2397,-1,2393,2397,2254,-1,2398,2399,2400,-1,2398,2395,2399,-1,2399,2395,2394,-1,2399,2394,2401,-1,2401,2394,2392,-1,2401,2392,2402,-1,2402,2392,541,-1,2402,541,2400,-1,2400,541,2254,-1,2400,2254,2398,-1,2398,2254,2397,-1,2403,2404,2405,-1,2406,2407,2408,-1,2408,2407,2403,-1,2403,2407,2409,-1,2403,2409,2410,-1,2410,2409,2411,-1,2410,2411,2412,-1,2406,2212,2411,-1,2411,2212,2219,-1,2411,2219,2412,-1,2412,2219,2218,-1,2412,2218,2413,-1,2414,2250,2415,-1,2250,2414,2254,-1,2254,2414,2416,-1,2254,2416,2393,-1,2393,2416,2417,-1,2393,2417,2415,-1,2415,2417,2418,-1,2415,2418,2414,-1,2419,2249,2420,-1,2249,2419,2250,-1,2250,2419,2421,-1,2250,2421,2415,-1,2415,2421,2422,-1,2415,2422,2420,-1,2420,2422,2423,-1,2420,2423,2419,-1,2424,2248,2425,-1,2248,2424,2249,-1,2249,2424,2426,-1,2249,2426,2420,-1,2420,2426,2427,-1,2420,2427,2425,-1,2425,2427,2428,-1,2425,2428,2424,-1,2429,2247,2430,-1,2247,2429,2248,-1,2248,2429,2431,-1,2248,2431,2425,-1,2425,2431,2432,-1,2425,2432,2430,-1,2430,2432,2433,-1,2430,2433,2429,-1,2434,2246,2435,-1,2246,2434,2247,-1,2247,2434,2436,-1,2247,2436,2430,-1,2430,2436,2437,-1,2430,2437,2435,-1,2435,2437,2438,-1,2435,2438,2434,-1,2439,2245,2440,-1,2245,2439,2246,-1,2246,2439,2441,-1,2246,2441,2435,-1,2435,2441,2442,-1,2435,2442,2440,-1,2440,2442,2443,-1,2440,2443,2439,-1,2444,2244,2445,-1,2244,2444,2245,-1,2245,2444,2446,-1,2245,2446,2440,-1,2440,2446,2447,-1,2440,2447,2445,-1,2445,2447,2448,-1,2445,2448,2444,-1,2449,2450,2244,-1,2244,2450,2445,-1,2445,2450,2451,-1,2445,2451,2452,-1,2453,2454,2455,-1,2455,2454,2456,-1,2455,2456,2243,-1,2243,2456,2244,-1,2244,2456,2457,-1,2244,2457,2449,-1,2449,2457,2453,-1,2449,2453,2452,-1,2452,2453,2455,-1,2452,2455,2445,-1,2458,2242,2459,-1,2242,2458,2243,-1,2243,2458,2460,-1,2243,2460,2455,-1,2455,2460,2461,-1,2455,2461,2459,-1,2459,2461,2462,-1,2459,2462,2458,-1,2463,2241,2464,-1,2241,2463,2242,-1,2242,2463,2465,-1,2242,2465,2459,-1,2459,2465,2466,-1,2459,2466,2464,-1,2464,2466,2467,-1,2464,2467,2463,-1,2468,2240,2469,-1,2240,2468,2241,-1,2241,2468,2470,-1,2241,2470,2464,-1,2464,2470,2471,-1,2464,2471,2469,-1,2469,2471,2472,-1,2469,2472,2468,-1,2473,2239,2474,-1,2239,2473,2240,-1,2240,2473,2475,-1,2240,2475,2469,-1,2469,2475,2476,-1,2469,2476,2474,-1,2474,2476,2477,-1,2474,2477,2473,-1,2478,2238,2479,-1,2238,2478,2239,-1,2239,2478,2480,-1,2239,2480,2474,-1,2474,2480,2481,-1,2474,2481,2479,-1,2479,2481,2482,-1,2479,2482,2478,-1,2483,2237,2484,-1,2237,2483,2238,-1,2238,2483,2485,-1,2238,2485,2479,-1,2479,2485,2486,-1,2479,2486,2484,-1,2484,2486,2487,-1,2484,2487,2483,-1,2488,2489,2237,-1,2237,2489,2484,-1,2484,2489,2490,-1,2484,2490,2491,-1,2492,2493,2494,-1,2494,2493,2495,-1,2494,2495,2236,-1,2236,2495,2237,-1,2237,2495,2496,-1,2237,2496,2488,-1,2488,2496,2492,-1,2488,2492,2491,-1,2491,2492,2494,-1,2491,2494,2484,-1,2497,2234,2498,-1,2234,2497,2236,-1,2236,2497,2499,-1,2236,2499,2494,-1,2494,2499,2500,-1,2494,2500,2498,-1,2498,2500,2501,-1,2498,2501,2497,-1,2502,2233,2503,-1,2233,2502,2234,-1,2234,2502,2504,-1,2234,2504,2498,-1,2498,2504,2505,-1,2498,2505,2503,-1,2503,2505,2506,-1,2503,2506,2502,-1,2503,2507,2508,-1,2507,2503,2509,-1,2509,2503,2233,-1,2509,2233,2510,-1,2510,2233,2232,-1,2510,2232,2508,-1,2508,2232,2511,-1,2508,2511,2503,-1,2512,2231,2513,-1,2231,2512,2232,-1,2232,2512,2514,-1,2232,2514,2511,-1,2511,2514,2515,-1,2511,2515,2513,-1,2513,2515,2516,-1,2513,2516,2512,-1,2517,2230,2518,-1,2230,2517,2231,-1,2231,2517,2519,-1,2231,2519,2513,-1,2513,2519,2520,-1,2513,2520,2518,-1,2518,2520,2521,-1,2518,2521,2517,-1,2522,2229,2523,-1,2229,2522,2230,-1,2230,2522,2524,-1,2230,2524,2518,-1,2518,2524,2525,-1,2518,2525,2523,-1,2523,2525,2526,-1,2523,2526,2522,-1,2527,2228,2528,-1,2228,2527,2229,-1,2229,2527,2529,-1,2229,2529,2523,-1,2523,2529,2530,-1,2523,2530,2528,-1,2528,2530,2531,-1,2528,2531,2527,-1,2532,2533,2228,-1,2228,2533,2528,-1,2528,2533,2534,-1,2528,2534,2535,-1,2536,2537,2538,-1,2538,2537,2539,-1,2538,2539,2227,-1,2227,2539,2228,-1,2228,2539,2540,-1,2228,2540,2532,-1,2532,2540,2536,-1,2532,2536,2535,-1,2535,2536,2538,-1,2535,2538,2528,-1,2541,2225,2542,-1,2225,2541,2227,-1,2227,2541,2543,-1,2227,2543,2538,-1,2538,2543,2544,-1,2538,2544,2542,-1,2542,2544,2545,-1,2542,2545,2541,-1,2546,2224,2547,-1,2224,2546,2225,-1,2225,2546,2548,-1,2225,2548,2542,-1,2542,2548,2549,-1,2542,2549,2547,-1,2547,2549,2550,-1,2547,2550,2546,-1,2551,2223,2552,-1,2223,2551,2224,-1,2224,2551,2553,-1,2224,2553,2547,-1,2547,2553,2554,-1,2547,2554,2552,-1,2552,2554,2555,-1,2552,2555,2551,-1,2556,2213,2557,-1,2213,2556,2223,-1,2223,2556,2558,-1,2223,2558,2552,-1,2552,2558,2559,-1,2552,2559,2557,-1,2557,2559,2560,-1,2557,2560,2556,-1,2406,2408,2212,-1,2212,2408,2561,-1,2212,2561,2213,-1,2213,2561,2562,-1,2213,2562,2557,-1,2557,2562,2563,-1,2557,2563,2408,-1,2408,2563,2564,-1,2408,2564,2561,-1,2403,2405,2408,-1,2408,2405,2565,-1,2408,2565,2557,-1,2557,2565,2566,-1,2557,2566,2552,-1,2552,2566,2567,-1,2552,2567,2547,-1,2547,2567,2568,-1,2547,2568,2542,-1,2542,2568,2569,-1,2542,2569,2538,-1,2538,2569,2570,-1,2538,2570,2528,-1,2528,2570,2571,-1,2528,2571,2523,-1,2523,2571,2572,-1,2523,2572,2518,-1,2518,2572,2573,-1,2518,2573,2513,-1,2513,2573,2574,-1,2513,2574,2511,-1,2511,2574,2575,-1,2511,2575,2503,-1,2503,2575,2576,-1,2503,2576,2498,-1,2498,2576,2577,-1,2498,2577,2494,-1,2494,2577,2578,-1,2494,2578,2484,-1,2484,2578,2579,-1,2484,2579,2479,-1,2479,2579,2580,-1,2479,2580,2474,-1,2474,2580,2581,-1,2474,2581,2469,-1,2469,2581,2582,-1,2469,2582,2464,-1,2464,2582,2583,-1,2464,2583,2459,-1,2459,2583,2584,-1,2459,2584,2455,-1,2455,2584,2585,-1,2455,2585,2445,-1,2445,2585,2586,-1,2445,2586,2440,-1,2440,2586,2587,-1,2440,2587,2435,-1,2435,2587,2588,-1,2435,2588,2430,-1,2430,2588,2589,-1,2430,2589,2425,-1,2425,2589,2590,-1,2425,2590,2420,-1,2420,2590,2591,-1,2420,2591,2415,-1,2415,2591,2592,-1,2415,2592,2393,-1,2393,2592,2593,-1,2393,2593,2394,-1,2594,2595,2596,-1,2596,2595,2597,-1,2596,2597,1950,-1,1950,2597,1951,-1,2598,2599,2600,-1,2600,2599,2601,-1,2600,2601,1958,-1,1958,2601,1959,-1,2602,2603,2604,-1,2604,2603,2605,-1,2604,2605,1966,-1,1966,2605,1967,-1,2606,2607,2608,-1,2608,2607,2609,-1,2608,2609,1974,-1,1974,2609,1975,-1,1983,1982,2610,-1,2610,1982,2611,-1,2610,2611,2612,-1,2612,2611,2613,-1,1991,1990,2614,-1,2614,1990,2615,-1,2614,2615,2616,-1,2616,2615,2617,-1,1999,1998,2618,-1,2618,1998,2619,-1,2618,2619,2620,-1,2620,2619,2621,-1,2622,2623,2624,-1,2624,2623,2625,-1,2624,2625,2006,-1,2006,2625,2007,-1,2626,2627,2628,-1,2628,2627,2629,-1,2628,2629,2014,-1,2014,2629,2015,-1,2023,2022,2630,-1,2630,2022,2631,-1,2630,2631,2632,-1,2632,2631,2633,-1,2031,2030,2634,-1,2634,2030,2635,-1,2634,2635,2636,-1,2636,2635,2637,-1,2638,2639,2038,-1,2038,2639,2640,-1,2038,2640,2039,-1,2039,2640,2641,-1,2046,2642,2047,-1,2047,2642,2643,-1,2047,2643,2644,-1,2644,2643,2645,-1,2646,2647,2054,-1,2054,2647,2648,-1,2054,2648,2055,-1,2055,2648,2649,-1,2650,2651,2062,-1,2062,2651,2652,-1,2062,2652,2063,-1,2063,2652,2653,-1,2070,2654,2071,-1,2071,2654,2655,-1,2071,2655,2656,-1,2656,2655,2657,-1,2658,2659,2078,-1,2078,2659,2660,-1,2078,2660,2079,-1,2079,2660,2661,-1,2086,2662,2087,-1,2087,2662,2663,-1,2087,2663,2664,-1,2664,2663,2665,-1,2666,2667,2094,-1,2094,2667,2668,-1,2094,2668,2095,-1,2095,2668,2669,-1,2670,2671,2102,-1,2102,2671,2672,-1,2102,2672,2103,-1,2103,2672,2673,-1,2674,2675,2110,-1,2110,2675,2676,-1,2110,2676,2111,-1,2111,2676,2677,-1,2678,2679,2680,-1,2680,2679,2681,-1,2680,2681,2118,-1,2118,2681,2119,-1,2127,2126,2682,-1,2682,2126,2683,-1,2682,2683,2684,-1,2684,2683,2685,-1,2135,2134,2686,-1,2686,2134,2687,-1,2686,2687,2688,-1,2688,2687,2689,-1,2143,2142,2690,-1,2690,2142,2691,-1,2690,2691,2692,-1,2692,2691,2693,-1,2694,2695,2150,-1,2150,2695,2696,-1,2150,2696,2151,-1,2151,2696,2697,-1,2698,2699,2158,-1,2158,2699,2700,-1,2158,2700,2159,-1,2159,2700,2701,-1,2702,2703,2166,-1,2166,2703,2704,-1,2166,2704,2167,-1,2167,2704,2705,-1,2706,2707,2174,-1,2174,2707,2708,-1,2174,2708,2175,-1,2175,2708,2709,-1,2710,2711,2182,-1,2182,2711,2712,-1,2182,2712,2183,-1,2183,2712,2713,-1,2714,2715,2190,-1,2190,2715,2716,-1,2190,2716,2191,-1,2191,2716,2717,-1,2199,2198,2718,-1,2718,2198,2719,-1,2718,2719,2720,-1,2720,2719,2721,-1,2206,2204,2722,-1,2722,2204,2723,-1,2722,2723,2724,-1,1948,1949,2725,-1,2725,1949,2726,-1,2725,2726,2727,-1,2727,2726,2728,-1,1956,1957,2729,-1,2729,1957,2730,-1,2729,2730,2731,-1,2731,2730,2732,-1,1964,1965,2733,-1,2733,1965,2734,-1,2733,2734,2735,-1,2735,2734,2736,-1,1972,1973,2737,-1,2737,1973,2738,-1,2737,2738,2739,-1,2739,2738,2740,-1,1980,1981,2741,-1,2741,1981,2742,-1,2741,2742,2743,-1,2743,2742,2744,-1,1988,1989,2745,-1,2745,1989,2746,-1,2745,2746,2747,-1,2747,2746,2748,-1,2749,2750,2751,-1,2751,2750,2752,-1,2751,2752,1997,-1,1997,2752,1996,-1,2004,2005,2753,-1,2753,2005,2754,-1,2753,2754,2755,-1,2755,2754,2756,-1,2012,2013,2757,-1,2757,2013,2758,-1,2757,2758,2759,-1,2759,2758,2760,-1,2020,2021,2761,-1,2761,2021,2762,-1,2761,2762,2763,-1,2763,2762,2764,-1,2765,2766,2767,-1,2028,2029,2767,-1,2767,2029,2768,-1,2767,2768,2765,-1,2037,2769,2036,-1,2036,2769,2770,-1,2036,2770,2771,-1,2771,2770,2772,-1,2044,2045,2773,-1,2773,2045,2774,-1,2773,2774,2775,-1,2775,2774,2776,-1,2053,2777,2052,-1,2052,2777,2778,-1,2052,2778,2779,-1,2779,2778,2780,-1,2061,2781,2060,-1,2060,2781,2782,-1,2060,2782,2783,-1,2783,2782,2784,-1,2068,2069,2785,-1,2785,2069,2786,-1,2785,2786,2787,-1,2787,2786,2788,-1,2077,2789,2076,-1,2076,2789,2790,-1,2076,2790,2791,-1,2791,2790,2792,-1,2084,2085,2793,-1,2793,2085,2794,-1,2793,2794,2795,-1,2795,2794,2796,-1,2092,2093,2797,-1,2797,2093,2798,-1,2797,2798,2799,-1,2799,2798,2800,-1,2100,2101,2801,-1,2801,2101,2802,-1,2801,2802,2803,-1,2803,2802,2804,-1,2108,2109,2805,-1,2805,2109,2806,-1,2805,2806,2807,-1,2807,2806,2808,-1,2116,2117,2809,-1,2809,2117,2810,-1,2809,2810,2811,-1,2811,2810,2812,-1,2813,2814,2815,-1,2815,2814,2816,-1,2815,2816,2125,-1,2125,2816,2124,-1,2817,2818,2819,-1,2819,2818,2820,-1,2819,2820,2133,-1,2133,2820,2132,-1,2821,2822,2823,-1,2823,2822,2824,-1,2823,2824,2141,-1,2141,2824,2140,-1,2148,2149,2825,-1,2825,2149,2826,-1,2825,2826,2827,-1,2827,2826,2828,-1,2829,2830,2157,-1,2157,2830,2831,-1,2157,2831,2156,-1,2156,2831,2832,-1,2833,2834,2165,-1,2165,2834,2835,-1,2165,2835,2164,-1,2164,2835,2836,-1,2837,2838,2173,-1,2173,2838,2839,-1,2173,2839,2172,-1,2172,2839,2840,-1,2841,2842,2181,-1,2181,2842,2843,-1,2181,2843,2180,-1,2180,2843,2844,-1,2845,2846,2189,-1,2189,2846,2847,-1,2189,2847,2188,-1,2188,2847,2848,-1,2849,2850,2197,-1,2197,2850,2851,-1,2197,2851,2196,-1,2196,2851,2852,-1,2253,2252,2853,-1,2853,2252,2854,-1,2853,2854,2855,-1,2856,2727,2857,-1,2857,2727,2728,-1,2858,2731,2859,-1,2859,2731,2732,-1,2860,2735,2861,-1,2861,2735,2736,-1,2862,2739,2863,-1,2863,2739,2740,-1,2864,2743,2865,-1,2865,2743,2744,-1,2866,2747,2867,-1,2867,2747,2748,-1,2868,2750,2869,-1,2869,2750,2749,-1,2870,2755,2871,-1,2871,2755,2756,-1,2872,2759,2873,-1,2873,2759,2760,-1,2874,2763,2875,-1,2875,2763,2764,-1,2876,2766,2877,-1,2877,2766,2765,-1,2878,2772,2879,-1,2879,2772,2770,-1,2880,2775,2881,-1,2881,2775,2776,-1,2882,2780,2883,-1,2883,2780,2778,-1,2884,2784,2885,-1,2885,2784,2782,-1,2886,2787,2887,-1,2887,2787,2788,-1,2888,2792,2889,-1,2889,2792,2790,-1,2890,2795,2891,-1,2891,2795,2796,-1,2892,2799,2893,-1,2893,2799,2800,-1,2894,2803,2895,-1,2895,2803,2804,-1,2896,2807,2897,-1,2897,2807,2808,-1,2898,2811,2899,-1,2899,2811,2812,-1,2900,2814,2901,-1,2901,2814,2813,-1,2902,2818,2903,-1,2903,2818,2817,-1,2904,2822,2905,-1,2905,2822,2821,-1,2906,2827,2907,-1,2907,2827,2828,-1,2908,2831,2909,-1,2909,2831,2830,-1,2910,2835,2911,-1,2911,2835,2834,-1,2912,2839,2913,-1,2913,2839,2838,-1,2914,2843,2915,-1,2915,2843,2842,-1,2916,2847,2917,-1,2917,2847,2846,-1,2918,2851,2919,-1,2919,2851,2850,-1,2920,2853,2921,-1,2921,2853,2855,-1,1815,2922,2251,-1,2923,2924,2925,-1,2926,2927,2925,-1,2154,2928,2155,-1,2155,2928,2923,-1,2929,2930,2925,-1,2215,2931,2217,-1,2217,2931,2932,-1,2217,2932,2933,-1,2933,2932,2934,-1,2933,2934,2925,-1,2925,2934,2935,-1,2925,2935,2936,-1,1937,1935,2925,-1,2146,2937,2147,-1,2147,2937,2926,-1,2147,2926,2938,-1,2938,2926,1843,-1,1843,2926,2925,-1,1843,2925,1845,-1,2927,1841,2925,-1,2925,1841,1839,-1,2925,1839,2923,-1,2923,1839,2939,-1,2923,2939,2155,-1,2162,2940,2163,-1,2163,2940,2929,-1,2924,1837,2925,-1,2925,1837,1835,-1,2925,1835,2929,-1,2929,1835,2941,-1,2929,2941,2163,-1,2942,2943,2925,-1,1945,1943,2925,-1,1941,1939,2925,-1,1933,1931,2925,-1,1921,1919,2925,-1,2170,2944,2171,-1,2171,2944,2942,-1,2930,1833,2925,-1,2925,1833,1831,-1,2925,1831,2942,-1,2942,1831,2945,-1,2942,2945,2171,-1,2946,2947,2925,-1,1955,1954,2948,-1,2948,1954,2949,-1,2948,2949,1939,-1,1939,2949,2950,-1,1939,2950,2925,-1,2925,2950,2951,-1,2925,2951,1937,-1,1929,1927,2925,-1,1925,1923,2925,-1,1917,1915,2925,-1,2178,2952,2179,-1,2179,2952,2946,-1,2943,1829,2925,-1,2925,1829,1827,-1,2925,1827,2946,-1,2946,1827,2953,-1,2946,2953,2179,-1,2954,2955,2925,-1,2256,2255,2956,-1,2956,2255,2957,-1,2956,2957,2936,-1,2936,2957,2958,-1,2936,2958,2925,-1,2925,2958,2959,-1,2925,2959,1945,-1,1947,1946,2960,-1,2960,1946,2961,-1,2960,2961,1943,-1,1943,2961,2962,-1,1943,2962,2925,-1,2925,2962,2963,-1,2925,2963,1941,-1,1963,1962,2964,-1,2964,1962,2965,-1,2964,2965,1935,-1,1935,2965,2966,-1,1935,2966,2925,-1,2925,2966,2967,-1,2925,2967,1933,-1,1913,1911,2925,-1,2186,2968,2187,-1,2187,2968,2954,-1,2947,1825,2925,-1,2925,1825,1823,-1,2925,1823,2954,-1,2954,1823,2969,-1,2954,2969,2187,-1,2970,2971,2925,-1,1971,1970,2972,-1,2972,1970,2973,-1,2972,2973,1931,-1,1931,2973,2974,-1,1931,2974,2925,-1,2925,2974,2975,-1,2925,2975,1929,-1,1909,1907,2925,-1,2194,2976,2195,-1,2195,2976,2970,-1,2955,1821,2925,-1,2925,1821,1819,-1,2925,1819,2970,-1,2970,1819,2977,-1,2970,2977,2195,-1,2251,2209,1815,-1,1815,2209,2925,-1,1815,2925,1817,-1,1817,2925,2971,-1,1979,1978,2978,-1,2978,1978,2979,-1,2978,2979,1927,-1,1927,2979,2980,-1,1927,2980,2925,-1,2925,2980,2981,-1,2925,2981,1925,-1,1987,1986,2982,-1,2982,1986,2983,-1,2982,2983,1923,-1,1923,2983,2984,-1,1923,2984,2925,-1,2925,2984,2985,-1,2925,2985,1921,-1,1995,1994,2986,-1,2986,1994,2987,-1,2986,2987,1919,-1,1919,2987,2988,-1,1919,2988,2925,-1,2925,2988,2989,-1,2925,2989,1917,-1,2003,2002,2990,-1,2990,2002,2991,-1,2990,2991,1915,-1,1915,2991,2992,-1,1915,2992,2925,-1,2925,2992,2993,-1,2925,2993,1913,-1,2011,2010,2994,-1,2994,2010,2995,-1,2994,2995,1911,-1,1911,2995,2996,-1,1911,2996,2925,-1,2925,2996,2997,-1,2925,2997,1909,-1,1897,1895,2925,-1,2998,2925,2999,-1,2999,2925,1907,-1,2999,1907,3000,-1,3000,1907,3001,-1,3000,3001,2018,-1,2018,3001,2019,-1,2034,3002,3003,-1,1893,1891,2925,-1,3004,2027,2026,-1,3005,3006,2925,-1,2925,3006,1901,-1,2925,1901,1899,-1,1899,3007,2035,-1,1889,1887,2925,-1,2998,1905,2925,-1,2925,1905,1903,-1,2925,1903,3005,-1,3005,1903,3004,-1,3005,3004,3008,-1,3008,3004,2026,-1,2035,2034,1899,-1,1899,2034,3003,-1,1899,3003,2925,-1,2925,3003,3009,-1,2925,3009,1897,-1,2050,3010,3011,-1,1885,1883,2925,-1,2043,2042,3012,-1,3012,2042,3013,-1,3012,3013,1895,-1,1895,3013,3014,-1,1895,3014,2925,-1,2925,3014,3015,-1,2925,3015,1893,-1,1891,3016,2051,-1,2058,3017,3018,-1,1881,1879,2925,-1,2051,2050,1891,-1,1891,2050,3011,-1,1891,3011,2925,-1,2925,3011,3019,-1,2925,3019,1889,-1,1887,3020,2059,-1,1877,1875,2925,-1,2059,2058,1887,-1,1887,2058,3018,-1,1887,3018,2925,-1,2925,3018,3021,-1,2925,3021,1885,-1,2074,3022,3023,-1,1873,1871,2925,-1,2067,2066,3024,-1,3024,2066,3025,-1,3024,3025,1883,-1,1883,3025,3026,-1,1883,3026,2925,-1,2925,3026,3027,-1,2925,3027,1881,-1,1879,3028,2075,-1,1869,1867,2925,-1,2075,2074,1879,-1,1879,2074,3023,-1,1879,3023,2925,-1,2925,3023,3029,-1,2925,3029,1877,-1,1865,1863,2925,-1,2083,2082,3030,-1,3030,2082,3031,-1,3030,3031,1875,-1,1875,3031,3032,-1,1875,3032,2925,-1,2925,3032,3033,-1,2925,3033,1873,-1,1861,1859,2925,-1,2091,2090,3034,-1,3034,2090,3035,-1,3034,3035,1871,-1,1871,3035,3036,-1,1871,3036,2925,-1,2925,3036,3037,-1,2925,3037,1869,-1,1857,1855,2925,-1,2099,2098,3038,-1,3038,2098,3039,-1,3038,3039,1867,-1,1867,3039,3040,-1,1867,3040,2925,-1,2925,3040,3041,-1,2925,3041,1865,-1,1853,1851,2925,-1,2107,2106,3042,-1,3042,2106,3043,-1,3042,3043,1863,-1,1863,3043,3044,-1,1863,3044,2925,-1,2925,3044,3045,-1,2925,3045,1861,-1,1849,1847,2925,-1,2115,2114,3046,-1,3046,2114,3047,-1,3046,3047,1859,-1,1859,3047,3048,-1,1859,3048,2925,-1,2925,3048,3049,-1,2925,3049,1857,-1,2123,2122,3050,-1,3050,2122,3051,-1,3050,3051,1855,-1,1855,3051,3052,-1,1855,3052,2925,-1,2925,3052,3053,-1,2925,3053,1853,-1,2131,2130,3054,-1,3054,2130,3055,-1,3054,3055,1851,-1,1851,3055,3056,-1,1851,3056,2925,-1,2925,3056,3057,-1,2925,3057,1849,-1,2139,2138,3058,-1,3058,2138,3059,-1,3058,3059,1847,-1,1847,3059,3060,-1,1847,3060,2925,-1,2925,3060,3061,-1,2925,3061,1845,-1,2201,3062,3063,-1,2185,3064,3065,-1,2207,3066,2208,-1,2208,3066,3067,-1,2208,3067,3068,-1,3069,3070,2200,-1,3067,3071,3068,-1,3068,3071,3072,-1,3068,3072,3069,-1,2200,2201,3069,-1,3069,2201,3063,-1,3069,3063,3068,-1,3068,3063,3073,-1,3074,2192,3075,-1,3075,2192,2193,-1,3073,3076,3068,-1,3068,3076,3075,-1,3068,3075,3077,-1,3077,3075,2193,-1,3077,2193,3078,-1,3079,3080,2184,-1,2169,3081,3082,-1,3077,3083,3068,-1,3068,3083,3084,-1,3068,3084,3079,-1,2184,2185,3079,-1,3079,2185,3065,-1,3079,3065,3068,-1,3068,3065,3085,-1,3086,2176,3087,-1,3087,2176,2177,-1,3085,3088,3068,-1,3068,3088,3087,-1,3068,3087,3089,-1,3089,3087,2177,-1,3089,2177,3090,-1,3091,3092,2168,-1,3089,3093,3068,-1,3068,3093,3094,-1,3068,3094,3091,-1,2168,2169,3091,-1,3091,2169,3082,-1,3091,3082,3068,-1,3068,3082,3095,-1,3096,2160,3097,-1,3097,2160,2161,-1,3095,3098,3068,-1,3068,3098,3097,-1,3068,3097,3099,-1,3099,3097,2161,-1,3099,2161,3100,-1,3099,3101,3068,-1,3068,3101,3102,-1,3068,3102,3103,-1,2152,2153,3104,-1,3104,2153,3105,-1,3104,3105,3103,-1,3103,3105,3106,-1,3103,3106,3068,-1,3068,3106,3107,-1,3068,3107,3108,-1,3108,3107,3109,-1,3108,3109,3110,-1,1960,1961,3111,-1,3111,1961,3112,-1,3111,3112,3113,-1,3114,3115,3108,-1,2144,2145,3116,-1,3116,2145,3117,-1,3116,3117,3110,-1,3110,3117,3118,-1,3110,3118,3108,-1,3108,3118,3119,-1,3108,3119,3114,-1,3120,3121,3108,-1,1984,1985,3122,-1,3122,1985,3123,-1,3122,3123,3124,-1,3125,3126,3127,-1,3127,3126,3128,-1,3127,3128,3129,-1,2136,2137,3130,-1,3130,2137,3131,-1,3130,3131,3115,-1,3115,3131,3132,-1,3115,3132,3108,-1,3108,3132,3133,-1,3108,3133,3120,-1,3134,2221,3135,-1,3135,2221,2220,-1,3135,2220,3108,-1,2128,2129,3136,-1,3136,2129,3137,-1,3136,3137,3121,-1,3121,3137,3138,-1,3121,3138,3108,-1,3139,3140,3108,-1,3108,3140,3141,-1,3108,3141,3142,-1,3143,3144,3108,-1,3108,3144,3145,-1,3108,3145,3135,-1,3138,3146,3108,-1,3108,3146,3147,-1,3108,3147,3148,-1,3149,3150,3108,-1,3151,3152,3108,-1,2120,2121,3153,-1,3153,2121,3154,-1,3153,3154,3148,-1,3148,3154,3155,-1,3148,3155,3108,-1,3108,3155,3156,-1,3108,3156,3149,-1,2112,2113,3157,-1,3157,2113,3158,-1,3157,3158,3150,-1,3150,3158,3159,-1,3150,3159,3108,-1,1976,1977,3160,-1,3160,1977,3161,-1,3160,3161,3142,-1,3142,3161,3162,-1,3142,3162,3108,-1,3108,3162,3163,-1,3108,3163,3151,-1,3164,3165,3108,-1,3166,3167,3108,-1,1968,1969,3168,-1,3168,1969,3169,-1,3168,3169,3152,-1,3152,3169,3170,-1,3152,3170,3108,-1,3108,3170,3171,-1,3159,3172,3108,-1,3108,3172,3173,-1,3108,3173,3174,-1,2104,2105,3175,-1,3175,2105,3176,-1,3175,3176,3174,-1,3174,3176,3177,-1,3174,3177,3108,-1,3108,3177,3178,-1,3108,3178,3164,-1,2096,2097,3179,-1,3179,2097,3180,-1,3179,3180,3165,-1,3165,3180,3181,-1,3165,3181,3108,-1,3108,3181,3182,-1,3108,3182,3166,-1,3171,3183,3108,-1,3108,3183,3113,-1,3108,3113,3184,-1,3184,3113,3112,-1,3185,3186,3108,-1,2088,2089,3187,-1,3187,2089,3188,-1,3187,3188,3167,-1,3167,3188,3189,-1,3167,3189,3108,-1,3108,3189,3190,-1,3108,3190,3185,-1,2081,3191,2080,-1,2080,3191,3192,-1,2080,3192,3193,-1,3193,3192,3186,-1,3184,3194,3108,-1,3108,3194,3195,-1,3108,3195,3196,-1,3128,3143,3129,-1,3129,3143,3108,-1,3129,3108,3197,-1,3198,3199,3108,-1,1952,1953,3200,-1,3200,1953,3201,-1,3200,3201,3196,-1,3196,3201,3202,-1,3196,3202,3108,-1,3108,3202,3203,-1,3108,3203,3197,-1,3186,3192,3108,-1,3108,3192,3204,-1,3108,3204,3198,-1,3205,3206,3108,-1,2072,2073,3207,-1,3207,2073,3208,-1,3207,3208,3199,-1,3199,3208,3209,-1,3199,3209,3108,-1,3108,3209,3210,-1,3108,3210,3205,-1,2065,3211,2064,-1,2064,3211,3212,-1,2064,3212,3213,-1,3214,3108,3212,-1,3212,3108,3206,-1,3212,3206,3213,-1,2057,3215,2056,-1,2056,3215,3216,-1,3214,3217,3108,-1,3108,3217,3218,-1,3108,3218,3216,-1,3216,3218,3219,-1,3216,3219,2056,-1,3216,3220,3108,-1,3108,3220,3221,-1,3108,3221,3222,-1,3223,3224,3108,-1,2041,3225,2040,-1,2040,3225,3226,-1,2040,3226,3227,-1,3227,3226,3224,-1,2048,2049,3228,-1,3228,2049,3229,-1,3228,3229,3222,-1,3222,3229,3230,-1,3222,3230,3108,-1,3108,3230,3231,-1,3108,3231,3223,-1,3232,3233,3108,-1,3234,3233,3235,-1,3224,3226,3108,-1,3108,3226,3236,-1,3108,3236,3232,-1,2032,2033,3235,-1,3235,2033,3237,-1,3235,3237,3234,-1,3238,3239,3108,-1,3233,3234,3108,-1,3108,3234,3240,-1,3108,3240,3238,-1,3241,3242,3108,-1,2024,2025,3243,-1,3243,2025,3244,-1,3243,3244,3239,-1,3239,3244,3245,-1,3239,3245,3108,-1,3108,3245,3246,-1,3108,3246,3241,-1,2016,2017,3247,-1,3247,2017,3248,-1,3247,3248,3242,-1,3242,3248,3249,-1,3242,3249,3108,-1,3249,3250,3108,-1,3108,3250,3251,-1,3108,3251,3252,-1,3253,3254,3108,-1,2008,2009,3255,-1,3255,2009,3256,-1,3255,3256,3252,-1,3252,3256,3257,-1,3252,3257,3108,-1,3108,3257,3258,-1,3108,3258,3253,-1,2000,2001,3259,-1,3259,2001,3260,-1,3259,3260,3254,-1,3254,3260,3261,-1,3254,3261,3108,-1,3261,3262,3108,-1,3108,3262,3263,-1,3108,3263,3264,-1,3123,3139,3124,-1,3124,3139,3108,-1,3124,3108,3265,-1,1992,1993,3266,-1,3266,1993,3267,-1,3266,3267,3264,-1,3264,3267,3268,-1,3264,3268,3108,-1,3108,3268,3269,-1,3108,3269,3265,-1,3270,3271,3272,-1,3273,3274,3275,-1,3276,3277,3278,-1,3279,3280,3281,-1,3282,3283,3284,-1,3285,3286,3287,-1,3288,3289,3290,-1,3291,3292,3293,-1,3294,3295,3296,-1,3297,3298,3299,-1,3300,3301,3302,-1,3303,3304,3305,-1,3306,3307,3308,-1,3306,3309,3310,-1,3306,3311,3312,-1,3306,3313,3314,-1,3306,3315,3316,-1,3306,3317,3318,-1,3319,3320,3321,-1,3319,3322,3323,-1,3319,3324,3325,-1,3319,3326,3327,-1,3319,3328,3329,-1,3307,3306,3305,-1,3305,3306,3330,-1,3305,3330,3303,-1,3318,3319,3306,-1,3306,3319,3331,-1,3306,3331,3332,-1,3332,3331,3333,-1,3333,3331,3334,-1,3333,3334,3335,-1,3336,3337,3338,-1,3338,3339,3336,-1,3336,3339,3340,-1,3336,3340,3334,-1,3334,3340,3341,-1,3334,3341,3335,-1,3342,3343,3344,-1,3344,3343,3345,-1,3345,3343,3346,-1,3346,3343,3319,-1,3346,3319,3347,-1,3347,3319,3329,-1,3347,3329,3302,-1,3302,3329,3348,-1,3302,3348,3300,-1,3349,3350,3351,-1,3351,3350,3352,-1,3351,3352,3353,-1,3351,3328,3349,-1,3349,3328,3319,-1,3349,3319,3354,-1,3354,3319,3327,-1,3354,3327,3299,-1,3299,3327,3355,-1,3299,3355,3297,-1,3356,3357,3358,-1,3358,3357,3359,-1,3358,3359,3360,-1,3358,3326,3356,-1,3356,3326,3319,-1,3356,3319,3361,-1,3361,3319,3325,-1,3361,3325,3296,-1,3296,3325,3362,-1,3296,3362,3294,-1,3363,3364,3365,-1,3365,3364,3366,-1,3365,3366,3367,-1,3365,3324,3363,-1,3363,3324,3319,-1,3363,3319,3368,-1,3368,3319,3323,-1,3368,3323,3293,-1,3293,3323,3369,-1,3293,3369,3291,-1,3370,3371,3372,-1,3372,3371,3373,-1,3372,3373,3374,-1,3372,3322,3370,-1,3370,3322,3319,-1,3370,3319,3375,-1,3375,3319,3321,-1,3375,3321,3290,-1,3290,3321,3376,-1,3290,3376,3288,-1,3377,3378,3379,-1,3379,3378,3380,-1,3379,3380,3381,-1,3379,3320,3377,-1,3377,3320,3319,-1,3377,3319,3382,-1,3382,3319,3318,-1,3382,3318,3287,-1,3287,3318,3383,-1,3287,3383,3285,-1,3384,3385,3386,-1,3386,3385,3387,-1,3386,3387,3388,-1,3386,3317,3384,-1,3384,3317,3306,-1,3384,3306,3389,-1,3389,3306,3316,-1,3389,3316,3284,-1,3284,3316,3390,-1,3284,3390,3282,-1,3391,3392,3393,-1,3393,3392,3394,-1,3393,3394,3395,-1,3393,3315,3391,-1,3391,3315,3306,-1,3391,3306,3396,-1,3396,3306,3314,-1,3396,3314,3281,-1,3281,3314,3397,-1,3281,3397,3279,-1,3398,3399,3400,-1,3400,3399,3401,-1,3400,3401,3402,-1,3400,3313,3398,-1,3398,3313,3306,-1,3398,3306,3403,-1,3403,3306,3312,-1,3403,3312,3278,-1,3278,3312,3404,-1,3278,3404,3276,-1,3405,3406,3407,-1,3407,3406,3408,-1,3407,3408,3409,-1,3407,3311,3405,-1,3405,3311,3306,-1,3405,3306,3410,-1,3410,3306,3310,-1,3410,3310,3275,-1,3275,3310,3411,-1,3275,3411,3273,-1,3412,3413,3414,-1,3414,3413,3415,-1,3414,3415,3416,-1,3414,3309,3412,-1,3412,3309,3306,-1,3412,3306,3417,-1,3417,3306,3308,-1,3417,3308,3272,-1,3272,3308,3418,-1,3272,3418,3270,-1,3419,3271,3420,-1,3420,3271,3270,-1,3421,3416,3422,-1,3422,3416,3415,-1,3423,3274,3424,-1,3424,3274,3273,-1,3425,3409,3426,-1,3426,3409,3408,-1,3427,3277,3428,-1,3428,3277,3276,-1,3429,3402,3430,-1,3430,3402,3401,-1,3431,3280,3432,-1,3432,3280,3279,-1,3433,3395,3434,-1,3434,3395,3394,-1,3435,3283,3436,-1,3436,3283,3282,-1,3437,3388,3438,-1,3438,3388,3387,-1,3439,3286,3440,-1,3440,3286,3285,-1,3441,3381,3442,-1,3442,3381,3380,-1,3443,3289,3444,-1,3444,3289,3288,-1,3445,3374,3446,-1,3446,3374,3373,-1,3447,3292,3448,-1,3448,3292,3291,-1,3449,3367,3450,-1,3450,3367,3366,-1,3451,3295,3452,-1,3452,3295,3294,-1,3453,3360,3454,-1,3454,3360,3359,-1,3455,3298,3456,-1,3456,3298,3297,-1,3457,3353,3458,-1,3458,3353,3352,-1,3459,3301,3460,-1,3460,3301,3300,-1,3342,3344,3461,-1,3461,3344,3462,-1,3461,3462,3463,-1,3463,3462,3464,-1,3465,3419,3466,-1,3466,3419,3420,-1,3467,3421,3468,-1,3468,3421,3422,-1,3469,3423,3470,-1,3470,3423,3424,-1,3471,3425,3472,-1,3472,3425,3426,-1,3473,3427,3474,-1,3474,3427,3428,-1,3475,3429,3476,-1,3476,3429,3430,-1,3477,3431,3478,-1,3478,3431,3432,-1,3479,3433,3480,-1,3480,3433,3434,-1,3481,3435,3482,-1,3482,3435,3436,-1,3483,3437,3484,-1,3484,3437,3438,-1,3485,3439,3486,-1,3486,3439,3440,-1,3487,3441,3488,-1,3488,3441,3442,-1,3489,3443,3490,-1,3490,3443,3444,-1,3491,3445,3492,-1,3492,3445,3446,-1,3493,3447,3494,-1,3494,3447,3448,-1,3495,3449,3496,-1,3496,3449,3450,-1,3497,3451,3498,-1,3498,3451,3452,-1,3499,3453,3500,-1,3500,3453,3454,-1,3501,3455,3502,-1,3502,3455,3456,-1,3503,3457,3504,-1,3504,3457,3458,-1,3505,3459,3506,-1,3506,3459,3460,-1,3507,3464,3508,-1,3508,3464,3462,-1,1149,1123,1420,-1,1420,1123,1418,-1,1380,1377,3509,-1,3509,1377,3510,-1,3511,2936,3512,-1,3512,2936,2935,-1,3513,3514,3125,-1,3125,3514,3126,-1,2287,2286,3515,-1,3515,2286,3516,-1,3515,3516,3517,-1,3517,3516,3518,-1,3519,3520,3521,-1,3521,3520,3522,-1,3521,3522,3513,-1,3513,3522,3514,-1,2257,2258,3523,-1,3523,2258,3524,-1,3523,3524,3525,-1,3525,3524,3526,-1,3525,3526,3527,-1,3527,3526,3528,-1,3529,3530,1376,-1,1376,3530,1374,-1,3530,3529,3531,-1,3531,3529,3532,-1,3531,3532,3533,-1,3533,3532,3534,-1,3535,3536,3537,-1,3537,3536,3538,-1,3537,3538,3534,-1,3534,3538,3533,-1,3539,3540,3541,-1,3541,3542,3539,-1,3539,3542,3543,-1,3539,3543,3544,-1,3545,3546,3547,-1,3548,3549,3543,-1,3543,3549,3550,-1,3543,3550,3544,-1,3543,3551,3548,-1,3548,3551,3552,-1,3548,3552,3547,-1,3547,3552,3553,-1,3547,3553,3545,-1,3554,3555,3556,-1,3556,3557,3554,-1,3554,3557,3558,-1,3554,3558,3559,-1,3559,3560,3554,-1,3554,3560,3561,-1,3554,3561,3562,-1,3563,3564,3565,-1,3565,3566,3563,-1,3563,3566,3567,-1,3563,3567,3561,-1,3561,3567,3568,-1,3561,3568,3562,-1,1101,1194,3569,-1,3569,1194,3570,-1,3570,1194,1089,-1,3571,3572,3573,-1,3574,3575,3572,-1,3572,3575,3576,-1,3572,3576,3573,-1,3577,3578,3579,-1,3580,3581,3573,-1,3573,3581,3582,-1,3573,3582,3571,-1,3573,3583,3580,-1,3580,3583,3584,-1,3580,3584,3579,-1,3579,3584,3585,-1,3579,3585,3577,-1,3569,1100,1101,-1,3586,3587,3588,-1,3588,3589,3586,-1,3586,3589,3590,-1,3586,3590,3591,-1,3591,3592,3586,-1,3586,3592,3593,-1,3586,3593,3594,-1,3595,3596,3597,-1,3597,3598,3595,-1,3595,3598,3599,-1,3595,3599,3593,-1,3593,3599,3600,-1,3593,3600,3594,-1,1552,1554,1468,-1,1468,1554,1462,-1,2284,2283,3601,-1,3602,3603,3601,-1,3601,3603,3604,-1,3601,3604,2284,-1,3604,3603,3605,-1,3605,3603,3606,-1,2388,3607,2391,-1,2391,3607,2390,-1,2388,2389,3607,-1,3607,2389,2386,-1,3607,2386,2387,-1,2387,2384,3607,-1,3607,2384,2385,-1,3607,2385,2382,-1,2382,2383,3607,-1,3607,2383,2380,-1,3607,2380,2381,-1,2377,2374,3608,-1,2381,2378,3607,-1,3607,2378,2379,-1,3607,2379,3608,-1,3608,2379,2376,-1,3608,2376,2377,-1,2374,2375,3608,-1,3608,2375,2372,-1,3608,2372,2373,-1,2373,2370,3608,-1,3608,2370,2371,-1,3608,2371,3517,-1,3517,3518,3608,-1,3608,3518,3605,-1,3608,3605,3606,-1,3608,3609,3607,-1,3607,3609,3610,-1,3609,3611,3610,-1,3610,3611,3612,-1,3611,3613,3612,-1,3612,3613,3614,-1,3615,3616,3617,-1,3617,3616,3618,-1,20,19,1069,-1,1069,19,3619,-1,3620,3621,32,-1,32,3621,3622,-1,32,3622,37,-1,19,37,3619,-1,3619,37,3622,-1,1412,3623,3624,-1,1412,3624,1410,-1,3625,3626,3627,-1,3627,3626,1387,-1,3627,1387,1359,-1,1412,1387,3623,-1,3623,1387,3626,-1,3623,3626,3628,-1,3628,3626,3629,-1,3628,3629,3630,-1,3630,3629,3631,-1,3630,3618,3628,-1,3628,3618,3616,-1,3628,3616,3632,-1,3632,3616,1126,-1,3632,1126,3624,-1,3624,1126,1177,-1,3624,1177,1410,-1,3633,3634,3635,-1,3635,3634,3636,-1,3635,3636,3637,-1,3637,3615,3635,-1,3635,3615,3617,-1,3603,3602,3606,-1,3606,3602,3634,-1,3606,3634,3608,-1,3608,3634,3609,-1,3613,3611,3638,-1,3638,3611,3609,-1,3638,3609,3639,-1,3639,3609,3634,-1,3639,3634,3640,-1,3640,3634,3633,-1,3641,3642,3620,-1,3643,3621,3644,-1,3644,3621,3620,-1,3644,3620,3645,-1,3645,3620,3642,-1,3645,3642,3646,-1,3646,3642,3647,-1,3641,3620,3507,-1,3507,3620,3463,-1,3507,3463,3464,-1,3648,3649,894,-1,894,3649,3650,-1,894,3650,893,-1,3651,3652,3639,-1,3639,3652,3638,-1,3653,3644,3654,-1,3654,3644,3645,-1,3655,3656,3657,-1,3657,3656,3658,-1,3657,3658,3649,-1,3649,3658,3650,-1,1126,3616,1119,-1,1119,3616,3615,-1,2413,2218,3636,-1,3636,2218,1119,-1,3636,1119,3637,-1,3637,1119,3615,-1,3601,2410,3602,-1,3602,2410,2413,-1,3602,2413,3634,-1,3634,2413,3636,-1,2303,2306,2404,-1,2404,2410,3601,-1,3601,2283,2404,-1,2404,2283,2302,-1,2404,2302,2277,-1,2277,2309,2404,-1,2404,2309,2282,-1,2404,2282,2303,-1,3659,3660,2404,-1,3660,3661,2404,-1,2404,3661,3662,-1,2404,3662,2593,-1,2593,3662,3663,-1,2593,3663,3664,-1,2306,2308,2404,-1,2404,2308,3665,-1,2404,3665,3659,-1,3338,3337,3666,-1,3666,3337,2593,-1,3666,2593,3667,-1,3667,2593,3664,-1,3461,2392,3342,-1,3342,2392,2593,-1,3319,3336,3331,-1,3331,3336,3334,-1,2593,3337,3342,-1,3342,3337,3336,-1,3342,3336,3343,-1,3343,3336,3319,-1,3620,32,3463,-1,3463,32,540,-1,3463,540,3461,-1,3461,540,2392,-1,3668,3669,3670,-1,3670,3669,3625,-1,3670,3625,3627,-1,3304,3303,3671,-1,3671,3303,3672,-1,3671,3672,3673,-1,3673,3672,3674,-1,3641,3507,3508,-1,3508,3505,3641,-1,3641,3505,3506,-1,3641,3506,3503,-1,3503,3504,3641,-1,3641,3504,3501,-1,3641,3501,3502,-1,3502,3499,3641,-1,3641,3499,3500,-1,3641,3500,3497,-1,3497,3498,3641,-1,3641,3498,3495,-1,3641,3495,3496,-1,3496,3493,3641,-1,3641,3493,3494,-1,3641,3494,3491,-1,3491,3492,3641,-1,3641,3492,3489,-1,3641,3489,3490,-1,3486,3483,3675,-1,3490,3487,3641,-1,3641,3487,3488,-1,3641,3488,3675,-1,3675,3488,3485,-1,3675,3485,3486,-1,3483,3484,3675,-1,3675,3484,3481,-1,3675,3481,3482,-1,3482,3479,3675,-1,3675,3479,3480,-1,3675,3480,3477,-1,3477,3478,3675,-1,3675,3478,3475,-1,3675,3475,3476,-1,3476,3473,3675,-1,3675,3473,3474,-1,3675,3474,3471,-1,3471,3472,3675,-1,3675,3472,3469,-1,3675,3469,3470,-1,3470,3467,3675,-1,3675,3467,3468,-1,3675,3468,3465,-1,3465,3466,3675,-1,3675,3466,3673,-1,3675,3673,3674,-1,3676,3642,3675,-1,3675,3642,3641,-1,3677,3647,3676,-1,3676,3647,3642,-1,3678,3646,3677,-1,3677,3646,3647,-1,3654,3645,3646,-1,3613,3638,3652,-1,1340,1338,3614,-1,3679,3680,885,-1,1811,1076,1071,-1,1334,3681,3682,-1,1789,1787,3646,-1,3629,3626,3652,-1,3652,3626,3683,-1,3652,3683,3613,-1,3613,3683,3684,-1,3685,882,3686,-1,3686,882,3687,-1,3680,3688,885,-1,885,3688,3689,-1,885,3689,1354,-1,1783,3690,3691,-1,1332,1330,3614,-1,1342,3614,1344,-1,1344,3614,1338,-1,1344,1338,3692,-1,3692,1338,3693,-1,1352,1350,3614,-1,1322,3614,1324,-1,1324,3614,1318,-1,1324,1318,3694,-1,3694,1318,3695,-1,1326,3696,3697,-1,1346,3698,3699,-1,3685,3700,882,-1,882,3700,3701,-1,882,3701,885,-1,885,3701,3702,-1,885,3702,3679,-1,3655,3678,3656,-1,3656,3678,3703,-1,3656,3703,882,-1,882,3703,3704,-1,882,3704,3687,-1,3705,3706,1727,-1,1727,3706,1733,-1,3707,3708,3655,-1,3655,3708,1729,-1,3655,1729,3678,-1,3678,1729,1727,-1,3678,1727,3646,-1,3646,1727,1733,-1,3646,1733,1731,-1,1741,1739,3646,-1,1791,3646,1793,-1,1793,3646,1787,-1,1793,1787,3709,-1,3709,1787,3710,-1,1801,1799,3646,-1,3711,3712,3535,-1,3535,3712,1320,-1,3713,3714,3684,-1,3684,3714,3536,-1,3684,3536,3613,-1,3613,3536,3535,-1,3613,3535,3614,-1,3614,3535,1320,-1,3614,1320,1318,-1,3697,1332,1326,-1,1326,1332,3614,-1,1326,3614,1328,-1,1328,3614,1322,-1,1328,1322,3715,-1,3715,1322,3716,-1,3682,1340,1334,-1,1334,1340,3614,-1,1334,3614,1336,-1,1336,3614,1330,-1,1336,1330,3717,-1,3717,1330,3718,-1,3699,1352,1346,-1,1346,1352,3614,-1,1346,3614,1348,-1,1348,3614,1342,-1,1348,1342,3719,-1,3719,1342,3720,-1,1735,3721,3722,-1,1795,3723,3724,-1,3725,3726,1350,-1,1350,3726,1356,-1,1350,1356,3614,-1,3614,1356,1354,-1,3614,1354,3727,-1,3727,1354,3689,-1,3722,1741,1735,-1,1735,1741,3646,-1,1735,3646,1737,-1,1737,3646,1731,-1,1737,1731,3728,-1,3728,1731,3729,-1,1749,1747,3646,-1,3724,1801,1795,-1,1795,1801,3646,-1,1795,3646,1797,-1,1797,3646,1791,-1,1797,1791,3730,-1,3730,1791,3731,-1,1809,1807,3646,-1,1743,3732,3733,-1,1803,3734,3735,-1,3733,1749,1743,-1,1743,1749,3646,-1,1743,3646,1745,-1,1745,3646,1739,-1,1745,1739,3736,-1,3736,1739,3737,-1,1757,1755,3646,-1,3735,1809,1803,-1,1803,1809,3646,-1,1803,3646,1805,-1,1805,3646,1799,-1,1805,1799,3738,-1,3738,1799,3739,-1,1071,3654,1811,-1,1811,3654,3646,-1,1811,3646,1813,-1,1813,3646,1807,-1,1813,1807,3740,-1,3740,1807,3741,-1,1751,3742,3743,-1,3743,1757,1751,-1,1751,1757,3646,-1,1751,3646,1753,-1,1753,3646,1747,-1,1753,1747,3744,-1,3744,1747,3745,-1,1765,1763,3646,-1,1759,3746,3747,-1,3747,1765,1759,-1,1759,1765,3646,-1,1759,3646,1761,-1,1761,3646,1755,-1,1761,1755,3748,-1,3748,1755,3749,-1,1773,1771,3646,-1,1767,3750,3751,-1,3751,1773,1767,-1,1767,1773,3646,-1,1767,3646,1769,-1,1769,3646,1763,-1,1769,1763,3752,-1,3752,1763,3753,-1,1781,1779,3646,-1,1775,3754,3755,-1,3755,1781,1775,-1,1775,1781,3646,-1,1775,3646,1777,-1,1777,3646,1771,-1,1777,1771,3756,-1,3756,1771,3757,-1,3691,1789,1783,-1,1783,1789,3646,-1,1783,3646,1785,-1,1785,3646,1779,-1,1785,1779,3758,-1,3758,1779,3759,-1,3684,3683,3760,-1,3760,3683,3761,-1,3760,3761,3668,-1,3668,3761,3669,-1,893,3650,882,-1,882,3650,3658,-1,882,3658,3656,-1,1316,883,1353,-1,1353,883,885,-1,1353,885,1354,-1,3654,1071,3653,-1,3653,1071,1082,-1,3644,3653,3643,-1,3643,3653,1082,-1,3643,1082,3762,-1,3762,1082,1070,-1,1725,1074,1810,-1,1810,1074,1076,-1,1810,1076,1811,-1,3763,3630,3640,-1,3640,3630,3631,-1,3640,3631,3639,-1,3639,3631,3651,-1,3631,3629,3651,-1,3651,3629,3652,-1,3625,3669,3626,-1,3626,3669,3761,-1,3626,3761,3683,-1,3630,3763,3618,-1,3618,3763,3617,-1,3633,3635,3640,-1,3640,3635,3617,-1,3640,3617,3763,-1,3762,1070,3619,-1,3619,1070,1069,-1,3622,3621,3619,-1,3619,3621,3643,-1,3619,3643,3762,-1,3678,3677,3676,-1,3303,3330,3703,-1,3674,3672,3675,-1,3675,3672,3303,-1,3675,3303,3676,-1,3676,3303,3703,-1,3676,3703,3678,-1,3333,3764,3332,-1,3332,3764,3703,-1,3332,3703,3306,-1,3306,3703,3330,-1,3612,3614,3610,-1,3610,3614,3727,-1,2368,2390,2275,-1,2275,2390,3607,-1,3607,3610,2275,-1,2275,3610,3727,-1,2275,3727,2276,-1,2276,3727,2278,-1,3765,2280,3727,-1,3727,2280,2279,-1,3727,2279,2278,-1,3766,3701,3767,-1,3767,3701,3700,-1,3768,3769,3685,-1,3685,3769,3770,-1,3685,3770,3700,-1,3700,3770,3771,-1,3700,3771,3767,-1,3772,3773,3687,-1,3687,3773,3774,-1,3687,3774,3686,-1,3686,3774,3775,-1,3686,3775,3685,-1,3685,3775,3776,-1,3685,3776,3768,-1,3772,3687,3777,-1,3777,3687,3704,-1,3777,3704,3778,-1,3778,3704,3779,-1,3779,3704,3703,-1,3779,3703,3764,-1,3771,3770,3780,-1,3781,3782,3783,-1,3769,3768,3784,-1,3785,3786,3787,-1,3775,3774,3788,-1,3789,3790,3791,-1,3773,3772,3792,-1,3793,3794,3764,-1,3793,3764,3795,-1,3778,3779,3794,-1,3794,3779,3764,-1,3796,3795,3764,-1,3797,3796,3764,-1,3798,3799,3800,-1,3777,3778,3801,-1,3801,3778,3794,-1,3801,3794,3802,-1,3802,3794,3793,-1,3802,3793,3803,-1,3803,3793,3795,-1,3803,3795,3804,-1,3804,3795,3796,-1,3804,3796,3800,-1,3800,3796,3797,-1,3800,3797,3798,-1,3798,3797,3764,-1,3772,3777,3792,-1,3792,3777,3801,-1,3792,3801,3805,-1,3805,3801,3802,-1,3805,3802,3806,-1,3806,3802,3803,-1,3806,3803,3807,-1,3807,3803,3804,-1,3807,3804,3808,-1,3808,3804,3800,-1,3809,3810,3811,-1,3774,3773,3788,-1,3788,3773,3792,-1,3788,3792,3812,-1,3812,3792,3805,-1,3812,3805,3813,-1,3813,3805,3806,-1,3813,3806,3814,-1,3814,3806,3807,-1,3814,3807,3811,-1,3811,3807,3808,-1,3811,3808,3809,-1,3809,3808,3800,-1,3809,3800,3815,-1,3815,3800,3799,-1,3789,3791,3816,-1,3776,3775,3817,-1,3817,3775,3788,-1,3817,3788,3818,-1,3818,3788,3812,-1,3818,3812,3819,-1,3819,3812,3813,-1,3819,3813,3820,-1,3820,3813,3814,-1,3820,3814,3791,-1,3791,3814,3811,-1,3791,3811,3816,-1,3816,3811,3810,-1,3768,3776,3784,-1,3784,3776,3817,-1,3784,3817,3821,-1,3821,3817,3818,-1,3821,3818,3822,-1,3822,3818,3819,-1,3822,3819,3823,-1,3823,3819,3820,-1,3823,3820,3824,-1,3824,3820,3791,-1,3824,3791,3825,-1,3825,3791,3790,-1,3770,3769,3780,-1,3780,3769,3784,-1,3780,3784,3826,-1,3826,3784,3821,-1,3826,3821,3827,-1,3827,3821,3822,-1,3827,3822,3828,-1,3828,3822,3823,-1,3828,3823,3787,-1,3787,3823,3824,-1,3787,3824,3785,-1,3785,3824,3825,-1,3767,3771,3829,-1,3829,3771,3780,-1,3829,3780,3830,-1,3830,3780,3826,-1,3830,3826,3831,-1,3831,3826,3827,-1,3831,3827,3832,-1,3832,3827,3828,-1,3832,3828,3783,-1,3783,3828,3787,-1,3783,3787,3781,-1,3781,3787,3786,-1,3766,3767,3833,-1,3833,3767,3829,-1,3833,3829,3834,-1,3834,3829,3830,-1,3834,3830,3835,-1,3835,3830,3831,-1,3835,3831,3836,-1,3836,3831,3832,-1,3836,3832,3837,-1,3837,3832,3783,-1,3837,3783,3838,-1,3838,3783,3782,-1,3765,3727,3839,-1,3839,3727,3689,-1,3839,3689,3840,-1,3840,3689,3841,-1,3841,3689,3688,-1,3841,3688,3842,-1,3680,3843,3688,-1,3688,3843,3844,-1,3688,3844,3842,-1,3845,3846,3679,-1,3679,3846,3847,-1,3679,3847,3680,-1,3680,3847,3848,-1,3680,3848,3843,-1,3845,3679,3849,-1,3849,3679,3702,-1,3849,3702,3850,-1,3850,3702,3851,-1,3851,3702,3701,-1,3851,3701,3766,-1,3764,3333,3335,-1,3335,3341,3764,-1,3764,3341,3340,-1,3764,3340,3798,-1,3798,3340,3852,-1,3798,3852,3799,-1,3799,3852,3338,-1,3799,3338,3815,-1,3815,3338,3666,-1,3815,3666,3809,-1,3790,3789,3667,-1,3667,3789,3816,-1,3667,3816,3666,-1,3666,3816,3810,-1,3666,3810,3809,-1,3790,3667,3825,-1,3825,3667,3664,-1,3825,3664,3785,-1,3785,3664,3786,-1,3786,3664,3663,-1,3786,3663,3781,-1,3781,3663,3782,-1,3782,3663,3662,-1,3782,3662,3838,-1,3853,3854,3855,-1,3850,3851,3856,-1,3857,3858,3859,-1,3845,3849,3860,-1,3861,3862,3863,-1,3848,3847,3864,-1,3865,3866,3867,-1,3868,3869,3765,-1,3868,3765,3870,-1,3871,3872,3869,-1,3869,3872,3765,-1,3873,3870,3765,-1,3874,3873,3765,-1,3839,3840,3875,-1,3876,3871,3877,-1,3877,3871,3869,-1,3877,3869,3878,-1,3878,3869,3868,-1,3878,3868,3879,-1,3879,3868,3870,-1,3879,3870,3880,-1,3880,3870,3873,-1,3880,3873,3875,-1,3875,3873,3874,-1,3875,3874,3839,-1,3839,3874,3765,-1,3866,3876,3867,-1,3867,3876,3877,-1,3867,3877,3881,-1,3881,3877,3878,-1,3881,3878,3882,-1,3882,3878,3879,-1,3882,3879,3883,-1,3883,3879,3880,-1,3883,3880,3884,-1,3884,3880,3875,-1,3842,3844,3885,-1,3862,3865,3863,-1,3863,3865,3867,-1,3863,3867,3886,-1,3886,3867,3881,-1,3886,3881,3887,-1,3887,3881,3882,-1,3887,3882,3888,-1,3888,3882,3883,-1,3888,3883,3885,-1,3885,3883,3884,-1,3885,3884,3842,-1,3842,3884,3875,-1,3842,3875,3841,-1,3841,3875,3840,-1,3848,3864,3843,-1,3889,3861,3890,-1,3890,3861,3863,-1,3890,3863,3891,-1,3891,3863,3886,-1,3891,3886,3892,-1,3892,3886,3887,-1,3892,3887,3893,-1,3893,3887,3888,-1,3893,3888,3864,-1,3864,3888,3885,-1,3864,3885,3843,-1,3843,3885,3844,-1,3858,3889,3859,-1,3859,3889,3890,-1,3859,3890,3894,-1,3894,3890,3891,-1,3894,3891,3895,-1,3895,3891,3892,-1,3895,3892,3896,-1,3896,3892,3893,-1,3896,3893,3897,-1,3897,3893,3864,-1,3897,3864,3846,-1,3846,3864,3847,-1,3854,3857,3855,-1,3855,3857,3859,-1,3855,3859,3898,-1,3898,3859,3894,-1,3898,3894,3899,-1,3899,3894,3895,-1,3899,3895,3900,-1,3900,3895,3896,-1,3900,3896,3860,-1,3860,3896,3897,-1,3860,3897,3845,-1,3845,3897,3846,-1,3901,3853,3902,-1,3902,3853,3855,-1,3902,3855,3903,-1,3903,3855,3898,-1,3903,3898,3904,-1,3904,3898,3899,-1,3904,3899,3905,-1,3905,3899,3900,-1,3905,3900,3856,-1,3856,3900,3860,-1,3856,3860,3850,-1,3850,3860,3849,-1,3838,3901,3837,-1,3837,3901,3902,-1,3837,3902,3836,-1,3836,3902,3903,-1,3836,3903,3835,-1,3835,3903,3904,-1,3835,3904,3834,-1,3834,3904,3905,-1,3834,3905,3833,-1,3833,3905,3856,-1,3833,3856,3766,-1,3766,3856,3851,-1,2281,2280,3765,-1,3861,3659,3862,-1,3862,3659,3665,-1,3862,3665,3865,-1,3865,3665,3866,-1,3861,3889,3659,-1,3659,3889,3858,-1,3659,3858,3660,-1,3858,3857,3660,-1,3660,3857,3854,-1,3660,3854,3661,-1,3838,3662,3901,-1,3901,3662,3661,-1,3901,3661,3853,-1,3853,3661,3854,-1,3866,3665,3876,-1,3876,3665,2308,-1,3876,2308,3871,-1,3871,2308,3906,-1,3871,3906,3872,-1,3872,3906,3907,-1,3872,3907,3765,-1,3765,3907,2304,-1,3765,2304,2281,-1,2202,3908,1168,-1,1168,3908,1132,-1,3909,3910,1087,-1,2724,2723,1087,-1,1132,3908,3911,-1,2594,3912,2595,-1,2595,3912,3203,-1,2595,3203,3202,-1,3519,3913,3520,-1,3520,3913,3144,-1,3520,3144,3143,-1,3135,3145,3911,-1,3911,3145,3914,-1,3911,3914,1132,-1,1132,3914,3913,-1,3196,3195,2594,-1,2594,3195,3909,-1,2594,3909,3912,-1,3912,3909,1087,-1,3912,1087,3915,-1,3133,3132,3916,-1,3916,3132,2688,-1,3917,3119,2692,-1,2692,3119,3118,-1,3071,3067,2724,-1,3129,3197,3519,-1,3519,3197,3915,-1,3519,3915,3913,-1,3913,3915,1087,-1,3913,1087,1132,-1,3110,3109,2693,-1,2693,3109,3918,-1,2685,3919,2684,-1,2684,3919,3146,-1,2684,3146,3138,-1,3115,3114,2689,-1,2689,3114,3920,-1,2689,3920,2688,-1,3920,3917,1087,-1,2688,3920,3916,-1,3916,3920,1087,-1,3916,1087,3921,-1,3246,3245,3922,-1,3922,3245,2632,-1,3923,3095,2704,-1,2704,3095,3082,-1,3214,3212,3924,-1,3924,3212,2652,-1,3091,3094,2703,-1,2703,3094,3925,-1,3240,3234,3926,-1,3926,3234,2636,-1,3239,3238,2633,-1,2633,3238,3927,-1,3206,3205,2651,-1,2651,3205,3928,-1,3178,3177,3929,-1,3929,3177,2672,-1,3930,3085,2712,-1,2712,3085,3065,-1,3910,3194,2599,-1,2599,3194,3184,-1,3204,3192,3931,-1,3931,3192,2660,-1,3174,3173,2671,-1,2671,3173,3932,-1,3079,3084,2711,-1,2711,3084,3933,-1,3113,3183,2598,-1,2598,3183,3934,-1,3121,3120,2685,-1,2685,3120,3921,-1,2685,3921,3919,-1,3919,3921,1087,-1,3919,1087,3935,-1,3163,3162,3936,-1,3936,3162,2607,-1,3231,3230,3937,-1,3937,3230,2645,-1,3172,3159,3938,-1,3938,3159,2676,-1,3938,2676,2675,-1,3142,3141,2606,-1,2606,3141,3939,-1,2663,3940,2665,-1,2665,3940,3190,-1,2665,3190,3189,-1,2678,3941,2679,-1,2679,3941,3156,-1,2679,3156,3155,-1,3222,3221,2643,-1,2643,3221,3942,-1,3182,3181,3943,-1,3943,3181,2668,-1,3943,2668,2667,-1,3069,3072,2721,-1,2721,3072,3944,-1,2721,3944,2720,-1,3107,3106,3945,-1,3945,3106,2696,-1,3945,2696,2695,-1,2639,3946,2640,-1,2640,3946,3236,-1,2640,3236,3226,-1,3947,3269,2616,-1,2616,3269,3268,-1,3186,3185,2659,-1,2659,3185,3948,-1,2659,3948,2660,-1,3148,3147,2678,-1,2678,3147,3935,-1,2678,3935,3941,-1,3941,3935,1087,-1,3941,1087,3949,-1,3950,3923,1087,-1,3264,3263,2617,-1,2617,3263,3951,-1,3220,3216,3952,-1,3952,3216,2648,-1,3952,2648,2647,-1,2699,3953,2700,-1,2700,3953,3101,-1,2700,3101,3099,-1,3954,3929,1087,-1,3097,3098,2699,-1,2699,3098,3950,-1,2699,3950,3953,-1,3953,3950,1087,-1,3953,1087,3955,-1,3956,3930,1087,-1,3258,3257,3957,-1,3957,3257,2623,-1,3210,3209,3958,-1,3958,3209,2657,-1,3958,2657,2655,-1,3165,3164,2667,-1,2667,3164,3954,-1,2667,3954,3943,-1,3943,3954,1087,-1,3943,1087,3959,-1,3103,3102,2695,-1,2695,3102,3955,-1,2695,3955,3945,-1,3945,3955,1087,-1,3945,1087,3918,-1,3918,1087,3917,-1,3918,3917,2693,-1,2693,3917,2692,-1,2707,3960,2708,-1,2708,3960,3093,-1,2708,3093,3089,-1,3167,3166,2663,-1,2663,3166,3959,-1,2663,3959,3940,-1,3940,3959,1087,-1,3940,1087,3948,-1,3150,3149,2675,-1,2675,3149,3949,-1,2675,3949,3938,-1,3938,3949,1087,-1,3938,1087,3932,-1,3932,1087,3929,-1,3932,3929,2671,-1,2671,3929,2672,-1,3087,3088,2707,-1,2707,3088,3956,-1,2707,3956,3960,-1,3960,3956,1087,-1,3960,1087,3925,-1,3925,1087,3923,-1,3925,3923,2703,-1,2703,3923,2704,-1,2715,3961,2716,-1,2716,3961,3083,-1,2716,3083,3077,-1,3233,3232,2637,-1,2637,3232,3962,-1,3252,3251,2622,-1,2622,3251,3963,-1,3964,3965,1087,-1,3171,3170,3966,-1,3966,3170,2603,-1,3966,2603,2602,-1,3967,3924,1087,-1,2660,3948,3931,-1,3931,3948,1087,-1,3931,1087,3968,-1,3075,3076,2715,-1,2715,3076,3964,-1,2715,3964,3961,-1,3961,3964,1087,-1,3961,1087,3933,-1,3933,1087,3930,-1,3933,3930,2711,-1,2711,3930,2712,-1,3071,2724,3969,-1,3969,2724,1087,-1,3969,1087,3944,-1,3944,1087,3965,-1,3944,3965,2720,-1,2720,3965,3073,-1,2720,3073,3063,-1,3970,3937,1087,-1,3199,3198,2655,-1,2655,3198,3968,-1,2655,3968,3958,-1,3958,3968,1087,-1,3958,1087,3928,-1,3928,1087,3924,-1,3928,3924,2651,-1,2651,3924,2652,-1,3140,3139,3971,-1,3971,3139,2612,-1,3971,2612,2613,-1,3218,3217,2647,-1,2647,3217,3967,-1,2647,3967,3952,-1,3952,3967,1087,-1,3952,1087,3942,-1,3942,1087,3937,-1,3942,3937,2643,-1,2643,3937,2645,-1,3262,3261,3972,-1,3972,3261,2620,-1,3972,2620,2621,-1,3250,3249,3973,-1,3973,3249,2627,-1,3973,2627,2626,-1,3224,3223,2639,-1,2639,3223,3970,-1,2639,3970,3946,-1,3946,3970,1087,-1,3946,1087,3962,-1,3974,3936,1087,-1,3152,3151,2602,-1,2602,3151,3974,-1,2602,3974,3966,-1,3966,3974,1087,-1,3966,1087,3934,-1,3934,1087,3910,-1,3934,3910,2598,-1,2598,3910,2599,-1,3975,3947,1087,-1,3124,3265,2613,-1,2613,3265,3975,-1,2613,3975,3971,-1,3971,3975,1087,-1,3971,1087,3939,-1,3939,1087,3936,-1,3939,3936,2606,-1,2606,3936,2607,-1,3976,3922,1087,-1,2632,2633,3922,-1,3922,2633,3927,-1,3922,3927,1087,-1,1087,3927,3926,-1,1087,3926,3962,-1,3962,3926,2636,-1,3962,2636,2637,-1,3977,3957,1087,-1,3254,3253,2621,-1,2621,3253,3977,-1,2621,3977,3972,-1,3972,3977,1087,-1,3972,1087,3951,-1,3951,1087,3947,-1,3951,3947,2617,-1,2617,3947,2616,-1,3242,3241,2626,-1,2626,3241,3976,-1,2626,3976,3973,-1,3973,3976,1087,-1,3973,1087,3963,-1,3963,1087,3957,-1,3963,3957,2622,-1,2622,3957,2623,-1,2723,2204,1087,-1,1087,2204,1085,-1,2202,2222,3908,-1,3908,2222,3978,-1,3908,3978,3911,-1,2211,2235,2921,-1,2921,2235,2920,-1,2897,3979,3980,-1,2909,3981,3982,-1,2904,2905,2211,-1,2889,3983,3984,-1,2907,3985,3986,-1,2886,2887,2211,-1,2894,2895,2211,-1,2883,3987,3988,-1,2880,2881,2211,-1,3989,3990,2905,-1,2905,3990,2902,-1,2905,2902,2211,-1,2211,2902,2903,-1,2879,3991,3992,-1,3993,3994,2211,-1,3986,2904,2907,-1,2907,2904,2211,-1,2907,2211,2906,-1,3995,3996,2903,-1,2903,3996,2900,-1,2903,2900,2211,-1,2211,2900,2901,-1,3997,3998,2895,-1,2895,3998,2892,-1,2895,2892,2211,-1,2211,2892,2893,-1,2872,2873,2211,-1,3999,4000,2921,-1,2921,4000,2918,-1,2921,2918,2211,-1,2211,2918,2919,-1,4001,4002,2901,-1,2901,4002,2898,-1,2901,2898,2211,-1,2211,2898,2899,-1,2876,2877,2211,-1,2875,4003,4004,-1,4005,4006,2893,-1,2893,4006,2890,-1,2893,2890,2211,-1,2211,2890,2891,-1,4007,4008,2887,-1,2887,4008,2884,-1,2887,2884,2211,-1,2211,2884,2885,-1,4004,2872,2875,-1,2875,2872,2211,-1,2875,2211,2874,-1,2874,2211,2877,-1,2874,2877,4009,-1,4009,2877,4010,-1,2868,2869,2211,-1,4011,4012,2919,-1,2919,4012,2916,-1,2919,2916,2211,-1,2211,2916,2917,-1,4013,4014,2899,-1,2899,4014,2896,-1,2899,2896,2211,-1,2211,2896,2897,-1,2211,2897,2894,-1,2894,2897,3980,-1,4015,4016,2881,-1,2881,4016,2878,-1,2881,2878,2211,-1,2211,2878,2879,-1,2211,2879,2876,-1,2876,2879,3992,-1,2871,4017,4018,-1,4019,4020,2891,-1,2891,4020,2888,-1,2891,2888,2211,-1,2211,2888,2889,-1,2211,2889,2886,-1,2886,2889,3984,-1,4021,4022,2885,-1,2885,4022,2882,-1,2885,2882,2211,-1,2211,2882,2883,-1,2211,2883,2880,-1,2880,2883,3988,-1,4018,2868,2871,-1,2871,2868,2211,-1,2871,2211,2870,-1,2870,2211,2873,-1,2870,2873,4023,-1,4023,2873,4024,-1,2864,2865,2211,-1,4025,4026,2917,-1,2917,4026,2914,-1,2917,2914,2211,-1,2211,2914,2915,-1,2867,4027,4028,-1,4028,2864,2867,-1,2867,2864,2211,-1,2867,2211,2866,-1,2866,2211,2869,-1,2866,2869,4029,-1,4029,2869,4030,-1,2860,2861,2211,-1,4031,4032,2915,-1,2915,4032,2912,-1,2915,2912,2211,-1,2211,2912,2913,-1,2863,4033,4034,-1,4034,2860,2863,-1,2863,2860,2211,-1,2863,2211,2862,-1,2862,2211,2865,-1,2862,2865,4035,-1,4035,2865,4036,-1,2856,2857,2211,-1,4037,4038,2913,-1,2913,4038,2910,-1,2913,2910,2211,-1,2211,2910,2911,-1,2859,4039,4040,-1,4040,2856,2859,-1,2859,2856,2211,-1,2859,2211,2858,-1,2858,2211,2861,-1,2858,2861,4041,-1,4041,2861,4042,-1,3528,4043,4044,-1,4045,4046,2911,-1,2911,4046,2908,-1,2911,2908,2211,-1,2211,2908,2909,-1,2211,2909,2906,-1,2906,2909,3982,-1,4044,3993,3528,-1,3528,3993,2211,-1,3528,2211,3527,-1,3527,2211,2857,-1,3527,2857,4047,-1,4047,2857,4048,-1,2214,2216,4049,-1,4049,2216,4050,-1,4049,4050,4051,-1,4051,4050,3993,-1,3993,4050,3994,-1,4050,2216,3994,-1,3994,2216,2211,-1,2253,2853,2235,-1,2235,2853,2920,-1,3108,2933,3068,-1,3068,2933,2925,-1,3108,2220,2933,-1,2933,2220,2217,-1,2208,3068,2209,-1,2209,3068,2925,-1,1361,1366,1419,-1,1419,1366,1414,-1,1412,1414,1387,-1,1387,1414,1366,-1,1554,1079,1462,-1,1462,1079,1078,-1,4052,4053,4054,-1,4054,4053,4055,-1,1081,4052,1083,-1,1083,4052,4054,-1,1073,4053,1081,-1,1081,4053,4052,-1,1072,4055,1073,-1,1073,4055,4053,-1,1083,4054,1072,-1,1072,4054,4055,-1,4056,4057,4058,-1,4058,4057,4059,-1,3624,4056,3632,-1,3632,4056,4058,-1,3623,4057,3624,-1,3624,4057,4056,-1,3628,4059,3623,-1,3623,4059,4057,-1,3632,4058,3628,-1,3628,4058,4059,-1,4060,4061,890,-1,890,4061,880,-1,4061,4062,880,-1,880,4062,881,-1,4062,4063,881,-1,881,4063,892,-1,4063,4060,892,-1,892,4060,890,-1,4063,4062,4060,-1,4060,4062,4061,-1,1468,896,1552,-1,1552,896,889,-1,1419,877,1361,-1,1361,877,891,-1,4064,2205,3587,-1,3587,2205,1099,-1,3587,1099,3588,-1,3588,1099,1098,-1,4065,2203,4064,-1,4064,2203,2205,-1,2203,4065,3575,-1,2203,3575,1086,-1,1086,3575,3574,-1,1086,3574,1088,-1,
        ]
    }
}
Shape{
    appearance Appearance {
        material  Material 	{
            diffuseColor 0.8509803921568627 0.8509803921568627 0.8509803921568627
            specularColor 0.4235294117647059 0.4235294117647059 0.4235294117647059
            ambientIntensity 0.851
            transparency 0.0
            shininess 0.5
        }
    }
    geometry IndexedFaceSet {
        ccw TRUE
        solid FALSE
        coord DEF co Coordinate {
            point [
                4.124 0.7812 0.0591, 4.124 0.8307 0.0, 4.124 1.3504 0.0591, 4.124 1.5394 0.0, 4.124 1.3504 0.2165, 4.124 1.5394 0.2165, 4.0256 0.8307 0.0, 4.0256 0.7812 0.0591, 4.0256 1.3504 0.0591, 4.0256 1.3504 0.2165, 4.0256 1.5394 0.2165, 4.0256 1.5394 0.0, 4.124 1.0354 0.2165, 4.0256 1.0354 0.2165, 4.124 0.7008 0.1548, 4.0256 0.7008 0.1548, 4.124 1.4291 0.689, 4.0256 1.4291 0.689, 4.124 1.3504 0.689, 4.0256 1.3504 0.689, 4.0256 1.4291 0.3543, 4.124 1.4291 0.3543, 4.124 1.0354 0.3543, 4.0256 1.0354 0.3543, 4.124 1.3504 0.3543, 4.0256 1.3504 0.3543, 4.0256 1.0176 0.352, 4.124 1.0176 0.352, 4.0256 1.001 0.3451, 4.124 1.001 0.3451, 4.0256 0.9867 0.3342, 4.124 0.9867 0.3342, 4.0256 0.9758 0.3199, 4.124 0.9758 0.3199, 4.0256 0.9689 0.3033, 4.124 0.9689 0.3033, 4.0256 0.9665 0.2854, 4.124 0.9665 0.2854, 4.0256 0.9689 0.2676, 4.124 0.9689 0.2676, 4.0256 0.9758 0.251, 4.124 0.9758 0.251, 4.0256 0.9867 0.2367, 4.124 0.9867 0.2367, 4.0256 1.001 0.2258, 4.124 1.001 0.2258, 4.0256 1.0176 0.2189, 4.124 1.0176 0.2189
            ]
        }
        coordIndex [
            0,1,2,-1,2,1,3,-1,2,3,4,-1,4,3,5,-1,6,7,8,-1,9,10,8,-1,8,10,11,-1,8,11,6,-1,5,10,4,-1,4,10,9,-1,4,9,12,-1,12,9,13,-1,11,10,3,-1,3,10,5,-1,6,11,1,-1,1,11,3,-1,14,15,0,-1,0,15,7,-1,0,7,1,-1,1,7,6,-1,16,17,18,-1,18,17,19,-1,20,17,21,-1,21,17,16,-1,22,23,24,-1,24,23,25,-1,24,25,21,-1,21,25,20,-1,23,22,26,-1,26,22,27,-1,26,27,28,-1,28,27,29,-1,28,29,30,-1,30,29,31,-1,30,31,32,-1,32,31,33,-1,32,33,34,-1,34,33,35,-1,34,35,36,-1,36,35,37,-1,36,37,38,-1,38,37,39,-1,38,39,40,-1,40,39,41,-1,40,41,42,-1,42,41,43,-1,42,43,44,-1,44,43,45,-1,44,45,46,-1,46,45,47,-1,46,47,13,-1,13,47,12,-1,17,20,19,-1,19,20,25,-1,24,21,18,-1,18,21,16,-1,
        ]
    }
}
Shape{
    appearance Appearance {
        material  Material 	{
            diffuseColor 0.2235294117647059 0.2235294117647059 0.2235294117647059
            specularColor 0.11372549019607843 0.11372549019607843 0.11372549019607843
            ambientIntensity 0.2235
            transparency 0.0
            shininess 0.5
        }
    }
    geometry IndexedFaceSet {
        ccw TRUE
        solid FALSE
        coord DEF co Coordinate {
            point [
                -4.0256 0.7008 0.0591, -4.124 0.7008 0.0591, -4.0256 0.7008 0.1548, -4.124 0.7008 0.1548, -4.0256 0.7812 0.0591, -4.124 0.7812 0.0591, -4.1634 1.3898 0.7283, -4.124 1.3504 0.689, -4.124 1.3504 0.3543, -4.1634 1.3898 0.0591, -4.124 1.3504 0.2165, -4.124 1.3504 0.0591, -3.9862 1.3898 0.7283, -4.0256 1.3504 0.689, -4.0256 1.3504 0.3543, -3.9862 1.3898 0.0591, -4.0256 1.3504 0.2165, -4.0256 1.3504 0.0591
            ]
        }
        coordIndex [
            0,1,2,-1,2,1,3,-1,2,4,0,-1,3,1,5,-1,6,7,8,-1,6,8,9,-1,9,8,10,-1,9,10,11,-1,12,13,6,-1,6,13,7,-1,13,12,14,-1,14,12,15,-1,14,15,16,-1,16,15,17,-1,
        ]
    }
}
Shape{
    appearance Appearance {
        material  Material 	{
            diffuseColor 0.8509803921568627 0.8509803921568627 0.8509803921568627
            specularColor 0.4235294117647059 0.4235294117647059 0.4235294117647059
            ambientIntensity 0.851
            transparency 0.0
            shininess 0.5
        }
    }
    geometry IndexedFaceSet {
        ccw TRUE
        solid FALSE
        coord DEF co Coordinate {
            point [
                -4.124 0.8307 0.0, -4.124 0.7812 0.0591, -4.124 1.3504 0.0591, -4.124 1.3504 0.2165, -4.124 1.5394 0.2165, -4.124 1.5394 0.0, -4.0256 0.7812 0.0591, -4.0256 0.8307 0.0, -4.0256 1.3504 0.0591, -4.0256 1.5394 0.0, -4.0256 1.3504 0.2165, -4.0256 1.5394 0.2165, -4.0256 1.0354 0.2165, -4.124 1.0354 0.2165, -4.0256 1.0176 0.2189, -4.124 1.0176 0.2189, -4.0256 1.001 0.2258, -4.124 1.001 0.2258, -4.0256 0.9867 0.2367, -4.124 0.9867 0.2367, -4.0256 0.9758 0.251, -4.124 0.9758 0.251, -4.0256 0.9689 0.2676, -4.124 0.9689 0.2676, -4.0256 0.9665 0.2854, -4.124 0.9665 0.2854, -4.0256 0.9689 0.3033, -4.124 0.9689 0.3033, -4.0256 0.9758 0.3199, -4.124 0.9758 0.3199, -4.0256 0.9867 0.3342, -4.124 0.9867 0.3342, -4.0256 1.001 0.3451, -4.124 1.001 0.3451, -4.0256 1.0176 0.352, -4.124 1.0176 0.352, -4.0256 1.0354 0.3543, -4.124 1.0354 0.3543, -4.0256 1.3504 0.3543, -4.124 1.3504 0.3543, -4.0256 1.4291 0.3543, -4.124 1.4291 0.3543, -4.0256 1.4291 0.689, -4.124 1.4291 0.689, -4.0256 1.3504 0.689, -4.124 1.3504 0.689, -4.0256 0.7008 0.1548, -4.124 0.7008 0.1548
            ]
        }
        coordIndex [
            0,1,2,-1,3,4,2,-1,2,4,5,-1,2,5,0,-1,6,7,8,-1,8,7,9,-1,8,9,10,-1,10,9,11,-1,11,4,10,-1,10,4,3,-1,10,3,12,-1,12,3,13,-1,12,13,14,-1,14,13,15,-1,14,15,16,-1,16,15,17,-1,16,17,18,-1,18,17,19,-1,18,19,20,-1,20,19,21,-1,20,21,22,-1,22,21,23,-1,22,23,24,-1,24,23,25,-1,24,25,26,-1,26,25,27,-1,26,27,28,-1,28,27,29,-1,28,29,30,-1,30,29,31,-1,30,31,32,-1,32,31,33,-1,32,33,34,-1,34,33,35,-1,34,35,36,-1,36,35,37,-1,36,37,38,-1,38,37,39,-1,38,39,40,-1,40,39,41,-1,42,40,43,-1,43,40,41,-1,44,42,45,-1,45,42,43,-1,46,47,6,-1,6,47,1,-1,6,1,7,-1,7,1,0,-1,9,7,5,-1,5,7,0,-1,11,9,4,-1,4,9,5,-1,40,42,38,-1,38,42,44,-1,45,43,39,-1,39,43,41,-1,
        ]
    }
}
Shape{
    appearance Appearance {
        material  Material 	{
            diffuseColor 0.2235294117647059 0.2235294117647059 0.2235294117647059
            specularColor 0.11372549019607843 0.11372549019607843 0.11372549019607843
            ambientIntensity 0.2235
            transparency 0.0
            shininess 0.5
        }
    }
    geometry IndexedFaceSet {
        ccw TRUE
        solid FALSE
        coord DEF co Coordinate {
            point [
                3.8169 -0.3316 -0.1181, 3.8169 -0.3316 0.0591, 3.879 -0.3111 -0.1181, 3.8849 -0.3099 0.0591, 3.9561 -0.3058 0.0591, 3.951 -0.3055 -0.1181, 3.8849 -0.3106 -0.1181, 4.0261 -0.3194 0.0591, 4.0221 -0.3181 -0.1181, 3.956 -0.3064 -0.1181, 4.0906 -0.35 0.0591, 4.0877 -0.3482 -0.1181, 4.0259 -0.3199 -0.1181, 4.1455 -0.3956 0.0591, 4.1437 -0.3937 -0.1181, 4.0903 -0.3503 -0.1181, 4.1873 -0.4534 0.0591, 4.1865 -0.4519 -0.1181, 4.1452 -0.3958 -0.1181, 4.2134 -0.5198 -0.1181, 4.2133 -0.5189 -0.1181, 4.1871 -0.4535 -0.1181, 4.2135 -0.5198 0.0591, 4.2224 -0.5906 0.0591, 4.2224 -0.5906 -0.1181, 4.2135 -0.6613 0.0591, 4.2134 -0.6613 -0.1181, 4.2133 -0.6622 -0.1181, 4.1873 -0.7277 0.0591, 4.1871 -0.7276 -0.1181, 4.1865 -0.7292 -0.1181, 4.1455 -0.7855 0.0591, 4.1452 -0.7853 -0.1181, 4.1437 -0.7874 -0.1181, 4.0906 -0.8311 0.0591, 4.0903 -0.8308 -0.1181, 4.0877 -0.833 -0.1181, 4.0261 -0.8617 0.0591, 4.0259 -0.8612 -0.1181, 4.0221 -0.863 -0.1181, 3.9561 -0.8753 0.0591, 3.956 -0.8747 -0.1181, 3.951 -0.8756 -0.1181, 3.8849 -0.8712 0.0591, 3.8849 -0.8705 -0.1181, 3.879 -0.87 -0.1181, 3.8169 -0.8495 0.0591, 3.8169 -0.8495 -0.1181, 3.8956 -0.7931 -0.1968, 3.8956 -0.388 -0.1968, 3.9471 -0.797 -0.1968, 3.9471 -0.3841 -0.1968, 3.9986 -0.7879 -0.1968, 4.0461 -0.7661 -0.1968, 3.9986 -0.3933 -0.1968, 4.0461 -0.415 -0.1968, 4.1177 -0.691 -0.1968, 4.0867 -0.448 -0.1968, 4.1177 -0.4901 -0.1968, 4.1371 -0.5387 -0.1968, 4.1437 -0.5906 -0.1968, 4.1371 -0.6424 -0.1968, 4.0867 -0.7331 -0.1968, -3.8169 -0.7339 -0.1181, -3.8169 -0.7339 0.0591, -3.8524 -0.7573 -0.1181, -3.8565 -0.7593 0.0591, -3.9011 -0.7741 0.0591, -3.8972 -0.7733 -0.1181, -3.8567 -0.7588 -0.1181, -3.948 -0.7772 0.0591, -3.9446 -0.7774 -0.1181, -3.9012 -0.7736 -0.1181, -3.9942 -0.7686 0.0591, -3.9915 -0.7694 -0.1181, -3.9479 -0.7768 -0.1181, -4.0368 -0.7487 0.0591, -4.0349 -0.7499 -0.1181, -3.9941 -0.7683 -0.1181, -4.0731 -0.7188 0.0591, -4.0719 -0.7201 -0.1181, -4.0366 -0.7485 -0.1181, -4.1008 -0.6809 0.0591, -4.1002 -0.6819 -0.1181, -4.0729 -0.7187 -0.1181, -4.1181 -0.6372 -0.1181, -4.118 -0.6377 -0.1181, -4.1007 -0.6808 -0.1181, -4.1181 -0.6372 0.0591, -4.124 -0.5906 0.0591, -4.124 -0.5906 -0.1181, -4.1181 -0.5439 0.0591, -4.1181 -0.5439 -0.1181, -4.118 -0.5434 -0.1181, -4.1008 -0.5002 0.0591, -4.1007 -0.5003 -0.1181, -4.1002 -0.4992 -0.1181, -4.0731 -0.4623 0.0591, -4.0729 -0.4624 -0.1181, -4.0719 -0.461 -0.1181, -4.0368 -0.4324 0.0591, -4.0366 -0.4326 -0.1181, -4.0349 -0.4312 -0.1181, -3.9942 -0.4125 0.0591, -3.9941 -0.4128 -0.1181, -3.9915 -0.4117 -0.1181, -3.948 -0.4039 0.0591, -3.9479 -0.4043 -0.1181, -3.9446 -0.4037 -0.1181, -3.9011 -0.407 0.0591, -3.9012 -0.4075 -0.1181, -3.8972 -0.4078 -0.1181, -3.8565 -0.4218 0.0591, -3.8567 -0.4223 -0.1181, -3.8524 -0.4238 -0.1181, -3.8169 -0.4472 0.0591, -3.8169 -0.4472 -0.1181, -3.9937 -0.6828 -0.1968, -4.0151 -0.6655 -0.1968, -3.914 -0.4848 -0.1968, -3.8957 -0.4905 -0.1968, -3.8957 -0.6906 -0.1968, -3.914 -0.6963 -0.1968, -3.9414 -0.6987 -0.1968, -3.9686 -0.6941 -0.1968, -3.9937 -0.4983 -0.1968, -4.0315 -0.6434 -0.1968, -4.0453 -0.5906 -0.1968, -4.0418 -0.5632 -0.1968, -4.0315 -0.5377 -0.1968, -3.9686 -0.487 -0.1968, -3.9414 -0.4824 -0.1968, -4.0418 -0.6179 -0.1968, -4.0151 -0.5156 -0.1968, -3.8763 -0.4798 -0.1775, -3.8763 -0.7013 -0.1775, 3.8946 -0.7938 -0.1958, 3.8946 -0.3873 -0.1958, -3.5729 -1.4252 0.0591, -3.5729 -1.3661 0.0591, -3.5729 -1.4252 0.2953, -3.5729 -1.3661 0.2953, -3.5138 -1.4252 0.2953, -3.5138 -1.3661 0.2953, -3.5138 -1.4252 0.0591, -3.5138 -1.3661 0.0591, -3.5669 -1.3661 0.2953, -3.5669 -1.3661 0.0591, -3.5729 -1.3661 0.9961, -3.5729 -1.3661 0.7008, -3.5669 -1.3661 0.9961, -3.5669 -1.3661 0.7008, -3.5138 -0.5599 1.1996, -3.5138 -0.2618 1.1142, -3.5138 -1.248 1.1142, -3.5138 -1.3661 0.7008, -3.5138 -1.4252 0.7008, -3.5138 -1.3661 0.9961, -3.5138 -1.4252 1.2323, -3.5138 -0.5787 1.2323, -3.5729 -0.5599 1.1996, -3.5729 -0.5787 1.2323, -3.5729 -1.4252 1.2323, -3.5729 -0.2618 1.1142, -3.5729 -1.248 1.1142, -3.5729 -1.4252 0.7008, -3.5197 -1.3661 0.9961, -3.4941 -1.4449 0.2953, -3.4941 -1.4449 0.0591, -3.5925 -1.4449 0.2953, -3.5925 -1.4449 0.0591, -3.5925 -1.4449 1.2323, -3.5925 -1.4449 0.7008, -3.4941 -1.4449 1.2323, -3.4941 -1.4449 0.7008, -3.6713 1.3701 0.3937, -3.6713 1.2126 0.3937, -3.6713 1.3701 0.1772, -3.6713 1.2126 0.1772, -3.6122 1.3701 0.1772, -3.6122 1.2126 0.1772, -3.6122 1.3701 0.3937, -3.6122 1.2126 0.3937, -3.6713 -0.6496 1.8898, -3.6122 -0.6496 1.8898, -3.6713 -0.6496 1.6108, -3.6122 -0.6496 1.6108, -3.6654 1.2126 1.0, -3.6713 1.2126 1.0, -3.6654 1.2126 1.2913, -3.6713 1.2126 1.2913, -3.6122 -0.6244 1.6022, -3.6122 -0.5926 1.5984, -3.6122 1.2126 1.3543, -3.6122 1.2126 1.2913, -3.6122 1.0945 1.4094, -3.6122 1.3701 1.3543, -3.6122 1.3701 1.0, -3.6122 1.2126 1.0, -3.6122 0.1772 1.5984, -3.6122 0.5118 1.8898, -3.6122 0.1772 1.4094, -3.6122 0.5118 1.7126, -3.6122 1.2126 1.7126, -3.6713 1.3701 1.0, -3.6713 1.3701 1.3543, -3.6713 1.2126 1.3543, -3.6713 -0.6244 1.6022, -3.6713 -0.5926 1.5984, -3.6713 0.5118 1.8898, -3.6713 0.1772 1.5984, -3.6713 0.5118 1.7126, -3.6713 0.1772 1.4094, -3.6713 1.2126 1.7126, -3.6713 1.0945 1.4094, -3.6181 1.2126 1.2913, -3.5925 1.3898 0.1772, -3.5925 1.3898 0.3937, -3.691 1.3898 0.1772, -3.691 1.3898 0.3937, -3.5925 1.3898 1.0, -3.5925 1.3898 1.3543, -3.691 1.3898 1.0, -3.691 1.3898 1.3543
            ]
        }
        coordIndex [
            0,1,2,-1,2,1,3,-1,4,5,3,-1,3,5,6,-1,3,6,2,-1,7,8,4,-1,4,8,9,-1,4,9,5,-1,10,11,7,-1,7,11,12,-1,7,12,8,-1,13,14,10,-1,10,14,15,-1,10,15,11,-1,16,17,13,-1,13,17,18,-1,13,18,14,-1,19,20,16,-1,16,20,21,-1,16,21,17,-1,16,22,19,-1,19,22,23,-1,19,23,24,-1,24,23,25,-1,24,25,26,-1,26,25,27,-1,27,25,28,-1,27,28,29,-1,29,28,30,-1,30,28,31,-1,30,31,32,-1,32,31,33,-1,33,31,34,-1,33,34,35,-1,35,34,36,-1,36,34,37,-1,36,37,38,-1,38,37,39,-1,39,37,40,-1,39,40,41,-1,41,40,42,-1,42,40,43,-1,42,43,44,-1,44,43,45,-1,45,43,46,-1,45,46,47,-1,47,46,0,-1,0,46,1,-1,48,49,50,-1,50,49,51,-1,50,51,52,-1,52,51,53,-1,54,55,56,-1,56,55,57,-1,56,57,58,-1,58,59,56,-1,56,59,60,-1,56,60,61,-1,54,56,51,-1,51,56,62,-1,51,62,53,-1,63,64,65,-1,65,64,66,-1,67,68,66,-1,66,68,69,-1,66,69,65,-1,70,71,67,-1,67,71,72,-1,67,72,68,-1,73,74,70,-1,70,74,75,-1,70,75,71,-1,76,77,73,-1,73,77,78,-1,73,78,74,-1,79,80,76,-1,76,80,81,-1,76,81,77,-1,82,83,79,-1,79,83,84,-1,79,84,80,-1,85,86,82,-1,82,86,87,-1,82,87,83,-1,82,88,85,-1,85,88,89,-1,85,89,90,-1,90,89,91,-1,90,91,92,-1,92,91,93,-1,93,91,94,-1,93,94,95,-1,95,94,96,-1,96,94,97,-1,96,97,98,-1,98,97,99,-1,99,97,100,-1,99,100,101,-1,101,100,102,-1,102,100,103,-1,102,103,104,-1,104,103,105,-1,105,103,106,-1,105,106,107,-1,107,106,108,-1,108,106,109,-1,108,109,110,-1,110,109,111,-1,111,109,112,-1,111,112,113,-1,113,112,114,-1,114,112,115,-1,114,115,116,-1,116,115,63,-1,63,115,64,-1,117,118,119,-1,120,121,119,-1,119,121,122,-1,122,123,119,-1,119,123,124,-1,119,124,117,-1,125,118,126,-1,127,128,129,-1,125,130,118,-1,118,130,131,-1,118,131,119,-1,126,132,125,-1,125,132,127,-1,125,127,133,-1,133,127,129,-1,134,114,116,-1,63,65,135,-1,65,69,135,-1,135,69,68,-1,135,68,121,-1,134,120,119,-1,121,68,122,-1,122,68,72,-1,122,72,123,-1,72,71,123,-1,123,71,75,-1,123,75,124,-1,75,74,124,-1,124,74,78,-1,124,78,117,-1,78,77,117,-1,117,77,81,-1,117,81,118,-1,81,80,118,-1,118,80,84,-1,118,84,126,-1,84,83,126,-1,126,83,87,-1,126,87,132,-1,87,86,132,-1,132,86,85,-1,132,85,127,-1,85,90,127,-1,127,90,92,-1,127,92,128,-1,92,93,128,-1,128,93,95,-1,128,95,129,-1,95,96,129,-1,129,96,98,-1,129,98,133,-1,98,99,133,-1,133,99,101,-1,133,101,125,-1,101,102,125,-1,125,102,104,-1,125,104,130,-1,104,105,130,-1,130,105,107,-1,130,107,131,-1,107,108,131,-1,131,108,110,-1,131,110,119,-1,119,110,111,-1,119,111,134,-1,134,111,113,-1,134,113,114,-1,116,63,135,-1,116,135,134,-1,134,135,121,-1,134,121,120,-1,136,45,47,-1,0,2,137,-1,51,49,137,-1,136,48,50,-1,2,6,137,-1,137,6,5,-1,137,5,51,-1,51,5,9,-1,51,9,54,-1,9,8,54,-1,54,8,12,-1,54,12,55,-1,12,11,55,-1,55,11,15,-1,55,15,57,-1,15,14,57,-1,57,14,18,-1,57,18,58,-1,18,17,58,-1,58,17,21,-1,58,21,59,-1,21,20,59,-1,59,20,19,-1,59,19,60,-1,19,24,60,-1,60,24,26,-1,60,26,61,-1,26,27,61,-1,61,27,29,-1,61,29,56,-1,29,30,56,-1,56,30,32,-1,56,32,62,-1,32,33,62,-1,62,33,35,-1,62,35,53,-1,35,36,53,-1,53,36,38,-1,53,38,52,-1,38,39,52,-1,52,39,41,-1,52,41,50,-1,50,41,42,-1,50,42,136,-1,136,42,44,-1,136,44,45,-1,49,48,137,-1,137,48,136,-1,137,136,0,-1,0,136,47,-1,138,139,140,-1,140,139,141,-1,142,143,144,-1,144,143,145,-1,141,139,146,-1,146,139,147,-1,148,149,150,-1,150,149,151,-1,152,153,154,-1,155,156,157,-1,157,156,158,-1,157,158,154,-1,154,158,159,-1,154,159,152,-1,160,161,162,-1,163,160,164,-1,164,160,162,-1,164,162,148,-1,148,162,165,-1,148,165,149,-1,157,154,166,-1,166,154,164,-1,166,164,150,-1,150,164,148,-1,167,142,168,-1,168,142,144,-1,140,169,138,-1,138,169,170,-1,162,171,165,-1,165,171,172,-1,173,158,174,-1,174,158,156,-1,175,176,177,-1,177,176,178,-1,179,180,181,-1,181,180,182,-1,183,184,185,-1,185,184,186,-1,187,188,189,-1,189,188,190,-1,186,184,191,-1,191,184,192,-1,193,194,195,-1,193,196,194,-1,194,196,197,-1,194,197,198,-1,192,184,199,-1,199,184,200,-1,199,200,201,-1,201,200,202,-1,201,202,195,-1,195,202,203,-1,195,203,193,-1,204,205,206,-1,185,207,183,-1,183,207,208,-1,183,208,209,-1,209,208,210,-1,209,210,211,-1,211,210,212,-1,211,212,213,-1,213,212,214,-1,213,214,206,-1,206,214,190,-1,206,190,204,-1,204,190,188,-1,202,200,211,-1,211,200,209,-1,201,195,212,-1,212,195,214,-1,189,190,214,-1,189,214,215,-1,215,214,195,-1,215,195,194,-1,216,179,217,-1,217,179,181,-1,177,218,175,-1,175,218,219,-1,220,197,221,-1,221,197,196,-1,204,222,205,-1,205,222,223,-1,
        ]
    }
}
Shape{
    appearance Appearance {
        material  Material 	{
            diffuseColor 0.9686274509803922 0.8784313725490196 0.6
            specularColor 0.6784313725490196 0.615686274509804 0.4196078431372549
            ambientIntensity 0.8737
            transparency 0.0
            shininess 0.5
        }
    }
    geometry IndexedFaceSet {
        ccw TRUE
        solid FALSE
        coord DEF co Coordinate {
            point [
                -3.6654 1.2126 0.3937, -3.6181 1.2126 0.3937, -3.6654 1.2126 1.0, -3.6181 1.2126 1.0, -3.6181 1.2126 1.331, -3.6654 1.2126 1.331, -3.6181 1.2126 1.2913, -3.6654 1.2126 1.2913, -3.6181 0.1069 1.6984, -3.6181 0.1857 1.6967, -3.6654 0.1069 1.6984, -3.6654 0.1857 1.6967, -3.6654 1.1072 1.5836, -3.6181 1.1072 1.5836, -3.6181 1.1667 1.5688, -3.6654 1.1667 1.5688, -3.6181 1.221 1.5403, -3.6654 1.221 1.5403, -3.6181 1.2668 1.4996, -3.6654 1.2668 1.4996, -3.6181 1.3016 1.4492, -3.6654 1.3016 1.4492, -3.6181 1.3233 1.3918, -3.6654 1.3233 1.3918, -3.6181 1.3307 1.331, -3.6654 1.3307 1.331, -3.6654 1.3307 0.1484, -3.6181 1.3307 0.1484, -3.6654 1.4583 0.0591, -3.6181 1.4583 0.0591, -3.6654 1.6535 0.0591, -3.6181 1.6535 0.0591, -3.6654 1.6535 0.0, -3.6181 1.6535 0.0, -3.6654 1.378 0.0, -3.6181 1.378 0.0, -3.6654 1.2126 0.1158, -3.6181 1.2126 0.1158, -3.6654 1.2089 1.3602, -3.6181 1.2089 1.3602, -3.6654 1.1981 1.3877, -3.6181 1.1981 1.3877, -3.6654 1.1809 1.4115, -3.6181 1.1809 1.4115, -3.6654 1.1582 1.4304, -3.6181 1.1582 1.4304, -3.6654 1.1316 1.4431, -3.6181 1.1316 1.4431, -3.6654 1.1027 1.4488, -3.6181 1.1027 1.4488, -3.6654 0.262 1.5076, -3.6181 0.262 1.5076, -3.6181 0.2348 1.5123, -3.6654 0.2348 1.5123, -3.6181 0.209 1.5223, -3.6654 0.209 1.5223, -3.6181 0.1857 1.5373, -3.6654 0.1857 1.5373, -3.6654 0.1596 1.5537, -3.6181 0.1596 1.5537, -3.6654 0.1305 1.5639, -3.6181 0.1305 1.5639, -3.6654 0.0998 1.5674, -3.6181 0.0998 1.5674, -3.6654 -0.1229 1.5674, -3.6181 -0.1229 1.5674, -3.6654 -0.1713 1.5614, -3.6181 -0.1713 1.5614, -3.6654 -0.2168 1.5439, -3.6181 -0.2168 1.5439, -3.6654 -0.2618 1.5199, -3.6181 -0.2618 1.5199, -3.6654 -0.2723 1.5127, -3.6181 -0.2723 1.5127, -3.6654 -0.2809 1.5032, -3.6181 -0.2809 1.5032, -3.6654 -0.2871 1.4921, -3.6181 -0.2871 1.4921, -3.6181 -0.2924 1.4826, -3.6654 -0.2924 1.4826, -3.6181 -0.2997 1.4746, -3.6654 -0.2997 1.4746, -3.6181 -0.3087 1.4685, -3.6654 -0.3087 1.4685, -3.6181 -0.3187 1.4646, -3.6654 -0.3187 1.4646, -3.6181 -0.3295 1.463, -3.6654 -0.3295 1.463, -3.6181 -0.3403 1.464, -3.6654 -0.3403 1.464, -3.6181 -0.3506 1.4674, -3.6654 -0.3506 1.4674, -3.6181 -0.3598 1.473, -3.6654 -0.3598 1.473, -3.6654 -0.4994 1.5821, -3.6181 -0.4994 1.5821, -3.6181 -0.5061 1.5888, -3.6654 -0.5061 1.5888, -3.6181 -0.511 1.5968, -3.6654 -0.511 1.5968, -3.6181 -0.5138 1.6058, -3.6654 -0.5138 1.6058, -3.6181 -0.5145 1.6152, -3.6654 -0.5145 1.6152, -3.6181 -0.5129 1.6245, -3.6654 -0.5129 1.6245, -3.6181 -0.5091 1.6331, -3.6654 -0.5091 1.6331, -3.6181 -0.5034 1.6406, -3.6654 -0.5034 1.6406, -3.6181 -0.496 1.6465, -3.6654 -0.496 1.6465, -3.6181 -0.4875 1.6505, -3.6654 -0.4875 1.6505, -3.6181 -0.4783 1.6524, -3.6654 -0.4783 1.6524, -3.5197 -1.3661 0.0512, -3.5669 -1.3661 0.0512, -3.5197 -1.3661 0.0591, -3.5669 -1.3661 0.0591, -3.5197 -1.3661 0.2953, -3.5669 -1.3661 0.2953, -3.5197 -1.3661 0.7008, -3.5669 -1.3661 0.7008, -3.5669 -1.4253 1.1322, -3.5669 -1.4768 1.0392, -3.5197 -1.4253 1.1322, -3.5197 -1.4768 1.0392, -3.5197 -1.4109 1.1519, -3.5669 -1.4109 1.1519, -3.5197 -1.3921 1.1674, -3.5669 -1.3921 1.1674, -3.5197 -1.3701 1.1779, -3.5669 -1.3701 1.1779, -3.5197 -1.3461 1.1826, -3.5669 -1.3461 1.1826, -3.5669 -0.8938 1.2142, -3.5197 -0.8938 1.2142, -3.5669 -0.837 1.2253, -3.5197 -0.837 1.2253, -3.5669 -0.7847 1.2498, -3.5197 -0.7847 1.2498, -3.5669 -0.7102 1.2966, -3.5197 -0.7102 1.2966, -3.5197 -0.6997 1.3015, -3.5669 -0.6997 1.3015, -3.5197 -0.6884 1.3037, -3.5669 -0.6884 1.3037, -3.5197 -0.6769 1.3032, -3.5669 -0.6769 1.3032, -3.5197 -0.6659 1.2998, -3.5669 -0.6659 1.2998, -3.5197 -0.656 1.2939, -3.5669 -0.656 1.2939, -3.5197 -0.6479 1.2858, -3.5669 -0.6479 1.2858, -3.5669 -0.5897 1.2117, -3.5197 -0.5897 1.2117, -3.5197 -0.5869 1.2069, -3.5669 -0.5869 1.2069, -3.5197 -0.5852 1.2016, -3.5669 -0.5852 1.2016, -3.5197 -0.5848 1.1961, -3.5669 -0.5848 1.1961, -3.5197 -0.5858 1.1906, -3.5669 -0.5858 1.1906, -3.5197 -0.5881 1.1856, -3.5669 -0.5881 1.1856, -3.5197 -0.5915 1.1812, -3.5669 -0.5915 1.1812, -3.5197 -0.5958 1.1777, -3.5669 -0.5958 1.1777, -3.5197 -0.6009 1.1754, -3.5669 -0.6009 1.1754, -3.5197 -0.6063 1.1744, -3.5669 -0.6063 1.1744, -3.5669 -1.2981 1.126, -3.5197 -1.2981 1.126, -3.5669 -1.316 1.1225, -3.5197 -1.316 1.1225, -3.5669 -1.3325 1.1146, -3.5197 -1.3325 1.1146, -3.5669 -1.3465 1.1029, -3.5197 -1.3465 1.1029, -3.5669 -1.3572 1.0881, -3.5197 -1.3572 1.0881, -3.5669 -1.3639 1.0712, -3.5197 -1.3639 1.0712, -3.5669 -1.3661 1.0531, -3.5197 -1.3661 1.0531, -3.5669 -1.3661 0.9961, -3.5197 -1.3661 0.9961, -3.5669 -1.4173 0.0, -3.5197 -1.4173 0.0, -3.5669 -1.6535 0.0, -3.5197 -1.6535 0.0, -3.5669 -1.6535 0.0591, -3.5197 -1.6535 0.0591, -3.5669 -1.4843 0.0591, -3.5197 -1.4843 0.0591, -3.5669 -1.4449 0.0984, -3.5197 -1.4449 0.0984, -3.5669 -1.4449 0.815, -3.5197 -1.4449 0.815, -3.5669 -1.5138 0.815, -3.5197 -1.5138 0.815, -3.5669 -1.5138 0.9232, -3.5197 -1.5138 0.9232, -3.5669 -1.4941 0.9429, -3.5197 -1.4941 0.9429, -3.5669 -1.4941 0.9724, -3.5197 -1.4941 0.9724, -3.5197 -1.4897 1.0069, -3.5669 -1.4897 1.0069
            ]
        }
        coordIndex [
            0,1,2,-1,2,1,3,-1,4,5,6,-1,6,5,7,-1,8,9,10,-1,10,9,11,-1,12,11,13,-1,13,11,9,-1,12,13,14,-1,12,14,15,-1,15,14,16,-1,15,16,17,-1,17,16,18,-1,17,18,19,-1,19,18,20,-1,19,20,21,-1,21,20,22,-1,21,22,23,-1,23,22,24,-1,23,24,25,-1,26,25,27,-1,27,25,24,-1,28,26,29,-1,29,26,27,-1,30,28,31,-1,31,28,29,-1,32,30,33,-1,33,30,31,-1,34,32,35,-1,35,32,33,-1,36,34,37,-1,37,34,35,-1,5,4,38,-1,38,4,39,-1,38,39,40,-1,40,39,41,-1,40,41,42,-1,42,41,43,-1,42,43,44,-1,44,43,45,-1,44,45,46,-1,46,45,47,-1,46,47,48,-1,48,47,49,-1,50,48,51,-1,51,48,49,-1,50,51,52,-1,50,52,53,-1,53,52,54,-1,53,54,55,-1,55,54,56,-1,55,56,57,-1,57,56,58,-1,58,56,59,-1,58,59,60,-1,60,59,61,-1,60,61,62,-1,62,61,63,-1,64,62,65,-1,65,62,63,-1,64,65,66,-1,66,65,67,-1,66,67,68,-1,68,67,69,-1,70,68,71,-1,71,68,69,-1,70,71,72,-1,72,71,73,-1,72,73,74,-1,74,73,75,-1,74,75,76,-1,76,75,77,-1,76,77,78,-1,76,78,79,-1,79,78,80,-1,79,80,81,-1,81,80,82,-1,81,82,83,-1,83,82,84,-1,83,84,85,-1,85,84,86,-1,85,86,87,-1,87,86,88,-1,87,88,89,-1,89,88,90,-1,89,90,91,-1,91,90,92,-1,91,92,93,-1,94,93,95,-1,95,93,92,-1,94,95,96,-1,94,96,97,-1,97,96,98,-1,97,98,99,-1,99,98,100,-1,99,100,101,-1,101,100,102,-1,101,102,103,-1,103,102,104,-1,103,104,105,-1,105,104,106,-1,105,106,107,-1,107,106,108,-1,107,108,109,-1,109,108,110,-1,109,110,111,-1,111,110,112,-1,111,112,113,-1,113,112,114,-1,113,114,115,-1,10,115,8,-1,8,115,114,-1,30,32,28,-1,28,32,34,-1,28,34,26,-1,58,60,11,-1,2,25,0,-1,0,25,26,-1,0,26,36,-1,36,26,34,-1,11,60,10,-1,60,62,10,-1,10,62,64,-1,10,64,115,-1,115,64,66,-1,115,66,68,-1,87,89,76,-1,53,55,11,-1,11,55,57,-1,11,57,58,-1,107,76,105,-1,105,76,103,-1,68,70,115,-1,115,70,72,-1,115,72,113,-1,113,72,74,-1,113,74,111,-1,111,74,76,-1,111,76,109,-1,109,76,107,-1,81,83,85,-1,94,97,99,-1,2,7,25,-1,25,7,5,-1,25,5,23,-1,23,5,38,-1,23,38,21,-1,21,38,40,-1,21,40,19,-1,19,40,42,-1,19,42,17,-1,17,42,44,-1,17,44,15,-1,15,44,46,-1,15,46,12,-1,12,46,48,-1,12,48,11,-1,11,48,50,-1,11,50,53,-1,89,91,76,-1,76,91,93,-1,76,93,103,-1,103,93,94,-1,103,94,101,-1,101,94,99,-1,87,76,85,-1,85,76,79,-1,85,79,81,-1,8,114,67,-1,73,71,114,-1,114,71,69,-1,114,69,67,-1,24,6,3,-1,95,92,77,-1,61,9,63,-1,63,9,8,-1,63,8,65,-1,65,8,67,-1,24,3,27,-1,98,96,95,-1,108,106,77,-1,33,31,35,-1,35,31,29,-1,35,29,37,-1,37,29,27,-1,37,27,1,-1,1,27,3,-1,92,90,77,-1,77,90,88,-1,77,88,78,-1,73,114,75,-1,75,114,112,-1,75,112,77,-1,77,112,110,-1,77,110,108,-1,61,59,9,-1,9,59,56,-1,9,56,54,-1,106,104,77,-1,77,104,102,-1,77,102,95,-1,95,102,100,-1,95,100,98,-1,54,52,9,-1,9,52,51,-1,9,51,13,-1,13,51,49,-1,13,49,14,-1,14,49,47,-1,14,47,16,-1,16,47,45,-1,16,45,18,-1,18,45,43,-1,18,43,20,-1,20,43,41,-1,20,41,22,-1,22,41,39,-1,22,39,24,-1,24,39,4,-1,24,4,6,-1,88,86,78,-1,78,86,84,-1,78,84,80,-1,80,84,82,-1,116,117,118,-1,118,117,119,-1,120,121,122,-1,122,121,123,-1,124,125,126,-1,126,125,127,-1,124,126,128,-1,124,128,129,-1,129,128,130,-1,129,130,131,-1,131,130,132,-1,131,132,133,-1,133,132,134,-1,133,134,135,-1,136,135,137,-1,137,135,134,-1,136,137,138,-1,138,137,139,-1,138,139,140,-1,140,139,141,-1,142,140,143,-1,143,140,141,-1,142,143,144,-1,142,144,145,-1,145,144,146,-1,145,146,147,-1,147,146,148,-1,147,148,149,-1,149,148,150,-1,149,150,151,-1,151,150,152,-1,151,152,153,-1,153,152,154,-1,153,154,155,-1,156,155,157,-1,157,155,154,-1,156,157,158,-1,156,158,159,-1,159,158,160,-1,159,160,161,-1,161,160,162,-1,161,162,163,-1,163,162,164,-1,163,164,165,-1,165,164,166,-1,165,166,167,-1,167,166,168,-1,167,168,169,-1,169,168,170,-1,169,170,171,-1,171,170,172,-1,171,172,173,-1,173,172,174,-1,173,174,175,-1,176,175,177,-1,177,175,174,-1,176,177,178,-1,178,177,179,-1,178,179,180,-1,180,179,181,-1,180,181,182,-1,182,181,183,-1,182,183,184,-1,184,183,185,-1,184,185,186,-1,186,185,187,-1,186,187,188,-1,188,187,189,-1,190,188,191,-1,191,188,189,-1,192,117,193,-1,193,117,116,-1,194,192,195,-1,195,192,193,-1,196,194,197,-1,197,194,195,-1,198,196,199,-1,199,196,197,-1,200,198,201,-1,201,198,199,-1,202,200,203,-1,203,200,201,-1,204,202,205,-1,205,202,203,-1,206,204,207,-1,207,204,205,-1,208,206,209,-1,209,206,207,-1,210,208,211,-1,211,208,209,-1,210,211,212,-1,210,212,213,-1,213,212,127,-1,213,127,125,-1,202,186,188,-1,194,196,192,-1,192,196,198,-1,192,198,117,-1,117,198,200,-1,117,200,119,-1,204,206,202,-1,202,206,208,-1,202,208,186,-1,186,208,184,-1,125,124,182,-1,175,140,142,-1,125,182,213,-1,124,129,182,-1,182,129,131,-1,182,131,180,-1,180,131,133,-1,180,133,178,-1,178,133,135,-1,178,135,176,-1,176,135,136,-1,176,136,175,-1,175,136,138,-1,175,138,140,-1,188,190,202,-1,202,190,123,-1,202,123,200,-1,200,123,121,-1,200,121,119,-1,171,173,156,-1,156,173,175,-1,156,175,155,-1,155,175,142,-1,184,208,182,-1,182,208,210,-1,182,210,213,-1,159,161,167,-1,167,161,163,-1,167,163,165,-1,159,167,156,-1,156,167,169,-1,156,169,171,-1,149,142,147,-1,147,142,145,-1,149,151,142,-1,142,151,153,-1,142,153,155,-1,199,197,195,-1,207,205,209,-1,209,205,203,-1,209,203,191,-1,195,193,199,-1,199,193,116,-1,199,116,201,-1,143,141,174,-1,116,118,201,-1,201,118,120,-1,201,120,203,-1,203,120,122,-1,203,122,191,-1,181,179,134,-1,134,179,177,-1,134,177,137,-1,137,177,174,-1,137,174,139,-1,139,174,141,-1,134,132,181,-1,181,132,130,-1,181,130,183,-1,183,130,128,-1,183,128,185,-1,185,128,126,-1,185,126,187,-1,187,126,127,-1,187,127,189,-1,189,127,212,-1,189,212,191,-1,191,212,211,-1,191,211,209,-1,143,174,157,-1,157,174,172,-1,157,172,170,-1,160,166,162,-1,162,166,164,-1,170,168,157,-1,157,168,166,-1,157,166,158,-1,158,166,160,-1,157,154,143,-1,143,154,152,-1,143,152,150,-1,150,148,143,-1,143,148,146,-1,143,146,144,-1,
        ]
    }
}
Shape{
    appearance Appearance {
        material  Material 	{
            diffuseColor 0.2235294117647059 0.2235294117647059 0.2235294117647059
            specularColor 0.11372549019607843 0.11372549019607843 0.11372549019607843
            ambientIntensity 0.2235
            transparency 0.0
            shininess 0.5
        }
    }
    geometry IndexedFaceSet {
        ccw TRUE
        solid FALSE
        coord DEF co Coordinate {
            point [
                3.6122 1.2126 1.2913, 3.6122 1.0945 1.4094, 3.6181 1.2126 1.2913, 3.6712 1.0945 1.4094, 3.6653 1.2126 1.2913, 3.6712 1.2126 1.2913, 3.6712 0.1772 1.4094, 3.6122 0.1772 1.4094, 3.6122 1.3701 1.0, 3.6122 1.3701 1.3543, 3.6122 1.2126 1.3543, 3.6122 -0.6496 1.6108, 3.6122 -0.6244 1.6022, 3.6122 -0.6496 1.8898, 3.6122 -0.5926 1.5984, 3.6122 0.5118 1.8898, 3.6122 0.1772 1.5984, 3.6122 0.5118 1.7126, 3.6122 1.2126 1.7126, 3.6122 1.2126 1.0, 3.6712 -0.6496 1.6108, 3.6712 -0.6496 1.8898, 3.6712 -0.6244 1.6022, 3.6712 -0.5926 1.5984, 3.6712 1.2126 1.3543, 3.6712 1.3701 1.3543, 3.6712 1.3701 1.0, 3.6712 1.2126 1.0, 3.6712 0.1772 1.5984, 3.6712 0.5118 1.8898, 3.6712 0.5118 1.7126, 3.6712 1.2126 1.7126, 3.6181 1.2126 1.0, 3.4153 1.2126 1.2913, 3.4153 1.0945 1.4094, 3.4212 1.2126 1.2913, 3.4744 1.0945 1.4094, 3.4685 1.2126 1.2913, 3.4744 1.2126 1.2913, 3.4744 0.1772 1.4094, 3.4153 0.1772 1.4094, 3.4153 1.3701 1.0, 3.4153 1.3701 1.3543, 3.4153 1.2126 1.3543, 3.4153 -0.6496 1.6108, 3.4153 -0.6244 1.6022, 3.4153 -0.6496 1.8898, 3.4153 -0.5926 1.5984, 3.4153 0.5118 1.8898, 3.4153 0.1772 1.5984, 3.4153 0.5118 1.7126, 3.4153 1.2126 1.7126, 3.4153 1.2126 1.0, 3.4744 -0.6496 1.6108, 3.4744 -0.6496 1.8898, 3.4744 -0.6244 1.6022, 3.4744 -0.5926 1.5984, 3.4744 1.2126 1.3543, 3.4744 1.3701 1.3543, 3.4744 1.3701 1.0, 3.4744 1.2126 1.0, 3.4744 0.1772 1.5984, 3.4744 0.5118 1.8898, 3.4744 0.5118 1.7126, 3.4744 1.2126 1.7126, 3.4212 1.2126 1.0, 3.2185 1.2126 1.2913, 3.2185 1.0945 1.4094, 3.2244 1.2126 1.2913, 3.2775 1.0945 1.4094, 3.2716 1.2126 1.2913, 3.2775 1.2126 1.2913, 3.2775 0.1772 1.4094, 3.2185 0.1772 1.4094, 3.2185 1.3701 1.0, 3.2185 1.3701 1.3543, 3.2185 1.2126 1.3543, 3.2185 -0.6496 1.6108, 3.2185 -0.6244 1.6022, 3.2185 -0.6496 1.8898, 3.2185 -0.5926 1.5984, 3.2185 0.5118 1.8898, 3.2185 0.1772 1.5984, 3.2185 0.5118 1.7126, 3.2185 1.2126 1.7126, 3.2185 1.2126 1.0, 3.2775 -0.6496 1.6108, 3.2775 -0.6496 1.8898, 3.2775 -0.6244 1.6022, 3.2775 -0.5926 1.5984, 3.2775 1.2126 1.3543, 3.2775 1.3701 1.3543, 3.2775 1.3701 1.0, 3.2775 1.2126 1.0, 3.2775 0.1772 1.5984, 3.2775 0.5118 1.8898, 3.2775 0.5118 1.7126, 3.2775 1.2126 1.7126, 3.2244 1.2126 1.0, 3.0216 1.2126 1.2913, 3.0216 1.0945 1.4094, 3.0275 1.2126 1.2913, 3.0807 1.0945 1.4094, 3.0748 1.2126 1.2913, 3.0807 1.2126 1.2913, 3.0807 0.1772 1.4094, 3.0216 0.1772 1.4094, 3.0216 1.3701 1.0, 3.0216 1.3701 1.3543, 3.0216 1.2126 1.3543, 3.0216 -0.6496 1.6108, 3.0216 -0.6244 1.6022, 3.0216 -0.6496 1.8898, 3.0216 -0.5926 1.5984, 3.0216 0.5118 1.8898, 3.0216 0.1772 1.5984, 3.0216 0.5118 1.7126, 3.0216 1.2126 1.7126, 3.0216 1.2126 1.0, 3.0807 -0.6496 1.6108, 3.0807 -0.6496 1.8898, 3.0807 -0.6244 1.6022, 3.0807 -0.5926 1.5984, 3.0807 1.2126 1.3543, 3.0807 1.3701 1.3543, 3.0807 1.3701 1.0, 3.0807 1.2126 1.0, 3.0807 0.1772 1.5984, 3.0807 0.5118 1.8898, 3.0807 0.5118 1.7126, 3.0807 1.2126 1.7126, 3.0275 1.2126 1.0, 2.8248 1.2126 1.2913, 2.8248 1.0945 1.4094, 2.8307 1.2126 1.2913, 2.8838 1.0945 1.4094, 2.8779 1.2126 1.2913, 2.8838 1.2126 1.2913, 2.8838 0.1772 1.4094, 2.8248 0.1772 1.4094, 2.8248 1.3701 1.0, 2.8248 1.3701 1.3543, 2.8248 1.2126 1.3543, 2.8248 -0.6496 1.6108, 2.8248 -0.6244 1.6022, 2.8248 -0.6496 1.8898, 2.8248 -0.5926 1.5984, 2.8248 0.5118 1.8898, 2.8248 0.1772 1.5984, 2.8248 0.5118 1.7126, 2.8248 1.2126 1.7126, 2.8248 1.2126 1.0, 2.8838 -0.6496 1.6108, 2.8838 -0.6496 1.8898, 2.8838 -0.6244 1.6022, 2.8838 -0.5926 1.5984, 2.8838 1.2126 1.3543, 2.8838 1.3701 1.3543, 2.8838 1.3701 1.0, 2.8838 1.2126 1.0, 2.8838 0.1772 1.5984, 2.8838 0.5118 1.8898, 2.8838 0.5118 1.7126, 2.8838 1.2126 1.7126, 2.8307 1.2126 1.0, 2.6279 1.2126 1.2913, 2.6279 1.0945 1.4094, 2.6338 1.2126 1.2913, 2.687 1.0945 1.4094, 2.6811 1.2126 1.2913, 2.687 1.2126 1.2913, 2.687 0.1772 1.4094, 2.6279 0.1772 1.4094, 2.6279 1.3701 1.0, 2.6279 1.3701 1.3543, 2.6279 1.2126 1.3543, 2.6279 -0.6496 1.6108, 2.6279 -0.6244 1.6022, 2.6279 -0.6496 1.8898, 2.6279 -0.5926 1.5984, 2.6279 0.5118 1.8898, 2.6279 0.1772 1.5984, 2.6279 0.5118 1.7126, 2.6279 1.2126 1.7126, 2.6279 1.2126 1.0, 2.687 -0.6496 1.6108, 2.687 -0.6496 1.8898, 2.687 -0.6244 1.6022, 2.687 -0.5926 1.5984, 2.687 1.2126 1.3543, 2.687 1.3701 1.3543, 2.687 1.3701 1.0, 2.687 1.2126 1.0, 2.687 0.1772 1.5984, 2.687 0.5118 1.8898, 2.687 0.5118 1.7126, 2.687 1.2126 1.7126, 2.6338 1.2126 1.0, 2.4311 1.2126 1.2913, 2.4311 1.0945 1.4094, 2.437 1.2126 1.2913, 2.4901 1.0945 1.4094, 2.4842 1.2126 1.2913, 2.4901 1.2126 1.2913, 2.4901 0.1772 1.4094, 2.4311 0.1772 1.4094, 2.4311 1.3701 1.0, 2.4311 1.3701 1.3543, 2.4311 1.2126 1.3543, 2.4311 -0.6496 1.6108, 2.4311 -0.6244 1.6022, 2.4311 -0.6496 1.8898, 2.4311 -0.5926 1.5984, 2.4311 0.5118 1.8898, 2.4311 0.1772 1.5984, 2.4311 0.5118 1.7126, 2.4311 1.2126 1.7126, 2.4311 1.2126 1.0, 2.4901 -0.6496 1.6108, 2.4901 -0.6496 1.8898, 2.4901 -0.6244 1.6022, 2.4901 -0.5926 1.5984, 2.4901 1.2126 1.3543, 2.4901 1.3701 1.3543, 2.4901 1.3701 1.0, 2.4901 1.2126 1.0, 2.4901 0.1772 1.5984, 2.4901 0.5118 1.8898, 2.4901 0.5118 1.7126, 2.4901 1.2126 1.7126, 2.437 1.2126 1.0, 2.2342 1.2126 1.2913, 2.2342 1.0945 1.4094, 2.2401 1.2126 1.2913, 2.2933 1.0945 1.4094, 2.2874 1.2126 1.2913, 2.2933 1.2126 1.2913, 2.2933 0.1772 1.4094, 2.2342 0.1772 1.4094, 2.2342 1.3701 1.0, 2.2342 1.3701 1.3543, 2.2342 1.2126 1.3543, 2.2342 -0.6496 1.6108, 2.2342 -0.6244 1.6022, 2.2342 -0.6496 1.8898, 2.2342 -0.5926 1.5984, 2.2342 0.5118 1.8898, 2.2342 0.1772 1.5984, 2.2342 0.5118 1.7126, 2.2342 1.2126 1.7126, 2.2342 1.2126 1.0, 2.2933 -0.6496 1.6108, 2.2933 -0.6496 1.8898, 2.2933 -0.6244 1.6022, 2.2933 -0.5926 1.5984, 2.2933 1.2126 1.3543, 2.2933 1.3701 1.3543, 2.2933 1.3701 1.0, 2.2933 1.2126 1.0, 2.2933 0.1772 1.5984, 2.2933 0.5118 1.8898, 2.2933 0.5118 1.7126, 2.2933 1.2126 1.7126, 2.2401 1.2126 1.0, 2.0374 1.2126 1.2913, 2.0374 1.0945 1.4094, 2.0433 1.2126 1.2913, 2.0964 1.0945 1.4094, 2.0905 1.2126 1.2913, 2.0964 1.2126 1.2913, 2.0964 0.1772 1.4094, 2.0374 0.1772 1.4094, 2.0374 1.3701 1.0, 2.0374 1.3701 1.3543, 2.0374 1.2126 1.3543, 2.0374 -0.6496 1.6108, 2.0374 -0.6244 1.6022, 2.0374 -0.6496 1.8898, 2.0374 -0.5926 1.5984, 2.0374 0.5118 1.8898, 2.0374 0.1772 1.5984, 2.0374 0.5118 1.7126, 2.0374 1.2126 1.7126, 2.0374 1.2126 1.0, 2.0964 -0.6496 1.6108, 2.0964 -0.6496 1.8898, 2.0964 -0.6244 1.6022, 2.0964 -0.5926 1.5984, 2.0964 1.2126 1.3543, 2.0964 1.3701 1.3543, 2.0964 1.3701 1.0, 2.0964 1.2126 1.0, 2.0964 0.1772 1.5984, 2.0964 0.5118 1.8898, 2.0964 0.5118 1.7126, 2.0964 1.2126 1.7126, 2.0433 1.2126 1.0, 1.8405 1.2126 1.2913, 1.8405 1.0945 1.4094, 1.8464 1.2126 1.2913, 1.8996 1.0945 1.4094, 1.8937 1.2126 1.2913, 1.8996 1.2126 1.2913, 1.8996 0.1772 1.4094, 1.8405 0.1772 1.4094, 1.8405 1.3701 1.0, 1.8405 1.3701 1.3543, 1.8405 1.2126 1.3543, 1.8405 -0.6496 1.6108, 1.8405 -0.6244 1.6022, 1.8405 -0.6496 1.8898, 1.8405 -0.5926 1.5984, 1.8405 0.5118 1.8898, 1.8405 0.1772 1.5984, 1.8405 0.5118 1.7126, 1.8405 1.2126 1.7126, 1.8405 1.2126 1.0, 1.8996 -0.6496 1.6108, 1.8996 -0.6496 1.8898, 1.8996 -0.6244 1.6022, 1.8996 -0.5926 1.5984, 1.8996 1.2126 1.3543, 1.8996 1.3701 1.3543, 1.8996 1.3701 1.0, 1.8996 1.2126 1.0, 1.8996 0.1772 1.5984, 1.8996 0.5118 1.8898, 1.8996 0.5118 1.7126, 1.8996 1.2126 1.7126, 1.8464 1.2126 1.0, 1.6437 1.2126 1.2913, 1.6437 1.0945 1.4094, 1.6496 1.2126 1.2913, 1.7027 1.0945 1.4094, 1.6968 1.2126 1.2913, 1.7027 1.2126 1.2913, 1.7027 0.1772 1.4094, 1.6437 0.1772 1.4094, 1.6437 1.3701 1.0, 1.6437 1.3701 1.3543, 1.6437 1.2126 1.3543, 1.6437 -0.6496 1.6108, 1.6437 -0.6244 1.6022, 1.6437 -0.6496 1.8898, 1.6437 -0.5926 1.5984, 1.6437 0.5118 1.8898, 1.6437 0.1772 1.5984, 1.6437 0.5118 1.7126, 1.6437 1.2126 1.7126, 1.6437 1.2126 1.0, 1.7027 -0.6496 1.6108, 1.7027 -0.6496 1.8898, 1.7027 -0.6244 1.6022, 1.7027 -0.5926 1.5984, 1.7027 1.2126 1.3543, 1.7027 1.3701 1.3543, 1.7027 1.3701 1.0, 1.7027 1.2126 1.0, 1.7027 0.1772 1.5984, 1.7027 0.5118 1.8898, 1.7027 0.5118 1.7126, 1.7027 1.2126 1.7126, 1.6496 1.2126 1.0, 1.4468 1.2126 1.2913, 1.4468 1.0945 1.4094, 1.4527 1.2126 1.2913, 1.5059 1.0945 1.4094, 1.5 1.2126 1.2913, 1.5059 1.2126 1.2913, 1.5059 0.1772 1.4094, 1.4468 0.1772 1.4094, 1.4468 1.3701 1.0, 1.4468 1.3701 1.3543, 1.4468 1.2126 1.3543, 1.4468 -0.6496 1.6108, 1.4468 -0.6244 1.6022, 1.4468 -0.6496 1.8898, 1.4468 -0.5926 1.5984, 1.4468 0.5118 1.8898, 1.4468 0.1772 1.5984, 1.4468 0.5118 1.7126, 1.4468 1.2126 1.7126, 1.4468 1.2126 1.0, 1.5059 -0.6496 1.6108, 1.5059 -0.6496 1.8898, 1.5059 -0.6244 1.6022, 1.5059 -0.5926 1.5984, 1.5059 1.2126 1.3543, 1.5059 1.3701 1.3543, 1.5059 1.3701 1.0, 1.5059 1.2126 1.0, 1.5059 0.1772 1.5984, 1.5059 0.5118 1.8898, 1.5059 0.5118 1.7126, 1.5059 1.2126 1.7126, 1.4527 1.2126 1.0, 1.25 1.2126 1.2913, 1.25 1.0945 1.4094, 1.2559 1.2126 1.2913, 1.309 1.0945 1.4094, 1.3031 1.2126 1.2913, 1.309 1.2126 1.2913, 1.309 0.1772 1.4094, 1.25 0.1772 1.4094, 1.25 1.3701 1.0, 1.25 1.3701 1.3543, 1.25 1.2126 1.3543, 1.25 -0.6496 1.6108, 1.25 -0.6244 1.6022, 1.25 -0.6496 1.8898, 1.25 -0.5926 1.5984, 1.25 0.5118 1.8898, 1.25 0.1772 1.5984, 1.25 0.5118 1.7126, 1.25 1.2126 1.7126, 1.25 1.2126 1.0, 1.309 -0.6496 1.6108, 1.309 -0.6496 1.8898, 1.309 -0.6244 1.6022, 1.309 -0.5926 1.5984, 1.309 1.2126 1.3543, 1.309 1.3701 1.3543, 1.309 1.3701 1.0, 1.309 1.2126 1.0, 1.309 0.1772 1.5984, 1.309 0.5118 1.8898, 1.309 0.5118 1.7126, 1.309 1.2126 1.7126, 1.2559 1.2126 1.0, 1.0531 1.2126 1.2913, 1.0531 1.0945 1.4094, 1.059 1.2126 1.2913, 1.1122 1.0945 1.4094, 1.1063 1.2126 1.2913, 1.1122 1.2126 1.2913, 1.1122 0.1772 1.4094, 1.0531 0.1772 1.4094, 1.0531 1.3701 1.0, 1.0531 1.3701 1.3543, 1.0531 1.2126 1.3543, 1.0531 -0.6496 1.6108, 1.0531 -0.6244 1.6022, 1.0531 -0.6496 1.8898, 1.0531 -0.5926 1.5984, 1.0531 0.5118 1.8898, 1.0531 0.1772 1.5984, 1.0531 0.5118 1.7126, 1.0531 1.2126 1.7126, 1.0531 1.2126 1.0, 1.1122 -0.6496 1.6108, 1.1122 -0.6496 1.8898, 1.1122 -0.6244 1.6022, 1.1122 -0.5926 1.5984, 1.1122 1.2126 1.3543, 1.1122 1.3701 1.3543, 1.1122 1.3701 1.0, 1.1122 1.2126 1.0, 1.1122 0.1772 1.5984, 1.1122 0.5118 1.8898, 1.1122 0.5118 1.7126, 1.1122 1.2126 1.7126, 1.059 1.2126 1.0, 0.8563 1.2126 1.2913, 0.8563 1.0945 1.4094, 0.8622 1.2126 1.2913, 0.9153 1.0945 1.4094, 0.9094 1.2126 1.2913, 0.9153 1.2126 1.2913, 0.9153 0.1772 1.4094, 0.8563 0.1772 1.4094, 0.8563 1.3701 1.0, 0.8563 1.3701 1.3543, 0.8563 1.2126 1.3543, 0.8563 -0.6496 1.6108, 0.8563 -0.6244 1.6022, 0.8563 -0.6496 1.8898, 0.8563 -0.5926 1.5984, 0.8563 0.5118 1.8898, 0.8563 0.1772 1.5984, 0.8563 0.5118 1.7126, 0.8563 1.2126 1.7126, 0.8563 1.2126 1.0, 0.9153 -0.6496 1.6108, 0.9153 -0.6496 1.8898, 0.9153 -0.6244 1.6022, 0.9153 -0.5926 1.5984, 0.9153 1.2126 1.3543, 0.9153 1.3701 1.3543, 0.9153 1.3701 1.0, 0.9153 1.2126 1.0, 0.9153 0.1772 1.5984, 0.9153 0.5118 1.8898, 0.9153 0.5118 1.7126, 0.9153 1.2126 1.7126, 0.8622 1.2126 1.0, 0.6594 1.2126 1.2913, 0.6594 1.0945 1.4094, 0.6653 1.2126 1.2913, 0.7185 1.0945 1.4094, 0.7126 1.2126 1.2913, 0.7185 1.2126 1.2913, 0.7185 0.1772 1.4094, 0.6594 0.1772 1.4094, 0.6594 1.3701 1.0, 0.6594 1.3701 1.3543, 0.6594 1.2126 1.3543, 0.6594 -0.6496 1.6108, 0.6594 -0.6244 1.6022, 0.6594 -0.6496 1.8898, 0.6594 -0.5926 1.5984, 0.6594 0.5118 1.8898, 0.6594 0.1772 1.5984, 0.6594 0.5118 1.7126, 0.6594 1.2126 1.7126, 0.6594 1.2126 1.0, 0.7185 -0.6496 1.6108, 0.7185 -0.6496 1.8898, 0.7185 -0.6244 1.6022, 0.7185 -0.5926 1.5984, 0.7185 1.2126 1.3543, 0.7185 1.3701 1.3543, 0.7185 1.3701 1.0, 0.7185 1.2126 1.0, 0.7185 0.1772 1.5984, 0.7185 0.5118 1.8898, 0.7185 0.5118 1.7126, 0.7185 1.2126 1.7126, 0.6653 1.2126 1.0, 0.4626 1.2126 1.2913, 0.4626 1.0945 1.4094, 0.4685 1.2126 1.2913, 0.5216 1.0945 1.4094, 0.5157 1.2126 1.2913, 0.5216 1.2126 1.2913, 0.5216 0.1772 1.4094, 0.4626 0.1772 1.4094, 0.4626 1.3701 1.0, 0.4626 1.3701 1.3543, 0.4626 1.2126 1.3543, 0.4626 -0.6496 1.6108, 0.4626 -0.6244 1.6022, 0.4626 -0.6496 1.8898, 0.4626 -0.5926 1.5984, 0.4626 0.5118 1.8898, 0.4626 0.1772 1.5984, 0.4626 0.5118 1.7126, 0.4626 1.2126 1.7126, 0.4626 1.2126 1.0, 0.5216 -0.6496 1.6108, 0.5216 -0.6496 1.8898, 0.5216 -0.6244 1.6022, 0.5216 -0.5926 1.5984, 0.5216 1.2126 1.3543, 0.5216 1.3701 1.3543, 0.5216 1.3701 1.0, 0.5216 1.2126 1.0, 0.5216 0.1772 1.5984, 0.5216 0.5118 1.8898, 0.5216 0.5118 1.7126, 0.5216 1.2126 1.7126, 0.4685 1.2126 1.0, 0.2657 1.2126 1.2913, 0.2657 1.0945 1.4094, 0.2716 1.2126 1.2913, 0.3248 1.0945 1.4094, 0.3189 1.2126 1.2913, 0.3248 1.2126 1.2913, 0.3248 0.1772 1.4094, 0.2657 0.1772 1.4094, 0.2657 1.3701 1.0, 0.2657 1.3701 1.3543, 0.2657 1.2126 1.3543, 0.2657 -0.6496 1.6108, 0.2657 -0.6244 1.6022, 0.2657 -0.6496 1.8898, 0.2657 -0.5926 1.5984, 0.2657 0.5118 1.8898, 0.2657 0.1772 1.5984, 0.2657 0.5118 1.7126, 0.2657 1.2126 1.7126, 0.2657 1.2126 1.0, 0.3248 -0.6496 1.6108, 0.3248 -0.6496 1.8898, 0.3248 -0.6244 1.6022, 0.3248 -0.5926 1.5984, 0.3248 1.2126 1.3543, 0.3248 1.3701 1.3543, 0.3248 1.3701 1.0, 0.3248 1.2126 1.0, 0.3248 0.1772 1.5984, 0.3248 0.5118 1.8898, 0.3248 0.5118 1.7126, 0.3248 1.2126 1.7126, 0.2716 1.2126 1.0, 0.0689 1.2126 1.2913, 0.0689 1.0945 1.4094, 0.0748 1.2126 1.2913, 0.1279 1.0945 1.4094, 0.122 1.2126 1.2913, 0.1279 1.2126 1.2913, 0.1279 0.1772 1.4094, 0.0689 0.1772 1.4094, 0.0689 1.3701 1.0, 0.0689 1.3701 1.3543, 0.0689 1.2126 1.3543, 0.0689 -0.6496 1.6108, 0.0689 -0.6244 1.6022, 0.0689 -0.6496 1.8898, 0.0689 -0.5926 1.5984, 0.0689 0.5118 1.8898, 0.0689 0.1772 1.5984, 0.0689 0.5118 1.7126, 0.0689 1.2126 1.7126, 0.0689 1.2126 1.0, 0.1279 -0.6496 1.6108, 0.1279 -0.6496 1.8898, 0.1279 -0.6244 1.6022, 0.1279 -0.5926 1.5984, 0.1279 1.2126 1.3543, 0.1279 1.3701 1.3543, 0.1279 1.3701 1.0, 0.1279 1.2126 1.0, 0.1279 0.1772 1.5984, 0.1279 0.5118 1.8898, 0.1279 0.5118 1.7126, 0.1279 1.2126 1.7126, 0.0748 1.2126 1.0, -0.128 1.2126 1.2913, -0.128 1.0945 1.4094, -0.1221 1.2126 1.2913, -0.0689 1.0945 1.4094, -0.0748 1.2126 1.2913, -0.0689 1.2126 1.2913, -0.0689 0.1772 1.4094, -0.128 0.1772 1.4094, -0.128 1.3701 1.0, -0.128 1.3701 1.3543, -0.128 1.2126 1.3543, -0.128 -0.6496 1.6108, -0.128 -0.6244 1.6022, -0.128 -0.6496 1.8898, -0.128 -0.5926 1.5984, -0.128 0.5118 1.8898, -0.128 0.1772 1.5984, -0.128 0.5118 1.7126, -0.128 1.2126 1.7126, -0.128 1.2126 1.0, -0.0689 -0.6496 1.6108, -0.0689 -0.6496 1.8898, -0.0689 -0.6244 1.6022, -0.0689 -0.5926 1.5984, -0.0689 1.2126 1.3543, -0.0689 1.3701 1.3543, -0.0689 1.3701 1.0, -0.0689 1.2126 1.0, -0.0689 0.1772 1.5984, -0.0689 0.5118 1.8898, -0.0689 0.5118 1.7126, -0.0689 1.2126 1.7126, -0.1221 1.2126 1.0, -0.3248 1.2126 1.2913, -0.3248 1.0945 1.4094, -0.3189 1.2126 1.2913, -0.2658 1.0945 1.4094, -0.2717 1.2126 1.2913, -0.2658 1.2126 1.2913, -0.2658 0.1772 1.4094, -0.3248 0.1772 1.4094, -0.3248 1.3701 1.0, -0.3248 1.3701 1.3543, -0.3248 1.2126 1.3543, -0.3248 -0.6496 1.6108, -0.3248 -0.6244 1.6022, -0.3248 -0.6496 1.8898, -0.3248 -0.5926 1.5984, -0.3248 0.5118 1.8898, -0.3248 0.1772 1.5984, -0.3248 0.5118 1.7126, -0.3248 1.2126 1.7126, -0.3248 1.2126 1.0, -0.2658 -0.6496 1.6108, -0.2658 -0.6496 1.8898, -0.2658 -0.6244 1.6022, -0.2658 -0.5926 1.5984, -0.2658 1.2126 1.3543, -0.2658 1.3701 1.3543, -0.2658 1.3701 1.0, -0.2658 1.2126 1.0, -0.2658 0.1772 1.5984, -0.2658 0.5118 1.8898, -0.2658 0.5118 1.7126, -0.2658 1.2126 1.7126, -0.3189 1.2126 1.0, -0.5217 1.2126 1.2913, -0.5217 1.0945 1.4094, -0.5158 1.2126 1.2913, -0.4626 1.0945 1.4094, -0.4685 1.2126 1.2913, -0.4626 1.2126 1.2913, -0.4626 0.1772 1.4094, -0.5217 0.1772 1.4094, -0.5217 1.3701 1.0, -0.5217 1.3701 1.3543, -0.5217 1.2126 1.3543, -0.5217 -0.6496 1.6108, -0.5217 -0.6244 1.6022, -0.5217 -0.6496 1.8898, -0.5217 -0.5926 1.5984, -0.5217 0.5118 1.8898, -0.5217 0.1772 1.5984, -0.5217 0.5118 1.7126, -0.5217 1.2126 1.7126, -0.5217 1.2126 1.0, -0.4626 -0.6496 1.6108, -0.4626 -0.6496 1.8898, -0.4626 -0.6244 1.6022, -0.4626 -0.5926 1.5984, -0.4626 1.2126 1.3543, -0.4626 1.3701 1.3543, -0.4626 1.3701 1.0, -0.4626 1.2126 1.0, -0.4626 0.1772 1.5984, -0.4626 0.5118 1.8898, -0.4626 0.5118 1.7126, -0.4626 1.2126 1.7126, -0.5158 1.2126 1.0, -1.5059 1.2126 1.2913, -1.5059 1.0945 1.4094, -1.5 1.2126 1.2913, -1.4469 1.0945 1.4094, -1.4528 1.2126 1.2913, -1.4469 1.2126 1.2913, -1.4469 0.1772 1.4094, -1.5059 0.1772 1.4094, -1.5059 1.3701 1.0, -1.5059 1.3701 1.3543, -1.5059 1.2126 1.3543, -1.5059 -0.6496 1.6108, -1.5059 -0.6244 1.6022, -1.5059 -0.6496 1.8898, -1.5059 -0.5926 1.5984, -1.5059 0.5118 1.8898, -1.5059 0.1772 1.5984, -1.5059 0.5118 1.7126, -1.5059 1.2126 1.7126, -1.5059 1.2126 1.0, -1.4469 -0.6496 1.6108, -1.4469 -0.6496 1.8898, -1.4469 -0.6244 1.6022, -1.4469 -0.5926 1.5984, -1.4469 1.2126 1.3543, -1.4469 1.3701 1.3543, -1.4469 1.3701 1.0, -1.4469 1.2126 1.0, -1.4469 0.1772 1.5984, -1.4469 0.5118 1.8898, -1.4469 0.5118 1.7126, -1.4469 1.2126 1.7126, -1.5 1.2126 1.0, -1.7028 1.2126 1.2913, -1.7028 1.0945 1.4094, -1.6969 1.2126 1.2913, -1.6437 1.0945 1.4094, -1.6496 1.2126 1.2913, -1.6437 1.2126 1.2913, -1.6437 0.1772 1.4094, -1.7028 0.1772 1.4094, -1.7028 1.3701 1.0, -1.7028 1.3701 1.3543, -1.7028 1.2126 1.3543, -1.7028 -0.6496 1.6108, -1.7028 -0.6244 1.6022, -1.7028 -0.6496 1.8898, -1.7028 -0.5926 1.5984, -1.7028 0.5118 1.8898, -1.7028 0.1772 1.5984, -1.7028 0.5118 1.7126, -1.7028 1.2126 1.7126, -1.7028 1.2126 1.0, -1.6437 -0.6496 1.6108, -1.6437 -0.6496 1.8898, -1.6437 -0.6244 1.6022, -1.6437 -0.5926 1.5984, -1.6437 1.2126 1.3543, -1.6437 1.3701 1.3543, -1.6437 1.3701 1.0, -1.6437 1.2126 1.0, -1.6437 0.1772 1.5984, -1.6437 0.5118 1.8898, -1.6437 0.5118 1.7126, -1.6437 1.2126 1.7126, -1.6969 1.2126 1.0, -1.8996 1.2126 1.2913, -1.8996 1.0945 1.4094, -1.8937 1.2126 1.2913, -1.8406 1.0945 1.4094, -1.8465 1.2126 1.2913, -1.8406 1.2126 1.2913, -1.8406 0.1772 1.4094, -1.8996 0.1772 1.4094, -1.8996 1.3701 1.0, -1.8996 1.3701 1.3543, -1.8996 1.2126 1.3543, -1.8996 -0.6496 1.6108, -1.8996 -0.6244 1.6022, -1.8996 -0.6496 1.8898, -1.8996 -0.5926 1.5984, -1.8996 0.5118 1.8898, -1.8996 0.1772 1.5984, -1.8996 0.5118 1.7126, -1.8996 1.2126 1.7126, -1.8996 1.2126 1.0, -1.8406 -0.6496 1.6108, -1.8406 -0.6496 1.8898, -1.8406 -0.6244 1.6022, -1.8406 -0.5926 1.5984, -1.8406 1.2126 1.3543, -1.8406 1.3701 1.3543, -1.8406 1.3701 1.0, -1.8406 1.2126 1.0, -1.8406 0.1772 1.5984, -1.8406 0.5118 1.8898, -1.8406 0.5118 1.7126, -1.8406 1.2126 1.7126, -1.8937 1.2126 1.0, -2.0965 1.2126 1.2913, -2.0965 1.0945 1.4094, -2.0906 1.2126 1.2913, -2.0374 1.0945 1.4094, -2.0433 1.2126 1.2913, -2.0374 1.2126 1.2913, -2.0374 0.1772 1.4094, -2.0965 0.1772 1.4094, -2.0965 1.3701 1.0, -2.0965 1.3701 1.3543, -2.0965 1.2126 1.3543, -2.0965 -0.6496 1.6108, -2.0965 -0.6244 1.6022, -2.0965 -0.6496 1.8898, -2.0965 -0.5926 1.5984, -2.0965 0.5118 1.8898, -2.0965 0.1772 1.5984, -2.0965 0.5118 1.7126, -2.0965 1.2126 1.7126, -2.0965 1.2126 1.0, -2.0374 -0.6496 1.6108, -2.0374 -0.6496 1.8898, -2.0374 -0.6244 1.6022, -2.0374 -0.5926 1.5984, -2.0374 1.2126 1.3543, -2.0374 1.3701 1.3543, -2.0374 1.3701 1.0, -2.0374 1.2126 1.0, -2.0374 0.1772 1.5984, -2.0374 0.5118 1.8898, -2.0374 0.5118 1.7126, -2.0374 1.2126 1.7126, -2.0906 1.2126 1.0, -2.2933 1.2126 1.2913, -2.2933 1.0945 1.4094, -2.2874 1.2126 1.2913, -2.2343 1.0945 1.4094, -2.2402 1.2126 1.2913, -2.2343 1.2126 1.2913, -2.2343 0.1772 1.4094, -2.2933 0.1772 1.4094, -2.2933 1.3701 1.0, -2.2933 1.3701 1.3543, -2.2933 1.2126 1.3543, -2.2933 -0.6496 1.6108, -2.2933 -0.6244 1.6022, -2.2933 -0.6496 1.8898, -2.2933 -0.5926 1.5984, -2.2933 0.5118 1.8898, -2.2933 0.1772 1.5984, -2.2933 0.5118 1.7126, -2.2933 1.2126 1.7126, -2.2933 1.2126 1.0, -2.2343 -0.6496 1.6108, -2.2343 -0.6496 1.8898, -2.2343 -0.6244 1.6022, -2.2343 -0.5926 1.5984, -2.2343 1.2126 1.3543, -2.2343 1.3701 1.3543, -2.2343 1.3701 1.0, -2.2343 1.2126 1.0, -2.2343 0.1772 1.5984, -2.2343 0.5118 1.8898, -2.2343 0.5118 1.7126, -2.2343 1.2126 1.7126, -2.2874 1.2126 1.0, -2.4902 1.2126 1.2913, -2.4902 1.0945 1.4094, -2.4843 1.2126 1.2913, -2.4311 1.0945 1.4094, -2.437 1.2126 1.2913, -2.4311 1.2126 1.2913, -2.4311 0.1772 1.4094, -2.4902 0.1772 1.4094, -2.4902 1.3701 1.0, -2.4902 1.3701 1.3543, -2.4902 1.2126 1.3543, -2.4902 -0.6496 1.6108, -2.4902 -0.6244 1.6022, -2.4902 -0.6496 1.8898, -2.4902 -0.5926 1.5984, -2.4902 0.5118 1.8898, -2.4902 0.1772 1.5984, -2.4902 0.5118 1.7126, -2.4902 1.2126 1.7126, -2.4902 1.2126 1.0, -2.4311 -0.6496 1.6108, -2.4311 -0.6496 1.8898, -2.4311 -0.6244 1.6022, -2.4311 -0.5926 1.5984, -2.4311 1.2126 1.3543, -2.4311 1.3701 1.3543, -2.4311 1.3701 1.0, -2.4311 1.2126 1.0, -2.4311 0.1772 1.5984, -2.4311 0.5118 1.8898, -2.4311 0.5118 1.7126, -2.4311 1.2126 1.7126, -2.4843 1.2126 1.0, -2.687 1.2126 1.2913, -2.687 1.0945 1.4094, -2.6811 1.2126 1.2913, -2.628 1.0945 1.4094, -2.6339 1.2126 1.2913, -2.628 1.2126 1.2913, -2.628 0.1772 1.4094, -2.687 0.1772 1.4094, -2.687 1.3701 1.0, -2.687 1.3701 1.3543, -2.687 1.2126 1.3543, -2.687 -0.6496 1.6108, -2.687 -0.6244 1.6022, -2.687 -0.6496 1.8898, -2.687 -0.5926 1.5984, -2.687 0.5118 1.8898, -2.687 0.1772 1.5984, -2.687 0.5118 1.7126, -2.687 1.2126 1.7126, -2.687 1.2126 1.0, -2.628 -0.6496 1.6108, -2.628 -0.6496 1.8898, -2.628 -0.6244 1.6022, -2.628 -0.5926 1.5984, -2.628 1.2126 1.3543, -2.628 1.3701 1.3543, -2.628 1.3701 1.0, -2.628 1.2126 1.0, -2.628 0.1772 1.5984, -2.628 0.5118 1.8898, -2.628 0.5118 1.7126, -2.628 1.2126 1.7126, -2.6811 1.2126 1.0, -2.8839 1.2126 1.2913, -2.8839 1.0945 1.4094, -2.878 1.2126 1.2913, -2.8248 1.0945 1.4094, -2.8307 1.2126 1.2913, -2.8248 1.2126 1.2913, -2.8248 0.1772 1.4094, -2.8839 0.1772 1.4094, -2.8839 1.3701 1.0, -2.8839 1.3701 1.3543, -2.8839 1.2126 1.3543, -2.8839 -0.6496 1.6108, -2.8839 -0.6244 1.6022, -2.8839 -0.6496 1.8898, -2.8839 -0.5926 1.5984, -2.8839 0.5118 1.8898, -2.8839 0.1772 1.5984, -2.8839 0.5118 1.7126, -2.8839 1.2126 1.7126, -2.8839 1.2126 1.0, -2.8248 -0.6496 1.6108, -2.8248 -0.6496 1.8898, -2.8248 -0.6244 1.6022, -2.8248 -0.5926 1.5984, -2.8248 1.2126 1.3543, -2.8248 1.3701 1.3543, -2.8248 1.3701 1.0, -2.8248 1.2126 1.0, -2.8248 0.1772 1.5984, -2.8248 0.5118 1.8898, -2.8248 0.5118 1.7126, -2.8248 1.2126 1.7126, -2.878 1.2126 1.0, -3.0807 1.2126 1.2913, -3.0807 1.0945 1.4094, -3.0748 1.2126 1.2913, -3.0217 1.0945 1.4094, -3.0276 1.2126 1.2913, -3.0217 1.2126 1.2913, -3.0217 0.1772 1.4094, -3.0807 0.1772 1.4094, -3.0807 1.3701 1.0, -3.0807 1.3701 1.3543, -3.0807 1.2126 1.3543, -3.0807 -0.6496 1.6108, -3.0807 -0.6244 1.6022, -3.0807 -0.6496 1.8898, -3.0807 -0.5926 1.5984, -3.0807 0.5118 1.8898, -3.0807 0.1772 1.5984, -3.0807 0.5118 1.7126, -3.0807 1.2126 1.7126, -3.0807 1.2126 1.0, -3.0217 -0.6496 1.6108, -3.0217 -0.6496 1.8898, -3.0217 -0.6244 1.6022, -3.0217 -0.5926 1.5984, -3.0217 1.2126 1.3543, -3.0217 1.3701 1.3543, -3.0217 1.3701 1.0, -3.0217 1.2126 1.0, -3.0217 0.1772 1.5984, -3.0217 0.5118 1.8898, -3.0217 0.5118 1.7126, -3.0217 1.2126 1.7126, -3.0748 1.2126 1.0, -3.2776 1.2126 1.2913, -3.2776 1.0945 1.4094, -3.2717 1.2126 1.2913, -3.2185 1.0945 1.4094, -3.2244 1.2126 1.2913, -3.2185 1.2126 1.2913, -3.2185 0.1772 1.4094, -3.2776 0.1772 1.4094, -3.2776 1.3701 1.0, -3.2776 1.3701 1.3543, -3.2776 1.2126 1.3543, -3.2776 -0.6496 1.6108, -3.2776 -0.6244 1.6022, -3.2776 -0.6496 1.8898, -3.2776 -0.5926 1.5984, -3.2776 0.5118 1.8898, -3.2776 0.1772 1.5984, -3.2776 0.5118 1.7126, -3.2776 1.2126 1.7126, -3.2776 1.2126 1.0, -3.2185 -0.6496 1.6108, -3.2185 -0.6496 1.8898, -3.2185 -0.6244 1.6022, -3.2185 -0.5926 1.5984, -3.2185 1.2126 1.3543, -3.2185 1.3701 1.3543, -3.2185 1.3701 1.0, -3.2185 1.2126 1.0, -3.2185 0.1772 1.5984, -3.2185 0.5118 1.8898, -3.2185 0.5118 1.7126, -3.2185 1.2126 1.7126, -3.2717 1.2126 1.0, -3.4744 1.2126 1.2913, -3.4744 1.0945 1.4094, -3.4685 1.2126 1.2913, -3.4154 1.0945 1.4094, -3.4213 1.2126 1.2913, -3.4154 1.2126 1.2913, -3.4154 0.1772 1.4094, -3.4744 0.1772 1.4094, -3.4744 1.3701 1.0, -3.4744 1.3701 1.3543, -3.4744 1.2126 1.3543, -3.4744 -0.6496 1.6108, -3.4744 -0.6244 1.6022, -3.4744 -0.6496 1.8898, -3.4744 -0.5926 1.5984, -3.4744 0.5118 1.8898, -3.4744 0.1772 1.5984, -3.4744 0.5118 1.7126, -3.4744 1.2126 1.7126, -3.4744 1.2126 1.0, -3.4154 -0.6496 1.6108, -3.4154 -0.6496 1.8898, -3.4154 -0.6244 1.6022, -3.4154 -0.5926 1.5984, -3.4154 1.2126 1.3543, -3.4154 1.3701 1.3543, -3.4154 1.3701 1.0, -3.4154 1.2126 1.0, -3.4154 0.1772 1.5984, -3.4154 0.5118 1.8898, -3.4154 0.5118 1.7126, -3.4154 1.2126 1.7126, -3.4685 1.2126 1.0, 3.6712 1.3701 0.1772, 3.6712 1.2126 0.1772, 3.6712 1.3701 0.3937, 3.6712 1.2126 0.3937, 3.6122 1.3701 0.3937, 3.6122 1.2126 0.3937, 3.6122 1.3701 0.1772, 3.6122 1.2126 0.1772, 3.4744 1.3701 0.1772, 3.4744 1.2126 0.1772, 3.4744 1.3701 0.3937, 3.4744 1.2126 0.3937, 3.4153 1.3701 0.3937, 3.4153 1.2126 0.3937, 3.4153 1.3701 0.1772, 3.4153 1.2126 0.1772, 3.2775 1.3701 0.1772, 3.2775 1.2126 0.1772, 3.2775 1.3701 0.3937, 3.2775 1.2126 0.3937, 3.2185 1.3701 0.3937, 3.2185 1.2126 0.3937, 3.2185 1.3701 0.1772, 3.2185 1.2126 0.1772, 3.0807 1.3701 0.1772, 3.0807 1.2126 0.1772, 3.0807 1.3701 0.3937, 3.0807 1.2126 0.3937, 3.0216 1.3701 0.3937, 3.0216 1.2126 0.3937, 3.0216 1.3701 0.1772, 3.0216 1.2126 0.1772, 2.8838 1.3701 0.1772, 2.8838 1.2126 0.1772, 2.8838 1.3701 0.3937, 2.8838 1.2126 0.3937, 2.8248 1.3701 0.3937, 2.8248 1.2126 0.3937, 2.8248 1.3701 0.1772, 2.8248 1.2126 0.1772, 2.687 1.3701 0.1772, 2.687 1.2126 0.1772, 2.687 1.3701 0.3937, 2.687 1.2126 0.3937, 2.6279 1.3701 0.3937, 2.6279 1.2126 0.3937, 2.6279 1.3701 0.1772, 2.6279 1.2126 0.1772, 2.4901 1.3701 0.1772, 2.4901 1.2126 0.1772, 2.4901 1.3701 0.3937, 2.4901 1.2126 0.3937, 2.4311 1.3701 0.3937, 2.4311 1.2126 0.3937, 2.4311 1.3701 0.1772, 2.4311 1.2126 0.1772, 2.2933 1.3701 0.1772, 2.2933 1.2126 0.1772, 2.2933 1.3701 0.3937, 2.2933 1.2126 0.3937, 2.2342 1.3701 0.3937, 2.2342 1.2126 0.3937, 2.2342 1.3701 0.1772, 2.2342 1.2126 0.1772, 2.0964 1.3701 0.1772, 2.0964 1.2126 0.1772, 2.0964 1.3701 0.3937, 2.0964 1.2126 0.3937, 2.0374 1.3701 0.3937, 2.0374 1.2126 0.3937, 2.0374 1.3701 0.1772, 2.0374 1.2126 0.1772, 1.8996 1.3701 0.1772, 1.8996 1.2126 0.1772, 1.8996 1.3701 0.3937, 1.8996 1.2126 0.3937, 1.8405 1.3701 0.3937, 1.8405 1.2126 0.3937, 1.8405 1.3701 0.1772, 1.8405 1.2126 0.1772, 1.7027 1.3701 0.1772, 1.7027 1.2126 0.1772, 1.7027 1.3701 0.3937, 1.7027 1.2126 0.3937, 1.6437 1.3701 0.3937, 1.6437 1.2126 0.3937, 1.6437 1.3701 0.1772, 1.6437 1.2126 0.1772, 1.5059 1.3701 0.1772, 1.5059 1.2126 0.1772, 1.5059 1.3701 0.3937, 1.5059 1.2126 0.3937, 1.4468 1.3701 0.3937, 1.4468 1.2126 0.3937, 1.4468 1.3701 0.1772, 1.4468 1.2126 0.1772, 1.309 1.3701 0.1772, 1.309 1.2126 0.1772, 1.309 1.3701 0.3937, 1.309 1.2126 0.3937, 1.25 1.3701 0.3937, 1.25 1.2126 0.3937, 1.25 1.3701 0.1772, 1.25 1.2126 0.1772, 1.1122 1.3701 0.1772, 1.1122 1.2126 0.1772, 1.1122 1.3701 0.3937, 1.1122 1.2126 0.3937, 1.0531 1.3701 0.3937, 1.0531 1.2126 0.3937, 1.0531 1.3701 0.1772, 1.0531 1.2126 0.1772, 0.9153 1.3701 0.1772, 0.9153 1.2126 0.1772, 0.9153 1.3701 0.3937, 0.9153 1.2126 0.3937, 0.8563 1.3701 0.3937, 0.8563 1.2126 0.3937, 0.8563 1.3701 0.1772, 0.8563 1.2126 0.1772, 0.7185 1.3701 0.1772, 0.7185 1.2126 0.1772, 0.7185 1.3701 0.3937, 0.7185 1.2126 0.3937, 0.6594 1.3701 0.3937, 0.6594 1.2126 0.3937, 0.6594 1.3701 0.1772, 0.6594 1.2126 0.1772, 0.5216 1.3701 0.1772, 0.5216 1.2126 0.1772, 0.5216 1.3701 0.3937, 0.5216 1.2126 0.3937, 0.4626 1.3701 0.3937, 0.4626 1.2126 0.3937, 0.4626 1.3701 0.1772, 0.4626 1.2126 0.1772, 0.3248 1.3701 0.1772, 0.3248 1.2126 0.1772, 0.3248 1.3701 0.3937, 0.3248 1.2126 0.3937, 0.2657 1.3701 0.3937, 0.2657 1.2126 0.3937, 0.2657 1.3701 0.1772, 0.2657 1.2126 0.1772, 0.1279 1.3701 0.1772, 0.1279 1.2126 0.1772, 0.1279 1.3701 0.3937, 0.1279 1.2126 0.3937, 0.0689 1.3701 0.3937, 0.0689 1.2126 0.3937, 0.0689 1.3701 0.1772, 0.0689 1.2126 0.1772, -0.0689 1.3701 0.1772, -0.0689 1.2126 0.1772, -0.0689 1.3701 0.3937, -0.0689 1.2126 0.3937, -0.128 1.3701 0.3937, -0.128 1.2126 0.3937, -0.128 1.3701 0.1772, -0.128 1.2126 0.1772, -0.2658 1.3701 0.1772, -0.2658 1.2126 0.1772, -0.2658 1.3701 0.3937, -0.2658 1.2126 0.3937, -0.3248 1.3701 0.3937, -0.3248 1.2126 0.3937, -0.3248 1.3701 0.1772, -0.3248 1.2126 0.1772, -0.4626 1.3701 0.1772, -0.4626 1.2126 0.1772, -0.4626 1.3701 0.3937, -0.4626 1.2126 0.3937, -0.5217 1.3701 0.3937, -0.5217 1.2126 0.3937, -0.5217 1.3701 0.1772, -0.5217 1.2126 0.1772, -1.4469 1.3701 0.1772, -1.4469 1.2126 0.1772, -1.4469 1.3701 0.3937, -1.4469 1.2126 0.3937, -1.5059 1.3701 0.3937, -1.5059 1.2126 0.3937, -1.5059 1.3701 0.1772, -1.5059 1.2126 0.1772, -1.6437 1.3701 0.1772, -1.6437 1.2126 0.1772, -1.6437 1.3701 0.3937, -1.6437 1.2126 0.3937, -1.7028 1.3701 0.3937, -1.7028 1.2126 0.3937, -1.7028 1.3701 0.1772, -1.7028 1.2126 0.1772, -1.8406 1.3701 0.1772, -1.8406 1.2126 0.1772, -1.8406 1.3701 0.3937, -1.8406 1.2126 0.3937, -1.8996 1.3701 0.3937, -1.8996 1.2126 0.3937, -1.8996 1.3701 0.1772, -1.8996 1.2126 0.1772, -2.0374 1.3701 0.1772, -2.0374 1.2126 0.1772, -2.0374 1.3701 0.3937, -2.0374 1.2126 0.3937, -2.0965 1.3701 0.3937, -2.0965 1.2126 0.3937, -2.0965 1.3701 0.1772, -2.0965 1.2126 0.1772, -2.2343 1.3701 0.1772, -2.2343 1.2126 0.1772, -2.2343 1.3701 0.3937, -2.2343 1.2126 0.3937, -2.2933 1.3701 0.3937, -2.2933 1.2126 0.3937, -2.2933 1.3701 0.1772, -2.2933 1.2126 0.1772, -2.4311 1.3701 0.1772, -2.4311 1.2126 0.1772, -2.4311 1.3701 0.3937, -2.4311 1.2126 0.3937, -2.4902 1.3701 0.3937, -2.4902 1.2126 0.3937, -2.4902 1.3701 0.1772, -2.4902 1.2126 0.1772, -2.628 1.3701 0.1772, -2.628 1.2126 0.1772, -2.628 1.3701 0.3937, -2.628 1.2126 0.3937, -2.687 1.3701 0.3937, -2.687 1.2126 0.3937, -2.687 1.3701 0.1772, -2.687 1.2126 0.1772, -2.8248 1.3701 0.1772, -2.8248 1.2126 0.1772, -2.8248 1.3701 0.3937, -2.8248 1.2126 0.3937, -2.8839 1.3701 0.3937, -2.8839 1.2126 0.3937, -2.8839 1.3701 0.1772, -2.8839 1.2126 0.1772, -3.0217 1.3701 0.1772, -3.0217 1.2126 0.1772, -3.0217 1.3701 0.3937, -3.0217 1.2126 0.3937, -3.0807 1.3701 0.3937, -3.0807 1.2126 0.3937, -3.0807 1.3701 0.1772, -3.0807 1.2126 0.1772, -3.2185 1.3701 0.1772, -3.2185 1.2126 0.1772, -3.2185 1.3701 0.3937, -3.2185 1.2126 0.3937, -3.2776 1.3701 0.3937, -3.2776 1.2126 0.3937, -3.2776 1.3701 0.1772, -3.2776 1.2126 0.1772, -3.4154 1.3701 0.1772, -3.4154 1.2126 0.1772, -3.4154 1.3701 0.3937, -3.4154 1.2126 0.3937, -3.4744 1.3701 0.3937, -3.4744 1.2126 0.3937, -3.4744 1.3701 0.1772, -3.4744 1.2126 0.1772, -3.3957 1.3898 0.1772, -3.3957 1.3898 0.3937, -3.4941 1.3898 0.1772, -3.4941 1.3898 0.3937, -3.3957 1.3898 1.0, -3.3957 1.3898 1.3543, -3.4941 1.3898 1.0, -3.4941 1.3898 1.3543, -3.1988 1.3898 0.1772, -3.1988 1.3898 0.3937, -3.2973 1.3898 0.1772, -3.2973 1.3898 0.3937, -3.1988 1.3898 1.0, -3.1988 1.3898 1.3543, -3.2973 1.3898 1.0, -3.2973 1.3898 1.3543, -3.002 1.3898 0.1772, -3.002 1.3898 0.3937, -3.1004 1.3898 0.1772, -3.1004 1.3898 0.3937, -3.002 1.3898 1.0, -3.002 1.3898 1.3543, -3.1004 1.3898 1.0, -3.1004 1.3898 1.3543, -2.8051 1.3898 0.1772, -2.8051 1.3898 0.3937, -2.9036 1.3898 0.1772, -2.9036 1.3898 0.3937, -2.8051 1.3898 1.0, -2.8051 1.3898 1.3543, -2.9036 1.3898 1.0, -2.9036 1.3898 1.3543, -2.6083 1.3898 0.1772, -2.6083 1.3898 0.3937, -2.7067 1.3898 0.1772, -2.7067 1.3898 0.3937, -2.6083 1.3898 1.0, -2.6083 1.3898 1.3543, -2.7067 1.3898 1.0, -2.7067 1.3898 1.3543, -2.4114 1.3898 0.1772, -2.4114 1.3898 0.3937, -2.5099 1.3898 0.1772, -2.5099 1.3898 0.3937, -2.4114 1.3898 1.0, -2.4114 1.3898 1.3543, -2.5099 1.3898 1.0, -2.5099 1.3898 1.3543, -2.2146 1.3898 0.1772, -2.2146 1.3898 0.3937, -2.313 1.3898 0.1772, -2.313 1.3898 0.3937, -2.2146 1.3898 1.0, -2.2146 1.3898 1.3543, -2.313 1.3898 1.0, -2.313 1.3898 1.3543, -2.0177 1.3898 0.1772, -2.0177 1.3898 0.3937, -2.1162 1.3898 0.1772, -2.1162 1.3898 0.3937, -2.0177 1.3898 1.0, -2.0177 1.3898 1.3543, -2.1162 1.3898 1.0, -2.1162 1.3898 1.3543, -1.8209 1.3898 0.1772, -1.8209 1.3898 0.3937, -1.9193 1.3898 0.1772, -1.9193 1.3898 0.3937, -1.8209 1.3898 1.0, -1.8209 1.3898 1.3543, -1.9193 1.3898 1.0, -1.9193 1.3898 1.3543, -1.624 1.3898 0.1772, -1.624 1.3898 0.3937, -1.7225 1.3898 0.1772, -1.7225 1.3898 0.3937, -1.624 1.3898 1.0, -1.624 1.3898 1.3543, -1.7225 1.3898 1.0, -1.7225 1.3898 1.3543, -1.4272 1.3898 0.1772, -1.4272 1.3898 0.3937, -1.5256 1.3898 0.1772, -1.5256 1.3898 0.3937, -1.4272 1.3898 1.0, -1.4272 1.3898 1.3543, -1.5256 1.3898 1.0, -1.5256 1.3898 1.3543, -0.4429 1.3898 0.1772, -0.4429 1.3898 0.3937, -0.5414 1.3898 0.1772, -0.5414 1.3898 0.3937, -0.4429 1.3898 1.0, -0.4429 1.3898 1.3543, -0.5414 1.3898 1.0, -0.5414 1.3898 1.3543, -0.2461 1.3898 0.1772, -0.2461 1.3898 0.3937, -0.3445 1.3898 0.1772, -0.3445 1.3898 0.3937, -0.2461 1.3898 1.0, -0.2461 1.3898 1.3543, -0.3445 1.3898 1.0, -0.3445 1.3898 1.3543, -0.0492 1.3898 0.1772, -0.0492 1.3898 0.3937, -0.1477 1.3898 0.1772, -0.1477 1.3898 0.3937, -0.0492 1.3898 1.0, -0.0492 1.3898 1.3543, -0.1477 1.3898 1.0, -0.1477 1.3898 1.3543, 0.1476 1.3898 0.1772, 0.1476 1.3898 0.3937, 0.0492 1.3898 0.1772, 0.0492 1.3898 0.3937, 0.1476 1.3898 1.0, 0.1476 1.3898 1.3543, 0.0492 1.3898 1.0, 0.0492 1.3898 1.3543, 0.3445 1.3898 0.1772, 0.3445 1.3898 0.3937, 0.246 1.3898 0.1772, 0.246 1.3898 0.3937, 0.3445 1.3898 1.0, 0.3445 1.3898 1.3543, 0.246 1.3898 1.0, 0.246 1.3898 1.3543, 0.5413 1.3898 0.1772, 0.5413 1.3898 0.3937, 0.4429 1.3898 0.1772, 0.4429 1.3898 0.3937, 0.5413 1.3898 1.0, 0.5413 1.3898 1.3543, 0.4429 1.3898 1.0, 0.4429 1.3898 1.3543, 0.7382 1.3898 0.1772, 0.7382 1.3898 0.3937, 0.6397 1.3898 0.1772, 0.6397 1.3898 0.3937, 0.7382 1.3898 1.0, 0.7382 1.3898 1.3543, 0.6397 1.3898 1.0, 0.6397 1.3898 1.3543, 0.935 1.3898 0.1772, 0.935 1.3898 0.3937, 0.8366 1.3898 0.1772, 0.8366 1.3898 0.3937, 0.935 1.3898 1.0, 0.935 1.3898 1.3543, 0.8366 1.3898 1.0, 0.8366 1.3898 1.3543, 1.1319 1.3898 0.1772, 1.1319 1.3898 0.3937, 1.0334 1.3898 0.1772, 1.0334 1.3898 0.3937, 1.1319 1.3898 1.0, 1.1319 1.3898 1.3543, 1.0334 1.3898 1.0, 1.0334 1.3898 1.3543, 1.3287 1.3898 0.1772, 1.3287 1.3898 0.3937, 1.2303 1.3898 0.1772, 1.2303 1.3898 0.3937, 1.3287 1.3898 1.0, 1.3287 1.3898 1.3543, 1.2303 1.3898 1.0, 1.2303 1.3898 1.3543, 1.5256 1.3898 0.1772, 1.5256 1.3898 0.3937, 1.4271 1.3898 0.1772, 1.4271 1.3898 0.3937, 1.5256 1.3898 1.0, 1.5256 1.3898 1.3543, 1.4271 1.3898 1.0, 1.4271 1.3898 1.3543, 1.7224 1.3898 0.1772, 1.7224 1.3898 0.3937, 1.624 1.3898 0.1772, 1.624 1.3898 0.3937, 1.7224 1.3898 1.0, 1.7224 1.3898 1.3543, 1.624 1.3898 1.0, 1.624 1.3898 1.3543, 1.9193 1.3898 0.1772, 1.9193 1.3898 0.3937, 1.8208 1.3898 0.1772, 1.8208 1.3898 0.3937, 1.9193 1.3898 1.0, 1.9193 1.3898 1.3543, 1.8208 1.3898 1.0, 1.8208 1.3898 1.3543, 2.1161 1.3898 0.1772, 2.1161 1.3898 0.3937, 2.0177 1.3898 0.1772, 2.0177 1.3898 0.3937, 2.1161 1.3898 1.0, 2.1161 1.3898 1.3543, 2.0177 1.3898 1.0, 2.0177 1.3898 1.3543, 2.313 1.3898 0.1772, 2.313 1.3898 0.3937, 2.2145 1.3898 0.1772, 2.2145 1.3898 0.3937, 2.313 1.3898 1.0, 2.313 1.3898 1.3543, 2.2145 1.3898 1.0, 2.2145 1.3898 1.3543, 2.5098 1.3898 0.1772, 2.5098 1.3898 0.3937, 2.4114 1.3898 0.1772, 2.4114 1.3898 0.3937, 2.5098 1.3898 1.0, 2.5098 1.3898 1.3543, 2.4114 1.3898 1.0, 2.4114 1.3898 1.3543, 2.7067 1.3898 0.1772, 2.7067 1.3898 0.3937, 2.6082 1.3898 0.1772, 2.6082 1.3898 0.3937, 2.7067 1.3898 1.0, 2.7067 1.3898 1.3543, 2.6082 1.3898 1.0, 2.6082 1.3898 1.3543, 2.9035 1.3898 0.1772, 2.9035 1.3898 0.3937, 2.8051 1.3898 0.1772, 2.8051 1.3898 0.3937, 2.9035 1.3898 1.0, 2.9035 1.3898 1.3543, 2.8051 1.3898 1.0, 2.8051 1.3898 1.3543, 3.1004 1.3898 0.1772, 3.1004 1.3898 0.3937, 3.0019 1.3898 0.1772, 3.0019 1.3898 0.3937, 3.1004 1.3898 1.0, 3.1004 1.3898 1.3543, 3.0019 1.3898 1.0, 3.0019 1.3898 1.3543, 3.2972 1.3898 0.1772, 3.2972 1.3898 0.3937, 3.1988 1.3898 0.1772, 3.1988 1.3898 0.3937, 3.2972 1.3898 1.0, 3.2972 1.3898 1.3543, 3.1988 1.3898 1.0, 3.1988 1.3898 1.3543, 3.4941 1.3898 0.1772, 3.4941 1.3898 0.3937, 3.3956 1.3898 0.1772, 3.3956 1.3898 0.3937, 3.4941 1.3898 1.0, 3.4941 1.3898 1.3543, 3.3956 1.3898 1.0, 3.3956 1.3898 1.3543, 3.6909 1.3898 0.1772, 3.6909 1.3898 0.3937, 3.5925 1.3898 0.1772, 3.5925 1.3898 0.3937, 3.6909 1.3898 1.0, 3.6909 1.3898 1.3543, 3.5925 1.3898 1.0, 3.5925 1.3898 1.3543
            ]
        }
        coordIndex [
            0,1,2,-1,2,1,3,-1,2,3,4,-1,4,3,5,-1,6,3,7,-1,7,3,1,-1,8,9,10,-1,11,12,13,-1,13,12,14,-1,13,14,15,-1,15,14,16,-1,15,16,17,-1,17,16,7,-1,17,7,18,-1,18,7,1,-1,18,1,10,-1,10,1,0,-1,10,0,8,-1,8,0,19,-1,20,21,22,-1,22,21,23,-1,24,5,3,-1,24,25,5,-1,5,25,26,-1,5,26,27,-1,23,21,28,-1,28,21,29,-1,28,29,6,-1,6,29,30,-1,6,30,3,-1,3,30,31,-1,3,31,24,-1,13,21,11,-1,11,21,20,-1,32,19,2,-1,2,19,0,-1,30,29,17,-1,17,29,15,-1,33,34,35,-1,35,34,36,-1,35,36,37,-1,37,36,38,-1,39,36,40,-1,40,36,34,-1,41,42,43,-1,44,45,46,-1,46,45,47,-1,46,47,48,-1,48,47,49,-1,48,49,50,-1,50,49,40,-1,50,40,51,-1,51,40,34,-1,51,34,43,-1,43,34,33,-1,43,33,41,-1,41,33,52,-1,53,54,55,-1,55,54,56,-1,57,38,36,-1,57,58,38,-1,38,58,59,-1,38,59,60,-1,56,54,61,-1,61,54,62,-1,61,62,39,-1,39,62,63,-1,39,63,36,-1,36,63,64,-1,36,64,57,-1,46,54,44,-1,44,54,53,-1,65,52,35,-1,35,52,33,-1,63,62,50,-1,50,62,48,-1,66,67,68,-1,68,67,69,-1,68,69,70,-1,70,69,71,-1,72,69,73,-1,73,69,67,-1,74,75,76,-1,77,78,79,-1,79,78,80,-1,79,80,81,-1,81,80,82,-1,81,82,83,-1,83,82,73,-1,83,73,84,-1,84,73,67,-1,84,67,76,-1,76,67,66,-1,76,66,74,-1,74,66,85,-1,86,87,88,-1,88,87,89,-1,90,71,69,-1,90,91,71,-1,71,91,92,-1,71,92,93,-1,89,87,94,-1,94,87,95,-1,94,95,72,-1,72,95,96,-1,72,96,69,-1,69,96,97,-1,69,97,90,-1,79,87,77,-1,77,87,86,-1,98,85,68,-1,68,85,66,-1,96,95,83,-1,83,95,81,-1,99,100,101,-1,101,100,102,-1,101,102,103,-1,103,102,104,-1,105,102,106,-1,106,102,100,-1,107,108,109,-1,110,111,112,-1,112,111,113,-1,112,113,114,-1,114,113,115,-1,114,115,116,-1,116,115,106,-1,116,106,117,-1,117,106,100,-1,117,100,109,-1,109,100,99,-1,109,99,107,-1,107,99,118,-1,119,120,121,-1,121,120,122,-1,123,104,102,-1,123,124,104,-1,104,124,125,-1,104,125,126,-1,122,120,127,-1,127,120,128,-1,127,128,105,-1,105,128,129,-1,105,129,102,-1,102,129,130,-1,102,130,123,-1,112,120,110,-1,110,120,119,-1,131,118,101,-1,101,118,99,-1,129,128,116,-1,116,128,114,-1,132,133,134,-1,134,133,135,-1,134,135,136,-1,136,135,137,-1,138,135,139,-1,139,135,133,-1,140,141,142,-1,143,144,145,-1,145,144,146,-1,145,146,147,-1,147,146,148,-1,147,148,149,-1,149,148,139,-1,149,139,150,-1,150,139,133,-1,150,133,142,-1,142,133,132,-1,142,132,140,-1,140,132,151,-1,152,153,154,-1,154,153,155,-1,156,137,135,-1,156,157,137,-1,137,157,158,-1,137,158,159,-1,155,153,160,-1,160,153,161,-1,160,161,138,-1,138,161,162,-1,138,162,135,-1,135,162,163,-1,135,163,156,-1,145,153,143,-1,143,153,152,-1,164,151,134,-1,134,151,132,-1,162,161,149,-1,149,161,147,-1,165,166,167,-1,167,166,168,-1,167,168,169,-1,169,168,170,-1,171,168,172,-1,172,168,166,-1,173,174,175,-1,176,177,178,-1,178,177,179,-1,178,179,180,-1,180,179,181,-1,180,181,182,-1,182,181,172,-1,182,172,183,-1,183,172,166,-1,183,166,175,-1,175,166,165,-1,175,165,173,-1,173,165,184,-1,185,186,187,-1,187,186,188,-1,189,170,168,-1,189,190,170,-1,170,190,191,-1,170,191,192,-1,188,186,193,-1,193,186,194,-1,193,194,171,-1,171,194,195,-1,171,195,168,-1,168,195,196,-1,168,196,189,-1,178,186,176,-1,176,186,185,-1,197,184,167,-1,167,184,165,-1,195,194,182,-1,182,194,180,-1,198,199,200,-1,200,199,201,-1,200,201,202,-1,202,201,203,-1,204,201,205,-1,205,201,199,-1,206,207,208,-1,209,210,211,-1,211,210,212,-1,211,212,213,-1,213,212,214,-1,213,214,215,-1,215,214,205,-1,215,205,216,-1,216,205,199,-1,216,199,208,-1,208,199,198,-1,208,198,206,-1,206,198,217,-1,218,219,220,-1,220,219,221,-1,222,203,201,-1,222,223,203,-1,203,223,224,-1,203,224,225,-1,221,219,226,-1,226,219,227,-1,226,227,204,-1,204,227,228,-1,204,228,201,-1,201,228,229,-1,201,229,222,-1,211,219,209,-1,209,219,218,-1,230,217,200,-1,200,217,198,-1,228,227,215,-1,215,227,213,-1,231,232,233,-1,233,232,234,-1,233,234,235,-1,235,234,236,-1,237,234,238,-1,238,234,232,-1,239,240,241,-1,242,243,244,-1,244,243,245,-1,244,245,246,-1,246,245,247,-1,246,247,248,-1,248,247,238,-1,248,238,249,-1,249,238,232,-1,249,232,241,-1,241,232,231,-1,241,231,239,-1,239,231,250,-1,251,252,253,-1,253,252,254,-1,255,236,234,-1,255,256,236,-1,236,256,257,-1,236,257,258,-1,254,252,259,-1,259,252,260,-1,259,260,237,-1,237,260,261,-1,237,261,234,-1,234,261,262,-1,234,262,255,-1,244,252,242,-1,242,252,251,-1,263,250,233,-1,233,250,231,-1,261,260,248,-1,248,260,246,-1,264,265,266,-1,266,265,267,-1,266,267,268,-1,268,267,269,-1,270,267,271,-1,271,267,265,-1,272,273,274,-1,275,276,277,-1,277,276,278,-1,277,278,279,-1,279,278,280,-1,279,280,281,-1,281,280,271,-1,281,271,282,-1,282,271,265,-1,282,265,274,-1,274,265,264,-1,274,264,272,-1,272,264,283,-1,284,285,286,-1,286,285,287,-1,288,269,267,-1,288,289,269,-1,269,289,290,-1,269,290,291,-1,287,285,292,-1,292,285,293,-1,292,293,270,-1,270,293,294,-1,270,294,267,-1,267,294,295,-1,267,295,288,-1,277,285,275,-1,275,285,284,-1,296,283,266,-1,266,283,264,-1,294,293,281,-1,281,293,279,-1,297,298,299,-1,299,298,300,-1,299,300,301,-1,301,300,302,-1,303,300,304,-1,304,300,298,-1,305,306,307,-1,308,309,310,-1,310,309,311,-1,310,311,312,-1,312,311,313,-1,312,313,314,-1,314,313,304,-1,314,304,315,-1,315,304,298,-1,315,298,307,-1,307,298,297,-1,307,297,305,-1,305,297,316,-1,317,318,319,-1,319,318,320,-1,321,302,300,-1,321,322,302,-1,302,322,323,-1,302,323,324,-1,320,318,325,-1,325,318,326,-1,325,326,303,-1,303,326,327,-1,303,327,300,-1,300,327,328,-1,300,328,321,-1,310,318,308,-1,308,318,317,-1,329,316,299,-1,299,316,297,-1,327,326,314,-1,314,326,312,-1,330,331,332,-1,332,331,333,-1,332,333,334,-1,334,333,335,-1,336,333,337,-1,337,333,331,-1,338,339,340,-1,341,342,343,-1,343,342,344,-1,343,344,345,-1,345,344,346,-1,345,346,347,-1,347,346,337,-1,347,337,348,-1,348,337,331,-1,348,331,340,-1,340,331,330,-1,340,330,338,-1,338,330,349,-1,350,351,352,-1,352,351,353,-1,354,335,333,-1,354,355,335,-1,335,355,356,-1,335,356,357,-1,353,351,358,-1,358,351,359,-1,358,359,336,-1,336,359,360,-1,336,360,333,-1,333,360,361,-1,333,361,354,-1,343,351,341,-1,341,351,350,-1,362,349,332,-1,332,349,330,-1,360,359,347,-1,347,359,345,-1,363,364,365,-1,365,364,366,-1,365,366,367,-1,367,366,368,-1,369,366,370,-1,370,366,364,-1,371,372,373,-1,374,375,376,-1,376,375,377,-1,376,377,378,-1,378,377,379,-1,378,379,380,-1,380,379,370,-1,380,370,381,-1,381,370,364,-1,381,364,373,-1,373,364,363,-1,373,363,371,-1,371,363,382,-1,383,384,385,-1,385,384,386,-1,387,368,366,-1,387,388,368,-1,368,388,389,-1,368,389,390,-1,386,384,391,-1,391,384,392,-1,391,392,369,-1,369,392,393,-1,369,393,366,-1,366,393,394,-1,366,394,387,-1,376,384,374,-1,374,384,383,-1,395,382,365,-1,365,382,363,-1,393,392,380,-1,380,392,378,-1,396,397,398,-1,398,397,399,-1,398,399,400,-1,400,399,401,-1,402,399,403,-1,403,399,397,-1,404,405,406,-1,407,408,409,-1,409,408,410,-1,409,410,411,-1,411,410,412,-1,411,412,413,-1,413,412,403,-1,413,403,414,-1,414,403,397,-1,414,397,406,-1,406,397,396,-1,406,396,404,-1,404,396,415,-1,416,417,418,-1,418,417,419,-1,420,401,399,-1,420,421,401,-1,401,421,422,-1,401,422,423,-1,419,417,424,-1,424,417,425,-1,424,425,402,-1,402,425,426,-1,402,426,399,-1,399,426,427,-1,399,427,420,-1,409,417,407,-1,407,417,416,-1,428,415,398,-1,398,415,396,-1,426,425,413,-1,413,425,411,-1,429,430,431,-1,431,430,432,-1,431,432,433,-1,433,432,434,-1,435,432,436,-1,436,432,430,-1,437,438,439,-1,440,441,442,-1,442,441,443,-1,442,443,444,-1,444,443,445,-1,444,445,446,-1,446,445,436,-1,446,436,447,-1,447,436,430,-1,447,430,439,-1,439,430,429,-1,439,429,437,-1,437,429,448,-1,449,450,451,-1,451,450,452,-1,453,434,432,-1,453,454,434,-1,434,454,455,-1,434,455,456,-1,452,450,457,-1,457,450,458,-1,457,458,435,-1,435,458,459,-1,435,459,432,-1,432,459,460,-1,432,460,453,-1,442,450,440,-1,440,450,449,-1,461,448,431,-1,431,448,429,-1,459,458,446,-1,446,458,444,-1,462,463,464,-1,464,463,465,-1,464,465,466,-1,466,465,467,-1,468,465,469,-1,469,465,463,-1,470,471,472,-1,473,474,475,-1,475,474,476,-1,475,476,477,-1,477,476,478,-1,477,478,479,-1,479,478,469,-1,479,469,480,-1,480,469,463,-1,480,463,472,-1,472,463,462,-1,472,462,470,-1,470,462,481,-1,482,483,484,-1,484,483,485,-1,486,467,465,-1,486,487,467,-1,467,487,488,-1,467,488,489,-1,485,483,490,-1,490,483,491,-1,490,491,468,-1,468,491,492,-1,468,492,465,-1,465,492,493,-1,465,493,486,-1,475,483,473,-1,473,483,482,-1,494,481,464,-1,464,481,462,-1,492,491,479,-1,479,491,477,-1,495,496,497,-1,497,496,498,-1,497,498,499,-1,499,498,500,-1,501,498,502,-1,502,498,496,-1,503,504,505,-1,506,507,508,-1,508,507,509,-1,508,509,510,-1,510,509,511,-1,510,511,512,-1,512,511,502,-1,512,502,513,-1,513,502,496,-1,513,496,505,-1,505,496,495,-1,505,495,503,-1,503,495,514,-1,515,516,517,-1,517,516,518,-1,519,500,498,-1,519,520,500,-1,500,520,521,-1,500,521,522,-1,518,516,523,-1,523,516,524,-1,523,524,501,-1,501,524,525,-1,501,525,498,-1,498,525,526,-1,498,526,519,-1,508,516,506,-1,506,516,515,-1,527,514,497,-1,497,514,495,-1,525,524,512,-1,512,524,510,-1,528,529,530,-1,530,529,531,-1,530,531,532,-1,532,531,533,-1,534,531,535,-1,535,531,529,-1,536,537,538,-1,539,540,541,-1,541,540,542,-1,541,542,543,-1,543,542,544,-1,543,544,545,-1,545,544,535,-1,545,535,546,-1,546,535,529,-1,546,529,538,-1,538,529,528,-1,538,528,536,-1,536,528,547,-1,548,549,550,-1,550,549,551,-1,552,533,531,-1,552,553,533,-1,533,553,554,-1,533,554,555,-1,551,549,556,-1,556,549,557,-1,556,557,534,-1,534,557,558,-1,534,558,531,-1,531,558,559,-1,531,559,552,-1,541,549,539,-1,539,549,548,-1,560,547,530,-1,530,547,528,-1,558,557,545,-1,545,557,543,-1,561,562,563,-1,563,562,564,-1,563,564,565,-1,565,564,566,-1,567,564,568,-1,568,564,562,-1,569,570,571,-1,572,573,574,-1,574,573,575,-1,574,575,576,-1,576,575,577,-1,576,577,578,-1,578,577,568,-1,578,568,579,-1,579,568,562,-1,579,562,571,-1,571,562,561,-1,571,561,569,-1,569,561,580,-1,581,582,583,-1,583,582,584,-1,585,566,564,-1,585,586,566,-1,566,586,587,-1,566,587,588,-1,584,582,589,-1,589,582,590,-1,589,590,567,-1,567,590,591,-1,567,591,564,-1,564,591,592,-1,564,592,585,-1,574,582,572,-1,572,582,581,-1,593,580,563,-1,563,580,561,-1,591,590,578,-1,578,590,576,-1,594,595,596,-1,596,595,597,-1,596,597,598,-1,598,597,599,-1,600,597,601,-1,601,597,595,-1,602,603,604,-1,605,606,607,-1,607,606,608,-1,607,608,609,-1,609,608,610,-1,609,610,611,-1,611,610,601,-1,611,601,612,-1,612,601,595,-1,612,595,604,-1,604,595,594,-1,604,594,602,-1,602,594,613,-1,614,615,616,-1,616,615,617,-1,618,599,597,-1,618,619,599,-1,599,619,620,-1,599,620,621,-1,617,615,622,-1,622,615,623,-1,622,623,600,-1,600,623,624,-1,600,624,597,-1,597,624,625,-1,597,625,618,-1,607,615,605,-1,605,615,614,-1,626,613,596,-1,596,613,594,-1,624,623,611,-1,611,623,609,-1,627,628,629,-1,629,628,630,-1,629,630,631,-1,631,630,632,-1,633,630,634,-1,634,630,628,-1,635,636,637,-1,638,639,640,-1,640,639,641,-1,640,641,642,-1,642,641,643,-1,642,643,644,-1,644,643,634,-1,644,634,645,-1,645,634,628,-1,645,628,637,-1,637,628,627,-1,637,627,635,-1,635,627,646,-1,647,648,649,-1,649,648,650,-1,651,632,630,-1,651,652,632,-1,632,652,653,-1,632,653,654,-1,650,648,655,-1,655,648,656,-1,655,656,633,-1,633,656,657,-1,633,657,630,-1,630,657,658,-1,630,658,651,-1,640,648,638,-1,638,648,647,-1,659,646,629,-1,629,646,627,-1,657,656,644,-1,644,656,642,-1,660,661,662,-1,662,661,663,-1,662,663,664,-1,664,663,665,-1,666,663,667,-1,667,663,661,-1,668,669,670,-1,671,672,673,-1,673,672,674,-1,673,674,675,-1,675,674,676,-1,675,676,677,-1,677,676,667,-1,677,667,678,-1,678,667,661,-1,678,661,670,-1,670,661,660,-1,670,660,668,-1,668,660,679,-1,680,681,682,-1,682,681,683,-1,684,665,663,-1,684,685,665,-1,665,685,686,-1,665,686,687,-1,683,681,688,-1,688,681,689,-1,688,689,666,-1,666,689,690,-1,666,690,663,-1,663,690,691,-1,663,691,684,-1,673,681,671,-1,671,681,680,-1,692,679,662,-1,662,679,660,-1,690,689,677,-1,677,689,675,-1,693,694,695,-1,695,694,696,-1,695,696,697,-1,697,696,698,-1,699,696,700,-1,700,696,694,-1,701,702,703,-1,704,705,706,-1,706,705,707,-1,706,707,708,-1,708,707,709,-1,708,709,710,-1,710,709,700,-1,710,700,711,-1,711,700,694,-1,711,694,703,-1,703,694,693,-1,703,693,701,-1,701,693,712,-1,713,714,715,-1,715,714,716,-1,717,698,696,-1,717,718,698,-1,698,718,719,-1,698,719,720,-1,716,714,721,-1,721,714,722,-1,721,722,699,-1,699,722,723,-1,699,723,696,-1,696,723,724,-1,696,724,717,-1,706,714,704,-1,704,714,713,-1,725,712,695,-1,695,712,693,-1,723,722,710,-1,710,722,708,-1,726,727,728,-1,728,727,729,-1,728,729,730,-1,730,729,731,-1,732,729,733,-1,733,729,727,-1,734,735,736,-1,737,738,739,-1,739,738,740,-1,739,740,741,-1,741,740,742,-1,741,742,743,-1,743,742,733,-1,743,733,744,-1,744,733,727,-1,744,727,736,-1,736,727,726,-1,736,726,734,-1,734,726,745,-1,746,747,748,-1,748,747,749,-1,750,731,729,-1,750,751,731,-1,731,751,752,-1,731,752,753,-1,749,747,754,-1,754,747,755,-1,754,755,732,-1,732,755,756,-1,732,756,729,-1,729,756,757,-1,729,757,750,-1,758,745,728,-1,728,745,726,-1,739,747,737,-1,737,747,746,-1,756,755,743,-1,743,755,741,-1,759,760,761,-1,761,760,762,-1,761,762,763,-1,763,762,764,-1,765,762,766,-1,766,762,760,-1,767,768,769,-1,770,771,772,-1,772,771,773,-1,772,773,774,-1,774,773,775,-1,774,775,776,-1,776,775,766,-1,776,766,777,-1,777,766,760,-1,777,760,769,-1,769,760,759,-1,769,759,767,-1,767,759,778,-1,779,780,781,-1,781,780,782,-1,783,764,762,-1,783,784,764,-1,764,784,785,-1,764,785,786,-1,782,780,787,-1,787,780,788,-1,787,788,765,-1,765,788,789,-1,765,789,762,-1,762,789,790,-1,762,790,783,-1,791,778,761,-1,761,778,759,-1,772,780,770,-1,770,780,779,-1,789,788,776,-1,776,788,774,-1,792,793,794,-1,794,793,795,-1,794,795,796,-1,796,795,797,-1,798,795,799,-1,799,795,793,-1,800,801,802,-1,803,804,805,-1,805,804,806,-1,805,806,807,-1,807,806,808,-1,807,808,809,-1,809,808,799,-1,809,799,810,-1,810,799,793,-1,810,793,802,-1,802,793,792,-1,802,792,800,-1,800,792,811,-1,812,813,814,-1,814,813,815,-1,816,797,795,-1,816,817,797,-1,797,817,818,-1,797,818,819,-1,815,813,820,-1,820,813,821,-1,820,821,798,-1,798,821,822,-1,798,822,795,-1,795,822,823,-1,795,823,816,-1,824,811,794,-1,794,811,792,-1,805,813,803,-1,803,813,812,-1,822,821,809,-1,809,821,807,-1,825,826,827,-1,827,826,828,-1,827,828,829,-1,829,828,830,-1,831,828,832,-1,832,828,826,-1,833,834,835,-1,836,837,838,-1,838,837,839,-1,838,839,840,-1,840,839,841,-1,840,841,842,-1,842,841,832,-1,842,832,843,-1,843,832,826,-1,843,826,835,-1,835,826,825,-1,835,825,833,-1,833,825,844,-1,845,846,847,-1,847,846,848,-1,849,830,828,-1,849,850,830,-1,830,850,851,-1,830,851,852,-1,848,846,853,-1,853,846,854,-1,853,854,831,-1,831,854,855,-1,831,855,828,-1,828,855,856,-1,828,856,849,-1,857,844,827,-1,827,844,825,-1,838,846,836,-1,836,846,845,-1,855,854,842,-1,842,854,840,-1,858,859,860,-1,860,859,861,-1,860,861,862,-1,862,861,863,-1,864,861,865,-1,865,861,859,-1,866,867,868,-1,869,870,871,-1,871,870,872,-1,871,872,873,-1,873,872,874,-1,873,874,875,-1,875,874,865,-1,875,865,876,-1,876,865,859,-1,876,859,868,-1,868,859,858,-1,868,858,866,-1,866,858,877,-1,878,879,880,-1,880,879,881,-1,882,863,861,-1,882,883,863,-1,863,883,884,-1,863,884,885,-1,881,879,886,-1,886,879,887,-1,886,887,864,-1,864,887,888,-1,864,888,861,-1,861,888,889,-1,861,889,882,-1,890,877,860,-1,860,877,858,-1,871,879,869,-1,869,879,878,-1,888,887,875,-1,875,887,873,-1,891,892,893,-1,893,892,894,-1,893,894,895,-1,895,894,896,-1,897,894,898,-1,898,894,892,-1,899,900,901,-1,902,903,904,-1,904,903,905,-1,904,905,906,-1,906,905,907,-1,906,907,908,-1,908,907,898,-1,908,898,909,-1,909,898,892,-1,909,892,901,-1,901,892,891,-1,901,891,899,-1,899,891,910,-1,911,912,913,-1,913,912,914,-1,915,896,894,-1,915,916,896,-1,896,916,917,-1,896,917,918,-1,914,912,919,-1,919,912,920,-1,919,920,897,-1,897,920,921,-1,897,921,894,-1,894,921,922,-1,894,922,915,-1,923,910,893,-1,893,910,891,-1,904,912,902,-1,902,912,911,-1,921,920,908,-1,908,920,906,-1,924,925,926,-1,926,925,927,-1,926,927,928,-1,928,927,929,-1,930,927,931,-1,931,927,925,-1,932,933,934,-1,935,936,937,-1,937,936,938,-1,937,938,939,-1,939,938,940,-1,939,940,941,-1,941,940,931,-1,941,931,942,-1,942,931,925,-1,942,925,934,-1,934,925,924,-1,934,924,932,-1,932,924,943,-1,944,945,946,-1,946,945,947,-1,948,929,927,-1,948,949,929,-1,929,949,950,-1,929,950,951,-1,947,945,952,-1,952,945,953,-1,952,953,930,-1,930,953,954,-1,930,954,927,-1,927,954,955,-1,927,955,948,-1,956,943,926,-1,926,943,924,-1,937,945,935,-1,935,945,944,-1,954,953,941,-1,941,953,939,-1,957,958,959,-1,959,958,960,-1,959,960,961,-1,961,960,962,-1,963,960,964,-1,964,960,958,-1,965,966,967,-1,968,969,970,-1,970,969,971,-1,970,971,972,-1,972,971,973,-1,972,973,974,-1,974,973,964,-1,974,964,975,-1,975,964,958,-1,975,958,967,-1,967,958,957,-1,967,957,965,-1,965,957,976,-1,977,978,979,-1,979,978,980,-1,981,962,960,-1,981,982,962,-1,962,982,983,-1,962,983,984,-1,980,978,985,-1,985,978,986,-1,985,986,963,-1,963,986,987,-1,963,987,960,-1,960,987,988,-1,960,988,981,-1,989,976,959,-1,959,976,957,-1,970,978,968,-1,968,978,977,-1,987,986,974,-1,974,986,972,-1,990,991,992,-1,992,991,993,-1,992,993,994,-1,994,993,995,-1,996,993,997,-1,997,993,991,-1,998,999,1000,-1,1001,1002,1003,-1,1003,1002,1004,-1,1003,1004,1005,-1,1005,1004,1006,-1,1005,1006,1007,-1,1007,1006,997,-1,1007,997,1008,-1,1008,997,991,-1,1008,991,1000,-1,1000,991,990,-1,1000,990,998,-1,998,990,1009,-1,1010,1011,1012,-1,1012,1011,1013,-1,1014,995,993,-1,1014,1015,995,-1,995,1015,1016,-1,995,1016,1017,-1,1013,1011,1018,-1,1018,1011,1019,-1,1018,1019,996,-1,996,1019,1020,-1,996,1020,993,-1,993,1020,1021,-1,993,1021,1014,-1,1022,1009,992,-1,992,1009,990,-1,1003,1011,1001,-1,1001,1011,1010,-1,1020,1019,1007,-1,1007,1019,1005,-1,1023,1024,1025,-1,1025,1024,1026,-1,1025,1026,1027,-1,1027,1026,1028,-1,1029,1026,1030,-1,1030,1026,1024,-1,1031,1032,1033,-1,1034,1035,1036,-1,1036,1035,1037,-1,1036,1037,1038,-1,1038,1037,1039,-1,1038,1039,1040,-1,1040,1039,1030,-1,1040,1030,1041,-1,1041,1030,1024,-1,1041,1024,1033,-1,1033,1024,1023,-1,1033,1023,1031,-1,1031,1023,1042,-1,1043,1044,1045,-1,1045,1044,1046,-1,1047,1028,1026,-1,1047,1048,1028,-1,1028,1048,1049,-1,1028,1049,1050,-1,1046,1044,1051,-1,1051,1044,1052,-1,1051,1052,1029,-1,1029,1052,1053,-1,1029,1053,1026,-1,1026,1053,1054,-1,1026,1054,1047,-1,1055,1042,1025,-1,1025,1042,1023,-1,1036,1044,1034,-1,1034,1044,1043,-1,1053,1052,1040,-1,1040,1052,1038,-1,1056,1057,1058,-1,1058,1057,1059,-1,1058,1059,1060,-1,1060,1059,1061,-1,1062,1059,1063,-1,1063,1059,1057,-1,1064,1065,1066,-1,1067,1068,1069,-1,1069,1068,1070,-1,1069,1070,1071,-1,1071,1070,1072,-1,1071,1072,1073,-1,1073,1072,1063,-1,1073,1063,1074,-1,1074,1063,1057,-1,1074,1057,1066,-1,1066,1057,1056,-1,1066,1056,1064,-1,1064,1056,1075,-1,1076,1077,1078,-1,1078,1077,1079,-1,1080,1061,1059,-1,1080,1081,1061,-1,1061,1081,1082,-1,1061,1082,1083,-1,1079,1077,1084,-1,1084,1077,1085,-1,1084,1085,1062,-1,1062,1085,1086,-1,1062,1086,1059,-1,1059,1086,1087,-1,1059,1087,1080,-1,1088,1075,1058,-1,1058,1075,1056,-1,1069,1077,1067,-1,1067,1077,1076,-1,1086,1085,1073,-1,1073,1085,1071,-1,1089,1090,1091,-1,1091,1090,1092,-1,1093,1094,1095,-1,1095,1094,1096,-1,1097,1098,1099,-1,1099,1098,1100,-1,1101,1102,1103,-1,1103,1102,1104,-1,1105,1106,1107,-1,1107,1106,1108,-1,1109,1110,1111,-1,1111,1110,1112,-1,1113,1114,1115,-1,1115,1114,1116,-1,1117,1118,1119,-1,1119,1118,1120,-1,1121,1122,1123,-1,1123,1122,1124,-1,1125,1126,1127,-1,1127,1126,1128,-1,1129,1130,1131,-1,1131,1130,1132,-1,1133,1134,1135,-1,1135,1134,1136,-1,1137,1138,1139,-1,1139,1138,1140,-1,1141,1142,1143,-1,1143,1142,1144,-1,1145,1146,1147,-1,1147,1146,1148,-1,1149,1150,1151,-1,1151,1150,1152,-1,1153,1154,1155,-1,1155,1154,1156,-1,1157,1158,1159,-1,1159,1158,1160,-1,1161,1162,1163,-1,1163,1162,1164,-1,1165,1166,1167,-1,1167,1166,1168,-1,1169,1170,1171,-1,1171,1170,1172,-1,1173,1174,1175,-1,1175,1174,1176,-1,1177,1178,1179,-1,1179,1178,1180,-1,1181,1182,1183,-1,1183,1182,1184,-1,1185,1186,1187,-1,1187,1186,1188,-1,1189,1190,1191,-1,1191,1190,1192,-1,1193,1194,1195,-1,1195,1194,1196,-1,1197,1198,1199,-1,1199,1198,1200,-1,1201,1202,1203,-1,1203,1202,1204,-1,1205,1206,1207,-1,1207,1206,1208,-1,1209,1210,1211,-1,1211,1210,1212,-1,1213,1214,1215,-1,1215,1214,1216,-1,1217,1218,1219,-1,1219,1218,1220,-1,1221,1222,1223,-1,1223,1222,1224,-1,1225,1226,1227,-1,1227,1226,1228,-1,1229,1230,1231,-1,1231,1230,1232,-1,1233,1234,1235,-1,1235,1234,1236,-1,1237,1238,1239,-1,1239,1238,1240,-1,1241,1242,1243,-1,1243,1242,1244,-1,1245,1246,1247,-1,1247,1246,1248,-1,1249,1250,1251,-1,1251,1250,1252,-1,1253,1254,1255,-1,1255,1254,1256,-1,1257,1258,1259,-1,1259,1258,1260,-1,1261,1262,1263,-1,1263,1262,1264,-1,1265,1266,1267,-1,1267,1266,1268,-1,1269,1270,1271,-1,1271,1270,1272,-1,1273,1274,1275,-1,1275,1274,1276,-1,1277,1278,1279,-1,1279,1278,1280,-1,1281,1282,1283,-1,1283,1282,1284,-1,1285,1286,1287,-1,1287,1286,1288,-1,1289,1290,1291,-1,1291,1290,1292,-1,1293,1294,1295,-1,1295,1294,1296,-1,1297,1298,1299,-1,1299,1298,1300,-1,1301,1302,1303,-1,1303,1302,1304,-1,1305,1306,1307,-1,1307,1306,1308,-1,1309,1310,1311,-1,1311,1310,1312,-1,1313,1314,1315,-1,1315,1314,1316,-1,1317,1318,1319,-1,1319,1318,1320,-1,1321,1322,1323,-1,1323,1322,1324,-1,1325,1326,1327,-1,1327,1326,1328,-1,1329,1330,1331,-1,1331,1330,1332,-1,1333,1334,1335,-1,1335,1334,1336,-1,1337,1338,1339,-1,1339,1338,1340,-1,1341,1342,1343,-1,1343,1342,1344,-1,1345,1346,1347,-1,1347,1346,1348,-1,1349,1350,1351,-1,1351,1350,1352,-1,1353,1345,1354,-1,1354,1345,1347,-1,1351,1355,1349,-1,1349,1355,1356,-1,1357,1082,1358,-1,1358,1082,1081,-1,1064,1359,1065,-1,1065,1359,1360,-1,1361,1337,1362,-1,1362,1337,1339,-1,1343,1363,1341,-1,1341,1363,1364,-1,1365,1049,1366,-1,1366,1049,1048,-1,1031,1367,1032,-1,1032,1367,1368,-1,1369,1329,1370,-1,1370,1329,1331,-1,1335,1371,1333,-1,1333,1371,1372,-1,1373,1016,1374,-1,1374,1016,1015,-1,998,1375,999,-1,999,1375,1376,-1,1377,1321,1378,-1,1378,1321,1323,-1,1327,1379,1325,-1,1325,1379,1380,-1,1381,983,1382,-1,1382,983,982,-1,965,1383,966,-1,966,1383,1384,-1,1385,1313,1386,-1,1386,1313,1315,-1,1319,1387,1317,-1,1317,1387,1388,-1,1389,950,1390,-1,1390,950,949,-1,932,1391,933,-1,933,1391,1392,-1,1393,1305,1394,-1,1394,1305,1307,-1,1311,1395,1309,-1,1309,1395,1396,-1,1397,917,1398,-1,1398,917,916,-1,899,1399,900,-1,900,1399,1400,-1,1401,1297,1402,-1,1402,1297,1299,-1,1303,1403,1301,-1,1301,1403,1404,-1,1405,884,1406,-1,1406,884,883,-1,866,1407,867,-1,867,1407,1408,-1,1409,1289,1410,-1,1410,1289,1291,-1,1295,1411,1293,-1,1293,1411,1412,-1,1413,851,1414,-1,1414,851,850,-1,833,1415,834,-1,834,1415,1416,-1,1417,1281,1418,-1,1418,1281,1283,-1,1287,1419,1285,-1,1285,1419,1420,-1,1421,818,1422,-1,1422,818,817,-1,800,1423,801,-1,801,1423,1424,-1,1425,1273,1426,-1,1426,1273,1275,-1,1279,1427,1277,-1,1277,1427,1428,-1,1429,785,1430,-1,1430,785,784,-1,767,1431,768,-1,768,1431,1432,-1,1433,1265,1434,-1,1434,1265,1267,-1,1271,1435,1269,-1,1269,1435,1436,-1,1437,752,1438,-1,1438,752,751,-1,734,1439,735,-1,735,1439,1440,-1,1441,1257,1442,-1,1442,1257,1259,-1,1263,1443,1261,-1,1261,1443,1444,-1,1445,719,1446,-1,1446,719,718,-1,701,1447,702,-1,702,1447,1448,-1,1449,1249,1450,-1,1450,1249,1251,-1,1255,1451,1253,-1,1253,1451,1452,-1,1453,686,1454,-1,1454,686,685,-1,668,1455,669,-1,669,1455,1456,-1,1457,1241,1458,-1,1458,1241,1243,-1,1247,1459,1245,-1,1245,1459,1460,-1,1461,653,1462,-1,1462,653,652,-1,635,1463,636,-1,636,1463,1464,-1,1465,1233,1466,-1,1466,1233,1235,-1,1239,1467,1237,-1,1237,1467,1468,-1,1469,620,1470,-1,1470,620,619,-1,602,1471,603,-1,603,1471,1472,-1,1473,1225,1474,-1,1474,1225,1227,-1,1231,1475,1229,-1,1229,1475,1476,-1,1477,587,1478,-1,1478,587,586,-1,569,1479,570,-1,570,1479,1480,-1,1481,1217,1482,-1,1482,1217,1219,-1,1223,1483,1221,-1,1221,1483,1484,-1,1485,554,1486,-1,1486,554,553,-1,536,1487,537,-1,537,1487,1488,-1,1489,1209,1490,-1,1490,1209,1211,-1,1215,1491,1213,-1,1213,1491,1492,-1,1493,521,1494,-1,1494,521,520,-1,503,1495,504,-1,504,1495,1496,-1,1497,1201,1498,-1,1498,1201,1203,-1,1207,1499,1205,-1,1205,1499,1500,-1,1501,488,1502,-1,1502,488,487,-1,470,1503,471,-1,471,1503,1504,-1,1505,1193,1506,-1,1506,1193,1195,-1,1199,1507,1197,-1,1197,1507,1508,-1,1509,455,1510,-1,1510,455,454,-1,437,1511,438,-1,438,1511,1512,-1,1513,1185,1514,-1,1514,1185,1187,-1,1191,1515,1189,-1,1189,1515,1516,-1,1517,422,1518,-1,1518,422,421,-1,404,1519,405,-1,405,1519,1520,-1,1521,1177,1522,-1,1522,1177,1179,-1,1183,1523,1181,-1,1181,1523,1524,-1,1525,389,1526,-1,1526,389,388,-1,371,1527,372,-1,372,1527,1528,-1,1529,1169,1530,-1,1530,1169,1171,-1,1175,1531,1173,-1,1173,1531,1532,-1,1533,356,1534,-1,1534,356,355,-1,338,1535,339,-1,339,1535,1536,-1,1537,1161,1538,-1,1538,1161,1163,-1,1167,1539,1165,-1,1165,1539,1540,-1,1541,323,1542,-1,1542,323,322,-1,305,1543,306,-1,306,1543,1544,-1,1545,1153,1546,-1,1546,1153,1155,-1,1159,1547,1157,-1,1157,1547,1548,-1,1549,290,1550,-1,1550,290,289,-1,272,1551,273,-1,273,1551,1552,-1,1553,1145,1554,-1,1554,1145,1147,-1,1151,1555,1149,-1,1149,1555,1556,-1,1557,257,1558,-1,1558,257,256,-1,239,1559,240,-1,240,1559,1560,-1,1561,1137,1562,-1,1562,1137,1139,-1,1143,1563,1141,-1,1141,1563,1564,-1,1565,224,1566,-1,1566,224,223,-1,206,1567,207,-1,207,1567,1568,-1,1569,1129,1570,-1,1570,1129,1131,-1,1135,1571,1133,-1,1133,1571,1572,-1,1573,191,1574,-1,1574,191,190,-1,173,1575,174,-1,174,1575,1576,-1,1577,1121,1578,-1,1578,1121,1123,-1,1127,1579,1125,-1,1125,1579,1580,-1,1581,158,1582,-1,1582,158,157,-1,140,1583,141,-1,141,1583,1584,-1,1585,1113,1586,-1,1586,1113,1115,-1,1119,1587,1117,-1,1117,1587,1588,-1,1589,125,1590,-1,1590,125,124,-1,107,1591,108,-1,108,1591,1592,-1,1593,1105,1594,-1,1594,1105,1107,-1,1111,1595,1109,-1,1109,1595,1596,-1,1597,92,1598,-1,1598,92,91,-1,74,1599,75,-1,75,1599,1600,-1,1601,1097,1602,-1,1602,1097,1099,-1,1103,1603,1101,-1,1101,1603,1604,-1,1605,59,1606,-1,1606,59,58,-1,41,1607,42,-1,42,1607,1608,-1,1609,1089,1610,-1,1610,1089,1091,-1,1095,1611,1093,-1,1093,1611,1612,-1,1613,26,1614,-1,1614,26,25,-1,8,1615,9,-1,9,1615,1616,-1,
        ]
    }
}
Shape{
    appearance Appearance {
        material  Material 	{
            diffuseColor 0.9686274509803922 0.8784313725490196 0.6
            specularColor 0.6784313725490196 0.615686274509804 0.4196078431372549
            ambientIntensity 0.8737
            transparency 0.0
            shininess 0.5
        }
    }
    geometry IndexedFaceSet {
        ccw TRUE
        solid FALSE
        coord DEF co Coordinate {
            point [
                -3.4685 1.2126 0.3937, -3.4213 1.2126 0.3937, -3.4685 1.2126 1.0, -3.4213 1.2126 1.0, -3.4213 1.2126 1.331, -3.4685 1.2126 1.331, -3.4213 1.2126 1.2913, -3.4685 1.2126 1.2913, -3.4213 0.1069 1.6984, -3.4213 0.1857 1.6967, -3.4685 0.1069 1.6984, -3.4685 0.1857 1.6967, -3.4685 1.1072 1.5836, -3.4213 1.1072 1.5836, -3.4213 1.1667 1.5688, -3.4685 1.1667 1.5688, -3.4213 1.221 1.5403, -3.4685 1.221 1.5403, -3.4213 1.2668 1.4996, -3.4685 1.2668 1.4996, -3.4213 1.3016 1.4492, -3.4685 1.3016 1.4492, -3.4213 1.3233 1.3918, -3.4685 1.3233 1.3918, -3.4213 1.3307 1.331, -3.4685 1.3307 1.331, -3.4685 1.3307 0.1484, -3.4213 1.3307 0.1484, -3.4685 1.4583 0.0591, -3.4213 1.4583 0.0591, -3.4685 1.6535 0.0591, -3.4213 1.6535 0.0591, -3.4685 1.6535 0.0, -3.4213 1.6535 0.0, -3.4685 1.378 0.0, -3.4213 1.378 0.0, -3.4685 1.2126 0.1158, -3.4213 1.2126 0.1158, -3.4685 1.2089 1.3602, -3.4213 1.2089 1.3602, -3.4685 1.1981 1.3877, -3.4213 1.1981 1.3877, -3.4685 1.1809 1.4115, -3.4213 1.1809 1.4115, -3.4685 1.1582 1.4304, -3.4213 1.1582 1.4304, -3.4685 1.1316 1.4431, -3.4213 1.1316 1.4431, -3.4685 1.1027 1.4488, -3.4213 1.1027 1.4488, -3.4685 0.262 1.5076, -3.4213 0.262 1.5076, -3.4213 0.2348 1.5123, -3.4685 0.2348 1.5123, -3.4213 0.209 1.5223, -3.4685 0.209 1.5223, -3.4213 0.1857 1.5373, -3.4685 0.1857 1.5373, -3.4685 0.1596 1.5537, -3.4213 0.1596 1.5537, -3.4685 0.1305 1.5639, -3.4213 0.1305 1.5639, -3.4685 0.0998 1.5674, -3.4213 0.0998 1.5674, -3.4685 -0.1229 1.5674, -3.4213 -0.1229 1.5674, -3.4685 -0.1713 1.5614, -3.4213 -0.1713 1.5614, -3.4685 -0.2168 1.5439, -3.4213 -0.2168 1.5439, -3.4685 -0.2618 1.5199, -3.4213 -0.2618 1.5199, -3.4685 -0.2723 1.5127, -3.4213 -0.2723 1.5127, -3.4685 -0.2809 1.5032, -3.4213 -0.2809 1.5032, -3.4685 -0.2871 1.4921, -3.4213 -0.2871 1.4921, -3.4213 -0.2924 1.4826, -3.4685 -0.2924 1.4826, -3.4213 -0.2997 1.4746, -3.4685 -0.2997 1.4746, -3.4213 -0.3087 1.4685, -3.4685 -0.3087 1.4685, -3.4213 -0.3187 1.4646, -3.4685 -0.3187 1.4646, -3.4213 -0.3295 1.463, -3.4685 -0.3295 1.463, -3.4213 -0.3403 1.464, -3.4685 -0.3403 1.464, -3.4213 -0.3506 1.4674, -3.4685 -0.3506 1.4674, -3.4213 -0.3598 1.473, -3.4685 -0.3598 1.473, -3.4685 -0.4994 1.5821, -3.4213 -0.4994 1.5821, -3.4213 -0.5061 1.5888, -3.4685 -0.5061 1.5888, -3.4213 -0.511 1.5968, -3.4685 -0.511 1.5968, -3.4213 -0.5138 1.6058, -3.4685 -0.5138 1.6058, -3.4213 -0.5145 1.6152, -3.4685 -0.5145 1.6152, -3.4213 -0.5129 1.6245, -3.4685 -0.5129 1.6245, -3.4213 -0.5091 1.6331, -3.4685 -0.5091 1.6331, -3.4213 -0.5034 1.6406, -3.4685 -0.5034 1.6406, -3.4213 -0.496 1.6465, -3.4685 -0.496 1.6465, -3.4213 -0.4875 1.6505, -3.4685 -0.4875 1.6505, -3.4213 -0.4783 1.6524, -3.4685 -0.4783 1.6524, -3.2717 1.2126 0.3937, -3.2244 1.2126 0.3937, -3.2717 1.2126 1.0, -3.2244 1.2126 1.0, -3.2244 1.2126 1.331, -3.2717 1.2126 1.331, -3.2244 1.2126 1.2913, -3.2717 1.2126 1.2913, -3.2244 0.1069 1.6984, -3.2244 0.1857 1.6967, -3.2717 0.1069 1.6984, -3.2717 0.1857 1.6967, -3.2717 1.1072 1.5836, -3.2244 1.1072 1.5836, -3.2244 1.1667 1.5688, -3.2717 1.1667 1.5688, -3.2244 1.221 1.5403, -3.2717 1.221 1.5403, -3.2244 1.2668 1.4996, -3.2717 1.2668 1.4996, -3.2244 1.3016 1.4492, -3.2717 1.3016 1.4492, -3.2244 1.3233 1.3918, -3.2717 1.3233 1.3918, -3.2244 1.3307 1.331, -3.2717 1.3307 1.331, -3.2717 1.3307 0.1484, -3.2244 1.3307 0.1484, -3.2717 1.4583 0.0591, -3.2244 1.4583 0.0591, -3.2717 1.6535 0.0591, -3.2244 1.6535 0.0591, -3.2717 1.6535 0.0, -3.2244 1.6535 0.0, -3.2717 1.378 0.0, -3.2244 1.378 0.0, -3.2717 1.2126 0.1158, -3.2244 1.2126 0.1158, -3.2717 1.2089 1.3602, -3.2244 1.2089 1.3602, -3.2717 1.1981 1.3877, -3.2244 1.1981 1.3877, -3.2717 1.1809 1.4115, -3.2244 1.1809 1.4115, -3.2717 1.1582 1.4304, -3.2244 1.1582 1.4304, -3.2717 1.1316 1.4431, -3.2244 1.1316 1.4431, -3.2717 1.1027 1.4488, -3.2244 1.1027 1.4488, -3.2717 0.262 1.5076, -3.2244 0.262 1.5076, -3.2244 0.2348 1.5123, -3.2717 0.2348 1.5123, -3.2244 0.209 1.5223, -3.2717 0.209 1.5223, -3.2244 0.1857 1.5373, -3.2717 0.1857 1.5373, -3.2717 0.1596 1.5537, -3.2244 0.1596 1.5537, -3.2717 0.1305 1.5639, -3.2244 0.1305 1.5639, -3.2717 0.0998 1.5674, -3.2244 0.0998 1.5674, -3.2717 -0.1229 1.5674, -3.2244 -0.1229 1.5674, -3.2717 -0.1713 1.5614, -3.2244 -0.1713 1.5614, -3.2717 -0.2168 1.5439, -3.2244 -0.2168 1.5439, -3.2717 -0.2618 1.5199, -3.2244 -0.2618 1.5199, -3.2717 -0.2723 1.5127, -3.2244 -0.2723 1.5127, -3.2717 -0.2809 1.5032, -3.2244 -0.2809 1.5032, -3.2717 -0.2871 1.4921, -3.2244 -0.2871 1.4921, -3.2244 -0.2924 1.4826, -3.2717 -0.2924 1.4826, -3.2244 -0.2997 1.4746, -3.2717 -0.2997 1.4746, -3.2244 -0.3087 1.4685, -3.2717 -0.3087 1.4685, -3.2244 -0.3187 1.4646, -3.2717 -0.3187 1.4646, -3.2244 -0.3295 1.463, -3.2717 -0.3295 1.463, -3.2244 -0.3403 1.464, -3.2717 -0.3403 1.464, -3.2244 -0.3506 1.4674, -3.2717 -0.3506 1.4674, -3.2244 -0.3598 1.473, -3.2717 -0.3598 1.473, -3.2717 -0.4994 1.5821, -3.2244 -0.4994 1.5821, -3.2244 -0.5061 1.5888, -3.2717 -0.5061 1.5888, -3.2244 -0.511 1.5968, -3.2717 -0.511 1.5968, -3.2244 -0.5138 1.6058, -3.2717 -0.5138 1.6058, -3.2244 -0.5145 1.6152, -3.2717 -0.5145 1.6152, -3.2244 -0.5129 1.6245, -3.2717 -0.5129 1.6245, -3.2244 -0.5091 1.6331, -3.2717 -0.5091 1.6331, -3.2244 -0.5034 1.6406, -3.2717 -0.5034 1.6406, -3.2244 -0.496 1.6465, -3.2717 -0.496 1.6465, -3.2244 -0.4875 1.6505, -3.2717 -0.4875 1.6505, -3.2244 -0.4783 1.6524, -3.2717 -0.4783 1.6524, -3.0748 1.2126 0.3937, -3.0276 1.2126 0.3937, -3.0748 1.2126 1.0, -3.0276 1.2126 1.0, -3.0276 1.2126 1.331, -3.0748 1.2126 1.331, -3.0276 1.2126 1.2913, -3.0748 1.2126 1.2913, -3.0276 0.1069 1.6984, -3.0276 0.1857 1.6967, -3.0748 0.1069 1.6984, -3.0748 0.1857 1.6967, -3.0748 1.1072 1.5836, -3.0276 1.1072 1.5836, -3.0276 1.1667 1.5688, -3.0748 1.1667 1.5688, -3.0276 1.221 1.5403, -3.0748 1.221 1.5403, -3.0276 1.2668 1.4996, -3.0748 1.2668 1.4996, -3.0276 1.3016 1.4492, -3.0748 1.3016 1.4492, -3.0276 1.3233 1.3918, -3.0748 1.3233 1.3918, -3.0276 1.3307 1.331, -3.0748 1.3307 1.331, -3.0748 1.3307 0.1484, -3.0276 1.3307 0.1484, -3.0748 1.4583 0.0591, -3.0276 1.4583 0.0591, -3.0748 1.6535 0.0591, -3.0276 1.6535 0.0591, -3.0748 1.6535 0.0, -3.0276 1.6535 0.0, -3.0748 1.378 0.0, -3.0276 1.378 0.0, -3.0748 1.2126 0.1158, -3.0276 1.2126 0.1158, -3.0748 1.2089 1.3602, -3.0276 1.2089 1.3602, -3.0748 1.1981 1.3877, -3.0276 1.1981 1.3877, -3.0748 1.1809 1.4115, -3.0276 1.1809 1.4115, -3.0748 1.1582 1.4304, -3.0276 1.1582 1.4304, -3.0748 1.1316 1.4431, -3.0276 1.1316 1.4431, -3.0748 1.1027 1.4488, -3.0276 1.1027 1.4488, -3.0748 0.262 1.5076, -3.0276 0.262 1.5076, -3.0276 0.2348 1.5123, -3.0748 0.2348 1.5123, -3.0276 0.209 1.5223, -3.0748 0.209 1.5223, -3.0276 0.1857 1.5373, -3.0748 0.1857 1.5373, -3.0748 0.1596 1.5537, -3.0276 0.1596 1.5537, -3.0748 0.1305 1.5639, -3.0276 0.1305 1.5639, -3.0748 0.0998 1.5674, -3.0276 0.0998 1.5674, -3.0748 -0.1229 1.5674, -3.0276 -0.1229 1.5674, -3.0748 -0.1713 1.5614, -3.0276 -0.1713 1.5614, -3.0748 -0.2168 1.5439, -3.0276 -0.2168 1.5439, -3.0748 -0.2618 1.5199, -3.0276 -0.2618 1.5199, -3.0748 -0.2723 1.5127, -3.0276 -0.2723 1.5127, -3.0748 -0.2809 1.5032, -3.0276 -0.2809 1.5032, -3.0748 -0.2871 1.4921, -3.0276 -0.2871 1.4921, -3.0276 -0.2924 1.4826, -3.0748 -0.2924 1.4826, -3.0276 -0.2997 1.4746, -3.0748 -0.2997 1.4746, -3.0276 -0.3087 1.4685, -3.0748 -0.3087 1.4685, -3.0276 -0.3187 1.4646, -3.0748 -0.3187 1.4646, -3.0276 -0.3295 1.463, -3.0748 -0.3295 1.463, -3.0276 -0.3403 1.464, -3.0748 -0.3403 1.464, -3.0276 -0.3506 1.4674, -3.0748 -0.3506 1.4674, -3.0276 -0.3598 1.473, -3.0748 -0.3598 1.473, -3.0748 -0.4994 1.5821, -3.0276 -0.4994 1.5821, -3.0276 -0.5061 1.5888, -3.0748 -0.5061 1.5888, -3.0276 -0.511 1.5968, -3.0748 -0.511 1.5968, -3.0276 -0.5138 1.6058, -3.0748 -0.5138 1.6058, -3.0276 -0.5145 1.6152, -3.0748 -0.5145 1.6152, -3.0276 -0.5129 1.6245, -3.0748 -0.5129 1.6245, -3.0276 -0.5091 1.6331, -3.0748 -0.5091 1.6331, -3.0276 -0.5034 1.6406, -3.0748 -0.5034 1.6406, -3.0276 -0.496 1.6465, -3.0748 -0.496 1.6465, -3.0276 -0.4875 1.6505, -3.0748 -0.4875 1.6505, -3.0276 -0.4783 1.6524, -3.0748 -0.4783 1.6524, -2.878 1.2126 0.3937, -2.8307 1.2126 0.3937, -2.878 1.2126 1.0, -2.8307 1.2126 1.0, -2.8307 1.2126 1.331, -2.878 1.2126 1.331, -2.8307 1.2126 1.2913, -2.878 1.2126 1.2913, -2.8307 0.1069 1.6984, -2.8307 0.1857 1.6967, -2.878 0.1069 1.6984, -2.878 0.1857 1.6967, -2.878 1.1072 1.5836, -2.8307 1.1072 1.5836, -2.8307 1.1667 1.5688, -2.878 1.1667 1.5688, -2.8307 1.221 1.5403, -2.878 1.221 1.5403, -2.8307 1.2668 1.4996, -2.878 1.2668 1.4996, -2.8307 1.3016 1.4492, -2.878 1.3016 1.4492, -2.8307 1.3233 1.3918, -2.878 1.3233 1.3918, -2.8307 1.3307 1.331, -2.878 1.3307 1.331, -2.878 1.3307 0.1484, -2.8307 1.3307 0.1484, -2.878 1.4583 0.0591, -2.8307 1.4583 0.0591, -2.878 1.6535 0.0591, -2.8307 1.6535 0.0591, -2.878 1.6535 0.0, -2.8307 1.6535 0.0, -2.878 1.378 0.0, -2.8307 1.378 0.0, -2.878 1.2126 0.1158, -2.8307 1.2126 0.1158, -2.878 1.2089 1.3602, -2.8307 1.2089 1.3602, -2.878 1.1981 1.3877, -2.8307 1.1981 1.3877, -2.878 1.1809 1.4115, -2.8307 1.1809 1.4115, -2.878 1.1582 1.4304, -2.8307 1.1582 1.4304, -2.878 1.1316 1.4431, -2.8307 1.1316 1.4431, -2.878 1.1027 1.4488, -2.8307 1.1027 1.4488, -2.878 0.262 1.5076, -2.8307 0.262 1.5076, -2.8307 0.2348 1.5123, -2.878 0.2348 1.5123, -2.8307 0.209 1.5223, -2.878 0.209 1.5223, -2.8307 0.1857 1.5373, -2.878 0.1857 1.5373, -2.878 0.1596 1.5537, -2.8307 0.1596 1.5537, -2.878 0.1305 1.5639, -2.8307 0.1305 1.5639, -2.878 0.0998 1.5674, -2.8307 0.0998 1.5674, -2.878 -0.1229 1.5674, -2.8307 -0.1229 1.5674, -2.878 -0.1713 1.5614, -2.8307 -0.1713 1.5614, -2.878 -0.2168 1.5439, -2.8307 -0.2168 1.5439, -2.878 -0.2618 1.5199, -2.8307 -0.2618 1.5199, -2.878 -0.2723 1.5127, -2.8307 -0.2723 1.5127, -2.878 -0.2809 1.5032, -2.8307 -0.2809 1.5032, -2.878 -0.2871 1.4921, -2.8307 -0.2871 1.4921, -2.8307 -0.2924 1.4826, -2.878 -0.2924 1.4826, -2.8307 -0.2997 1.4746, -2.878 -0.2997 1.4746, -2.8307 -0.3087 1.4685, -2.878 -0.3087 1.4685, -2.8307 -0.3187 1.4646, -2.878 -0.3187 1.4646, -2.8307 -0.3295 1.463, -2.878 -0.3295 1.463, -2.8307 -0.3403 1.464, -2.878 -0.3403 1.464, -2.8307 -0.3506 1.4674, -2.878 -0.3506 1.4674, -2.8307 -0.3598 1.473, -2.878 -0.3598 1.473, -2.878 -0.4994 1.5821, -2.8307 -0.4994 1.5821, -2.8307 -0.5061 1.5888, -2.878 -0.5061 1.5888, -2.8307 -0.511 1.5968, -2.878 -0.511 1.5968, -2.8307 -0.5138 1.6058, -2.878 -0.5138 1.6058, -2.8307 -0.5145 1.6152, -2.878 -0.5145 1.6152, -2.8307 -0.5129 1.6245, -2.878 -0.5129 1.6245, -2.8307 -0.5091 1.6331, -2.878 -0.5091 1.6331, -2.8307 -0.5034 1.6406, -2.878 -0.5034 1.6406, -2.8307 -0.496 1.6465, -2.878 -0.496 1.6465, -2.8307 -0.4875 1.6505, -2.878 -0.4875 1.6505, -2.8307 -0.4783 1.6524, -2.878 -0.4783 1.6524, -2.6811 1.2126 0.3937, -2.6339 1.2126 0.3937, -2.6811 1.2126 1.0, -2.6339 1.2126 1.0, -2.6339 1.2126 1.331, -2.6811 1.2126 1.331, -2.6339 1.2126 1.2913, -2.6811 1.2126 1.2913, -2.6339 0.1069 1.6984, -2.6339 0.1857 1.6967, -2.6811 0.1069 1.6984, -2.6811 0.1857 1.6967, -2.6811 1.1072 1.5836, -2.6339 1.1072 1.5836, -2.6339 1.1667 1.5688, -2.6811 1.1667 1.5688, -2.6339 1.221 1.5403, -2.6811 1.221 1.5403, -2.6339 1.2668 1.4996, -2.6811 1.2668 1.4996, -2.6339 1.3016 1.4492, -2.6811 1.3016 1.4492, -2.6339 1.3233 1.3918, -2.6811 1.3233 1.3918, -2.6339 1.3307 1.331, -2.6811 1.3307 1.331, -2.6811 1.3307 0.1484, -2.6339 1.3307 0.1484, -2.6811 1.4583 0.0591, -2.6339 1.4583 0.0591, -2.6811 1.6535 0.0591, -2.6339 1.6535 0.0591, -2.6811 1.6535 0.0, -2.6339 1.6535 0.0, -2.6811 1.378 0.0, -2.6339 1.378 0.0, -2.6811 1.2126 0.1158, -2.6339 1.2126 0.1158, -2.6811 1.2089 1.3602, -2.6339 1.2089 1.3602, -2.6811 1.1981 1.3877, -2.6339 1.1981 1.3877, -2.6811 1.1809 1.4115, -2.6339 1.1809 1.4115, -2.6811 1.1582 1.4304, -2.6339 1.1582 1.4304, -2.6811 1.1316 1.4431, -2.6339 1.1316 1.4431, -2.6811 1.1027 1.4488, -2.6339 1.1027 1.4488, -2.6811 0.262 1.5076, -2.6339 0.262 1.5076, -2.6339 0.2348 1.5123, -2.6811 0.2348 1.5123, -2.6339 0.209 1.5223, -2.6811 0.209 1.5223, -2.6339 0.1857 1.5373, -2.6811 0.1857 1.5373, -2.6811 0.1596 1.5537, -2.6339 0.1596 1.5537, -2.6811 0.1305 1.5639, -2.6339 0.1305 1.5639, -2.6811 0.0998 1.5674, -2.6339 0.0998 1.5674, -2.6811 -0.1229 1.5674, -2.6339 -0.1229 1.5674, -2.6811 -0.1713 1.5614, -2.6339 -0.1713 1.5614, -2.6811 -0.2168 1.5439, -2.6339 -0.2168 1.5439, -2.6811 -0.2618 1.5199, -2.6339 -0.2618 1.5199, -2.6811 -0.2723 1.5127, -2.6339 -0.2723 1.5127, -2.6811 -0.2809 1.5032, -2.6339 -0.2809 1.5032, -2.6811 -0.2871 1.4921, -2.6339 -0.2871 1.4921, -2.6339 -0.2924 1.4826, -2.6811 -0.2924 1.4826, -2.6339 -0.2997 1.4746, -2.6811 -0.2997 1.4746, -2.6339 -0.3087 1.4685, -2.6811 -0.3087 1.4685, -2.6339 -0.3187 1.4646, -2.6811 -0.3187 1.4646, -2.6339 -0.3295 1.463, -2.6811 -0.3295 1.463, -2.6339 -0.3403 1.464, -2.6811 -0.3403 1.464, -2.6339 -0.3506 1.4674, -2.6811 -0.3506 1.4674, -2.6339 -0.3598 1.473, -2.6811 -0.3598 1.473, -2.6811 -0.4994 1.5821, -2.6339 -0.4994 1.5821, -2.6339 -0.5061 1.5888, -2.6811 -0.5061 1.5888, -2.6339 -0.511 1.5968, -2.6811 -0.511 1.5968, -2.6339 -0.5138 1.6058, -2.6811 -0.5138 1.6058, -2.6339 -0.5145 1.6152, -2.6811 -0.5145 1.6152, -2.6339 -0.5129 1.6245, -2.6811 -0.5129 1.6245, -2.6339 -0.5091 1.6331, -2.6811 -0.5091 1.6331, -2.6339 -0.5034 1.6406, -2.6811 -0.5034 1.6406, -2.6339 -0.496 1.6465, -2.6811 -0.496 1.6465, -2.6339 -0.4875 1.6505, -2.6811 -0.4875 1.6505, -2.6339 -0.4783 1.6524, -2.6811 -0.4783 1.6524, -2.4843 1.2126 0.3937, -2.437 1.2126 0.3937, -2.4843 1.2126 1.0, -2.437 1.2126 1.0, -2.437 1.2126 1.331, -2.4843 1.2126 1.331, -2.437 1.2126 1.2913, -2.4843 1.2126 1.2913, -2.437 0.1069 1.6984, -2.437 0.1857 1.6967, -2.4843 0.1069 1.6984, -2.4843 0.1857 1.6967, -2.4843 1.1072 1.5836, -2.437 1.1072 1.5836, -2.437 1.1667 1.5688, -2.4843 1.1667 1.5688, -2.437 1.221 1.5403, -2.4843 1.221 1.5403, -2.437 1.2668 1.4996, -2.4843 1.2668 1.4996, -2.437 1.3016 1.4492, -2.4843 1.3016 1.4492, -2.437 1.3233 1.3918, -2.4843 1.3233 1.3918, -2.437 1.3307 1.331, -2.4843 1.3307 1.331, -2.4843 1.3307 0.1484, -2.437 1.3307 0.1484, -2.4843 1.4583 0.0591, -2.437 1.4583 0.0591, -2.4843 1.6535 0.0591, -2.437 1.6535 0.0591, -2.4843 1.6535 0.0, -2.437 1.6535 0.0, -2.4843 1.378 0.0, -2.437 1.378 0.0, -2.4843 1.2126 0.1158, -2.437 1.2126 0.1158, -2.4843 1.2089 1.3602, -2.437 1.2089 1.3602, -2.4843 1.1981 1.3877, -2.437 1.1981 1.3877, -2.4843 1.1809 1.4115, -2.437 1.1809 1.4115, -2.4843 1.1582 1.4304, -2.437 1.1582 1.4304, -2.4843 1.1316 1.4431, -2.437 1.1316 1.4431, -2.4843 1.1027 1.4488, -2.437 1.1027 1.4488, -2.4843 0.262 1.5076, -2.437 0.262 1.5076, -2.437 0.2348 1.5123, -2.4843 0.2348 1.5123, -2.437 0.209 1.5223, -2.4843 0.209 1.5223, -2.437 0.1857 1.5373, -2.4843 0.1857 1.5373, -2.4843 0.1596 1.5537, -2.437 0.1596 1.5537, -2.4843 0.1305 1.5639, -2.437 0.1305 1.5639, -2.4843 0.0998 1.5674, -2.437 0.0998 1.5674, -2.4843 -0.1229 1.5674, -2.437 -0.1229 1.5674, -2.4843 -0.1713 1.5614, -2.437 -0.1713 1.5614, -2.4843 -0.2168 1.5439, -2.437 -0.2168 1.5439, -2.4843 -0.2618 1.5199, -2.437 -0.2618 1.5199, -2.4843 -0.2723 1.5127, -2.437 -0.2723 1.5127, -2.4843 -0.2809 1.5032, -2.437 -0.2809 1.5032, -2.4843 -0.2871 1.4921, -2.437 -0.2871 1.4921, -2.437 -0.2924 1.4826, -2.4843 -0.2924 1.4826, -2.437 -0.2997 1.4746, -2.4843 -0.2997 1.4746, -2.437 -0.3087 1.4685, -2.4843 -0.3087 1.4685, -2.437 -0.3187 1.4646, -2.4843 -0.3187 1.4646, -2.437 -0.3295 1.463, -2.4843 -0.3295 1.463, -2.437 -0.3403 1.464, -2.4843 -0.3403 1.464, -2.437 -0.3506 1.4674, -2.4843 -0.3506 1.4674, -2.437 -0.3598 1.473, -2.4843 -0.3598 1.473, -2.4843 -0.4994 1.5821, -2.437 -0.4994 1.5821, -2.437 -0.5061 1.5888, -2.4843 -0.5061 1.5888, -2.437 -0.511 1.5968, -2.4843 -0.511 1.5968, -2.437 -0.5138 1.6058, -2.4843 -0.5138 1.6058, -2.437 -0.5145 1.6152, -2.4843 -0.5145 1.6152, -2.437 -0.5129 1.6245, -2.4843 -0.5129 1.6245, -2.437 -0.5091 1.6331, -2.4843 -0.5091 1.6331, -2.437 -0.5034 1.6406, -2.4843 -0.5034 1.6406, -2.437 -0.496 1.6465, -2.4843 -0.496 1.6465, -2.437 -0.4875 1.6505, -2.4843 -0.4875 1.6505, -2.437 -0.4783 1.6524, -2.4843 -0.4783 1.6524, -2.2874 1.2126 0.3937, -2.2402 1.2126 0.3937, -2.2874 1.2126 1.0, -2.2402 1.2126 1.0, -2.2402 1.2126 1.331, -2.2874 1.2126 1.331, -2.2402 1.2126 1.2913, -2.2874 1.2126 1.2913, -2.2402 0.1069 1.6984, -2.2402 0.1857 1.6967, -2.2874 0.1069 1.6984, -2.2874 0.1857 1.6967, -2.2874 1.1072 1.5836, -2.2402 1.1072 1.5836, -2.2402 1.1667 1.5688, -2.2874 1.1667 1.5688, -2.2402 1.221 1.5403, -2.2874 1.221 1.5403, -2.2402 1.2668 1.4996, -2.2874 1.2668 1.4996, -2.2402 1.3016 1.4492, -2.2874 1.3016 1.4492, -2.2402 1.3233 1.3918, -2.2874 1.3233 1.3918, -2.2402 1.3307 1.331, -2.2874 1.3307 1.331, -2.2874 1.3307 0.1484, -2.2402 1.3307 0.1484, -2.2874 1.4583 0.0591, -2.2402 1.4583 0.0591, -2.2874 1.6535 0.0591, -2.2402 1.6535 0.0591, -2.2874 1.6535 0.0, -2.2402 1.6535 0.0, -2.2874 1.378 0.0, -2.2402 1.378 0.0, -2.2874 1.2126 0.1158, -2.2402 1.2126 0.1158, -2.2874 1.2089 1.3602, -2.2402 1.2089 1.3602, -2.2874 1.1981 1.3877, -2.2402 1.1981 1.3877, -2.2874 1.1809 1.4115, -2.2402 1.1809 1.4115, -2.2874 1.1582 1.4304, -2.2402 1.1582 1.4304, -2.2874 1.1316 1.4431, -2.2402 1.1316 1.4431, -2.2874 1.1027 1.4488, -2.2402 1.1027 1.4488, -2.2874 0.262 1.5076, -2.2402 0.262 1.5076, -2.2402 0.2348 1.5123, -2.2874 0.2348 1.5123, -2.2402 0.209 1.5223, -2.2874 0.209 1.5223, -2.2402 0.1857 1.5373, -2.2874 0.1857 1.5373, -2.2874 0.1596 1.5537, -2.2402 0.1596 1.5537, -2.2874 0.1305 1.5639, -2.2402 0.1305 1.5639, -2.2874 0.0998 1.5674, -2.2402 0.0998 1.5674, -2.2874 -0.1229 1.5674, -2.2402 -0.1229 1.5674, -2.2874 -0.1713 1.5614, -2.2402 -0.1713 1.5614, -2.2874 -0.2168 1.5439, -2.2402 -0.2168 1.5439, -2.2874 -0.2618 1.5199, -2.2402 -0.2618 1.5199, -2.2874 -0.2723 1.5127, -2.2402 -0.2723 1.5127, -2.2874 -0.2809 1.5032, -2.2402 -0.2809 1.5032, -2.2874 -0.2871 1.4921, -2.2402 -0.2871 1.4921, -2.2402 -0.2924 1.4826, -2.2874 -0.2924 1.4826, -2.2402 -0.2997 1.4746, -2.2874 -0.2997 1.4746, -2.2402 -0.3087 1.4685, -2.2874 -0.3087 1.4685, -2.2402 -0.3187 1.4646, -2.2874 -0.3187 1.4646, -2.2402 -0.3295 1.463, -2.2874 -0.3295 1.463, -2.2402 -0.3403 1.464, -2.2874 -0.3403 1.464, -2.2402 -0.3506 1.4674, -2.2874 -0.3506 1.4674, -2.2402 -0.3598 1.473, -2.2874 -0.3598 1.473, -2.2874 -0.4994 1.5821, -2.2402 -0.4994 1.5821, -2.2402 -0.5061 1.5888, -2.2874 -0.5061 1.5888, -2.2402 -0.511 1.5968, -2.2874 -0.511 1.5968, -2.2402 -0.5138 1.6058, -2.2874 -0.5138 1.6058, -2.2402 -0.5145 1.6152, -2.2874 -0.5145 1.6152, -2.2402 -0.5129 1.6245, -2.2874 -0.5129 1.6245, -2.2402 -0.5091 1.6331, -2.2874 -0.5091 1.6331, -2.2402 -0.5034 1.6406, -2.2874 -0.5034 1.6406, -2.2402 -0.496 1.6465, -2.2874 -0.496 1.6465, -2.2402 -0.4875 1.6505, -2.2874 -0.4875 1.6505, -2.2402 -0.4783 1.6524, -2.2874 -0.4783 1.6524, -2.0906 1.2126 0.3937, -2.0433 1.2126 0.3937, -2.0906 1.2126 1.0, -2.0433 1.2126 1.0, -2.0433 1.2126 1.331, -2.0906 1.2126 1.331, -2.0433 1.2126 1.2913, -2.0906 1.2126 1.2913, -2.0433 0.1069 1.6984, -2.0433 0.1857 1.6967, -2.0906 0.1069 1.6984, -2.0906 0.1857 1.6967, -2.0906 1.1072 1.5836, -2.0433 1.1072 1.5836, -2.0433 1.1667 1.5688, -2.0906 1.1667 1.5688, -2.0433 1.221 1.5403, -2.0906 1.221 1.5403, -2.0433 1.2668 1.4996, -2.0906 1.2668 1.4996, -2.0433 1.3016 1.4492, -2.0906 1.3016 1.4492, -2.0433 1.3233 1.3918, -2.0906 1.3233 1.3918, -2.0433 1.3307 1.331, -2.0906 1.3307 1.331, -2.0906 1.3307 0.1484, -2.0433 1.3307 0.1484, -2.0906 1.4583 0.0591, -2.0433 1.4583 0.0591, -2.0906 1.6535 0.0591, -2.0433 1.6535 0.0591, -2.0906 1.6535 0.0, -2.0433 1.6535 0.0, -2.0906 1.378 0.0, -2.0433 1.378 0.0, -2.0906 1.2126 0.1158, -2.0433 1.2126 0.1158, -2.0906 1.2089 1.3602, -2.0433 1.2089 1.3602, -2.0906 1.1981 1.3877, -2.0433 1.1981 1.3877, -2.0906 1.1809 1.4115, -2.0433 1.1809 1.4115, -2.0906 1.1582 1.4304, -2.0433 1.1582 1.4304, -2.0906 1.1316 1.4431, -2.0433 1.1316 1.4431, -2.0906 1.1027 1.4488, -2.0433 1.1027 1.4488, -2.0906 0.262 1.5076, -2.0433 0.262 1.5076, -2.0433 0.2348 1.5123, -2.0906 0.2348 1.5123, -2.0433 0.209 1.5223, -2.0906 0.209 1.5223, -2.0433 0.1857 1.5373, -2.0906 0.1857 1.5373, -2.0906 0.1596 1.5537, -2.0433 0.1596 1.5537, -2.0906 0.1305 1.5639, -2.0433 0.1305 1.5639, -2.0906 0.0998 1.5674, -2.0433 0.0998 1.5674, -2.0906 -0.1229 1.5674, -2.0433 -0.1229 1.5674, -2.0906 -0.1713 1.5614, -2.0433 -0.1713 1.5614, -2.0906 -0.2168 1.5439, -2.0433 -0.2168 1.5439, -2.0906 -0.2618 1.5199, -2.0433 -0.2618 1.5199, -2.0906 -0.2723 1.5127, -2.0433 -0.2723 1.5127, -2.0906 -0.2809 1.5032, -2.0433 -0.2809 1.5032, -2.0906 -0.2871 1.4921, -2.0433 -0.2871 1.4921, -2.0433 -0.2924 1.4826, -2.0906 -0.2924 1.4826, -2.0433 -0.2997 1.4746, -2.0906 -0.2997 1.4746, -2.0433 -0.3087 1.4685, -2.0906 -0.3087 1.4685, -2.0433 -0.3187 1.4646, -2.0906 -0.3187 1.4646, -2.0433 -0.3295 1.463, -2.0906 -0.3295 1.463, -2.0433 -0.3403 1.464, -2.0906 -0.3403 1.464, -2.0433 -0.3506 1.4674, -2.0906 -0.3506 1.4674, -2.0433 -0.3598 1.473, -2.0906 -0.3598 1.473, -2.0906 -0.4994 1.5821, -2.0433 -0.4994 1.5821, -2.0433 -0.5061 1.5888, -2.0906 -0.5061 1.5888, -2.0433 -0.511 1.5968, -2.0906 -0.511 1.5968, -2.0433 -0.5138 1.6058, -2.0906 -0.5138 1.6058, -2.0433 -0.5145 1.6152, -2.0906 -0.5145 1.6152, -2.0433 -0.5129 1.6245, -2.0906 -0.5129 1.6245, -2.0433 -0.5091 1.6331, -2.0906 -0.5091 1.6331, -2.0433 -0.5034 1.6406, -2.0906 -0.5034 1.6406, -2.0433 -0.496 1.6465, -2.0906 -0.496 1.6465, -2.0433 -0.4875 1.6505, -2.0906 -0.4875 1.6505, -2.0433 -0.4783 1.6524, -2.0906 -0.4783 1.6524, -1.8937 1.2126 0.3937, -1.8465 1.2126 0.3937, -1.8937 1.2126 1.0, -1.8465 1.2126 1.0, -1.8465 1.2126 1.331, -1.8937 1.2126 1.331, -1.8465 1.2126 1.2913, -1.8937 1.2126 1.2913, -1.8465 0.1069 1.6984, -1.8465 0.1857 1.6967, -1.8937 0.1069 1.6984, -1.8937 0.1857 1.6967, -1.8937 1.1072 1.5836, -1.8465 1.1072 1.5836, -1.8465 1.1667 1.5688, -1.8937 1.1667 1.5688, -1.8465 1.221 1.5403, -1.8937 1.221 1.5403, -1.8465 1.2668 1.4996, -1.8937 1.2668 1.4996, -1.8465 1.3016 1.4492, -1.8937 1.3016 1.4492, -1.8465 1.3233 1.3918, -1.8937 1.3233 1.3918, -1.8465 1.3307 1.331, -1.8937 1.3307 1.331, -1.8937 1.3307 0.1484, -1.8465 1.3307 0.1484, -1.8937 1.4583 0.0591, -1.8465 1.4583 0.0591, -1.8937 1.6535 0.0591, -1.8465 1.6535 0.0591, -1.8937 1.6535 0.0, -1.8465 1.6535 0.0, -1.8937 1.378 0.0, -1.8465 1.378 0.0, -1.8937 1.2126 0.1158, -1.8465 1.2126 0.1158, -1.8937 1.2089 1.3602, -1.8465 1.2089 1.3602, -1.8937 1.1981 1.3877, -1.8465 1.1981 1.3877, -1.8937 1.1809 1.4115, -1.8465 1.1809 1.4115, -1.8937 1.1582 1.4304, -1.8465 1.1582 1.4304, -1.8937 1.1316 1.4431, -1.8465 1.1316 1.4431, -1.8937 1.1027 1.4488, -1.8465 1.1027 1.4488, -1.8937 0.262 1.5076, -1.8465 0.262 1.5076, -1.8465 0.2348 1.5123, -1.8937 0.2348 1.5123, -1.8465 0.209 1.5223, -1.8937 0.209 1.5223, -1.8465 0.1857 1.5373, -1.8937 0.1857 1.5373, -1.8937 0.1596 1.5537, -1.8465 0.1596 1.5537, -1.8937 0.1305 1.5639, -1.8465 0.1305 1.5639, -1.8937 0.0998 1.5674, -1.8465 0.0998 1.5674, -1.8937 -0.1229 1.5674, -1.8465 -0.1229 1.5674, -1.8937 -0.1713 1.5614, -1.8465 -0.1713 1.5614, -1.8937 -0.2168 1.5439, -1.8465 -0.2168 1.5439, -1.8937 -0.2618 1.5199, -1.8465 -0.2618 1.5199, -1.8937 -0.2723 1.5127, -1.8465 -0.2723 1.5127, -1.8937 -0.2809 1.5032, -1.8465 -0.2809 1.5032, -1.8937 -0.2871 1.4921, -1.8465 -0.2871 1.4921, -1.8465 -0.2924 1.4826, -1.8937 -0.2924 1.4826, -1.8465 -0.2997 1.4746, -1.8937 -0.2997 1.4746, -1.8465 -0.3087 1.4685, -1.8937 -0.3087 1.4685, -1.8465 -0.3187 1.4646, -1.8937 -0.3187 1.4646, -1.8465 -0.3295 1.463, -1.8937 -0.3295 1.463, -1.8465 -0.3403 1.464, -1.8937 -0.3403 1.464, -1.8465 -0.3506 1.4674, -1.8937 -0.3506 1.4674, -1.8465 -0.3598 1.473, -1.8937 -0.3598 1.473, -1.8937 -0.4994 1.5821, -1.8465 -0.4994 1.5821, -1.8465 -0.5061 1.5888, -1.8937 -0.5061 1.5888, -1.8465 -0.511 1.5968, -1.8937 -0.511 1.5968, -1.8465 -0.5138 1.6058, -1.8937 -0.5138 1.6058, -1.8465 -0.5145 1.6152, -1.8937 -0.5145 1.6152, -1.8465 -0.5129 1.6245, -1.8937 -0.5129 1.6245, -1.8465 -0.5091 1.6331, -1.8937 -0.5091 1.6331, -1.8465 -0.5034 1.6406, -1.8937 -0.5034 1.6406, -1.8465 -0.496 1.6465, -1.8937 -0.496 1.6465, -1.8465 -0.4875 1.6505, -1.8937 -0.4875 1.6505, -1.8465 -0.4783 1.6524, -1.8937 -0.4783 1.6524, -1.6969 1.2126 0.3937, -1.6496 1.2126 0.3937, -1.6969 1.2126 1.0, -1.6496 1.2126 1.0, -1.6496 1.2126 1.331, -1.6969 1.2126 1.331, -1.6496 1.2126 1.2913, -1.6969 1.2126 1.2913, -1.6496 0.1069 1.6984, -1.6496 0.1857 1.6967, -1.6969 0.1069 1.6984, -1.6969 0.1857 1.6967, -1.6969 1.1072 1.5836, -1.6496 1.1072 1.5836, -1.6496 1.1667 1.5688, -1.6969 1.1667 1.5688, -1.6496 1.221 1.5403, -1.6969 1.221 1.5403, -1.6496 1.2668 1.4996, -1.6969 1.2668 1.4996, -1.6496 1.3016 1.4492, -1.6969 1.3016 1.4492, -1.6496 1.3233 1.3918, -1.6969 1.3233 1.3918, -1.6496 1.3307 1.331, -1.6969 1.3307 1.331, -1.6969 1.3307 0.1484, -1.6496 1.3307 0.1484, -1.6969 1.4583 0.0591, -1.6496 1.4583 0.0591, -1.6969 1.6535 0.0591, -1.6496 1.6535 0.0591, -1.6969 1.6535 0.0, -1.6496 1.6535 0.0, -1.6969 1.378 0.0, -1.6496 1.378 0.0, -1.6969 1.2126 0.1158, -1.6496 1.2126 0.1158, -1.6969 1.2089 1.3602, -1.6496 1.2089 1.3602, -1.6969 1.1981 1.3877, -1.6496 1.1981 1.3877, -1.6969 1.1809 1.4115, -1.6496 1.1809 1.4115, -1.6969 1.1582 1.4304, -1.6496 1.1582 1.4304, -1.6969 1.1316 1.4431, -1.6496 1.1316 1.4431, -1.6969 1.1027 1.4488, -1.6496 1.1027 1.4488, -1.6969 0.262 1.5076, -1.6496 0.262 1.5076, -1.6496 0.2348 1.5123, -1.6969 0.2348 1.5123, -1.6496 0.209 1.5223, -1.6969 0.209 1.5223, -1.6496 0.1857 1.5373, -1.6969 0.1857 1.5373, -1.6969 0.1596 1.5537, -1.6496 0.1596 1.5537, -1.6969 0.1305 1.5639, -1.6496 0.1305 1.5639, -1.6969 0.0998 1.5674, -1.6496 0.0998 1.5674, -1.6969 -0.1229 1.5674, -1.6496 -0.1229 1.5674, -1.6969 -0.1713 1.5614, -1.6496 -0.1713 1.5614, -1.6969 -0.2168 1.5439, -1.6496 -0.2168 1.5439, -1.6969 -0.2618 1.5199, -1.6496 -0.2618 1.5199, -1.6969 -0.2723 1.5127, -1.6496 -0.2723 1.5127, -1.6969 -0.2809 1.5032, -1.6496 -0.2809 1.5032, -1.6969 -0.2871 1.4921, -1.6496 -0.2871 1.4921, -1.6496 -0.2924 1.4826, -1.6969 -0.2924 1.4826, -1.6496 -0.2997 1.4746, -1.6969 -0.2997 1.4746, -1.6496 -0.3087 1.4685, -1.6969 -0.3087 1.4685, -1.6496 -0.3187 1.4646, -1.6969 -0.3187 1.4646, -1.6496 -0.3295 1.463, -1.6969 -0.3295 1.463, -1.6496 -0.3403 1.464, -1.6969 -0.3403 1.464, -1.6496 -0.3506 1.4674, -1.6969 -0.3506 1.4674, -1.6496 -0.3598 1.473, -1.6969 -0.3598 1.473, -1.6969 -0.4994 1.5821, -1.6496 -0.4994 1.5821, -1.6496 -0.5061 1.5888, -1.6969 -0.5061 1.5888, -1.6496 -0.511 1.5968, -1.6969 -0.511 1.5968, -1.6496 -0.5138 1.6058, -1.6969 -0.5138 1.6058, -1.6496 -0.5145 1.6152, -1.6969 -0.5145 1.6152, -1.6496 -0.5129 1.6245, -1.6969 -0.5129 1.6245, -1.6496 -0.5091 1.6331, -1.6969 -0.5091 1.6331, -1.6496 -0.5034 1.6406, -1.6969 -0.5034 1.6406, -1.6496 -0.496 1.6465, -1.6969 -0.496 1.6465, -1.6496 -0.4875 1.6505, -1.6969 -0.4875 1.6505, -1.6496 -0.4783 1.6524, -1.6969 -0.4783 1.6524, -1.5 1.2126 0.3937, -1.4528 1.2126 0.3937, -1.5 1.2126 1.0, -1.4528 1.2126 1.0, -1.4528 1.2126 1.331, -1.5 1.2126 1.331, -1.4528 1.2126 1.2913, -1.5 1.2126 1.2913, -1.4528 0.1069 1.6984, -1.4528 0.1857 1.6967, -1.5 0.1069 1.6984, -1.5 0.1857 1.6967, -1.5 1.1072 1.5836, -1.4528 1.1072 1.5836, -1.4528 1.1667 1.5688, -1.5 1.1667 1.5688, -1.4528 1.221 1.5403, -1.5 1.221 1.5403, -1.4528 1.2668 1.4996, -1.5 1.2668 1.4996, -1.4528 1.3016 1.4492, -1.5 1.3016 1.4492, -1.4528 1.3233 1.3918, -1.5 1.3233 1.3918, -1.4528 1.3307 1.331, -1.5 1.3307 1.331, -1.5 1.3307 0.1484, -1.4528 1.3307 0.1484, -1.5 1.4583 0.0591, -1.4528 1.4583 0.0591, -1.5 1.6535 0.0591, -1.4528 1.6535 0.0591, -1.5 1.6535 0.0, -1.4528 1.6535 0.0, -1.5 1.378 0.0, -1.4528 1.378 0.0, -1.5 1.2126 0.1158, -1.4528 1.2126 0.1158, -1.5 1.2089 1.3602, -1.4528 1.2089 1.3602, -1.5 1.1981 1.3877, -1.4528 1.1981 1.3877, -1.5 1.1809 1.4115, -1.4528 1.1809 1.4115, -1.5 1.1582 1.4304, -1.4528 1.1582 1.4304, -1.5 1.1316 1.4431, -1.4528 1.1316 1.4431, -1.5 1.1027 1.4488, -1.4528 1.1027 1.4488, -1.5 0.262 1.5076, -1.4528 0.262 1.5076, -1.4528 0.2348 1.5123, -1.5 0.2348 1.5123, -1.4528 0.209 1.5223, -1.5 0.209 1.5223, -1.4528 0.1857 1.5373, -1.5 0.1857 1.5373, -1.5 0.1596 1.5537, -1.4528 0.1596 1.5537, -1.5 0.1305 1.5639, -1.4528 0.1305 1.5639, -1.5 0.0998 1.5674, -1.4528 0.0998 1.5674, -1.5 -0.1229 1.5674, -1.4528 -0.1229 1.5674, -1.5 -0.1713 1.5614, -1.4528 -0.1713 1.5614, -1.5 -0.2168 1.5439, -1.4528 -0.2168 1.5439, -1.5 -0.2618 1.5199, -1.4528 -0.2618 1.5199, -1.5 -0.2723 1.5127, -1.4528 -0.2723 1.5127, -1.5 -0.2809 1.5032, -1.4528 -0.2809 1.5032, -1.5 -0.2871 1.4921, -1.4528 -0.2871 1.4921, -1.4528 -0.2924 1.4826, -1.5 -0.2924 1.4826, -1.4528 -0.2997 1.4746, -1.5 -0.2997 1.4746, -1.4528 -0.3087 1.4685, -1.5 -0.3087 1.4685, -1.4528 -0.3187 1.4646, -1.5 -0.3187 1.4646, -1.4528 -0.3295 1.463, -1.5 -0.3295 1.463, -1.4528 -0.3403 1.464, -1.5 -0.3403 1.464, -1.4528 -0.3506 1.4674, -1.5 -0.3506 1.4674, -1.4528 -0.3598 1.473, -1.5 -0.3598 1.473, -1.5 -0.4994 1.5821, -1.4528 -0.4994 1.5821, -1.4528 -0.5061 1.5888, -1.5 -0.5061 1.5888, -1.4528 -0.511 1.5968, -1.5 -0.511 1.5968, -1.4528 -0.5138 1.6058, -1.5 -0.5138 1.6058, -1.4528 -0.5145 1.6152, -1.5 -0.5145 1.6152, -1.4528 -0.5129 1.6245, -1.5 -0.5129 1.6245, -1.4528 -0.5091 1.6331, -1.5 -0.5091 1.6331, -1.4528 -0.5034 1.6406, -1.5 -0.5034 1.6406, -1.4528 -0.496 1.6465, -1.5 -0.496 1.6465, -1.4528 -0.4875 1.6505, -1.5 -0.4875 1.6505, -1.4528 -0.4783 1.6524, -1.5 -0.4783 1.6524, -0.5158 1.2126 0.3937, -0.4685 1.2126 0.3937, -0.5158 1.2126 1.0, -0.4685 1.2126 1.0, -0.4685 1.2126 1.331, -0.5158 1.2126 1.331, -0.4685 1.2126 1.2913, -0.5158 1.2126 1.2913, -0.4685 0.1069 1.6984, -0.4685 0.1857 1.6967, -0.5158 0.1069 1.6984, -0.5158 0.1857 1.6967, -0.5158 1.1072 1.5836, -0.4685 1.1072 1.5836, -0.4685 1.1667 1.5688, -0.5158 1.1667 1.5688, -0.4685 1.221 1.5403, -0.5158 1.221 1.5403, -0.4685 1.2668 1.4996, -0.5158 1.2668 1.4996, -0.4685 1.3016 1.4492, -0.5158 1.3016 1.4492, -0.4685 1.3233 1.3918, -0.5158 1.3233 1.3918, -0.4685 1.3307 1.331, -0.5158 1.3307 1.331, -0.5158 1.3307 0.1484, -0.4685 1.3307 0.1484, -0.5158 1.4583 0.0591, -0.4685 1.4583 0.0591, -0.5158 1.6535 0.0591, -0.4685 1.6535 0.0591, -0.5158 1.6535 0.0, -0.4685 1.6535 0.0, -0.5158 1.378 0.0, -0.4685 1.378 0.0, -0.5158 1.2126 0.1158, -0.4685 1.2126 0.1158, -0.5158 1.2089 1.3602, -0.4685 1.2089 1.3602, -0.5158 1.1981 1.3877, -0.4685 1.1981 1.3877, -0.5158 1.1809 1.4115, -0.4685 1.1809 1.4115, -0.5158 1.1582 1.4304, -0.4685 1.1582 1.4304, -0.5158 1.1316 1.4431, -0.4685 1.1316 1.4431, -0.5158 1.1027 1.4488, -0.4685 1.1027 1.4488, -0.5158 0.262 1.5076, -0.4685 0.262 1.5076, -0.4685 0.2348 1.5123, -0.5158 0.2348 1.5123, -0.4685 0.209 1.5223, -0.5158 0.209 1.5223, -0.4685 0.1857 1.5373, -0.5158 0.1857 1.5373, -0.5158 0.1596 1.5537, -0.4685 0.1596 1.5537, -0.5158 0.1305 1.5639, -0.4685 0.1305 1.5639, -0.5158 0.0998 1.5674, -0.4685 0.0998 1.5674, -0.5158 -0.1229 1.5674, -0.4685 -0.1229 1.5674, -0.5158 -0.1713 1.5614, -0.4685 -0.1713 1.5614, -0.5158 -0.2168 1.5439, -0.4685 -0.2168 1.5439, -0.5158 -0.2618 1.5199, -0.4685 -0.2618 1.5199, -0.5158 -0.2723 1.5127, -0.4685 -0.2723 1.5127, -0.5158 -0.2809 1.5032, -0.4685 -0.2809 1.5032, -0.5158 -0.2871 1.4921, -0.4685 -0.2871 1.4921, -0.4685 -0.2924 1.4826, -0.5158 -0.2924 1.4826, -0.4685 -0.2997 1.4746, -0.5158 -0.2997 1.4746, -0.4685 -0.3087 1.4685, -0.5158 -0.3087 1.4685, -0.4685 -0.3187 1.4646, -0.5158 -0.3187 1.4646, -0.4685 -0.3295 1.463, -0.5158 -0.3295 1.463, -0.4685 -0.3403 1.464, -0.5158 -0.3403 1.464, -0.4685 -0.3506 1.4674, -0.5158 -0.3506 1.4674, -0.4685 -0.3598 1.473, -0.5158 -0.3598 1.473, -0.5158 -0.4994 1.5821, -0.4685 -0.4994 1.5821, -0.4685 -0.5061 1.5888, -0.5158 -0.5061 1.5888, -0.4685 -0.511 1.5968, -0.5158 -0.511 1.5968, -0.4685 -0.5138 1.6058, -0.5158 -0.5138 1.6058, -0.4685 -0.5145 1.6152, -0.5158 -0.5145 1.6152, -0.4685 -0.5129 1.6245, -0.5158 -0.5129 1.6245, -0.4685 -0.5091 1.6331, -0.5158 -0.5091 1.6331, -0.4685 -0.5034 1.6406, -0.5158 -0.5034 1.6406, -0.4685 -0.496 1.6465, -0.5158 -0.496 1.6465, -0.4685 -0.4875 1.6505, -0.5158 -0.4875 1.6505, -0.4685 -0.4783 1.6524, -0.5158 -0.4783 1.6524, -0.3189 1.2126 0.3937, -0.2717 1.2126 0.3937, -0.3189 1.2126 1.0, -0.2717 1.2126 1.0, -0.2717 1.2126 1.331, -0.3189 1.2126 1.331, -0.2717 1.2126 1.2913, -0.3189 1.2126 1.2913, -0.2717 0.1069 1.6984, -0.2717 0.1857 1.6967, -0.3189 0.1069 1.6984, -0.3189 0.1857 1.6967, -0.3189 1.1072 1.5836, -0.2717 1.1072 1.5836, -0.2717 1.1667 1.5688, -0.3189 1.1667 1.5688, -0.2717 1.221 1.5403, -0.3189 1.221 1.5403, -0.2717 1.2668 1.4996, -0.3189 1.2668 1.4996, -0.2717 1.3016 1.4492, -0.3189 1.3016 1.4492, -0.2717 1.3233 1.3918, -0.3189 1.3233 1.3918, -0.2717 1.3307 1.331, -0.3189 1.3307 1.331, -0.3189 1.3307 0.1484, -0.2717 1.3307 0.1484, -0.3189 1.4583 0.0591, -0.2717 1.4583 0.0591, -0.3189 1.6535 0.0591, -0.2717 1.6535 0.0591, -0.3189 1.6535 0.0, -0.2717 1.6535 0.0, -0.3189 1.378 0.0, -0.2717 1.378 0.0, -0.3189 1.2126 0.1158, -0.2717 1.2126 0.1158, -0.3189 1.2089 1.3602, -0.2717 1.2089 1.3602, -0.3189 1.1981 1.3877, -0.2717 1.1981 1.3877, -0.3189 1.1809 1.4115, -0.2717 1.1809 1.4115, -0.3189 1.1582 1.4304, -0.2717 1.1582 1.4304, -0.3189 1.1316 1.4431, -0.2717 1.1316 1.4431, -0.3189 1.1027 1.4488, -0.2717 1.1027 1.4488, -0.3189 0.262 1.5076, -0.2717 0.262 1.5076, -0.2717 0.2348 1.5123, -0.3189 0.2348 1.5123, -0.2717 0.209 1.5223, -0.3189 0.209 1.5223, -0.2717 0.1857 1.5373, -0.3189 0.1857 1.5373, -0.3189 0.1596 1.5537, -0.2717 0.1596 1.5537, -0.3189 0.1305 1.5639, -0.2717 0.1305 1.5639, -0.3189 0.0998 1.5674, -0.2717 0.0998 1.5674, -0.3189 -0.1229 1.5674, -0.2717 -0.1229 1.5674, -0.3189 -0.1713 1.5614, -0.2717 -0.1713 1.5614, -0.3189 -0.2168 1.5439, -0.2717 -0.2168 1.5439, -0.3189 -0.2618 1.5199, -0.2717 -0.2618 1.5199, -0.3189 -0.2723 1.5127, -0.2717 -0.2723 1.5127, -0.3189 -0.2809 1.5032, -0.2717 -0.2809 1.5032, -0.3189 -0.2871 1.4921, -0.2717 -0.2871 1.4921, -0.2717 -0.2924 1.4826, -0.3189 -0.2924 1.4826, -0.2717 -0.2997 1.4746, -0.3189 -0.2997 1.4746, -0.2717 -0.3087 1.4685, -0.3189 -0.3087 1.4685, -0.2717 -0.3187 1.4646, -0.3189 -0.3187 1.4646, -0.2717 -0.3295 1.463, -0.3189 -0.3295 1.463, -0.2717 -0.3403 1.464, -0.3189 -0.3403 1.464, -0.2717 -0.3506 1.4674, -0.3189 -0.3506 1.4674, -0.2717 -0.3598 1.473, -0.3189 -0.3598 1.473, -0.3189 -0.4994 1.5821, -0.2717 -0.4994 1.5821, -0.2717 -0.5061 1.5888, -0.3189 -0.5061 1.5888, -0.2717 -0.511 1.5968, -0.3189 -0.511 1.5968, -0.2717 -0.5138 1.6058, -0.3189 -0.5138 1.6058, -0.2717 -0.5145 1.6152, -0.3189 -0.5145 1.6152, -0.2717 -0.5129 1.6245, -0.3189 -0.5129 1.6245, -0.2717 -0.5091 1.6331, -0.3189 -0.5091 1.6331, -0.2717 -0.5034 1.6406, -0.3189 -0.5034 1.6406, -0.2717 -0.496 1.6465, -0.3189 -0.496 1.6465, -0.2717 -0.4875 1.6505, -0.3189 -0.4875 1.6505, -0.2717 -0.4783 1.6524, -0.3189 -0.4783 1.6524, -0.1221 1.2126 0.3937, -0.0748 1.2126 0.3937, -0.1221 1.2126 1.0, -0.0748 1.2126 1.0, -0.0748 1.2126 1.331, -0.1221 1.2126 1.331, -0.0748 1.2126 1.2913, -0.1221 1.2126 1.2913, -0.0748 0.1069 1.6984, -0.0748 0.1857 1.6967, -0.1221 0.1069 1.6984, -0.1221 0.1857 1.6967, -0.1221 1.1072 1.5836, -0.0748 1.1072 1.5836, -0.0748 1.1667 1.5688, -0.1221 1.1667 1.5688, -0.0748 1.221 1.5403, -0.1221 1.221 1.5403, -0.0748 1.2668 1.4996, -0.1221 1.2668 1.4996, -0.0748 1.3016 1.4492, -0.1221 1.3016 1.4492, -0.0748 1.3233 1.3918, -0.1221 1.3233 1.3918, -0.0748 1.3307 1.331, -0.1221 1.3307 1.331, -0.1221 1.3307 0.1484, -0.0748 1.3307 0.1484, -0.1221 1.4583 0.0591, -0.0748 1.4583 0.0591, -0.1221 1.6535 0.0591, -0.0748 1.6535 0.0591, -0.1221 1.6535 0.0, -0.0748 1.6535 0.0, -0.1221 1.378 0.0, -0.0748 1.378 0.0, -0.1221 1.2126 0.1158, -0.0748 1.2126 0.1158, -0.1221 1.2089 1.3602, -0.0748 1.2089 1.3602, -0.1221 1.1981 1.3877, -0.0748 1.1981 1.3877, -0.1221 1.1809 1.4115, -0.0748 1.1809 1.4115, -0.1221 1.1582 1.4304, -0.0748 1.1582 1.4304, -0.1221 1.1316 1.4431, -0.0748 1.1316 1.4431, -0.1221 1.1027 1.4488, -0.0748 1.1027 1.4488, -0.1221 0.262 1.5076, -0.0748 0.262 1.5076, -0.0748 0.2348 1.5123, -0.1221 0.2348 1.5123, -0.0748 0.209 1.5223, -0.1221 0.209 1.5223, -0.0748 0.1857 1.5373, -0.1221 0.1857 1.5373, -0.1221 0.1596 1.5537, -0.0748 0.1596 1.5537, -0.1221 0.1305 1.5639, -0.0748 0.1305 1.5639, -0.1221 0.0998 1.5674, -0.0748 0.0998 1.5674, -0.1221 -0.1229 1.5674, -0.0748 -0.1229 1.5674, -0.1221 -0.1713 1.5614, -0.0748 -0.1713 1.5614, -0.1221 -0.2168 1.5439, -0.0748 -0.2168 1.5439, -0.1221 -0.2618 1.5199, -0.0748 -0.2618 1.5199, -0.1221 -0.2723 1.5127, -0.0748 -0.2723 1.5127, -0.1221 -0.2809 1.5032, -0.0748 -0.2809 1.5032, -0.1221 -0.2871 1.4921, -0.0748 -0.2871 1.4921, -0.0748 -0.2924 1.4826, -0.1221 -0.2924 1.4826, -0.0748 -0.2997 1.4746, -0.1221 -0.2997 1.4746, -0.0748 -0.3087 1.4685, -0.1221 -0.3087 1.4685, -0.0748 -0.3187 1.4646, -0.1221 -0.3187 1.4646, -0.0748 -0.3295 1.463, -0.1221 -0.3295 1.463, -0.0748 -0.3403 1.464, -0.1221 -0.3403 1.464, -0.0748 -0.3506 1.4674, -0.1221 -0.3506 1.4674, -0.0748 -0.3598 1.473, -0.1221 -0.3598 1.473, -0.1221 -0.4994 1.5821, -0.0748 -0.4994 1.5821, -0.0748 -0.5061 1.5888, -0.1221 -0.5061 1.5888, -0.0748 -0.511 1.5968, -0.1221 -0.511 1.5968, -0.0748 -0.5138 1.6058, -0.1221 -0.5138 1.6058, -0.0748 -0.5145 1.6152, -0.1221 -0.5145 1.6152, -0.0748 -0.5129 1.6245, -0.1221 -0.5129 1.6245, -0.0748 -0.5091 1.6331, -0.1221 -0.5091 1.6331, -0.0748 -0.5034 1.6406, -0.1221 -0.5034 1.6406, -0.0748 -0.496 1.6465, -0.1221 -0.496 1.6465, -0.0748 -0.4875 1.6505, -0.1221 -0.4875 1.6505, -0.0748 -0.4783 1.6524, -0.1221 -0.4783 1.6524, 0.0748 1.2126 0.3937, 0.122 1.2126 0.3937, 0.0748 1.2126 1.0, 0.122 1.2126 1.0, 0.122 1.2126 1.331, 0.0748 1.2126 1.331, 0.122 1.2126 1.2913, 0.0748 1.2126 1.2913, 0.122 0.1069 1.6984, 0.122 0.1857 1.6967, 0.0748 0.1069 1.6984, 0.0748 0.1857 1.6967, 0.0748 1.1072 1.5836, 0.122 1.1072 1.5836, 0.122 1.1667 1.5688, 0.0748 1.1667 1.5688, 0.122 1.221 1.5403, 0.0748 1.221 1.5403, 0.122 1.2668 1.4996, 0.0748 1.2668 1.4996, 0.122 1.3016 1.4492, 0.0748 1.3016 1.4492, 0.122 1.3233 1.3918, 0.0748 1.3233 1.3918, 0.122 1.3307 1.331, 0.0748 1.3307 1.331, 0.0748 1.3307 0.1484, 0.122 1.3307 0.1484, 0.0748 1.4583 0.0591, 0.122 1.4583 0.0591, 0.0748 1.6535 0.0591, 0.122 1.6535 0.0591, 0.0748 1.6535 0.0, 0.122 1.6535 0.0, 0.0748 1.378 0.0, 0.122 1.378 0.0, 0.0748 1.2126 0.1158, 0.122 1.2126 0.1158, 0.0748 1.2089 1.3602, 0.122 1.2089 1.3602, 0.0748 1.1981 1.3877, 0.122 1.1981 1.3877, 0.0748 1.1809 1.4115, 0.122 1.1809 1.4115, 0.0748 1.1582 1.4304, 0.122 1.1582 1.4304, 0.0748 1.1316 1.4431, 0.122 1.1316 1.4431, 0.0748 1.1027 1.4488, 0.122 1.1027 1.4488, 0.0748 0.262 1.5076, 0.122 0.262 1.5076, 0.122 0.2348 1.5123, 0.0748 0.2348 1.5123, 0.122 0.209 1.5223, 0.0748 0.209 1.5223, 0.122 0.1857 1.5373, 0.0748 0.1857 1.5373, 0.0748 0.1596 1.5537, 0.122 0.1596 1.5537, 0.0748 0.1305 1.5639, 0.122 0.1305 1.5639, 0.0748 0.0998 1.5674, 0.122 0.0998 1.5674, 0.0748 -0.1229 1.5674, 0.122 -0.1229 1.5674, 0.0748 -0.1713 1.5614, 0.122 -0.1713 1.5614, 0.0748 -0.2168 1.5439, 0.122 -0.2168 1.5439, 0.0748 -0.2618 1.5199, 0.122 -0.2618 1.5199, 0.0748 -0.2723 1.5127, 0.122 -0.2723 1.5127, 0.0748 -0.2809 1.5032, 0.122 -0.2809 1.5032, 0.0748 -0.2871 1.4921, 0.122 -0.2871 1.4921, 0.122 -0.2924 1.4826, 0.0748 -0.2924 1.4826, 0.122 -0.2997 1.4746, 0.0748 -0.2997 1.4746, 0.122 -0.3087 1.4685, 0.0748 -0.3087 1.4685, 0.122 -0.3187 1.4646, 0.0748 -0.3187 1.4646, 0.122 -0.3295 1.463, 0.0748 -0.3295 1.463, 0.122 -0.3403 1.464, 0.0748 -0.3403 1.464, 0.122 -0.3506 1.4674, 0.0748 -0.3506 1.4674, 0.122 -0.3598 1.473, 0.0748 -0.3598 1.473, 0.0748 -0.4994 1.5821, 0.122 -0.4994 1.5821, 0.122 -0.5061 1.5888, 0.0748 -0.5061 1.5888, 0.122 -0.511 1.5968, 0.0748 -0.511 1.5968, 0.122 -0.5138 1.6058, 0.0748 -0.5138 1.6058, 0.122 -0.5145 1.6152, 0.0748 -0.5145 1.6152, 0.122 -0.5129 1.6245, 0.0748 -0.5129 1.6245, 0.122 -0.5091 1.6331, 0.0748 -0.5091 1.6331, 0.122 -0.5034 1.6406, 0.0748 -0.5034 1.6406, 0.122 -0.496 1.6465, 0.0748 -0.496 1.6465, 0.122 -0.4875 1.6505, 0.0748 -0.4875 1.6505, 0.122 -0.4783 1.6524, 0.0748 -0.4783 1.6524, 0.2716 1.2126 0.3937, 0.3189 1.2126 0.3937, 0.2716 1.2126 1.0, 0.3189 1.2126 1.0, 0.3189 1.2126 1.331, 0.2716 1.2126 1.331, 0.3189 1.2126 1.2913, 0.2716 1.2126 1.2913, 0.3189 0.1069 1.6984, 0.3189 0.1857 1.6967, 0.2716 0.1069 1.6984, 0.2716 0.1857 1.6967, 0.2716 1.1072 1.5836, 0.3189 1.1072 1.5836, 0.3189 1.1667 1.5688, 0.2716 1.1667 1.5688, 0.3189 1.221 1.5403, 0.2716 1.221 1.5403, 0.3189 1.2668 1.4996, 0.2716 1.2668 1.4996, 0.3189 1.3016 1.4492, 0.2716 1.3016 1.4492, 0.3189 1.3233 1.3918, 0.2716 1.3233 1.3918, 0.3189 1.3307 1.331, 0.2716 1.3307 1.331, 0.2716 1.3307 0.1484, 0.3189 1.3307 0.1484, 0.2716 1.4583 0.0591, 0.3189 1.4583 0.0591, 0.2716 1.6535 0.0591, 0.3189 1.6535 0.0591, 0.2716 1.6535 0.0, 0.3189 1.6535 0.0, 0.2716 1.378 0.0, 0.3189 1.378 0.0, 0.2716 1.2126 0.1158, 0.3189 1.2126 0.1158, 0.2716 1.2089 1.3602, 0.3189 1.2089 1.3602, 0.2716 1.1981 1.3877, 0.3189 1.1981 1.3877, 0.2716 1.1809 1.4115, 0.3189 1.1809 1.4115, 0.2716 1.1582 1.4304, 0.3189 1.1582 1.4304, 0.2716 1.1316 1.4431, 0.3189 1.1316 1.4431, 0.2716 1.1027 1.4488, 0.3189 1.1027 1.4488, 0.2716 0.262 1.5076, 0.3189 0.262 1.5076, 0.3189 0.2348 1.5123, 0.2716 0.2348 1.5123, 0.3189 0.209 1.5223, 0.2716 0.209 1.5223, 0.3189 0.1857 1.5373, 0.2716 0.1857 1.5373, 0.2716 0.1596 1.5537, 0.3189 0.1596 1.5537, 0.2716 0.1305 1.5639, 0.3189 0.1305 1.5639, 0.2716 0.0998 1.5674, 0.3189 0.0998 1.5674, 0.2716 -0.1229 1.5674, 0.3189 -0.1229 1.5674, 0.2716 -0.1713 1.5614, 0.3189 -0.1713 1.5614, 0.2716 -0.2168 1.5439, 0.3189 -0.2168 1.5439, 0.2716 -0.2618 1.5199, 0.3189 -0.2618 1.5199, 0.2716 -0.2723 1.5127, 0.3189 -0.2723 1.5127, 0.2716 -0.2809 1.5032, 0.3189 -0.2809 1.5032, 0.2716 -0.2871 1.4921, 0.3189 -0.2871 1.4921, 0.3189 -0.2924 1.4826, 0.2716 -0.2924 1.4826, 0.3189 -0.2997 1.4746, 0.2716 -0.2997 1.4746, 0.3189 -0.3087 1.4685, 0.2716 -0.3087 1.4685, 0.3189 -0.3187 1.4646, 0.2716 -0.3187 1.4646, 0.3189 -0.3295 1.463, 0.2716 -0.3295 1.463, 0.3189 -0.3403 1.464, 0.2716 -0.3403 1.464, 0.3189 -0.3506 1.4674, 0.2716 -0.3506 1.4674, 0.3189 -0.3598 1.473, 0.2716 -0.3598 1.473, 0.2716 -0.4994 1.5821, 0.3189 -0.4994 1.5821, 0.3189 -0.5061 1.5888, 0.2716 -0.5061 1.5888, 0.3189 -0.511 1.5968, 0.2716 -0.511 1.5968, 0.3189 -0.5138 1.6058, 0.2716 -0.5138 1.6058, 0.3189 -0.5145 1.6152, 0.2716 -0.5145 1.6152, 0.3189 -0.5129 1.6245, 0.2716 -0.5129 1.6245, 0.3189 -0.5091 1.6331, 0.2716 -0.5091 1.6331, 0.3189 -0.5034 1.6406, 0.2716 -0.5034 1.6406, 0.3189 -0.496 1.6465, 0.2716 -0.496 1.6465, 0.3189 -0.4875 1.6505, 0.2716 -0.4875 1.6505, 0.3189 -0.4783 1.6524, 0.2716 -0.4783 1.6524, 0.4685 1.2126 0.3937, 0.5157 1.2126 0.3937, 0.4685 1.2126 1.0, 0.5157 1.2126 1.0, 0.5157 1.2126 1.331, 0.4685 1.2126 1.331, 0.5157 1.2126 1.2913, 0.4685 1.2126 1.2913, 0.5157 0.1069 1.6984, 0.5157 0.1857 1.6967, 0.4685 0.1069 1.6984, 0.4685 0.1857 1.6967, 0.4685 1.1072 1.5836, 0.5157 1.1072 1.5836, 0.5157 1.1667 1.5688, 0.4685 1.1667 1.5688, 0.5157 1.221 1.5403, 0.4685 1.221 1.5403, 0.5157 1.2668 1.4996, 0.4685 1.2668 1.4996, 0.5157 1.3016 1.4492, 0.4685 1.3016 1.4492, 0.5157 1.3233 1.3918, 0.4685 1.3233 1.3918, 0.5157 1.3307 1.331, 0.4685 1.3307 1.331, 0.4685 1.3307 0.1484, 0.5157 1.3307 0.1484, 0.4685 1.4583 0.0591, 0.5157 1.4583 0.0591, 0.4685 1.6535 0.0591, 0.5157 1.6535 0.0591, 0.4685 1.6535 0.0, 0.5157 1.6535 0.0, 0.4685 1.378 0.0, 0.5157 1.378 0.0, 0.4685 1.2126 0.1158, 0.5157 1.2126 0.1158, 0.4685 1.2089 1.3602, 0.5157 1.2089 1.3602, 0.4685 1.1981 1.3877, 0.5157 1.1981 1.3877, 0.4685 1.1809 1.4115, 0.5157 1.1809 1.4115, 0.4685 1.1582 1.4304, 0.5157 1.1582 1.4304, 0.4685 1.1316 1.4431, 0.5157 1.1316 1.4431, 0.4685 1.1027 1.4488, 0.5157 1.1027 1.4488, 0.4685 0.262 1.5076, 0.5157 0.262 1.5076, 0.5157 0.2348 1.5123, 0.4685 0.2348 1.5123, 0.5157 0.209 1.5223, 0.4685 0.209 1.5223, 0.5157 0.1857 1.5373, 0.4685 0.1857 1.5373, 0.4685 0.1596 1.5537, 0.5157 0.1596 1.5537, 0.4685 0.1305 1.5639, 0.5157 0.1305 1.5639, 0.4685 0.0998 1.5674, 0.5157 0.0998 1.5674, 0.4685 -0.1229 1.5674, 0.5157 -0.1229 1.5674, 0.4685 -0.1713 1.5614, 0.5157 -0.1713 1.5614, 0.4685 -0.2168 1.5439, 0.5157 -0.2168 1.5439, 0.4685 -0.2618 1.5199, 0.5157 -0.2618 1.5199, 0.4685 -0.2723 1.5127, 0.5157 -0.2723 1.5127, 0.4685 -0.2809 1.5032, 0.5157 -0.2809 1.5032, 0.4685 -0.2871 1.4921, 0.5157 -0.2871 1.4921, 0.5157 -0.2924 1.4826, 0.4685 -0.2924 1.4826, 0.5157 -0.2997 1.4746, 0.4685 -0.2997 1.4746, 0.5157 -0.3087 1.4685, 0.4685 -0.3087 1.4685, 0.5157 -0.3187 1.4646, 0.4685 -0.3187 1.4646, 0.5157 -0.3295 1.463, 0.4685 -0.3295 1.463, 0.5157 -0.3403 1.464, 0.4685 -0.3403 1.464, 0.5157 -0.3506 1.4674, 0.4685 -0.3506 1.4674, 0.5157 -0.3598 1.473, 0.4685 -0.3598 1.473, 0.4685 -0.4994 1.5821, 0.5157 -0.4994 1.5821, 0.5157 -0.5061 1.5888, 0.4685 -0.5061 1.5888, 0.5157 -0.511 1.5968, 0.4685 -0.511 1.5968, 0.5157 -0.5138 1.6058, 0.4685 -0.5138 1.6058, 0.5157 -0.5145 1.6152, 0.4685 -0.5145 1.6152, 0.5157 -0.5129 1.6245, 0.4685 -0.5129 1.6245, 0.5157 -0.5091 1.6331, 0.4685 -0.5091 1.6331, 0.5157 -0.5034 1.6406, 0.4685 -0.5034 1.6406, 0.5157 -0.496 1.6465, 0.4685 -0.496 1.6465, 0.5157 -0.4875 1.6505, 0.4685 -0.4875 1.6505, 0.5157 -0.4783 1.6524, 0.4685 -0.4783 1.6524, 0.6653 1.2126 0.3937, 0.7126 1.2126 0.3937, 0.6653 1.2126 1.0, 0.7126 1.2126 1.0, 0.7126 1.2126 1.331, 0.6653 1.2126 1.331, 0.7126 1.2126 1.2913, 0.6653 1.2126 1.2913, 0.7126 0.1069 1.6984, 0.7126 0.1857 1.6967, 0.6653 0.1069 1.6984, 0.6653 0.1857 1.6967, 0.6653 1.1072 1.5836, 0.7126 1.1072 1.5836, 0.7126 1.1667 1.5688, 0.6653 1.1667 1.5688, 0.7126 1.221 1.5403, 0.6653 1.221 1.5403, 0.7126 1.2668 1.4996, 0.6653 1.2668 1.4996, 0.7126 1.3016 1.4492, 0.6653 1.3016 1.4492, 0.7126 1.3233 1.3918, 0.6653 1.3233 1.3918, 0.7126 1.3307 1.331, 0.6653 1.3307 1.331, 0.6653 1.3307 0.1484, 0.7126 1.3307 0.1484, 0.6653 1.4583 0.0591, 0.7126 1.4583 0.0591, 0.6653 1.6535 0.0591, 0.7126 1.6535 0.0591, 0.6653 1.6535 0.0, 0.7126 1.6535 0.0, 0.6653 1.378 0.0, 0.7126 1.378 0.0, 0.6653 1.2126 0.1158, 0.7126 1.2126 0.1158, 0.6653 1.2089 1.3602, 0.7126 1.2089 1.3602, 0.6653 1.1981 1.3877, 0.7126 1.1981 1.3877, 0.6653 1.1809 1.4115, 0.7126 1.1809 1.4115, 0.6653 1.1582 1.4304, 0.7126 1.1582 1.4304, 0.6653 1.1316 1.4431, 0.7126 1.1316 1.4431, 0.6653 1.1027 1.4488, 0.7126 1.1027 1.4488, 0.6653 0.262 1.5076, 0.7126 0.262 1.5076, 0.7126 0.2348 1.5123, 0.6653 0.2348 1.5123, 0.7126 0.209 1.5223, 0.6653 0.209 1.5223, 0.7126 0.1857 1.5373, 0.6653 0.1857 1.5373, 0.6653 0.1596 1.5537, 0.7126 0.1596 1.5537, 0.6653 0.1305 1.5639, 0.7126 0.1305 1.5639, 0.6653 0.0998 1.5674, 0.7126 0.0998 1.5674, 0.6653 -0.1229 1.5674, 0.7126 -0.1229 1.5674, 0.6653 -0.1713 1.5614, 0.7126 -0.1713 1.5614, 0.6653 -0.2168 1.5439, 0.7126 -0.2168 1.5439, 0.6653 -0.2618 1.5199, 0.7126 -0.2618 1.5199, 0.6653 -0.2723 1.5127, 0.7126 -0.2723 1.5127, 0.6653 -0.2809 1.5032, 0.7126 -0.2809 1.5032, 0.6653 -0.2871 1.4921, 0.7126 -0.2871 1.4921, 0.7126 -0.2924 1.4826, 0.6653 -0.2924 1.4826, 0.7126 -0.2997 1.4746, 0.6653 -0.2997 1.4746, 0.7126 -0.3087 1.4685, 0.6653 -0.3087 1.4685, 0.7126 -0.3187 1.4646, 0.6653 -0.3187 1.4646, 0.7126 -0.3295 1.463, 0.6653 -0.3295 1.463, 0.7126 -0.3403 1.464, 0.6653 -0.3403 1.464, 0.7126 -0.3506 1.4674, 0.6653 -0.3506 1.4674, 0.7126 -0.3598 1.473, 0.6653 -0.3598 1.473, 0.6653 -0.4994 1.5821, 0.7126 -0.4994 1.5821, 0.7126 -0.5061 1.5888, 0.6653 -0.5061 1.5888, 0.7126 -0.511 1.5968, 0.6653 -0.511 1.5968, 0.7126 -0.5138 1.6058, 0.6653 -0.5138 1.6058, 0.7126 -0.5145 1.6152, 0.6653 -0.5145 1.6152, 0.7126 -0.5129 1.6245, 0.6653 -0.5129 1.6245, 0.7126 -0.5091 1.6331, 0.6653 -0.5091 1.6331, 0.7126 -0.5034 1.6406, 0.6653 -0.5034 1.6406, 0.7126 -0.496 1.6465, 0.6653 -0.496 1.6465, 0.7126 -0.4875 1.6505, 0.6653 -0.4875 1.6505, 0.7126 -0.4783 1.6524, 0.6653 -0.4783 1.6524, 0.8622 1.2126 0.3937, 0.9094 1.2126 0.3937, 0.8622 1.2126 1.0, 0.9094 1.2126 1.0, 0.9094 1.2126 1.331, 0.8622 1.2126 1.331, 0.9094 1.2126 1.2913, 0.8622 1.2126 1.2913, 0.9094 0.1069 1.6984, 0.9094 0.1857 1.6967, 0.8622 0.1069 1.6984, 0.8622 0.1857 1.6967, 0.8622 1.1072 1.5836, 0.9094 1.1072 1.5836, 0.9094 1.1667 1.5688, 0.8622 1.1667 1.5688, 0.9094 1.221 1.5403, 0.8622 1.221 1.5403, 0.9094 1.2668 1.4996, 0.8622 1.2668 1.4996, 0.9094 1.3016 1.4492, 0.8622 1.3016 1.4492, 0.9094 1.3233 1.3918, 0.8622 1.3233 1.3918, 0.9094 1.3307 1.331, 0.8622 1.3307 1.331, 0.8622 1.3307 0.1484, 0.9094 1.3307 0.1484, 0.8622 1.4583 0.0591, 0.9094 1.4583 0.0591, 0.8622 1.6535 0.0591, 0.9094 1.6535 0.0591, 0.8622 1.6535 0.0, 0.9094 1.6535 0.0, 0.8622 1.378 0.0, 0.9094 1.378 0.0, 0.8622 1.2126 0.1158, 0.9094 1.2126 0.1158, 0.8622 1.2089 1.3602, 0.9094 1.2089 1.3602, 0.8622 1.1981 1.3877, 0.9094 1.1981 1.3877, 0.8622 1.1809 1.4115, 0.9094 1.1809 1.4115, 0.8622 1.1582 1.4304, 0.9094 1.1582 1.4304, 0.8622 1.1316 1.4431, 0.9094 1.1316 1.4431, 0.8622 1.1027 1.4488, 0.9094 1.1027 1.4488, 0.8622 0.262 1.5076, 0.9094 0.262 1.5076, 0.9094 0.2348 1.5123, 0.8622 0.2348 1.5123, 0.9094 0.209 1.5223, 0.8622 0.209 1.5223, 0.9094 0.1857 1.5373, 0.8622 0.1857 1.5373, 0.8622 0.1596 1.5537, 0.9094 0.1596 1.5537, 0.8622 0.1305 1.5639, 0.9094 0.1305 1.5639, 0.8622 0.0998 1.5674, 0.9094 0.0998 1.5674, 0.8622 -0.1229 1.5674, 0.9094 -0.1229 1.5674, 0.8622 -0.1713 1.5614, 0.9094 -0.1713 1.5614, 0.8622 -0.2168 1.5439, 0.9094 -0.2168 1.5439, 0.8622 -0.2618 1.5199, 0.9094 -0.2618 1.5199, 0.8622 -0.2723 1.5127, 0.9094 -0.2723 1.5127, 0.8622 -0.2809 1.5032, 0.9094 -0.2809 1.5032, 0.8622 -0.2871 1.4921, 0.9094 -0.2871 1.4921, 0.9094 -0.2924 1.4826, 0.8622 -0.2924 1.4826, 0.9094 -0.2997 1.4746, 0.8622 -0.2997 1.4746, 0.9094 -0.3087 1.4685, 0.8622 -0.3087 1.4685, 0.9094 -0.3187 1.4646, 0.8622 -0.3187 1.4646, 0.9094 -0.3295 1.463, 0.8622 -0.3295 1.463, 0.9094 -0.3403 1.464, 0.8622 -0.3403 1.464, 0.9094 -0.3506 1.4674, 0.8622 -0.3506 1.4674, 0.9094 -0.3598 1.473, 0.8622 -0.3598 1.473, 0.8622 -0.4994 1.5821, 0.9094 -0.4994 1.5821, 0.9094 -0.5061 1.5888, 0.8622 -0.5061 1.5888, 0.9094 -0.511 1.5968, 0.8622 -0.511 1.5968, 0.9094 -0.5138 1.6058, 0.8622 -0.5138 1.6058, 0.9094 -0.5145 1.6152, 0.8622 -0.5145 1.6152, 0.9094 -0.5129 1.6245, 0.8622 -0.5129 1.6245, 0.9094 -0.5091 1.6331, 0.8622 -0.5091 1.6331, 0.9094 -0.5034 1.6406, 0.8622 -0.5034 1.6406, 0.9094 -0.496 1.6465, 0.8622 -0.496 1.6465, 0.9094 -0.4875 1.6505, 0.8622 -0.4875 1.6505, 0.9094 -0.4783 1.6524, 0.8622 -0.4783 1.6524, 1.059 1.2126 0.3937, 1.1063 1.2126 0.3937, 1.059 1.2126 1.0, 1.1063 1.2126 1.0, 1.1063 1.2126 1.331, 1.059 1.2126 1.331, 1.1063 1.2126 1.2913, 1.059 1.2126 1.2913, 1.1063 0.1069 1.6984, 1.1063 0.1857 1.6967, 1.059 0.1069 1.6984, 1.059 0.1857 1.6967, 1.059 1.1072 1.5836, 1.1063 1.1072 1.5836, 1.1063 1.1667 1.5688, 1.059 1.1667 1.5688, 1.1063 1.221 1.5403, 1.059 1.221 1.5403, 1.1063 1.2668 1.4996, 1.059 1.2668 1.4996, 1.1063 1.3016 1.4492, 1.059 1.3016 1.4492, 1.1063 1.3233 1.3918, 1.059 1.3233 1.3918, 1.1063 1.3307 1.331, 1.059 1.3307 1.331, 1.059 1.3307 0.1484, 1.1063 1.3307 0.1484, 1.059 1.4583 0.0591, 1.1063 1.4583 0.0591, 1.059 1.6535 0.0591, 1.1063 1.6535 0.0591, 1.059 1.6535 0.0, 1.1063 1.6535 0.0, 1.059 1.378 0.0, 1.1063 1.378 0.0, 1.059 1.2126 0.1158, 1.1063 1.2126 0.1158, 1.059 1.2089 1.3602, 1.1063 1.2089 1.3602, 1.059 1.1981 1.3877, 1.1063 1.1981 1.3877, 1.059 1.1809 1.4115, 1.1063 1.1809 1.4115, 1.059 1.1582 1.4304, 1.1063 1.1582 1.4304, 1.059 1.1316 1.4431, 1.1063 1.1316 1.4431, 1.059 1.1027 1.4488, 1.1063 1.1027 1.4488, 1.059 0.262 1.5076, 1.1063 0.262 1.5076, 1.1063 0.2348 1.5123, 1.059 0.2348 1.5123, 1.1063 0.209 1.5223, 1.059 0.209 1.5223, 1.1063 0.1857 1.5373, 1.059 0.1857 1.5373, 1.059 0.1596 1.5537, 1.1063 0.1596 1.5537, 1.059 0.1305 1.5639, 1.1063 0.1305 1.5639, 1.059 0.0998 1.5674, 1.1063 0.0998 1.5674, 1.059 -0.1229 1.5674, 1.1063 -0.1229 1.5674, 1.059 -0.1713 1.5614, 1.1063 -0.1713 1.5614, 1.059 -0.2168 1.5439, 1.1063 -0.2168 1.5439, 1.059 -0.2618 1.5199, 1.1063 -0.2618 1.5199, 1.059 -0.2723 1.5127, 1.1063 -0.2723 1.5127, 1.059 -0.2809 1.5032, 1.1063 -0.2809 1.5032, 1.059 -0.2871 1.4921, 1.1063 -0.2871 1.4921, 1.1063 -0.2924 1.4826, 1.059 -0.2924 1.4826, 1.1063 -0.2997 1.4746, 1.059 -0.2997 1.4746, 1.1063 -0.3087 1.4685, 1.059 -0.3087 1.4685, 1.1063 -0.3187 1.4646, 1.059 -0.3187 1.4646, 1.1063 -0.3295 1.463, 1.059 -0.3295 1.463, 1.1063 -0.3403 1.464, 1.059 -0.3403 1.464, 1.1063 -0.3506 1.4674, 1.059 -0.3506 1.4674, 1.1063 -0.3598 1.473, 1.059 -0.3598 1.473, 1.059 -0.4994 1.5821, 1.1063 -0.4994 1.5821, 1.1063 -0.5061 1.5888, 1.059 -0.5061 1.5888, 1.1063 -0.511 1.5968, 1.059 -0.511 1.5968, 1.1063 -0.5138 1.6058, 1.059 -0.5138 1.6058, 1.1063 -0.5145 1.6152, 1.059 -0.5145 1.6152, 1.1063 -0.5129 1.6245, 1.059 -0.5129 1.6245, 1.1063 -0.5091 1.6331, 1.059 -0.5091 1.6331, 1.1063 -0.5034 1.6406, 1.059 -0.5034 1.6406, 1.1063 -0.496 1.6465, 1.059 -0.496 1.6465, 1.1063 -0.4875 1.6505, 1.059 -0.4875 1.6505, 1.1063 -0.4783 1.6524, 1.059 -0.4783 1.6524, 1.2559 1.2126 0.3937, 1.3031 1.2126 0.3937, 1.2559 1.2126 1.0, 1.3031 1.2126 1.0, 1.3031 1.2126 1.331, 1.2559 1.2126 1.331, 1.3031 1.2126 1.2913, 1.2559 1.2126 1.2913, 1.3031 0.1069 1.6984, 1.3031 0.1857 1.6967, 1.2559 0.1069 1.6984, 1.2559 0.1857 1.6967, 1.2559 1.1072 1.5836, 1.3031 1.1072 1.5836, 1.3031 1.1667 1.5688, 1.2559 1.1667 1.5688, 1.3031 1.221 1.5403, 1.2559 1.221 1.5403, 1.3031 1.2668 1.4996, 1.2559 1.2668 1.4996, 1.3031 1.3016 1.4492, 1.2559 1.3016 1.4492, 1.3031 1.3233 1.3918, 1.2559 1.3233 1.3918, 1.3031 1.3307 1.331, 1.2559 1.3307 1.331, 1.2559 1.3307 0.1484, 1.3031 1.3307 0.1484, 1.2559 1.4583 0.0591, 1.3031 1.4583 0.0591, 1.2559 1.6535 0.0591, 1.3031 1.6535 0.0591, 1.2559 1.6535 0.0, 1.3031 1.6535 0.0, 1.2559 1.378 0.0, 1.3031 1.378 0.0, 1.2559 1.2126 0.1158, 1.3031 1.2126 0.1158, 1.2559 1.2089 1.3602, 1.3031 1.2089 1.3602, 1.2559 1.1981 1.3877, 1.3031 1.1981 1.3877, 1.2559 1.1809 1.4115, 1.3031 1.1809 1.4115, 1.2559 1.1582 1.4304, 1.3031 1.1582 1.4304, 1.2559 1.1316 1.4431, 1.3031 1.1316 1.4431, 1.2559 1.1027 1.4488, 1.3031 1.1027 1.4488, 1.2559 0.262 1.5076, 1.3031 0.262 1.5076, 1.3031 0.2348 1.5123, 1.2559 0.2348 1.5123, 1.3031 0.209 1.5223, 1.2559 0.209 1.5223, 1.3031 0.1857 1.5373, 1.2559 0.1857 1.5373, 1.2559 0.1596 1.5537, 1.3031 0.1596 1.5537, 1.2559 0.1305 1.5639, 1.3031 0.1305 1.5639, 1.2559 0.0998 1.5674, 1.3031 0.0998 1.5674, 1.2559 -0.1229 1.5674, 1.3031 -0.1229 1.5674, 1.2559 -0.1713 1.5614, 1.3031 -0.1713 1.5614, 1.2559 -0.2168 1.5439, 1.3031 -0.2168 1.5439, 1.2559 -0.2618 1.5199, 1.3031 -0.2618 1.5199, 1.2559 -0.2723 1.5127, 1.3031 -0.2723 1.5127, 1.2559 -0.2809 1.5032, 1.3031 -0.2809 1.5032, 1.2559 -0.2871 1.4921, 1.3031 -0.2871 1.4921, 1.3031 -0.2924 1.4826, 1.2559 -0.2924 1.4826, 1.3031 -0.2997 1.4746, 1.2559 -0.2997 1.4746, 1.3031 -0.3087 1.4685, 1.2559 -0.3087 1.4685, 1.3031 -0.3187 1.4646, 1.2559 -0.3187 1.4646, 1.3031 -0.3295 1.463, 1.2559 -0.3295 1.463, 1.3031 -0.3403 1.464, 1.2559 -0.3403 1.464, 1.3031 -0.3506 1.4674, 1.2559 -0.3506 1.4674, 1.3031 -0.3598 1.473, 1.2559 -0.3598 1.473, 1.2559 -0.4994 1.5821, 1.3031 -0.4994 1.5821, 1.3031 -0.5061 1.5888, 1.2559 -0.5061 1.5888, 1.3031 -0.511 1.5968, 1.2559 -0.511 1.5968, 1.3031 -0.5138 1.6058, 1.2559 -0.5138 1.6058, 1.3031 -0.5145 1.6152, 1.2559 -0.5145 1.6152, 1.3031 -0.5129 1.6245, 1.2559 -0.5129 1.6245, 1.3031 -0.5091 1.6331, 1.2559 -0.5091 1.6331, 1.3031 -0.5034 1.6406, 1.2559 -0.5034 1.6406, 1.3031 -0.496 1.6465, 1.2559 -0.496 1.6465, 1.3031 -0.4875 1.6505, 1.2559 -0.4875 1.6505, 1.3031 -0.4783 1.6524, 1.2559 -0.4783 1.6524, 1.4527 1.2126 0.3937, 1.5 1.2126 0.3937, 1.4527 1.2126 1.0, 1.5 1.2126 1.0, 1.5 1.2126 1.331, 1.4527 1.2126 1.331, 1.5 1.2126 1.2913, 1.4527 1.2126 1.2913, 1.5 0.1069 1.6984, 1.5 0.1857 1.6967, 1.4527 0.1069 1.6984, 1.4527 0.1857 1.6967, 1.4527 1.1072 1.5836, 1.5 1.1072 1.5836, 1.5 1.1667 1.5688, 1.4527 1.1667 1.5688, 1.5 1.221 1.5403, 1.4527 1.221 1.5403, 1.5 1.2668 1.4996, 1.4527 1.2668 1.4996, 1.5 1.3016 1.4492, 1.4527 1.3016 1.4492, 1.5 1.3233 1.3918, 1.4527 1.3233 1.3918, 1.5 1.3307 1.331, 1.4527 1.3307 1.331, 1.4527 1.3307 0.1484, 1.5 1.3307 0.1484, 1.4527 1.4583 0.0591, 1.5 1.4583 0.0591, 1.4527 1.6535 0.0591, 1.5 1.6535 0.0591, 1.4527 1.6535 0.0, 1.5 1.6535 0.0, 1.4527 1.378 0.0, 1.5 1.378 0.0, 1.4527 1.2126 0.1158, 1.5 1.2126 0.1158, 1.4527 1.2089 1.3602, 1.5 1.2089 1.3602, 1.4527 1.1981 1.3877, 1.5 1.1981 1.3877, 1.4527 1.1809 1.4115, 1.5 1.1809 1.4115, 1.4527 1.1582 1.4304, 1.5 1.1582 1.4304, 1.4527 1.1316 1.4431, 1.5 1.1316 1.4431, 1.4527 1.1027 1.4488, 1.5 1.1027 1.4488, 1.4527 0.262 1.5076, 1.5 0.262 1.5076, 1.5 0.2348 1.5123, 1.4527 0.2348 1.5123, 1.5 0.209 1.5223, 1.4527 0.209 1.5223, 1.5 0.1857 1.5373, 1.4527 0.1857 1.5373, 1.4527 0.1596 1.5537, 1.5 0.1596 1.5537, 1.4527 0.1305 1.5639, 1.5 0.1305 1.5639, 1.4527 0.0998 1.5674, 1.5 0.0998 1.5674, 1.4527 -0.1229 1.5674, 1.5 -0.1229 1.5674, 1.4527 -0.1713 1.5614, 1.5 -0.1713 1.5614, 1.4527 -0.2168 1.5439, 1.5 -0.2168 1.5439, 1.4527 -0.2618 1.5199, 1.5 -0.2618 1.5199, 1.4527 -0.2723 1.5127, 1.5 -0.2723 1.5127, 1.4527 -0.2809 1.5032, 1.5 -0.2809 1.5032, 1.4527 -0.2871 1.4921, 1.5 -0.2871 1.4921, 1.5 -0.2924 1.4826, 1.4527 -0.2924 1.4826, 1.5 -0.2997 1.4746, 1.4527 -0.2997 1.4746, 1.5 -0.3087 1.4685, 1.4527 -0.3087 1.4685, 1.5 -0.3187 1.4646, 1.4527 -0.3187 1.4646, 1.5 -0.3295 1.463, 1.4527 -0.3295 1.463, 1.5 -0.3403 1.464, 1.4527 -0.3403 1.464, 1.5 -0.3506 1.4674, 1.4527 -0.3506 1.4674, 1.5 -0.3598 1.473, 1.4527 -0.3598 1.473, 1.4527 -0.4994 1.5821, 1.5 -0.4994 1.5821, 1.5 -0.5061 1.5888, 1.4527 -0.5061 1.5888, 1.5 -0.511 1.5968, 1.4527 -0.511 1.5968, 1.5 -0.5138 1.6058, 1.4527 -0.5138 1.6058, 1.5 -0.5145 1.6152, 1.4527 -0.5145 1.6152, 1.5 -0.5129 1.6245, 1.4527 -0.5129 1.6245, 1.5 -0.5091 1.6331, 1.4527 -0.5091 1.6331, 1.5 -0.5034 1.6406, 1.4527 -0.5034 1.6406, 1.5 -0.496 1.6465, 1.4527 -0.496 1.6465, 1.5 -0.4875 1.6505, 1.4527 -0.4875 1.6505, 1.5 -0.4783 1.6524, 1.4527 -0.4783 1.6524, 1.6496 1.2126 0.3937, 1.6968 1.2126 0.3937, 1.6496 1.2126 1.0, 1.6968 1.2126 1.0, 1.6968 1.2126 1.331, 1.6496 1.2126 1.331, 1.6968 1.2126 1.2913, 1.6496 1.2126 1.2913, 1.6968 0.1069 1.6984, 1.6968 0.1857 1.6967, 1.6496 0.1069 1.6984, 1.6496 0.1857 1.6967, 1.6496 1.1072 1.5836, 1.6968 1.1072 1.5836, 1.6968 1.1667 1.5688, 1.6496 1.1667 1.5688, 1.6968 1.221 1.5403, 1.6496 1.221 1.5403, 1.6968 1.2668 1.4996, 1.6496 1.2668 1.4996, 1.6968 1.3016 1.4492, 1.6496 1.3016 1.4492, 1.6968 1.3233 1.3918, 1.6496 1.3233 1.3918, 1.6968 1.3307 1.331, 1.6496 1.3307 1.331, 1.6496 1.3307 0.1484, 1.6968 1.3307 0.1484, 1.6496 1.4583 0.0591, 1.6968 1.4583 0.0591, 1.6496 1.6535 0.0591, 1.6968 1.6535 0.0591, 1.6496 1.6535 0.0, 1.6968 1.6535 0.0, 1.6496 1.378 0.0, 1.6968 1.378 0.0, 1.6496 1.2126 0.1158, 1.6968 1.2126 0.1158, 1.6496 1.2089 1.3602, 1.6968 1.2089 1.3602, 1.6496 1.1981 1.3877, 1.6968 1.1981 1.3877, 1.6496 1.1809 1.4115, 1.6968 1.1809 1.4115, 1.6496 1.1582 1.4304, 1.6968 1.1582 1.4304, 1.6496 1.1316 1.4431, 1.6968 1.1316 1.4431, 1.6496 1.1027 1.4488, 1.6968 1.1027 1.4488, 1.6496 0.262 1.5076, 1.6968 0.262 1.5076, 1.6968 0.2348 1.5123, 1.6496 0.2348 1.5123, 1.6968 0.209 1.5223, 1.6496 0.209 1.5223, 1.6968 0.1857 1.5373, 1.6496 0.1857 1.5373, 1.6496 0.1596 1.5537, 1.6968 0.1596 1.5537, 1.6496 0.1305 1.5639, 1.6968 0.1305 1.5639, 1.6496 0.0998 1.5674, 1.6968 0.0998 1.5674, 1.6496 -0.1229 1.5674, 1.6968 -0.1229 1.5674, 1.6496 -0.1713 1.5614, 1.6968 -0.1713 1.5614, 1.6496 -0.2168 1.5439, 1.6968 -0.2168 1.5439, 1.6496 -0.2618 1.5199, 1.6968 -0.2618 1.5199, 1.6496 -0.2723 1.5127, 1.6968 -0.2723 1.5127, 1.6496 -0.2809 1.5032, 1.6968 -0.2809 1.5032, 1.6496 -0.2871 1.4921, 1.6968 -0.2871 1.4921, 1.6968 -0.2924 1.4826, 1.6496 -0.2924 1.4826, 1.6968 -0.2997 1.4746, 1.6496 -0.2997 1.4746, 1.6968 -0.3087 1.4685, 1.6496 -0.3087 1.4685, 1.6968 -0.3187 1.4646, 1.6496 -0.3187 1.4646, 1.6968 -0.3295 1.463, 1.6496 -0.3295 1.463, 1.6968 -0.3403 1.464, 1.6496 -0.3403 1.464, 1.6968 -0.3506 1.4674, 1.6496 -0.3506 1.4674, 1.6968 -0.3598 1.473, 1.6496 -0.3598 1.473, 1.6496 -0.4994 1.5821, 1.6968 -0.4994 1.5821, 1.6968 -0.5061 1.5888, 1.6496 -0.5061 1.5888, 1.6968 -0.511 1.5968, 1.6496 -0.511 1.5968, 1.6968 -0.5138 1.6058, 1.6496 -0.5138 1.6058, 1.6968 -0.5145 1.6152, 1.6496 -0.5145 1.6152, 1.6968 -0.5129 1.6245, 1.6496 -0.5129 1.6245, 1.6968 -0.5091 1.6331, 1.6496 -0.5091 1.6331, 1.6968 -0.5034 1.6406, 1.6496 -0.5034 1.6406, 1.6968 -0.496 1.6465, 1.6496 -0.496 1.6465, 1.6968 -0.4875 1.6505, 1.6496 -0.4875 1.6505, 1.6968 -0.4783 1.6524, 1.6496 -0.4783 1.6524, 1.8464 1.2126 0.3937, 1.8937 1.2126 0.3937, 1.8464 1.2126 1.0, 1.8937 1.2126 1.0, 1.8937 1.2126 1.331, 1.8464 1.2126 1.331, 1.8937 1.2126 1.2913, 1.8464 1.2126 1.2913, 1.8937 0.1069 1.6984, 1.8937 0.1857 1.6967, 1.8464 0.1069 1.6984, 1.8464 0.1857 1.6967, 1.8464 1.1072 1.5836, 1.8937 1.1072 1.5836, 1.8937 1.1667 1.5688, 1.8464 1.1667 1.5688, 1.8937 1.221 1.5403, 1.8464 1.221 1.5403, 1.8937 1.2668 1.4996, 1.8464 1.2668 1.4996, 1.8937 1.3016 1.4492, 1.8464 1.3016 1.4492, 1.8937 1.3233 1.3918, 1.8464 1.3233 1.3918, 1.8937 1.3307 1.331, 1.8464 1.3307 1.331, 1.8464 1.3307 0.1484, 1.8937 1.3307 0.1484, 1.8464 1.4583 0.0591, 1.8937 1.4583 0.0591, 1.8464 1.6535 0.0591, 1.8937 1.6535 0.0591, 1.8464 1.6535 0.0, 1.8937 1.6535 0.0, 1.8464 1.378 0.0, 1.8937 1.378 0.0, 1.8464 1.2126 0.1158, 1.8937 1.2126 0.1158, 1.8464 1.2089 1.3602, 1.8937 1.2089 1.3602, 1.8464 1.1981 1.3877, 1.8937 1.1981 1.3877, 1.8464 1.1809 1.4115, 1.8937 1.1809 1.4115, 1.8464 1.1582 1.4304, 1.8937 1.1582 1.4304, 1.8464 1.1316 1.4431, 1.8937 1.1316 1.4431, 1.8464 1.1027 1.4488, 1.8937 1.1027 1.4488, 1.8464 0.262 1.5076, 1.8937 0.262 1.5076, 1.8937 0.2348 1.5123, 1.8464 0.2348 1.5123, 1.8937 0.209 1.5223, 1.8464 0.209 1.5223, 1.8937 0.1857 1.5373, 1.8464 0.1857 1.5373, 1.8464 0.1596 1.5537, 1.8937 0.1596 1.5537, 1.8464 0.1305 1.5639, 1.8937 0.1305 1.5639, 1.8464 0.0998 1.5674, 1.8937 0.0998 1.5674, 1.8464 -0.1229 1.5674, 1.8937 -0.1229 1.5674, 1.8464 -0.1713 1.5614, 1.8937 -0.1713 1.5614, 1.8464 -0.2168 1.5439, 1.8937 -0.2168 1.5439, 1.8464 -0.2618 1.5199, 1.8937 -0.2618 1.5199, 1.8464 -0.2723 1.5127, 1.8937 -0.2723 1.5127, 1.8464 -0.2809 1.5032, 1.8937 -0.2809 1.5032, 1.8464 -0.2871 1.4921, 1.8937 -0.2871 1.4921, 1.8937 -0.2924 1.4826, 1.8464 -0.2924 1.4826, 1.8937 -0.2997 1.4746, 1.8464 -0.2997 1.4746, 1.8937 -0.3087 1.4685, 1.8464 -0.3087 1.4685, 1.8937 -0.3187 1.4646, 1.8464 -0.3187 1.4646, 1.8937 -0.3295 1.463, 1.8464 -0.3295 1.463, 1.8937 -0.3403 1.464, 1.8464 -0.3403 1.464, 1.8937 -0.3506 1.4674, 1.8464 -0.3506 1.4674, 1.8937 -0.3598 1.473, 1.8464 -0.3598 1.473, 1.8464 -0.4994 1.5821, 1.8937 -0.4994 1.5821, 1.8937 -0.5061 1.5888, 1.8464 -0.5061 1.5888, 1.8937 -0.511 1.5968, 1.8464 -0.511 1.5968, 1.8937 -0.5138 1.6058, 1.8464 -0.5138 1.6058, 1.8937 -0.5145 1.6152, 1.8464 -0.5145 1.6152, 1.8937 -0.5129 1.6245, 1.8464 -0.5129 1.6245, 1.8937 -0.5091 1.6331, 1.8464 -0.5091 1.6331, 1.8937 -0.5034 1.6406, 1.8464 -0.5034 1.6406, 1.8937 -0.496 1.6465, 1.8464 -0.496 1.6465, 1.8937 -0.4875 1.6505, 1.8464 -0.4875 1.6505, 1.8937 -0.4783 1.6524, 1.8464 -0.4783 1.6524, 2.0433 1.2126 0.3937, 2.0905 1.2126 0.3937, 2.0433 1.2126 1.0, 2.0905 1.2126 1.0, 2.0905 1.2126 1.331, 2.0433 1.2126 1.331, 2.0905 1.2126 1.2913, 2.0433 1.2126 1.2913, 2.0905 0.1069 1.6984, 2.0905 0.1857 1.6967, 2.0433 0.1069 1.6984, 2.0433 0.1857 1.6967, 2.0433 1.1072 1.5836, 2.0905 1.1072 1.5836, 2.0905 1.1667 1.5688, 2.0433 1.1667 1.5688, 2.0905 1.221 1.5403, 2.0433 1.221 1.5403, 2.0905 1.2668 1.4996, 2.0433 1.2668 1.4996, 2.0905 1.3016 1.4492, 2.0433 1.3016 1.4492, 2.0905 1.3233 1.3918, 2.0433 1.3233 1.3918, 2.0905 1.3307 1.331, 2.0433 1.3307 1.331, 2.0433 1.3307 0.1484, 2.0905 1.3307 0.1484, 2.0433 1.4583 0.0591, 2.0905 1.4583 0.0591, 2.0433 1.6535 0.0591, 2.0905 1.6535 0.0591, 2.0433 1.6535 0.0, 2.0905 1.6535 0.0, 2.0433 1.378 0.0, 2.0905 1.378 0.0, 2.0433 1.2126 0.1158, 2.0905 1.2126 0.1158, 2.0433 1.2089 1.3602, 2.0905 1.2089 1.3602, 2.0433 1.1981 1.3877, 2.0905 1.1981 1.3877, 2.0433 1.1809 1.4115, 2.0905 1.1809 1.4115, 2.0433 1.1582 1.4304, 2.0905 1.1582 1.4304, 2.0433 1.1316 1.4431, 2.0905 1.1316 1.4431, 2.0433 1.1027 1.4488, 2.0905 1.1027 1.4488, 2.0433 0.262 1.5076, 2.0905 0.262 1.5076, 2.0905 0.2348 1.5123, 2.0433 0.2348 1.5123, 2.0905 0.209 1.5223, 2.0433 0.209 1.5223, 2.0905 0.1857 1.5373, 2.0433 0.1857 1.5373, 2.0433 0.1596 1.5537, 2.0905 0.1596 1.5537, 2.0433 0.1305 1.5639, 2.0905 0.1305 1.5639, 2.0433 0.0998 1.5674, 2.0905 0.0998 1.5674, 2.0433 -0.1229 1.5674, 2.0905 -0.1229 1.5674, 2.0433 -0.1713 1.5614, 2.0905 -0.1713 1.5614, 2.0433 -0.2168 1.5439, 2.0905 -0.2168 1.5439, 2.0433 -0.2618 1.5199, 2.0905 -0.2618 1.5199, 2.0433 -0.2723 1.5127, 2.0905 -0.2723 1.5127, 2.0433 -0.2809 1.5032, 2.0905 -0.2809 1.5032, 2.0433 -0.2871 1.4921, 2.0905 -0.2871 1.4921, 2.0905 -0.2924 1.4826, 2.0433 -0.2924 1.4826, 2.0905 -0.2997 1.4746, 2.0433 -0.2997 1.4746, 2.0905 -0.3087 1.4685, 2.0433 -0.3087 1.4685, 2.0905 -0.3187 1.4646, 2.0433 -0.3187 1.4646, 2.0905 -0.3295 1.463, 2.0433 -0.3295 1.463, 2.0905 -0.3403 1.464, 2.0433 -0.3403 1.464, 2.0905 -0.3506 1.4674, 2.0433 -0.3506 1.4674, 2.0905 -0.3598 1.473, 2.0433 -0.3598 1.473, 2.0433 -0.4994 1.5821, 2.0905 -0.4994 1.5821, 2.0905 -0.5061 1.5888, 2.0433 -0.5061 1.5888, 2.0905 -0.511 1.5968, 2.0433 -0.511 1.5968, 2.0905 -0.5138 1.6058, 2.0433 -0.5138 1.6058, 2.0905 -0.5145 1.6152, 2.0433 -0.5145 1.6152, 2.0905 -0.5129 1.6245, 2.0433 -0.5129 1.6245, 2.0905 -0.5091 1.6331, 2.0433 -0.5091 1.6331, 2.0905 -0.5034 1.6406, 2.0433 -0.5034 1.6406, 2.0905 -0.496 1.6465, 2.0433 -0.496 1.6465, 2.0905 -0.4875 1.6505, 2.0433 -0.4875 1.6505, 2.0905 -0.4783 1.6524, 2.0433 -0.4783 1.6524, 2.2401 1.2126 0.3937, 2.2874 1.2126 0.3937, 2.2401 1.2126 1.0, 2.2874 1.2126 1.0, 2.2874 1.2126 1.331, 2.2401 1.2126 1.331, 2.2874 1.2126 1.2913, 2.2401 1.2126 1.2913, 2.2874 0.1069 1.6984, 2.2874 0.1857 1.6967, 2.2401 0.1069 1.6984, 2.2401 0.1857 1.6967, 2.2401 1.1072 1.5836, 2.2874 1.1072 1.5836, 2.2874 1.1667 1.5688, 2.2401 1.1667 1.5688, 2.2874 1.221 1.5403, 2.2401 1.221 1.5403, 2.2874 1.2668 1.4996, 2.2401 1.2668 1.4996, 2.2874 1.3016 1.4492, 2.2401 1.3016 1.4492, 2.2874 1.3233 1.3918, 2.2401 1.3233 1.3918, 2.2874 1.3307 1.331, 2.2401 1.3307 1.331, 2.2401 1.3307 0.1484, 2.2874 1.3307 0.1484, 2.2401 1.4583 0.0591, 2.2874 1.4583 0.0591, 2.2401 1.6535 0.0591, 2.2874 1.6535 0.0591, 2.2401 1.6535 0.0, 2.2874 1.6535 0.0, 2.2401 1.378 0.0, 2.2874 1.378 0.0, 2.2401 1.2126 0.1158, 2.2874 1.2126 0.1158, 2.2401 1.2089 1.3602, 2.2874 1.2089 1.3602, 2.2401 1.1981 1.3877, 2.2874 1.1981 1.3877, 2.2401 1.1809 1.4115, 2.2874 1.1809 1.4115, 2.2401 1.1582 1.4304, 2.2874 1.1582 1.4304, 2.2401 1.1316 1.4431, 2.2874 1.1316 1.4431, 2.2401 1.1027 1.4488, 2.2874 1.1027 1.4488, 2.2401 0.262 1.5076, 2.2874 0.262 1.5076, 2.2874 0.2348 1.5123, 2.2401 0.2348 1.5123, 2.2874 0.209 1.5223, 2.2401 0.209 1.5223, 2.2874 0.1857 1.5373, 2.2401 0.1857 1.5373, 2.2401 0.1596 1.5537, 2.2874 0.1596 1.5537, 2.2401 0.1305 1.5639, 2.2874 0.1305 1.5639, 2.2401 0.0998 1.5674, 2.2874 0.0998 1.5674, 2.2401 -0.1229 1.5674, 2.2874 -0.1229 1.5674, 2.2401 -0.1713 1.5614, 2.2874 -0.1713 1.5614, 2.2401 -0.2168 1.5439, 2.2874 -0.2168 1.5439, 2.2401 -0.2618 1.5199, 2.2874 -0.2618 1.5199, 2.2401 -0.2723 1.5127, 2.2874 -0.2723 1.5127, 2.2401 -0.2809 1.5032, 2.2874 -0.2809 1.5032, 2.2401 -0.2871 1.4921, 2.2874 -0.2871 1.4921, 2.2874 -0.2924 1.4826, 2.2401 -0.2924 1.4826, 2.2874 -0.2997 1.4746, 2.2401 -0.2997 1.4746, 2.2874 -0.3087 1.4685, 2.2401 -0.3087 1.4685, 2.2874 -0.3187 1.4646, 2.2401 -0.3187 1.4646, 2.2874 -0.3295 1.463, 2.2401 -0.3295 1.463, 2.2874 -0.3403 1.464, 2.2401 -0.3403 1.464, 2.2874 -0.3506 1.4674, 2.2401 -0.3506 1.4674, 2.2874 -0.3598 1.473, 2.2401 -0.3598 1.473, 2.2401 -0.4994 1.5821, 2.2874 -0.4994 1.5821, 2.2874 -0.5061 1.5888, 2.2401 -0.5061 1.5888, 2.2874 -0.511 1.5968, 2.2401 -0.511 1.5968, 2.2874 -0.5138 1.6058, 2.2401 -0.5138 1.6058, 2.2874 -0.5145 1.6152, 2.2401 -0.5145 1.6152, 2.2874 -0.5129 1.6245, 2.2401 -0.5129 1.6245, 2.2874 -0.5091 1.6331, 2.2401 -0.5091 1.6331, 2.2874 -0.5034 1.6406, 2.2401 -0.5034 1.6406, 2.2874 -0.496 1.6465, 2.2401 -0.496 1.6465, 2.2874 -0.4875 1.6505, 2.2401 -0.4875 1.6505, 2.2874 -0.4783 1.6524, 2.2401 -0.4783 1.6524, 2.437 1.2126 0.3937, 2.4842 1.2126 0.3937, 2.437 1.2126 1.0, 2.4842 1.2126 1.0, 2.4842 1.2126 1.331, 2.437 1.2126 1.331, 2.4842 1.2126 1.2913, 2.437 1.2126 1.2913, 2.4842 0.1069 1.6984, 2.4842 0.1857 1.6967, 2.437 0.1069 1.6984, 2.437 0.1857 1.6967, 2.437 1.1072 1.5836, 2.4842 1.1072 1.5836, 2.4842 1.1667 1.5688, 2.437 1.1667 1.5688, 2.4842 1.221 1.5403, 2.437 1.221 1.5403, 2.4842 1.2668 1.4996, 2.437 1.2668 1.4996, 2.4842 1.3016 1.4492, 2.437 1.3016 1.4492, 2.4842 1.3233 1.3918, 2.437 1.3233 1.3918, 2.4842 1.3307 1.331, 2.437 1.3307 1.331, 2.437 1.3307 0.1484, 2.4842 1.3307 0.1484, 2.437 1.4583 0.0591, 2.4842 1.4583 0.0591, 2.437 1.6535 0.0591, 2.4842 1.6535 0.0591, 2.437 1.6535 0.0, 2.4842 1.6535 0.0, 2.437 1.378 0.0, 2.4842 1.378 0.0, 2.437 1.2126 0.1158, 2.4842 1.2126 0.1158, 2.437 1.2089 1.3602, 2.4842 1.2089 1.3602, 2.437 1.1981 1.3877, 2.4842 1.1981 1.3877, 2.437 1.1809 1.4115, 2.4842 1.1809 1.4115, 2.437 1.1582 1.4304, 2.4842 1.1582 1.4304, 2.437 1.1316 1.4431, 2.4842 1.1316 1.4431, 2.437 1.1027 1.4488, 2.4842 1.1027 1.4488, 2.437 0.262 1.5076, 2.4842 0.262 1.5076, 2.4842 0.2348 1.5123, 2.437 0.2348 1.5123, 2.4842 0.209 1.5223, 2.437 0.209 1.5223, 2.4842 0.1857 1.5373, 2.437 0.1857 1.5373, 2.437 0.1596 1.5537, 2.4842 0.1596 1.5537, 2.437 0.1305 1.5639, 2.4842 0.1305 1.5639, 2.437 0.0998 1.5674, 2.4842 0.0998 1.5674, 2.437 -0.1229 1.5674, 2.4842 -0.1229 1.5674, 2.437 -0.1713 1.5614, 2.4842 -0.1713 1.5614, 2.437 -0.2168 1.5439, 2.4842 -0.2168 1.5439, 2.437 -0.2618 1.5199, 2.4842 -0.2618 1.5199, 2.437 -0.2723 1.5127, 2.4842 -0.2723 1.5127, 2.437 -0.2809 1.5032, 2.4842 -0.2809 1.5032, 2.437 -0.2871 1.4921, 2.4842 -0.2871 1.4921, 2.4842 -0.2924 1.4826, 2.437 -0.2924 1.4826, 2.4842 -0.2997 1.4746, 2.437 -0.2997 1.4746, 2.4842 -0.3087 1.4685, 2.437 -0.3087 1.4685, 2.4842 -0.3187 1.4646, 2.437 -0.3187 1.4646, 2.4842 -0.3295 1.463, 2.437 -0.3295 1.463, 2.4842 -0.3403 1.464, 2.437 -0.3403 1.464, 2.4842 -0.3506 1.4674, 2.437 -0.3506 1.4674, 2.4842 -0.3598 1.473, 2.437 -0.3598 1.473, 2.437 -0.4994 1.5821, 2.4842 -0.4994 1.5821, 2.4842 -0.5061 1.5888, 2.437 -0.5061 1.5888, 2.4842 -0.511 1.5968, 2.437 -0.511 1.5968, 2.4842 -0.5138 1.6058, 2.437 -0.5138 1.6058, 2.4842 -0.5145 1.6152, 2.437 -0.5145 1.6152, 2.4842 -0.5129 1.6245, 2.437 -0.5129 1.6245, 2.4842 -0.5091 1.6331, 2.437 -0.5091 1.6331, 2.4842 -0.5034 1.6406, 2.437 -0.5034 1.6406, 2.4842 -0.496 1.6465, 2.437 -0.496 1.6465, 2.4842 -0.4875 1.6505, 2.437 -0.4875 1.6505, 2.4842 -0.4783 1.6524, 2.437 -0.4783 1.6524, 2.6338 1.2126 0.3937, 2.6811 1.2126 0.3937, 2.6338 1.2126 1.0, 2.6811 1.2126 1.0, 2.6811 1.2126 1.331, 2.6338 1.2126 1.331, 2.6811 1.2126 1.2913, 2.6338 1.2126 1.2913, 2.6811 0.1069 1.6984, 2.6811 0.1857 1.6967, 2.6338 0.1069 1.6984, 2.6338 0.1857 1.6967, 2.6338 1.1072 1.5836, 2.6811 1.1072 1.5836, 2.6811 1.1667 1.5688, 2.6338 1.1667 1.5688, 2.6811 1.221 1.5403, 2.6338 1.221 1.5403, 2.6811 1.2668 1.4996, 2.6338 1.2668 1.4996, 2.6811 1.3016 1.4492, 2.6338 1.3016 1.4492, 2.6811 1.3233 1.3918, 2.6338 1.3233 1.3918, 2.6811 1.3307 1.331, 2.6338 1.3307 1.331, 2.6338 1.3307 0.1484, 2.6811 1.3307 0.1484, 2.6338 1.4583 0.0591, 2.6811 1.4583 0.0591, 2.6338 1.6535 0.0591, 2.6811 1.6535 0.0591, 2.6338 1.6535 0.0, 2.6811 1.6535 0.0, 2.6338 1.378 0.0, 2.6811 1.378 0.0, 2.6338 1.2126 0.1158, 2.6811 1.2126 0.1158, 2.6338 1.2089 1.3602, 2.6811 1.2089 1.3602, 2.6338 1.1981 1.3877, 2.6811 1.1981 1.3877, 2.6338 1.1809 1.4115, 2.6811 1.1809 1.4115, 2.6338 1.1582 1.4304, 2.6811 1.1582 1.4304, 2.6338 1.1316 1.4431, 2.6811 1.1316 1.4431, 2.6338 1.1027 1.4488, 2.6811 1.1027 1.4488, 2.6338 0.262 1.5076, 2.6811 0.262 1.5076, 2.6811 0.2348 1.5123, 2.6338 0.2348 1.5123, 2.6811 0.209 1.5223, 2.6338 0.209 1.5223, 2.6811 0.1857 1.5373, 2.6338 0.1857 1.5373, 2.6338 0.1596 1.5537, 2.6811 0.1596 1.5537, 2.6338 0.1305 1.5639, 2.6811 0.1305 1.5639, 2.6338 0.0998 1.5674, 2.6811 0.0998 1.5674, 2.6338 -0.1229 1.5674, 2.6811 -0.1229 1.5674, 2.6338 -0.1713 1.5614, 2.6811 -0.1713 1.5614, 2.6338 -0.2168 1.5439, 2.6811 -0.2168 1.5439, 2.6338 -0.2618 1.5199, 2.6811 -0.2618 1.5199, 2.6338 -0.2723 1.5127, 2.6811 -0.2723 1.5127, 2.6338 -0.2809 1.5032, 2.6811 -0.2809 1.5032, 2.6338 -0.2871 1.4921, 2.6811 -0.2871 1.4921, 2.6811 -0.2924 1.4826, 2.6338 -0.2924 1.4826, 2.6811 -0.2997 1.4746, 2.6338 -0.2997 1.4746, 2.6811 -0.3087 1.4685, 2.6338 -0.3087 1.4685, 2.6811 -0.3187 1.4646, 2.6338 -0.3187 1.4646, 2.6811 -0.3295 1.463, 2.6338 -0.3295 1.463, 2.6811 -0.3403 1.464, 2.6338 -0.3403 1.464, 2.6811 -0.3506 1.4674, 2.6338 -0.3506 1.4674, 2.6811 -0.3598 1.473, 2.6338 -0.3598 1.473, 2.6338 -0.4994 1.5821, 2.6811 -0.4994 1.5821, 2.6811 -0.5061 1.5888, 2.6338 -0.5061 1.5888, 2.6811 -0.511 1.5968, 2.6338 -0.511 1.5968, 2.6811 -0.5138 1.6058, 2.6338 -0.5138 1.6058, 2.6811 -0.5145 1.6152, 2.6338 -0.5145 1.6152, 2.6811 -0.5129 1.6245, 2.6338 -0.5129 1.6245, 2.6811 -0.5091 1.6331, 2.6338 -0.5091 1.6331, 2.6811 -0.5034 1.6406, 2.6338 -0.5034 1.6406, 2.6811 -0.496 1.6465, 2.6338 -0.496 1.6465, 2.6811 -0.4875 1.6505, 2.6338 -0.4875 1.6505, 2.6811 -0.4783 1.6524, 2.6338 -0.4783 1.6524, 2.8307 1.2126 0.3937, 2.8779 1.2126 0.3937, 2.8307 1.2126 1.0, 2.8779 1.2126 1.0, 2.8779 1.2126 1.331, 2.8307 1.2126 1.331, 2.8779 1.2126 1.2913, 2.8307 1.2126 1.2913, 2.8779 0.1069 1.6984, 2.8779 0.1857 1.6967, 2.8307 0.1069 1.6984, 2.8307 0.1857 1.6967, 2.8307 1.1072 1.5836, 2.8779 1.1072 1.5836, 2.8779 1.1667 1.5688, 2.8307 1.1667 1.5688, 2.8779 1.221 1.5403, 2.8307 1.221 1.5403, 2.8779 1.2668 1.4996, 2.8307 1.2668 1.4996, 2.8779 1.3016 1.4492, 2.8307 1.3016 1.4492, 2.8779 1.3233 1.3918, 2.8307 1.3233 1.3918, 2.8779 1.3307 1.331, 2.8307 1.3307 1.331, 2.8307 1.3307 0.1484, 2.8779 1.3307 0.1484, 2.8307 1.4583 0.0591, 2.8779 1.4583 0.0591, 2.8307 1.6535 0.0591, 2.8779 1.6535 0.0591, 2.8307 1.6535 0.0, 2.8779 1.6535 0.0, 2.8307 1.378 0.0, 2.8779 1.378 0.0, 2.8307 1.2126 0.1158, 2.8779 1.2126 0.1158, 2.8307 1.2089 1.3602, 2.8779 1.2089 1.3602, 2.8307 1.1981 1.3877, 2.8779 1.1981 1.3877, 2.8307 1.1809 1.4115, 2.8779 1.1809 1.4115, 2.8307 1.1582 1.4304, 2.8779 1.1582 1.4304, 2.8307 1.1316 1.4431, 2.8779 1.1316 1.4431, 2.8307 1.1027 1.4488, 2.8779 1.1027 1.4488, 2.8307 0.262 1.5076, 2.8779 0.262 1.5076, 2.8779 0.2348 1.5123, 2.8307 0.2348 1.5123, 2.8779 0.209 1.5223, 2.8307 0.209 1.5223, 2.8779 0.1857 1.5373, 2.8307 0.1857 1.5373, 2.8307 0.1596 1.5537, 2.8779 0.1596 1.5537, 2.8307 0.1305 1.5639, 2.8779 0.1305 1.5639, 2.8307 0.0998 1.5674, 2.8779 0.0998 1.5674, 2.8307 -0.1229 1.5674, 2.8779 -0.1229 1.5674, 2.8307 -0.1713 1.5614, 2.8779 -0.1713 1.5614, 2.8307 -0.2168 1.5439, 2.8779 -0.2168 1.5439, 2.8307 -0.2618 1.5199, 2.8779 -0.2618 1.5199, 2.8307 -0.2723 1.5127, 2.8779 -0.2723 1.5127, 2.8307 -0.2809 1.5032, 2.8779 -0.2809 1.5032, 2.8307 -0.2871 1.4921, 2.8779 -0.2871 1.4921, 2.8779 -0.2924 1.4826, 2.8307 -0.2924 1.4826, 2.8779 -0.2997 1.4746, 2.8307 -0.2997 1.4746, 2.8779 -0.3087 1.4685, 2.8307 -0.3087 1.4685, 2.8779 -0.3187 1.4646, 2.8307 -0.3187 1.4646, 2.8779 -0.3295 1.463, 2.8307 -0.3295 1.463, 2.8779 -0.3403 1.464, 2.8307 -0.3403 1.464, 2.8779 -0.3506 1.4674, 2.8307 -0.3506 1.4674, 2.8779 -0.3598 1.473, 2.8307 -0.3598 1.473, 2.8307 -0.4994 1.5821, 2.8779 -0.4994 1.5821, 2.8779 -0.5061 1.5888, 2.8307 -0.5061 1.5888, 2.8779 -0.511 1.5968, 2.8307 -0.511 1.5968, 2.8779 -0.5138 1.6058, 2.8307 -0.5138 1.6058, 2.8779 -0.5145 1.6152, 2.8307 -0.5145 1.6152, 2.8779 -0.5129 1.6245, 2.8307 -0.5129 1.6245, 2.8779 -0.5091 1.6331, 2.8307 -0.5091 1.6331, 2.8779 -0.5034 1.6406, 2.8307 -0.5034 1.6406, 2.8779 -0.496 1.6465, 2.8307 -0.496 1.6465, 2.8779 -0.4875 1.6505, 2.8307 -0.4875 1.6505, 2.8779 -0.4783 1.6524, 2.8307 -0.4783 1.6524, 3.0275 1.2126 0.3937, 3.0748 1.2126 0.3937, 3.0275 1.2126 1.0, 3.0748 1.2126 1.0, 3.0748 1.2126 1.331, 3.0275 1.2126 1.331, 3.0748 1.2126 1.2913, 3.0275 1.2126 1.2913, 3.0748 0.1069 1.6984, 3.0748 0.1857 1.6967, 3.0275 0.1069 1.6984, 3.0275 0.1857 1.6967, 3.0275 1.1072 1.5836, 3.0748 1.1072 1.5836, 3.0748 1.1667 1.5688, 3.0275 1.1667 1.5688, 3.0748 1.221 1.5403, 3.0275 1.221 1.5403, 3.0748 1.2668 1.4996, 3.0275 1.2668 1.4996, 3.0748 1.3016 1.4492, 3.0275 1.3016 1.4492, 3.0748 1.3233 1.3918, 3.0275 1.3233 1.3918, 3.0748 1.3307 1.331, 3.0275 1.3307 1.331, 3.0275 1.3307 0.1484, 3.0748 1.3307 0.1484, 3.0275 1.4583 0.0591, 3.0748 1.4583 0.0591, 3.0275 1.6535 0.0591, 3.0748 1.6535 0.0591, 3.0275 1.6535 0.0, 3.0748 1.6535 0.0, 3.0275 1.378 0.0, 3.0748 1.378 0.0, 3.0275 1.2126 0.1158, 3.0748 1.2126 0.1158, 3.0275 1.2089 1.3602, 3.0748 1.2089 1.3602, 3.0275 1.1981 1.3877, 3.0748 1.1981 1.3877, 3.0275 1.1809 1.4115, 3.0748 1.1809 1.4115, 3.0275 1.1582 1.4304, 3.0748 1.1582 1.4304, 3.0275 1.1316 1.4431, 3.0748 1.1316 1.4431, 3.0275 1.1027 1.4488, 3.0748 1.1027 1.4488, 3.0275 0.262 1.5076, 3.0748 0.262 1.5076, 3.0748 0.2348 1.5123, 3.0275 0.2348 1.5123, 3.0748 0.209 1.5223, 3.0275 0.209 1.5223, 3.0748 0.1857 1.5373, 3.0275 0.1857 1.5373, 3.0275 0.1596 1.5537, 3.0748 0.1596 1.5537, 3.0275 0.1305 1.5639, 3.0748 0.1305 1.5639, 3.0275 0.0998 1.5674, 3.0748 0.0998 1.5674, 3.0275 -0.1229 1.5674, 3.0748 -0.1229 1.5674, 3.0275 -0.1713 1.5614, 3.0748 -0.1713 1.5614, 3.0275 -0.2168 1.5439, 3.0748 -0.2168 1.5439, 3.0275 -0.2618 1.5199, 3.0748 -0.2618 1.5199, 3.0275 -0.2723 1.5127, 3.0748 -0.2723 1.5127, 3.0275 -0.2809 1.5032, 3.0748 -0.2809 1.5032, 3.0275 -0.2871 1.4921, 3.0748 -0.2871 1.4921, 3.0748 -0.2924 1.4826, 3.0275 -0.2924 1.4826, 3.0748 -0.2997 1.4746, 3.0275 -0.2997 1.4746, 3.0748 -0.3087 1.4685, 3.0275 -0.3087 1.4685, 3.0748 -0.3187 1.4646, 3.0275 -0.3187 1.4646, 3.0748 -0.3295 1.463, 3.0275 -0.3295 1.463, 3.0748 -0.3403 1.464, 3.0275 -0.3403 1.464, 3.0748 -0.3506 1.4674, 3.0275 -0.3506 1.4674, 3.0748 -0.3598 1.473, 3.0275 -0.3598 1.473, 3.0275 -0.4994 1.5821, 3.0748 -0.4994 1.5821, 3.0748 -0.5061 1.5888, 3.0275 -0.5061 1.5888, 3.0748 -0.511 1.5968, 3.0275 -0.511 1.5968, 3.0748 -0.5138 1.6058, 3.0275 -0.5138 1.6058, 3.0748 -0.5145 1.6152, 3.0275 -0.5145 1.6152, 3.0748 -0.5129 1.6245, 3.0275 -0.5129 1.6245, 3.0748 -0.5091 1.6331, 3.0275 -0.5091 1.6331, 3.0748 -0.5034 1.6406, 3.0275 -0.5034 1.6406, 3.0748 -0.496 1.6465, 3.0275 -0.496 1.6465, 3.0748 -0.4875 1.6505, 3.0275 -0.4875 1.6505, 3.0748 -0.4783 1.6524, 3.0275 -0.4783 1.6524, 3.2244 1.2126 0.3937, 3.2716 1.2126 0.3937, 3.2244 1.2126 1.0, 3.2716 1.2126 1.0, 3.2716 1.2126 1.331, 3.2244 1.2126 1.331, 3.2716 1.2126 1.2913, 3.2244 1.2126 1.2913, 3.2716 0.1069 1.6984, 3.2716 0.1857 1.6967, 3.2244 0.1069 1.6984, 3.2244 0.1857 1.6967, 3.2244 1.1072 1.5836, 3.2716 1.1072 1.5836, 3.2716 1.1667 1.5688, 3.2244 1.1667 1.5688, 3.2716 1.221 1.5403, 3.2244 1.221 1.5403, 3.2716 1.2668 1.4996, 3.2244 1.2668 1.4996, 3.2716 1.3016 1.4492, 3.2244 1.3016 1.4492, 3.2716 1.3233 1.3918, 3.2244 1.3233 1.3918, 3.2716 1.3307 1.331, 3.2244 1.3307 1.331, 3.2244 1.3307 0.1484, 3.2716 1.3307 0.1484, 3.2244 1.4583 0.0591, 3.2716 1.4583 0.0591, 3.2244 1.6535 0.0591, 3.2716 1.6535 0.0591, 3.2244 1.6535 0.0, 3.2716 1.6535 0.0, 3.2244 1.378 0.0, 3.2716 1.378 0.0, 3.2244 1.2126 0.1158, 3.2716 1.2126 0.1158, 3.2244 1.2089 1.3602, 3.2716 1.2089 1.3602, 3.2244 1.1981 1.3877, 3.2716 1.1981 1.3877, 3.2244 1.1809 1.4115, 3.2716 1.1809 1.4115, 3.2244 1.1582 1.4304, 3.2716 1.1582 1.4304, 3.2244 1.1316 1.4431, 3.2716 1.1316 1.4431, 3.2244 1.1027 1.4488, 3.2716 1.1027 1.4488, 3.2244 0.262 1.5076, 3.2716 0.262 1.5076, 3.2716 0.2348 1.5123, 3.2244 0.2348 1.5123, 3.2716 0.209 1.5223, 3.2244 0.209 1.5223, 3.2716 0.1857 1.5373, 3.2244 0.1857 1.5373, 3.2244 0.1596 1.5537, 3.2716 0.1596 1.5537, 3.2244 0.1305 1.5639, 3.2716 0.1305 1.5639, 3.2244 0.0998 1.5674, 3.2716 0.0998 1.5674, 3.2244 -0.1229 1.5674, 3.2716 -0.1229 1.5674, 3.2244 -0.1713 1.5614, 3.2716 -0.1713 1.5614, 3.2244 -0.2168 1.5439, 3.2716 -0.2168 1.5439, 3.2244 -0.2618 1.5199, 3.2716 -0.2618 1.5199, 3.2244 -0.2723 1.5127, 3.2716 -0.2723 1.5127, 3.2244 -0.2809 1.5032, 3.2716 -0.2809 1.5032, 3.2244 -0.2871 1.4921, 3.2716 -0.2871 1.4921, 3.2716 -0.2924 1.4826, 3.2244 -0.2924 1.4826, 3.2716 -0.2997 1.4746, 3.2244 -0.2997 1.4746, 3.2716 -0.3087 1.4685, 3.2244 -0.3087 1.4685, 3.2716 -0.3187 1.4646, 3.2244 -0.3187 1.4646, 3.2716 -0.3295 1.463, 3.2244 -0.3295 1.463, 3.2716 -0.3403 1.464, 3.2244 -0.3403 1.464, 3.2716 -0.3506 1.4674, 3.2244 -0.3506 1.4674, 3.2716 -0.3598 1.473, 3.2244 -0.3598 1.473, 3.2244 -0.4994 1.5821, 3.2716 -0.4994 1.5821, 3.2716 -0.5061 1.5888, 3.2244 -0.5061 1.5888, 3.2716 -0.511 1.5968, 3.2244 -0.511 1.5968, 3.2716 -0.5138 1.6058, 3.2244 -0.5138 1.6058, 3.2716 -0.5145 1.6152, 3.2244 -0.5145 1.6152, 3.2716 -0.5129 1.6245, 3.2244 -0.5129 1.6245, 3.2716 -0.5091 1.6331, 3.2244 -0.5091 1.6331, 3.2716 -0.5034 1.6406, 3.2244 -0.5034 1.6406, 3.2716 -0.496 1.6465, 3.2244 -0.496 1.6465, 3.2716 -0.4875 1.6505, 3.2244 -0.4875 1.6505, 3.2716 -0.4783 1.6524, 3.2244 -0.4783 1.6524, 3.4212 1.2126 0.3937, 3.4685 1.2126 0.3937, 3.4212 1.2126 1.0, 3.4685 1.2126 1.0, 3.4685 1.2126 1.331, 3.4212 1.2126 1.331, 3.4685 1.2126 1.2913, 3.4212 1.2126 1.2913, 3.4685 0.1069 1.6984, 3.4685 0.1857 1.6967, 3.4212 0.1069 1.6984, 3.4212 0.1857 1.6967, 3.4212 1.1072 1.5836, 3.4685 1.1072 1.5836, 3.4685 1.1667 1.5688, 3.4212 1.1667 1.5688, 3.4685 1.221 1.5403, 3.4212 1.221 1.5403, 3.4685 1.2668 1.4996, 3.4212 1.2668 1.4996, 3.4685 1.3016 1.4492, 3.4212 1.3016 1.4492, 3.4685 1.3233 1.3918, 3.4212 1.3233 1.3918, 3.4685 1.3307 1.331, 3.4212 1.3307 1.331, 3.4212 1.3307 0.1484, 3.4685 1.3307 0.1484, 3.4212 1.4583 0.0591, 3.4685 1.4583 0.0591, 3.4212 1.6535 0.0591, 3.4685 1.6535 0.0591, 3.4212 1.6535 0.0, 3.4685 1.6535 0.0, 3.4212 1.378 0.0, 3.4685 1.378 0.0, 3.4212 1.2126 0.1158, 3.4685 1.2126 0.1158, 3.4212 1.2089 1.3602, 3.4685 1.2089 1.3602, 3.4212 1.1981 1.3877, 3.4685 1.1981 1.3877, 3.4212 1.1809 1.4115, 3.4685 1.1809 1.4115, 3.4212 1.1582 1.4304, 3.4685 1.1582 1.4304, 3.4212 1.1316 1.4431, 3.4685 1.1316 1.4431, 3.4212 1.1027 1.4488, 3.4685 1.1027 1.4488, 3.4212 0.262 1.5076, 3.4685 0.262 1.5076, 3.4685 0.2348 1.5123, 3.4212 0.2348 1.5123, 3.4685 0.209 1.5223, 3.4212 0.209 1.5223, 3.4685 0.1857 1.5373, 3.4212 0.1857 1.5373, 3.4212 0.1596 1.5537, 3.4685 0.1596 1.5537, 3.4212 0.1305 1.5639, 3.4685 0.1305 1.5639, 3.4212 0.0998 1.5674, 3.4685 0.0998 1.5674, 3.4212 -0.1229 1.5674, 3.4685 -0.1229 1.5674, 3.4212 -0.1713 1.5614, 3.4685 -0.1713 1.5614, 3.4212 -0.2168 1.5439, 3.4685 -0.2168 1.5439, 3.4212 -0.2618 1.5199, 3.4685 -0.2618 1.5199, 3.4212 -0.2723 1.5127, 3.4685 -0.2723 1.5127, 3.4212 -0.2809 1.5032, 3.4685 -0.2809 1.5032, 3.4212 -0.2871 1.4921, 3.4685 -0.2871 1.4921, 3.4685 -0.2924 1.4826, 3.4212 -0.2924 1.4826, 3.4685 -0.2997 1.4746, 3.4212 -0.2997 1.4746, 3.4685 -0.3087 1.4685, 3.4212 -0.3087 1.4685, 3.4685 -0.3187 1.4646, 3.4212 -0.3187 1.4646, 3.4685 -0.3295 1.463, 3.4212 -0.3295 1.463, 3.4685 -0.3403 1.464, 3.4212 -0.3403 1.464, 3.4685 -0.3506 1.4674, 3.4212 -0.3506 1.4674, 3.4685 -0.3598 1.473, 3.4212 -0.3598 1.473, 3.4212 -0.4994 1.5821, 3.4685 -0.4994 1.5821, 3.4685 -0.5061 1.5888, 3.4212 -0.5061 1.5888, 3.4685 -0.511 1.5968, 3.4212 -0.511 1.5968, 3.4685 -0.5138 1.6058, 3.4212 -0.5138 1.6058, 3.4685 -0.5145 1.6152, 3.4212 -0.5145 1.6152, 3.4685 -0.5129 1.6245, 3.4212 -0.5129 1.6245, 3.4685 -0.5091 1.6331, 3.4212 -0.5091 1.6331, 3.4685 -0.5034 1.6406, 3.4212 -0.5034 1.6406, 3.4685 -0.496 1.6465, 3.4212 -0.496 1.6465, 3.4685 -0.4875 1.6505, 3.4212 -0.4875 1.6505, 3.4685 -0.4783 1.6524, 3.4212 -0.4783 1.6524, 3.6181 1.2126 0.3937, 3.6653 1.2126 0.3937, 3.6181 1.2126 1.0, 3.6653 1.2126 1.0, 3.6653 1.2126 1.331, 3.6181 1.2126 1.331, 3.6653 1.2126 1.2913, 3.6181 1.2126 1.2913, 3.6653 0.1069 1.6984, 3.6653 0.1857 1.6967, 3.6181 0.1069 1.6984, 3.6181 0.1857 1.6967, 3.6181 1.1072 1.5836, 3.6653 1.1072 1.5836, 3.6653 1.1667 1.5688, 3.6181 1.1667 1.5688, 3.6653 1.221 1.5403, 3.6181 1.221 1.5403, 3.6653 1.2668 1.4996, 3.6181 1.2668 1.4996, 3.6653 1.3016 1.4492, 3.6181 1.3016 1.4492, 3.6653 1.3233 1.3918, 3.6181 1.3233 1.3918, 3.6653 1.3307 1.331, 3.6181 1.3307 1.331, 3.6181 1.3307 0.1484, 3.6653 1.3307 0.1484, 3.6181 1.4583 0.0591, 3.6653 1.4583 0.0591, 3.6181 1.6535 0.0591, 3.6653 1.6535 0.0591, 3.6181 1.6535 0.0, 3.6653 1.6535 0.0, 3.6181 1.378 0.0, 3.6653 1.378 0.0, 3.6181 1.2126 0.1158, 3.6653 1.2126 0.1158, 3.6181 1.2089 1.3602, 3.6653 1.2089 1.3602, 3.6181 1.1981 1.3877, 3.6653 1.1981 1.3877, 3.6181 1.1809 1.4115, 3.6653 1.1809 1.4115, 3.6181 1.1582 1.4304, 3.6653 1.1582 1.4304, 3.6181 1.1316 1.4431, 3.6653 1.1316 1.4431, 3.6181 1.1027 1.4488, 3.6653 1.1027 1.4488, 3.6181 0.262 1.5076, 3.6653 0.262 1.5076, 3.6653 0.2348 1.5123, 3.6181 0.2348 1.5123, 3.6653 0.209 1.5223, 3.6181 0.209 1.5223, 3.6653 0.1857 1.5373, 3.6181 0.1857 1.5373, 3.6181 0.1596 1.5537, 3.6653 0.1596 1.5537, 3.6181 0.1305 1.5639, 3.6653 0.1305 1.5639, 3.6181 0.0998 1.5674, 3.6653 0.0998 1.5674, 3.6181 -0.1229 1.5674, 3.6653 -0.1229 1.5674, 3.6181 -0.1713 1.5614, 3.6653 -0.1713 1.5614, 3.6181 -0.2168 1.5439, 3.6653 -0.2168 1.5439, 3.6181 -0.2618 1.5199, 3.6653 -0.2618 1.5199, 3.6181 -0.2723 1.5127, 3.6653 -0.2723 1.5127, 3.6181 -0.2809 1.5032, 3.6653 -0.2809 1.5032, 3.6181 -0.2871 1.4921, 3.6653 -0.2871 1.4921, 3.6653 -0.2924 1.4826, 3.6181 -0.2924 1.4826, 3.6653 -0.2997 1.4746, 3.6181 -0.2997 1.4746, 3.6653 -0.3087 1.4685, 3.6181 -0.3087 1.4685, 3.6653 -0.3187 1.4646, 3.6181 -0.3187 1.4646, 3.6653 -0.3295 1.463, 3.6181 -0.3295 1.463, 3.6653 -0.3403 1.464, 3.6181 -0.3403 1.464, 3.6653 -0.3506 1.4674, 3.6181 -0.3506 1.4674, 3.6653 -0.3598 1.473, 3.6181 -0.3598 1.473, 3.6181 -0.4994 1.5821, 3.6653 -0.4994 1.5821, 3.6653 -0.5061 1.5888, 3.6181 -0.5061 1.5888, 3.6653 -0.511 1.5968, 3.6181 -0.511 1.5968, 3.6653 -0.5138 1.6058, 3.6181 -0.5138 1.6058, 3.6653 -0.5145 1.6152, 3.6181 -0.5145 1.6152, 3.6653 -0.5129 1.6245, 3.6181 -0.5129 1.6245, 3.6653 -0.5091 1.6331, 3.6181 -0.5091 1.6331, 3.6653 -0.5034 1.6406, 3.6181 -0.5034 1.6406, 3.6653 -0.496 1.6465, 3.6181 -0.496 1.6465, 3.6653 -0.4875 1.6505, 3.6181 -0.4875 1.6505, 3.6653 -0.4783 1.6524, 3.6181 -0.4783 1.6524
            ]
        }
        coordIndex [
            0,1,2,-1,2,1,3,-1,4,5,6,-1,6,5,7,-1,8,9,10,-1,10,9,11,-1,12,11,13,-1,13,11,9,-1,12,13,14,-1,12,14,15,-1,15,14,16,-1,15,16,17,-1,17,16,18,-1,17,18,19,-1,19,18,20,-1,19,20,21,-1,21,20,22,-1,21,22,23,-1,23,22,24,-1,23,24,25,-1,26,25,27,-1,27,25,24,-1,28,26,29,-1,29,26,27,-1,30,28,31,-1,31,28,29,-1,32,30,33,-1,33,30,31,-1,34,32,35,-1,35,32,33,-1,36,34,37,-1,37,34,35,-1,5,4,38,-1,38,4,39,-1,38,39,40,-1,40,39,41,-1,40,41,42,-1,42,41,43,-1,42,43,44,-1,44,43,45,-1,44,45,46,-1,46,45,47,-1,46,47,48,-1,48,47,49,-1,50,48,51,-1,51,48,49,-1,50,51,52,-1,50,52,53,-1,53,52,54,-1,53,54,55,-1,55,54,56,-1,55,56,57,-1,57,56,58,-1,58,56,59,-1,58,59,60,-1,60,59,61,-1,60,61,62,-1,62,61,63,-1,64,62,65,-1,65,62,63,-1,64,65,66,-1,66,65,67,-1,66,67,68,-1,68,67,69,-1,70,68,71,-1,71,68,69,-1,70,71,72,-1,72,71,73,-1,72,73,74,-1,74,73,75,-1,74,75,76,-1,76,75,77,-1,76,77,78,-1,76,78,79,-1,79,78,80,-1,79,80,81,-1,81,80,82,-1,81,82,83,-1,83,82,84,-1,83,84,85,-1,85,84,86,-1,85,86,87,-1,87,86,88,-1,87,88,89,-1,89,88,90,-1,89,90,91,-1,91,90,92,-1,91,92,93,-1,94,93,95,-1,95,93,92,-1,94,95,96,-1,94,96,97,-1,97,96,98,-1,97,98,99,-1,99,98,100,-1,99,100,101,-1,101,100,102,-1,101,102,103,-1,103,102,104,-1,103,104,105,-1,105,104,106,-1,105,106,107,-1,107,106,108,-1,107,108,109,-1,109,108,110,-1,109,110,111,-1,111,110,112,-1,111,112,113,-1,113,112,114,-1,113,114,115,-1,10,115,8,-1,8,115,114,-1,30,32,28,-1,28,32,34,-1,28,34,26,-1,58,60,11,-1,34,36,26,-1,26,36,0,-1,26,0,25,-1,25,0,2,-1,11,60,10,-1,60,62,10,-1,10,62,64,-1,10,64,115,-1,115,64,66,-1,115,66,68,-1,87,89,76,-1,53,55,11,-1,11,55,57,-1,11,57,58,-1,107,76,105,-1,105,76,103,-1,68,70,115,-1,115,70,72,-1,115,72,113,-1,113,72,74,-1,113,74,111,-1,111,74,76,-1,111,76,109,-1,109,76,107,-1,81,83,85,-1,94,97,99,-1,2,7,25,-1,25,7,5,-1,25,5,23,-1,23,5,38,-1,23,38,21,-1,21,38,40,-1,21,40,19,-1,19,40,42,-1,19,42,17,-1,17,42,44,-1,17,44,15,-1,15,44,46,-1,15,46,12,-1,12,46,48,-1,12,48,11,-1,11,48,50,-1,11,50,53,-1,89,91,76,-1,76,91,93,-1,76,93,103,-1,103,93,94,-1,103,94,101,-1,101,94,99,-1,87,76,85,-1,85,76,79,-1,85,79,81,-1,8,114,67,-1,73,71,114,-1,114,71,69,-1,114,69,67,-1,24,6,3,-1,95,92,77,-1,61,9,63,-1,63,9,8,-1,63,8,65,-1,65,8,67,-1,24,3,27,-1,98,96,95,-1,108,106,77,-1,33,31,35,-1,35,31,29,-1,35,29,37,-1,37,29,27,-1,37,27,1,-1,1,27,3,-1,92,90,77,-1,77,90,88,-1,77,88,78,-1,73,114,75,-1,75,114,112,-1,75,112,77,-1,77,112,110,-1,77,110,108,-1,61,59,9,-1,9,59,56,-1,9,56,54,-1,106,104,77,-1,77,104,102,-1,77,102,95,-1,95,102,100,-1,95,100,98,-1,54,52,9,-1,9,52,51,-1,9,51,13,-1,13,51,49,-1,13,49,14,-1,14,49,47,-1,14,47,16,-1,16,47,45,-1,16,45,18,-1,18,45,43,-1,18,43,20,-1,20,43,41,-1,20,41,22,-1,22,41,39,-1,22,39,24,-1,24,39,4,-1,24,4,6,-1,88,86,78,-1,78,86,84,-1,78,84,80,-1,80,84,82,-1,116,117,118,-1,118,117,119,-1,120,121,122,-1,122,121,123,-1,124,125,126,-1,126,125,127,-1,128,127,129,-1,129,127,125,-1,128,129,130,-1,128,130,131,-1,131,130,132,-1,131,132,133,-1,133,132,134,-1,133,134,135,-1,135,134,136,-1,135,136,137,-1,137,136,138,-1,137,138,139,-1,139,138,140,-1,139,140,141,-1,142,141,143,-1,143,141,140,-1,144,142,145,-1,145,142,143,-1,146,144,147,-1,147,144,145,-1,148,146,149,-1,149,146,147,-1,150,148,151,-1,151,148,149,-1,152,150,153,-1,153,150,151,-1,121,120,154,-1,154,120,155,-1,154,155,156,-1,156,155,157,-1,156,157,158,-1,158,157,159,-1,158,159,160,-1,160,159,161,-1,160,161,162,-1,162,161,163,-1,162,163,164,-1,164,163,165,-1,166,164,167,-1,167,164,165,-1,166,167,168,-1,166,168,169,-1,169,168,170,-1,169,170,171,-1,171,170,172,-1,171,172,173,-1,173,172,174,-1,174,172,175,-1,174,175,176,-1,176,175,177,-1,176,177,178,-1,178,177,179,-1,180,178,181,-1,181,178,179,-1,180,181,182,-1,182,181,183,-1,182,183,184,-1,184,183,185,-1,186,184,187,-1,187,184,185,-1,186,187,188,-1,188,187,189,-1,188,189,190,-1,190,189,191,-1,190,191,192,-1,192,191,193,-1,192,193,194,-1,192,194,195,-1,195,194,196,-1,195,196,197,-1,197,196,198,-1,197,198,199,-1,199,198,200,-1,199,200,201,-1,201,200,202,-1,201,202,203,-1,203,202,204,-1,203,204,205,-1,205,204,206,-1,205,206,207,-1,207,206,208,-1,207,208,209,-1,210,209,211,-1,211,209,208,-1,210,211,212,-1,210,212,213,-1,213,212,214,-1,213,214,215,-1,215,214,216,-1,215,216,217,-1,217,216,218,-1,217,218,219,-1,219,218,220,-1,219,220,221,-1,221,220,222,-1,221,222,223,-1,223,222,224,-1,223,224,225,-1,225,224,226,-1,225,226,227,-1,227,226,228,-1,227,228,229,-1,229,228,230,-1,229,230,231,-1,126,231,124,-1,124,231,230,-1,146,148,144,-1,144,148,150,-1,144,150,142,-1,174,176,127,-1,150,152,142,-1,142,152,116,-1,142,116,141,-1,141,116,118,-1,127,176,126,-1,176,178,126,-1,126,178,180,-1,126,180,231,-1,231,180,182,-1,231,182,184,-1,203,205,192,-1,169,171,127,-1,127,171,173,-1,127,173,174,-1,223,192,221,-1,221,192,219,-1,184,186,231,-1,231,186,188,-1,231,188,229,-1,229,188,190,-1,229,190,227,-1,227,190,192,-1,227,192,225,-1,225,192,223,-1,197,199,201,-1,210,213,215,-1,118,123,141,-1,141,123,121,-1,141,121,139,-1,139,121,154,-1,139,154,137,-1,137,154,156,-1,137,156,135,-1,135,156,158,-1,135,158,133,-1,133,158,160,-1,133,160,131,-1,131,160,162,-1,131,162,128,-1,128,162,164,-1,128,164,127,-1,127,164,166,-1,127,166,169,-1,205,207,192,-1,192,207,209,-1,192,209,219,-1,219,209,210,-1,219,210,217,-1,217,210,215,-1,203,192,201,-1,201,192,195,-1,201,195,197,-1,124,230,183,-1,189,187,230,-1,230,187,185,-1,230,185,183,-1,140,122,119,-1,211,208,193,-1,177,125,179,-1,179,125,124,-1,179,124,181,-1,181,124,183,-1,140,119,143,-1,214,212,211,-1,224,222,193,-1,149,147,151,-1,151,147,145,-1,151,145,153,-1,153,145,143,-1,153,143,117,-1,117,143,119,-1,208,206,193,-1,193,206,204,-1,193,204,194,-1,189,230,191,-1,191,230,228,-1,191,228,193,-1,193,228,226,-1,193,226,224,-1,177,175,125,-1,125,175,172,-1,125,172,170,-1,222,220,193,-1,193,220,218,-1,193,218,211,-1,211,218,216,-1,211,216,214,-1,170,168,125,-1,125,168,167,-1,125,167,129,-1,129,167,165,-1,129,165,130,-1,130,165,163,-1,130,163,132,-1,132,163,161,-1,132,161,134,-1,134,161,159,-1,134,159,136,-1,136,159,157,-1,136,157,138,-1,138,157,155,-1,138,155,140,-1,140,155,120,-1,140,120,122,-1,204,202,194,-1,194,202,200,-1,194,200,196,-1,196,200,198,-1,232,233,234,-1,234,233,235,-1,236,237,238,-1,238,237,239,-1,240,241,242,-1,242,241,243,-1,244,243,245,-1,245,243,241,-1,244,245,246,-1,244,246,247,-1,247,246,248,-1,247,248,249,-1,249,248,250,-1,249,250,251,-1,251,250,252,-1,251,252,253,-1,253,252,254,-1,253,254,255,-1,255,254,256,-1,255,256,257,-1,258,257,259,-1,259,257,256,-1,260,258,261,-1,261,258,259,-1,262,260,263,-1,263,260,261,-1,264,262,265,-1,265,262,263,-1,266,264,267,-1,267,264,265,-1,268,266,269,-1,269,266,267,-1,237,236,270,-1,270,236,271,-1,270,271,272,-1,272,271,273,-1,272,273,274,-1,274,273,275,-1,274,275,276,-1,276,275,277,-1,276,277,278,-1,278,277,279,-1,278,279,280,-1,280,279,281,-1,282,280,283,-1,283,280,281,-1,282,283,284,-1,282,284,285,-1,285,284,286,-1,285,286,287,-1,287,286,288,-1,287,288,289,-1,289,288,290,-1,290,288,291,-1,290,291,292,-1,292,291,293,-1,292,293,294,-1,294,293,295,-1,296,294,297,-1,297,294,295,-1,296,297,298,-1,298,297,299,-1,298,299,300,-1,300,299,301,-1,302,300,303,-1,303,300,301,-1,302,303,304,-1,304,303,305,-1,304,305,306,-1,306,305,307,-1,306,307,308,-1,308,307,309,-1,308,309,310,-1,308,310,311,-1,311,310,312,-1,311,312,313,-1,313,312,314,-1,313,314,315,-1,315,314,316,-1,315,316,317,-1,317,316,318,-1,317,318,319,-1,319,318,320,-1,319,320,321,-1,321,320,322,-1,321,322,323,-1,323,322,324,-1,323,324,325,-1,326,325,327,-1,327,325,324,-1,326,327,328,-1,326,328,329,-1,329,328,330,-1,329,330,331,-1,331,330,332,-1,331,332,333,-1,333,332,334,-1,333,334,335,-1,335,334,336,-1,335,336,337,-1,337,336,338,-1,337,338,339,-1,339,338,340,-1,339,340,341,-1,341,340,342,-1,341,342,343,-1,343,342,344,-1,343,344,345,-1,345,344,346,-1,345,346,347,-1,242,347,240,-1,240,347,346,-1,262,264,260,-1,260,264,266,-1,260,266,258,-1,290,292,243,-1,266,268,258,-1,258,268,232,-1,258,232,257,-1,257,232,234,-1,243,292,242,-1,292,294,242,-1,242,294,296,-1,242,296,347,-1,347,296,298,-1,347,298,300,-1,319,321,308,-1,285,287,243,-1,243,287,289,-1,243,289,290,-1,339,308,337,-1,337,308,335,-1,300,302,347,-1,347,302,304,-1,347,304,345,-1,345,304,306,-1,345,306,343,-1,343,306,308,-1,343,308,341,-1,341,308,339,-1,313,315,317,-1,326,329,331,-1,234,239,257,-1,257,239,237,-1,257,237,255,-1,255,237,270,-1,255,270,253,-1,253,270,272,-1,253,272,251,-1,251,272,274,-1,251,274,249,-1,249,274,276,-1,249,276,247,-1,247,276,278,-1,247,278,244,-1,244,278,280,-1,244,280,243,-1,243,280,282,-1,243,282,285,-1,321,323,308,-1,308,323,325,-1,308,325,335,-1,335,325,326,-1,335,326,333,-1,333,326,331,-1,319,308,317,-1,317,308,311,-1,317,311,313,-1,240,346,299,-1,305,303,346,-1,346,303,301,-1,346,301,299,-1,256,238,235,-1,327,324,309,-1,293,241,295,-1,295,241,240,-1,295,240,297,-1,297,240,299,-1,256,235,259,-1,330,328,327,-1,340,338,309,-1,265,263,267,-1,267,263,261,-1,267,261,269,-1,269,261,259,-1,269,259,233,-1,233,259,235,-1,324,322,309,-1,309,322,320,-1,309,320,310,-1,305,346,307,-1,307,346,344,-1,307,344,309,-1,309,344,342,-1,309,342,340,-1,293,291,241,-1,241,291,288,-1,241,288,286,-1,338,336,309,-1,309,336,334,-1,309,334,327,-1,327,334,332,-1,327,332,330,-1,286,284,241,-1,241,284,283,-1,241,283,245,-1,245,283,281,-1,245,281,246,-1,246,281,279,-1,246,279,248,-1,248,279,277,-1,248,277,250,-1,250,277,275,-1,250,275,252,-1,252,275,273,-1,252,273,254,-1,254,273,271,-1,254,271,256,-1,256,271,236,-1,256,236,238,-1,320,318,310,-1,310,318,316,-1,310,316,312,-1,312,316,314,-1,348,349,350,-1,350,349,351,-1,352,353,354,-1,354,353,355,-1,356,357,358,-1,358,357,359,-1,360,359,361,-1,361,359,357,-1,360,361,362,-1,360,362,363,-1,363,362,364,-1,363,364,365,-1,365,364,366,-1,365,366,367,-1,367,366,368,-1,367,368,369,-1,369,368,370,-1,369,370,371,-1,371,370,372,-1,371,372,373,-1,374,373,375,-1,375,373,372,-1,376,374,377,-1,377,374,375,-1,378,376,379,-1,379,376,377,-1,380,378,381,-1,381,378,379,-1,382,380,383,-1,383,380,381,-1,384,382,385,-1,385,382,383,-1,353,352,386,-1,386,352,387,-1,386,387,388,-1,388,387,389,-1,388,389,390,-1,390,389,391,-1,390,391,392,-1,392,391,393,-1,392,393,394,-1,394,393,395,-1,394,395,396,-1,396,395,397,-1,398,396,399,-1,399,396,397,-1,398,399,400,-1,398,400,401,-1,401,400,402,-1,401,402,403,-1,403,402,404,-1,403,404,405,-1,405,404,406,-1,406,404,407,-1,406,407,408,-1,408,407,409,-1,408,409,410,-1,410,409,411,-1,412,410,413,-1,413,410,411,-1,412,413,414,-1,414,413,415,-1,414,415,416,-1,416,415,417,-1,418,416,419,-1,419,416,417,-1,418,419,420,-1,420,419,421,-1,420,421,422,-1,422,421,423,-1,422,423,424,-1,424,423,425,-1,424,425,426,-1,424,426,427,-1,427,426,428,-1,427,428,429,-1,429,428,430,-1,429,430,431,-1,431,430,432,-1,431,432,433,-1,433,432,434,-1,433,434,435,-1,435,434,436,-1,435,436,437,-1,437,436,438,-1,437,438,439,-1,439,438,440,-1,439,440,441,-1,442,441,443,-1,443,441,440,-1,442,443,444,-1,442,444,445,-1,445,444,446,-1,445,446,447,-1,447,446,448,-1,447,448,449,-1,449,448,450,-1,449,450,451,-1,451,450,452,-1,451,452,453,-1,453,452,454,-1,453,454,455,-1,455,454,456,-1,455,456,457,-1,457,456,458,-1,457,458,459,-1,459,458,460,-1,459,460,461,-1,461,460,462,-1,461,462,463,-1,358,463,356,-1,356,463,462,-1,378,380,376,-1,376,380,382,-1,376,382,374,-1,406,408,359,-1,382,384,374,-1,374,384,348,-1,374,348,373,-1,373,348,350,-1,359,408,358,-1,408,410,358,-1,358,410,412,-1,358,412,463,-1,463,412,414,-1,463,414,416,-1,435,437,424,-1,401,403,359,-1,359,403,405,-1,359,405,406,-1,455,424,453,-1,453,424,451,-1,416,418,463,-1,463,418,420,-1,463,420,461,-1,461,420,422,-1,461,422,459,-1,459,422,424,-1,459,424,457,-1,457,424,455,-1,429,431,433,-1,442,445,447,-1,350,355,373,-1,373,355,353,-1,373,353,371,-1,371,353,386,-1,371,386,369,-1,369,386,388,-1,369,388,367,-1,367,388,390,-1,367,390,365,-1,365,390,392,-1,365,392,363,-1,363,392,394,-1,363,394,360,-1,360,394,396,-1,360,396,359,-1,359,396,398,-1,359,398,401,-1,437,439,424,-1,424,439,441,-1,424,441,451,-1,451,441,442,-1,451,442,449,-1,449,442,447,-1,435,424,433,-1,433,424,427,-1,433,427,429,-1,356,462,415,-1,421,419,462,-1,462,419,417,-1,462,417,415,-1,372,354,351,-1,443,440,425,-1,409,357,411,-1,411,357,356,-1,411,356,413,-1,413,356,415,-1,372,351,375,-1,446,444,443,-1,456,454,425,-1,381,379,383,-1,383,379,377,-1,383,377,385,-1,385,377,375,-1,385,375,349,-1,349,375,351,-1,440,438,425,-1,425,438,436,-1,425,436,426,-1,421,462,423,-1,423,462,460,-1,423,460,425,-1,425,460,458,-1,425,458,456,-1,409,407,357,-1,357,407,404,-1,357,404,402,-1,454,452,425,-1,425,452,450,-1,425,450,443,-1,443,450,448,-1,443,448,446,-1,402,400,357,-1,357,400,399,-1,357,399,361,-1,361,399,397,-1,361,397,362,-1,362,397,395,-1,362,395,364,-1,364,395,393,-1,364,393,366,-1,366,393,391,-1,366,391,368,-1,368,391,389,-1,368,389,370,-1,370,389,387,-1,370,387,372,-1,372,387,352,-1,372,352,354,-1,436,434,426,-1,426,434,432,-1,426,432,428,-1,428,432,430,-1,464,465,466,-1,466,465,467,-1,468,469,470,-1,470,469,471,-1,472,473,474,-1,474,473,475,-1,476,475,477,-1,477,475,473,-1,476,477,478,-1,476,478,479,-1,479,478,480,-1,479,480,481,-1,481,480,482,-1,481,482,483,-1,483,482,484,-1,483,484,485,-1,485,484,486,-1,485,486,487,-1,487,486,488,-1,487,488,489,-1,490,489,491,-1,491,489,488,-1,492,490,493,-1,493,490,491,-1,494,492,495,-1,495,492,493,-1,496,494,497,-1,497,494,495,-1,498,496,499,-1,499,496,497,-1,500,498,501,-1,501,498,499,-1,469,468,502,-1,502,468,503,-1,502,503,504,-1,504,503,505,-1,504,505,506,-1,506,505,507,-1,506,507,508,-1,508,507,509,-1,508,509,510,-1,510,509,511,-1,510,511,512,-1,512,511,513,-1,514,512,515,-1,515,512,513,-1,514,515,516,-1,514,516,517,-1,517,516,518,-1,517,518,519,-1,519,518,520,-1,519,520,521,-1,521,520,522,-1,522,520,523,-1,522,523,524,-1,524,523,525,-1,524,525,526,-1,526,525,527,-1,528,526,529,-1,529,526,527,-1,528,529,530,-1,530,529,531,-1,530,531,532,-1,532,531,533,-1,534,532,535,-1,535,532,533,-1,534,535,536,-1,536,535,537,-1,536,537,538,-1,538,537,539,-1,538,539,540,-1,540,539,541,-1,540,541,542,-1,540,542,543,-1,543,542,544,-1,543,544,545,-1,545,544,546,-1,545,546,547,-1,547,546,548,-1,547,548,549,-1,549,548,550,-1,549,550,551,-1,551,550,552,-1,551,552,553,-1,553,552,554,-1,553,554,555,-1,555,554,556,-1,555,556,557,-1,558,557,559,-1,559,557,556,-1,558,559,560,-1,558,560,561,-1,561,560,562,-1,561,562,563,-1,563,562,564,-1,563,564,565,-1,565,564,566,-1,565,566,567,-1,567,566,568,-1,567,568,569,-1,569,568,570,-1,569,570,571,-1,571,570,572,-1,571,572,573,-1,573,572,574,-1,573,574,575,-1,575,574,576,-1,575,576,577,-1,577,576,578,-1,577,578,579,-1,474,579,472,-1,472,579,578,-1,494,496,492,-1,492,496,498,-1,492,498,490,-1,522,524,475,-1,498,500,490,-1,490,500,464,-1,490,464,489,-1,489,464,466,-1,475,524,474,-1,524,526,474,-1,474,526,528,-1,474,528,579,-1,579,528,530,-1,579,530,532,-1,551,553,540,-1,517,519,475,-1,475,519,521,-1,475,521,522,-1,571,540,569,-1,569,540,567,-1,532,534,579,-1,579,534,536,-1,579,536,577,-1,577,536,538,-1,577,538,575,-1,575,538,540,-1,575,540,573,-1,573,540,571,-1,545,547,549,-1,558,561,563,-1,466,471,489,-1,489,471,469,-1,489,469,487,-1,487,469,502,-1,487,502,485,-1,485,502,504,-1,485,504,483,-1,483,504,506,-1,483,506,481,-1,481,506,508,-1,481,508,479,-1,479,508,510,-1,479,510,476,-1,476,510,512,-1,476,512,475,-1,475,512,514,-1,475,514,517,-1,553,555,540,-1,540,555,557,-1,540,557,567,-1,567,557,558,-1,567,558,565,-1,565,558,563,-1,551,540,549,-1,549,540,543,-1,549,543,545,-1,472,578,531,-1,537,535,578,-1,578,535,533,-1,578,533,531,-1,488,470,467,-1,559,556,541,-1,525,473,527,-1,527,473,472,-1,527,472,529,-1,529,472,531,-1,488,467,491,-1,562,560,559,-1,572,570,541,-1,497,495,499,-1,499,495,493,-1,499,493,501,-1,501,493,491,-1,501,491,465,-1,465,491,467,-1,556,554,541,-1,541,554,552,-1,541,552,542,-1,537,578,539,-1,539,578,576,-1,539,576,541,-1,541,576,574,-1,541,574,572,-1,525,523,473,-1,473,523,520,-1,473,520,518,-1,570,568,541,-1,541,568,566,-1,541,566,559,-1,559,566,564,-1,559,564,562,-1,518,516,473,-1,473,516,515,-1,473,515,477,-1,477,515,513,-1,477,513,478,-1,478,513,511,-1,478,511,480,-1,480,511,509,-1,480,509,482,-1,482,509,507,-1,482,507,484,-1,484,507,505,-1,484,505,486,-1,486,505,503,-1,486,503,488,-1,488,503,468,-1,488,468,470,-1,552,550,542,-1,542,550,548,-1,542,548,544,-1,544,548,546,-1,580,581,582,-1,582,581,583,-1,584,585,586,-1,586,585,587,-1,588,589,590,-1,590,589,591,-1,592,591,593,-1,593,591,589,-1,592,593,594,-1,592,594,595,-1,595,594,596,-1,595,596,597,-1,597,596,598,-1,597,598,599,-1,599,598,600,-1,599,600,601,-1,601,600,602,-1,601,602,603,-1,603,602,604,-1,603,604,605,-1,606,605,607,-1,607,605,604,-1,608,606,609,-1,609,606,607,-1,610,608,611,-1,611,608,609,-1,612,610,613,-1,613,610,611,-1,614,612,615,-1,615,612,613,-1,616,614,617,-1,617,614,615,-1,585,584,618,-1,618,584,619,-1,618,619,620,-1,620,619,621,-1,620,621,622,-1,622,621,623,-1,622,623,624,-1,624,623,625,-1,624,625,626,-1,626,625,627,-1,626,627,628,-1,628,627,629,-1,630,628,631,-1,631,628,629,-1,630,631,632,-1,630,632,633,-1,633,632,634,-1,633,634,635,-1,635,634,636,-1,635,636,637,-1,637,636,638,-1,638,636,639,-1,638,639,640,-1,640,639,641,-1,640,641,642,-1,642,641,643,-1,644,642,645,-1,645,642,643,-1,644,645,646,-1,646,645,647,-1,646,647,648,-1,648,647,649,-1,650,648,651,-1,651,648,649,-1,650,651,652,-1,652,651,653,-1,652,653,654,-1,654,653,655,-1,654,655,656,-1,656,655,657,-1,656,657,658,-1,656,658,659,-1,659,658,660,-1,659,660,661,-1,661,660,662,-1,661,662,663,-1,663,662,664,-1,663,664,665,-1,665,664,666,-1,665,666,667,-1,667,666,668,-1,667,668,669,-1,669,668,670,-1,669,670,671,-1,671,670,672,-1,671,672,673,-1,674,673,675,-1,675,673,672,-1,674,675,676,-1,674,676,677,-1,677,676,678,-1,677,678,679,-1,679,678,680,-1,679,680,681,-1,681,680,682,-1,681,682,683,-1,683,682,684,-1,683,684,685,-1,685,684,686,-1,685,686,687,-1,687,686,688,-1,687,688,689,-1,689,688,690,-1,689,690,691,-1,691,690,692,-1,691,692,693,-1,693,692,694,-1,693,694,695,-1,590,695,588,-1,588,695,694,-1,610,612,608,-1,608,612,614,-1,608,614,606,-1,638,640,591,-1,614,616,606,-1,606,616,580,-1,606,580,605,-1,605,580,582,-1,591,640,590,-1,640,642,590,-1,590,642,644,-1,590,644,695,-1,695,644,646,-1,695,646,648,-1,667,669,656,-1,633,635,591,-1,591,635,637,-1,591,637,638,-1,687,656,685,-1,685,656,683,-1,648,650,695,-1,695,650,652,-1,695,652,693,-1,693,652,654,-1,693,654,691,-1,691,654,656,-1,691,656,689,-1,689,656,687,-1,661,663,665,-1,674,677,679,-1,582,587,605,-1,605,587,585,-1,605,585,603,-1,603,585,618,-1,603,618,601,-1,601,618,620,-1,601,620,599,-1,599,620,622,-1,599,622,597,-1,597,622,624,-1,597,624,595,-1,595,624,626,-1,595,626,592,-1,592,626,628,-1,592,628,591,-1,591,628,630,-1,591,630,633,-1,669,671,656,-1,656,671,673,-1,656,673,683,-1,683,673,674,-1,683,674,681,-1,681,674,679,-1,667,656,665,-1,665,656,659,-1,665,659,661,-1,588,694,647,-1,653,651,694,-1,694,651,649,-1,694,649,647,-1,604,586,583,-1,675,672,657,-1,641,589,643,-1,643,589,588,-1,643,588,645,-1,645,588,647,-1,604,583,607,-1,678,676,675,-1,688,686,657,-1,613,611,615,-1,615,611,609,-1,615,609,617,-1,617,609,607,-1,617,607,581,-1,581,607,583,-1,672,670,657,-1,657,670,668,-1,657,668,658,-1,653,694,655,-1,655,694,692,-1,655,692,657,-1,657,692,690,-1,657,690,688,-1,641,639,589,-1,589,639,636,-1,589,636,634,-1,686,684,657,-1,657,684,682,-1,657,682,675,-1,675,682,680,-1,675,680,678,-1,634,632,589,-1,589,632,631,-1,589,631,593,-1,593,631,629,-1,593,629,594,-1,594,629,627,-1,594,627,596,-1,596,627,625,-1,596,625,598,-1,598,625,623,-1,598,623,600,-1,600,623,621,-1,600,621,602,-1,602,621,619,-1,602,619,604,-1,604,619,584,-1,604,584,586,-1,668,666,658,-1,658,666,664,-1,658,664,660,-1,660,664,662,-1,696,697,698,-1,698,697,699,-1,700,701,702,-1,702,701,703,-1,704,705,706,-1,706,705,707,-1,708,707,709,-1,709,707,705,-1,708,709,710,-1,708,710,711,-1,711,710,712,-1,711,712,713,-1,713,712,714,-1,713,714,715,-1,715,714,716,-1,715,716,717,-1,717,716,718,-1,717,718,719,-1,719,718,720,-1,719,720,721,-1,722,721,723,-1,723,721,720,-1,724,722,725,-1,725,722,723,-1,726,724,727,-1,727,724,725,-1,728,726,729,-1,729,726,727,-1,730,728,731,-1,731,728,729,-1,732,730,733,-1,733,730,731,-1,701,700,734,-1,734,700,735,-1,734,735,736,-1,736,735,737,-1,736,737,738,-1,738,737,739,-1,738,739,740,-1,740,739,741,-1,740,741,742,-1,742,741,743,-1,742,743,744,-1,744,743,745,-1,746,744,747,-1,747,744,745,-1,746,747,748,-1,746,748,749,-1,749,748,750,-1,749,750,751,-1,751,750,752,-1,751,752,753,-1,753,752,754,-1,754,752,755,-1,754,755,756,-1,756,755,757,-1,756,757,758,-1,758,757,759,-1,760,758,761,-1,761,758,759,-1,760,761,762,-1,762,761,763,-1,762,763,764,-1,764,763,765,-1,766,764,767,-1,767,764,765,-1,766,767,768,-1,768,767,769,-1,768,769,770,-1,770,769,771,-1,770,771,772,-1,772,771,773,-1,772,773,774,-1,772,774,775,-1,775,774,776,-1,775,776,777,-1,777,776,778,-1,777,778,779,-1,779,778,780,-1,779,780,781,-1,781,780,782,-1,781,782,783,-1,783,782,784,-1,783,784,785,-1,785,784,786,-1,785,786,787,-1,787,786,788,-1,787,788,789,-1,790,789,791,-1,791,789,788,-1,790,791,792,-1,790,792,793,-1,793,792,794,-1,793,794,795,-1,795,794,796,-1,795,796,797,-1,797,796,798,-1,797,798,799,-1,799,798,800,-1,799,800,801,-1,801,800,802,-1,801,802,803,-1,803,802,804,-1,803,804,805,-1,805,804,806,-1,805,806,807,-1,807,806,808,-1,807,808,809,-1,809,808,810,-1,809,810,811,-1,706,811,704,-1,704,811,810,-1,726,728,724,-1,724,728,730,-1,724,730,722,-1,754,756,707,-1,730,732,722,-1,722,732,696,-1,722,696,721,-1,721,696,698,-1,707,756,706,-1,756,758,706,-1,706,758,760,-1,706,760,811,-1,811,760,762,-1,811,762,764,-1,783,785,772,-1,749,751,707,-1,707,751,753,-1,707,753,754,-1,803,772,801,-1,801,772,799,-1,764,766,811,-1,811,766,768,-1,811,768,809,-1,809,768,770,-1,809,770,807,-1,807,770,772,-1,807,772,805,-1,805,772,803,-1,777,779,781,-1,790,793,795,-1,698,703,721,-1,721,703,701,-1,721,701,719,-1,719,701,734,-1,719,734,717,-1,717,734,736,-1,717,736,715,-1,715,736,738,-1,715,738,713,-1,713,738,740,-1,713,740,711,-1,711,740,742,-1,711,742,708,-1,708,742,744,-1,708,744,707,-1,707,744,746,-1,707,746,749,-1,785,787,772,-1,772,787,789,-1,772,789,799,-1,799,789,790,-1,799,790,797,-1,797,790,795,-1,783,772,781,-1,781,772,775,-1,781,775,777,-1,704,810,763,-1,702,699,720,-1,769,767,810,-1,810,767,765,-1,810,765,763,-1,720,699,723,-1,791,788,773,-1,757,705,759,-1,759,705,704,-1,759,704,761,-1,761,704,763,-1,729,727,731,-1,731,727,725,-1,731,725,733,-1,733,725,723,-1,733,723,697,-1,697,723,699,-1,794,792,791,-1,804,802,773,-1,788,786,773,-1,773,786,784,-1,773,784,774,-1,769,810,771,-1,771,810,808,-1,771,808,773,-1,773,808,806,-1,773,806,804,-1,757,755,705,-1,705,755,752,-1,705,752,750,-1,802,800,773,-1,773,800,798,-1,773,798,791,-1,791,798,796,-1,791,796,794,-1,750,748,705,-1,705,748,747,-1,705,747,709,-1,709,747,745,-1,709,745,710,-1,710,745,743,-1,710,743,712,-1,712,743,741,-1,712,741,714,-1,714,741,739,-1,714,739,716,-1,716,739,737,-1,716,737,718,-1,718,737,735,-1,718,735,720,-1,720,735,700,-1,720,700,702,-1,784,782,774,-1,774,782,780,-1,774,780,776,-1,776,780,778,-1,812,813,814,-1,814,813,815,-1,816,817,818,-1,818,817,819,-1,820,821,822,-1,822,821,823,-1,824,823,825,-1,825,823,821,-1,824,825,826,-1,824,826,827,-1,827,826,828,-1,827,828,829,-1,829,828,830,-1,829,830,831,-1,831,830,832,-1,831,832,833,-1,833,832,834,-1,833,834,835,-1,835,834,836,-1,835,836,837,-1,838,837,839,-1,839,837,836,-1,840,838,841,-1,841,838,839,-1,842,840,843,-1,843,840,841,-1,844,842,845,-1,845,842,843,-1,846,844,847,-1,847,844,845,-1,848,846,849,-1,849,846,847,-1,817,816,850,-1,850,816,851,-1,850,851,852,-1,852,851,853,-1,852,853,854,-1,854,853,855,-1,854,855,856,-1,856,855,857,-1,856,857,858,-1,858,857,859,-1,858,859,860,-1,860,859,861,-1,862,860,863,-1,863,860,861,-1,862,863,864,-1,862,864,865,-1,865,864,866,-1,865,866,867,-1,867,866,868,-1,867,868,869,-1,869,868,870,-1,870,868,871,-1,870,871,872,-1,872,871,873,-1,872,873,874,-1,874,873,875,-1,876,874,877,-1,877,874,875,-1,876,877,878,-1,878,877,879,-1,878,879,880,-1,880,879,881,-1,882,880,883,-1,883,880,881,-1,882,883,884,-1,884,883,885,-1,884,885,886,-1,886,885,887,-1,886,887,888,-1,888,887,889,-1,888,889,890,-1,888,890,891,-1,891,890,892,-1,891,892,893,-1,893,892,894,-1,893,894,895,-1,895,894,896,-1,895,896,897,-1,897,896,898,-1,897,898,899,-1,899,898,900,-1,899,900,901,-1,901,900,902,-1,901,902,903,-1,903,902,904,-1,903,904,905,-1,906,905,907,-1,907,905,904,-1,906,907,908,-1,906,908,909,-1,909,908,910,-1,909,910,911,-1,911,910,912,-1,911,912,913,-1,913,912,914,-1,913,914,915,-1,915,914,916,-1,915,916,917,-1,917,916,918,-1,917,918,919,-1,919,918,920,-1,919,920,921,-1,921,920,922,-1,921,922,923,-1,923,922,924,-1,923,924,925,-1,925,924,926,-1,925,926,927,-1,822,927,820,-1,820,927,926,-1,842,844,840,-1,840,844,846,-1,840,846,838,-1,870,872,823,-1,846,848,838,-1,838,848,812,-1,838,812,837,-1,837,812,814,-1,823,872,822,-1,872,874,822,-1,822,874,876,-1,822,876,927,-1,927,876,878,-1,927,878,880,-1,899,901,888,-1,865,867,823,-1,823,867,869,-1,823,869,870,-1,919,888,917,-1,917,888,915,-1,880,882,927,-1,927,882,884,-1,927,884,925,-1,925,884,886,-1,925,886,923,-1,923,886,888,-1,923,888,921,-1,921,888,919,-1,893,895,897,-1,906,909,911,-1,814,819,837,-1,837,819,817,-1,837,817,835,-1,835,817,850,-1,835,850,833,-1,833,850,852,-1,833,852,831,-1,831,852,854,-1,831,854,829,-1,829,854,856,-1,829,856,827,-1,827,856,858,-1,827,858,824,-1,824,858,860,-1,824,860,823,-1,823,860,862,-1,823,862,865,-1,901,903,888,-1,888,903,905,-1,888,905,915,-1,915,905,906,-1,915,906,913,-1,913,906,911,-1,899,888,897,-1,897,888,891,-1,897,891,893,-1,820,926,879,-1,885,883,926,-1,926,883,881,-1,926,881,879,-1,836,818,815,-1,907,904,889,-1,873,821,875,-1,875,821,820,-1,875,820,877,-1,877,820,879,-1,836,815,839,-1,910,908,907,-1,920,918,889,-1,845,843,847,-1,847,843,841,-1,847,841,849,-1,849,841,839,-1,849,839,813,-1,813,839,815,-1,904,902,889,-1,889,902,900,-1,889,900,890,-1,885,926,887,-1,887,926,924,-1,887,924,889,-1,889,924,922,-1,889,922,920,-1,873,871,821,-1,821,871,868,-1,821,868,866,-1,918,916,889,-1,889,916,914,-1,889,914,907,-1,907,914,912,-1,907,912,910,-1,866,864,821,-1,821,864,863,-1,821,863,825,-1,825,863,861,-1,825,861,826,-1,826,861,859,-1,826,859,828,-1,828,859,857,-1,828,857,830,-1,830,857,855,-1,830,855,832,-1,832,855,853,-1,832,853,834,-1,834,853,851,-1,834,851,836,-1,836,851,816,-1,836,816,818,-1,900,898,890,-1,890,898,896,-1,890,896,892,-1,892,896,894,-1,928,929,930,-1,930,929,931,-1,932,933,934,-1,934,933,935,-1,936,937,938,-1,938,937,939,-1,940,939,941,-1,941,939,937,-1,940,941,942,-1,940,942,943,-1,943,942,944,-1,943,944,945,-1,945,944,946,-1,945,946,947,-1,947,946,948,-1,947,948,949,-1,949,948,950,-1,949,950,951,-1,951,950,952,-1,951,952,953,-1,954,953,955,-1,955,953,952,-1,956,954,957,-1,957,954,955,-1,958,956,959,-1,959,956,957,-1,960,958,961,-1,961,958,959,-1,962,960,963,-1,963,960,961,-1,964,962,965,-1,965,962,963,-1,933,932,966,-1,966,932,967,-1,966,967,968,-1,968,967,969,-1,968,969,970,-1,970,969,971,-1,970,971,972,-1,972,971,973,-1,972,973,974,-1,974,973,975,-1,974,975,976,-1,976,975,977,-1,978,976,979,-1,979,976,977,-1,978,979,980,-1,978,980,981,-1,981,980,982,-1,981,982,983,-1,983,982,984,-1,983,984,985,-1,985,984,986,-1,986,984,987,-1,986,987,988,-1,988,987,989,-1,988,989,990,-1,990,989,991,-1,992,990,993,-1,993,990,991,-1,992,993,994,-1,994,993,995,-1,994,995,996,-1,996,995,997,-1,998,996,999,-1,999,996,997,-1,998,999,1000,-1,1000,999,1001,-1,1000,1001,1002,-1,1002,1001,1003,-1,1002,1003,1004,-1,1004,1003,1005,-1,1004,1005,1006,-1,1004,1006,1007,-1,1007,1006,1008,-1,1007,1008,1009,-1,1009,1008,1010,-1,1009,1010,1011,-1,1011,1010,1012,-1,1011,1012,1013,-1,1013,1012,1014,-1,1013,1014,1015,-1,1015,1014,1016,-1,1015,1016,1017,-1,1017,1016,1018,-1,1017,1018,1019,-1,1019,1018,1020,-1,1019,1020,1021,-1,1022,1021,1023,-1,1023,1021,1020,-1,1022,1023,1024,-1,1022,1024,1025,-1,1025,1024,1026,-1,1025,1026,1027,-1,1027,1026,1028,-1,1027,1028,1029,-1,1029,1028,1030,-1,1029,1030,1031,-1,1031,1030,1032,-1,1031,1032,1033,-1,1033,1032,1034,-1,1033,1034,1035,-1,1035,1034,1036,-1,1035,1036,1037,-1,1037,1036,1038,-1,1037,1038,1039,-1,1039,1038,1040,-1,1039,1040,1041,-1,1041,1040,1042,-1,1041,1042,1043,-1,938,1043,936,-1,936,1043,1042,-1,958,960,956,-1,956,960,962,-1,956,962,954,-1,986,988,939,-1,962,964,954,-1,954,964,928,-1,954,928,953,-1,953,928,930,-1,939,988,938,-1,988,990,938,-1,938,990,992,-1,938,992,1043,-1,1043,992,994,-1,1043,994,996,-1,1015,1017,1004,-1,981,983,939,-1,939,983,985,-1,939,985,986,-1,1035,1004,1033,-1,1033,1004,1031,-1,996,998,1043,-1,1043,998,1000,-1,1043,1000,1041,-1,1041,1000,1002,-1,1041,1002,1039,-1,1039,1002,1004,-1,1039,1004,1037,-1,1037,1004,1035,-1,1009,1011,1013,-1,1022,1025,1027,-1,930,935,953,-1,953,935,933,-1,953,933,951,-1,951,933,966,-1,951,966,949,-1,949,966,968,-1,949,968,947,-1,947,968,970,-1,947,970,945,-1,945,970,972,-1,945,972,943,-1,943,972,974,-1,943,974,940,-1,940,974,976,-1,940,976,939,-1,939,976,978,-1,939,978,981,-1,1017,1019,1004,-1,1004,1019,1021,-1,1004,1021,1031,-1,1031,1021,1022,-1,1031,1022,1029,-1,1029,1022,1027,-1,1015,1004,1013,-1,1013,1004,1007,-1,1013,1007,1009,-1,936,1042,995,-1,1001,999,1042,-1,1042,999,997,-1,1042,997,995,-1,952,934,931,-1,1023,1020,1005,-1,989,937,991,-1,991,937,936,-1,991,936,993,-1,993,936,995,-1,952,931,955,-1,1026,1024,1023,-1,1036,1034,1005,-1,961,959,963,-1,963,959,957,-1,963,957,965,-1,965,957,955,-1,965,955,929,-1,929,955,931,-1,1020,1018,1005,-1,1005,1018,1016,-1,1005,1016,1006,-1,1001,1042,1003,-1,1003,1042,1040,-1,1003,1040,1005,-1,1005,1040,1038,-1,1005,1038,1036,-1,989,987,937,-1,937,987,984,-1,937,984,982,-1,1034,1032,1005,-1,1005,1032,1030,-1,1005,1030,1023,-1,1023,1030,1028,-1,1023,1028,1026,-1,982,980,937,-1,937,980,979,-1,937,979,941,-1,941,979,977,-1,941,977,942,-1,942,977,975,-1,942,975,944,-1,944,975,973,-1,944,973,946,-1,946,973,971,-1,946,971,948,-1,948,971,969,-1,948,969,950,-1,950,969,967,-1,950,967,952,-1,952,967,932,-1,952,932,934,-1,1016,1014,1006,-1,1006,1014,1012,-1,1006,1012,1008,-1,1008,1012,1010,-1,1044,1045,1046,-1,1046,1045,1047,-1,1048,1049,1050,-1,1050,1049,1051,-1,1052,1053,1054,-1,1054,1053,1055,-1,1056,1055,1057,-1,1057,1055,1053,-1,1056,1057,1058,-1,1056,1058,1059,-1,1059,1058,1060,-1,1059,1060,1061,-1,1061,1060,1062,-1,1061,1062,1063,-1,1063,1062,1064,-1,1063,1064,1065,-1,1065,1064,1066,-1,1065,1066,1067,-1,1067,1066,1068,-1,1067,1068,1069,-1,1070,1069,1071,-1,1071,1069,1068,-1,1072,1070,1073,-1,1073,1070,1071,-1,1074,1072,1075,-1,1075,1072,1073,-1,1076,1074,1077,-1,1077,1074,1075,-1,1078,1076,1079,-1,1079,1076,1077,-1,1080,1078,1081,-1,1081,1078,1079,-1,1049,1048,1082,-1,1082,1048,1083,-1,1082,1083,1084,-1,1084,1083,1085,-1,1084,1085,1086,-1,1086,1085,1087,-1,1086,1087,1088,-1,1088,1087,1089,-1,1088,1089,1090,-1,1090,1089,1091,-1,1090,1091,1092,-1,1092,1091,1093,-1,1094,1092,1095,-1,1095,1092,1093,-1,1094,1095,1096,-1,1094,1096,1097,-1,1097,1096,1098,-1,1097,1098,1099,-1,1099,1098,1100,-1,1099,1100,1101,-1,1101,1100,1102,-1,1102,1100,1103,-1,1102,1103,1104,-1,1104,1103,1105,-1,1104,1105,1106,-1,1106,1105,1107,-1,1108,1106,1109,-1,1109,1106,1107,-1,1108,1109,1110,-1,1110,1109,1111,-1,1110,1111,1112,-1,1112,1111,1113,-1,1114,1112,1115,-1,1115,1112,1113,-1,1114,1115,1116,-1,1116,1115,1117,-1,1116,1117,1118,-1,1118,1117,1119,-1,1118,1119,1120,-1,1120,1119,1121,-1,1120,1121,1122,-1,1120,1122,1123,-1,1123,1122,1124,-1,1123,1124,1125,-1,1125,1124,1126,-1,1125,1126,1127,-1,1127,1126,1128,-1,1127,1128,1129,-1,1129,1128,1130,-1,1129,1130,1131,-1,1131,1130,1132,-1,1131,1132,1133,-1,1133,1132,1134,-1,1133,1134,1135,-1,1135,1134,1136,-1,1135,1136,1137,-1,1138,1137,1139,-1,1139,1137,1136,-1,1138,1139,1140,-1,1138,1140,1141,-1,1141,1140,1142,-1,1141,1142,1143,-1,1143,1142,1144,-1,1143,1144,1145,-1,1145,1144,1146,-1,1145,1146,1147,-1,1147,1146,1148,-1,1147,1148,1149,-1,1149,1148,1150,-1,1149,1150,1151,-1,1151,1150,1152,-1,1151,1152,1153,-1,1153,1152,1154,-1,1153,1154,1155,-1,1155,1154,1156,-1,1155,1156,1157,-1,1157,1156,1158,-1,1157,1158,1159,-1,1054,1159,1052,-1,1052,1159,1158,-1,1074,1076,1072,-1,1072,1076,1078,-1,1072,1078,1070,-1,1102,1104,1055,-1,1078,1080,1070,-1,1070,1080,1044,-1,1070,1044,1069,-1,1069,1044,1046,-1,1055,1104,1054,-1,1104,1106,1054,-1,1054,1106,1108,-1,1054,1108,1159,-1,1159,1108,1110,-1,1159,1110,1112,-1,1131,1133,1120,-1,1097,1099,1055,-1,1055,1099,1101,-1,1055,1101,1102,-1,1151,1120,1149,-1,1149,1120,1147,-1,1112,1114,1159,-1,1159,1114,1116,-1,1159,1116,1157,-1,1157,1116,1118,-1,1157,1118,1155,-1,1155,1118,1120,-1,1155,1120,1153,-1,1153,1120,1151,-1,1125,1127,1129,-1,1138,1141,1143,-1,1046,1051,1069,-1,1069,1051,1049,-1,1069,1049,1067,-1,1067,1049,1082,-1,1067,1082,1065,-1,1065,1082,1084,-1,1065,1084,1063,-1,1063,1084,1086,-1,1063,1086,1061,-1,1061,1086,1088,-1,1061,1088,1059,-1,1059,1088,1090,-1,1059,1090,1056,-1,1056,1090,1092,-1,1056,1092,1055,-1,1055,1092,1094,-1,1055,1094,1097,-1,1133,1135,1120,-1,1120,1135,1137,-1,1120,1137,1147,-1,1147,1137,1138,-1,1147,1138,1145,-1,1145,1138,1143,-1,1131,1120,1129,-1,1129,1120,1123,-1,1129,1123,1125,-1,1052,1158,1111,-1,1117,1115,1158,-1,1158,1115,1113,-1,1158,1113,1111,-1,1068,1050,1047,-1,1139,1136,1121,-1,1105,1053,1107,-1,1107,1053,1052,-1,1107,1052,1109,-1,1109,1052,1111,-1,1068,1047,1071,-1,1142,1140,1139,-1,1152,1150,1121,-1,1077,1075,1079,-1,1079,1075,1073,-1,1079,1073,1081,-1,1081,1073,1071,-1,1081,1071,1045,-1,1045,1071,1047,-1,1136,1134,1121,-1,1121,1134,1132,-1,1121,1132,1122,-1,1117,1158,1119,-1,1119,1158,1156,-1,1119,1156,1121,-1,1121,1156,1154,-1,1121,1154,1152,-1,1105,1103,1053,-1,1053,1103,1100,-1,1053,1100,1098,-1,1150,1148,1121,-1,1121,1148,1146,-1,1121,1146,1139,-1,1139,1146,1144,-1,1139,1144,1142,-1,1098,1096,1053,-1,1053,1096,1095,-1,1053,1095,1057,-1,1057,1095,1093,-1,1057,1093,1058,-1,1058,1093,1091,-1,1058,1091,1060,-1,1060,1091,1089,-1,1060,1089,1062,-1,1062,1089,1087,-1,1062,1087,1064,-1,1064,1087,1085,-1,1064,1085,1066,-1,1066,1085,1083,-1,1066,1083,1068,-1,1068,1083,1048,-1,1068,1048,1050,-1,1132,1130,1122,-1,1122,1130,1128,-1,1122,1128,1124,-1,1124,1128,1126,-1,1160,1161,1162,-1,1162,1161,1163,-1,1164,1165,1166,-1,1166,1165,1167,-1,1168,1169,1170,-1,1170,1169,1171,-1,1172,1171,1173,-1,1173,1171,1169,-1,1172,1173,1174,-1,1172,1174,1175,-1,1175,1174,1176,-1,1175,1176,1177,-1,1177,1176,1178,-1,1177,1178,1179,-1,1179,1178,1180,-1,1179,1180,1181,-1,1181,1180,1182,-1,1181,1182,1183,-1,1183,1182,1184,-1,1183,1184,1185,-1,1186,1185,1187,-1,1187,1185,1184,-1,1188,1186,1189,-1,1189,1186,1187,-1,1190,1188,1191,-1,1191,1188,1189,-1,1192,1190,1193,-1,1193,1190,1191,-1,1194,1192,1195,-1,1195,1192,1193,-1,1196,1194,1197,-1,1197,1194,1195,-1,1165,1164,1198,-1,1198,1164,1199,-1,1198,1199,1200,-1,1200,1199,1201,-1,1200,1201,1202,-1,1202,1201,1203,-1,1202,1203,1204,-1,1204,1203,1205,-1,1204,1205,1206,-1,1206,1205,1207,-1,1206,1207,1208,-1,1208,1207,1209,-1,1210,1208,1211,-1,1211,1208,1209,-1,1210,1211,1212,-1,1210,1212,1213,-1,1213,1212,1214,-1,1213,1214,1215,-1,1215,1214,1216,-1,1215,1216,1217,-1,1217,1216,1218,-1,1218,1216,1219,-1,1218,1219,1220,-1,1220,1219,1221,-1,1220,1221,1222,-1,1222,1221,1223,-1,1224,1222,1225,-1,1225,1222,1223,-1,1224,1225,1226,-1,1226,1225,1227,-1,1226,1227,1228,-1,1228,1227,1229,-1,1230,1228,1231,-1,1231,1228,1229,-1,1230,1231,1232,-1,1232,1231,1233,-1,1232,1233,1234,-1,1234,1233,1235,-1,1234,1235,1236,-1,1236,1235,1237,-1,1236,1237,1238,-1,1236,1238,1239,-1,1239,1238,1240,-1,1239,1240,1241,-1,1241,1240,1242,-1,1241,1242,1243,-1,1243,1242,1244,-1,1243,1244,1245,-1,1245,1244,1246,-1,1245,1246,1247,-1,1247,1246,1248,-1,1247,1248,1249,-1,1249,1248,1250,-1,1249,1250,1251,-1,1251,1250,1252,-1,1251,1252,1253,-1,1254,1253,1255,-1,1255,1253,1252,-1,1254,1255,1256,-1,1254,1256,1257,-1,1257,1256,1258,-1,1257,1258,1259,-1,1259,1258,1260,-1,1259,1260,1261,-1,1261,1260,1262,-1,1261,1262,1263,-1,1263,1262,1264,-1,1263,1264,1265,-1,1265,1264,1266,-1,1265,1266,1267,-1,1267,1266,1268,-1,1267,1268,1269,-1,1269,1268,1270,-1,1269,1270,1271,-1,1271,1270,1272,-1,1271,1272,1273,-1,1273,1272,1274,-1,1273,1274,1275,-1,1170,1275,1168,-1,1168,1275,1274,-1,1190,1192,1188,-1,1188,1192,1194,-1,1188,1194,1186,-1,1218,1220,1171,-1,1194,1196,1186,-1,1186,1196,1160,-1,1186,1160,1185,-1,1185,1160,1162,-1,1171,1220,1170,-1,1220,1222,1170,-1,1170,1222,1224,-1,1170,1224,1275,-1,1275,1224,1226,-1,1275,1226,1228,-1,1247,1249,1236,-1,1213,1215,1171,-1,1171,1215,1217,-1,1171,1217,1218,-1,1267,1236,1265,-1,1265,1236,1263,-1,1228,1230,1275,-1,1275,1230,1232,-1,1275,1232,1273,-1,1273,1232,1234,-1,1273,1234,1271,-1,1271,1234,1236,-1,1271,1236,1269,-1,1269,1236,1267,-1,1241,1243,1245,-1,1254,1257,1259,-1,1162,1167,1185,-1,1185,1167,1165,-1,1185,1165,1183,-1,1183,1165,1198,-1,1183,1198,1181,-1,1181,1198,1200,-1,1181,1200,1179,-1,1179,1200,1202,-1,1179,1202,1177,-1,1177,1202,1204,-1,1177,1204,1175,-1,1175,1204,1206,-1,1175,1206,1172,-1,1172,1206,1208,-1,1172,1208,1171,-1,1171,1208,1210,-1,1171,1210,1213,-1,1249,1251,1236,-1,1236,1251,1253,-1,1236,1253,1263,-1,1263,1253,1254,-1,1263,1254,1261,-1,1261,1254,1259,-1,1247,1236,1245,-1,1245,1236,1239,-1,1245,1239,1241,-1,1168,1274,1227,-1,1233,1231,1274,-1,1274,1231,1229,-1,1274,1229,1227,-1,1184,1166,1163,-1,1255,1252,1237,-1,1221,1169,1223,-1,1223,1169,1168,-1,1223,1168,1225,-1,1225,1168,1227,-1,1184,1163,1187,-1,1258,1256,1255,-1,1268,1266,1237,-1,1193,1191,1195,-1,1195,1191,1189,-1,1195,1189,1197,-1,1197,1189,1187,-1,1197,1187,1161,-1,1161,1187,1163,-1,1252,1250,1237,-1,1237,1250,1248,-1,1237,1248,1238,-1,1233,1274,1235,-1,1235,1274,1272,-1,1235,1272,1237,-1,1237,1272,1270,-1,1237,1270,1268,-1,1221,1219,1169,-1,1169,1219,1216,-1,1169,1216,1214,-1,1266,1264,1237,-1,1237,1264,1262,-1,1237,1262,1255,-1,1255,1262,1260,-1,1255,1260,1258,-1,1214,1212,1169,-1,1169,1212,1211,-1,1169,1211,1173,-1,1173,1211,1209,-1,1173,1209,1174,-1,1174,1209,1207,-1,1174,1207,1176,-1,1176,1207,1205,-1,1176,1205,1178,-1,1178,1205,1203,-1,1178,1203,1180,-1,1180,1203,1201,-1,1180,1201,1182,-1,1182,1201,1199,-1,1182,1199,1184,-1,1184,1199,1164,-1,1184,1164,1166,-1,1248,1246,1238,-1,1238,1246,1244,-1,1238,1244,1240,-1,1240,1244,1242,-1,1276,1277,1278,-1,1278,1277,1279,-1,1280,1281,1282,-1,1282,1281,1283,-1,1284,1285,1286,-1,1286,1285,1287,-1,1288,1287,1289,-1,1289,1287,1285,-1,1288,1289,1290,-1,1288,1290,1291,-1,1291,1290,1292,-1,1291,1292,1293,-1,1293,1292,1294,-1,1293,1294,1295,-1,1295,1294,1296,-1,1295,1296,1297,-1,1297,1296,1298,-1,1297,1298,1299,-1,1299,1298,1300,-1,1299,1300,1301,-1,1302,1301,1303,-1,1303,1301,1300,-1,1304,1302,1305,-1,1305,1302,1303,-1,1306,1304,1307,-1,1307,1304,1305,-1,1308,1306,1309,-1,1309,1306,1307,-1,1310,1308,1311,-1,1311,1308,1309,-1,1312,1310,1313,-1,1313,1310,1311,-1,1281,1280,1314,-1,1314,1280,1315,-1,1314,1315,1316,-1,1316,1315,1317,-1,1316,1317,1318,-1,1318,1317,1319,-1,1318,1319,1320,-1,1320,1319,1321,-1,1320,1321,1322,-1,1322,1321,1323,-1,1322,1323,1324,-1,1324,1323,1325,-1,1326,1324,1327,-1,1327,1324,1325,-1,1326,1327,1328,-1,1326,1328,1329,-1,1329,1328,1330,-1,1329,1330,1331,-1,1331,1330,1332,-1,1331,1332,1333,-1,1333,1332,1334,-1,1334,1332,1335,-1,1334,1335,1336,-1,1336,1335,1337,-1,1336,1337,1338,-1,1338,1337,1339,-1,1340,1338,1341,-1,1341,1338,1339,-1,1340,1341,1342,-1,1342,1341,1343,-1,1342,1343,1344,-1,1344,1343,1345,-1,1346,1344,1347,-1,1347,1344,1345,-1,1346,1347,1348,-1,1348,1347,1349,-1,1348,1349,1350,-1,1350,1349,1351,-1,1350,1351,1352,-1,1352,1351,1353,-1,1352,1353,1354,-1,1352,1354,1355,-1,1355,1354,1356,-1,1355,1356,1357,-1,1357,1356,1358,-1,1357,1358,1359,-1,1359,1358,1360,-1,1359,1360,1361,-1,1361,1360,1362,-1,1361,1362,1363,-1,1363,1362,1364,-1,1363,1364,1365,-1,1365,1364,1366,-1,1365,1366,1367,-1,1367,1366,1368,-1,1367,1368,1369,-1,1370,1369,1371,-1,1371,1369,1368,-1,1370,1371,1372,-1,1370,1372,1373,-1,1373,1372,1374,-1,1373,1374,1375,-1,1375,1374,1376,-1,1375,1376,1377,-1,1377,1376,1378,-1,1377,1378,1379,-1,1379,1378,1380,-1,1379,1380,1381,-1,1381,1380,1382,-1,1381,1382,1383,-1,1383,1382,1384,-1,1383,1384,1385,-1,1385,1384,1386,-1,1385,1386,1387,-1,1387,1386,1388,-1,1387,1388,1389,-1,1389,1388,1390,-1,1389,1390,1391,-1,1286,1391,1284,-1,1284,1391,1390,-1,1306,1308,1304,-1,1304,1308,1310,-1,1304,1310,1302,-1,1334,1336,1287,-1,1310,1312,1302,-1,1302,1312,1276,-1,1302,1276,1301,-1,1301,1276,1278,-1,1287,1336,1286,-1,1336,1338,1286,-1,1286,1338,1340,-1,1286,1340,1391,-1,1391,1340,1342,-1,1391,1342,1344,-1,1363,1365,1352,-1,1329,1331,1287,-1,1287,1331,1333,-1,1287,1333,1334,-1,1383,1352,1381,-1,1381,1352,1379,-1,1344,1346,1391,-1,1391,1346,1348,-1,1391,1348,1389,-1,1389,1348,1350,-1,1389,1350,1387,-1,1387,1350,1352,-1,1387,1352,1385,-1,1385,1352,1383,-1,1357,1359,1361,-1,1370,1373,1375,-1,1278,1283,1301,-1,1301,1283,1281,-1,1301,1281,1299,-1,1299,1281,1314,-1,1299,1314,1297,-1,1297,1314,1316,-1,1297,1316,1295,-1,1295,1316,1318,-1,1295,1318,1293,-1,1293,1318,1320,-1,1293,1320,1291,-1,1291,1320,1322,-1,1291,1322,1288,-1,1288,1322,1324,-1,1288,1324,1287,-1,1287,1324,1326,-1,1287,1326,1329,-1,1365,1367,1352,-1,1352,1367,1369,-1,1352,1369,1379,-1,1379,1369,1370,-1,1379,1370,1377,-1,1377,1370,1375,-1,1363,1352,1361,-1,1361,1352,1355,-1,1361,1355,1357,-1,1284,1390,1343,-1,1349,1347,1390,-1,1390,1347,1345,-1,1390,1345,1343,-1,1300,1282,1279,-1,1371,1368,1353,-1,1337,1285,1339,-1,1339,1285,1284,-1,1339,1284,1341,-1,1341,1284,1343,-1,1300,1279,1303,-1,1374,1372,1371,-1,1384,1382,1353,-1,1309,1307,1311,-1,1311,1307,1305,-1,1311,1305,1313,-1,1313,1305,1303,-1,1313,1303,1277,-1,1277,1303,1279,-1,1368,1366,1353,-1,1353,1366,1364,-1,1353,1364,1354,-1,1349,1390,1351,-1,1351,1390,1388,-1,1351,1388,1353,-1,1353,1388,1386,-1,1353,1386,1384,-1,1337,1335,1285,-1,1285,1335,1332,-1,1285,1332,1330,-1,1382,1380,1353,-1,1353,1380,1378,-1,1353,1378,1371,-1,1371,1378,1376,-1,1371,1376,1374,-1,1330,1328,1285,-1,1285,1328,1327,-1,1285,1327,1289,-1,1289,1327,1325,-1,1289,1325,1290,-1,1290,1325,1323,-1,1290,1323,1292,-1,1292,1323,1321,-1,1292,1321,1294,-1,1294,1321,1319,-1,1294,1319,1296,-1,1296,1319,1317,-1,1296,1317,1298,-1,1298,1317,1315,-1,1298,1315,1300,-1,1300,1315,1280,-1,1300,1280,1282,-1,1364,1362,1354,-1,1354,1362,1360,-1,1354,1360,1356,-1,1356,1360,1358,-1,1392,1393,1394,-1,1394,1393,1395,-1,1396,1397,1398,-1,1398,1397,1399,-1,1400,1401,1402,-1,1402,1401,1403,-1,1404,1403,1405,-1,1405,1403,1401,-1,1404,1405,1406,-1,1404,1406,1407,-1,1407,1406,1408,-1,1407,1408,1409,-1,1409,1408,1410,-1,1409,1410,1411,-1,1411,1410,1412,-1,1411,1412,1413,-1,1413,1412,1414,-1,1413,1414,1415,-1,1415,1414,1416,-1,1415,1416,1417,-1,1418,1417,1419,-1,1419,1417,1416,-1,1420,1418,1421,-1,1421,1418,1419,-1,1422,1420,1423,-1,1423,1420,1421,-1,1424,1422,1425,-1,1425,1422,1423,-1,1426,1424,1427,-1,1427,1424,1425,-1,1428,1426,1429,-1,1429,1426,1427,-1,1397,1396,1430,-1,1430,1396,1431,-1,1430,1431,1432,-1,1432,1431,1433,-1,1432,1433,1434,-1,1434,1433,1435,-1,1434,1435,1436,-1,1436,1435,1437,-1,1436,1437,1438,-1,1438,1437,1439,-1,1438,1439,1440,-1,1440,1439,1441,-1,1442,1440,1443,-1,1443,1440,1441,-1,1442,1443,1444,-1,1442,1444,1445,-1,1445,1444,1446,-1,1445,1446,1447,-1,1447,1446,1448,-1,1447,1448,1449,-1,1449,1448,1450,-1,1450,1448,1451,-1,1450,1451,1452,-1,1452,1451,1453,-1,1452,1453,1454,-1,1454,1453,1455,-1,1456,1454,1457,-1,1457,1454,1455,-1,1456,1457,1458,-1,1458,1457,1459,-1,1458,1459,1460,-1,1460,1459,1461,-1,1462,1460,1463,-1,1463,1460,1461,-1,1462,1463,1464,-1,1464,1463,1465,-1,1464,1465,1466,-1,1466,1465,1467,-1,1466,1467,1468,-1,1468,1467,1469,-1,1468,1469,1470,-1,1468,1470,1471,-1,1471,1470,1472,-1,1471,1472,1473,-1,1473,1472,1474,-1,1473,1474,1475,-1,1475,1474,1476,-1,1475,1476,1477,-1,1477,1476,1478,-1,1477,1478,1479,-1,1479,1478,1480,-1,1479,1480,1481,-1,1481,1480,1482,-1,1481,1482,1483,-1,1483,1482,1484,-1,1483,1484,1485,-1,1486,1485,1487,-1,1487,1485,1484,-1,1486,1487,1488,-1,1486,1488,1489,-1,1489,1488,1490,-1,1489,1490,1491,-1,1491,1490,1492,-1,1491,1492,1493,-1,1493,1492,1494,-1,1493,1494,1495,-1,1495,1494,1496,-1,1495,1496,1497,-1,1497,1496,1498,-1,1497,1498,1499,-1,1499,1498,1500,-1,1499,1500,1501,-1,1501,1500,1502,-1,1501,1502,1503,-1,1503,1502,1504,-1,1503,1504,1505,-1,1505,1504,1506,-1,1505,1506,1507,-1,1402,1507,1400,-1,1400,1507,1506,-1,1422,1424,1420,-1,1420,1424,1426,-1,1420,1426,1418,-1,1450,1452,1403,-1,1426,1428,1418,-1,1418,1428,1392,-1,1418,1392,1417,-1,1417,1392,1394,-1,1403,1452,1402,-1,1452,1454,1402,-1,1402,1454,1456,-1,1402,1456,1507,-1,1507,1456,1458,-1,1507,1458,1460,-1,1479,1481,1468,-1,1445,1447,1403,-1,1403,1447,1449,-1,1403,1449,1450,-1,1499,1468,1497,-1,1497,1468,1495,-1,1460,1462,1507,-1,1507,1462,1464,-1,1507,1464,1505,-1,1505,1464,1466,-1,1505,1466,1503,-1,1503,1466,1468,-1,1503,1468,1501,-1,1501,1468,1499,-1,1473,1475,1477,-1,1486,1489,1491,-1,1394,1399,1417,-1,1417,1399,1397,-1,1417,1397,1415,-1,1415,1397,1430,-1,1415,1430,1413,-1,1413,1430,1432,-1,1413,1432,1411,-1,1411,1432,1434,-1,1411,1434,1409,-1,1409,1434,1436,-1,1409,1436,1407,-1,1407,1436,1438,-1,1407,1438,1404,-1,1404,1438,1440,-1,1404,1440,1403,-1,1403,1440,1442,-1,1403,1442,1445,-1,1481,1483,1468,-1,1468,1483,1485,-1,1468,1485,1495,-1,1495,1485,1486,-1,1495,1486,1493,-1,1493,1486,1491,-1,1479,1468,1477,-1,1477,1468,1471,-1,1477,1471,1473,-1,1400,1506,1459,-1,1465,1463,1506,-1,1506,1463,1461,-1,1506,1461,1459,-1,1416,1398,1395,-1,1487,1484,1469,-1,1453,1401,1455,-1,1455,1401,1400,-1,1455,1400,1457,-1,1457,1400,1459,-1,1416,1395,1419,-1,1490,1488,1487,-1,1500,1498,1469,-1,1425,1423,1427,-1,1427,1423,1421,-1,1427,1421,1429,-1,1429,1421,1419,-1,1429,1419,1393,-1,1393,1419,1395,-1,1484,1482,1469,-1,1469,1482,1480,-1,1469,1480,1470,-1,1465,1506,1467,-1,1467,1506,1504,-1,1467,1504,1469,-1,1469,1504,1502,-1,1469,1502,1500,-1,1453,1451,1401,-1,1401,1451,1448,-1,1401,1448,1446,-1,1498,1496,1469,-1,1469,1496,1494,-1,1469,1494,1487,-1,1487,1494,1492,-1,1487,1492,1490,-1,1446,1444,1401,-1,1401,1444,1443,-1,1401,1443,1405,-1,1405,1443,1441,-1,1405,1441,1406,-1,1406,1441,1439,-1,1406,1439,1408,-1,1408,1439,1437,-1,1408,1437,1410,-1,1410,1437,1435,-1,1410,1435,1412,-1,1412,1435,1433,-1,1412,1433,1414,-1,1414,1433,1431,-1,1414,1431,1416,-1,1416,1431,1396,-1,1416,1396,1398,-1,1480,1478,1470,-1,1470,1478,1476,-1,1470,1476,1472,-1,1472,1476,1474,-1,1508,1509,1510,-1,1510,1509,1511,-1,1512,1513,1514,-1,1514,1513,1515,-1,1516,1517,1518,-1,1518,1517,1519,-1,1520,1519,1521,-1,1521,1519,1517,-1,1520,1521,1522,-1,1520,1522,1523,-1,1523,1522,1524,-1,1523,1524,1525,-1,1525,1524,1526,-1,1525,1526,1527,-1,1527,1526,1528,-1,1527,1528,1529,-1,1529,1528,1530,-1,1529,1530,1531,-1,1531,1530,1532,-1,1531,1532,1533,-1,1534,1533,1535,-1,1535,1533,1532,-1,1536,1534,1537,-1,1537,1534,1535,-1,1538,1536,1539,-1,1539,1536,1537,-1,1540,1538,1541,-1,1541,1538,1539,-1,1542,1540,1543,-1,1543,1540,1541,-1,1544,1542,1545,-1,1545,1542,1543,-1,1513,1512,1546,-1,1546,1512,1547,-1,1546,1547,1548,-1,1548,1547,1549,-1,1548,1549,1550,-1,1550,1549,1551,-1,1550,1551,1552,-1,1552,1551,1553,-1,1552,1553,1554,-1,1554,1553,1555,-1,1554,1555,1556,-1,1556,1555,1557,-1,1558,1556,1559,-1,1559,1556,1557,-1,1558,1559,1560,-1,1558,1560,1561,-1,1561,1560,1562,-1,1561,1562,1563,-1,1563,1562,1564,-1,1563,1564,1565,-1,1565,1564,1566,-1,1566,1564,1567,-1,1566,1567,1568,-1,1568,1567,1569,-1,1568,1569,1570,-1,1570,1569,1571,-1,1572,1570,1573,-1,1573,1570,1571,-1,1572,1573,1574,-1,1574,1573,1575,-1,1574,1575,1576,-1,1576,1575,1577,-1,1578,1576,1579,-1,1579,1576,1577,-1,1578,1579,1580,-1,1580,1579,1581,-1,1580,1581,1582,-1,1582,1581,1583,-1,1582,1583,1584,-1,1584,1583,1585,-1,1584,1585,1586,-1,1584,1586,1587,-1,1587,1586,1588,-1,1587,1588,1589,-1,1589,1588,1590,-1,1589,1590,1591,-1,1591,1590,1592,-1,1591,1592,1593,-1,1593,1592,1594,-1,1593,1594,1595,-1,1595,1594,1596,-1,1595,1596,1597,-1,1597,1596,1598,-1,1597,1598,1599,-1,1599,1598,1600,-1,1599,1600,1601,-1,1602,1601,1603,-1,1603,1601,1600,-1,1602,1603,1604,-1,1602,1604,1605,-1,1605,1604,1606,-1,1605,1606,1607,-1,1607,1606,1608,-1,1607,1608,1609,-1,1609,1608,1610,-1,1609,1610,1611,-1,1611,1610,1612,-1,1611,1612,1613,-1,1613,1612,1614,-1,1613,1614,1615,-1,1615,1614,1616,-1,1615,1616,1617,-1,1617,1616,1618,-1,1617,1618,1619,-1,1619,1618,1620,-1,1619,1620,1621,-1,1621,1620,1622,-1,1621,1622,1623,-1,1518,1623,1516,-1,1516,1623,1622,-1,1538,1540,1536,-1,1536,1540,1542,-1,1536,1542,1534,-1,1566,1568,1519,-1,1542,1544,1534,-1,1534,1544,1508,-1,1534,1508,1533,-1,1533,1508,1510,-1,1519,1568,1518,-1,1568,1570,1518,-1,1518,1570,1572,-1,1518,1572,1623,-1,1623,1572,1574,-1,1623,1574,1576,-1,1595,1597,1584,-1,1561,1563,1519,-1,1519,1563,1565,-1,1519,1565,1566,-1,1615,1584,1613,-1,1613,1584,1611,-1,1576,1578,1623,-1,1623,1578,1580,-1,1623,1580,1621,-1,1621,1580,1582,-1,1621,1582,1619,-1,1619,1582,1584,-1,1619,1584,1617,-1,1617,1584,1615,-1,1589,1591,1593,-1,1602,1605,1607,-1,1510,1515,1533,-1,1533,1515,1513,-1,1533,1513,1531,-1,1531,1513,1546,-1,1531,1546,1529,-1,1529,1546,1548,-1,1529,1548,1527,-1,1527,1548,1550,-1,1527,1550,1525,-1,1525,1550,1552,-1,1525,1552,1523,-1,1523,1552,1554,-1,1523,1554,1520,-1,1520,1554,1556,-1,1520,1556,1519,-1,1519,1556,1558,-1,1519,1558,1561,-1,1597,1599,1584,-1,1584,1599,1601,-1,1584,1601,1611,-1,1611,1601,1602,-1,1611,1602,1609,-1,1609,1602,1607,-1,1595,1584,1593,-1,1593,1584,1587,-1,1593,1587,1589,-1,1516,1622,1575,-1,1581,1579,1622,-1,1622,1579,1577,-1,1622,1577,1575,-1,1532,1514,1511,-1,1603,1600,1585,-1,1569,1517,1571,-1,1571,1517,1516,-1,1571,1516,1573,-1,1573,1516,1575,-1,1532,1511,1535,-1,1606,1604,1603,-1,1616,1614,1585,-1,1541,1539,1543,-1,1543,1539,1537,-1,1543,1537,1545,-1,1545,1537,1535,-1,1545,1535,1509,-1,1509,1535,1511,-1,1600,1598,1585,-1,1585,1598,1596,-1,1585,1596,1586,-1,1581,1622,1583,-1,1583,1622,1620,-1,1583,1620,1585,-1,1585,1620,1618,-1,1585,1618,1616,-1,1569,1567,1517,-1,1517,1567,1564,-1,1517,1564,1562,-1,1614,1612,1585,-1,1585,1612,1610,-1,1585,1610,1603,-1,1603,1610,1608,-1,1603,1608,1606,-1,1562,1560,1517,-1,1517,1560,1559,-1,1517,1559,1521,-1,1521,1559,1557,-1,1521,1557,1522,-1,1522,1557,1555,-1,1522,1555,1524,-1,1524,1555,1553,-1,1524,1553,1526,-1,1526,1553,1551,-1,1526,1551,1528,-1,1528,1551,1549,-1,1528,1549,1530,-1,1530,1549,1547,-1,1530,1547,1532,-1,1532,1547,1512,-1,1532,1512,1514,-1,1596,1594,1586,-1,1586,1594,1592,-1,1586,1592,1588,-1,1588,1592,1590,-1,1624,1625,1626,-1,1626,1625,1627,-1,1628,1629,1630,-1,1630,1629,1631,-1,1632,1633,1634,-1,1634,1633,1635,-1,1636,1635,1637,-1,1637,1635,1633,-1,1636,1637,1638,-1,1636,1638,1639,-1,1639,1638,1640,-1,1639,1640,1641,-1,1641,1640,1642,-1,1641,1642,1643,-1,1643,1642,1644,-1,1643,1644,1645,-1,1645,1644,1646,-1,1645,1646,1647,-1,1647,1646,1648,-1,1647,1648,1649,-1,1650,1649,1651,-1,1651,1649,1648,-1,1652,1650,1653,-1,1653,1650,1651,-1,1654,1652,1655,-1,1655,1652,1653,-1,1656,1654,1657,-1,1657,1654,1655,-1,1658,1656,1659,-1,1659,1656,1657,-1,1660,1658,1661,-1,1661,1658,1659,-1,1629,1628,1662,-1,1662,1628,1663,-1,1662,1663,1664,-1,1664,1663,1665,-1,1664,1665,1666,-1,1666,1665,1667,-1,1666,1667,1668,-1,1668,1667,1669,-1,1668,1669,1670,-1,1670,1669,1671,-1,1670,1671,1672,-1,1672,1671,1673,-1,1674,1672,1675,-1,1675,1672,1673,-1,1674,1675,1676,-1,1674,1676,1677,-1,1677,1676,1678,-1,1677,1678,1679,-1,1679,1678,1680,-1,1679,1680,1681,-1,1681,1680,1682,-1,1682,1680,1683,-1,1682,1683,1684,-1,1684,1683,1685,-1,1684,1685,1686,-1,1686,1685,1687,-1,1688,1686,1689,-1,1689,1686,1687,-1,1688,1689,1690,-1,1690,1689,1691,-1,1690,1691,1692,-1,1692,1691,1693,-1,1694,1692,1695,-1,1695,1692,1693,-1,1694,1695,1696,-1,1696,1695,1697,-1,1696,1697,1698,-1,1698,1697,1699,-1,1698,1699,1700,-1,1700,1699,1701,-1,1700,1701,1702,-1,1700,1702,1703,-1,1703,1702,1704,-1,1703,1704,1705,-1,1705,1704,1706,-1,1705,1706,1707,-1,1707,1706,1708,-1,1707,1708,1709,-1,1709,1708,1710,-1,1709,1710,1711,-1,1711,1710,1712,-1,1711,1712,1713,-1,1713,1712,1714,-1,1713,1714,1715,-1,1715,1714,1716,-1,1715,1716,1717,-1,1718,1717,1719,-1,1719,1717,1716,-1,1718,1719,1720,-1,1718,1720,1721,-1,1721,1720,1722,-1,1721,1722,1723,-1,1723,1722,1724,-1,1723,1724,1725,-1,1725,1724,1726,-1,1725,1726,1727,-1,1727,1726,1728,-1,1727,1728,1729,-1,1729,1728,1730,-1,1729,1730,1731,-1,1731,1730,1732,-1,1731,1732,1733,-1,1733,1732,1734,-1,1733,1734,1735,-1,1735,1734,1736,-1,1735,1736,1737,-1,1737,1736,1738,-1,1737,1738,1739,-1,1634,1739,1632,-1,1632,1739,1738,-1,1654,1656,1652,-1,1652,1656,1658,-1,1652,1658,1650,-1,1682,1684,1635,-1,1658,1660,1650,-1,1650,1660,1624,-1,1650,1624,1649,-1,1649,1624,1626,-1,1635,1684,1634,-1,1684,1686,1634,-1,1634,1686,1688,-1,1634,1688,1739,-1,1739,1688,1690,-1,1739,1690,1692,-1,1711,1713,1700,-1,1677,1679,1635,-1,1635,1679,1681,-1,1635,1681,1682,-1,1731,1700,1729,-1,1729,1700,1727,-1,1692,1694,1739,-1,1739,1694,1696,-1,1739,1696,1737,-1,1737,1696,1698,-1,1737,1698,1735,-1,1735,1698,1700,-1,1735,1700,1733,-1,1733,1700,1731,-1,1705,1707,1709,-1,1718,1721,1723,-1,1626,1631,1649,-1,1649,1631,1629,-1,1649,1629,1647,-1,1647,1629,1662,-1,1647,1662,1645,-1,1645,1662,1664,-1,1645,1664,1643,-1,1643,1664,1666,-1,1643,1666,1641,-1,1641,1666,1668,-1,1641,1668,1639,-1,1639,1668,1670,-1,1639,1670,1636,-1,1636,1670,1672,-1,1636,1672,1635,-1,1635,1672,1674,-1,1635,1674,1677,-1,1713,1715,1700,-1,1700,1715,1717,-1,1700,1717,1727,-1,1727,1717,1718,-1,1727,1718,1725,-1,1725,1718,1723,-1,1711,1700,1709,-1,1709,1700,1703,-1,1709,1703,1705,-1,1632,1738,1691,-1,1697,1695,1738,-1,1738,1695,1693,-1,1738,1693,1691,-1,1648,1630,1627,-1,1719,1716,1701,-1,1685,1633,1687,-1,1687,1633,1632,-1,1687,1632,1689,-1,1689,1632,1691,-1,1648,1627,1651,-1,1722,1720,1719,-1,1732,1730,1701,-1,1657,1655,1659,-1,1659,1655,1653,-1,1659,1653,1661,-1,1661,1653,1651,-1,1661,1651,1625,-1,1625,1651,1627,-1,1716,1714,1701,-1,1701,1714,1712,-1,1701,1712,1702,-1,1697,1738,1699,-1,1699,1738,1736,-1,1699,1736,1701,-1,1701,1736,1734,-1,1701,1734,1732,-1,1685,1683,1633,-1,1633,1683,1680,-1,1633,1680,1678,-1,1730,1728,1701,-1,1701,1728,1726,-1,1701,1726,1719,-1,1719,1726,1724,-1,1719,1724,1722,-1,1678,1676,1633,-1,1633,1676,1675,-1,1633,1675,1637,-1,1637,1675,1673,-1,1637,1673,1638,-1,1638,1673,1671,-1,1638,1671,1640,-1,1640,1671,1669,-1,1640,1669,1642,-1,1642,1669,1667,-1,1642,1667,1644,-1,1644,1667,1665,-1,1644,1665,1646,-1,1646,1665,1663,-1,1646,1663,1648,-1,1648,1663,1628,-1,1648,1628,1630,-1,1712,1710,1702,-1,1702,1710,1708,-1,1702,1708,1704,-1,1704,1708,1706,-1,1740,1741,1742,-1,1742,1741,1743,-1,1744,1745,1746,-1,1746,1745,1747,-1,1748,1749,1750,-1,1750,1749,1751,-1,1752,1751,1753,-1,1753,1751,1749,-1,1752,1753,1754,-1,1752,1754,1755,-1,1755,1754,1756,-1,1755,1756,1757,-1,1757,1756,1758,-1,1757,1758,1759,-1,1759,1758,1760,-1,1759,1760,1761,-1,1761,1760,1762,-1,1761,1762,1763,-1,1763,1762,1764,-1,1763,1764,1765,-1,1766,1765,1767,-1,1767,1765,1764,-1,1768,1766,1769,-1,1769,1766,1767,-1,1770,1768,1771,-1,1771,1768,1769,-1,1772,1770,1773,-1,1773,1770,1771,-1,1774,1772,1775,-1,1775,1772,1773,-1,1776,1774,1777,-1,1777,1774,1775,-1,1745,1744,1778,-1,1778,1744,1779,-1,1778,1779,1780,-1,1780,1779,1781,-1,1780,1781,1782,-1,1782,1781,1783,-1,1782,1783,1784,-1,1784,1783,1785,-1,1784,1785,1786,-1,1786,1785,1787,-1,1786,1787,1788,-1,1788,1787,1789,-1,1790,1788,1791,-1,1791,1788,1789,-1,1790,1791,1792,-1,1790,1792,1793,-1,1793,1792,1794,-1,1793,1794,1795,-1,1795,1794,1796,-1,1795,1796,1797,-1,1797,1796,1798,-1,1798,1796,1799,-1,1798,1799,1800,-1,1800,1799,1801,-1,1800,1801,1802,-1,1802,1801,1803,-1,1804,1802,1805,-1,1805,1802,1803,-1,1804,1805,1806,-1,1806,1805,1807,-1,1806,1807,1808,-1,1808,1807,1809,-1,1810,1808,1811,-1,1811,1808,1809,-1,1810,1811,1812,-1,1812,1811,1813,-1,1812,1813,1814,-1,1814,1813,1815,-1,1814,1815,1816,-1,1816,1815,1817,-1,1816,1817,1818,-1,1816,1818,1819,-1,1819,1818,1820,-1,1819,1820,1821,-1,1821,1820,1822,-1,1821,1822,1823,-1,1823,1822,1824,-1,1823,1824,1825,-1,1825,1824,1826,-1,1825,1826,1827,-1,1827,1826,1828,-1,1827,1828,1829,-1,1829,1828,1830,-1,1829,1830,1831,-1,1831,1830,1832,-1,1831,1832,1833,-1,1834,1833,1835,-1,1835,1833,1832,-1,1834,1835,1836,-1,1834,1836,1837,-1,1837,1836,1838,-1,1837,1838,1839,-1,1839,1838,1840,-1,1839,1840,1841,-1,1841,1840,1842,-1,1841,1842,1843,-1,1843,1842,1844,-1,1843,1844,1845,-1,1845,1844,1846,-1,1845,1846,1847,-1,1847,1846,1848,-1,1847,1848,1849,-1,1849,1848,1850,-1,1849,1850,1851,-1,1851,1850,1852,-1,1851,1852,1853,-1,1853,1852,1854,-1,1853,1854,1855,-1,1750,1855,1748,-1,1748,1855,1854,-1,1770,1772,1768,-1,1768,1772,1774,-1,1768,1774,1766,-1,1798,1800,1751,-1,1774,1776,1766,-1,1766,1776,1740,-1,1766,1740,1765,-1,1765,1740,1742,-1,1751,1800,1750,-1,1800,1802,1750,-1,1750,1802,1804,-1,1750,1804,1855,-1,1855,1804,1806,-1,1855,1806,1808,-1,1827,1829,1816,-1,1793,1795,1751,-1,1751,1795,1797,-1,1751,1797,1798,-1,1847,1816,1845,-1,1845,1816,1843,-1,1808,1810,1855,-1,1855,1810,1812,-1,1855,1812,1853,-1,1853,1812,1814,-1,1853,1814,1851,-1,1851,1814,1816,-1,1851,1816,1849,-1,1849,1816,1847,-1,1821,1823,1825,-1,1834,1837,1839,-1,1742,1747,1765,-1,1765,1747,1745,-1,1765,1745,1763,-1,1763,1745,1778,-1,1763,1778,1761,-1,1761,1778,1780,-1,1761,1780,1759,-1,1759,1780,1782,-1,1759,1782,1757,-1,1757,1782,1784,-1,1757,1784,1755,-1,1755,1784,1786,-1,1755,1786,1752,-1,1752,1786,1788,-1,1752,1788,1751,-1,1751,1788,1790,-1,1751,1790,1793,-1,1829,1831,1816,-1,1816,1831,1833,-1,1816,1833,1843,-1,1843,1833,1834,-1,1843,1834,1841,-1,1841,1834,1839,-1,1827,1816,1825,-1,1825,1816,1819,-1,1825,1819,1821,-1,1748,1854,1807,-1,1813,1811,1854,-1,1854,1811,1809,-1,1854,1809,1807,-1,1764,1746,1743,-1,1835,1832,1817,-1,1801,1749,1803,-1,1803,1749,1748,-1,1803,1748,1805,-1,1805,1748,1807,-1,1764,1743,1767,-1,1838,1836,1835,-1,1848,1846,1817,-1,1773,1771,1775,-1,1775,1771,1769,-1,1775,1769,1777,-1,1777,1769,1767,-1,1777,1767,1741,-1,1741,1767,1743,-1,1832,1830,1817,-1,1817,1830,1828,-1,1817,1828,1818,-1,1813,1854,1815,-1,1815,1854,1852,-1,1815,1852,1817,-1,1817,1852,1850,-1,1817,1850,1848,-1,1801,1799,1749,-1,1749,1799,1796,-1,1749,1796,1794,-1,1846,1844,1817,-1,1817,1844,1842,-1,1817,1842,1835,-1,1835,1842,1840,-1,1835,1840,1838,-1,1794,1792,1749,-1,1749,1792,1791,-1,1749,1791,1753,-1,1753,1791,1789,-1,1753,1789,1754,-1,1754,1789,1787,-1,1754,1787,1756,-1,1756,1787,1785,-1,1756,1785,1758,-1,1758,1785,1783,-1,1758,1783,1760,-1,1760,1783,1781,-1,1760,1781,1762,-1,1762,1781,1779,-1,1762,1779,1764,-1,1764,1779,1744,-1,1764,1744,1746,-1,1828,1826,1818,-1,1818,1826,1824,-1,1818,1824,1820,-1,1820,1824,1822,-1,1856,1857,1858,-1,1858,1857,1859,-1,1860,1861,1862,-1,1862,1861,1863,-1,1864,1865,1866,-1,1866,1865,1867,-1,1868,1867,1869,-1,1869,1867,1865,-1,1868,1869,1870,-1,1868,1870,1871,-1,1871,1870,1872,-1,1871,1872,1873,-1,1873,1872,1874,-1,1873,1874,1875,-1,1875,1874,1876,-1,1875,1876,1877,-1,1877,1876,1878,-1,1877,1878,1879,-1,1879,1878,1880,-1,1879,1880,1881,-1,1882,1881,1883,-1,1883,1881,1880,-1,1884,1882,1885,-1,1885,1882,1883,-1,1886,1884,1887,-1,1887,1884,1885,-1,1888,1886,1889,-1,1889,1886,1887,-1,1890,1888,1891,-1,1891,1888,1889,-1,1892,1890,1893,-1,1893,1890,1891,-1,1861,1860,1894,-1,1894,1860,1895,-1,1894,1895,1896,-1,1896,1895,1897,-1,1896,1897,1898,-1,1898,1897,1899,-1,1898,1899,1900,-1,1900,1899,1901,-1,1900,1901,1902,-1,1902,1901,1903,-1,1902,1903,1904,-1,1904,1903,1905,-1,1906,1904,1907,-1,1907,1904,1905,-1,1906,1907,1908,-1,1906,1908,1909,-1,1909,1908,1910,-1,1909,1910,1911,-1,1911,1910,1912,-1,1911,1912,1913,-1,1913,1912,1914,-1,1914,1912,1915,-1,1914,1915,1916,-1,1916,1915,1917,-1,1916,1917,1918,-1,1918,1917,1919,-1,1920,1918,1921,-1,1921,1918,1919,-1,1920,1921,1922,-1,1922,1921,1923,-1,1922,1923,1924,-1,1924,1923,1925,-1,1926,1924,1927,-1,1927,1924,1925,-1,1926,1927,1928,-1,1928,1927,1929,-1,1928,1929,1930,-1,1930,1929,1931,-1,1930,1931,1932,-1,1932,1931,1933,-1,1932,1933,1934,-1,1932,1934,1935,-1,1935,1934,1936,-1,1935,1936,1937,-1,1937,1936,1938,-1,1937,1938,1939,-1,1939,1938,1940,-1,1939,1940,1941,-1,1941,1940,1942,-1,1941,1942,1943,-1,1943,1942,1944,-1,1943,1944,1945,-1,1945,1944,1946,-1,1945,1946,1947,-1,1947,1946,1948,-1,1947,1948,1949,-1,1950,1949,1951,-1,1951,1949,1948,-1,1950,1951,1952,-1,1950,1952,1953,-1,1953,1952,1954,-1,1953,1954,1955,-1,1955,1954,1956,-1,1955,1956,1957,-1,1957,1956,1958,-1,1957,1958,1959,-1,1959,1958,1960,-1,1959,1960,1961,-1,1961,1960,1962,-1,1961,1962,1963,-1,1963,1962,1964,-1,1963,1964,1965,-1,1965,1964,1966,-1,1965,1966,1967,-1,1967,1966,1968,-1,1967,1968,1969,-1,1969,1968,1970,-1,1969,1970,1971,-1,1866,1971,1864,-1,1864,1971,1970,-1,1886,1888,1884,-1,1884,1888,1890,-1,1884,1890,1882,-1,1914,1916,1867,-1,1890,1892,1882,-1,1882,1892,1856,-1,1882,1856,1881,-1,1881,1856,1858,-1,1867,1916,1866,-1,1916,1918,1866,-1,1866,1918,1920,-1,1866,1920,1971,-1,1971,1920,1922,-1,1971,1922,1924,-1,1943,1945,1932,-1,1909,1911,1867,-1,1867,1911,1913,-1,1867,1913,1914,-1,1963,1932,1961,-1,1961,1932,1959,-1,1924,1926,1971,-1,1971,1926,1928,-1,1971,1928,1969,-1,1969,1928,1930,-1,1969,1930,1967,-1,1967,1930,1932,-1,1967,1932,1965,-1,1965,1932,1963,-1,1937,1939,1941,-1,1950,1953,1955,-1,1858,1863,1881,-1,1881,1863,1861,-1,1881,1861,1879,-1,1879,1861,1894,-1,1879,1894,1877,-1,1877,1894,1896,-1,1877,1896,1875,-1,1875,1896,1898,-1,1875,1898,1873,-1,1873,1898,1900,-1,1873,1900,1871,-1,1871,1900,1902,-1,1871,1902,1868,-1,1868,1902,1904,-1,1868,1904,1867,-1,1867,1904,1906,-1,1867,1906,1909,-1,1945,1947,1932,-1,1932,1947,1949,-1,1932,1949,1959,-1,1959,1949,1950,-1,1959,1950,1957,-1,1957,1950,1955,-1,1943,1932,1941,-1,1941,1932,1935,-1,1941,1935,1937,-1,1864,1970,1923,-1,1929,1927,1970,-1,1970,1927,1925,-1,1970,1925,1923,-1,1880,1862,1859,-1,1951,1948,1933,-1,1917,1865,1919,-1,1919,1865,1864,-1,1919,1864,1921,-1,1921,1864,1923,-1,1880,1859,1883,-1,1954,1952,1951,-1,1964,1962,1933,-1,1889,1887,1891,-1,1891,1887,1885,-1,1891,1885,1893,-1,1893,1885,1883,-1,1893,1883,1857,-1,1857,1883,1859,-1,1948,1946,1933,-1,1933,1946,1944,-1,1933,1944,1934,-1,1929,1970,1931,-1,1931,1970,1968,-1,1931,1968,1933,-1,1933,1968,1966,-1,1933,1966,1964,-1,1917,1915,1865,-1,1865,1915,1912,-1,1865,1912,1910,-1,1962,1960,1933,-1,1933,1960,1958,-1,1933,1958,1951,-1,1951,1958,1956,-1,1951,1956,1954,-1,1910,1908,1865,-1,1865,1908,1907,-1,1865,1907,1869,-1,1869,1907,1905,-1,1869,1905,1870,-1,1870,1905,1903,-1,1870,1903,1872,-1,1872,1903,1901,-1,1872,1901,1874,-1,1874,1901,1899,-1,1874,1899,1876,-1,1876,1899,1897,-1,1876,1897,1878,-1,1878,1897,1895,-1,1878,1895,1880,-1,1880,1895,1860,-1,1880,1860,1862,-1,1944,1942,1934,-1,1934,1942,1940,-1,1934,1940,1936,-1,1936,1940,1938,-1,1972,1973,1974,-1,1974,1973,1975,-1,1976,1977,1978,-1,1978,1977,1979,-1,1980,1981,1982,-1,1982,1981,1983,-1,1984,1983,1985,-1,1985,1983,1981,-1,1984,1985,1986,-1,1984,1986,1987,-1,1987,1986,1988,-1,1987,1988,1989,-1,1989,1988,1990,-1,1989,1990,1991,-1,1991,1990,1992,-1,1991,1992,1993,-1,1993,1992,1994,-1,1993,1994,1995,-1,1995,1994,1996,-1,1995,1996,1997,-1,1998,1997,1999,-1,1999,1997,1996,-1,2000,1998,2001,-1,2001,1998,1999,-1,2002,2000,2003,-1,2003,2000,2001,-1,2004,2002,2005,-1,2005,2002,2003,-1,2006,2004,2007,-1,2007,2004,2005,-1,2008,2006,2009,-1,2009,2006,2007,-1,1977,1976,2010,-1,2010,1976,2011,-1,2010,2011,2012,-1,2012,2011,2013,-1,2012,2013,2014,-1,2014,2013,2015,-1,2014,2015,2016,-1,2016,2015,2017,-1,2016,2017,2018,-1,2018,2017,2019,-1,2018,2019,2020,-1,2020,2019,2021,-1,2022,2020,2023,-1,2023,2020,2021,-1,2022,2023,2024,-1,2022,2024,2025,-1,2025,2024,2026,-1,2025,2026,2027,-1,2027,2026,2028,-1,2027,2028,2029,-1,2029,2028,2030,-1,2030,2028,2031,-1,2030,2031,2032,-1,2032,2031,2033,-1,2032,2033,2034,-1,2034,2033,2035,-1,2036,2034,2037,-1,2037,2034,2035,-1,2036,2037,2038,-1,2038,2037,2039,-1,2038,2039,2040,-1,2040,2039,2041,-1,2042,2040,2043,-1,2043,2040,2041,-1,2042,2043,2044,-1,2044,2043,2045,-1,2044,2045,2046,-1,2046,2045,2047,-1,2046,2047,2048,-1,2048,2047,2049,-1,2048,2049,2050,-1,2048,2050,2051,-1,2051,2050,2052,-1,2051,2052,2053,-1,2053,2052,2054,-1,2053,2054,2055,-1,2055,2054,2056,-1,2055,2056,2057,-1,2057,2056,2058,-1,2057,2058,2059,-1,2059,2058,2060,-1,2059,2060,2061,-1,2061,2060,2062,-1,2061,2062,2063,-1,2063,2062,2064,-1,2063,2064,2065,-1,2066,2065,2067,-1,2067,2065,2064,-1,2066,2067,2068,-1,2066,2068,2069,-1,2069,2068,2070,-1,2069,2070,2071,-1,2071,2070,2072,-1,2071,2072,2073,-1,2073,2072,2074,-1,2073,2074,2075,-1,2075,2074,2076,-1,2075,2076,2077,-1,2077,2076,2078,-1,2077,2078,2079,-1,2079,2078,2080,-1,2079,2080,2081,-1,2081,2080,2082,-1,2081,2082,2083,-1,2083,2082,2084,-1,2083,2084,2085,-1,2085,2084,2086,-1,2085,2086,2087,-1,1982,2087,1980,-1,1980,2087,2086,-1,2002,2004,2000,-1,2000,2004,2006,-1,2000,2006,1998,-1,2030,2032,1983,-1,2006,2008,1998,-1,1998,2008,1972,-1,1998,1972,1997,-1,1997,1972,1974,-1,1983,2032,1982,-1,2032,2034,1982,-1,1982,2034,2036,-1,1982,2036,2087,-1,2087,2036,2038,-1,2087,2038,2040,-1,2059,2061,2048,-1,2025,2027,1983,-1,1983,2027,2029,-1,1983,2029,2030,-1,2079,2048,2077,-1,2077,2048,2075,-1,2040,2042,2087,-1,2087,2042,2044,-1,2087,2044,2085,-1,2085,2044,2046,-1,2085,2046,2083,-1,2083,2046,2048,-1,2083,2048,2081,-1,2081,2048,2079,-1,2053,2055,2057,-1,2066,2069,2071,-1,1974,1979,1997,-1,1997,1979,1977,-1,1997,1977,1995,-1,1995,1977,2010,-1,1995,2010,1993,-1,1993,2010,2012,-1,1993,2012,1991,-1,1991,2012,2014,-1,1991,2014,1989,-1,1989,2014,2016,-1,1989,2016,1987,-1,1987,2016,2018,-1,1987,2018,1984,-1,1984,2018,2020,-1,1984,2020,1983,-1,1983,2020,2022,-1,1983,2022,2025,-1,2061,2063,2048,-1,2048,2063,2065,-1,2048,2065,2075,-1,2075,2065,2066,-1,2075,2066,2073,-1,2073,2066,2071,-1,2059,2048,2057,-1,2057,2048,2051,-1,2057,2051,2053,-1,1980,2086,2039,-1,2045,2043,2086,-1,2086,2043,2041,-1,2086,2041,2039,-1,1996,1978,1975,-1,2067,2064,2049,-1,2033,1981,2035,-1,2035,1981,1980,-1,2035,1980,2037,-1,2037,1980,2039,-1,1996,1975,1999,-1,2070,2068,2067,-1,2080,2078,2049,-1,2005,2003,2007,-1,2007,2003,2001,-1,2007,2001,2009,-1,2009,2001,1999,-1,2009,1999,1973,-1,1973,1999,1975,-1,2064,2062,2049,-1,2049,2062,2060,-1,2049,2060,2050,-1,2045,2086,2047,-1,2047,2086,2084,-1,2047,2084,2049,-1,2049,2084,2082,-1,2049,2082,2080,-1,2033,2031,1981,-1,1981,2031,2028,-1,1981,2028,2026,-1,2078,2076,2049,-1,2049,2076,2074,-1,2049,2074,2067,-1,2067,2074,2072,-1,2067,2072,2070,-1,2026,2024,1981,-1,1981,2024,2023,-1,1981,2023,1985,-1,1985,2023,2021,-1,1985,2021,1986,-1,1986,2021,2019,-1,1986,2019,1988,-1,1988,2019,2017,-1,1988,2017,1990,-1,1990,2017,2015,-1,1990,2015,1992,-1,1992,2015,2013,-1,1992,2013,1994,-1,1994,2013,2011,-1,1994,2011,1996,-1,1996,2011,1976,-1,1996,1976,1978,-1,2060,2058,2050,-1,2050,2058,2056,-1,2050,2056,2052,-1,2052,2056,2054,-1,2088,2089,2090,-1,2090,2089,2091,-1,2092,2093,2094,-1,2094,2093,2095,-1,2096,2097,2098,-1,2098,2097,2099,-1,2100,2099,2101,-1,2101,2099,2097,-1,2100,2101,2102,-1,2100,2102,2103,-1,2103,2102,2104,-1,2103,2104,2105,-1,2105,2104,2106,-1,2105,2106,2107,-1,2107,2106,2108,-1,2107,2108,2109,-1,2109,2108,2110,-1,2109,2110,2111,-1,2111,2110,2112,-1,2111,2112,2113,-1,2114,2113,2115,-1,2115,2113,2112,-1,2116,2114,2117,-1,2117,2114,2115,-1,2118,2116,2119,-1,2119,2116,2117,-1,2120,2118,2121,-1,2121,2118,2119,-1,2122,2120,2123,-1,2123,2120,2121,-1,2124,2122,2125,-1,2125,2122,2123,-1,2093,2092,2126,-1,2126,2092,2127,-1,2126,2127,2128,-1,2128,2127,2129,-1,2128,2129,2130,-1,2130,2129,2131,-1,2130,2131,2132,-1,2132,2131,2133,-1,2132,2133,2134,-1,2134,2133,2135,-1,2134,2135,2136,-1,2136,2135,2137,-1,2138,2136,2139,-1,2139,2136,2137,-1,2138,2139,2140,-1,2138,2140,2141,-1,2141,2140,2142,-1,2141,2142,2143,-1,2143,2142,2144,-1,2143,2144,2145,-1,2145,2144,2146,-1,2146,2144,2147,-1,2146,2147,2148,-1,2148,2147,2149,-1,2148,2149,2150,-1,2150,2149,2151,-1,2152,2150,2153,-1,2153,2150,2151,-1,2152,2153,2154,-1,2154,2153,2155,-1,2154,2155,2156,-1,2156,2155,2157,-1,2158,2156,2159,-1,2159,2156,2157,-1,2158,2159,2160,-1,2160,2159,2161,-1,2160,2161,2162,-1,2162,2161,2163,-1,2162,2163,2164,-1,2164,2163,2165,-1,2164,2165,2166,-1,2164,2166,2167,-1,2167,2166,2168,-1,2167,2168,2169,-1,2169,2168,2170,-1,2169,2170,2171,-1,2171,2170,2172,-1,2171,2172,2173,-1,2173,2172,2174,-1,2173,2174,2175,-1,2175,2174,2176,-1,2175,2176,2177,-1,2177,2176,2178,-1,2177,2178,2179,-1,2179,2178,2180,-1,2179,2180,2181,-1,2182,2181,2183,-1,2183,2181,2180,-1,2182,2183,2184,-1,2182,2184,2185,-1,2185,2184,2186,-1,2185,2186,2187,-1,2187,2186,2188,-1,2187,2188,2189,-1,2189,2188,2190,-1,2189,2190,2191,-1,2191,2190,2192,-1,2191,2192,2193,-1,2193,2192,2194,-1,2193,2194,2195,-1,2195,2194,2196,-1,2195,2196,2197,-1,2197,2196,2198,-1,2197,2198,2199,-1,2199,2198,2200,-1,2199,2200,2201,-1,2201,2200,2202,-1,2201,2202,2203,-1,2098,2203,2096,-1,2096,2203,2202,-1,2118,2120,2116,-1,2116,2120,2122,-1,2116,2122,2114,-1,2146,2148,2099,-1,2122,2124,2114,-1,2114,2124,2088,-1,2114,2088,2113,-1,2113,2088,2090,-1,2099,2148,2098,-1,2148,2150,2098,-1,2098,2150,2152,-1,2098,2152,2203,-1,2203,2152,2154,-1,2203,2154,2156,-1,2175,2177,2164,-1,2141,2143,2099,-1,2099,2143,2145,-1,2099,2145,2146,-1,2195,2164,2193,-1,2193,2164,2191,-1,2156,2158,2203,-1,2203,2158,2160,-1,2203,2160,2201,-1,2201,2160,2162,-1,2201,2162,2199,-1,2199,2162,2164,-1,2199,2164,2197,-1,2197,2164,2195,-1,2169,2171,2173,-1,2182,2185,2187,-1,2090,2095,2113,-1,2113,2095,2093,-1,2113,2093,2111,-1,2111,2093,2126,-1,2111,2126,2109,-1,2109,2126,2128,-1,2109,2128,2107,-1,2107,2128,2130,-1,2107,2130,2105,-1,2105,2130,2132,-1,2105,2132,2103,-1,2103,2132,2134,-1,2103,2134,2100,-1,2100,2134,2136,-1,2100,2136,2099,-1,2099,2136,2138,-1,2099,2138,2141,-1,2177,2179,2164,-1,2164,2179,2181,-1,2164,2181,2191,-1,2191,2181,2182,-1,2191,2182,2189,-1,2189,2182,2187,-1,2175,2164,2173,-1,2173,2164,2167,-1,2173,2167,2169,-1,2096,2202,2155,-1,2161,2159,2202,-1,2202,2159,2157,-1,2202,2157,2155,-1,2112,2094,2091,-1,2183,2180,2165,-1,2149,2097,2151,-1,2151,2097,2096,-1,2151,2096,2153,-1,2153,2096,2155,-1,2112,2091,2115,-1,2186,2184,2183,-1,2196,2194,2165,-1,2121,2119,2123,-1,2123,2119,2117,-1,2123,2117,2125,-1,2125,2117,2115,-1,2125,2115,2089,-1,2089,2115,2091,-1,2180,2178,2165,-1,2165,2178,2176,-1,2165,2176,2166,-1,2161,2202,2163,-1,2163,2202,2200,-1,2163,2200,2165,-1,2165,2200,2198,-1,2165,2198,2196,-1,2149,2147,2097,-1,2097,2147,2144,-1,2097,2144,2142,-1,2194,2192,2165,-1,2165,2192,2190,-1,2165,2190,2183,-1,2183,2190,2188,-1,2183,2188,2186,-1,2142,2140,2097,-1,2097,2140,2139,-1,2097,2139,2101,-1,2101,2139,2137,-1,2101,2137,2102,-1,2102,2137,2135,-1,2102,2135,2104,-1,2104,2135,2133,-1,2104,2133,2106,-1,2106,2133,2131,-1,2106,2131,2108,-1,2108,2131,2129,-1,2108,2129,2110,-1,2110,2129,2127,-1,2110,2127,2112,-1,2112,2127,2092,-1,2112,2092,2094,-1,2176,2174,2166,-1,2166,2174,2172,-1,2166,2172,2168,-1,2168,2172,2170,-1,2204,2205,2206,-1,2206,2205,2207,-1,2208,2209,2210,-1,2210,2209,2211,-1,2212,2213,2214,-1,2214,2213,2215,-1,2216,2215,2217,-1,2217,2215,2213,-1,2216,2217,2218,-1,2216,2218,2219,-1,2219,2218,2220,-1,2219,2220,2221,-1,2221,2220,2222,-1,2221,2222,2223,-1,2223,2222,2224,-1,2223,2224,2225,-1,2225,2224,2226,-1,2225,2226,2227,-1,2227,2226,2228,-1,2227,2228,2229,-1,2230,2229,2231,-1,2231,2229,2228,-1,2232,2230,2233,-1,2233,2230,2231,-1,2234,2232,2235,-1,2235,2232,2233,-1,2236,2234,2237,-1,2237,2234,2235,-1,2238,2236,2239,-1,2239,2236,2237,-1,2240,2238,2241,-1,2241,2238,2239,-1,2209,2208,2242,-1,2242,2208,2243,-1,2242,2243,2244,-1,2244,2243,2245,-1,2244,2245,2246,-1,2246,2245,2247,-1,2246,2247,2248,-1,2248,2247,2249,-1,2248,2249,2250,-1,2250,2249,2251,-1,2250,2251,2252,-1,2252,2251,2253,-1,2254,2252,2255,-1,2255,2252,2253,-1,2254,2255,2256,-1,2254,2256,2257,-1,2257,2256,2258,-1,2257,2258,2259,-1,2259,2258,2260,-1,2259,2260,2261,-1,2261,2260,2262,-1,2262,2260,2263,-1,2262,2263,2264,-1,2264,2263,2265,-1,2264,2265,2266,-1,2266,2265,2267,-1,2268,2266,2269,-1,2269,2266,2267,-1,2268,2269,2270,-1,2270,2269,2271,-1,2270,2271,2272,-1,2272,2271,2273,-1,2274,2272,2275,-1,2275,2272,2273,-1,2274,2275,2276,-1,2276,2275,2277,-1,2276,2277,2278,-1,2278,2277,2279,-1,2278,2279,2280,-1,2280,2279,2281,-1,2280,2281,2282,-1,2280,2282,2283,-1,2283,2282,2284,-1,2283,2284,2285,-1,2285,2284,2286,-1,2285,2286,2287,-1,2287,2286,2288,-1,2287,2288,2289,-1,2289,2288,2290,-1,2289,2290,2291,-1,2291,2290,2292,-1,2291,2292,2293,-1,2293,2292,2294,-1,2293,2294,2295,-1,2295,2294,2296,-1,2295,2296,2297,-1,2298,2297,2299,-1,2299,2297,2296,-1,2298,2299,2300,-1,2298,2300,2301,-1,2301,2300,2302,-1,2301,2302,2303,-1,2303,2302,2304,-1,2303,2304,2305,-1,2305,2304,2306,-1,2305,2306,2307,-1,2307,2306,2308,-1,2307,2308,2309,-1,2309,2308,2310,-1,2309,2310,2311,-1,2311,2310,2312,-1,2311,2312,2313,-1,2313,2312,2314,-1,2313,2314,2315,-1,2315,2314,2316,-1,2315,2316,2317,-1,2317,2316,2318,-1,2317,2318,2319,-1,2214,2319,2212,-1,2212,2319,2318,-1,2234,2236,2232,-1,2232,2236,2238,-1,2232,2238,2230,-1,2262,2264,2215,-1,2238,2240,2230,-1,2230,2240,2204,-1,2230,2204,2229,-1,2229,2204,2206,-1,2215,2264,2214,-1,2264,2266,2214,-1,2214,2266,2268,-1,2214,2268,2319,-1,2319,2268,2270,-1,2319,2270,2272,-1,2291,2293,2280,-1,2257,2259,2215,-1,2215,2259,2261,-1,2215,2261,2262,-1,2311,2280,2309,-1,2309,2280,2307,-1,2272,2274,2319,-1,2319,2274,2276,-1,2319,2276,2317,-1,2317,2276,2278,-1,2317,2278,2315,-1,2315,2278,2280,-1,2315,2280,2313,-1,2313,2280,2311,-1,2285,2287,2289,-1,2298,2301,2303,-1,2206,2211,2229,-1,2229,2211,2209,-1,2229,2209,2227,-1,2227,2209,2242,-1,2227,2242,2225,-1,2225,2242,2244,-1,2225,2244,2223,-1,2223,2244,2246,-1,2223,2246,2221,-1,2221,2246,2248,-1,2221,2248,2219,-1,2219,2248,2250,-1,2219,2250,2216,-1,2216,2250,2252,-1,2216,2252,2215,-1,2215,2252,2254,-1,2215,2254,2257,-1,2293,2295,2280,-1,2280,2295,2297,-1,2280,2297,2307,-1,2307,2297,2298,-1,2307,2298,2305,-1,2305,2298,2303,-1,2291,2280,2289,-1,2289,2280,2283,-1,2289,2283,2285,-1,2212,2318,2271,-1,2277,2275,2318,-1,2318,2275,2273,-1,2318,2273,2271,-1,2228,2210,2207,-1,2299,2296,2281,-1,2265,2213,2267,-1,2267,2213,2212,-1,2267,2212,2269,-1,2269,2212,2271,-1,2228,2207,2231,-1,2302,2300,2299,-1,2312,2310,2281,-1,2237,2235,2239,-1,2239,2235,2233,-1,2239,2233,2241,-1,2241,2233,2231,-1,2241,2231,2205,-1,2205,2231,2207,-1,2296,2294,2281,-1,2281,2294,2292,-1,2281,2292,2282,-1,2277,2318,2279,-1,2279,2318,2316,-1,2279,2316,2281,-1,2281,2316,2314,-1,2281,2314,2312,-1,2265,2263,2213,-1,2213,2263,2260,-1,2213,2260,2258,-1,2310,2308,2281,-1,2281,2308,2306,-1,2281,2306,2299,-1,2299,2306,2304,-1,2299,2304,2302,-1,2258,2256,2213,-1,2213,2256,2255,-1,2213,2255,2217,-1,2217,2255,2253,-1,2217,2253,2218,-1,2218,2253,2251,-1,2218,2251,2220,-1,2220,2251,2249,-1,2220,2249,2222,-1,2222,2249,2247,-1,2222,2247,2224,-1,2224,2247,2245,-1,2224,2245,2226,-1,2226,2245,2243,-1,2226,2243,2228,-1,2228,2243,2208,-1,2228,2208,2210,-1,2292,2290,2282,-1,2282,2290,2288,-1,2282,2288,2284,-1,2284,2288,2286,-1,2320,2321,2322,-1,2322,2321,2323,-1,2324,2325,2326,-1,2326,2325,2327,-1,2328,2329,2330,-1,2330,2329,2331,-1,2332,2331,2333,-1,2333,2331,2329,-1,2332,2333,2334,-1,2332,2334,2335,-1,2335,2334,2336,-1,2335,2336,2337,-1,2337,2336,2338,-1,2337,2338,2339,-1,2339,2338,2340,-1,2339,2340,2341,-1,2341,2340,2342,-1,2341,2342,2343,-1,2343,2342,2344,-1,2343,2344,2345,-1,2346,2345,2347,-1,2347,2345,2344,-1,2348,2346,2349,-1,2349,2346,2347,-1,2350,2348,2351,-1,2351,2348,2349,-1,2352,2350,2353,-1,2353,2350,2351,-1,2354,2352,2355,-1,2355,2352,2353,-1,2356,2354,2357,-1,2357,2354,2355,-1,2325,2324,2358,-1,2358,2324,2359,-1,2358,2359,2360,-1,2360,2359,2361,-1,2360,2361,2362,-1,2362,2361,2363,-1,2362,2363,2364,-1,2364,2363,2365,-1,2364,2365,2366,-1,2366,2365,2367,-1,2366,2367,2368,-1,2368,2367,2369,-1,2370,2368,2371,-1,2371,2368,2369,-1,2370,2371,2372,-1,2370,2372,2373,-1,2373,2372,2374,-1,2373,2374,2375,-1,2375,2374,2376,-1,2375,2376,2377,-1,2377,2376,2378,-1,2378,2376,2379,-1,2378,2379,2380,-1,2380,2379,2381,-1,2380,2381,2382,-1,2382,2381,2383,-1,2384,2382,2385,-1,2385,2382,2383,-1,2384,2385,2386,-1,2386,2385,2387,-1,2386,2387,2388,-1,2388,2387,2389,-1,2390,2388,2391,-1,2391,2388,2389,-1,2390,2391,2392,-1,2392,2391,2393,-1,2392,2393,2394,-1,2394,2393,2395,-1,2394,2395,2396,-1,2396,2395,2397,-1,2396,2397,2398,-1,2396,2398,2399,-1,2399,2398,2400,-1,2399,2400,2401,-1,2401,2400,2402,-1,2401,2402,2403,-1,2403,2402,2404,-1,2403,2404,2405,-1,2405,2404,2406,-1,2405,2406,2407,-1,2407,2406,2408,-1,2407,2408,2409,-1,2409,2408,2410,-1,2409,2410,2411,-1,2411,2410,2412,-1,2411,2412,2413,-1,2414,2413,2415,-1,2415,2413,2412,-1,2414,2415,2416,-1,2414,2416,2417,-1,2417,2416,2418,-1,2417,2418,2419,-1,2419,2418,2420,-1,2419,2420,2421,-1,2421,2420,2422,-1,2421,2422,2423,-1,2423,2422,2424,-1,2423,2424,2425,-1,2425,2424,2426,-1,2425,2426,2427,-1,2427,2426,2428,-1,2427,2428,2429,-1,2429,2428,2430,-1,2429,2430,2431,-1,2431,2430,2432,-1,2431,2432,2433,-1,2433,2432,2434,-1,2433,2434,2435,-1,2330,2435,2328,-1,2328,2435,2434,-1,2350,2352,2348,-1,2348,2352,2354,-1,2348,2354,2346,-1,2378,2380,2331,-1,2354,2356,2346,-1,2346,2356,2320,-1,2346,2320,2345,-1,2345,2320,2322,-1,2331,2380,2330,-1,2380,2382,2330,-1,2330,2382,2384,-1,2330,2384,2435,-1,2435,2384,2386,-1,2435,2386,2388,-1,2407,2409,2396,-1,2373,2375,2331,-1,2331,2375,2377,-1,2331,2377,2378,-1,2427,2396,2425,-1,2425,2396,2423,-1,2388,2390,2435,-1,2435,2390,2392,-1,2435,2392,2433,-1,2433,2392,2394,-1,2433,2394,2431,-1,2431,2394,2396,-1,2431,2396,2429,-1,2429,2396,2427,-1,2401,2403,2405,-1,2414,2417,2419,-1,2322,2327,2345,-1,2345,2327,2325,-1,2345,2325,2343,-1,2343,2325,2358,-1,2343,2358,2341,-1,2341,2358,2360,-1,2341,2360,2339,-1,2339,2360,2362,-1,2339,2362,2337,-1,2337,2362,2364,-1,2337,2364,2335,-1,2335,2364,2366,-1,2335,2366,2332,-1,2332,2366,2368,-1,2332,2368,2331,-1,2331,2368,2370,-1,2331,2370,2373,-1,2409,2411,2396,-1,2396,2411,2413,-1,2396,2413,2423,-1,2423,2413,2414,-1,2423,2414,2421,-1,2421,2414,2419,-1,2407,2396,2405,-1,2405,2396,2399,-1,2405,2399,2401,-1,2328,2434,2387,-1,2326,2323,2344,-1,2393,2391,2434,-1,2434,2391,2389,-1,2434,2389,2387,-1,2344,2323,2347,-1,2415,2412,2397,-1,2381,2329,2383,-1,2383,2329,2328,-1,2383,2328,2385,-1,2385,2328,2387,-1,2353,2351,2355,-1,2355,2351,2349,-1,2355,2349,2357,-1,2357,2349,2347,-1,2357,2347,2321,-1,2321,2347,2323,-1,2418,2416,2415,-1,2428,2426,2397,-1,2412,2410,2397,-1,2397,2410,2408,-1,2397,2408,2398,-1,2393,2434,2395,-1,2395,2434,2432,-1,2395,2432,2397,-1,2397,2432,2430,-1,2397,2430,2428,-1,2381,2379,2329,-1,2329,2379,2376,-1,2329,2376,2374,-1,2426,2424,2397,-1,2397,2424,2422,-1,2397,2422,2415,-1,2415,2422,2420,-1,2415,2420,2418,-1,2374,2372,2329,-1,2329,2372,2371,-1,2329,2371,2333,-1,2333,2371,2369,-1,2333,2369,2334,-1,2334,2369,2367,-1,2334,2367,2336,-1,2336,2367,2365,-1,2336,2365,2338,-1,2338,2365,2363,-1,2338,2363,2340,-1,2340,2363,2361,-1,2340,2361,2342,-1,2342,2361,2359,-1,2342,2359,2344,-1,2344,2359,2324,-1,2344,2324,2326,-1,2408,2406,2398,-1,2398,2406,2404,-1,2398,2404,2400,-1,2400,2404,2402,-1,2436,2437,2438,-1,2438,2437,2439,-1,2440,2441,2442,-1,2442,2441,2443,-1,2444,2445,2446,-1,2446,2445,2447,-1,2448,2447,2449,-1,2449,2447,2445,-1,2448,2449,2450,-1,2448,2450,2451,-1,2451,2450,2452,-1,2451,2452,2453,-1,2453,2452,2454,-1,2453,2454,2455,-1,2455,2454,2456,-1,2455,2456,2457,-1,2457,2456,2458,-1,2457,2458,2459,-1,2459,2458,2460,-1,2459,2460,2461,-1,2462,2461,2463,-1,2463,2461,2460,-1,2464,2462,2465,-1,2465,2462,2463,-1,2466,2464,2467,-1,2467,2464,2465,-1,2468,2466,2469,-1,2469,2466,2467,-1,2470,2468,2471,-1,2471,2468,2469,-1,2472,2470,2473,-1,2473,2470,2471,-1,2441,2440,2474,-1,2474,2440,2475,-1,2474,2475,2476,-1,2476,2475,2477,-1,2476,2477,2478,-1,2478,2477,2479,-1,2478,2479,2480,-1,2480,2479,2481,-1,2480,2481,2482,-1,2482,2481,2483,-1,2482,2483,2484,-1,2484,2483,2485,-1,2486,2484,2487,-1,2487,2484,2485,-1,2486,2487,2488,-1,2486,2488,2489,-1,2489,2488,2490,-1,2489,2490,2491,-1,2491,2490,2492,-1,2491,2492,2493,-1,2493,2492,2494,-1,2494,2492,2495,-1,2494,2495,2496,-1,2496,2495,2497,-1,2496,2497,2498,-1,2498,2497,2499,-1,2500,2498,2501,-1,2501,2498,2499,-1,2500,2501,2502,-1,2502,2501,2503,-1,2502,2503,2504,-1,2504,2503,2505,-1,2506,2504,2507,-1,2507,2504,2505,-1,2506,2507,2508,-1,2508,2507,2509,-1,2508,2509,2510,-1,2510,2509,2511,-1,2510,2511,2512,-1,2512,2511,2513,-1,2512,2513,2514,-1,2512,2514,2515,-1,2515,2514,2516,-1,2515,2516,2517,-1,2517,2516,2518,-1,2517,2518,2519,-1,2519,2518,2520,-1,2519,2520,2521,-1,2521,2520,2522,-1,2521,2522,2523,-1,2523,2522,2524,-1,2523,2524,2525,-1,2525,2524,2526,-1,2525,2526,2527,-1,2527,2526,2528,-1,2527,2528,2529,-1,2530,2529,2531,-1,2531,2529,2528,-1,2530,2531,2532,-1,2530,2532,2533,-1,2533,2532,2534,-1,2533,2534,2535,-1,2535,2534,2536,-1,2535,2536,2537,-1,2537,2536,2538,-1,2537,2538,2539,-1,2539,2538,2540,-1,2539,2540,2541,-1,2541,2540,2542,-1,2541,2542,2543,-1,2543,2542,2544,-1,2543,2544,2545,-1,2545,2544,2546,-1,2545,2546,2547,-1,2547,2546,2548,-1,2547,2548,2549,-1,2549,2548,2550,-1,2549,2550,2551,-1,2446,2551,2444,-1,2444,2551,2550,-1,2466,2468,2464,-1,2464,2468,2470,-1,2464,2470,2462,-1,2494,2496,2447,-1,2470,2472,2462,-1,2462,2472,2436,-1,2462,2436,2461,-1,2461,2436,2438,-1,2447,2496,2446,-1,2496,2498,2446,-1,2446,2498,2500,-1,2446,2500,2551,-1,2551,2500,2502,-1,2551,2502,2504,-1,2523,2525,2512,-1,2489,2491,2447,-1,2447,2491,2493,-1,2447,2493,2494,-1,2543,2512,2541,-1,2541,2512,2539,-1,2504,2506,2551,-1,2551,2506,2508,-1,2551,2508,2549,-1,2549,2508,2510,-1,2549,2510,2547,-1,2547,2510,2512,-1,2547,2512,2545,-1,2545,2512,2543,-1,2517,2519,2521,-1,2530,2533,2535,-1,2438,2443,2461,-1,2461,2443,2441,-1,2461,2441,2459,-1,2459,2441,2474,-1,2459,2474,2457,-1,2457,2474,2476,-1,2457,2476,2455,-1,2455,2476,2478,-1,2455,2478,2453,-1,2453,2478,2480,-1,2453,2480,2451,-1,2451,2480,2482,-1,2451,2482,2448,-1,2448,2482,2484,-1,2448,2484,2447,-1,2447,2484,2486,-1,2447,2486,2489,-1,2525,2527,2512,-1,2512,2527,2529,-1,2512,2529,2539,-1,2539,2529,2530,-1,2539,2530,2537,-1,2537,2530,2535,-1,2523,2512,2521,-1,2521,2512,2515,-1,2521,2515,2517,-1,2444,2550,2503,-1,2509,2507,2550,-1,2550,2507,2505,-1,2550,2505,2503,-1,2460,2442,2439,-1,2531,2528,2513,-1,2497,2445,2499,-1,2499,2445,2444,-1,2499,2444,2501,-1,2501,2444,2503,-1,2460,2439,2463,-1,2534,2532,2531,-1,2544,2542,2513,-1,2469,2467,2471,-1,2471,2467,2465,-1,2471,2465,2473,-1,2473,2465,2463,-1,2473,2463,2437,-1,2437,2463,2439,-1,2528,2526,2513,-1,2513,2526,2524,-1,2513,2524,2514,-1,2509,2550,2511,-1,2511,2550,2548,-1,2511,2548,2513,-1,2513,2548,2546,-1,2513,2546,2544,-1,2497,2495,2445,-1,2445,2495,2492,-1,2445,2492,2490,-1,2542,2540,2513,-1,2513,2540,2538,-1,2513,2538,2531,-1,2531,2538,2536,-1,2531,2536,2534,-1,2490,2488,2445,-1,2445,2488,2487,-1,2445,2487,2449,-1,2449,2487,2485,-1,2449,2485,2450,-1,2450,2485,2483,-1,2450,2483,2452,-1,2452,2483,2481,-1,2452,2481,2454,-1,2454,2481,2479,-1,2454,2479,2456,-1,2456,2479,2477,-1,2456,2477,2458,-1,2458,2477,2475,-1,2458,2475,2460,-1,2460,2475,2440,-1,2460,2440,2442,-1,2524,2522,2514,-1,2514,2522,2520,-1,2514,2520,2516,-1,2516,2520,2518,-1,2552,2553,2554,-1,2554,2553,2555,-1,2556,2557,2558,-1,2558,2557,2559,-1,2560,2561,2562,-1,2562,2561,2563,-1,2564,2563,2565,-1,2565,2563,2561,-1,2564,2565,2566,-1,2564,2566,2567,-1,2567,2566,2568,-1,2567,2568,2569,-1,2569,2568,2570,-1,2569,2570,2571,-1,2571,2570,2572,-1,2571,2572,2573,-1,2573,2572,2574,-1,2573,2574,2575,-1,2575,2574,2576,-1,2575,2576,2577,-1,2578,2577,2579,-1,2579,2577,2576,-1,2580,2578,2581,-1,2581,2578,2579,-1,2582,2580,2583,-1,2583,2580,2581,-1,2584,2582,2585,-1,2585,2582,2583,-1,2586,2584,2587,-1,2587,2584,2585,-1,2588,2586,2589,-1,2589,2586,2587,-1,2557,2556,2590,-1,2590,2556,2591,-1,2590,2591,2592,-1,2592,2591,2593,-1,2592,2593,2594,-1,2594,2593,2595,-1,2594,2595,2596,-1,2596,2595,2597,-1,2596,2597,2598,-1,2598,2597,2599,-1,2598,2599,2600,-1,2600,2599,2601,-1,2602,2600,2603,-1,2603,2600,2601,-1,2602,2603,2604,-1,2602,2604,2605,-1,2605,2604,2606,-1,2605,2606,2607,-1,2607,2606,2608,-1,2607,2608,2609,-1,2609,2608,2610,-1,2610,2608,2611,-1,2610,2611,2612,-1,2612,2611,2613,-1,2612,2613,2614,-1,2614,2613,2615,-1,2616,2614,2617,-1,2617,2614,2615,-1,2616,2617,2618,-1,2618,2617,2619,-1,2618,2619,2620,-1,2620,2619,2621,-1,2622,2620,2623,-1,2623,2620,2621,-1,2622,2623,2624,-1,2624,2623,2625,-1,2624,2625,2626,-1,2626,2625,2627,-1,2626,2627,2628,-1,2628,2627,2629,-1,2628,2629,2630,-1,2628,2630,2631,-1,2631,2630,2632,-1,2631,2632,2633,-1,2633,2632,2634,-1,2633,2634,2635,-1,2635,2634,2636,-1,2635,2636,2637,-1,2637,2636,2638,-1,2637,2638,2639,-1,2639,2638,2640,-1,2639,2640,2641,-1,2641,2640,2642,-1,2641,2642,2643,-1,2643,2642,2644,-1,2643,2644,2645,-1,2646,2645,2647,-1,2647,2645,2644,-1,2646,2647,2648,-1,2646,2648,2649,-1,2649,2648,2650,-1,2649,2650,2651,-1,2651,2650,2652,-1,2651,2652,2653,-1,2653,2652,2654,-1,2653,2654,2655,-1,2655,2654,2656,-1,2655,2656,2657,-1,2657,2656,2658,-1,2657,2658,2659,-1,2659,2658,2660,-1,2659,2660,2661,-1,2661,2660,2662,-1,2661,2662,2663,-1,2663,2662,2664,-1,2663,2664,2665,-1,2665,2664,2666,-1,2665,2666,2667,-1,2562,2667,2560,-1,2560,2667,2666,-1,2582,2584,2580,-1,2580,2584,2586,-1,2580,2586,2578,-1,2610,2612,2563,-1,2586,2588,2578,-1,2578,2588,2552,-1,2578,2552,2577,-1,2577,2552,2554,-1,2563,2612,2562,-1,2612,2614,2562,-1,2562,2614,2616,-1,2562,2616,2667,-1,2667,2616,2618,-1,2667,2618,2620,-1,2639,2641,2628,-1,2605,2607,2563,-1,2563,2607,2609,-1,2563,2609,2610,-1,2659,2628,2657,-1,2657,2628,2655,-1,2620,2622,2667,-1,2667,2622,2624,-1,2667,2624,2665,-1,2665,2624,2626,-1,2665,2626,2663,-1,2663,2626,2628,-1,2663,2628,2661,-1,2661,2628,2659,-1,2633,2635,2637,-1,2646,2649,2651,-1,2554,2559,2577,-1,2577,2559,2557,-1,2577,2557,2575,-1,2575,2557,2590,-1,2575,2590,2573,-1,2573,2590,2592,-1,2573,2592,2571,-1,2571,2592,2594,-1,2571,2594,2569,-1,2569,2594,2596,-1,2569,2596,2567,-1,2567,2596,2598,-1,2567,2598,2564,-1,2564,2598,2600,-1,2564,2600,2563,-1,2563,2600,2602,-1,2563,2602,2605,-1,2641,2643,2628,-1,2628,2643,2645,-1,2628,2645,2655,-1,2655,2645,2646,-1,2655,2646,2653,-1,2653,2646,2651,-1,2639,2628,2637,-1,2637,2628,2631,-1,2637,2631,2633,-1,2560,2666,2619,-1,2625,2623,2666,-1,2666,2623,2621,-1,2666,2621,2619,-1,2576,2558,2555,-1,2647,2644,2629,-1,2613,2561,2615,-1,2615,2561,2560,-1,2615,2560,2617,-1,2617,2560,2619,-1,2576,2555,2579,-1,2650,2648,2647,-1,2660,2658,2629,-1,2585,2583,2587,-1,2587,2583,2581,-1,2587,2581,2589,-1,2589,2581,2579,-1,2589,2579,2553,-1,2553,2579,2555,-1,2644,2642,2629,-1,2629,2642,2640,-1,2629,2640,2630,-1,2625,2666,2627,-1,2627,2666,2664,-1,2627,2664,2629,-1,2629,2664,2662,-1,2629,2662,2660,-1,2613,2611,2561,-1,2561,2611,2608,-1,2561,2608,2606,-1,2658,2656,2629,-1,2629,2656,2654,-1,2629,2654,2647,-1,2647,2654,2652,-1,2647,2652,2650,-1,2606,2604,2561,-1,2561,2604,2603,-1,2561,2603,2565,-1,2565,2603,2601,-1,2565,2601,2566,-1,2566,2601,2599,-1,2566,2599,2568,-1,2568,2599,2597,-1,2568,2597,2570,-1,2570,2597,2595,-1,2570,2595,2572,-1,2572,2595,2593,-1,2572,2593,2574,-1,2574,2593,2591,-1,2574,2591,2576,-1,2576,2591,2556,-1,2576,2556,2558,-1,2640,2638,2630,-1,2630,2638,2636,-1,2630,2636,2632,-1,2632,2636,2634,-1,2668,2669,2670,-1,2670,2669,2671,-1,2672,2673,2674,-1,2674,2673,2675,-1,2676,2677,2678,-1,2678,2677,2679,-1,2680,2679,2681,-1,2681,2679,2677,-1,2680,2681,2682,-1,2680,2682,2683,-1,2683,2682,2684,-1,2683,2684,2685,-1,2685,2684,2686,-1,2685,2686,2687,-1,2687,2686,2688,-1,2687,2688,2689,-1,2689,2688,2690,-1,2689,2690,2691,-1,2691,2690,2692,-1,2691,2692,2693,-1,2694,2693,2695,-1,2695,2693,2692,-1,2696,2694,2697,-1,2697,2694,2695,-1,2698,2696,2699,-1,2699,2696,2697,-1,2700,2698,2701,-1,2701,2698,2699,-1,2702,2700,2703,-1,2703,2700,2701,-1,2704,2702,2705,-1,2705,2702,2703,-1,2673,2672,2706,-1,2706,2672,2707,-1,2706,2707,2708,-1,2708,2707,2709,-1,2708,2709,2710,-1,2710,2709,2711,-1,2710,2711,2712,-1,2712,2711,2713,-1,2712,2713,2714,-1,2714,2713,2715,-1,2714,2715,2716,-1,2716,2715,2717,-1,2718,2716,2719,-1,2719,2716,2717,-1,2718,2719,2720,-1,2718,2720,2721,-1,2721,2720,2722,-1,2721,2722,2723,-1,2723,2722,2724,-1,2723,2724,2725,-1,2725,2724,2726,-1,2726,2724,2727,-1,2726,2727,2728,-1,2728,2727,2729,-1,2728,2729,2730,-1,2730,2729,2731,-1,2732,2730,2733,-1,2733,2730,2731,-1,2732,2733,2734,-1,2734,2733,2735,-1,2734,2735,2736,-1,2736,2735,2737,-1,2738,2736,2739,-1,2739,2736,2737,-1,2738,2739,2740,-1,2740,2739,2741,-1,2740,2741,2742,-1,2742,2741,2743,-1,2742,2743,2744,-1,2744,2743,2745,-1,2744,2745,2746,-1,2744,2746,2747,-1,2747,2746,2748,-1,2747,2748,2749,-1,2749,2748,2750,-1,2749,2750,2751,-1,2751,2750,2752,-1,2751,2752,2753,-1,2753,2752,2754,-1,2753,2754,2755,-1,2755,2754,2756,-1,2755,2756,2757,-1,2757,2756,2758,-1,2757,2758,2759,-1,2759,2758,2760,-1,2759,2760,2761,-1,2762,2761,2763,-1,2763,2761,2760,-1,2762,2763,2764,-1,2762,2764,2765,-1,2765,2764,2766,-1,2765,2766,2767,-1,2767,2766,2768,-1,2767,2768,2769,-1,2769,2768,2770,-1,2769,2770,2771,-1,2771,2770,2772,-1,2771,2772,2773,-1,2773,2772,2774,-1,2773,2774,2775,-1,2775,2774,2776,-1,2775,2776,2777,-1,2777,2776,2778,-1,2777,2778,2779,-1,2779,2778,2780,-1,2779,2780,2781,-1,2781,2780,2782,-1,2781,2782,2783,-1,2678,2783,2676,-1,2676,2783,2782,-1,2698,2700,2696,-1,2696,2700,2702,-1,2696,2702,2694,-1,2726,2728,2679,-1,2702,2704,2694,-1,2694,2704,2668,-1,2694,2668,2693,-1,2693,2668,2670,-1,2679,2728,2678,-1,2728,2730,2678,-1,2678,2730,2732,-1,2678,2732,2783,-1,2783,2732,2734,-1,2783,2734,2736,-1,2755,2757,2744,-1,2721,2723,2679,-1,2679,2723,2725,-1,2679,2725,2726,-1,2775,2744,2773,-1,2773,2744,2771,-1,2736,2738,2783,-1,2783,2738,2740,-1,2783,2740,2781,-1,2781,2740,2742,-1,2781,2742,2779,-1,2779,2742,2744,-1,2779,2744,2777,-1,2777,2744,2775,-1,2749,2751,2753,-1,2762,2765,2767,-1,2670,2675,2693,-1,2693,2675,2673,-1,2693,2673,2691,-1,2691,2673,2706,-1,2691,2706,2689,-1,2689,2706,2708,-1,2689,2708,2687,-1,2687,2708,2710,-1,2687,2710,2685,-1,2685,2710,2712,-1,2685,2712,2683,-1,2683,2712,2714,-1,2683,2714,2680,-1,2680,2714,2716,-1,2680,2716,2679,-1,2679,2716,2718,-1,2679,2718,2721,-1,2757,2759,2744,-1,2744,2759,2761,-1,2744,2761,2771,-1,2771,2761,2762,-1,2771,2762,2769,-1,2769,2762,2767,-1,2755,2744,2753,-1,2753,2744,2747,-1,2753,2747,2749,-1,2676,2782,2735,-1,2741,2739,2782,-1,2782,2739,2737,-1,2782,2737,2735,-1,2692,2674,2671,-1,2763,2760,2745,-1,2729,2677,2731,-1,2731,2677,2676,-1,2731,2676,2733,-1,2733,2676,2735,-1,2692,2671,2695,-1,2766,2764,2763,-1,2776,2774,2745,-1,2701,2699,2703,-1,2703,2699,2697,-1,2703,2697,2705,-1,2705,2697,2695,-1,2705,2695,2669,-1,2669,2695,2671,-1,2760,2758,2745,-1,2745,2758,2756,-1,2745,2756,2746,-1,2741,2782,2743,-1,2743,2782,2780,-1,2743,2780,2745,-1,2745,2780,2778,-1,2745,2778,2776,-1,2729,2727,2677,-1,2677,2727,2724,-1,2677,2724,2722,-1,2774,2772,2745,-1,2745,2772,2770,-1,2745,2770,2763,-1,2763,2770,2768,-1,2763,2768,2766,-1,2722,2720,2677,-1,2677,2720,2719,-1,2677,2719,2681,-1,2681,2719,2717,-1,2681,2717,2682,-1,2682,2717,2715,-1,2682,2715,2684,-1,2684,2715,2713,-1,2684,2713,2686,-1,2686,2713,2711,-1,2686,2711,2688,-1,2688,2711,2709,-1,2688,2709,2690,-1,2690,2709,2707,-1,2690,2707,2692,-1,2692,2707,2672,-1,2692,2672,2674,-1,2756,2754,2746,-1,2746,2754,2752,-1,2746,2752,2748,-1,2748,2752,2750,-1,2784,2785,2786,-1,2786,2785,2787,-1,2788,2789,2790,-1,2790,2789,2791,-1,2792,2793,2794,-1,2794,2793,2795,-1,2796,2795,2797,-1,2797,2795,2793,-1,2796,2797,2798,-1,2796,2798,2799,-1,2799,2798,2800,-1,2799,2800,2801,-1,2801,2800,2802,-1,2801,2802,2803,-1,2803,2802,2804,-1,2803,2804,2805,-1,2805,2804,2806,-1,2805,2806,2807,-1,2807,2806,2808,-1,2807,2808,2809,-1,2810,2809,2811,-1,2811,2809,2808,-1,2812,2810,2813,-1,2813,2810,2811,-1,2814,2812,2815,-1,2815,2812,2813,-1,2816,2814,2817,-1,2817,2814,2815,-1,2818,2816,2819,-1,2819,2816,2817,-1,2820,2818,2821,-1,2821,2818,2819,-1,2789,2788,2822,-1,2822,2788,2823,-1,2822,2823,2824,-1,2824,2823,2825,-1,2824,2825,2826,-1,2826,2825,2827,-1,2826,2827,2828,-1,2828,2827,2829,-1,2828,2829,2830,-1,2830,2829,2831,-1,2830,2831,2832,-1,2832,2831,2833,-1,2834,2832,2835,-1,2835,2832,2833,-1,2834,2835,2836,-1,2834,2836,2837,-1,2837,2836,2838,-1,2837,2838,2839,-1,2839,2838,2840,-1,2839,2840,2841,-1,2841,2840,2842,-1,2842,2840,2843,-1,2842,2843,2844,-1,2844,2843,2845,-1,2844,2845,2846,-1,2846,2845,2847,-1,2848,2846,2849,-1,2849,2846,2847,-1,2848,2849,2850,-1,2850,2849,2851,-1,2850,2851,2852,-1,2852,2851,2853,-1,2854,2852,2855,-1,2855,2852,2853,-1,2854,2855,2856,-1,2856,2855,2857,-1,2856,2857,2858,-1,2858,2857,2859,-1,2858,2859,2860,-1,2860,2859,2861,-1,2860,2861,2862,-1,2860,2862,2863,-1,2863,2862,2864,-1,2863,2864,2865,-1,2865,2864,2866,-1,2865,2866,2867,-1,2867,2866,2868,-1,2867,2868,2869,-1,2869,2868,2870,-1,2869,2870,2871,-1,2871,2870,2872,-1,2871,2872,2873,-1,2873,2872,2874,-1,2873,2874,2875,-1,2875,2874,2876,-1,2875,2876,2877,-1,2878,2877,2879,-1,2879,2877,2876,-1,2878,2879,2880,-1,2878,2880,2881,-1,2881,2880,2882,-1,2881,2882,2883,-1,2883,2882,2884,-1,2883,2884,2885,-1,2885,2884,2886,-1,2885,2886,2887,-1,2887,2886,2888,-1,2887,2888,2889,-1,2889,2888,2890,-1,2889,2890,2891,-1,2891,2890,2892,-1,2891,2892,2893,-1,2893,2892,2894,-1,2893,2894,2895,-1,2895,2894,2896,-1,2895,2896,2897,-1,2897,2896,2898,-1,2897,2898,2899,-1,2794,2899,2792,-1,2792,2899,2898,-1,2814,2816,2812,-1,2812,2816,2818,-1,2812,2818,2810,-1,2842,2844,2795,-1,2818,2820,2810,-1,2810,2820,2784,-1,2810,2784,2809,-1,2809,2784,2786,-1,2795,2844,2794,-1,2844,2846,2794,-1,2794,2846,2848,-1,2794,2848,2899,-1,2899,2848,2850,-1,2899,2850,2852,-1,2871,2873,2860,-1,2837,2839,2795,-1,2795,2839,2841,-1,2795,2841,2842,-1,2891,2860,2889,-1,2889,2860,2887,-1,2852,2854,2899,-1,2899,2854,2856,-1,2899,2856,2897,-1,2897,2856,2858,-1,2897,2858,2895,-1,2895,2858,2860,-1,2895,2860,2893,-1,2893,2860,2891,-1,2865,2867,2869,-1,2878,2881,2883,-1,2786,2791,2809,-1,2809,2791,2789,-1,2809,2789,2807,-1,2807,2789,2822,-1,2807,2822,2805,-1,2805,2822,2824,-1,2805,2824,2803,-1,2803,2824,2826,-1,2803,2826,2801,-1,2801,2826,2828,-1,2801,2828,2799,-1,2799,2828,2830,-1,2799,2830,2796,-1,2796,2830,2832,-1,2796,2832,2795,-1,2795,2832,2834,-1,2795,2834,2837,-1,2873,2875,2860,-1,2860,2875,2877,-1,2860,2877,2887,-1,2887,2877,2878,-1,2887,2878,2885,-1,2885,2878,2883,-1,2871,2860,2869,-1,2869,2860,2863,-1,2869,2863,2865,-1,2792,2898,2851,-1,2857,2855,2898,-1,2898,2855,2853,-1,2898,2853,2851,-1,2808,2790,2787,-1,2879,2876,2861,-1,2845,2793,2847,-1,2847,2793,2792,-1,2847,2792,2849,-1,2849,2792,2851,-1,2808,2787,2811,-1,2882,2880,2879,-1,2892,2890,2861,-1,2817,2815,2819,-1,2819,2815,2813,-1,2819,2813,2821,-1,2821,2813,2811,-1,2821,2811,2785,-1,2785,2811,2787,-1,2876,2874,2861,-1,2861,2874,2872,-1,2861,2872,2862,-1,2857,2898,2859,-1,2859,2898,2896,-1,2859,2896,2861,-1,2861,2896,2894,-1,2861,2894,2892,-1,2845,2843,2793,-1,2793,2843,2840,-1,2793,2840,2838,-1,2890,2888,2861,-1,2861,2888,2886,-1,2861,2886,2879,-1,2879,2886,2884,-1,2879,2884,2882,-1,2838,2836,2793,-1,2793,2836,2835,-1,2793,2835,2797,-1,2797,2835,2833,-1,2797,2833,2798,-1,2798,2833,2831,-1,2798,2831,2800,-1,2800,2831,2829,-1,2800,2829,2802,-1,2802,2829,2827,-1,2802,2827,2804,-1,2804,2827,2825,-1,2804,2825,2806,-1,2806,2825,2823,-1,2806,2823,2808,-1,2808,2823,2788,-1,2808,2788,2790,-1,2872,2870,2862,-1,2862,2870,2868,-1,2862,2868,2864,-1,2864,2868,2866,-1,2900,2901,2902,-1,2902,2901,2903,-1,2904,2905,2906,-1,2906,2905,2907,-1,2908,2909,2910,-1,2910,2909,2911,-1,2912,2911,2913,-1,2913,2911,2909,-1,2912,2913,2914,-1,2912,2914,2915,-1,2915,2914,2916,-1,2915,2916,2917,-1,2917,2916,2918,-1,2917,2918,2919,-1,2919,2918,2920,-1,2919,2920,2921,-1,2921,2920,2922,-1,2921,2922,2923,-1,2923,2922,2924,-1,2923,2924,2925,-1,2926,2925,2927,-1,2927,2925,2924,-1,2928,2926,2929,-1,2929,2926,2927,-1,2930,2928,2931,-1,2931,2928,2929,-1,2932,2930,2933,-1,2933,2930,2931,-1,2934,2932,2935,-1,2935,2932,2933,-1,2936,2934,2937,-1,2937,2934,2935,-1,2905,2904,2938,-1,2938,2904,2939,-1,2938,2939,2940,-1,2940,2939,2941,-1,2940,2941,2942,-1,2942,2941,2943,-1,2942,2943,2944,-1,2944,2943,2945,-1,2944,2945,2946,-1,2946,2945,2947,-1,2946,2947,2948,-1,2948,2947,2949,-1,2950,2948,2951,-1,2951,2948,2949,-1,2950,2951,2952,-1,2950,2952,2953,-1,2953,2952,2954,-1,2953,2954,2955,-1,2955,2954,2956,-1,2955,2956,2957,-1,2957,2956,2958,-1,2958,2956,2959,-1,2958,2959,2960,-1,2960,2959,2961,-1,2960,2961,2962,-1,2962,2961,2963,-1,2964,2962,2965,-1,2965,2962,2963,-1,2964,2965,2966,-1,2966,2965,2967,-1,2966,2967,2968,-1,2968,2967,2969,-1,2970,2968,2971,-1,2971,2968,2969,-1,2970,2971,2972,-1,2972,2971,2973,-1,2972,2973,2974,-1,2974,2973,2975,-1,2974,2975,2976,-1,2976,2975,2977,-1,2976,2977,2978,-1,2976,2978,2979,-1,2979,2978,2980,-1,2979,2980,2981,-1,2981,2980,2982,-1,2981,2982,2983,-1,2983,2982,2984,-1,2983,2984,2985,-1,2985,2984,2986,-1,2985,2986,2987,-1,2987,2986,2988,-1,2987,2988,2989,-1,2989,2988,2990,-1,2989,2990,2991,-1,2991,2990,2992,-1,2991,2992,2993,-1,2994,2993,2995,-1,2995,2993,2992,-1,2994,2995,2996,-1,2994,2996,2997,-1,2997,2996,2998,-1,2997,2998,2999,-1,2999,2998,3000,-1,2999,3000,3001,-1,3001,3000,3002,-1,3001,3002,3003,-1,3003,3002,3004,-1,3003,3004,3005,-1,3005,3004,3006,-1,3005,3006,3007,-1,3007,3006,3008,-1,3007,3008,3009,-1,3009,3008,3010,-1,3009,3010,3011,-1,3011,3010,3012,-1,3011,3012,3013,-1,3013,3012,3014,-1,3013,3014,3015,-1,2910,3015,2908,-1,2908,3015,3014,-1,2930,2932,2928,-1,2928,2932,2934,-1,2928,2934,2926,-1,2958,2960,2911,-1,2934,2936,2926,-1,2926,2936,2900,-1,2926,2900,2925,-1,2925,2900,2902,-1,2911,2960,2910,-1,2960,2962,2910,-1,2910,2962,2964,-1,2910,2964,3015,-1,3015,2964,2966,-1,3015,2966,2968,-1,2987,2989,2976,-1,2953,2955,2911,-1,2911,2955,2957,-1,2911,2957,2958,-1,3007,2976,3005,-1,3005,2976,3003,-1,2968,2970,3015,-1,3015,2970,2972,-1,3015,2972,3013,-1,3013,2972,2974,-1,3013,2974,3011,-1,3011,2974,2976,-1,3011,2976,3009,-1,3009,2976,3007,-1,2981,2983,2985,-1,2994,2997,2999,-1,2902,2907,2925,-1,2925,2907,2905,-1,2925,2905,2923,-1,2923,2905,2938,-1,2923,2938,2921,-1,2921,2938,2940,-1,2921,2940,2919,-1,2919,2940,2942,-1,2919,2942,2917,-1,2917,2942,2944,-1,2917,2944,2915,-1,2915,2944,2946,-1,2915,2946,2912,-1,2912,2946,2948,-1,2912,2948,2911,-1,2911,2948,2950,-1,2911,2950,2953,-1,2989,2991,2976,-1,2976,2991,2993,-1,2976,2993,3003,-1,3003,2993,2994,-1,3003,2994,3001,-1,3001,2994,2999,-1,2987,2976,2985,-1,2985,2976,2979,-1,2985,2979,2981,-1,2908,3014,2967,-1,2973,2971,3014,-1,3014,2971,2969,-1,3014,2969,2967,-1,2924,2906,2903,-1,2995,2992,2977,-1,2961,2909,2963,-1,2963,2909,2908,-1,2963,2908,2965,-1,2965,2908,2967,-1,2924,2903,2927,-1,2998,2996,2995,-1,3008,3006,2977,-1,2933,2931,2935,-1,2935,2931,2929,-1,2935,2929,2937,-1,2937,2929,2927,-1,2937,2927,2901,-1,2901,2927,2903,-1,2992,2990,2977,-1,2977,2990,2988,-1,2977,2988,2978,-1,2973,3014,2975,-1,2975,3014,3012,-1,2975,3012,2977,-1,2977,3012,3010,-1,2977,3010,3008,-1,2961,2959,2909,-1,2909,2959,2956,-1,2909,2956,2954,-1,3006,3004,2977,-1,2977,3004,3002,-1,2977,3002,2995,-1,2995,3002,3000,-1,2995,3000,2998,-1,2954,2952,2909,-1,2909,2952,2951,-1,2909,2951,2913,-1,2913,2951,2949,-1,2913,2949,2914,-1,2914,2949,2947,-1,2914,2947,2916,-1,2916,2947,2945,-1,2916,2945,2918,-1,2918,2945,2943,-1,2918,2943,2920,-1,2920,2943,2941,-1,2920,2941,2922,-1,2922,2941,2939,-1,2922,2939,2924,-1,2924,2939,2904,-1,2924,2904,2906,-1,2988,2986,2978,-1,2978,2986,2984,-1,2978,2984,2980,-1,2980,2984,2982,-1,3016,3017,3018,-1,3018,3017,3019,-1,3020,3021,3022,-1,3022,3021,3023,-1,3024,3025,3026,-1,3026,3025,3027,-1,3028,3027,3029,-1,3029,3027,3025,-1,3028,3029,3030,-1,3028,3030,3031,-1,3031,3030,3032,-1,3031,3032,3033,-1,3033,3032,3034,-1,3033,3034,3035,-1,3035,3034,3036,-1,3035,3036,3037,-1,3037,3036,3038,-1,3037,3038,3039,-1,3039,3038,3040,-1,3039,3040,3041,-1,3042,3041,3043,-1,3043,3041,3040,-1,3044,3042,3045,-1,3045,3042,3043,-1,3046,3044,3047,-1,3047,3044,3045,-1,3048,3046,3049,-1,3049,3046,3047,-1,3050,3048,3051,-1,3051,3048,3049,-1,3052,3050,3053,-1,3053,3050,3051,-1,3021,3020,3054,-1,3054,3020,3055,-1,3054,3055,3056,-1,3056,3055,3057,-1,3056,3057,3058,-1,3058,3057,3059,-1,3058,3059,3060,-1,3060,3059,3061,-1,3060,3061,3062,-1,3062,3061,3063,-1,3062,3063,3064,-1,3064,3063,3065,-1,3066,3064,3067,-1,3067,3064,3065,-1,3066,3067,3068,-1,3066,3068,3069,-1,3069,3068,3070,-1,3069,3070,3071,-1,3071,3070,3072,-1,3071,3072,3073,-1,3073,3072,3074,-1,3074,3072,3075,-1,3074,3075,3076,-1,3076,3075,3077,-1,3076,3077,3078,-1,3078,3077,3079,-1,3080,3078,3081,-1,3081,3078,3079,-1,3080,3081,3082,-1,3082,3081,3083,-1,3082,3083,3084,-1,3084,3083,3085,-1,3086,3084,3087,-1,3087,3084,3085,-1,3086,3087,3088,-1,3088,3087,3089,-1,3088,3089,3090,-1,3090,3089,3091,-1,3090,3091,3092,-1,3092,3091,3093,-1,3092,3093,3094,-1,3092,3094,3095,-1,3095,3094,3096,-1,3095,3096,3097,-1,3097,3096,3098,-1,3097,3098,3099,-1,3099,3098,3100,-1,3099,3100,3101,-1,3101,3100,3102,-1,3101,3102,3103,-1,3103,3102,3104,-1,3103,3104,3105,-1,3105,3104,3106,-1,3105,3106,3107,-1,3107,3106,3108,-1,3107,3108,3109,-1,3110,3109,3111,-1,3111,3109,3108,-1,3110,3111,3112,-1,3110,3112,3113,-1,3113,3112,3114,-1,3113,3114,3115,-1,3115,3114,3116,-1,3115,3116,3117,-1,3117,3116,3118,-1,3117,3118,3119,-1,3119,3118,3120,-1,3119,3120,3121,-1,3121,3120,3122,-1,3121,3122,3123,-1,3123,3122,3124,-1,3123,3124,3125,-1,3125,3124,3126,-1,3125,3126,3127,-1,3127,3126,3128,-1,3127,3128,3129,-1,3129,3128,3130,-1,3129,3130,3131,-1,3026,3131,3024,-1,3024,3131,3130,-1,3046,3048,3044,-1,3044,3048,3050,-1,3044,3050,3042,-1,3074,3076,3027,-1,3050,3052,3042,-1,3042,3052,3016,-1,3042,3016,3041,-1,3041,3016,3018,-1,3027,3076,3026,-1,3076,3078,3026,-1,3026,3078,3080,-1,3026,3080,3131,-1,3131,3080,3082,-1,3131,3082,3084,-1,3103,3105,3092,-1,3069,3071,3027,-1,3027,3071,3073,-1,3027,3073,3074,-1,3123,3092,3121,-1,3121,3092,3119,-1,3084,3086,3131,-1,3131,3086,3088,-1,3131,3088,3129,-1,3129,3088,3090,-1,3129,3090,3127,-1,3127,3090,3092,-1,3127,3092,3125,-1,3125,3092,3123,-1,3097,3099,3101,-1,3110,3113,3115,-1,3018,3023,3041,-1,3041,3023,3021,-1,3041,3021,3039,-1,3039,3021,3054,-1,3039,3054,3037,-1,3037,3054,3056,-1,3037,3056,3035,-1,3035,3056,3058,-1,3035,3058,3033,-1,3033,3058,3060,-1,3033,3060,3031,-1,3031,3060,3062,-1,3031,3062,3028,-1,3028,3062,3064,-1,3028,3064,3027,-1,3027,3064,3066,-1,3027,3066,3069,-1,3105,3107,3092,-1,3092,3107,3109,-1,3092,3109,3119,-1,3119,3109,3110,-1,3119,3110,3117,-1,3117,3110,3115,-1,3103,3092,3101,-1,3101,3092,3095,-1,3101,3095,3097,-1,3024,3130,3083,-1,3089,3087,3130,-1,3130,3087,3085,-1,3130,3085,3083,-1,3040,3022,3019,-1,3111,3108,3093,-1,3077,3025,3079,-1,3079,3025,3024,-1,3079,3024,3081,-1,3081,3024,3083,-1,3040,3019,3043,-1,3114,3112,3111,-1,3124,3122,3093,-1,3049,3047,3051,-1,3051,3047,3045,-1,3051,3045,3053,-1,3053,3045,3043,-1,3053,3043,3017,-1,3017,3043,3019,-1,3108,3106,3093,-1,3093,3106,3104,-1,3093,3104,3094,-1,3089,3130,3091,-1,3091,3130,3128,-1,3091,3128,3093,-1,3093,3128,3126,-1,3093,3126,3124,-1,3077,3075,3025,-1,3025,3075,3072,-1,3025,3072,3070,-1,3122,3120,3093,-1,3093,3120,3118,-1,3093,3118,3111,-1,3111,3118,3116,-1,3111,3116,3114,-1,3070,3068,3025,-1,3025,3068,3067,-1,3025,3067,3029,-1,3029,3067,3065,-1,3029,3065,3030,-1,3030,3065,3063,-1,3030,3063,3032,-1,3032,3063,3061,-1,3032,3061,3034,-1,3034,3061,3059,-1,3034,3059,3036,-1,3036,3059,3057,-1,3036,3057,3038,-1,3038,3057,3055,-1,3038,3055,3040,-1,3040,3055,3020,-1,3040,3020,3022,-1,3104,3102,3094,-1,3094,3102,3100,-1,3094,3100,3096,-1,3096,3100,3098,-1,3132,3133,3134,-1,3134,3133,3135,-1,3136,3137,3138,-1,3138,3137,3139,-1,3140,3141,3142,-1,3142,3141,3143,-1,3144,3143,3145,-1,3145,3143,3141,-1,3144,3145,3146,-1,3144,3146,3147,-1,3147,3146,3148,-1,3147,3148,3149,-1,3149,3148,3150,-1,3149,3150,3151,-1,3151,3150,3152,-1,3151,3152,3153,-1,3153,3152,3154,-1,3153,3154,3155,-1,3155,3154,3156,-1,3155,3156,3157,-1,3158,3157,3159,-1,3159,3157,3156,-1,3160,3158,3161,-1,3161,3158,3159,-1,3162,3160,3163,-1,3163,3160,3161,-1,3164,3162,3165,-1,3165,3162,3163,-1,3166,3164,3167,-1,3167,3164,3165,-1,3168,3166,3169,-1,3169,3166,3167,-1,3137,3136,3170,-1,3170,3136,3171,-1,3170,3171,3172,-1,3172,3171,3173,-1,3172,3173,3174,-1,3174,3173,3175,-1,3174,3175,3176,-1,3176,3175,3177,-1,3176,3177,3178,-1,3178,3177,3179,-1,3178,3179,3180,-1,3180,3179,3181,-1,3182,3180,3183,-1,3183,3180,3181,-1,3182,3183,3184,-1,3182,3184,3185,-1,3185,3184,3186,-1,3185,3186,3187,-1,3187,3186,3188,-1,3187,3188,3189,-1,3189,3188,3190,-1,3190,3188,3191,-1,3190,3191,3192,-1,3192,3191,3193,-1,3192,3193,3194,-1,3194,3193,3195,-1,3196,3194,3197,-1,3197,3194,3195,-1,3196,3197,3198,-1,3198,3197,3199,-1,3198,3199,3200,-1,3200,3199,3201,-1,3202,3200,3203,-1,3203,3200,3201,-1,3202,3203,3204,-1,3204,3203,3205,-1,3204,3205,3206,-1,3206,3205,3207,-1,3206,3207,3208,-1,3208,3207,3209,-1,3208,3209,3210,-1,3208,3210,3211,-1,3211,3210,3212,-1,3211,3212,3213,-1,3213,3212,3214,-1,3213,3214,3215,-1,3215,3214,3216,-1,3215,3216,3217,-1,3217,3216,3218,-1,3217,3218,3219,-1,3219,3218,3220,-1,3219,3220,3221,-1,3221,3220,3222,-1,3221,3222,3223,-1,3223,3222,3224,-1,3223,3224,3225,-1,3226,3225,3227,-1,3227,3225,3224,-1,3226,3227,3228,-1,3226,3228,3229,-1,3229,3228,3230,-1,3229,3230,3231,-1,3231,3230,3232,-1,3231,3232,3233,-1,3233,3232,3234,-1,3233,3234,3235,-1,3235,3234,3236,-1,3235,3236,3237,-1,3237,3236,3238,-1,3237,3238,3239,-1,3239,3238,3240,-1,3239,3240,3241,-1,3241,3240,3242,-1,3241,3242,3243,-1,3243,3242,3244,-1,3243,3244,3245,-1,3245,3244,3246,-1,3245,3246,3247,-1,3142,3247,3140,-1,3140,3247,3246,-1,3162,3164,3160,-1,3160,3164,3166,-1,3160,3166,3158,-1,3190,3192,3143,-1,3166,3168,3158,-1,3158,3168,3132,-1,3158,3132,3157,-1,3157,3132,3134,-1,3143,3192,3142,-1,3192,3194,3142,-1,3142,3194,3196,-1,3142,3196,3247,-1,3247,3196,3198,-1,3247,3198,3200,-1,3219,3221,3208,-1,3185,3187,3143,-1,3143,3187,3189,-1,3143,3189,3190,-1,3239,3208,3237,-1,3237,3208,3235,-1,3200,3202,3247,-1,3247,3202,3204,-1,3247,3204,3245,-1,3245,3204,3206,-1,3245,3206,3243,-1,3243,3206,3208,-1,3243,3208,3241,-1,3241,3208,3239,-1,3213,3215,3217,-1,3226,3229,3231,-1,3134,3139,3157,-1,3157,3139,3137,-1,3157,3137,3155,-1,3155,3137,3170,-1,3155,3170,3153,-1,3153,3170,3172,-1,3153,3172,3151,-1,3151,3172,3174,-1,3151,3174,3149,-1,3149,3174,3176,-1,3149,3176,3147,-1,3147,3176,3178,-1,3147,3178,3144,-1,3144,3178,3180,-1,3144,3180,3143,-1,3143,3180,3182,-1,3143,3182,3185,-1,3221,3223,3208,-1,3208,3223,3225,-1,3208,3225,3235,-1,3235,3225,3226,-1,3235,3226,3233,-1,3233,3226,3231,-1,3219,3208,3217,-1,3217,3208,3211,-1,3217,3211,3213,-1,3140,3246,3199,-1,3205,3203,3246,-1,3246,3203,3201,-1,3246,3201,3199,-1,3156,3138,3135,-1,3227,3224,3209,-1,3193,3141,3195,-1,3195,3141,3140,-1,3195,3140,3197,-1,3197,3140,3199,-1,3156,3135,3159,-1,3230,3228,3227,-1,3240,3238,3209,-1,3165,3163,3167,-1,3167,3163,3161,-1,3167,3161,3169,-1,3169,3161,3159,-1,3169,3159,3133,-1,3133,3159,3135,-1,3224,3222,3209,-1,3209,3222,3220,-1,3209,3220,3210,-1,3205,3246,3207,-1,3207,3246,3244,-1,3207,3244,3209,-1,3209,3244,3242,-1,3209,3242,3240,-1,3193,3191,3141,-1,3141,3191,3188,-1,3141,3188,3186,-1,3238,3236,3209,-1,3209,3236,3234,-1,3209,3234,3227,-1,3227,3234,3232,-1,3227,3232,3230,-1,3186,3184,3141,-1,3141,3184,3183,-1,3141,3183,3145,-1,3145,3183,3181,-1,3145,3181,3146,-1,3146,3181,3179,-1,3146,3179,3148,-1,3148,3179,3177,-1,3148,3177,3150,-1,3150,3177,3175,-1,3150,3175,3152,-1,3152,3175,3173,-1,3152,3173,3154,-1,3154,3173,3171,-1,3154,3171,3156,-1,3156,3171,3136,-1,3156,3136,3138,-1,3220,3218,3210,-1,3210,3218,3216,-1,3210,3216,3212,-1,3212,3216,3214,-1,3248,3249,3250,-1,3250,3249,3251,-1,3252,3253,3254,-1,3254,3253,3255,-1,3256,3257,3258,-1,3258,3257,3259,-1,3260,3259,3261,-1,3261,3259,3257,-1,3260,3261,3262,-1,3260,3262,3263,-1,3263,3262,3264,-1,3263,3264,3265,-1,3265,3264,3266,-1,3265,3266,3267,-1,3267,3266,3268,-1,3267,3268,3269,-1,3269,3268,3270,-1,3269,3270,3271,-1,3271,3270,3272,-1,3271,3272,3273,-1,3274,3273,3275,-1,3275,3273,3272,-1,3276,3274,3277,-1,3277,3274,3275,-1,3278,3276,3279,-1,3279,3276,3277,-1,3280,3278,3281,-1,3281,3278,3279,-1,3282,3280,3283,-1,3283,3280,3281,-1,3284,3282,3285,-1,3285,3282,3283,-1,3253,3252,3286,-1,3286,3252,3287,-1,3286,3287,3288,-1,3288,3287,3289,-1,3288,3289,3290,-1,3290,3289,3291,-1,3290,3291,3292,-1,3292,3291,3293,-1,3292,3293,3294,-1,3294,3293,3295,-1,3294,3295,3296,-1,3296,3295,3297,-1,3298,3296,3299,-1,3299,3296,3297,-1,3298,3299,3300,-1,3298,3300,3301,-1,3301,3300,3302,-1,3301,3302,3303,-1,3303,3302,3304,-1,3303,3304,3305,-1,3305,3304,3306,-1,3306,3304,3307,-1,3306,3307,3308,-1,3308,3307,3309,-1,3308,3309,3310,-1,3310,3309,3311,-1,3312,3310,3313,-1,3313,3310,3311,-1,3312,3313,3314,-1,3314,3313,3315,-1,3314,3315,3316,-1,3316,3315,3317,-1,3318,3316,3319,-1,3319,3316,3317,-1,3318,3319,3320,-1,3320,3319,3321,-1,3320,3321,3322,-1,3322,3321,3323,-1,3322,3323,3324,-1,3324,3323,3325,-1,3324,3325,3326,-1,3324,3326,3327,-1,3327,3326,3328,-1,3327,3328,3329,-1,3329,3328,3330,-1,3329,3330,3331,-1,3331,3330,3332,-1,3331,3332,3333,-1,3333,3332,3334,-1,3333,3334,3335,-1,3335,3334,3336,-1,3335,3336,3337,-1,3337,3336,3338,-1,3337,3338,3339,-1,3339,3338,3340,-1,3339,3340,3341,-1,3342,3341,3343,-1,3343,3341,3340,-1,3342,3343,3344,-1,3342,3344,3345,-1,3345,3344,3346,-1,3345,3346,3347,-1,3347,3346,3348,-1,3347,3348,3349,-1,3349,3348,3350,-1,3349,3350,3351,-1,3351,3350,3352,-1,3351,3352,3353,-1,3353,3352,3354,-1,3353,3354,3355,-1,3355,3354,3356,-1,3355,3356,3357,-1,3357,3356,3358,-1,3357,3358,3359,-1,3359,3358,3360,-1,3359,3360,3361,-1,3361,3360,3362,-1,3361,3362,3363,-1,3258,3363,3256,-1,3256,3363,3362,-1,3278,3280,3276,-1,3276,3280,3282,-1,3276,3282,3274,-1,3306,3308,3259,-1,3282,3284,3274,-1,3274,3284,3248,-1,3274,3248,3273,-1,3273,3248,3250,-1,3259,3308,3258,-1,3308,3310,3258,-1,3258,3310,3312,-1,3258,3312,3363,-1,3363,3312,3314,-1,3363,3314,3316,-1,3335,3337,3324,-1,3301,3303,3259,-1,3259,3303,3305,-1,3259,3305,3306,-1,3355,3324,3353,-1,3353,3324,3351,-1,3316,3318,3363,-1,3363,3318,3320,-1,3363,3320,3361,-1,3361,3320,3322,-1,3361,3322,3359,-1,3359,3322,3324,-1,3359,3324,3357,-1,3357,3324,3355,-1,3329,3331,3333,-1,3342,3345,3347,-1,3250,3255,3273,-1,3273,3255,3253,-1,3273,3253,3271,-1,3271,3253,3286,-1,3271,3286,3269,-1,3269,3286,3288,-1,3269,3288,3267,-1,3267,3288,3290,-1,3267,3290,3265,-1,3265,3290,3292,-1,3265,3292,3263,-1,3263,3292,3294,-1,3263,3294,3260,-1,3260,3294,3296,-1,3260,3296,3259,-1,3259,3296,3298,-1,3259,3298,3301,-1,3337,3339,3324,-1,3324,3339,3341,-1,3324,3341,3351,-1,3351,3341,3342,-1,3351,3342,3349,-1,3349,3342,3347,-1,3335,3324,3333,-1,3333,3324,3327,-1,3333,3327,3329,-1,3256,3362,3315,-1,3321,3319,3362,-1,3362,3319,3317,-1,3362,3317,3315,-1,3272,3254,3251,-1,3343,3340,3325,-1,3309,3257,3311,-1,3311,3257,3256,-1,3311,3256,3313,-1,3313,3256,3315,-1,3272,3251,3275,-1,3346,3344,3343,-1,3356,3354,3325,-1,3281,3279,3283,-1,3283,3279,3277,-1,3283,3277,3285,-1,3285,3277,3275,-1,3285,3275,3249,-1,3249,3275,3251,-1,3340,3338,3325,-1,3325,3338,3336,-1,3325,3336,3326,-1,3321,3362,3323,-1,3323,3362,3360,-1,3323,3360,3325,-1,3325,3360,3358,-1,3325,3358,3356,-1,3309,3307,3257,-1,3257,3307,3304,-1,3257,3304,3302,-1,3354,3352,3325,-1,3325,3352,3350,-1,3325,3350,3343,-1,3343,3350,3348,-1,3343,3348,3346,-1,3302,3300,3257,-1,3257,3300,3299,-1,3257,3299,3261,-1,3261,3299,3297,-1,3261,3297,3262,-1,3262,3297,3295,-1,3262,3295,3264,-1,3264,3295,3293,-1,3264,3293,3266,-1,3266,3293,3291,-1,3266,3291,3268,-1,3268,3291,3289,-1,3268,3289,3270,-1,3270,3289,3287,-1,3270,3287,3272,-1,3272,3287,3252,-1,3272,3252,3254,-1,3336,3334,3326,-1,3326,3334,3332,-1,3326,3332,3328,-1,3328,3332,3330,-1,3364,3365,3366,-1,3366,3365,3367,-1,3368,3369,3370,-1,3370,3369,3371,-1,3372,3373,3374,-1,3374,3373,3375,-1,3376,3375,3377,-1,3377,3375,3373,-1,3376,3377,3378,-1,3376,3378,3379,-1,3379,3378,3380,-1,3379,3380,3381,-1,3381,3380,3382,-1,3381,3382,3383,-1,3383,3382,3384,-1,3383,3384,3385,-1,3385,3384,3386,-1,3385,3386,3387,-1,3387,3386,3388,-1,3387,3388,3389,-1,3390,3389,3391,-1,3391,3389,3388,-1,3392,3390,3393,-1,3393,3390,3391,-1,3394,3392,3395,-1,3395,3392,3393,-1,3396,3394,3397,-1,3397,3394,3395,-1,3398,3396,3399,-1,3399,3396,3397,-1,3400,3398,3401,-1,3401,3398,3399,-1,3369,3368,3402,-1,3402,3368,3403,-1,3402,3403,3404,-1,3404,3403,3405,-1,3404,3405,3406,-1,3406,3405,3407,-1,3406,3407,3408,-1,3408,3407,3409,-1,3408,3409,3410,-1,3410,3409,3411,-1,3410,3411,3412,-1,3412,3411,3413,-1,3414,3412,3415,-1,3415,3412,3413,-1,3414,3415,3416,-1,3414,3416,3417,-1,3417,3416,3418,-1,3417,3418,3419,-1,3419,3418,3420,-1,3419,3420,3421,-1,3421,3420,3422,-1,3422,3420,3423,-1,3422,3423,3424,-1,3424,3423,3425,-1,3424,3425,3426,-1,3426,3425,3427,-1,3428,3426,3429,-1,3429,3426,3427,-1,3428,3429,3430,-1,3430,3429,3431,-1,3430,3431,3432,-1,3432,3431,3433,-1,3434,3432,3435,-1,3435,3432,3433,-1,3434,3435,3436,-1,3436,3435,3437,-1,3436,3437,3438,-1,3438,3437,3439,-1,3438,3439,3440,-1,3440,3439,3441,-1,3440,3441,3442,-1,3440,3442,3443,-1,3443,3442,3444,-1,3443,3444,3445,-1,3445,3444,3446,-1,3445,3446,3447,-1,3447,3446,3448,-1,3447,3448,3449,-1,3449,3448,3450,-1,3449,3450,3451,-1,3451,3450,3452,-1,3451,3452,3453,-1,3453,3452,3454,-1,3453,3454,3455,-1,3455,3454,3456,-1,3455,3456,3457,-1,3458,3457,3459,-1,3459,3457,3456,-1,3458,3459,3460,-1,3458,3460,3461,-1,3461,3460,3462,-1,3461,3462,3463,-1,3463,3462,3464,-1,3463,3464,3465,-1,3465,3464,3466,-1,3465,3466,3467,-1,3467,3466,3468,-1,3467,3468,3469,-1,3469,3468,3470,-1,3469,3470,3471,-1,3471,3470,3472,-1,3471,3472,3473,-1,3473,3472,3474,-1,3473,3474,3475,-1,3475,3474,3476,-1,3475,3476,3477,-1,3477,3476,3478,-1,3477,3478,3479,-1,3374,3479,3372,-1,3372,3479,3478,-1,3394,3396,3392,-1,3392,3396,3398,-1,3392,3398,3390,-1,3422,3424,3375,-1,3398,3400,3390,-1,3390,3400,3364,-1,3390,3364,3389,-1,3389,3364,3366,-1,3375,3424,3374,-1,3424,3426,3374,-1,3374,3426,3428,-1,3374,3428,3479,-1,3479,3428,3430,-1,3479,3430,3432,-1,3451,3453,3440,-1,3417,3419,3375,-1,3375,3419,3421,-1,3375,3421,3422,-1,3471,3440,3469,-1,3469,3440,3467,-1,3432,3434,3479,-1,3479,3434,3436,-1,3479,3436,3477,-1,3477,3436,3438,-1,3477,3438,3475,-1,3475,3438,3440,-1,3475,3440,3473,-1,3473,3440,3471,-1,3445,3447,3449,-1,3458,3461,3463,-1,3366,3371,3389,-1,3389,3371,3369,-1,3389,3369,3387,-1,3387,3369,3402,-1,3387,3402,3385,-1,3385,3402,3404,-1,3385,3404,3383,-1,3383,3404,3406,-1,3383,3406,3381,-1,3381,3406,3408,-1,3381,3408,3379,-1,3379,3408,3410,-1,3379,3410,3376,-1,3376,3410,3412,-1,3376,3412,3375,-1,3375,3412,3414,-1,3375,3414,3417,-1,3453,3455,3440,-1,3440,3455,3457,-1,3440,3457,3467,-1,3467,3457,3458,-1,3467,3458,3465,-1,3465,3458,3463,-1,3451,3440,3449,-1,3449,3440,3443,-1,3449,3443,3445,-1,3372,3478,3431,-1,3437,3435,3478,-1,3478,3435,3433,-1,3478,3433,3431,-1,3388,3370,3367,-1,3459,3456,3441,-1,3425,3373,3427,-1,3427,3373,3372,-1,3427,3372,3429,-1,3429,3372,3431,-1,3388,3367,3391,-1,3462,3460,3459,-1,3472,3470,3441,-1,3397,3395,3399,-1,3399,3395,3393,-1,3399,3393,3401,-1,3401,3393,3391,-1,3401,3391,3365,-1,3365,3391,3367,-1,3456,3454,3441,-1,3441,3454,3452,-1,3441,3452,3442,-1,3437,3478,3439,-1,3439,3478,3476,-1,3439,3476,3441,-1,3441,3476,3474,-1,3441,3474,3472,-1,3425,3423,3373,-1,3373,3423,3420,-1,3373,3420,3418,-1,3470,3468,3441,-1,3441,3468,3466,-1,3441,3466,3459,-1,3459,3466,3464,-1,3459,3464,3462,-1,3418,3416,3373,-1,3373,3416,3415,-1,3373,3415,3377,-1,3377,3415,3413,-1,3377,3413,3378,-1,3378,3413,3411,-1,3378,3411,3380,-1,3380,3411,3409,-1,3380,3409,3382,-1,3382,3409,3407,-1,3382,3407,3384,-1,3384,3407,3405,-1,3384,3405,3386,-1,3386,3405,3403,-1,3386,3403,3388,-1,3388,3403,3368,-1,3388,3368,3370,-1,3452,3450,3442,-1,3442,3450,3448,-1,3442,3448,3444,-1,3444,3448,3446,-1,3480,3481,3482,-1,3482,3481,3483,-1,3484,3485,3486,-1,3486,3485,3487,-1,3488,3489,3490,-1,3490,3489,3491,-1,3492,3491,3493,-1,3493,3491,3489,-1,3492,3493,3494,-1,3492,3494,3495,-1,3495,3494,3496,-1,3495,3496,3497,-1,3497,3496,3498,-1,3497,3498,3499,-1,3499,3498,3500,-1,3499,3500,3501,-1,3501,3500,3502,-1,3501,3502,3503,-1,3503,3502,3504,-1,3503,3504,3505,-1,3506,3505,3507,-1,3507,3505,3504,-1,3508,3506,3509,-1,3509,3506,3507,-1,3510,3508,3511,-1,3511,3508,3509,-1,3512,3510,3513,-1,3513,3510,3511,-1,3514,3512,3515,-1,3515,3512,3513,-1,3516,3514,3517,-1,3517,3514,3515,-1,3485,3484,3518,-1,3518,3484,3519,-1,3518,3519,3520,-1,3520,3519,3521,-1,3520,3521,3522,-1,3522,3521,3523,-1,3522,3523,3524,-1,3524,3523,3525,-1,3524,3525,3526,-1,3526,3525,3527,-1,3526,3527,3528,-1,3528,3527,3529,-1,3530,3528,3531,-1,3531,3528,3529,-1,3530,3531,3532,-1,3530,3532,3533,-1,3533,3532,3534,-1,3533,3534,3535,-1,3535,3534,3536,-1,3535,3536,3537,-1,3537,3536,3538,-1,3538,3536,3539,-1,3538,3539,3540,-1,3540,3539,3541,-1,3540,3541,3542,-1,3542,3541,3543,-1,3544,3542,3545,-1,3545,3542,3543,-1,3544,3545,3546,-1,3546,3545,3547,-1,3546,3547,3548,-1,3548,3547,3549,-1,3550,3548,3551,-1,3551,3548,3549,-1,3550,3551,3552,-1,3552,3551,3553,-1,3552,3553,3554,-1,3554,3553,3555,-1,3554,3555,3556,-1,3556,3555,3557,-1,3556,3557,3558,-1,3556,3558,3559,-1,3559,3558,3560,-1,3559,3560,3561,-1,3561,3560,3562,-1,3561,3562,3563,-1,3563,3562,3564,-1,3563,3564,3565,-1,3565,3564,3566,-1,3565,3566,3567,-1,3567,3566,3568,-1,3567,3568,3569,-1,3569,3568,3570,-1,3569,3570,3571,-1,3571,3570,3572,-1,3571,3572,3573,-1,3574,3573,3575,-1,3575,3573,3572,-1,3574,3575,3576,-1,3574,3576,3577,-1,3577,3576,3578,-1,3577,3578,3579,-1,3579,3578,3580,-1,3579,3580,3581,-1,3581,3580,3582,-1,3581,3582,3583,-1,3583,3582,3584,-1,3583,3584,3585,-1,3585,3584,3586,-1,3585,3586,3587,-1,3587,3586,3588,-1,3587,3588,3589,-1,3589,3588,3590,-1,3589,3590,3591,-1,3591,3590,3592,-1,3591,3592,3593,-1,3593,3592,3594,-1,3593,3594,3595,-1,3490,3595,3488,-1,3488,3595,3594,-1,3510,3512,3508,-1,3508,3512,3514,-1,3508,3514,3506,-1,3538,3540,3491,-1,3514,3516,3506,-1,3506,3516,3480,-1,3506,3480,3505,-1,3505,3480,3482,-1,3491,3540,3490,-1,3540,3542,3490,-1,3490,3542,3544,-1,3490,3544,3595,-1,3595,3544,3546,-1,3595,3546,3548,-1,3567,3569,3556,-1,3533,3535,3491,-1,3491,3535,3537,-1,3491,3537,3538,-1,3587,3556,3585,-1,3585,3556,3583,-1,3548,3550,3595,-1,3595,3550,3552,-1,3595,3552,3593,-1,3593,3552,3554,-1,3593,3554,3591,-1,3591,3554,3556,-1,3591,3556,3589,-1,3589,3556,3587,-1,3561,3563,3565,-1,3574,3577,3579,-1,3482,3487,3505,-1,3505,3487,3485,-1,3505,3485,3503,-1,3503,3485,3518,-1,3503,3518,3501,-1,3501,3518,3520,-1,3501,3520,3499,-1,3499,3520,3522,-1,3499,3522,3497,-1,3497,3522,3524,-1,3497,3524,3495,-1,3495,3524,3526,-1,3495,3526,3492,-1,3492,3526,3528,-1,3492,3528,3491,-1,3491,3528,3530,-1,3491,3530,3533,-1,3569,3571,3556,-1,3556,3571,3573,-1,3556,3573,3583,-1,3583,3573,3574,-1,3583,3574,3581,-1,3581,3574,3579,-1,3567,3556,3565,-1,3565,3556,3559,-1,3565,3559,3561,-1,3488,3594,3547,-1,3553,3551,3594,-1,3594,3551,3549,-1,3594,3549,3547,-1,3504,3486,3483,-1,3575,3572,3557,-1,3541,3489,3543,-1,3543,3489,3488,-1,3543,3488,3545,-1,3545,3488,3547,-1,3504,3483,3507,-1,3578,3576,3575,-1,3588,3586,3557,-1,3513,3511,3515,-1,3515,3511,3509,-1,3515,3509,3517,-1,3517,3509,3507,-1,3517,3507,3481,-1,3481,3507,3483,-1,3572,3570,3557,-1,3557,3570,3568,-1,3557,3568,3558,-1,3553,3594,3555,-1,3555,3594,3592,-1,3555,3592,3557,-1,3557,3592,3590,-1,3557,3590,3588,-1,3541,3539,3489,-1,3489,3539,3536,-1,3489,3536,3534,-1,3586,3584,3557,-1,3557,3584,3582,-1,3557,3582,3575,-1,3575,3582,3580,-1,3575,3580,3578,-1,3534,3532,3489,-1,3489,3532,3531,-1,3489,3531,3493,-1,3493,3531,3529,-1,3493,3529,3494,-1,3494,3529,3527,-1,3494,3527,3496,-1,3496,3527,3525,-1,3496,3525,3498,-1,3498,3525,3523,-1,3498,3523,3500,-1,3500,3523,3521,-1,3500,3521,3502,-1,3502,3521,3519,-1,3502,3519,3504,-1,3504,3519,3484,-1,3504,3484,3486,-1,3568,3566,3558,-1,3558,3566,3564,-1,3558,3564,3560,-1,3560,3564,3562,-1,3596,3597,3598,-1,3598,3597,3599,-1,3600,3601,3602,-1,3602,3601,3603,-1,3604,3605,3606,-1,3606,3605,3607,-1,3608,3607,3609,-1,3609,3607,3605,-1,3608,3609,3610,-1,3608,3610,3611,-1,3611,3610,3612,-1,3611,3612,3613,-1,3613,3612,3614,-1,3613,3614,3615,-1,3615,3614,3616,-1,3615,3616,3617,-1,3617,3616,3618,-1,3617,3618,3619,-1,3619,3618,3620,-1,3619,3620,3621,-1,3622,3621,3623,-1,3623,3621,3620,-1,3624,3622,3625,-1,3625,3622,3623,-1,3626,3624,3627,-1,3627,3624,3625,-1,3628,3626,3629,-1,3629,3626,3627,-1,3630,3628,3631,-1,3631,3628,3629,-1,3632,3630,3633,-1,3633,3630,3631,-1,3601,3600,3634,-1,3634,3600,3635,-1,3634,3635,3636,-1,3636,3635,3637,-1,3636,3637,3638,-1,3638,3637,3639,-1,3638,3639,3640,-1,3640,3639,3641,-1,3640,3641,3642,-1,3642,3641,3643,-1,3642,3643,3644,-1,3644,3643,3645,-1,3646,3644,3647,-1,3647,3644,3645,-1,3646,3647,3648,-1,3646,3648,3649,-1,3649,3648,3650,-1,3649,3650,3651,-1,3651,3650,3652,-1,3651,3652,3653,-1,3653,3652,3654,-1,3654,3652,3655,-1,3654,3655,3656,-1,3656,3655,3657,-1,3656,3657,3658,-1,3658,3657,3659,-1,3660,3658,3661,-1,3661,3658,3659,-1,3660,3661,3662,-1,3662,3661,3663,-1,3662,3663,3664,-1,3664,3663,3665,-1,3666,3664,3667,-1,3667,3664,3665,-1,3666,3667,3668,-1,3668,3667,3669,-1,3668,3669,3670,-1,3670,3669,3671,-1,3670,3671,3672,-1,3672,3671,3673,-1,3672,3673,3674,-1,3672,3674,3675,-1,3675,3674,3676,-1,3675,3676,3677,-1,3677,3676,3678,-1,3677,3678,3679,-1,3679,3678,3680,-1,3679,3680,3681,-1,3681,3680,3682,-1,3681,3682,3683,-1,3683,3682,3684,-1,3683,3684,3685,-1,3685,3684,3686,-1,3685,3686,3687,-1,3687,3686,3688,-1,3687,3688,3689,-1,3690,3689,3691,-1,3691,3689,3688,-1,3690,3691,3692,-1,3690,3692,3693,-1,3693,3692,3694,-1,3693,3694,3695,-1,3695,3694,3696,-1,3695,3696,3697,-1,3697,3696,3698,-1,3697,3698,3699,-1,3699,3698,3700,-1,3699,3700,3701,-1,3701,3700,3702,-1,3701,3702,3703,-1,3703,3702,3704,-1,3703,3704,3705,-1,3705,3704,3706,-1,3705,3706,3707,-1,3707,3706,3708,-1,3707,3708,3709,-1,3709,3708,3710,-1,3709,3710,3711,-1,3606,3711,3604,-1,3604,3711,3710,-1,3626,3628,3624,-1,3624,3628,3630,-1,3624,3630,3622,-1,3654,3656,3607,-1,3630,3632,3622,-1,3622,3632,3596,-1,3622,3596,3621,-1,3621,3596,3598,-1,3607,3656,3606,-1,3656,3658,3606,-1,3606,3658,3660,-1,3606,3660,3711,-1,3711,3660,3662,-1,3711,3662,3664,-1,3683,3685,3672,-1,3649,3651,3607,-1,3607,3651,3653,-1,3607,3653,3654,-1,3703,3672,3701,-1,3701,3672,3699,-1,3664,3666,3711,-1,3711,3666,3668,-1,3711,3668,3709,-1,3709,3668,3670,-1,3709,3670,3707,-1,3707,3670,3672,-1,3707,3672,3705,-1,3705,3672,3703,-1,3677,3679,3681,-1,3690,3693,3695,-1,3598,3603,3621,-1,3621,3603,3601,-1,3621,3601,3619,-1,3619,3601,3634,-1,3619,3634,3617,-1,3617,3634,3636,-1,3617,3636,3615,-1,3615,3636,3638,-1,3615,3638,3613,-1,3613,3638,3640,-1,3613,3640,3611,-1,3611,3640,3642,-1,3611,3642,3608,-1,3608,3642,3644,-1,3608,3644,3607,-1,3607,3644,3646,-1,3607,3646,3649,-1,3685,3687,3672,-1,3672,3687,3689,-1,3672,3689,3699,-1,3699,3689,3690,-1,3699,3690,3697,-1,3697,3690,3695,-1,3683,3672,3681,-1,3681,3672,3675,-1,3681,3675,3677,-1,3604,3710,3663,-1,3669,3667,3710,-1,3710,3667,3665,-1,3710,3665,3663,-1,3620,3602,3599,-1,3691,3688,3673,-1,3657,3605,3659,-1,3659,3605,3604,-1,3659,3604,3661,-1,3661,3604,3663,-1,3620,3599,3623,-1,3694,3692,3691,-1,3704,3702,3673,-1,3629,3627,3631,-1,3631,3627,3625,-1,3631,3625,3633,-1,3633,3625,3623,-1,3633,3623,3597,-1,3597,3623,3599,-1,3688,3686,3673,-1,3673,3686,3684,-1,3673,3684,3674,-1,3669,3710,3671,-1,3671,3710,3708,-1,3671,3708,3673,-1,3673,3708,3706,-1,3673,3706,3704,-1,3657,3655,3605,-1,3605,3655,3652,-1,3605,3652,3650,-1,3702,3700,3673,-1,3673,3700,3698,-1,3673,3698,3691,-1,3691,3698,3696,-1,3691,3696,3694,-1,3650,3648,3605,-1,3605,3648,3647,-1,3605,3647,3609,-1,3609,3647,3645,-1,3609,3645,3610,-1,3610,3645,3643,-1,3610,3643,3612,-1,3612,3643,3641,-1,3612,3641,3614,-1,3614,3641,3639,-1,3614,3639,3616,-1,3616,3639,3637,-1,3616,3637,3618,-1,3618,3637,3635,-1,3618,3635,3620,-1,3620,3635,3600,-1,3620,3600,3602,-1,3684,3682,3674,-1,3674,3682,3680,-1,3674,3680,3676,-1,3676,3680,3678,-1,3712,3713,3714,-1,3714,3713,3715,-1,3716,3717,3718,-1,3718,3717,3719,-1,3720,3721,3722,-1,3722,3721,3723,-1,3724,3723,3725,-1,3725,3723,3721,-1,3724,3725,3726,-1,3724,3726,3727,-1,3727,3726,3728,-1,3727,3728,3729,-1,3729,3728,3730,-1,3729,3730,3731,-1,3731,3730,3732,-1,3731,3732,3733,-1,3733,3732,3734,-1,3733,3734,3735,-1,3735,3734,3736,-1,3735,3736,3737,-1,3738,3737,3739,-1,3739,3737,3736,-1,3740,3738,3741,-1,3741,3738,3739,-1,3742,3740,3743,-1,3743,3740,3741,-1,3744,3742,3745,-1,3745,3742,3743,-1,3746,3744,3747,-1,3747,3744,3745,-1,3748,3746,3749,-1,3749,3746,3747,-1,3717,3716,3750,-1,3750,3716,3751,-1,3750,3751,3752,-1,3752,3751,3753,-1,3752,3753,3754,-1,3754,3753,3755,-1,3754,3755,3756,-1,3756,3755,3757,-1,3756,3757,3758,-1,3758,3757,3759,-1,3758,3759,3760,-1,3760,3759,3761,-1,3762,3760,3763,-1,3763,3760,3761,-1,3762,3763,3764,-1,3762,3764,3765,-1,3765,3764,3766,-1,3765,3766,3767,-1,3767,3766,3768,-1,3767,3768,3769,-1,3769,3768,3770,-1,3770,3768,3771,-1,3770,3771,3772,-1,3772,3771,3773,-1,3772,3773,3774,-1,3774,3773,3775,-1,3776,3774,3777,-1,3777,3774,3775,-1,3776,3777,3778,-1,3778,3777,3779,-1,3778,3779,3780,-1,3780,3779,3781,-1,3782,3780,3783,-1,3783,3780,3781,-1,3782,3783,3784,-1,3784,3783,3785,-1,3784,3785,3786,-1,3786,3785,3787,-1,3786,3787,3788,-1,3788,3787,3789,-1,3788,3789,3790,-1,3788,3790,3791,-1,3791,3790,3792,-1,3791,3792,3793,-1,3793,3792,3794,-1,3793,3794,3795,-1,3795,3794,3796,-1,3795,3796,3797,-1,3797,3796,3798,-1,3797,3798,3799,-1,3799,3798,3800,-1,3799,3800,3801,-1,3801,3800,3802,-1,3801,3802,3803,-1,3803,3802,3804,-1,3803,3804,3805,-1,3806,3805,3807,-1,3807,3805,3804,-1,3806,3807,3808,-1,3806,3808,3809,-1,3809,3808,3810,-1,3809,3810,3811,-1,3811,3810,3812,-1,3811,3812,3813,-1,3813,3812,3814,-1,3813,3814,3815,-1,3815,3814,3816,-1,3815,3816,3817,-1,3817,3816,3818,-1,3817,3818,3819,-1,3819,3818,3820,-1,3819,3820,3821,-1,3821,3820,3822,-1,3821,3822,3823,-1,3823,3822,3824,-1,3823,3824,3825,-1,3825,3824,3826,-1,3825,3826,3827,-1,3722,3827,3720,-1,3720,3827,3826,-1,3742,3744,3740,-1,3740,3744,3746,-1,3740,3746,3738,-1,3770,3772,3723,-1,3746,3748,3738,-1,3738,3748,3712,-1,3738,3712,3737,-1,3737,3712,3714,-1,3723,3772,3722,-1,3772,3774,3722,-1,3722,3774,3776,-1,3722,3776,3827,-1,3827,3776,3778,-1,3827,3778,3780,-1,3799,3801,3788,-1,3765,3767,3723,-1,3723,3767,3769,-1,3723,3769,3770,-1,3819,3788,3817,-1,3817,3788,3815,-1,3780,3782,3827,-1,3827,3782,3784,-1,3827,3784,3825,-1,3825,3784,3786,-1,3825,3786,3823,-1,3823,3786,3788,-1,3823,3788,3821,-1,3821,3788,3819,-1,3793,3795,3797,-1,3806,3809,3811,-1,3714,3719,3737,-1,3737,3719,3717,-1,3737,3717,3735,-1,3735,3717,3750,-1,3735,3750,3733,-1,3733,3750,3752,-1,3733,3752,3731,-1,3731,3752,3754,-1,3731,3754,3729,-1,3729,3754,3756,-1,3729,3756,3727,-1,3727,3756,3758,-1,3727,3758,3724,-1,3724,3758,3760,-1,3724,3760,3723,-1,3723,3760,3762,-1,3723,3762,3765,-1,3801,3803,3788,-1,3788,3803,3805,-1,3788,3805,3815,-1,3815,3805,3806,-1,3815,3806,3813,-1,3813,3806,3811,-1,3799,3788,3797,-1,3797,3788,3791,-1,3797,3791,3793,-1,3720,3826,3779,-1,3785,3783,3826,-1,3826,3783,3781,-1,3826,3781,3779,-1,3736,3718,3715,-1,3807,3804,3789,-1,3773,3721,3775,-1,3775,3721,3720,-1,3775,3720,3777,-1,3777,3720,3779,-1,3736,3715,3739,-1,3810,3808,3807,-1,3820,3818,3789,-1,3745,3743,3747,-1,3747,3743,3741,-1,3747,3741,3749,-1,3749,3741,3739,-1,3749,3739,3713,-1,3713,3739,3715,-1,3804,3802,3789,-1,3789,3802,3800,-1,3789,3800,3790,-1,3785,3826,3787,-1,3787,3826,3824,-1,3787,3824,3789,-1,3789,3824,3822,-1,3789,3822,3820,-1,3773,3771,3721,-1,3721,3771,3768,-1,3721,3768,3766,-1,3818,3816,3789,-1,3789,3816,3814,-1,3789,3814,3807,-1,3807,3814,3812,-1,3807,3812,3810,-1,3766,3764,3721,-1,3721,3764,3763,-1,3721,3763,3725,-1,3725,3763,3761,-1,3725,3761,3726,-1,3726,3761,3759,-1,3726,3759,3728,-1,3728,3759,3757,-1,3728,3757,3730,-1,3730,3757,3755,-1,3730,3755,3732,-1,3732,3755,3753,-1,3732,3753,3734,-1,3734,3753,3751,-1,3734,3751,3736,-1,3736,3751,3716,-1,3736,3716,3718,-1,3800,3798,3790,-1,3790,3798,3796,-1,3790,3796,3792,-1,3792,3796,3794,-1,
        ]
    }
}
Shape{
    appearance Appearance {
        material  Material 	{
            diffuseColor 0.2235294117647059 0.2235294117647059 0.2235294117647059
            specularColor 0.11372549019607843 0.11372549019607843 0.11372549019607843
            ambientIntensity 0.2235
            transparency 0.0
            shininess 0.5
        }
    }
    geometry IndexedFaceSet {
        ccw TRUE
        solid FALSE
        coord DEF co Coordinate {
            point [
                3.5728 -1.3661 0.9961, 3.5728 -1.248 1.1142, 3.5669 -1.3661 0.9961, 3.5138 -1.248 1.1142, 3.5197 -1.3661 0.9961, 3.5138 -1.3661 0.9961, 3.5138 -0.5599 1.1996, 3.5138 -0.5787 1.2323, 3.5138 -1.4252 1.2323, 3.5138 -0.2618 1.1142, 3.5138 -1.4252 0.7008, 3.5138 -1.3661 0.7008, 3.5728 -0.5599 1.1996, 3.5728 -0.2618 1.1142, 3.5728 -1.3661 0.7008, 3.5728 -1.4252 0.7008, 3.5728 -1.4252 1.2323, 3.5728 -0.5787 1.2323, 3.5197 -1.3661 0.7008, 3.376 -1.3661 0.9961, 3.376 -1.248 1.1142, 3.3701 -1.3661 0.9961, 3.3169 -1.248 1.1142, 3.3228 -1.3661 0.9961, 3.3169 -1.3661 0.9961, 3.3169 -0.5599 1.1996, 3.3169 -0.5787 1.2323, 3.3169 -1.4252 1.2323, 3.3169 -0.2618 1.1142, 3.3169 -1.4252 0.7008, 3.3169 -1.3661 0.7008, 3.376 -0.5599 1.1996, 3.376 -0.2618 1.1142, 3.376 -1.3661 0.7008, 3.376 -1.4252 0.7008, 3.376 -1.4252 1.2323, 3.376 -0.5787 1.2323, 3.3228 -1.3661 0.7008, 3.1791 -1.3661 0.9961, 3.1791 -1.248 1.1142, 3.1732 -1.3661 0.9961, 3.1201 -1.248 1.1142, 3.126 -1.3661 0.9961, 3.1201 -1.3661 0.9961, 3.1201 -0.5599 1.1996, 3.1201 -0.5787 1.2323, 3.1201 -1.4252 1.2323, 3.1201 -0.2618 1.1142, 3.1201 -1.4252 0.7008, 3.1201 -1.3661 0.7008, 3.1791 -0.5599 1.1996, 3.1791 -0.2618 1.1142, 3.1791 -1.3661 0.7008, 3.1791 -1.4252 0.7008, 3.1791 -1.4252 1.2323, 3.1791 -0.5787 1.2323, 3.126 -1.3661 0.7008, 2.9823 -1.3661 0.9961, 2.9823 -1.248 1.1142, 2.9764 -1.3661 0.9961, 2.9232 -1.248 1.1142, 2.9291 -1.3661 0.9961, 2.9232 -1.3661 0.9961, 2.9232 -0.5599 1.1996, 2.9232 -0.5787 1.2323, 2.9232 -1.4252 1.2323, 2.9232 -0.2618 1.1142, 2.9232 -1.4252 0.7008, 2.9232 -1.3661 0.7008, 2.9823 -0.5599 1.1996, 2.9823 -0.2618 1.1142, 2.9823 -1.3661 0.7008, 2.9823 -1.4252 0.7008, 2.9823 -1.4252 1.2323, 2.9823 -0.5787 1.2323, 2.9291 -1.3661 0.7008, 2.7854 -1.3661 0.9961, 2.7854 -1.248 1.1142, 2.7795 -1.3661 0.9961, 2.7264 -1.248 1.1142, 2.7323 -1.3661 0.9961, 2.7264 -1.3661 0.9961, 2.7264 -0.5599 1.1996, 2.7264 -0.5787 1.2323, 2.7264 -1.4252 1.2323, 2.7264 -0.2618 1.1142, 2.7264 -1.4252 0.7008, 2.7264 -1.3661 0.7008, 2.7854 -0.5599 1.1996, 2.7854 -0.2618 1.1142, 2.7854 -1.3661 0.7008, 2.7854 -1.4252 0.7008, 2.7854 -1.4252 1.2323, 2.7854 -0.5787 1.2323, 2.7323 -1.3661 0.7008, 2.5886 -1.3661 0.9961, 2.5886 -1.248 1.1142, 2.5827 -1.3661 0.9961, 2.5295 -1.248 1.1142, 2.5354 -1.3661 0.9961, 2.5295 -1.3661 0.9961, 2.5295 -0.5599 1.1996, 2.5295 -0.5787 1.2323, 2.5295 -1.4252 1.2323, 2.5295 -0.2618 1.1142, 2.5295 -1.4252 0.7008, 2.5295 -1.3661 0.7008, 2.5886 -0.5599 1.1996, 2.5886 -0.2618 1.1142, 2.5886 -1.3661 0.7008, 2.5886 -1.4252 0.7008, 2.5886 -1.4252 1.2323, 2.5886 -0.5787 1.2323, 2.5354 -1.3661 0.7008, 2.3917 -1.3661 0.9961, 2.3917 -1.248 1.1142, 2.3858 -1.3661 0.9961, 2.3327 -1.248 1.1142, 2.3386 -1.3661 0.9961, 2.3327 -1.3661 0.9961, 2.3327 -0.5599 1.1996, 2.3327 -0.5787 1.2323, 2.3327 -1.4252 1.2323, 2.3327 -0.2618 1.1142, 2.3327 -1.4252 0.7008, 2.3327 -1.3661 0.7008, 2.3917 -0.5599 1.1996, 2.3917 -0.2618 1.1142, 2.3917 -1.3661 0.7008, 2.3917 -1.4252 0.7008, 2.3917 -1.4252 1.2323, 2.3917 -0.5787 1.2323, 2.3386 -1.3661 0.7008, 2.1949 -1.3661 0.9961, 2.1949 -1.248 1.1142, 2.189 -1.3661 0.9961, 2.1358 -1.248 1.1142, 2.1417 -1.3661 0.9961, 2.1358 -1.3661 0.9961, 2.1358 -0.5599 1.1996, 2.1358 -0.5787 1.2323, 2.1358 -1.4252 1.2323, 2.1358 -0.2618 1.1142, 2.1358 -1.4252 0.7008, 2.1358 -1.3661 0.7008, 2.1949 -0.5599 1.1996, 2.1949 -0.2618 1.1142, 2.1949 -1.3661 0.7008, 2.1949 -1.4252 0.7008, 2.1949 -1.4252 1.2323, 2.1949 -0.5787 1.2323, 2.1417 -1.3661 0.7008, 1.998 -1.3661 0.9961, 1.998 -1.248 1.1142, 1.9921 -1.3661 0.9961, 1.939 -1.248 1.1142, 1.9449 -1.3661 0.9961, 1.939 -1.3661 0.9961, 1.939 -0.5599 1.1996, 1.939 -0.5787 1.2323, 1.939 -1.4252 1.2323, 1.939 -0.2618 1.1142, 1.939 -1.4252 0.7008, 1.939 -1.3661 0.7008, 1.998 -0.5599 1.1996, 1.998 -0.2618 1.1142, 1.998 -1.3661 0.7008, 1.998 -1.4252 0.7008, 1.998 -1.4252 1.2323, 1.998 -0.5787 1.2323, 1.9449 -1.3661 0.7008, 1.8012 -1.3661 0.9961, 1.8012 -1.248 1.1142, 1.7953 -1.3661 0.9961, 1.7421 -1.248 1.1142, 1.748 -1.3661 0.9961, 1.7421 -1.3661 0.9961, 1.7421 -0.5599 1.1996, 1.7421 -0.5787 1.2323, 1.7421 -1.4252 1.2323, 1.7421 -0.2618 1.1142, 1.7421 -1.4252 0.7008, 1.7421 -1.3661 0.7008, 1.8012 -0.5599 1.1996, 1.8012 -0.2618 1.1142, 1.8012 -1.3661 0.7008, 1.8012 -1.4252 0.7008, 1.8012 -1.4252 1.2323, 1.8012 -0.5787 1.2323, 1.748 -1.3661 0.7008, 1.6043 -1.3661 0.9961, 1.6043 -1.248 1.1142, 1.5984 -1.3661 0.9961, 1.5453 -1.248 1.1142, 1.5512 -1.3661 0.9961, 1.5453 -1.3661 0.9961, 1.5453 -0.5599 1.1996, 1.5453 -0.5787 1.2323, 1.5453 -1.4252 1.2323, 1.5453 -0.2618 1.1142, 1.5453 -1.4252 0.7008, 1.5453 -1.3661 0.7008, 1.6043 -0.5599 1.1996, 1.6043 -0.2618 1.1142, 1.6043 -1.3661 0.7008, 1.6043 -1.4252 0.7008, 1.6043 -1.4252 1.2323, 1.6043 -0.5787 1.2323, 1.5512 -1.3661 0.7008, 1.4075 -1.3661 0.9961, 1.4075 -1.248 1.1142, 1.4016 -1.3661 0.9961, 1.3484 -1.248 1.1142, 1.3543 -1.3661 0.9961, 1.3484 -1.3661 0.9961, 1.3484 -0.5599 1.1996, 1.3484 -0.5787 1.2323, 1.3484 -1.4252 1.2323, 1.3484 -0.2618 1.1142, 1.3484 -1.4252 0.7008, 1.3484 -1.3661 0.7008, 1.4075 -0.5599 1.1996, 1.4075 -0.2618 1.1142, 1.4075 -1.3661 0.7008, 1.4075 -1.4252 0.7008, 1.4075 -1.4252 1.2323, 1.4075 -0.5787 1.2323, 1.3543 -1.3661 0.7008, 1.2106 -1.3661 0.9961, 1.2106 -1.248 1.1142, 1.2047 -1.3661 0.9961, 1.1516 -1.248 1.1142, 1.1575 -1.3661 0.9961, 1.1516 -1.3661 0.9961, 1.1516 -0.5599 1.1996, 1.1516 -0.5787 1.2323, 1.1516 -1.4252 1.2323, 1.1516 -0.2618 1.1142, 1.1516 -1.4252 0.7008, 1.1516 -1.3661 0.7008, 1.2106 -0.5599 1.1996, 1.2106 -0.2618 1.1142, 1.2106 -1.3661 0.7008, 1.2106 -1.4252 0.7008, 1.2106 -1.4252 1.2323, 1.2106 -0.5787 1.2323, 1.1575 -1.3661 0.7008, 1.0138 -1.3661 0.9961, 1.0138 -1.248 1.1142, 1.0079 -1.3661 0.9961, 0.9547 -1.248 1.1142, 0.9606 -1.3661 0.9961, 0.9547 -1.3661 0.9961, 0.9547 -0.5599 1.1996, 0.9547 -0.5787 1.2323, 0.9547 -1.4252 1.2323, 0.9547 -0.2618 1.1142, 0.9547 -1.4252 0.7008, 0.9547 -1.3661 0.7008, 1.0138 -0.5599 1.1996, 1.0138 -0.2618 1.1142, 1.0138 -1.3661 0.7008, 1.0138 -1.4252 0.7008, 1.0138 -1.4252 1.2323, 1.0138 -0.5787 1.2323, 0.9606 -1.3661 0.7008, 0.8169 -1.3661 0.9961, 0.8169 -1.248 1.1142, 0.811 -1.3661 0.9961, 0.7579 -1.248 1.1142, 0.7638 -1.3661 0.9961, 0.7579 -1.3661 0.9961, 0.7579 -0.5599 1.1996, 0.7579 -0.5787 1.2323, 0.7579 -1.4252 1.2323, 0.7579 -0.2618 1.1142, 0.7579 -1.4252 0.7008, 0.7579 -1.3661 0.7008, 0.8169 -0.5599 1.1996, 0.8169 -0.2618 1.1142, 0.8169 -1.3661 0.7008, 0.8169 -1.4252 0.7008, 0.8169 -1.4252 1.2323, 0.8169 -0.5787 1.2323, 0.7638 -1.3661 0.7008, 0.6201 -1.3661 0.9961, 0.6201 -1.248 1.1142, 0.6142 -1.3661 0.9961, 0.561 -1.248 1.1142, 0.5669 -1.3661 0.9961, 0.561 -1.3661 0.9961, 0.561 -0.5599 1.1996, 0.561 -0.5787 1.2323, 0.561 -1.4252 1.2323, 0.561 -0.2618 1.1142, 0.561 -1.4252 0.7008, 0.561 -1.3661 0.7008, 0.6201 -0.5599 1.1996, 0.6201 -0.2618 1.1142, 0.6201 -1.3661 0.7008, 0.6201 -1.4252 0.7008, 0.6201 -1.4252 1.2323, 0.6201 -0.5787 1.2323, 0.5669 -1.3661 0.7008, 0.4232 -1.3661 0.9961, 0.4232 -1.248 1.1142, 0.4173 -1.3661 0.9961, 0.3642 -1.248 1.1142, 0.3701 -1.3661 0.9961, 0.3642 -1.3661 0.9961, 0.3642 -0.5599 1.1996, 0.3642 -0.5787 1.2323, 0.3642 -1.4252 1.2323, 0.3642 -0.2618 1.1142, 0.3642 -1.4252 0.7008, 0.3642 -1.3661 0.7008, 0.4232 -0.5599 1.1996, 0.4232 -0.2618 1.1142, 0.4232 -1.3661 0.7008, 0.4232 -1.4252 0.7008, 0.4232 -1.4252 1.2323, 0.4232 -0.5787 1.2323, 0.3701 -1.3661 0.7008, 0.2264 -1.3661 0.9961, 0.2264 -1.248 1.1142, 0.2205 -1.3661 0.9961, 0.1673 -1.248 1.1142, 0.1732 -1.3661 0.9961, 0.1673 -1.3661 0.9961, 0.1673 -0.5599 1.1996, 0.1673 -0.5787 1.2323, 0.1673 -1.4252 1.2323, 0.1673 -0.2618 1.1142, 0.1673 -1.4252 0.7008, 0.1673 -1.3661 0.7008, 0.2264 -0.5599 1.1996, 0.2264 -0.2618 1.1142, 0.2264 -1.3661 0.7008, 0.2264 -1.4252 0.7008, 0.2264 -1.4252 1.2323, 0.2264 -0.5787 1.2323, 0.1732 -1.3661 0.7008, 0.0295 -1.3661 0.9961, 0.0295 -1.248 1.1142, 0.0236 -1.3661 0.9961, -0.0295 -1.248 1.1142, -0.0236 -1.3661 0.9961, -0.0295 -1.3661 0.9961, -0.0295 -0.5599 1.1996, -0.0295 -0.5787 1.2323, -0.0295 -1.4252 1.2323, -0.0295 -0.2618 1.1142, -0.0295 -1.4252 0.7008, -0.0295 -1.3661 0.7008, 0.0295 -0.5599 1.1996, 0.0295 -0.2618 1.1142, 0.0295 -1.3661 0.7008, 0.0295 -1.4252 0.7008, 0.0295 -1.4252 1.2323, 0.0295 -0.5787 1.2323, -0.0236 -1.3661 0.7008, -0.1673 -1.3661 0.9961, -0.1673 -1.248 1.1142, -0.1732 -1.3661 0.9961, -0.2264 -1.248 1.1142, -0.2205 -1.3661 0.9961, -0.2264 -1.3661 0.9961, -0.2264 -0.5599 1.1996, -0.2264 -0.5787 1.2323, -0.2264 -1.4252 1.2323, -0.2264 -0.2618 1.1142, -0.2264 -1.4252 0.7008, -0.2264 -1.3661 0.7008, -0.1673 -0.5599 1.1996, -0.1673 -0.2618 1.1142, -0.1673 -1.3661 0.7008, -0.1673 -1.4252 0.7008, -0.1673 -1.4252 1.2323, -0.1673 -0.5787 1.2323, -0.2205 -1.3661 0.7008, -0.3642 -1.3661 0.9961, -0.3642 -1.248 1.1142, -0.3701 -1.3661 0.9961, -0.4232 -1.248 1.1142, -0.4173 -1.3661 0.9961, -0.4232 -1.3661 0.9961, -0.4232 -0.5599 1.1996, -0.4232 -0.5787 1.2323, -0.4232 -1.4252 1.2323, -0.4232 -0.2618 1.1142, -0.4232 -1.4252 0.7008, -0.4232 -1.3661 0.7008, -0.3642 -0.5599 1.1996, -0.3642 -0.2618 1.1142, -0.3642 -1.3661 0.7008, -0.3642 -1.4252 0.7008, -0.3642 -1.4252 1.2323, -0.3642 -0.5787 1.2323, -0.4173 -1.3661 0.7008, -0.561 -1.3661 0.9961, -0.561 -1.248 1.1142, -0.5669 -1.3661 0.9961, -0.6201 -1.248 1.1142, -0.6142 -1.3661 0.9961, -0.6201 -1.3661 0.9961, -0.6201 -0.5599 1.1996, -0.6201 -0.5787 1.2323, -0.6201 -1.4252 1.2323, -0.6201 -0.2618 1.1142, -0.6201 -1.4252 0.7008, -0.6201 -1.3661 0.7008, -0.561 -0.5599 1.1996, -0.561 -0.2618 1.1142, -0.561 -1.3661 0.7008, -0.561 -1.4252 0.7008, -0.561 -1.4252 1.2323, -0.561 -0.5787 1.2323, -0.6142 -1.3661 0.7008, -1.5453 -1.3661 0.9961, -1.5453 -1.248 1.1142, -1.5512 -1.3661 0.9961, -1.6044 -1.248 1.1142, -1.5984 -1.3661 0.9961, -1.6044 -1.3661 0.9961, -1.6044 -0.5599 1.1996, -1.6044 -0.5787 1.2323, -1.6044 -1.4252 1.2323, -1.6044 -0.2618 1.1142, -1.6044 -1.4252 0.7008, -1.6044 -1.3661 0.7008, -1.5453 -0.5599 1.1996, -1.5453 -0.2618 1.1142, -1.5453 -1.3661 0.7008, -1.5453 -1.4252 0.7008, -1.5453 -1.4252 1.2323, -1.5453 -0.5787 1.2323, -1.5984 -1.3661 0.7008, -1.7421 -1.3661 0.9961, -1.7421 -1.248 1.1142, -1.7481 -1.3661 0.9961, -1.8012 -1.248 1.1142, -1.7953 -1.3661 0.9961, -1.8012 -1.3661 0.9961, -1.8012 -0.5599 1.1996, -1.8012 -0.5787 1.2323, -1.8012 -1.4252 1.2323, -1.8012 -0.2618 1.1142, -1.8012 -1.4252 0.7008, -1.8012 -1.3661 0.7008, -1.7421 -0.5599 1.1996, -1.7421 -0.2618 1.1142, -1.7421 -1.3661 0.7008, -1.7421 -1.4252 0.7008, -1.7421 -1.4252 1.2323, -1.7421 -0.5787 1.2323, -1.7953 -1.3661 0.7008, -1.939 -1.3661 0.9961, -1.939 -1.248 1.1142, -1.9449 -1.3661 0.9961, -1.9981 -1.248 1.1142, -1.9921 -1.3661 0.9961, -1.9981 -1.3661 0.9961, -1.9981 -0.5599 1.1996, -1.9981 -0.5787 1.2323, -1.9981 -1.4252 1.2323, -1.9981 -0.2618 1.1142, -1.9981 -1.4252 0.7008, -1.9981 -1.3661 0.7008, -1.939 -0.5599 1.1996, -1.939 -0.2618 1.1142, -1.939 -1.3661 0.7008, -1.939 -1.4252 0.7008, -1.939 -1.4252 1.2323, -1.939 -0.5787 1.2323, -1.9921 -1.3661 0.7008, -2.1358 -1.3661 0.9961, -2.1358 -1.248 1.1142, -2.1418 -1.3661 0.9961, -2.1949 -1.248 1.1142, -2.189 -1.3661 0.9961, -2.1949 -1.3661 0.9961, -2.1949 -0.5599 1.1996, -2.1949 -0.5787 1.2323, -2.1949 -1.4252 1.2323, -2.1949 -0.2618 1.1142, -2.1949 -1.4252 0.7008, -2.1949 -1.3661 0.7008, -2.1358 -0.5599 1.1996, -2.1358 -0.2618 1.1142, -2.1358 -1.3661 0.7008, -2.1358 -1.4252 0.7008, -2.1358 -1.4252 1.2323, -2.1358 -0.5787 1.2323, -2.189 -1.3661 0.7008, -2.3327 -1.3661 0.9961, -2.3327 -1.248 1.1142, -2.3386 -1.3661 0.9961, -2.3918 -1.248 1.1142, -2.3858 -1.3661 0.9961, -2.3918 -1.3661 0.9961, -2.3918 -0.5599 1.1996, -2.3918 -0.5787 1.2323, -2.3918 -1.4252 1.2323, -2.3918 -0.2618 1.1142, -2.3918 -1.4252 0.7008, -2.3918 -1.3661 0.7008, -2.3327 -0.5599 1.1996, -2.3327 -0.2618 1.1142, -2.3327 -1.3661 0.7008, -2.3327 -1.4252 0.7008, -2.3327 -1.4252 1.2323, -2.3327 -0.5787 1.2323, -2.3858 -1.3661 0.7008, -2.5295 -1.3661 0.9961, -2.5295 -1.248 1.1142, -2.5355 -1.3661 0.9961, -2.5886 -1.248 1.1142, -2.5827 -1.3661 0.9961, -2.5886 -1.3661 0.9961, -2.5886 -0.5599 1.1996, -2.5886 -0.5787 1.2323, -2.5886 -1.4252 1.2323, -2.5886 -0.2618 1.1142, -2.5886 -1.4252 0.7008, -2.5886 -1.3661 0.7008, -2.5295 -0.5599 1.1996, -2.5295 -0.2618 1.1142, -2.5295 -1.3661 0.7008, -2.5295 -1.4252 0.7008, -2.5295 -1.4252 1.2323, -2.5295 -0.5787 1.2323, -2.5827 -1.3661 0.7008, -2.7264 -1.3661 0.9961, -2.7264 -1.248 1.1142, -2.7323 -1.3661 0.9961, -2.7855 -1.248 1.1142, -2.7795 -1.3661 0.9961, -2.7855 -1.3661 0.9961, -2.7855 -0.5599 1.1996, -2.7855 -0.5787 1.2323, -2.7855 -1.4252 1.2323, -2.7855 -0.2618 1.1142, -2.7855 -1.4252 0.7008, -2.7855 -1.3661 0.7008, -2.7264 -0.5599 1.1996, -2.7264 -0.2618 1.1142, -2.7264 -1.3661 0.7008, -2.7264 -1.4252 0.7008, -2.7264 -1.4252 1.2323, -2.7264 -0.5787 1.2323, -2.7795 -1.3661 0.7008, -2.9232 -1.3661 0.9961, -2.9232 -1.248 1.1142, -2.9292 -1.3661 0.9961, -2.9823 -1.248 1.1142, -2.9764 -1.3661 0.9961, -2.9823 -1.3661 0.9961, -2.9823 -0.5599 1.1996, -2.9823 -0.5787 1.2323, -2.9823 -1.4252 1.2323, -2.9823 -0.2618 1.1142, -2.9823 -1.4252 0.7008, -2.9823 -1.3661 0.7008, -2.9232 -0.5599 1.1996, -2.9232 -0.2618 1.1142, -2.9232 -1.3661 0.7008, -2.9232 -1.4252 0.7008, -2.9232 -1.4252 1.2323, -2.9232 -0.5787 1.2323, -2.9764 -1.3661 0.7008, -3.1201 -1.3661 0.9961, -3.1201 -1.248 1.1142, -3.126 -1.3661 0.9961, -3.1792 -1.248 1.1142, -3.1732 -1.3661 0.9961, -3.1792 -1.3661 0.9961, -3.1792 -0.5599 1.1996, -3.1792 -0.5787 1.2323, -3.1792 -1.4252 1.2323, -3.1792 -0.2618 1.1142, -3.1792 -1.4252 0.7008, -3.1792 -1.3661 0.7008, -3.1201 -0.5599 1.1996, -3.1201 -0.2618 1.1142, -3.1201 -1.3661 0.7008, -3.1201 -1.4252 0.7008, -3.1201 -1.4252 1.2323, -3.1201 -0.5787 1.2323, -3.1732 -1.3661 0.7008, -3.3169 -1.3661 0.9961, -3.3169 -1.248 1.1142, -3.3229 -1.3661 0.9961, -3.376 -1.248 1.1142, -3.3701 -1.3661 0.9961, -3.376 -1.3661 0.9961, -3.376 -0.5599 1.1996, -3.376 -0.5787 1.2323, -3.376 -1.4252 1.2323, -3.376 -0.2618 1.1142, -3.376 -1.4252 0.7008, -3.376 -1.3661 0.7008, -3.3169 -0.5599 1.1996, -3.3169 -0.2618 1.1142, -3.3169 -1.3661 0.7008, -3.3169 -1.4252 0.7008, -3.3169 -1.4252 1.2323, -3.3169 -0.5787 1.2323, -3.3701 -1.3661 0.7008, 3.5138 -1.3661 0.2953, 3.5138 -1.3661 0.0591, 3.5197 -1.3661 0.2953, 3.5197 -1.3661 0.0591, 3.5728 -1.4252 0.2953, 3.5728 -1.3661 0.2953, 3.5728 -1.4252 0.0591, 3.5728 -1.3661 0.0591, 3.5138 -1.4252 0.0591, 3.5138 -1.4252 0.2953, 3.3169 -1.3661 0.2953, 3.3169 -1.3661 0.0591, 3.3228 -1.3661 0.2953, 3.3228 -1.3661 0.0591, 3.376 -1.4252 0.2953, 3.376 -1.3661 0.2953, 3.376 -1.4252 0.0591, 3.376 -1.3661 0.0591, 3.3169 -1.4252 0.0591, 3.3169 -1.4252 0.2953, 3.1201 -1.3661 0.2953, 3.1201 -1.3661 0.0591, 3.126 -1.3661 0.2953, 3.126 -1.3661 0.0591, 3.1791 -1.4252 0.2953, 3.1791 -1.3661 0.2953, 3.1791 -1.4252 0.0591, 3.1791 -1.3661 0.0591, 3.1201 -1.4252 0.0591, 3.1201 -1.4252 0.2953, 2.9232 -1.3661 0.2953, 2.9232 -1.3661 0.0591, 2.9291 -1.3661 0.2953, 2.9291 -1.3661 0.0591, 2.9823 -1.4252 0.2953, 2.9823 -1.3661 0.2953, 2.9823 -1.4252 0.0591, 2.9823 -1.3661 0.0591, 2.9232 -1.4252 0.0591, 2.9232 -1.4252 0.2953, 2.7264 -1.3661 0.2953, 2.7264 -1.3661 0.0591, 2.7323 -1.3661 0.2953, 2.7323 -1.3661 0.0591, 2.7854 -1.4252 0.2953, 2.7854 -1.3661 0.2953, 2.7854 -1.4252 0.0591, 2.7854 -1.3661 0.0591, 2.7264 -1.4252 0.0591, 2.7264 -1.4252 0.2953, 2.5295 -1.3661 0.2953, 2.5295 -1.3661 0.0591, 2.5354 -1.3661 0.2953, 2.5354 -1.3661 0.0591, 2.5886 -1.4252 0.2953, 2.5886 -1.3661 0.2953, 2.5886 -1.4252 0.0591, 2.5886 -1.3661 0.0591, 2.5295 -1.4252 0.0591, 2.5295 -1.4252 0.2953, 2.3327 -1.3661 0.2953, 2.3327 -1.3661 0.0591, 2.3386 -1.3661 0.2953, 2.3386 -1.3661 0.0591, 2.3917 -1.4252 0.2953, 2.3917 -1.3661 0.2953, 2.3917 -1.4252 0.0591, 2.3917 -1.3661 0.0591, 2.3327 -1.4252 0.0591, 2.3327 -1.4252 0.2953, 2.1358 -1.3661 0.2953, 2.1358 -1.3661 0.0591, 2.1417 -1.3661 0.2953, 2.1417 -1.3661 0.0591, 2.1949 -1.4252 0.2953, 2.1949 -1.3661 0.2953, 2.1949 -1.4252 0.0591, 2.1949 -1.3661 0.0591, 2.1358 -1.4252 0.0591, 2.1358 -1.4252 0.2953, 1.939 -1.3661 0.2953, 1.939 -1.3661 0.0591, 1.9449 -1.3661 0.2953, 1.9449 -1.3661 0.0591, 1.998 -1.4252 0.2953, 1.998 -1.3661 0.2953, 1.998 -1.4252 0.0591, 1.998 -1.3661 0.0591, 1.939 -1.4252 0.0591, 1.939 -1.4252 0.2953, 1.7421 -1.3661 0.2953, 1.7421 -1.3661 0.0591, 1.748 -1.3661 0.2953, 1.748 -1.3661 0.0591, 1.8012 -1.4252 0.2953, 1.8012 -1.3661 0.2953, 1.8012 -1.4252 0.0591, 1.8012 -1.3661 0.0591, 1.7421 -1.4252 0.0591, 1.7421 -1.4252 0.2953, 1.5453 -1.3661 0.2953, 1.5453 -1.3661 0.0591, 1.5512 -1.3661 0.2953, 1.5512 -1.3661 0.0591, 1.6043 -1.4252 0.2953, 1.6043 -1.3661 0.2953, 1.6043 -1.4252 0.0591, 1.6043 -1.3661 0.0591, 1.5453 -1.4252 0.0591, 1.5453 -1.4252 0.2953, 1.3484 -1.3661 0.2953, 1.3484 -1.3661 0.0591, 1.3543 -1.3661 0.2953, 1.3543 -1.3661 0.0591, 1.4075 -1.4252 0.2953, 1.4075 -1.3661 0.2953, 1.4075 -1.4252 0.0591, 1.4075 -1.3661 0.0591, 1.3484 -1.4252 0.0591, 1.3484 -1.4252 0.2953, 1.1516 -1.3661 0.2953, 1.1516 -1.3661 0.0591, 1.1575 -1.3661 0.2953, 1.1575 -1.3661 0.0591, 1.2106 -1.4252 0.2953, 1.2106 -1.3661 0.2953, 1.2106 -1.4252 0.0591, 1.2106 -1.3661 0.0591, 1.1516 -1.4252 0.0591, 1.1516 -1.4252 0.2953, 0.9547 -1.3661 0.2953, 0.9547 -1.3661 0.0591, 0.9606 -1.3661 0.2953, 0.9606 -1.3661 0.0591, 1.0138 -1.4252 0.2953, 1.0138 -1.3661 0.2953, 1.0138 -1.4252 0.0591, 1.0138 -1.3661 0.0591, 0.9547 -1.4252 0.0591, 0.9547 -1.4252 0.2953, 0.7579 -1.3661 0.2953, 0.7579 -1.3661 0.0591, 0.7638 -1.3661 0.2953, 0.7638 -1.3661 0.0591, 0.8169 -1.4252 0.2953, 0.8169 -1.3661 0.2953, 0.8169 -1.4252 0.0591, 0.8169 -1.3661 0.0591, 0.7579 -1.4252 0.0591, 0.7579 -1.4252 0.2953, 0.561 -1.3661 0.2953, 0.561 -1.3661 0.0591, 0.5669 -1.3661 0.2953, 0.5669 -1.3661 0.0591, 0.6201 -1.4252 0.2953, 0.6201 -1.3661 0.2953, 0.6201 -1.4252 0.0591, 0.6201 -1.3661 0.0591, 0.561 -1.4252 0.0591, 0.561 -1.4252 0.2953, 0.3642 -1.3661 0.2953, 0.3642 -1.3661 0.0591, 0.3701 -1.3661 0.2953, 0.3701 -1.3661 0.0591, 0.4232 -1.4252 0.2953, 0.4232 -1.3661 0.2953, 0.4232 -1.4252 0.0591, 0.4232 -1.3661 0.0591, 0.3642 -1.4252 0.0591, 0.3642 -1.4252 0.2953, 0.1673 -1.3661 0.2953, 0.1673 -1.3661 0.0591, 0.1732 -1.3661 0.2953, 0.1732 -1.3661 0.0591, 0.2264 -1.4252 0.2953, 0.2264 -1.3661 0.2953, 0.2264 -1.4252 0.0591, 0.2264 -1.3661 0.0591, 0.1673 -1.4252 0.0591, 0.1673 -1.4252 0.2953, -0.0295 -1.3661 0.2953, -0.0295 -1.3661 0.0591, -0.0236 -1.3661 0.2953, -0.0236 -1.3661 0.0591, 0.0295 -1.4252 0.2953, 0.0295 -1.3661 0.2953, 0.0295 -1.4252 0.0591, 0.0295 -1.3661 0.0591, -0.0295 -1.4252 0.0591, -0.0295 -1.4252 0.2953, -0.2264 -1.3661 0.2953, -0.2264 -1.3661 0.0591, -0.2205 -1.3661 0.2953, -0.2205 -1.3661 0.0591, -0.1673 -1.4252 0.2953, -0.1673 -1.3661 0.2953, -0.1673 -1.4252 0.0591, -0.1673 -1.3661 0.0591, -0.2264 -1.4252 0.0591, -0.2264 -1.4252 0.2953, -0.4232 -1.3661 0.2953, -0.4232 -1.3661 0.0591, -0.4173 -1.3661 0.2953, -0.4173 -1.3661 0.0591, -0.3642 -1.4252 0.2953, -0.3642 -1.3661 0.2953, -0.3642 -1.4252 0.0591, -0.3642 -1.3661 0.0591, -0.4232 -1.4252 0.0591, -0.4232 -1.4252 0.2953, -0.6201 -1.3661 0.2953, -0.6201 -1.3661 0.0591, -0.6142 -1.3661 0.2953, -0.6142 -1.3661 0.0591, -0.561 -1.4252 0.2953, -0.561 -1.3661 0.2953, -0.561 -1.4252 0.0591, -0.561 -1.3661 0.0591, -0.6201 -1.4252 0.0591, -0.6201 -1.4252 0.2953, -1.6044 -1.3661 0.2953, -1.6044 -1.3661 0.0591, -1.5984 -1.3661 0.2953, -1.5984 -1.3661 0.0591, -1.5453 -1.4252 0.2953, -1.5453 -1.3661 0.2953, -1.5453 -1.4252 0.0591, -1.5453 -1.3661 0.0591, -1.6044 -1.4252 0.0591, -1.6044 -1.4252 0.2953, -1.8012 -1.3661 0.2953, -1.8012 -1.3661 0.0591, -1.7953 -1.3661 0.2953, -1.7953 -1.3661 0.0591, -1.7421 -1.4252 0.2953, -1.7421 -1.3661 0.2953, -1.7421 -1.4252 0.0591, -1.7421 -1.3661 0.0591, -1.8012 -1.4252 0.0591, -1.8012 -1.4252 0.2953, -1.9981 -1.3661 0.2953, -1.9981 -1.3661 0.0591, -1.9921 -1.3661 0.2953, -1.9921 -1.3661 0.0591, -1.939 -1.4252 0.2953, -1.939 -1.3661 0.2953, -1.939 -1.4252 0.0591, -1.939 -1.3661 0.0591, -1.9981 -1.4252 0.0591, -1.9981 -1.4252 0.2953, -2.1949 -1.3661 0.2953, -2.1949 -1.3661 0.0591, -2.189 -1.3661 0.2953, -2.189 -1.3661 0.0591, -2.1358 -1.4252 0.2953, -2.1358 -1.3661 0.2953, -2.1358 -1.4252 0.0591, -2.1358 -1.3661 0.0591, -2.1949 -1.4252 0.0591, -2.1949 -1.4252 0.2953, -2.3918 -1.3661 0.2953, -2.3918 -1.3661 0.0591, -2.3858 -1.3661 0.2953, -2.3858 -1.3661 0.0591, -2.3327 -1.4252 0.2953, -2.3327 -1.3661 0.2953, -2.3327 -1.4252 0.0591, -2.3327 -1.3661 0.0591, -2.3918 -1.4252 0.0591, -2.3918 -1.4252 0.2953, -2.5886 -1.3661 0.2953, -2.5886 -1.3661 0.0591, -2.5827 -1.3661 0.2953, -2.5827 -1.3661 0.0591, -2.5295 -1.4252 0.2953, -2.5295 -1.3661 0.2953, -2.5295 -1.4252 0.0591, -2.5295 -1.3661 0.0591, -2.5886 -1.4252 0.0591, -2.5886 -1.4252 0.2953, -2.7855 -1.3661 0.2953, -2.7855 -1.3661 0.0591, -2.7795 -1.3661 0.2953, -2.7795 -1.3661 0.0591, -2.7264 -1.4252 0.2953, -2.7264 -1.3661 0.2953, -2.7264 -1.4252 0.0591, -2.7264 -1.3661 0.0591, -2.7855 -1.4252 0.0591, -2.7855 -1.4252 0.2953, -2.9823 -1.3661 0.2953, -2.9823 -1.3661 0.0591, -2.9764 -1.3661 0.2953, -2.9764 -1.3661 0.0591, -2.9232 -1.4252 0.2953, -2.9232 -1.3661 0.2953, -2.9232 -1.4252 0.0591, -2.9232 -1.3661 0.0591, -2.9823 -1.4252 0.0591, -2.9823 -1.4252 0.2953, -3.1792 -1.3661 0.2953, -3.1792 -1.3661 0.0591, -3.1732 -1.3661 0.2953, -3.1732 -1.3661 0.0591, -3.1201 -1.4252 0.2953, -3.1201 -1.3661 0.2953, -3.1201 -1.4252 0.0591, -3.1201 -1.3661 0.0591, -3.1792 -1.4252 0.0591, -3.1792 -1.4252 0.2953, -3.376 -1.3661 0.2953, -3.376 -1.3661 0.0591, -3.3701 -1.3661 0.2953, -3.3701 -1.3661 0.0591, -3.3169 -1.4252 0.2953, -3.3169 -1.3661 0.2953, -3.3169 -1.4252 0.0591, -3.3169 -1.3661 0.0591, -3.376 -1.4252 0.0591, -3.376 -1.4252 0.2953, -3.2973 -1.4449 0.2953, -3.2973 -1.4449 0.0591, -3.3957 -1.4449 0.2953, -3.3957 -1.4449 0.0591, -3.3957 -1.4449 1.2323, -3.3957 -1.4449 0.7008, -3.2973 -1.4449 1.2323, -3.2973 -1.4449 0.7008, -3.1004 -1.4449 0.2953, -3.1004 -1.4449 0.0591, -3.1988 -1.4449 0.2953, -3.1988 -1.4449 0.0591, -3.1988 -1.4449 1.2323, -3.1988 -1.4449 0.7008, -3.1004 -1.4449 1.2323, -3.1004 -1.4449 0.7008, -2.9036 -1.4449 0.2953, -2.9036 -1.4449 0.0591, -3.002 -1.4449 0.2953, -3.002 -1.4449 0.0591, -3.002 -1.4449 1.2323, -3.002 -1.4449 0.7008, -2.9036 -1.4449 1.2323, -2.9036 -1.4449 0.7008, -2.7067 -1.4449 0.2953, -2.7067 -1.4449 0.0591, -2.8051 -1.4449 0.2953, -2.8051 -1.4449 0.0591, -2.8051 -1.4449 1.2323, -2.8051 -1.4449 0.7008, -2.7067 -1.4449 1.2323, -2.7067 -1.4449 0.7008, -2.5099 -1.4449 0.2953, -2.5099 -1.4449 0.0591, -2.6083 -1.4449 0.2953, -2.6083 -1.4449 0.0591, -2.6083 -1.4449 1.2323, -2.6083 -1.4449 0.7008, -2.5099 -1.4449 1.2323, -2.5099 -1.4449 0.7008, -2.313 -1.4449 0.2953, -2.313 -1.4449 0.0591, -2.4114 -1.4449 0.2953, -2.4114 -1.4449 0.0591, -2.4114 -1.4449 1.2323, -2.4114 -1.4449 0.7008, -2.313 -1.4449 1.2323, -2.313 -1.4449 0.7008, -2.1162 -1.4449 0.2953, -2.1162 -1.4449 0.0591, -2.2146 -1.4449 0.2953, -2.2146 -1.4449 0.0591, -2.2146 -1.4449 1.2323, -2.2146 -1.4449 0.7008, -2.1162 -1.4449 1.2323, -2.1162 -1.4449 0.7008, -1.9193 -1.4449 0.2953, -1.9193 -1.4449 0.0591, -2.0177 -1.4449 0.2953, -2.0177 -1.4449 0.0591, -2.0177 -1.4449 1.2323, -2.0177 -1.4449 0.7008, -1.9193 -1.4449 1.2323, -1.9193 -1.4449 0.7008, -1.7225 -1.4449 0.2953, -1.7225 -1.4449 0.0591, -1.8209 -1.4449 0.2953, -1.8209 -1.4449 0.0591, -1.8209 -1.4449 1.2323, -1.8209 -1.4449 0.7008, -1.7225 -1.4449 1.2323, -1.7225 -1.4449 0.7008, -1.5256 -1.4449 0.2953, -1.5256 -1.4449 0.0591, -1.624 -1.4449 0.2953, -1.624 -1.4449 0.0591, -1.624 -1.4449 1.2323, -1.624 -1.4449 0.7008, -1.5256 -1.4449 1.2323, -1.5256 -1.4449 0.7008, -0.5414 -1.4449 0.2953, -0.5414 -1.4449 0.0591, -0.6398 -1.4449 0.2953, -0.6398 -1.4449 0.0591, -0.6398 -1.4449 1.2323, -0.6398 -1.4449 0.7008, -0.5414 -1.4449 1.2323, -0.5414 -1.4449 0.7008, -0.3445 -1.4449 0.2953, -0.3445 -1.4449 0.0591, -0.4429 -1.4449 0.2953, -0.4429 -1.4449 0.0591, -0.4429 -1.4449 1.2323, -0.4429 -1.4449 0.7008, -0.3445 -1.4449 1.2323, -0.3445 -1.4449 0.7008, -0.1477 -1.4449 0.2953, -0.1477 -1.4449 0.0591, -0.2461 -1.4449 0.2953, -0.2461 -1.4449 0.0591, -0.2461 -1.4449 1.2323, -0.2461 -1.4449 0.7008, -0.1477 -1.4449 1.2323, -0.1477 -1.4449 0.7008, 0.0492 -1.4449 0.2953, 0.0492 -1.4449 0.0591, -0.0492 -1.4449 0.2953, -0.0492 -1.4449 0.0591, -0.0492 -1.4449 1.2323, -0.0492 -1.4449 0.7008, 0.0492 -1.4449 1.2323, 0.0492 -1.4449 0.7008, 0.246 -1.4449 0.2953, 0.246 -1.4449 0.0591, 0.1476 -1.4449 0.2953, 0.1476 -1.4449 0.0591, 0.1476 -1.4449 1.2323, 0.1476 -1.4449 0.7008, 0.246 -1.4449 1.2323, 0.246 -1.4449 0.7008, 0.4429 -1.4449 0.2953, 0.4429 -1.4449 0.0591, 0.3445 -1.4449 0.2953, 0.3445 -1.4449 0.0591, 0.3445 -1.4449 1.2323, 0.3445 -1.4449 0.7008, 0.4429 -1.4449 1.2323, 0.4429 -1.4449 0.7008, 0.6397 -1.4449 0.2953, 0.6397 -1.4449 0.0591, 0.5413 -1.4449 0.2953, 0.5413 -1.4449 0.0591, 0.5413 -1.4449 1.2323, 0.5413 -1.4449 0.7008, 0.6397 -1.4449 1.2323, 0.6397 -1.4449 0.7008, 0.8366 -1.4449 0.2953, 0.8366 -1.4449 0.0591, 0.7382 -1.4449 0.2953, 0.7382 -1.4449 0.0591, 0.7382 -1.4449 1.2323, 0.7382 -1.4449 0.7008, 0.8366 -1.4449 1.2323, 0.8366 -1.4449 0.7008, 1.0334 -1.4449 0.2953, 1.0334 -1.4449 0.0591, 0.935 -1.4449 0.2953, 0.935 -1.4449 0.0591, 0.935 -1.4449 1.2323, 0.935 -1.4449 0.7008, 1.0334 -1.4449 1.2323, 1.0334 -1.4449 0.7008, 1.2303 -1.4449 0.2953, 1.2303 -1.4449 0.0591, 1.1319 -1.4449 0.2953, 1.1319 -1.4449 0.0591, 1.1319 -1.4449 1.2323, 1.1319 -1.4449 0.7008, 1.2303 -1.4449 1.2323, 1.2303 -1.4449 0.7008, 1.4271 -1.4449 0.2953, 1.4271 -1.4449 0.0591, 1.3287 -1.4449 0.2953, 1.3287 -1.4449 0.0591, 1.3287 -1.4449 1.2323, 1.3287 -1.4449 0.7008, 1.4271 -1.4449 1.2323, 1.4271 -1.4449 0.7008, 1.624 -1.4449 0.2953, 1.624 -1.4449 0.0591, 1.5256 -1.4449 0.2953, 1.5256 -1.4449 0.0591, 1.5256 -1.4449 1.2323, 1.5256 -1.4449 0.7008, 1.624 -1.4449 1.2323, 1.624 -1.4449 0.7008, 1.8208 -1.4449 0.2953, 1.8208 -1.4449 0.0591, 1.7224 -1.4449 0.2953, 1.7224 -1.4449 0.0591, 1.7224 -1.4449 1.2323, 1.7224 -1.4449 0.7008, 1.8208 -1.4449 1.2323, 1.8208 -1.4449 0.7008, 2.0177 -1.4449 0.2953, 2.0177 -1.4449 0.0591, 1.9193 -1.4449 0.2953, 1.9193 -1.4449 0.0591, 1.9193 -1.4449 1.2323, 1.9193 -1.4449 0.7008, 2.0177 -1.4449 1.2323, 2.0177 -1.4449 0.7008, 2.2145 -1.4449 0.2953, 2.2145 -1.4449 0.0591, 2.1161 -1.4449 0.2953, 2.1161 -1.4449 0.0591, 2.1161 -1.4449 1.2323, 2.1161 -1.4449 0.7008, 2.2145 -1.4449 1.2323, 2.2145 -1.4449 0.7008, 2.4114 -1.4449 0.2953, 2.4114 -1.4449 0.0591, 2.313 -1.4449 0.2953, 2.313 -1.4449 0.0591, 2.313 -1.4449 1.2323, 2.313 -1.4449 0.7008, 2.4114 -1.4449 1.2323, 2.4114 -1.4449 0.7008, 2.6082 -1.4449 0.2953, 2.6082 -1.4449 0.0591, 2.5098 -1.4449 0.2953, 2.5098 -1.4449 0.0591, 2.5098 -1.4449 1.2323, 2.5098 -1.4449 0.7008, 2.6082 -1.4449 1.2323, 2.6082 -1.4449 0.7008, 2.8051 -1.4449 0.2953, 2.8051 -1.4449 0.0591, 2.7067 -1.4449 0.2953, 2.7067 -1.4449 0.0591, 2.7067 -1.4449 1.2323, 2.7067 -1.4449 0.7008, 2.8051 -1.4449 1.2323, 2.8051 -1.4449 0.7008, 3.0019 -1.4449 0.2953, 3.0019 -1.4449 0.0591, 2.9035 -1.4449 0.2953, 2.9035 -1.4449 0.0591, 2.9035 -1.4449 1.2323, 2.9035 -1.4449 0.7008, 3.0019 -1.4449 1.2323, 3.0019 -1.4449 0.7008, 3.1988 -1.4449 0.2953, 3.1988 -1.4449 0.0591, 3.1004 -1.4449 0.2953, 3.1004 -1.4449 0.0591, 3.1004 -1.4449 1.2323, 3.1004 -1.4449 0.7008, 3.1988 -1.4449 1.2323, 3.1988 -1.4449 0.7008, 3.3956 -1.4449 0.2953, 3.3956 -1.4449 0.0591, 3.2972 -1.4449 0.2953, 3.2972 -1.4449 0.0591, 3.2972 -1.4449 1.2323, 3.2972 -1.4449 0.7008, 3.3956 -1.4449 1.2323, 3.3956 -1.4449 0.7008, 3.5925 -1.4449 0.2953, 3.5925 -1.4449 0.0591, 3.4941 -1.4449 0.2953, 3.4941 -1.4449 0.0591, 3.4941 -1.4449 1.2323, 3.4941 -1.4449 0.7008, 3.5925 -1.4449 1.2323, 3.5925 -1.4449 0.7008
            ]
        }
        coordIndex [
            0,1,2,-1,2,1,3,-1,2,3,4,-1,4,3,5,-1,6,7,8,-1,9,6,3,-1,3,6,8,-1,3,8,5,-1,5,8,10,-1,5,10,11,-1,12,13,1,-1,14,15,0,-1,0,15,16,-1,0,16,1,-1,1,16,17,-1,1,17,12,-1,5,11,4,-1,4,11,18,-1,19,20,21,-1,21,20,22,-1,21,22,23,-1,23,22,24,-1,25,26,27,-1,28,25,22,-1,22,25,27,-1,22,27,24,-1,24,27,29,-1,24,29,30,-1,31,32,20,-1,33,34,19,-1,19,34,35,-1,19,35,20,-1,20,35,36,-1,20,36,31,-1,24,30,23,-1,23,30,37,-1,38,39,40,-1,40,39,41,-1,40,41,42,-1,42,41,43,-1,44,45,46,-1,47,44,41,-1,41,44,46,-1,41,46,43,-1,43,46,48,-1,43,48,49,-1,50,51,39,-1,52,53,38,-1,38,53,54,-1,38,54,39,-1,39,54,55,-1,39,55,50,-1,43,49,42,-1,42,49,56,-1,57,58,59,-1,59,58,60,-1,59,60,61,-1,61,60,62,-1,63,64,65,-1,66,63,60,-1,60,63,65,-1,60,65,62,-1,62,65,67,-1,62,67,68,-1,69,70,58,-1,71,72,57,-1,57,72,73,-1,57,73,58,-1,58,73,74,-1,58,74,69,-1,62,68,61,-1,61,68,75,-1,76,77,78,-1,78,77,79,-1,78,79,80,-1,80,79,81,-1,82,83,84,-1,85,82,79,-1,79,82,84,-1,79,84,81,-1,81,84,86,-1,81,86,87,-1,88,89,77,-1,90,91,76,-1,76,91,92,-1,76,92,77,-1,77,92,93,-1,77,93,88,-1,81,87,80,-1,80,87,94,-1,95,96,97,-1,97,96,98,-1,97,98,99,-1,99,98,100,-1,101,102,103,-1,104,101,98,-1,98,101,103,-1,98,103,100,-1,100,103,105,-1,100,105,106,-1,107,108,96,-1,109,110,95,-1,95,110,111,-1,95,111,96,-1,96,111,112,-1,96,112,107,-1,100,106,99,-1,99,106,113,-1,114,115,116,-1,116,115,117,-1,116,117,118,-1,118,117,119,-1,120,121,122,-1,123,120,117,-1,117,120,122,-1,117,122,119,-1,119,122,124,-1,119,124,125,-1,126,127,115,-1,128,129,114,-1,114,129,130,-1,114,130,115,-1,115,130,131,-1,115,131,126,-1,119,125,118,-1,118,125,132,-1,133,134,135,-1,135,134,136,-1,135,136,137,-1,137,136,138,-1,139,140,141,-1,142,139,136,-1,136,139,141,-1,136,141,138,-1,138,141,143,-1,138,143,144,-1,145,146,134,-1,147,148,133,-1,133,148,149,-1,133,149,134,-1,134,149,150,-1,134,150,145,-1,138,144,137,-1,137,144,151,-1,152,153,154,-1,154,153,155,-1,154,155,156,-1,156,155,157,-1,158,159,160,-1,161,158,155,-1,155,158,160,-1,155,160,157,-1,157,160,162,-1,157,162,163,-1,164,165,153,-1,166,167,152,-1,152,167,168,-1,152,168,153,-1,153,168,169,-1,153,169,164,-1,157,163,156,-1,156,163,170,-1,171,172,173,-1,173,172,174,-1,173,174,175,-1,175,174,176,-1,177,178,179,-1,180,177,174,-1,174,177,179,-1,174,179,176,-1,176,179,181,-1,176,181,182,-1,183,184,172,-1,185,186,171,-1,171,186,187,-1,171,187,172,-1,172,187,188,-1,172,188,183,-1,176,182,175,-1,175,182,189,-1,190,191,192,-1,192,191,193,-1,192,193,194,-1,194,193,195,-1,196,197,198,-1,199,196,193,-1,193,196,198,-1,193,198,195,-1,195,198,200,-1,195,200,201,-1,202,203,191,-1,204,205,190,-1,190,205,206,-1,190,206,191,-1,191,206,207,-1,191,207,202,-1,195,201,194,-1,194,201,208,-1,209,210,211,-1,211,210,212,-1,211,212,213,-1,213,212,214,-1,215,216,217,-1,218,215,212,-1,212,215,217,-1,212,217,214,-1,214,217,219,-1,214,219,220,-1,221,222,210,-1,223,224,209,-1,209,224,225,-1,209,225,210,-1,210,225,226,-1,210,226,221,-1,214,220,213,-1,213,220,227,-1,228,229,230,-1,230,229,231,-1,230,231,232,-1,232,231,233,-1,234,235,236,-1,237,234,231,-1,231,234,236,-1,231,236,233,-1,233,236,238,-1,233,238,239,-1,240,241,229,-1,242,243,228,-1,228,243,244,-1,228,244,229,-1,229,244,245,-1,229,245,240,-1,233,239,232,-1,232,239,246,-1,247,248,249,-1,249,248,250,-1,249,250,251,-1,251,250,252,-1,253,254,255,-1,256,253,250,-1,250,253,255,-1,250,255,252,-1,252,255,257,-1,252,257,258,-1,259,260,248,-1,261,262,247,-1,247,262,263,-1,247,263,248,-1,248,263,264,-1,248,264,259,-1,252,258,251,-1,251,258,265,-1,266,267,268,-1,268,267,269,-1,268,269,270,-1,270,269,271,-1,272,273,274,-1,275,272,269,-1,269,272,274,-1,269,274,271,-1,271,274,276,-1,271,276,277,-1,278,279,267,-1,280,281,266,-1,266,281,282,-1,266,282,267,-1,267,282,283,-1,267,283,278,-1,271,277,270,-1,270,277,284,-1,285,286,287,-1,287,286,288,-1,287,288,289,-1,289,288,290,-1,291,292,293,-1,294,291,288,-1,288,291,293,-1,288,293,290,-1,290,293,295,-1,290,295,296,-1,297,298,286,-1,299,300,285,-1,285,300,301,-1,285,301,286,-1,286,301,302,-1,286,302,297,-1,290,296,289,-1,289,296,303,-1,304,305,306,-1,306,305,307,-1,306,307,308,-1,308,307,309,-1,310,311,312,-1,313,310,307,-1,307,310,312,-1,307,312,309,-1,309,312,314,-1,309,314,315,-1,316,317,305,-1,318,319,304,-1,304,319,320,-1,304,320,305,-1,305,320,321,-1,305,321,316,-1,309,315,308,-1,308,315,322,-1,323,324,325,-1,325,324,326,-1,325,326,327,-1,327,326,328,-1,329,330,331,-1,332,329,326,-1,326,329,331,-1,326,331,328,-1,328,331,333,-1,328,333,334,-1,335,336,324,-1,337,338,323,-1,323,338,339,-1,323,339,324,-1,324,339,340,-1,324,340,335,-1,328,334,327,-1,327,334,341,-1,342,343,344,-1,344,343,345,-1,344,345,346,-1,346,345,347,-1,348,349,350,-1,351,348,345,-1,345,348,350,-1,345,350,347,-1,347,350,352,-1,347,352,353,-1,354,355,343,-1,356,357,342,-1,342,357,358,-1,342,358,343,-1,343,358,359,-1,343,359,354,-1,347,353,346,-1,346,353,360,-1,361,362,363,-1,363,362,364,-1,363,364,365,-1,365,364,366,-1,367,368,369,-1,370,367,364,-1,364,367,369,-1,364,369,366,-1,366,369,371,-1,366,371,372,-1,373,374,362,-1,375,376,361,-1,361,376,377,-1,361,377,362,-1,362,377,378,-1,362,378,373,-1,366,372,365,-1,365,372,379,-1,380,381,382,-1,382,381,383,-1,382,383,384,-1,384,383,385,-1,386,387,388,-1,389,386,383,-1,383,386,388,-1,383,388,385,-1,385,388,390,-1,385,390,391,-1,392,393,381,-1,394,395,380,-1,380,395,396,-1,380,396,381,-1,381,396,397,-1,381,397,392,-1,385,391,384,-1,384,391,398,-1,399,400,401,-1,401,400,402,-1,401,402,403,-1,403,402,404,-1,405,406,407,-1,408,405,402,-1,402,405,407,-1,402,407,404,-1,404,407,409,-1,404,409,410,-1,411,412,400,-1,413,414,399,-1,399,414,415,-1,399,415,400,-1,400,415,416,-1,400,416,411,-1,404,410,403,-1,403,410,417,-1,418,419,420,-1,420,419,421,-1,420,421,422,-1,422,421,423,-1,424,425,426,-1,427,424,421,-1,421,424,426,-1,421,426,423,-1,423,426,428,-1,423,428,429,-1,430,431,419,-1,432,433,418,-1,418,433,434,-1,418,434,419,-1,419,434,435,-1,419,435,430,-1,423,429,422,-1,422,429,436,-1,437,438,439,-1,439,438,440,-1,439,440,441,-1,441,440,442,-1,443,444,445,-1,446,443,440,-1,440,443,445,-1,440,445,442,-1,442,445,447,-1,442,447,448,-1,449,450,438,-1,451,452,437,-1,437,452,453,-1,437,453,438,-1,438,453,454,-1,438,454,449,-1,442,448,441,-1,441,448,455,-1,456,457,458,-1,458,457,459,-1,458,459,460,-1,460,459,461,-1,462,463,464,-1,465,462,459,-1,459,462,464,-1,459,464,461,-1,461,464,466,-1,461,466,467,-1,468,469,457,-1,470,471,456,-1,456,471,472,-1,456,472,457,-1,457,472,473,-1,457,473,468,-1,461,467,460,-1,460,467,474,-1,475,476,477,-1,477,476,478,-1,477,478,479,-1,479,478,480,-1,481,482,483,-1,484,481,478,-1,478,481,483,-1,478,483,480,-1,480,483,485,-1,480,485,486,-1,487,488,476,-1,489,490,475,-1,475,490,491,-1,475,491,476,-1,476,491,492,-1,476,492,487,-1,480,486,479,-1,479,486,493,-1,494,495,496,-1,496,495,497,-1,496,497,498,-1,498,497,499,-1,500,501,502,-1,503,500,497,-1,497,500,502,-1,497,502,499,-1,499,502,504,-1,499,504,505,-1,506,507,495,-1,508,509,494,-1,494,509,510,-1,494,510,495,-1,495,510,511,-1,495,511,506,-1,499,505,498,-1,498,505,512,-1,513,514,515,-1,515,514,516,-1,515,516,517,-1,517,516,518,-1,519,520,521,-1,522,519,516,-1,516,519,521,-1,516,521,518,-1,518,521,523,-1,518,523,524,-1,525,526,514,-1,527,528,513,-1,513,528,529,-1,513,529,514,-1,514,529,530,-1,514,530,525,-1,518,524,517,-1,517,524,531,-1,532,533,534,-1,534,533,535,-1,534,535,536,-1,536,535,537,-1,538,539,540,-1,541,538,535,-1,535,538,540,-1,535,540,537,-1,537,540,542,-1,537,542,543,-1,544,545,533,-1,546,547,532,-1,532,547,548,-1,532,548,533,-1,533,548,549,-1,533,549,544,-1,537,543,536,-1,536,543,550,-1,551,552,553,-1,553,552,554,-1,553,554,555,-1,555,554,556,-1,557,558,559,-1,560,557,554,-1,554,557,559,-1,554,559,556,-1,556,559,561,-1,556,561,562,-1,563,564,552,-1,565,566,551,-1,551,566,567,-1,551,567,552,-1,552,567,568,-1,552,568,563,-1,556,562,555,-1,555,562,569,-1,570,571,572,-1,572,571,573,-1,572,573,574,-1,574,573,575,-1,576,577,578,-1,579,576,573,-1,573,576,578,-1,573,578,575,-1,575,578,580,-1,575,580,581,-1,582,583,571,-1,584,585,570,-1,570,585,586,-1,570,586,571,-1,571,586,587,-1,571,587,582,-1,575,581,574,-1,574,581,588,-1,589,590,591,-1,591,590,592,-1,591,592,593,-1,593,592,594,-1,595,596,597,-1,598,595,592,-1,592,595,597,-1,592,597,594,-1,594,597,599,-1,594,599,600,-1,601,602,590,-1,603,604,589,-1,589,604,605,-1,589,605,590,-1,590,605,606,-1,590,606,601,-1,594,600,593,-1,593,600,607,-1,608,609,610,-1,610,609,611,-1,612,613,614,-1,614,613,615,-1,616,609,617,-1,617,609,608,-1,618,619,620,-1,620,619,621,-1,622,623,624,-1,624,623,625,-1,626,619,627,-1,627,619,618,-1,628,629,630,-1,630,629,631,-1,632,633,634,-1,634,633,635,-1,636,629,637,-1,637,629,628,-1,638,639,640,-1,640,639,641,-1,642,643,644,-1,644,643,645,-1,646,639,647,-1,647,639,638,-1,648,649,650,-1,650,649,651,-1,652,653,654,-1,654,653,655,-1,656,649,657,-1,657,649,648,-1,658,659,660,-1,660,659,661,-1,662,663,664,-1,664,663,665,-1,666,659,667,-1,667,659,658,-1,668,669,670,-1,670,669,671,-1,672,673,674,-1,674,673,675,-1,676,669,677,-1,677,669,668,-1,678,679,680,-1,680,679,681,-1,682,683,684,-1,684,683,685,-1,686,679,687,-1,687,679,678,-1,688,689,690,-1,690,689,691,-1,692,693,694,-1,694,693,695,-1,696,689,697,-1,697,689,688,-1,698,699,700,-1,700,699,701,-1,702,703,704,-1,704,703,705,-1,706,699,707,-1,707,699,698,-1,708,709,710,-1,710,709,711,-1,712,713,714,-1,714,713,715,-1,716,709,717,-1,717,709,708,-1,718,719,720,-1,720,719,721,-1,722,723,724,-1,724,723,725,-1,726,719,727,-1,727,719,718,-1,728,729,730,-1,730,729,731,-1,732,733,734,-1,734,733,735,-1,736,729,737,-1,737,729,728,-1,738,739,740,-1,740,739,741,-1,742,743,744,-1,744,743,745,-1,746,739,747,-1,747,739,738,-1,748,749,750,-1,750,749,751,-1,752,753,754,-1,754,753,755,-1,756,749,757,-1,757,749,748,-1,758,759,760,-1,760,759,761,-1,762,763,764,-1,764,763,765,-1,766,759,767,-1,767,759,758,-1,768,769,770,-1,770,769,771,-1,772,773,774,-1,774,773,775,-1,776,769,777,-1,777,769,768,-1,778,779,780,-1,780,779,781,-1,782,783,784,-1,784,783,785,-1,786,779,787,-1,787,779,778,-1,788,789,790,-1,790,789,791,-1,792,793,794,-1,794,793,795,-1,796,789,797,-1,797,789,788,-1,798,799,800,-1,800,799,801,-1,802,803,804,-1,804,803,805,-1,806,799,807,-1,807,799,798,-1,808,809,810,-1,810,809,811,-1,812,813,814,-1,814,813,815,-1,816,809,817,-1,817,809,808,-1,818,819,820,-1,820,819,821,-1,822,823,824,-1,824,823,825,-1,826,819,827,-1,827,819,818,-1,828,829,830,-1,830,829,831,-1,832,833,834,-1,834,833,835,-1,836,829,837,-1,837,829,828,-1,838,839,840,-1,840,839,841,-1,842,843,844,-1,844,843,845,-1,846,839,847,-1,847,839,838,-1,848,849,850,-1,850,849,851,-1,852,853,854,-1,854,853,855,-1,856,849,857,-1,857,849,848,-1,858,859,860,-1,860,859,861,-1,862,863,864,-1,864,863,865,-1,866,859,867,-1,867,859,858,-1,868,869,870,-1,870,869,871,-1,872,873,874,-1,874,873,875,-1,876,869,877,-1,877,869,868,-1,878,879,880,-1,880,879,881,-1,882,883,884,-1,884,883,885,-1,886,879,887,-1,887,879,878,-1,888,889,890,-1,890,889,891,-1,892,893,894,-1,894,893,895,-1,896,889,897,-1,897,889,888,-1,898,899,900,-1,900,899,901,-1,902,903,904,-1,904,903,905,-1,906,899,907,-1,907,899,898,-1,908,909,910,-1,910,909,911,-1,912,913,914,-1,914,913,915,-1,916,909,917,-1,917,909,908,-1,918,919,920,-1,920,919,921,-1,922,923,924,-1,924,923,925,-1,926,919,927,-1,927,919,918,-1,928,922,929,-1,929,922,924,-1,927,930,926,-1,926,930,931,-1,597,932,599,-1,599,932,933,-1,934,605,935,-1,935,605,604,-1,936,912,937,-1,937,912,914,-1,917,938,916,-1,916,938,939,-1,578,940,580,-1,580,940,941,-1,942,586,943,-1,943,586,585,-1,944,902,945,-1,945,902,904,-1,907,946,906,-1,906,946,947,-1,559,948,561,-1,561,948,949,-1,950,567,951,-1,951,567,566,-1,952,892,953,-1,953,892,894,-1,897,954,896,-1,896,954,955,-1,540,956,542,-1,542,956,957,-1,958,548,959,-1,959,548,547,-1,960,882,961,-1,961,882,884,-1,887,962,886,-1,886,962,963,-1,521,964,523,-1,523,964,965,-1,966,529,967,-1,967,529,528,-1,968,872,969,-1,969,872,874,-1,877,970,876,-1,876,970,971,-1,502,972,504,-1,504,972,973,-1,974,510,975,-1,975,510,509,-1,976,862,977,-1,977,862,864,-1,867,978,866,-1,866,978,979,-1,483,980,485,-1,485,980,981,-1,982,491,983,-1,983,491,490,-1,984,852,985,-1,985,852,854,-1,857,986,856,-1,856,986,987,-1,464,988,466,-1,466,988,989,-1,990,472,991,-1,991,472,471,-1,992,842,993,-1,993,842,844,-1,847,994,846,-1,846,994,995,-1,445,996,447,-1,447,996,997,-1,998,453,999,-1,999,453,452,-1,1000,832,1001,-1,1001,832,834,-1,837,1002,836,-1,836,1002,1003,-1,426,1004,428,-1,428,1004,1005,-1,1006,434,1007,-1,1007,434,433,-1,1008,822,1009,-1,1009,822,824,-1,827,1010,826,-1,826,1010,1011,-1,407,1012,409,-1,409,1012,1013,-1,1014,415,1015,-1,1015,415,414,-1,1016,812,1017,-1,1017,812,814,-1,817,1018,816,-1,816,1018,1019,-1,388,1020,390,-1,390,1020,1021,-1,1022,396,1023,-1,1023,396,395,-1,1024,802,1025,-1,1025,802,804,-1,807,1026,806,-1,806,1026,1027,-1,369,1028,371,-1,371,1028,1029,-1,1030,377,1031,-1,1031,377,376,-1,1032,792,1033,-1,1033,792,794,-1,797,1034,796,-1,796,1034,1035,-1,350,1036,352,-1,352,1036,1037,-1,1038,358,1039,-1,1039,358,357,-1,1040,782,1041,-1,1041,782,784,-1,787,1042,786,-1,786,1042,1043,-1,331,1044,333,-1,333,1044,1045,-1,1046,339,1047,-1,1047,339,338,-1,1048,772,1049,-1,1049,772,774,-1,777,1050,776,-1,776,1050,1051,-1,312,1052,314,-1,314,1052,1053,-1,1054,320,1055,-1,1055,320,319,-1,1056,762,1057,-1,1057,762,764,-1,767,1058,766,-1,766,1058,1059,-1,293,1060,295,-1,295,1060,1061,-1,1062,301,1063,-1,1063,301,300,-1,1064,752,1065,-1,1065,752,754,-1,757,1066,756,-1,756,1066,1067,-1,274,1068,276,-1,276,1068,1069,-1,1070,282,1071,-1,1071,282,281,-1,1072,742,1073,-1,1073,742,744,-1,747,1074,746,-1,746,1074,1075,-1,255,1076,257,-1,257,1076,1077,-1,1078,263,1079,-1,1079,263,262,-1,1080,732,1081,-1,1081,732,734,-1,737,1082,736,-1,736,1082,1083,-1,236,1084,238,-1,238,1084,1085,-1,1086,244,1087,-1,1087,244,243,-1,1088,722,1089,-1,1089,722,724,-1,727,1090,726,-1,726,1090,1091,-1,217,1092,219,-1,219,1092,1093,-1,1094,225,1095,-1,1095,225,224,-1,1096,712,1097,-1,1097,712,714,-1,717,1098,716,-1,716,1098,1099,-1,198,1100,200,-1,200,1100,1101,-1,1102,206,1103,-1,1103,206,205,-1,1104,702,1105,-1,1105,702,704,-1,707,1106,706,-1,706,1106,1107,-1,179,1108,181,-1,181,1108,1109,-1,1110,187,1111,-1,1111,187,186,-1,1112,692,1113,-1,1113,692,694,-1,697,1114,696,-1,696,1114,1115,-1,160,1116,162,-1,162,1116,1117,-1,1118,168,1119,-1,1119,168,167,-1,1120,682,1121,-1,1121,682,684,-1,687,1122,686,-1,686,1122,1123,-1,141,1124,143,-1,143,1124,1125,-1,1126,149,1127,-1,1127,149,148,-1,1128,672,1129,-1,1129,672,674,-1,677,1130,676,-1,676,1130,1131,-1,122,1132,124,-1,124,1132,1133,-1,1134,130,1135,-1,1135,130,129,-1,1136,662,1137,-1,1137,662,664,-1,667,1138,666,-1,666,1138,1139,-1,103,1140,105,-1,105,1140,1141,-1,1142,111,1143,-1,1143,111,110,-1,1144,652,1145,-1,1145,652,654,-1,657,1146,656,-1,656,1146,1147,-1,84,1148,86,-1,86,1148,1149,-1,1150,92,1151,-1,1151,92,91,-1,1152,642,1153,-1,1153,642,644,-1,647,1154,646,-1,646,1154,1155,-1,65,1156,67,-1,67,1156,1157,-1,1158,73,1159,-1,1159,73,72,-1,1160,632,1161,-1,1161,632,634,-1,637,1162,636,-1,636,1162,1163,-1,46,1164,48,-1,48,1164,1165,-1,1166,54,1167,-1,1167,54,53,-1,1168,622,1169,-1,1169,622,624,-1,627,1170,626,-1,626,1170,1171,-1,27,1172,29,-1,29,1172,1173,-1,1174,35,1175,-1,1175,35,34,-1,1176,612,1177,-1,1177,612,614,-1,617,1178,616,-1,616,1178,1179,-1,8,1180,10,-1,10,1180,1181,-1,1182,16,1183,-1,1183,16,15,-1,
        ]
    }
}
Shape{
    appearance Appearance {
        material  Material 	{
            diffuseColor 0.9686274509803922 0.8784313725490196 0.6
            specularColor 0.6784313725490196 0.615686274509804 0.4196078431372549
            ambientIntensity 0.8737
            transparency 0.0
            shininess 0.5
        }
    }
    geometry IndexedFaceSet {
        ccw TRUE
        solid FALSE
        coord DEF co Coordinate {
            point [
                -3.3229 -1.3661 0.0512, -3.3701 -1.3661 0.0512, -3.3229 -1.3661 0.0591, -3.3701 -1.3661 0.0591, -3.3229 -1.3661 0.2953, -3.3701 -1.3661 0.2953, -3.3229 -1.3661 0.7008, -3.3701 -1.3661 0.7008, -3.3701 -1.4253 1.1322, -3.3701 -1.4768 1.0392, -3.3229 -1.4253 1.1322, -3.3229 -1.4768 1.0392, -3.3229 -1.4109 1.1519, -3.3701 -1.4109 1.1519, -3.3229 -1.3921 1.1674, -3.3701 -1.3921 1.1674, -3.3229 -1.3701 1.1779, -3.3701 -1.3701 1.1779, -3.3229 -1.3461 1.1826, -3.3701 -1.3461 1.1826, -3.3701 -0.8938 1.2142, -3.3229 -0.8938 1.2142, -3.3701 -0.837 1.2253, -3.3229 -0.837 1.2253, -3.3701 -0.7847 1.2498, -3.3229 -0.7847 1.2498, -3.3701 -0.7102 1.2966, -3.3229 -0.7102 1.2966, -3.3229 -0.6997 1.3015, -3.3701 -0.6997 1.3015, -3.3229 -0.6884 1.3037, -3.3701 -0.6884 1.3037, -3.3229 -0.6769 1.3032, -3.3701 -0.6769 1.3032, -3.3229 -0.6659 1.2998, -3.3701 -0.6659 1.2998, -3.3229 -0.656 1.2939, -3.3701 -0.656 1.2939, -3.3229 -0.6479 1.2858, -3.3701 -0.6479 1.2858, -3.3701 -0.5897 1.2117, -3.3229 -0.5897 1.2117, -3.3229 -0.5869 1.2069, -3.3701 -0.5869 1.2069, -3.3229 -0.5852 1.2016, -3.3701 -0.5852 1.2016, -3.3229 -0.5848 1.1961, -3.3701 -0.5848 1.1961, -3.3229 -0.5858 1.1906, -3.3701 -0.5858 1.1906, -3.3229 -0.5881 1.1856, -3.3701 -0.5881 1.1856, -3.3229 -0.5915 1.1812, -3.3701 -0.5915 1.1812, -3.3229 -0.5958 1.1777, -3.3701 -0.5958 1.1777, -3.3229 -0.6009 1.1754, -3.3701 -0.6009 1.1754, -3.3229 -0.6063 1.1744, -3.3701 -0.6063 1.1744, -3.3701 -1.2981 1.126, -3.3229 -1.2981 1.126, -3.3701 -1.316 1.1225, -3.3229 -1.316 1.1225, -3.3701 -1.3325 1.1146, -3.3229 -1.3325 1.1146, -3.3701 -1.3465 1.1029, -3.3229 -1.3465 1.1029, -3.3701 -1.3572 1.0881, -3.3229 -1.3572 1.0881, -3.3701 -1.3639 1.0712, -3.3229 -1.3639 1.0712, -3.3701 -1.3661 1.0531, -3.3229 -1.3661 1.0531, -3.3701 -1.3661 0.9961, -3.3229 -1.3661 0.9961, -3.3701 -1.4173 0.0, -3.3229 -1.4173 0.0, -3.3701 -1.6535 0.0, -3.3229 -1.6535 0.0, -3.3701 -1.6535 0.0591, -3.3229 -1.6535 0.0591, -3.3701 -1.4843 0.0591, -3.3229 -1.4843 0.0591, -3.3701 -1.4449 0.0984, -3.3229 -1.4449 0.0984, -3.3701 -1.4449 0.815, -3.3229 -1.4449 0.815, -3.3701 -1.5138 0.815, -3.3229 -1.5138 0.815, -3.3701 -1.5138 0.9232, -3.3229 -1.5138 0.9232, -3.3701 -1.4941 0.9429, -3.3229 -1.4941 0.9429, -3.3701 -1.4941 0.9724, -3.3229 -1.4941 0.9724, -3.3229 -1.4897 1.0069, -3.3701 -1.4897 1.0069, -3.126 -1.3661 0.0512, -3.1732 -1.3661 0.0512, -3.126 -1.3661 0.0591, -3.1732 -1.3661 0.0591, -3.126 -1.3661 0.2953, -3.1732 -1.3661 0.2953, -3.126 -1.3661 0.7008, -3.1732 -1.3661 0.7008, -3.1732 -1.4253 1.1322, -3.1732 -1.4768 1.0392, -3.126 -1.4253 1.1322, -3.126 -1.4768 1.0392, -3.126 -1.4109 1.1519, -3.1732 -1.4109 1.1519, -3.126 -1.3921 1.1674, -3.1732 -1.3921 1.1674, -3.126 -1.3701 1.1779, -3.1732 -1.3701 1.1779, -3.126 -1.3461 1.1826, -3.1732 -1.3461 1.1826, -3.1732 -0.8938 1.2142, -3.126 -0.8938 1.2142, -3.1732 -0.837 1.2253, -3.126 -0.837 1.2253, -3.1732 -0.7847 1.2498, -3.126 -0.7847 1.2498, -3.1732 -0.7102 1.2966, -3.126 -0.7102 1.2966, -3.126 -0.6997 1.3015, -3.1732 -0.6997 1.3015, -3.126 -0.6884 1.3037, -3.1732 -0.6884 1.3037, -3.126 -0.6769 1.3032, -3.1732 -0.6769 1.3032, -3.126 -0.6659 1.2998, -3.1732 -0.6659 1.2998, -3.126 -0.656 1.2939, -3.1732 -0.656 1.2939, -3.126 -0.6479 1.2858, -3.1732 -0.6479 1.2858, -3.1732 -0.5897 1.2117, -3.126 -0.5897 1.2117, -3.126 -0.5869 1.2069, -3.1732 -0.5869 1.2069, -3.126 -0.5852 1.2016, -3.1732 -0.5852 1.2016, -3.126 -0.5848 1.1961, -3.1732 -0.5848 1.1961, -3.126 -0.5858 1.1906, -3.1732 -0.5858 1.1906, -3.126 -0.5881 1.1856, -3.1732 -0.5881 1.1856, -3.126 -0.5915 1.1812, -3.1732 -0.5915 1.1812, -3.126 -0.5958 1.1777, -3.1732 -0.5958 1.1777, -3.126 -0.6009 1.1754, -3.1732 -0.6009 1.1754, -3.126 -0.6063 1.1744, -3.1732 -0.6063 1.1744, -3.1732 -1.2981 1.126, -3.126 -1.2981 1.126, -3.1732 -1.316 1.1225, -3.126 -1.316 1.1225, -3.1732 -1.3325 1.1146, -3.126 -1.3325 1.1146, -3.1732 -1.3465 1.1029, -3.126 -1.3465 1.1029, -3.1732 -1.3572 1.0881, -3.126 -1.3572 1.0881, -3.1732 -1.3639 1.0712, -3.126 -1.3639 1.0712, -3.1732 -1.3661 1.0531, -3.126 -1.3661 1.0531, -3.1732 -1.3661 0.9961, -3.126 -1.3661 0.9961, -3.1732 -1.4173 0.0, -3.126 -1.4173 0.0, -3.1732 -1.6535 0.0, -3.126 -1.6535 0.0, -3.1732 -1.6535 0.0591, -3.126 -1.6535 0.0591, -3.1732 -1.4843 0.0591, -3.126 -1.4843 0.0591, -3.1732 -1.4449 0.0984, -3.126 -1.4449 0.0984, -3.1732 -1.4449 0.815, -3.126 -1.4449 0.815, -3.1732 -1.5138 0.815, -3.126 -1.5138 0.815, -3.1732 -1.5138 0.9232, -3.126 -1.5138 0.9232, -3.1732 -1.4941 0.9429, -3.126 -1.4941 0.9429, -3.1732 -1.4941 0.9724, -3.126 -1.4941 0.9724, -3.126 -1.4897 1.0069, -3.1732 -1.4897 1.0069, -2.9292 -1.3661 0.0512, -2.9764 -1.3661 0.0512, -2.9292 -1.3661 0.0591, -2.9764 -1.3661 0.0591, -2.9292 -1.3661 0.2953, -2.9764 -1.3661 0.2953, -2.9292 -1.3661 0.7008, -2.9764 -1.3661 0.7008, -2.9764 -1.4253 1.1322, -2.9764 -1.4768 1.0392, -2.9292 -1.4253 1.1322, -2.9292 -1.4768 1.0392, -2.9292 -1.4109 1.1519, -2.9764 -1.4109 1.1519, -2.9292 -1.3921 1.1674, -2.9764 -1.3921 1.1674, -2.9292 -1.3701 1.1779, -2.9764 -1.3701 1.1779, -2.9292 -1.3461 1.1826, -2.9764 -1.3461 1.1826, -2.9764 -0.8938 1.2142, -2.9292 -0.8938 1.2142, -2.9764 -0.837 1.2253, -2.9292 -0.837 1.2253, -2.9764 -0.7847 1.2498, -2.9292 -0.7847 1.2498, -2.9764 -0.7102 1.2966, -2.9292 -0.7102 1.2966, -2.9292 -0.6997 1.3015, -2.9764 -0.6997 1.3015, -2.9292 -0.6884 1.3037, -2.9764 -0.6884 1.3037, -2.9292 -0.6769 1.3032, -2.9764 -0.6769 1.3032, -2.9292 -0.6659 1.2998, -2.9764 -0.6659 1.2998, -2.9292 -0.656 1.2939, -2.9764 -0.656 1.2939, -2.9292 -0.6479 1.2858, -2.9764 -0.6479 1.2858, -2.9764 -0.5897 1.2117, -2.9292 -0.5897 1.2117, -2.9292 -0.5869 1.2069, -2.9764 -0.5869 1.2069, -2.9292 -0.5852 1.2016, -2.9764 -0.5852 1.2016, -2.9292 -0.5848 1.1961, -2.9764 -0.5848 1.1961, -2.9292 -0.5858 1.1906, -2.9764 -0.5858 1.1906, -2.9292 -0.5881 1.1856, -2.9764 -0.5881 1.1856, -2.9292 -0.5915 1.1812, -2.9764 -0.5915 1.1812, -2.9292 -0.5958 1.1777, -2.9764 -0.5958 1.1777, -2.9292 -0.6009 1.1754, -2.9764 -0.6009 1.1754, -2.9292 -0.6063 1.1744, -2.9764 -0.6063 1.1744, -2.9764 -1.2981 1.126, -2.9292 -1.2981 1.126, -2.9764 -1.316 1.1225, -2.9292 -1.316 1.1225, -2.9764 -1.3325 1.1146, -2.9292 -1.3325 1.1146, -2.9764 -1.3465 1.1029, -2.9292 -1.3465 1.1029, -2.9764 -1.3572 1.0881, -2.9292 -1.3572 1.0881, -2.9764 -1.3639 1.0712, -2.9292 -1.3639 1.0712, -2.9764 -1.3661 1.0531, -2.9292 -1.3661 1.0531, -2.9764 -1.3661 0.9961, -2.9292 -1.3661 0.9961, -2.9764 -1.4173 0.0, -2.9292 -1.4173 0.0, -2.9764 -1.6535 0.0, -2.9292 -1.6535 0.0, -2.9764 -1.6535 0.0591, -2.9292 -1.6535 0.0591, -2.9764 -1.4843 0.0591, -2.9292 -1.4843 0.0591, -2.9764 -1.4449 0.0984, -2.9292 -1.4449 0.0984, -2.9764 -1.4449 0.815, -2.9292 -1.4449 0.815, -2.9764 -1.5138 0.815, -2.9292 -1.5138 0.815, -2.9764 -1.5138 0.9232, -2.9292 -1.5138 0.9232, -2.9764 -1.4941 0.9429, -2.9292 -1.4941 0.9429, -2.9764 -1.4941 0.9724, -2.9292 -1.4941 0.9724, -2.9292 -1.4897 1.0069, -2.9764 -1.4897 1.0069, -2.7323 -1.3661 0.0512, -2.7795 -1.3661 0.0512, -2.7323 -1.3661 0.0591, -2.7795 -1.3661 0.0591, -2.7323 -1.3661 0.2953, -2.7795 -1.3661 0.2953, -2.7323 -1.3661 0.7008, -2.7795 -1.3661 0.7008, -2.7795 -1.4253 1.1322, -2.7795 -1.4768 1.0392, -2.7323 -1.4253 1.1322, -2.7323 -1.4768 1.0392, -2.7323 -1.4109 1.1519, -2.7795 -1.4109 1.1519, -2.7323 -1.3921 1.1674, -2.7795 -1.3921 1.1674, -2.7323 -1.3701 1.1779, -2.7795 -1.3701 1.1779, -2.7323 -1.3461 1.1826, -2.7795 -1.3461 1.1826, -2.7795 -0.8938 1.2142, -2.7323 -0.8938 1.2142, -2.7795 -0.837 1.2253, -2.7323 -0.837 1.2253, -2.7795 -0.7847 1.2498, -2.7323 -0.7847 1.2498, -2.7795 -0.7102 1.2966, -2.7323 -0.7102 1.2966, -2.7323 -0.6997 1.3015, -2.7795 -0.6997 1.3015, -2.7323 -0.6884 1.3037, -2.7795 -0.6884 1.3037, -2.7323 -0.6769 1.3032, -2.7795 -0.6769 1.3032, -2.7323 -0.6659 1.2998, -2.7795 -0.6659 1.2998, -2.7323 -0.656 1.2939, -2.7795 -0.656 1.2939, -2.7323 -0.6479 1.2858, -2.7795 -0.6479 1.2858, -2.7795 -0.5897 1.2117, -2.7323 -0.5897 1.2117, -2.7323 -0.5869 1.2069, -2.7795 -0.5869 1.2069, -2.7323 -0.5852 1.2016, -2.7795 -0.5852 1.2016, -2.7323 -0.5848 1.1961, -2.7795 -0.5848 1.1961, -2.7323 -0.5858 1.1906, -2.7795 -0.5858 1.1906, -2.7323 -0.5881 1.1856, -2.7795 -0.5881 1.1856, -2.7323 -0.5915 1.1812, -2.7795 -0.5915 1.1812, -2.7323 -0.5958 1.1777, -2.7795 -0.5958 1.1777, -2.7323 -0.6009 1.1754, -2.7795 -0.6009 1.1754, -2.7323 -0.6063 1.1744, -2.7795 -0.6063 1.1744, -2.7795 -1.2981 1.126, -2.7323 -1.2981 1.126, -2.7795 -1.316 1.1225, -2.7323 -1.316 1.1225, -2.7795 -1.3325 1.1146, -2.7323 -1.3325 1.1146, -2.7795 -1.3465 1.1029, -2.7323 -1.3465 1.1029, -2.7795 -1.3572 1.0881, -2.7323 -1.3572 1.0881, -2.7795 -1.3639 1.0712, -2.7323 -1.3639 1.0712, -2.7795 -1.3661 1.0531, -2.7323 -1.3661 1.0531, -2.7795 -1.3661 0.9961, -2.7323 -1.3661 0.9961, -2.7795 -1.4173 0.0, -2.7323 -1.4173 0.0, -2.7795 -1.6535 0.0, -2.7323 -1.6535 0.0, -2.7795 -1.6535 0.0591, -2.7323 -1.6535 0.0591, -2.7795 -1.4843 0.0591, -2.7323 -1.4843 0.0591, -2.7795 -1.4449 0.0984, -2.7323 -1.4449 0.0984, -2.7795 -1.4449 0.815, -2.7323 -1.4449 0.815, -2.7795 -1.5138 0.815, -2.7323 -1.5138 0.815, -2.7795 -1.5138 0.9232, -2.7323 -1.5138 0.9232, -2.7795 -1.4941 0.9429, -2.7323 -1.4941 0.9429, -2.7795 -1.4941 0.9724, -2.7323 -1.4941 0.9724, -2.7323 -1.4897 1.0069, -2.7795 -1.4897 1.0069, -2.5355 -1.3661 0.0512, -2.5827 -1.3661 0.0512, -2.5355 -1.3661 0.0591, -2.5827 -1.3661 0.0591, -2.5355 -1.3661 0.2953, -2.5827 -1.3661 0.2953, -2.5355 -1.3661 0.7008, -2.5827 -1.3661 0.7008, -2.5827 -1.4253 1.1322, -2.5827 -1.4768 1.0392, -2.5355 -1.4253 1.1322, -2.5355 -1.4768 1.0392, -2.5355 -1.4109 1.1519, -2.5827 -1.4109 1.1519, -2.5355 -1.3921 1.1674, -2.5827 -1.3921 1.1674, -2.5355 -1.3701 1.1779, -2.5827 -1.3701 1.1779, -2.5355 -1.3461 1.1826, -2.5827 -1.3461 1.1826, -2.5827 -0.8938 1.2142, -2.5355 -0.8938 1.2142, -2.5827 -0.837 1.2253, -2.5355 -0.837 1.2253, -2.5827 -0.7847 1.2498, -2.5355 -0.7847 1.2498, -2.5827 -0.7102 1.2966, -2.5355 -0.7102 1.2966, -2.5355 -0.6997 1.3015, -2.5827 -0.6997 1.3015, -2.5355 -0.6884 1.3037, -2.5827 -0.6884 1.3037, -2.5355 -0.6769 1.3032, -2.5827 -0.6769 1.3032, -2.5355 -0.6659 1.2998, -2.5827 -0.6659 1.2998, -2.5355 -0.656 1.2939, -2.5827 -0.656 1.2939, -2.5355 -0.6479 1.2858, -2.5827 -0.6479 1.2858, -2.5827 -0.5897 1.2117, -2.5355 -0.5897 1.2117, -2.5355 -0.5869 1.2069, -2.5827 -0.5869 1.2069, -2.5355 -0.5852 1.2016, -2.5827 -0.5852 1.2016, -2.5355 -0.5848 1.1961, -2.5827 -0.5848 1.1961, -2.5355 -0.5858 1.1906, -2.5827 -0.5858 1.1906, -2.5355 -0.5881 1.1856, -2.5827 -0.5881 1.1856, -2.5355 -0.5915 1.1812, -2.5827 -0.5915 1.1812, -2.5355 -0.5958 1.1777, -2.5827 -0.5958 1.1777, -2.5355 -0.6009 1.1754, -2.5827 -0.6009 1.1754, -2.5355 -0.6063 1.1744, -2.5827 -0.6063 1.1744, -2.5827 -1.2981 1.126, -2.5355 -1.2981 1.126, -2.5827 -1.316 1.1225, -2.5355 -1.316 1.1225, -2.5827 -1.3325 1.1146, -2.5355 -1.3325 1.1146, -2.5827 -1.3465 1.1029, -2.5355 -1.3465 1.1029, -2.5827 -1.3572 1.0881, -2.5355 -1.3572 1.0881, -2.5827 -1.3639 1.0712, -2.5355 -1.3639 1.0712, -2.5827 -1.3661 1.0531, -2.5355 -1.3661 1.0531, -2.5827 -1.3661 0.9961, -2.5355 -1.3661 0.9961, -2.5827 -1.4173 0.0, -2.5355 -1.4173 0.0, -2.5827 -1.6535 0.0, -2.5355 -1.6535 0.0, -2.5827 -1.6535 0.0591, -2.5355 -1.6535 0.0591, -2.5827 -1.4843 0.0591, -2.5355 -1.4843 0.0591, -2.5827 -1.4449 0.0984, -2.5355 -1.4449 0.0984, -2.5827 -1.4449 0.815, -2.5355 -1.4449 0.815, -2.5827 -1.5138 0.815, -2.5355 -1.5138 0.815, -2.5827 -1.5138 0.9232, -2.5355 -1.5138 0.9232, -2.5827 -1.4941 0.9429, -2.5355 -1.4941 0.9429, -2.5827 -1.4941 0.9724, -2.5355 -1.4941 0.9724, -2.5355 -1.4897 1.0069, -2.5827 -1.4897 1.0069, -2.3386 -1.3661 0.0512, -2.3858 -1.3661 0.0512, -2.3386 -1.3661 0.0591, -2.3858 -1.3661 0.0591, -2.3386 -1.3661 0.2953, -2.3858 -1.3661 0.2953, -2.3386 -1.3661 0.7008, -2.3858 -1.3661 0.7008, -2.3858 -1.4253 1.1322, -2.3858 -1.4768 1.0392, -2.3386 -1.4253 1.1322, -2.3386 -1.4768 1.0392, -2.3386 -1.4109 1.1519, -2.3858 -1.4109 1.1519, -2.3386 -1.3921 1.1674, -2.3858 -1.3921 1.1674, -2.3386 -1.3701 1.1779, -2.3858 -1.3701 1.1779, -2.3386 -1.3461 1.1826, -2.3858 -1.3461 1.1826, -2.3858 -0.8938 1.2142, -2.3386 -0.8938 1.2142, -2.3858 -0.837 1.2253, -2.3386 -0.837 1.2253, -2.3858 -0.7847 1.2498, -2.3386 -0.7847 1.2498, -2.3858 -0.7102 1.2966, -2.3386 -0.7102 1.2966, -2.3386 -0.6997 1.3015, -2.3858 -0.6997 1.3015, -2.3386 -0.6884 1.3037, -2.3858 -0.6884 1.3037, -2.3386 -0.6769 1.3032, -2.3858 -0.6769 1.3032, -2.3386 -0.6659 1.2998, -2.3858 -0.6659 1.2998, -2.3386 -0.656 1.2939, -2.3858 -0.656 1.2939, -2.3386 -0.6479 1.2858, -2.3858 -0.6479 1.2858, -2.3858 -0.5897 1.2117, -2.3386 -0.5897 1.2117, -2.3386 -0.5869 1.2069, -2.3858 -0.5869 1.2069, -2.3386 -0.5852 1.2016, -2.3858 -0.5852 1.2016, -2.3386 -0.5848 1.1961, -2.3858 -0.5848 1.1961, -2.3386 -0.5858 1.1906, -2.3858 -0.5858 1.1906, -2.3386 -0.5881 1.1856, -2.3858 -0.5881 1.1856, -2.3386 -0.5915 1.1812, -2.3858 -0.5915 1.1812, -2.3386 -0.5958 1.1777, -2.3858 -0.5958 1.1777, -2.3386 -0.6009 1.1754, -2.3858 -0.6009 1.1754, -2.3386 -0.6063 1.1744, -2.3858 -0.6063 1.1744, -2.3858 -1.2981 1.126, -2.3386 -1.2981 1.126, -2.3858 -1.316 1.1225, -2.3386 -1.316 1.1225, -2.3858 -1.3325 1.1146, -2.3386 -1.3325 1.1146, -2.3858 -1.3465 1.1029, -2.3386 -1.3465 1.1029, -2.3858 -1.3572 1.0881, -2.3386 -1.3572 1.0881, -2.3858 -1.3639 1.0712, -2.3386 -1.3639 1.0712, -2.3858 -1.3661 1.0531, -2.3386 -1.3661 1.0531, -2.3858 -1.3661 0.9961, -2.3386 -1.3661 0.9961, -2.3858 -1.4173 0.0, -2.3386 -1.4173 0.0, -2.3858 -1.6535 0.0, -2.3386 -1.6535 0.0, -2.3858 -1.6535 0.0591, -2.3386 -1.6535 0.0591, -2.3858 -1.4843 0.0591, -2.3386 -1.4843 0.0591, -2.3858 -1.4449 0.0984, -2.3386 -1.4449 0.0984, -2.3858 -1.4449 0.815, -2.3386 -1.4449 0.815, -2.3858 -1.5138 0.815, -2.3386 -1.5138 0.815, -2.3858 -1.5138 0.9232, -2.3386 -1.5138 0.9232, -2.3858 -1.4941 0.9429, -2.3386 -1.4941 0.9429, -2.3858 -1.4941 0.9724, -2.3386 -1.4941 0.9724, -2.3386 -1.4897 1.0069, -2.3858 -1.4897 1.0069, -2.1418 -1.3661 0.0512, -2.189 -1.3661 0.0512, -2.1418 -1.3661 0.0591, -2.189 -1.3661 0.0591, -2.1418 -1.3661 0.2953, -2.189 -1.3661 0.2953, -2.1418 -1.3661 0.7008, -2.189 -1.3661 0.7008, -2.189 -1.4253 1.1322, -2.189 -1.4768 1.0392, -2.1418 -1.4253 1.1322, -2.1418 -1.4768 1.0392, -2.1418 -1.4109 1.1519, -2.189 -1.4109 1.1519, -2.1418 -1.3921 1.1674, -2.189 -1.3921 1.1674, -2.1418 -1.3701 1.1779, -2.189 -1.3701 1.1779, -2.1418 -1.3461 1.1826, -2.189 -1.3461 1.1826, -2.189 -0.8938 1.2142, -2.1418 -0.8938 1.2142, -2.189 -0.837 1.2253, -2.1418 -0.837 1.2253, -2.189 -0.7847 1.2498, -2.1418 -0.7847 1.2498, -2.189 -0.7102 1.2966, -2.1418 -0.7102 1.2966, -2.1418 -0.6997 1.3015, -2.189 -0.6997 1.3015, -2.1418 -0.6884 1.3037, -2.189 -0.6884 1.3037, -2.1418 -0.6769 1.3032, -2.189 -0.6769 1.3032, -2.1418 -0.6659 1.2998, -2.189 -0.6659 1.2998, -2.1418 -0.656 1.2939, -2.189 -0.656 1.2939, -2.1418 -0.6479 1.2858, -2.189 -0.6479 1.2858, -2.189 -0.5897 1.2117, -2.1418 -0.5897 1.2117, -2.1418 -0.5869 1.2069, -2.189 -0.5869 1.2069, -2.1418 -0.5852 1.2016, -2.189 -0.5852 1.2016, -2.1418 -0.5848 1.1961, -2.189 -0.5848 1.1961, -2.1418 -0.5858 1.1906, -2.189 -0.5858 1.1906, -2.1418 -0.5881 1.1856, -2.189 -0.5881 1.1856, -2.1418 -0.5915 1.1812, -2.189 -0.5915 1.1812, -2.1418 -0.5958 1.1777, -2.189 -0.5958 1.1777, -2.1418 -0.6009 1.1754, -2.189 -0.6009 1.1754, -2.1418 -0.6063 1.1744, -2.189 -0.6063 1.1744, -2.189 -1.2981 1.126, -2.1418 -1.2981 1.126, -2.189 -1.316 1.1225, -2.1418 -1.316 1.1225, -2.189 -1.3325 1.1146, -2.1418 -1.3325 1.1146, -2.189 -1.3465 1.1029, -2.1418 -1.3465 1.1029, -2.189 -1.3572 1.0881, -2.1418 -1.3572 1.0881, -2.189 -1.3639 1.0712, -2.1418 -1.3639 1.0712, -2.189 -1.3661 1.0531, -2.1418 -1.3661 1.0531, -2.189 -1.3661 0.9961, -2.1418 -1.3661 0.9961, -2.189 -1.4173 0.0, -2.1418 -1.4173 0.0, -2.189 -1.6535 0.0, -2.1418 -1.6535 0.0, -2.189 -1.6535 0.0591, -2.1418 -1.6535 0.0591, -2.189 -1.4843 0.0591, -2.1418 -1.4843 0.0591, -2.189 -1.4449 0.0984, -2.1418 -1.4449 0.0984, -2.189 -1.4449 0.815, -2.1418 -1.4449 0.815, -2.189 -1.5138 0.815, -2.1418 -1.5138 0.815, -2.189 -1.5138 0.9232, -2.1418 -1.5138 0.9232, -2.189 -1.4941 0.9429, -2.1418 -1.4941 0.9429, -2.189 -1.4941 0.9724, -2.1418 -1.4941 0.9724, -2.1418 -1.4897 1.0069, -2.189 -1.4897 1.0069, -1.9449 -1.3661 0.0512, -1.9921 -1.3661 0.0512, -1.9449 -1.3661 0.0591, -1.9921 -1.3661 0.0591, -1.9449 -1.3661 0.2953, -1.9921 -1.3661 0.2953, -1.9449 -1.3661 0.7008, -1.9921 -1.3661 0.7008, -1.9921 -1.4253 1.1322, -1.9921 -1.4768 1.0392, -1.9449 -1.4253 1.1322, -1.9449 -1.4768 1.0392, -1.9449 -1.4109 1.1519, -1.9921 -1.4109 1.1519, -1.9449 -1.3921 1.1674, -1.9921 -1.3921 1.1674, -1.9449 -1.3701 1.1779, -1.9921 -1.3701 1.1779, -1.9449 -1.3461 1.1826, -1.9921 -1.3461 1.1826, -1.9921 -0.8938 1.2142, -1.9449 -0.8938 1.2142, -1.9921 -0.837 1.2253, -1.9449 -0.837 1.2253, -1.9921 -0.7847 1.2498, -1.9449 -0.7847 1.2498, -1.9921 -0.7102 1.2966, -1.9449 -0.7102 1.2966, -1.9449 -0.6997 1.3015, -1.9921 -0.6997 1.3015, -1.9449 -0.6884 1.3037, -1.9921 -0.6884 1.3037, -1.9449 -0.6769 1.3032, -1.9921 -0.6769 1.3032, -1.9449 -0.6659 1.2998, -1.9921 -0.6659 1.2998, -1.9449 -0.656 1.2939, -1.9921 -0.656 1.2939, -1.9449 -0.6479 1.2858, -1.9921 -0.6479 1.2858, -1.9921 -0.5897 1.2117, -1.9449 -0.5897 1.2117, -1.9449 -0.5869 1.2069, -1.9921 -0.5869 1.2069, -1.9449 -0.5852 1.2016, -1.9921 -0.5852 1.2016, -1.9449 -0.5848 1.1961, -1.9921 -0.5848 1.1961, -1.9449 -0.5858 1.1906, -1.9921 -0.5858 1.1906, -1.9449 -0.5881 1.1856, -1.9921 -0.5881 1.1856, -1.9449 -0.5915 1.1812, -1.9921 -0.5915 1.1812, -1.9449 -0.5958 1.1777, -1.9921 -0.5958 1.1777, -1.9449 -0.6009 1.1754, -1.9921 -0.6009 1.1754, -1.9449 -0.6063 1.1744, -1.9921 -0.6063 1.1744, -1.9921 -1.2981 1.126, -1.9449 -1.2981 1.126, -1.9921 -1.316 1.1225, -1.9449 -1.316 1.1225, -1.9921 -1.3325 1.1146, -1.9449 -1.3325 1.1146, -1.9921 -1.3465 1.1029, -1.9449 -1.3465 1.1029, -1.9921 -1.3572 1.0881, -1.9449 -1.3572 1.0881, -1.9921 -1.3639 1.0712, -1.9449 -1.3639 1.0712, -1.9921 -1.3661 1.0531, -1.9449 -1.3661 1.0531, -1.9921 -1.3661 0.9961, -1.9449 -1.3661 0.9961, -1.9921 -1.4173 0.0, -1.9449 -1.4173 0.0, -1.9921 -1.6535 0.0, -1.9449 -1.6535 0.0, -1.9921 -1.6535 0.0591, -1.9449 -1.6535 0.0591, -1.9921 -1.4843 0.0591, -1.9449 -1.4843 0.0591, -1.9921 -1.4449 0.0984, -1.9449 -1.4449 0.0984, -1.9921 -1.4449 0.815, -1.9449 -1.4449 0.815, -1.9921 -1.5138 0.815, -1.9449 -1.5138 0.815, -1.9921 -1.5138 0.9232, -1.9449 -1.5138 0.9232, -1.9921 -1.4941 0.9429, -1.9449 -1.4941 0.9429, -1.9921 -1.4941 0.9724, -1.9449 -1.4941 0.9724, -1.9449 -1.4897 1.0069, -1.9921 -1.4897 1.0069, -1.7481 -1.3661 0.0512, -1.7953 -1.3661 0.0512, -1.7481 -1.3661 0.0591, -1.7953 -1.3661 0.0591, -1.7481 -1.3661 0.2953, -1.7953 -1.3661 0.2953, -1.7481 -1.3661 0.7008, -1.7953 -1.3661 0.7008, -1.7953 -1.4253 1.1322, -1.7953 -1.4768 1.0392, -1.7481 -1.4253 1.1322, -1.7481 -1.4768 1.0392, -1.7481 -1.4109 1.1519, -1.7953 -1.4109 1.1519, -1.7481 -1.3921 1.1674, -1.7953 -1.3921 1.1674, -1.7481 -1.3701 1.1779, -1.7953 -1.3701 1.1779, -1.7481 -1.3461 1.1826, -1.7953 -1.3461 1.1826, -1.7953 -0.8938 1.2142, -1.7481 -0.8938 1.2142, -1.7953 -0.837 1.2253, -1.7481 -0.837 1.2253, -1.7953 -0.7847 1.2498, -1.7481 -0.7847 1.2498, -1.7953 -0.7102 1.2966, -1.7481 -0.7102 1.2966, -1.7481 -0.6997 1.3015, -1.7953 -0.6997 1.3015, -1.7481 -0.6884 1.3037, -1.7953 -0.6884 1.3037, -1.7481 -0.6769 1.3032, -1.7953 -0.6769 1.3032, -1.7481 -0.6659 1.2998, -1.7953 -0.6659 1.2998, -1.7481 -0.656 1.2939, -1.7953 -0.656 1.2939, -1.7481 -0.6479 1.2858, -1.7953 -0.6479 1.2858, -1.7953 -0.5897 1.2117, -1.7481 -0.5897 1.2117, -1.7481 -0.5869 1.2069, -1.7953 -0.5869 1.2069, -1.7481 -0.5852 1.2016, -1.7953 -0.5852 1.2016, -1.7481 -0.5848 1.1961, -1.7953 -0.5848 1.1961, -1.7481 -0.5858 1.1906, -1.7953 -0.5858 1.1906, -1.7481 -0.5881 1.1856, -1.7953 -0.5881 1.1856, -1.7481 -0.5915 1.1812, -1.7953 -0.5915 1.1812, -1.7481 -0.5958 1.1777, -1.7953 -0.5958 1.1777, -1.7481 -0.6009 1.1754, -1.7953 -0.6009 1.1754, -1.7481 -0.6063 1.1744, -1.7953 -0.6063 1.1744, -1.7953 -1.2981 1.126, -1.7481 -1.2981 1.126, -1.7953 -1.316 1.1225, -1.7481 -1.316 1.1225, -1.7953 -1.3325 1.1146, -1.7481 -1.3325 1.1146, -1.7953 -1.3465 1.1029, -1.7481 -1.3465 1.1029, -1.7953 -1.3572 1.0881, -1.7481 -1.3572 1.0881, -1.7953 -1.3639 1.0712, -1.7481 -1.3639 1.0712, -1.7953 -1.3661 1.0531, -1.7481 -1.3661 1.0531, -1.7953 -1.3661 0.9961, -1.7481 -1.3661 0.9961, -1.7953 -1.4173 0.0, -1.7481 -1.4173 0.0, -1.7953 -1.6535 0.0, -1.7481 -1.6535 0.0, -1.7953 -1.6535 0.0591, -1.7481 -1.6535 0.0591, -1.7953 -1.4843 0.0591, -1.7481 -1.4843 0.0591, -1.7953 -1.4449 0.0984, -1.7481 -1.4449 0.0984, -1.7953 -1.4449 0.815, -1.7481 -1.4449 0.815, -1.7953 -1.5138 0.815, -1.7481 -1.5138 0.815, -1.7953 -1.5138 0.9232, -1.7481 -1.5138 0.9232, -1.7953 -1.4941 0.9429, -1.7481 -1.4941 0.9429, -1.7953 -1.4941 0.9724, -1.7481 -1.4941 0.9724, -1.7481 -1.4897 1.0069, -1.7953 -1.4897 1.0069, -1.5512 -1.3661 0.0512, -1.5984 -1.3661 0.0512, -1.5512 -1.3661 0.0591, -1.5984 -1.3661 0.0591, -1.5512 -1.3661 0.2953, -1.5984 -1.3661 0.2953, -1.5512 -1.3661 0.7008, -1.5984 -1.3661 0.7008, -1.5984 -1.4253 1.1322, -1.5984 -1.4768 1.0392, -1.5512 -1.4253 1.1322, -1.5512 -1.4768 1.0392, -1.5512 -1.4109 1.1519, -1.5984 -1.4109 1.1519, -1.5512 -1.3921 1.1674, -1.5984 -1.3921 1.1674, -1.5512 -1.3701 1.1779, -1.5984 -1.3701 1.1779, -1.5512 -1.3461 1.1826, -1.5984 -1.3461 1.1826, -1.5984 -0.8938 1.2142, -1.5512 -0.8938 1.2142, -1.5984 -0.837 1.2253, -1.5512 -0.837 1.2253, -1.5984 -0.7847 1.2498, -1.5512 -0.7847 1.2498, -1.5984 -0.7102 1.2966, -1.5512 -0.7102 1.2966, -1.5512 -0.6997 1.3015, -1.5984 -0.6997 1.3015, -1.5512 -0.6884 1.3037, -1.5984 -0.6884 1.3037, -1.5512 -0.6769 1.3032, -1.5984 -0.6769 1.3032, -1.5512 -0.6659 1.2998, -1.5984 -0.6659 1.2998, -1.5512 -0.656 1.2939, -1.5984 -0.656 1.2939, -1.5512 -0.6479 1.2858, -1.5984 -0.6479 1.2858, -1.5984 -0.5897 1.2117, -1.5512 -0.5897 1.2117, -1.5512 -0.5869 1.2069, -1.5984 -0.5869 1.2069, -1.5512 -0.5852 1.2016, -1.5984 -0.5852 1.2016, -1.5512 -0.5848 1.1961, -1.5984 -0.5848 1.1961, -1.5512 -0.5858 1.1906, -1.5984 -0.5858 1.1906, -1.5512 -0.5881 1.1856, -1.5984 -0.5881 1.1856, -1.5512 -0.5915 1.1812, -1.5984 -0.5915 1.1812, -1.5512 -0.5958 1.1777, -1.5984 -0.5958 1.1777, -1.5512 -0.6009 1.1754, -1.5984 -0.6009 1.1754, -1.5512 -0.6063 1.1744, -1.5984 -0.6063 1.1744, -1.5984 -1.2981 1.126, -1.5512 -1.2981 1.126, -1.5984 -1.316 1.1225, -1.5512 -1.316 1.1225, -1.5984 -1.3325 1.1146, -1.5512 -1.3325 1.1146, -1.5984 -1.3465 1.1029, -1.5512 -1.3465 1.1029, -1.5984 -1.3572 1.0881, -1.5512 -1.3572 1.0881, -1.5984 -1.3639 1.0712, -1.5512 -1.3639 1.0712, -1.5984 -1.3661 1.0531, -1.5512 -1.3661 1.0531, -1.5984 -1.3661 0.9961, -1.5512 -1.3661 0.9961, -1.5984 -1.4173 0.0, -1.5512 -1.4173 0.0, -1.5984 -1.6535 0.0, -1.5512 -1.6535 0.0, -1.5984 -1.6535 0.0591, -1.5512 -1.6535 0.0591, -1.5984 -1.4843 0.0591, -1.5512 -1.4843 0.0591, -1.5984 -1.4449 0.0984, -1.5512 -1.4449 0.0984, -1.5984 -1.4449 0.815, -1.5512 -1.4449 0.815, -1.5984 -1.5138 0.815, -1.5512 -1.5138 0.815, -1.5984 -1.5138 0.9232, -1.5512 -1.5138 0.9232, -1.5984 -1.4941 0.9429, -1.5512 -1.4941 0.9429, -1.5984 -1.4941 0.9724, -1.5512 -1.4941 0.9724, -1.5512 -1.4897 1.0069, -1.5984 -1.4897 1.0069, -0.5669 -1.3661 0.0512, -0.6142 -1.3661 0.0512, -0.5669 -1.3661 0.0591, -0.6142 -1.3661 0.0591, -0.5669 -1.3661 0.2953, -0.6142 -1.3661 0.2953, -0.5669 -1.3661 0.7008, -0.6142 -1.3661 0.7008, -0.6142 -1.4253 1.1322, -0.6142 -1.4768 1.0392, -0.5669 -1.4253 1.1322, -0.5669 -1.4768 1.0392, -0.5669 -1.4109 1.1519, -0.6142 -1.4109 1.1519, -0.5669 -1.3921 1.1674, -0.6142 -1.3921 1.1674, -0.5669 -1.3701 1.1779, -0.6142 -1.3701 1.1779, -0.5669 -1.3461 1.1826, -0.6142 -1.3461 1.1826, -0.6142 -0.8938 1.2142, -0.5669 -0.8938 1.2142, -0.6142 -0.837 1.2253, -0.5669 -0.837 1.2253, -0.6142 -0.7847 1.2498, -0.5669 -0.7847 1.2498, -0.6142 -0.7102 1.2966, -0.5669 -0.7102 1.2966, -0.5669 -0.6997 1.3015, -0.6142 -0.6997 1.3015, -0.5669 -0.6884 1.3037, -0.6142 -0.6884 1.3037, -0.5669 -0.6769 1.3032, -0.6142 -0.6769 1.3032, -0.5669 -0.6659 1.2998, -0.6142 -0.6659 1.2998, -0.5669 -0.656 1.2939, -0.6142 -0.656 1.2939, -0.5669 -0.6479 1.2858, -0.6142 -0.6479 1.2858, -0.6142 -0.5897 1.2117, -0.5669 -0.5897 1.2117, -0.5669 -0.5869 1.2069, -0.6142 -0.5869 1.2069, -0.5669 -0.5852 1.2016, -0.6142 -0.5852 1.2016, -0.5669 -0.5848 1.1961, -0.6142 -0.5848 1.1961, -0.5669 -0.5858 1.1906, -0.6142 -0.5858 1.1906, -0.5669 -0.5881 1.1856, -0.6142 -0.5881 1.1856, -0.5669 -0.5915 1.1812, -0.6142 -0.5915 1.1812, -0.5669 -0.5958 1.1777, -0.6142 -0.5958 1.1777, -0.5669 -0.6009 1.1754, -0.6142 -0.6009 1.1754, -0.5669 -0.6063 1.1744, -0.6142 -0.6063 1.1744, -0.6142 -1.2981 1.126, -0.5669 -1.2981 1.126, -0.6142 -1.316 1.1225, -0.5669 -1.316 1.1225, -0.6142 -1.3325 1.1146, -0.5669 -1.3325 1.1146, -0.6142 -1.3465 1.1029, -0.5669 -1.3465 1.1029, -0.6142 -1.3572 1.0881, -0.5669 -1.3572 1.0881, -0.6142 -1.3639 1.0712, -0.5669 -1.3639 1.0712, -0.6142 -1.3661 1.0531, -0.5669 -1.3661 1.0531, -0.6142 -1.3661 0.9961, -0.5669 -1.3661 0.9961, -0.6142 -1.4173 0.0, -0.5669 -1.4173 0.0, -0.6142 -1.6535 0.0, -0.5669 -1.6535 0.0, -0.6142 -1.6535 0.0591, -0.5669 -1.6535 0.0591, -0.6142 -1.4843 0.0591, -0.5669 -1.4843 0.0591, -0.6142 -1.4449 0.0984, -0.5669 -1.4449 0.0984, -0.6142 -1.4449 0.815, -0.5669 -1.4449 0.815, -0.6142 -1.5138 0.815, -0.5669 -1.5138 0.815, -0.6142 -1.5138 0.9232, -0.5669 -1.5138 0.9232, -0.6142 -1.4941 0.9429, -0.5669 -1.4941 0.9429, -0.6142 -1.4941 0.9724, -0.5669 -1.4941 0.9724, -0.5669 -1.4897 1.0069, -0.6142 -1.4897 1.0069, -0.3701 -1.3661 0.0512, -0.4173 -1.3661 0.0512, -0.3701 -1.3661 0.0591, -0.4173 -1.3661 0.0591, -0.3701 -1.3661 0.2953, -0.4173 -1.3661 0.2953, -0.3701 -1.3661 0.7008, -0.4173 -1.3661 0.7008, -0.4173 -1.4253 1.1322, -0.4173 -1.4768 1.0392, -0.3701 -1.4253 1.1322, -0.3701 -1.4768 1.0392, -0.3701 -1.4109 1.1519, -0.4173 -1.4109 1.1519, -0.3701 -1.3921 1.1674, -0.4173 -1.3921 1.1674, -0.3701 -1.3701 1.1779, -0.4173 -1.3701 1.1779, -0.3701 -1.3461 1.1826, -0.4173 -1.3461 1.1826, -0.4173 -0.8938 1.2142, -0.3701 -0.8938 1.2142, -0.4173 -0.837 1.2253, -0.3701 -0.837 1.2253, -0.4173 -0.7847 1.2498, -0.3701 -0.7847 1.2498, -0.4173 -0.7102 1.2966, -0.3701 -0.7102 1.2966, -0.3701 -0.6997 1.3015, -0.4173 -0.6997 1.3015, -0.3701 -0.6884 1.3037, -0.4173 -0.6884 1.3037, -0.3701 -0.6769 1.3032, -0.4173 -0.6769 1.3032, -0.3701 -0.6659 1.2998, -0.4173 -0.6659 1.2998, -0.3701 -0.656 1.2939, -0.4173 -0.656 1.2939, -0.3701 -0.6479 1.2858, -0.4173 -0.6479 1.2858, -0.4173 -0.5897 1.2117, -0.3701 -0.5897 1.2117, -0.3701 -0.5869 1.2069, -0.4173 -0.5869 1.2069, -0.3701 -0.5852 1.2016, -0.4173 -0.5852 1.2016, -0.3701 -0.5848 1.1961, -0.4173 -0.5848 1.1961, -0.3701 -0.5858 1.1906, -0.4173 -0.5858 1.1906, -0.3701 -0.5881 1.1856, -0.4173 -0.5881 1.1856, -0.3701 -0.5915 1.1812, -0.4173 -0.5915 1.1812, -0.3701 -0.5958 1.1777, -0.4173 -0.5958 1.1777, -0.3701 -0.6009 1.1754, -0.4173 -0.6009 1.1754, -0.3701 -0.6063 1.1744, -0.4173 -0.6063 1.1744, -0.4173 -1.2981 1.126, -0.3701 -1.2981 1.126, -0.4173 -1.316 1.1225, -0.3701 -1.316 1.1225, -0.4173 -1.3325 1.1146, -0.3701 -1.3325 1.1146, -0.4173 -1.3465 1.1029, -0.3701 -1.3465 1.1029, -0.4173 -1.3572 1.0881, -0.3701 -1.3572 1.0881, -0.4173 -1.3639 1.0712, -0.3701 -1.3639 1.0712, -0.4173 -1.3661 1.0531, -0.3701 -1.3661 1.0531, -0.4173 -1.3661 0.9961, -0.3701 -1.3661 0.9961, -0.4173 -1.4173 0.0, -0.3701 -1.4173 0.0, -0.4173 -1.6535 0.0, -0.3701 -1.6535 0.0, -0.4173 -1.6535 0.0591, -0.3701 -1.6535 0.0591, -0.4173 -1.4843 0.0591, -0.3701 -1.4843 0.0591, -0.4173 -1.4449 0.0984, -0.3701 -1.4449 0.0984, -0.4173 -1.4449 0.815, -0.3701 -1.4449 0.815, -0.4173 -1.5138 0.815, -0.3701 -1.5138 0.815, -0.4173 -1.5138 0.9232, -0.3701 -1.5138 0.9232, -0.4173 -1.4941 0.9429, -0.3701 -1.4941 0.9429, -0.4173 -1.4941 0.9724, -0.3701 -1.4941 0.9724, -0.3701 -1.4897 1.0069, -0.4173 -1.4897 1.0069, -0.1732 -1.3661 0.0512, -0.2205 -1.3661 0.0512, -0.1732 -1.3661 0.0591, -0.2205 -1.3661 0.0591, -0.1732 -1.3661 0.2953, -0.2205 -1.3661 0.2953, -0.1732 -1.3661 0.7008, -0.2205 -1.3661 0.7008, -0.2205 -1.4253 1.1322, -0.2205 -1.4768 1.0392, -0.1732 -1.4253 1.1322, -0.1732 -1.4768 1.0392, -0.1732 -1.4109 1.1519, -0.2205 -1.4109 1.1519, -0.1732 -1.3921 1.1674, -0.2205 -1.3921 1.1674, -0.1732 -1.3701 1.1779, -0.2205 -1.3701 1.1779, -0.1732 -1.3461 1.1826, -0.2205 -1.3461 1.1826, -0.2205 -0.8938 1.2142, -0.1732 -0.8938 1.2142, -0.2205 -0.837 1.2253, -0.1732 -0.837 1.2253, -0.2205 -0.7847 1.2498, -0.1732 -0.7847 1.2498, -0.2205 -0.7102 1.2966, -0.1732 -0.7102 1.2966, -0.1732 -0.6997 1.3015, -0.2205 -0.6997 1.3015, -0.1732 -0.6884 1.3037, -0.2205 -0.6884 1.3037, -0.1732 -0.6769 1.3032, -0.2205 -0.6769 1.3032, -0.1732 -0.6659 1.2998, -0.2205 -0.6659 1.2998, -0.1732 -0.656 1.2939, -0.2205 -0.656 1.2939, -0.1732 -0.6479 1.2858, -0.2205 -0.6479 1.2858, -0.2205 -0.5897 1.2117, -0.1732 -0.5897 1.2117, -0.1732 -0.5869 1.2069, -0.2205 -0.5869 1.2069, -0.1732 -0.5852 1.2016, -0.2205 -0.5852 1.2016, -0.1732 -0.5848 1.1961, -0.2205 -0.5848 1.1961, -0.1732 -0.5858 1.1906, -0.2205 -0.5858 1.1906, -0.1732 -0.5881 1.1856, -0.2205 -0.5881 1.1856, -0.1732 -0.5915 1.1812, -0.2205 -0.5915 1.1812, -0.1732 -0.5958 1.1777, -0.2205 -0.5958 1.1777, -0.1732 -0.6009 1.1754, -0.2205 -0.6009 1.1754, -0.1732 -0.6063 1.1744, -0.2205 -0.6063 1.1744, -0.2205 -1.2981 1.126, -0.1732 -1.2981 1.126, -0.2205 -1.316 1.1225, -0.1732 -1.316 1.1225, -0.2205 -1.3325 1.1146, -0.1732 -1.3325 1.1146, -0.2205 -1.3465 1.1029, -0.1732 -1.3465 1.1029, -0.2205 -1.3572 1.0881, -0.1732 -1.3572 1.0881, -0.2205 -1.3639 1.0712, -0.1732 -1.3639 1.0712, -0.2205 -1.3661 1.0531, -0.1732 -1.3661 1.0531, -0.2205 -1.3661 0.9961, -0.1732 -1.3661 0.9961, -0.2205 -1.4173 0.0, -0.1732 -1.4173 0.0, -0.2205 -1.6535 0.0, -0.1732 -1.6535 0.0, -0.2205 -1.6535 0.0591, -0.1732 -1.6535 0.0591, -0.2205 -1.4843 0.0591, -0.1732 -1.4843 0.0591, -0.2205 -1.4449 0.0984, -0.1732 -1.4449 0.0984, -0.2205 -1.4449 0.815, -0.1732 -1.4449 0.815, -0.2205 -1.5138 0.815, -0.1732 -1.5138 0.815, -0.2205 -1.5138 0.9232, -0.1732 -1.5138 0.9232, -0.2205 -1.4941 0.9429, -0.1732 -1.4941 0.9429, -0.2205 -1.4941 0.9724, -0.1732 -1.4941 0.9724, -0.1732 -1.4897 1.0069, -0.2205 -1.4897 1.0069, 0.0236 -1.3661 0.0512, -0.0236 -1.3661 0.0512, 0.0236 -1.3661 0.0591, -0.0236 -1.3661 0.0591, 0.0236 -1.3661 0.2953, -0.0236 -1.3661 0.2953, 0.0236 -1.3661 0.7008, -0.0236 -1.3661 0.7008, -0.0236 -1.4253 1.1322, -0.0236 -1.4768 1.0392, 0.0236 -1.4253 1.1322, 0.0236 -1.4768 1.0392, 0.0236 -1.4109 1.1519, -0.0236 -1.4109 1.1519, 0.0236 -1.3921 1.1674, -0.0236 -1.3921 1.1674, 0.0236 -1.3701 1.1779, -0.0236 -1.3701 1.1779, 0.0236 -1.3461 1.1826, -0.0236 -1.3461 1.1826, -0.0236 -0.8938 1.2142, 0.0236 -0.8938 1.2142, -0.0236 -0.837 1.2253, 0.0236 -0.837 1.2253, -0.0236 -0.7847 1.2498, 0.0236 -0.7847 1.2498, -0.0236 -0.7102 1.2966, 0.0236 -0.7102 1.2966, 0.0236 -0.6997 1.3015, -0.0236 -0.6997 1.3015, 0.0236 -0.6884 1.3037, -0.0236 -0.6884 1.3037, 0.0236 -0.6769 1.3032, -0.0236 -0.6769 1.3032, 0.0236 -0.6659 1.2998, -0.0236 -0.6659 1.2998, 0.0236 -0.656 1.2939, -0.0236 -0.656 1.2939, 0.0236 -0.6479 1.2858, -0.0236 -0.6479 1.2858, -0.0236 -0.5897 1.2117, 0.0236 -0.5897 1.2117, 0.0236 -0.5869 1.2069, -0.0236 -0.5869 1.2069, 0.0236 -0.5852 1.2016, -0.0236 -0.5852 1.2016, 0.0236 -0.5848 1.1961, -0.0236 -0.5848 1.1961, 0.0236 -0.5858 1.1906, -0.0236 -0.5858 1.1906, 0.0236 -0.5881 1.1856, -0.0236 -0.5881 1.1856, 0.0236 -0.5915 1.1812, -0.0236 -0.5915 1.1812, 0.0236 -0.5958 1.1777, -0.0236 -0.5958 1.1777, 0.0236 -0.6009 1.1754, -0.0236 -0.6009 1.1754, 0.0236 -0.6063 1.1744, -0.0236 -0.6063 1.1744, -0.0236 -1.2981 1.126, 0.0236 -1.2981 1.126, -0.0236 -1.316 1.1225, 0.0236 -1.316 1.1225, -0.0236 -1.3325 1.1146, 0.0236 -1.3325 1.1146, -0.0236 -1.3465 1.1029, 0.0236 -1.3465 1.1029, -0.0236 -1.3572 1.0881, 0.0236 -1.3572 1.0881, -0.0236 -1.3639 1.0712, 0.0236 -1.3639 1.0712, -0.0236 -1.3661 1.0531, 0.0236 -1.3661 1.0531, -0.0236 -1.3661 0.9961, 0.0236 -1.3661 0.9961, -0.0236 -1.4173 0.0, 0.0236 -1.4173 0.0, -0.0236 -1.6535 0.0, 0.0236 -1.6535 0.0, -0.0236 -1.6535 0.0591, 0.0236 -1.6535 0.0591, -0.0236 -1.4843 0.0591, 0.0236 -1.4843 0.0591, -0.0236 -1.4449 0.0984, 0.0236 -1.4449 0.0984, -0.0236 -1.4449 0.815, 0.0236 -1.4449 0.815, -0.0236 -1.5138 0.815, 0.0236 -1.5138 0.815, -0.0236 -1.5138 0.9232, 0.0236 -1.5138 0.9232, -0.0236 -1.4941 0.9429, 0.0236 -1.4941 0.9429, -0.0236 -1.4941 0.9724, 0.0236 -1.4941 0.9724, 0.0236 -1.4897 1.0069, -0.0236 -1.4897 1.0069, 0.2205 -1.3661 0.0512, 0.1732 -1.3661 0.0512, 0.2205 -1.3661 0.0591, 0.1732 -1.3661 0.0591, 0.2205 -1.3661 0.2953, 0.1732 -1.3661 0.2953, 0.2205 -1.3661 0.7008, 0.1732 -1.3661 0.7008, 0.1732 -1.4253 1.1322, 0.1732 -1.4768 1.0392, 0.2205 -1.4253 1.1322, 0.2205 -1.4768 1.0392, 0.2205 -1.4109 1.1519, 0.1732 -1.4109 1.1519, 0.2205 -1.3921 1.1674, 0.1732 -1.3921 1.1674, 0.2205 -1.3701 1.1779, 0.1732 -1.3701 1.1779, 0.2205 -1.3461 1.1826, 0.1732 -1.3461 1.1826, 0.1732 -0.8938 1.2142, 0.2205 -0.8938 1.2142, 0.1732 -0.837 1.2253, 0.2205 -0.837 1.2253, 0.1732 -0.7847 1.2498, 0.2205 -0.7847 1.2498, 0.1732 -0.7102 1.2966, 0.2205 -0.7102 1.2966, 0.2205 -0.6997 1.3015, 0.1732 -0.6997 1.3015, 0.2205 -0.6884 1.3037, 0.1732 -0.6884 1.3037, 0.2205 -0.6769 1.3032, 0.1732 -0.6769 1.3032, 0.2205 -0.6659 1.2998, 0.1732 -0.6659 1.2998, 0.2205 -0.656 1.2939, 0.1732 -0.656 1.2939, 0.2205 -0.6479 1.2858, 0.1732 -0.6479 1.2858, 0.1732 -0.5897 1.2117, 0.2205 -0.5897 1.2117, 0.2205 -0.5869 1.2069, 0.1732 -0.5869 1.2069, 0.2205 -0.5852 1.2016, 0.1732 -0.5852 1.2016, 0.2205 -0.5848 1.1961, 0.1732 -0.5848 1.1961, 0.2205 -0.5858 1.1906, 0.1732 -0.5858 1.1906, 0.2205 -0.5881 1.1856, 0.1732 -0.5881 1.1856, 0.2205 -0.5915 1.1812, 0.1732 -0.5915 1.1812, 0.2205 -0.5958 1.1777, 0.1732 -0.5958 1.1777, 0.2205 -0.6009 1.1754, 0.1732 -0.6009 1.1754, 0.2205 -0.6063 1.1744, 0.1732 -0.6063 1.1744, 0.1732 -1.2981 1.126, 0.2205 -1.2981 1.126, 0.1732 -1.316 1.1225, 0.2205 -1.316 1.1225, 0.1732 -1.3325 1.1146, 0.2205 -1.3325 1.1146, 0.1732 -1.3465 1.1029, 0.2205 -1.3465 1.1029, 0.1732 -1.3572 1.0881, 0.2205 -1.3572 1.0881, 0.1732 -1.3639 1.0712, 0.2205 -1.3639 1.0712, 0.1732 -1.3661 1.0531, 0.2205 -1.3661 1.0531, 0.1732 -1.3661 0.9961, 0.2205 -1.3661 0.9961, 0.1732 -1.4173 0.0, 0.2205 -1.4173 0.0, 0.1732 -1.6535 0.0, 0.2205 -1.6535 0.0, 0.1732 -1.6535 0.0591, 0.2205 -1.6535 0.0591, 0.1732 -1.4843 0.0591, 0.2205 -1.4843 0.0591, 0.1732 -1.4449 0.0984, 0.2205 -1.4449 0.0984, 0.1732 -1.4449 0.815, 0.2205 -1.4449 0.815, 0.1732 -1.5138 0.815, 0.2205 -1.5138 0.815, 0.1732 -1.5138 0.9232, 0.2205 -1.5138 0.9232, 0.1732 -1.4941 0.9429, 0.2205 -1.4941 0.9429, 0.1732 -1.4941 0.9724, 0.2205 -1.4941 0.9724, 0.2205 -1.4897 1.0069, 0.1732 -1.4897 1.0069, 0.4173 -1.3661 0.0512, 0.3701 -1.3661 0.0512, 0.4173 -1.3661 0.0591, 0.3701 -1.3661 0.0591, 0.4173 -1.3661 0.2953, 0.3701 -1.3661 0.2953, 0.4173 -1.3661 0.7008, 0.3701 -1.3661 0.7008, 0.3701 -1.4253 1.1322, 0.3701 -1.4768 1.0392, 0.4173 -1.4253 1.1322, 0.4173 -1.4768 1.0392, 0.4173 -1.4109 1.1519, 0.3701 -1.4109 1.1519, 0.4173 -1.3921 1.1674, 0.3701 -1.3921 1.1674, 0.4173 -1.3701 1.1779, 0.3701 -1.3701 1.1779, 0.4173 -1.3461 1.1826, 0.3701 -1.3461 1.1826, 0.3701 -0.8938 1.2142, 0.4173 -0.8938 1.2142, 0.3701 -0.837 1.2253, 0.4173 -0.837 1.2253, 0.3701 -0.7847 1.2498, 0.4173 -0.7847 1.2498, 0.3701 -0.7102 1.2966, 0.4173 -0.7102 1.2966, 0.4173 -0.6997 1.3015, 0.3701 -0.6997 1.3015, 0.4173 -0.6884 1.3037, 0.3701 -0.6884 1.3037, 0.4173 -0.6769 1.3032, 0.3701 -0.6769 1.3032, 0.4173 -0.6659 1.2998, 0.3701 -0.6659 1.2998, 0.4173 -0.656 1.2939, 0.3701 -0.656 1.2939, 0.4173 -0.6479 1.2858, 0.3701 -0.6479 1.2858, 0.3701 -0.5897 1.2117, 0.4173 -0.5897 1.2117, 0.4173 -0.5869 1.2069, 0.3701 -0.5869 1.2069, 0.4173 -0.5852 1.2016, 0.3701 -0.5852 1.2016, 0.4173 -0.5848 1.1961, 0.3701 -0.5848 1.1961, 0.4173 -0.5858 1.1906, 0.3701 -0.5858 1.1906, 0.4173 -0.5881 1.1856, 0.3701 -0.5881 1.1856, 0.4173 -0.5915 1.1812, 0.3701 -0.5915 1.1812, 0.4173 -0.5958 1.1777, 0.3701 -0.5958 1.1777, 0.4173 -0.6009 1.1754, 0.3701 -0.6009 1.1754, 0.4173 -0.6063 1.1744, 0.3701 -0.6063 1.1744, 0.3701 -1.2981 1.126, 0.4173 -1.2981 1.126, 0.3701 -1.316 1.1225, 0.4173 -1.316 1.1225, 0.3701 -1.3325 1.1146, 0.4173 -1.3325 1.1146, 0.3701 -1.3465 1.1029, 0.4173 -1.3465 1.1029, 0.3701 -1.3572 1.0881, 0.4173 -1.3572 1.0881, 0.3701 -1.3639 1.0712, 0.4173 -1.3639 1.0712, 0.3701 -1.3661 1.0531, 0.4173 -1.3661 1.0531, 0.3701 -1.3661 0.9961, 0.4173 -1.3661 0.9961, 0.3701 -1.4173 0.0, 0.4173 -1.4173 0.0, 0.3701 -1.6535 0.0, 0.4173 -1.6535 0.0, 0.3701 -1.6535 0.0591, 0.4173 -1.6535 0.0591, 0.3701 -1.4843 0.0591, 0.4173 -1.4843 0.0591, 0.3701 -1.4449 0.0984, 0.4173 -1.4449 0.0984, 0.3701 -1.4449 0.815, 0.4173 -1.4449 0.815, 0.3701 -1.5138 0.815, 0.4173 -1.5138 0.815, 0.3701 -1.5138 0.9232, 0.4173 -1.5138 0.9232, 0.3701 -1.4941 0.9429, 0.4173 -1.4941 0.9429, 0.3701 -1.4941 0.9724, 0.4173 -1.4941 0.9724, 0.4173 -1.4897 1.0069, 0.3701 -1.4897 1.0069, 0.6142 -1.3661 0.0512, 0.5669 -1.3661 0.0512, 0.6142 -1.3661 0.0591, 0.5669 -1.3661 0.0591, 0.6142 -1.3661 0.2953, 0.5669 -1.3661 0.2953, 0.6142 -1.3661 0.7008, 0.5669 -1.3661 0.7008, 0.5669 -1.4253 1.1322, 0.5669 -1.4768 1.0392, 0.6142 -1.4253 1.1322, 0.6142 -1.4768 1.0392, 0.6142 -1.4109 1.1519, 0.5669 -1.4109 1.1519, 0.6142 -1.3921 1.1674, 0.5669 -1.3921 1.1674, 0.6142 -1.3701 1.1779, 0.5669 -1.3701 1.1779, 0.6142 -1.3461 1.1826, 0.5669 -1.3461 1.1826, 0.5669 -0.8938 1.2142, 0.6142 -0.8938 1.2142, 0.5669 -0.837 1.2253, 0.6142 -0.837 1.2253, 0.5669 -0.7847 1.2498, 0.6142 -0.7847 1.2498, 0.5669 -0.7102 1.2966, 0.6142 -0.7102 1.2966, 0.6142 -0.6997 1.3015, 0.5669 -0.6997 1.3015, 0.6142 -0.6884 1.3037, 0.5669 -0.6884 1.3037, 0.6142 -0.6769 1.3032, 0.5669 -0.6769 1.3032, 0.6142 -0.6659 1.2998, 0.5669 -0.6659 1.2998, 0.6142 -0.656 1.2939, 0.5669 -0.656 1.2939, 0.6142 -0.6479 1.2858, 0.5669 -0.6479 1.2858, 0.5669 -0.5897 1.2117, 0.6142 -0.5897 1.2117, 0.6142 -0.5869 1.2069, 0.5669 -0.5869 1.2069, 0.6142 -0.5852 1.2016, 0.5669 -0.5852 1.2016, 0.6142 -0.5848 1.1961, 0.5669 -0.5848 1.1961, 0.6142 -0.5858 1.1906, 0.5669 -0.5858 1.1906, 0.6142 -0.5881 1.1856, 0.5669 -0.5881 1.1856, 0.6142 -0.5915 1.1812, 0.5669 -0.5915 1.1812, 0.6142 -0.5958 1.1777, 0.5669 -0.5958 1.1777, 0.6142 -0.6009 1.1754, 0.5669 -0.6009 1.1754, 0.6142 -0.6063 1.1744, 0.5669 -0.6063 1.1744, 0.5669 -1.2981 1.126, 0.6142 -1.2981 1.126, 0.5669 -1.316 1.1225, 0.6142 -1.316 1.1225, 0.5669 -1.3325 1.1146, 0.6142 -1.3325 1.1146, 0.5669 -1.3465 1.1029, 0.6142 -1.3465 1.1029, 0.5669 -1.3572 1.0881, 0.6142 -1.3572 1.0881, 0.5669 -1.3639 1.0712, 0.6142 -1.3639 1.0712, 0.5669 -1.3661 1.0531, 0.6142 -1.3661 1.0531, 0.5669 -1.3661 0.9961, 0.6142 -1.3661 0.9961, 0.5669 -1.4173 0.0, 0.6142 -1.4173 0.0, 0.5669 -1.6535 0.0, 0.6142 -1.6535 0.0, 0.5669 -1.6535 0.0591, 0.6142 -1.6535 0.0591, 0.5669 -1.4843 0.0591, 0.6142 -1.4843 0.0591, 0.5669 -1.4449 0.0984, 0.6142 -1.4449 0.0984, 0.5669 -1.4449 0.815, 0.6142 -1.4449 0.815, 0.5669 -1.5138 0.815, 0.6142 -1.5138 0.815, 0.5669 -1.5138 0.9232, 0.6142 -1.5138 0.9232, 0.5669 -1.4941 0.9429, 0.6142 -1.4941 0.9429, 0.5669 -1.4941 0.9724, 0.6142 -1.4941 0.9724, 0.6142 -1.4897 1.0069, 0.5669 -1.4897 1.0069, 0.811 -1.3661 0.0512, 0.7638 -1.3661 0.0512, 0.811 -1.3661 0.0591, 0.7638 -1.3661 0.0591, 0.811 -1.3661 0.2953, 0.7638 -1.3661 0.2953, 0.811 -1.3661 0.7008, 0.7638 -1.3661 0.7008, 0.7638 -1.4253 1.1322, 0.7638 -1.4768 1.0392, 0.811 -1.4253 1.1322, 0.811 -1.4768 1.0392, 0.811 -1.4109 1.1519, 0.7638 -1.4109 1.1519, 0.811 -1.3921 1.1674, 0.7638 -1.3921 1.1674, 0.811 -1.3701 1.1779, 0.7638 -1.3701 1.1779, 0.811 -1.3461 1.1826, 0.7638 -1.3461 1.1826, 0.7638 -0.8938 1.2142, 0.811 -0.8938 1.2142, 0.7638 -0.837 1.2253, 0.811 -0.837 1.2253, 0.7638 -0.7847 1.2498, 0.811 -0.7847 1.2498, 0.7638 -0.7102 1.2966, 0.811 -0.7102 1.2966, 0.811 -0.6997 1.3015, 0.7638 -0.6997 1.3015, 0.811 -0.6884 1.3037, 0.7638 -0.6884 1.3037, 0.811 -0.6769 1.3032, 0.7638 -0.6769 1.3032, 0.811 -0.6659 1.2998, 0.7638 -0.6659 1.2998, 0.811 -0.656 1.2939, 0.7638 -0.656 1.2939, 0.811 -0.6479 1.2858, 0.7638 -0.6479 1.2858, 0.7638 -0.5897 1.2117, 0.811 -0.5897 1.2117, 0.811 -0.5869 1.2069, 0.7638 -0.5869 1.2069, 0.811 -0.5852 1.2016, 0.7638 -0.5852 1.2016, 0.811 -0.5848 1.1961, 0.7638 -0.5848 1.1961, 0.811 -0.5858 1.1906, 0.7638 -0.5858 1.1906, 0.811 -0.5881 1.1856, 0.7638 -0.5881 1.1856, 0.811 -0.5915 1.1812, 0.7638 -0.5915 1.1812, 0.811 -0.5958 1.1777, 0.7638 -0.5958 1.1777, 0.811 -0.6009 1.1754, 0.7638 -0.6009 1.1754, 0.811 -0.6063 1.1744, 0.7638 -0.6063 1.1744, 0.7638 -1.2981 1.126, 0.811 -1.2981 1.126, 0.7638 -1.316 1.1225, 0.811 -1.316 1.1225, 0.7638 -1.3325 1.1146, 0.811 -1.3325 1.1146, 0.7638 -1.3465 1.1029, 0.811 -1.3465 1.1029, 0.7638 -1.3572 1.0881, 0.811 -1.3572 1.0881, 0.7638 -1.3639 1.0712, 0.811 -1.3639 1.0712, 0.7638 -1.3661 1.0531, 0.811 -1.3661 1.0531, 0.7638 -1.3661 0.9961, 0.811 -1.3661 0.9961, 0.7638 -1.4173 0.0, 0.811 -1.4173 0.0, 0.7638 -1.6535 0.0, 0.811 -1.6535 0.0, 0.7638 -1.6535 0.0591, 0.811 -1.6535 0.0591, 0.7638 -1.4843 0.0591, 0.811 -1.4843 0.0591, 0.7638 -1.4449 0.0984, 0.811 -1.4449 0.0984, 0.7638 -1.4449 0.815, 0.811 -1.4449 0.815, 0.7638 -1.5138 0.815, 0.811 -1.5138 0.815, 0.7638 -1.5138 0.9232, 0.811 -1.5138 0.9232, 0.7638 -1.4941 0.9429, 0.811 -1.4941 0.9429, 0.7638 -1.4941 0.9724, 0.811 -1.4941 0.9724, 0.811 -1.4897 1.0069, 0.7638 -1.4897 1.0069, 1.0079 -1.3661 0.0512, 0.9606 -1.3661 0.0512, 1.0079 -1.3661 0.0591, 0.9606 -1.3661 0.0591, 1.0079 -1.3661 0.2953, 0.9606 -1.3661 0.2953, 1.0079 -1.3661 0.7008, 0.9606 -1.3661 0.7008, 0.9606 -1.4253 1.1322, 0.9606 -1.4768 1.0392, 1.0079 -1.4253 1.1322, 1.0079 -1.4768 1.0392, 1.0079 -1.4109 1.1519, 0.9606 -1.4109 1.1519, 1.0079 -1.3921 1.1674, 0.9606 -1.3921 1.1674, 1.0079 -1.3701 1.1779, 0.9606 -1.3701 1.1779, 1.0079 -1.3461 1.1826, 0.9606 -1.3461 1.1826, 0.9606 -0.8938 1.2142, 1.0079 -0.8938 1.2142, 0.9606 -0.837 1.2253, 1.0079 -0.837 1.2253, 0.9606 -0.7847 1.2498, 1.0079 -0.7847 1.2498, 0.9606 -0.7102 1.2966, 1.0079 -0.7102 1.2966, 1.0079 -0.6997 1.3015, 0.9606 -0.6997 1.3015, 1.0079 -0.6884 1.3037, 0.9606 -0.6884 1.3037, 1.0079 -0.6769 1.3032, 0.9606 -0.6769 1.3032, 1.0079 -0.6659 1.2998, 0.9606 -0.6659 1.2998, 1.0079 -0.656 1.2939, 0.9606 -0.656 1.2939, 1.0079 -0.6479 1.2858, 0.9606 -0.6479 1.2858, 0.9606 -0.5897 1.2117, 1.0079 -0.5897 1.2117, 1.0079 -0.5869 1.2069, 0.9606 -0.5869 1.2069, 1.0079 -0.5852 1.2016, 0.9606 -0.5852 1.2016, 1.0079 -0.5848 1.1961, 0.9606 -0.5848 1.1961, 1.0079 -0.5858 1.1906, 0.9606 -0.5858 1.1906, 1.0079 -0.5881 1.1856, 0.9606 -0.5881 1.1856, 1.0079 -0.5915 1.1812, 0.9606 -0.5915 1.1812, 1.0079 -0.5958 1.1777, 0.9606 -0.5958 1.1777, 1.0079 -0.6009 1.1754, 0.9606 -0.6009 1.1754, 1.0079 -0.6063 1.1744, 0.9606 -0.6063 1.1744, 0.9606 -1.2981 1.126, 1.0079 -1.2981 1.126, 0.9606 -1.316 1.1225, 1.0079 -1.316 1.1225, 0.9606 -1.3325 1.1146, 1.0079 -1.3325 1.1146, 0.9606 -1.3465 1.1029, 1.0079 -1.3465 1.1029, 0.9606 -1.3572 1.0881, 1.0079 -1.3572 1.0881, 0.9606 -1.3639 1.0712, 1.0079 -1.3639 1.0712, 0.9606 -1.3661 1.0531, 1.0079 -1.3661 1.0531, 0.9606 -1.3661 0.9961, 1.0079 -1.3661 0.9961, 0.9606 -1.4173 0.0, 1.0079 -1.4173 0.0, 0.9606 -1.6535 0.0, 1.0079 -1.6535 0.0, 0.9606 -1.6535 0.0591, 1.0079 -1.6535 0.0591, 0.9606 -1.4843 0.0591, 1.0079 -1.4843 0.0591, 0.9606 -1.4449 0.0984, 1.0079 -1.4449 0.0984, 0.9606 -1.4449 0.815, 1.0079 -1.4449 0.815, 0.9606 -1.5138 0.815, 1.0079 -1.5138 0.815, 0.9606 -1.5138 0.9232, 1.0079 -1.5138 0.9232, 0.9606 -1.4941 0.9429, 1.0079 -1.4941 0.9429, 0.9606 -1.4941 0.9724, 1.0079 -1.4941 0.9724, 1.0079 -1.4897 1.0069, 0.9606 -1.4897 1.0069, 1.2047 -1.3661 0.0512, 1.1575 -1.3661 0.0512, 1.2047 -1.3661 0.0591, 1.1575 -1.3661 0.0591, 1.2047 -1.3661 0.2953, 1.1575 -1.3661 0.2953, 1.2047 -1.3661 0.7008, 1.1575 -1.3661 0.7008, 1.1575 -1.4253 1.1322, 1.1575 -1.4768 1.0392, 1.2047 -1.4253 1.1322, 1.2047 -1.4768 1.0392, 1.2047 -1.4109 1.1519, 1.1575 -1.4109 1.1519, 1.2047 -1.3921 1.1674, 1.1575 -1.3921 1.1674, 1.2047 -1.3701 1.1779, 1.1575 -1.3701 1.1779, 1.2047 -1.3461 1.1826, 1.1575 -1.3461 1.1826, 1.1575 -0.8938 1.2142, 1.2047 -0.8938 1.2142, 1.1575 -0.837 1.2253, 1.2047 -0.837 1.2253, 1.1575 -0.7847 1.2498, 1.2047 -0.7847 1.2498, 1.1575 -0.7102 1.2966, 1.2047 -0.7102 1.2966, 1.2047 -0.6997 1.3015, 1.1575 -0.6997 1.3015, 1.2047 -0.6884 1.3037, 1.1575 -0.6884 1.3037, 1.2047 -0.6769 1.3032, 1.1575 -0.6769 1.3032, 1.2047 -0.6659 1.2998, 1.1575 -0.6659 1.2998, 1.2047 -0.656 1.2939, 1.1575 -0.656 1.2939, 1.2047 -0.6479 1.2858, 1.1575 -0.6479 1.2858, 1.1575 -0.5897 1.2117, 1.2047 -0.5897 1.2117, 1.2047 -0.5869 1.2069, 1.1575 -0.5869 1.2069, 1.2047 -0.5852 1.2016, 1.1575 -0.5852 1.2016, 1.2047 -0.5848 1.1961, 1.1575 -0.5848 1.1961, 1.2047 -0.5858 1.1906, 1.1575 -0.5858 1.1906, 1.2047 -0.5881 1.1856, 1.1575 -0.5881 1.1856, 1.2047 -0.5915 1.1812, 1.1575 -0.5915 1.1812, 1.2047 -0.5958 1.1777, 1.1575 -0.5958 1.1777, 1.2047 -0.6009 1.1754, 1.1575 -0.6009 1.1754, 1.2047 -0.6063 1.1744, 1.1575 -0.6063 1.1744, 1.1575 -1.2981 1.126, 1.2047 -1.2981 1.126, 1.1575 -1.316 1.1225, 1.2047 -1.316 1.1225, 1.1575 -1.3325 1.1146, 1.2047 -1.3325 1.1146, 1.1575 -1.3465 1.1029, 1.2047 -1.3465 1.1029, 1.1575 -1.3572 1.0881, 1.2047 -1.3572 1.0881, 1.1575 -1.3639 1.0712, 1.2047 -1.3639 1.0712, 1.1575 -1.3661 1.0531, 1.2047 -1.3661 1.0531, 1.1575 -1.3661 0.9961, 1.2047 -1.3661 0.9961, 1.1575 -1.4173 0.0, 1.2047 -1.4173 0.0, 1.1575 -1.6535 0.0, 1.2047 -1.6535 0.0, 1.1575 -1.6535 0.0591, 1.2047 -1.6535 0.0591, 1.1575 -1.4843 0.0591, 1.2047 -1.4843 0.0591, 1.1575 -1.4449 0.0984, 1.2047 -1.4449 0.0984, 1.1575 -1.4449 0.815, 1.2047 -1.4449 0.815, 1.1575 -1.5138 0.815, 1.2047 -1.5138 0.815, 1.1575 -1.5138 0.9232, 1.2047 -1.5138 0.9232, 1.1575 -1.4941 0.9429, 1.2047 -1.4941 0.9429, 1.1575 -1.4941 0.9724, 1.2047 -1.4941 0.9724, 1.2047 -1.4897 1.0069, 1.1575 -1.4897 1.0069, 1.4016 -1.3661 0.0512, 1.3543 -1.3661 0.0512, 1.4016 -1.3661 0.0591, 1.3543 -1.3661 0.0591, 1.4016 -1.3661 0.2953, 1.3543 -1.3661 0.2953, 1.4016 -1.3661 0.7008, 1.3543 -1.3661 0.7008, 1.3543 -1.4253 1.1322, 1.3543 -1.4768 1.0392, 1.4016 -1.4253 1.1322, 1.4016 -1.4768 1.0392, 1.4016 -1.4109 1.1519, 1.3543 -1.4109 1.1519, 1.4016 -1.3921 1.1674, 1.3543 -1.3921 1.1674, 1.4016 -1.3701 1.1779, 1.3543 -1.3701 1.1779, 1.4016 -1.3461 1.1826, 1.3543 -1.3461 1.1826, 1.3543 -0.8938 1.2142, 1.4016 -0.8938 1.2142, 1.3543 -0.837 1.2253, 1.4016 -0.837 1.2253, 1.3543 -0.7847 1.2498, 1.4016 -0.7847 1.2498, 1.3543 -0.7102 1.2966, 1.4016 -0.7102 1.2966, 1.4016 -0.6997 1.3015, 1.3543 -0.6997 1.3015, 1.4016 -0.6884 1.3037, 1.3543 -0.6884 1.3037, 1.4016 -0.6769 1.3032, 1.3543 -0.6769 1.3032, 1.4016 -0.6659 1.2998, 1.3543 -0.6659 1.2998, 1.4016 -0.656 1.2939, 1.3543 -0.656 1.2939, 1.4016 -0.6479 1.2858, 1.3543 -0.6479 1.2858, 1.3543 -0.5897 1.2117, 1.4016 -0.5897 1.2117, 1.4016 -0.5869 1.2069, 1.3543 -0.5869 1.2069, 1.4016 -0.5852 1.2016, 1.3543 -0.5852 1.2016, 1.4016 -0.5848 1.1961, 1.3543 -0.5848 1.1961, 1.4016 -0.5858 1.1906, 1.3543 -0.5858 1.1906, 1.4016 -0.5881 1.1856, 1.3543 -0.5881 1.1856, 1.4016 -0.5915 1.1812, 1.3543 -0.5915 1.1812, 1.4016 -0.5958 1.1777, 1.3543 -0.5958 1.1777, 1.4016 -0.6009 1.1754, 1.3543 -0.6009 1.1754, 1.4016 -0.6063 1.1744, 1.3543 -0.6063 1.1744, 1.3543 -1.2981 1.126, 1.4016 -1.2981 1.126, 1.3543 -1.316 1.1225, 1.4016 -1.316 1.1225, 1.3543 -1.3325 1.1146, 1.4016 -1.3325 1.1146, 1.3543 -1.3465 1.1029, 1.4016 -1.3465 1.1029, 1.3543 -1.3572 1.0881, 1.4016 -1.3572 1.0881, 1.3543 -1.3639 1.0712, 1.4016 -1.3639 1.0712, 1.3543 -1.3661 1.0531, 1.4016 -1.3661 1.0531, 1.3543 -1.3661 0.9961, 1.4016 -1.3661 0.9961, 1.3543 -1.4173 0.0, 1.4016 -1.4173 0.0, 1.3543 -1.6535 0.0, 1.4016 -1.6535 0.0, 1.3543 -1.6535 0.0591, 1.4016 -1.6535 0.0591, 1.3543 -1.4843 0.0591, 1.4016 -1.4843 0.0591, 1.3543 -1.4449 0.0984, 1.4016 -1.4449 0.0984, 1.3543 -1.4449 0.815, 1.4016 -1.4449 0.815, 1.3543 -1.5138 0.815, 1.4016 -1.5138 0.815, 1.3543 -1.5138 0.9232, 1.4016 -1.5138 0.9232, 1.3543 -1.4941 0.9429, 1.4016 -1.4941 0.9429, 1.3543 -1.4941 0.9724, 1.4016 -1.4941 0.9724, 1.4016 -1.4897 1.0069, 1.3543 -1.4897 1.0069, 1.5984 -1.3661 0.0512, 1.5512 -1.3661 0.0512, 1.5984 -1.3661 0.0591, 1.5512 -1.3661 0.0591, 1.5984 -1.3661 0.2953, 1.5512 -1.3661 0.2953, 1.5984 -1.3661 0.7008, 1.5512 -1.3661 0.7008, 1.5512 -1.4253 1.1322, 1.5512 -1.4768 1.0392, 1.5984 -1.4253 1.1322, 1.5984 -1.4768 1.0392, 1.5984 -1.4109 1.1519, 1.5512 -1.4109 1.1519, 1.5984 -1.3921 1.1674, 1.5512 -1.3921 1.1674, 1.5984 -1.3701 1.1779, 1.5512 -1.3701 1.1779, 1.5984 -1.3461 1.1826, 1.5512 -1.3461 1.1826, 1.5512 -0.8938 1.2142, 1.5984 -0.8938 1.2142, 1.5512 -0.837 1.2253, 1.5984 -0.837 1.2253, 1.5512 -0.7847 1.2498, 1.5984 -0.7847 1.2498, 1.5512 -0.7102 1.2966, 1.5984 -0.7102 1.2966, 1.5984 -0.6997 1.3015, 1.5512 -0.6997 1.3015, 1.5984 -0.6884 1.3037, 1.5512 -0.6884 1.3037, 1.5984 -0.6769 1.3032, 1.5512 -0.6769 1.3032, 1.5984 -0.6659 1.2998, 1.5512 -0.6659 1.2998, 1.5984 -0.656 1.2939, 1.5512 -0.656 1.2939, 1.5984 -0.6479 1.2858, 1.5512 -0.6479 1.2858, 1.5512 -0.5897 1.2117, 1.5984 -0.5897 1.2117, 1.5984 -0.5869 1.2069, 1.5512 -0.5869 1.2069, 1.5984 -0.5852 1.2016, 1.5512 -0.5852 1.2016, 1.5984 -0.5848 1.1961, 1.5512 -0.5848 1.1961, 1.5984 -0.5858 1.1906, 1.5512 -0.5858 1.1906, 1.5984 -0.5881 1.1856, 1.5512 -0.5881 1.1856, 1.5984 -0.5915 1.1812, 1.5512 -0.5915 1.1812, 1.5984 -0.5958 1.1777, 1.5512 -0.5958 1.1777, 1.5984 -0.6009 1.1754, 1.5512 -0.6009 1.1754, 1.5984 -0.6063 1.1744, 1.5512 -0.6063 1.1744, 1.5512 -1.2981 1.126, 1.5984 -1.2981 1.126, 1.5512 -1.316 1.1225, 1.5984 -1.316 1.1225, 1.5512 -1.3325 1.1146, 1.5984 -1.3325 1.1146, 1.5512 -1.3465 1.1029, 1.5984 -1.3465 1.1029, 1.5512 -1.3572 1.0881, 1.5984 -1.3572 1.0881, 1.5512 -1.3639 1.0712, 1.5984 -1.3639 1.0712, 1.5512 -1.3661 1.0531, 1.5984 -1.3661 1.0531, 1.5512 -1.3661 0.9961, 1.5984 -1.3661 0.9961, 1.5512 -1.4173 0.0, 1.5984 -1.4173 0.0, 1.5512 -1.6535 0.0, 1.5984 -1.6535 0.0, 1.5512 -1.6535 0.0591, 1.5984 -1.6535 0.0591, 1.5512 -1.4843 0.0591, 1.5984 -1.4843 0.0591, 1.5512 -1.4449 0.0984, 1.5984 -1.4449 0.0984, 1.5512 -1.4449 0.815, 1.5984 -1.4449 0.815, 1.5512 -1.5138 0.815, 1.5984 -1.5138 0.815, 1.5512 -1.5138 0.9232, 1.5984 -1.5138 0.9232, 1.5512 -1.4941 0.9429, 1.5984 -1.4941 0.9429, 1.5512 -1.4941 0.9724, 1.5984 -1.4941 0.9724, 1.5984 -1.4897 1.0069, 1.5512 -1.4897 1.0069, 1.7953 -1.3661 0.0512, 1.748 -1.3661 0.0512, 1.7953 -1.3661 0.0591, 1.748 -1.3661 0.0591, 1.7953 -1.3661 0.2953, 1.748 -1.3661 0.2953, 1.7953 -1.3661 0.7008, 1.748 -1.3661 0.7008, 1.748 -1.4253 1.1322, 1.748 -1.4768 1.0392, 1.7953 -1.4253 1.1322, 1.7953 -1.4768 1.0392, 1.7953 -1.4109 1.1519, 1.748 -1.4109 1.1519, 1.7953 -1.3921 1.1674, 1.748 -1.3921 1.1674, 1.7953 -1.3701 1.1779, 1.748 -1.3701 1.1779, 1.7953 -1.3461 1.1826, 1.748 -1.3461 1.1826, 1.748 -0.8938 1.2142, 1.7953 -0.8938 1.2142, 1.748 -0.837 1.2253, 1.7953 -0.837 1.2253, 1.748 -0.7847 1.2498, 1.7953 -0.7847 1.2498, 1.748 -0.7102 1.2966, 1.7953 -0.7102 1.2966, 1.7953 -0.6997 1.3015, 1.748 -0.6997 1.3015, 1.7953 -0.6884 1.3037, 1.748 -0.6884 1.3037, 1.7953 -0.6769 1.3032, 1.748 -0.6769 1.3032, 1.7953 -0.6659 1.2998, 1.748 -0.6659 1.2998, 1.7953 -0.656 1.2939, 1.748 -0.656 1.2939, 1.7953 -0.6479 1.2858, 1.748 -0.6479 1.2858, 1.748 -0.5897 1.2117, 1.7953 -0.5897 1.2117, 1.7953 -0.5869 1.2069, 1.748 -0.5869 1.2069, 1.7953 -0.5852 1.2016, 1.748 -0.5852 1.2016, 1.7953 -0.5848 1.1961, 1.748 -0.5848 1.1961, 1.7953 -0.5858 1.1906, 1.748 -0.5858 1.1906, 1.7953 -0.5881 1.1856, 1.748 -0.5881 1.1856, 1.7953 -0.5915 1.1812, 1.748 -0.5915 1.1812, 1.7953 -0.5958 1.1777, 1.748 -0.5958 1.1777, 1.7953 -0.6009 1.1754, 1.748 -0.6009 1.1754, 1.7953 -0.6063 1.1744, 1.748 -0.6063 1.1744, 1.748 -1.2981 1.126, 1.7953 -1.2981 1.126, 1.748 -1.316 1.1225, 1.7953 -1.316 1.1225, 1.748 -1.3325 1.1146, 1.7953 -1.3325 1.1146, 1.748 -1.3465 1.1029, 1.7953 -1.3465 1.1029, 1.748 -1.3572 1.0881, 1.7953 -1.3572 1.0881, 1.748 -1.3639 1.0712, 1.7953 -1.3639 1.0712, 1.748 -1.3661 1.0531, 1.7953 -1.3661 1.0531, 1.748 -1.3661 0.9961, 1.7953 -1.3661 0.9961, 1.748 -1.4173 0.0, 1.7953 -1.4173 0.0, 1.748 -1.6535 0.0, 1.7953 -1.6535 0.0, 1.748 -1.6535 0.0591, 1.7953 -1.6535 0.0591, 1.748 -1.4843 0.0591, 1.7953 -1.4843 0.0591, 1.748 -1.4449 0.0984, 1.7953 -1.4449 0.0984, 1.748 -1.4449 0.815, 1.7953 -1.4449 0.815, 1.748 -1.5138 0.815, 1.7953 -1.5138 0.815, 1.748 -1.5138 0.9232, 1.7953 -1.5138 0.9232, 1.748 -1.4941 0.9429, 1.7953 -1.4941 0.9429, 1.748 -1.4941 0.9724, 1.7953 -1.4941 0.9724, 1.7953 -1.4897 1.0069, 1.748 -1.4897 1.0069, 1.9921 -1.3661 0.0512, 1.9449 -1.3661 0.0512, 1.9921 -1.3661 0.0591, 1.9449 -1.3661 0.0591, 1.9921 -1.3661 0.2953, 1.9449 -1.3661 0.2953, 1.9921 -1.3661 0.7008, 1.9449 -1.3661 0.7008, 1.9449 -1.4253 1.1322, 1.9449 -1.4768 1.0392, 1.9921 -1.4253 1.1322, 1.9921 -1.4768 1.0392, 1.9921 -1.4109 1.1519, 1.9449 -1.4109 1.1519, 1.9921 -1.3921 1.1674, 1.9449 -1.3921 1.1674, 1.9921 -1.3701 1.1779, 1.9449 -1.3701 1.1779, 1.9921 -1.3461 1.1826, 1.9449 -1.3461 1.1826, 1.9449 -0.8938 1.2142, 1.9921 -0.8938 1.2142, 1.9449 -0.837 1.2253, 1.9921 -0.837 1.2253, 1.9449 -0.7847 1.2498, 1.9921 -0.7847 1.2498, 1.9449 -0.7102 1.2966, 1.9921 -0.7102 1.2966, 1.9921 -0.6997 1.3015, 1.9449 -0.6997 1.3015, 1.9921 -0.6884 1.3037, 1.9449 -0.6884 1.3037, 1.9921 -0.6769 1.3032, 1.9449 -0.6769 1.3032, 1.9921 -0.6659 1.2998, 1.9449 -0.6659 1.2998, 1.9921 -0.656 1.2939, 1.9449 -0.656 1.2939, 1.9921 -0.6479 1.2858, 1.9449 -0.6479 1.2858, 1.9449 -0.5897 1.2117, 1.9921 -0.5897 1.2117, 1.9921 -0.5869 1.2069, 1.9449 -0.5869 1.2069, 1.9921 -0.5852 1.2016, 1.9449 -0.5852 1.2016, 1.9921 -0.5848 1.1961, 1.9449 -0.5848 1.1961, 1.9921 -0.5858 1.1906, 1.9449 -0.5858 1.1906, 1.9921 -0.5881 1.1856, 1.9449 -0.5881 1.1856, 1.9921 -0.5915 1.1812, 1.9449 -0.5915 1.1812, 1.9921 -0.5958 1.1777, 1.9449 -0.5958 1.1777, 1.9921 -0.6009 1.1754, 1.9449 -0.6009 1.1754, 1.9921 -0.6063 1.1744, 1.9449 -0.6063 1.1744, 1.9449 -1.2981 1.126, 1.9921 -1.2981 1.126, 1.9449 -1.316 1.1225, 1.9921 -1.316 1.1225, 1.9449 -1.3325 1.1146, 1.9921 -1.3325 1.1146, 1.9449 -1.3465 1.1029, 1.9921 -1.3465 1.1029, 1.9449 -1.3572 1.0881, 1.9921 -1.3572 1.0881, 1.9449 -1.3639 1.0712, 1.9921 -1.3639 1.0712, 1.9449 -1.3661 1.0531, 1.9921 -1.3661 1.0531, 1.9449 -1.3661 0.9961, 1.9921 -1.3661 0.9961, 1.9449 -1.4173 0.0, 1.9921 -1.4173 0.0, 1.9449 -1.6535 0.0, 1.9921 -1.6535 0.0, 1.9449 -1.6535 0.0591, 1.9921 -1.6535 0.0591, 1.9449 -1.4843 0.0591, 1.9921 -1.4843 0.0591, 1.9449 -1.4449 0.0984, 1.9921 -1.4449 0.0984, 1.9449 -1.4449 0.815, 1.9921 -1.4449 0.815, 1.9449 -1.5138 0.815, 1.9921 -1.5138 0.815, 1.9449 -1.5138 0.9232, 1.9921 -1.5138 0.9232, 1.9449 -1.4941 0.9429, 1.9921 -1.4941 0.9429, 1.9449 -1.4941 0.9724, 1.9921 -1.4941 0.9724, 1.9921 -1.4897 1.0069, 1.9449 -1.4897 1.0069, 2.189 -1.3661 0.0512, 2.1417 -1.3661 0.0512, 2.189 -1.3661 0.0591, 2.1417 -1.3661 0.0591, 2.189 -1.3661 0.2953, 2.1417 -1.3661 0.2953, 2.189 -1.3661 0.7008, 2.1417 -1.3661 0.7008, 2.1417 -1.4253 1.1322, 2.1417 -1.4768 1.0392, 2.189 -1.4253 1.1322, 2.189 -1.4768 1.0392, 2.189 -1.4109 1.1519, 2.1417 -1.4109 1.1519, 2.189 -1.3921 1.1674, 2.1417 -1.3921 1.1674, 2.189 -1.3701 1.1779, 2.1417 -1.3701 1.1779, 2.189 -1.3461 1.1826, 2.1417 -1.3461 1.1826, 2.1417 -0.8938 1.2142, 2.189 -0.8938 1.2142, 2.1417 -0.837 1.2253, 2.189 -0.837 1.2253, 2.1417 -0.7847 1.2498, 2.189 -0.7847 1.2498, 2.1417 -0.7102 1.2966, 2.189 -0.7102 1.2966, 2.189 -0.6997 1.3015, 2.1417 -0.6997 1.3015, 2.189 -0.6884 1.3037, 2.1417 -0.6884 1.3037, 2.189 -0.6769 1.3032, 2.1417 -0.6769 1.3032, 2.189 -0.6659 1.2998, 2.1417 -0.6659 1.2998, 2.189 -0.656 1.2939, 2.1417 -0.656 1.2939, 2.189 -0.6479 1.2858, 2.1417 -0.6479 1.2858, 2.1417 -0.5897 1.2117, 2.189 -0.5897 1.2117, 2.189 -0.5869 1.2069, 2.1417 -0.5869 1.2069, 2.189 -0.5852 1.2016, 2.1417 -0.5852 1.2016, 2.189 -0.5848 1.1961, 2.1417 -0.5848 1.1961, 2.189 -0.5858 1.1906, 2.1417 -0.5858 1.1906, 2.189 -0.5881 1.1856, 2.1417 -0.5881 1.1856, 2.189 -0.5915 1.1812, 2.1417 -0.5915 1.1812, 2.189 -0.5958 1.1777, 2.1417 -0.5958 1.1777, 2.189 -0.6009 1.1754, 2.1417 -0.6009 1.1754, 2.189 -0.6063 1.1744, 2.1417 -0.6063 1.1744, 2.1417 -1.2981 1.126, 2.189 -1.2981 1.126, 2.1417 -1.316 1.1225, 2.189 -1.316 1.1225, 2.1417 -1.3325 1.1146, 2.189 -1.3325 1.1146, 2.1417 -1.3465 1.1029, 2.189 -1.3465 1.1029, 2.1417 -1.3572 1.0881, 2.189 -1.3572 1.0881, 2.1417 -1.3639 1.0712, 2.189 -1.3639 1.0712, 2.1417 -1.3661 1.0531, 2.189 -1.3661 1.0531, 2.1417 -1.3661 0.9961, 2.189 -1.3661 0.9961, 2.1417 -1.4173 0.0, 2.189 -1.4173 0.0, 2.1417 -1.6535 0.0, 2.189 -1.6535 0.0, 2.1417 -1.6535 0.0591, 2.189 -1.6535 0.0591, 2.1417 -1.4843 0.0591, 2.189 -1.4843 0.0591, 2.1417 -1.4449 0.0984, 2.189 -1.4449 0.0984, 2.1417 -1.4449 0.815, 2.189 -1.4449 0.815, 2.1417 -1.5138 0.815, 2.189 -1.5138 0.815, 2.1417 -1.5138 0.9232, 2.189 -1.5138 0.9232, 2.1417 -1.4941 0.9429, 2.189 -1.4941 0.9429, 2.1417 -1.4941 0.9724, 2.189 -1.4941 0.9724, 2.189 -1.4897 1.0069, 2.1417 -1.4897 1.0069, 2.3858 -1.3661 0.0512, 2.3386 -1.3661 0.0512, 2.3858 -1.3661 0.0591, 2.3386 -1.3661 0.0591, 2.3858 -1.3661 0.2953, 2.3386 -1.3661 0.2953, 2.3858 -1.3661 0.7008, 2.3386 -1.3661 0.7008, 2.3386 -1.4253 1.1322, 2.3386 -1.4768 1.0392, 2.3858 -1.4253 1.1322, 2.3858 -1.4768 1.0392, 2.3858 -1.4109 1.1519, 2.3386 -1.4109 1.1519, 2.3858 -1.3921 1.1674, 2.3386 -1.3921 1.1674, 2.3858 -1.3701 1.1779, 2.3386 -1.3701 1.1779, 2.3858 -1.3461 1.1826, 2.3386 -1.3461 1.1826, 2.3386 -0.8938 1.2142, 2.3858 -0.8938 1.2142, 2.3386 -0.837 1.2253, 2.3858 -0.837 1.2253, 2.3386 -0.7847 1.2498, 2.3858 -0.7847 1.2498, 2.3386 -0.7102 1.2966, 2.3858 -0.7102 1.2966, 2.3858 -0.6997 1.3015, 2.3386 -0.6997 1.3015, 2.3858 -0.6884 1.3037, 2.3386 -0.6884 1.3037, 2.3858 -0.6769 1.3032, 2.3386 -0.6769 1.3032, 2.3858 -0.6659 1.2998, 2.3386 -0.6659 1.2998, 2.3858 -0.656 1.2939, 2.3386 -0.656 1.2939, 2.3858 -0.6479 1.2858, 2.3386 -0.6479 1.2858, 2.3386 -0.5897 1.2117, 2.3858 -0.5897 1.2117, 2.3858 -0.5869 1.2069, 2.3386 -0.5869 1.2069, 2.3858 -0.5852 1.2016, 2.3386 -0.5852 1.2016, 2.3858 -0.5848 1.1961, 2.3386 -0.5848 1.1961, 2.3858 -0.5858 1.1906, 2.3386 -0.5858 1.1906, 2.3858 -0.5881 1.1856, 2.3386 -0.5881 1.1856, 2.3858 -0.5915 1.1812, 2.3386 -0.5915 1.1812, 2.3858 -0.5958 1.1777, 2.3386 -0.5958 1.1777, 2.3858 -0.6009 1.1754, 2.3386 -0.6009 1.1754, 2.3858 -0.6063 1.1744, 2.3386 -0.6063 1.1744, 2.3386 -1.2981 1.126, 2.3858 -1.2981 1.126, 2.3386 -1.316 1.1225, 2.3858 -1.316 1.1225, 2.3386 -1.3325 1.1146, 2.3858 -1.3325 1.1146, 2.3386 -1.3465 1.1029, 2.3858 -1.3465 1.1029, 2.3386 -1.3572 1.0881, 2.3858 -1.3572 1.0881, 2.3386 -1.3639 1.0712, 2.3858 -1.3639 1.0712, 2.3386 -1.3661 1.0531, 2.3858 -1.3661 1.0531, 2.3386 -1.3661 0.9961, 2.3858 -1.3661 0.9961, 2.3386 -1.4173 0.0, 2.3858 -1.4173 0.0, 2.3386 -1.6535 0.0, 2.3858 -1.6535 0.0, 2.3386 -1.6535 0.0591, 2.3858 -1.6535 0.0591, 2.3386 -1.4843 0.0591, 2.3858 -1.4843 0.0591, 2.3386 -1.4449 0.0984, 2.3858 -1.4449 0.0984, 2.3386 -1.4449 0.815, 2.3858 -1.4449 0.815, 2.3386 -1.5138 0.815, 2.3858 -1.5138 0.815, 2.3386 -1.5138 0.9232, 2.3858 -1.5138 0.9232, 2.3386 -1.4941 0.9429, 2.3858 -1.4941 0.9429, 2.3386 -1.4941 0.9724, 2.3858 -1.4941 0.9724, 2.3858 -1.4897 1.0069, 2.3386 -1.4897 1.0069, 2.5827 -1.3661 0.0512, 2.5354 -1.3661 0.0512, 2.5827 -1.3661 0.0591, 2.5354 -1.3661 0.0591, 2.5827 -1.3661 0.2953, 2.5354 -1.3661 0.2953, 2.5827 -1.3661 0.7008, 2.5354 -1.3661 0.7008, 2.5354 -1.4253 1.1322, 2.5354 -1.4768 1.0392, 2.5827 -1.4253 1.1322, 2.5827 -1.4768 1.0392, 2.5827 -1.4109 1.1519, 2.5354 -1.4109 1.1519, 2.5827 -1.3921 1.1674, 2.5354 -1.3921 1.1674, 2.5827 -1.3701 1.1779, 2.5354 -1.3701 1.1779, 2.5827 -1.3461 1.1826, 2.5354 -1.3461 1.1826, 2.5354 -0.8938 1.2142, 2.5827 -0.8938 1.2142, 2.5354 -0.837 1.2253, 2.5827 -0.837 1.2253, 2.5354 -0.7847 1.2498, 2.5827 -0.7847 1.2498, 2.5354 -0.7102 1.2966, 2.5827 -0.7102 1.2966, 2.5827 -0.6997 1.3015, 2.5354 -0.6997 1.3015, 2.5827 -0.6884 1.3037, 2.5354 -0.6884 1.3037, 2.5827 -0.6769 1.3032, 2.5354 -0.6769 1.3032, 2.5827 -0.6659 1.2998, 2.5354 -0.6659 1.2998, 2.5827 -0.656 1.2939, 2.5354 -0.656 1.2939, 2.5827 -0.6479 1.2858, 2.5354 -0.6479 1.2858, 2.5354 -0.5897 1.2117, 2.5827 -0.5897 1.2117, 2.5827 -0.5869 1.2069, 2.5354 -0.5869 1.2069, 2.5827 -0.5852 1.2016, 2.5354 -0.5852 1.2016, 2.5827 -0.5848 1.1961, 2.5354 -0.5848 1.1961, 2.5827 -0.5858 1.1906, 2.5354 -0.5858 1.1906, 2.5827 -0.5881 1.1856, 2.5354 -0.5881 1.1856, 2.5827 -0.5915 1.1812, 2.5354 -0.5915 1.1812, 2.5827 -0.5958 1.1777, 2.5354 -0.5958 1.1777, 2.5827 -0.6009 1.1754, 2.5354 -0.6009 1.1754, 2.5827 -0.6063 1.1744, 2.5354 -0.6063 1.1744, 2.5354 -1.2981 1.126, 2.5827 -1.2981 1.126, 2.5354 -1.316 1.1225, 2.5827 -1.316 1.1225, 2.5354 -1.3325 1.1146, 2.5827 -1.3325 1.1146, 2.5354 -1.3465 1.1029, 2.5827 -1.3465 1.1029, 2.5354 -1.3572 1.0881, 2.5827 -1.3572 1.0881, 2.5354 -1.3639 1.0712, 2.5827 -1.3639 1.0712, 2.5354 -1.3661 1.0531, 2.5827 -1.3661 1.0531, 2.5354 -1.3661 0.9961, 2.5827 -1.3661 0.9961, 2.5354 -1.4173 0.0, 2.5827 -1.4173 0.0, 2.5354 -1.6535 0.0, 2.5827 -1.6535 0.0, 2.5354 -1.6535 0.0591, 2.5827 -1.6535 0.0591, 2.5354 -1.4843 0.0591, 2.5827 -1.4843 0.0591, 2.5354 -1.4449 0.0984, 2.5827 -1.4449 0.0984, 2.5354 -1.4449 0.815, 2.5827 -1.4449 0.815, 2.5354 -1.5138 0.815, 2.5827 -1.5138 0.815, 2.5354 -1.5138 0.9232, 2.5827 -1.5138 0.9232, 2.5354 -1.4941 0.9429, 2.5827 -1.4941 0.9429, 2.5354 -1.4941 0.9724, 2.5827 -1.4941 0.9724, 2.5827 -1.4897 1.0069, 2.5354 -1.4897 1.0069, 2.7795 -1.3661 0.0512, 2.7323 -1.3661 0.0512, 2.7795 -1.3661 0.0591, 2.7323 -1.3661 0.0591, 2.7795 -1.3661 0.2953, 2.7323 -1.3661 0.2953, 2.7795 -1.3661 0.7008, 2.7323 -1.3661 0.7008, 2.7323 -1.4253 1.1322, 2.7323 -1.4768 1.0392, 2.7795 -1.4253 1.1322, 2.7795 -1.4768 1.0392, 2.7795 -1.4109 1.1519, 2.7323 -1.4109 1.1519, 2.7795 -1.3921 1.1674, 2.7323 -1.3921 1.1674, 2.7795 -1.3701 1.1779, 2.7323 -1.3701 1.1779, 2.7795 -1.3461 1.1826, 2.7323 -1.3461 1.1826, 2.7323 -0.8938 1.2142, 2.7795 -0.8938 1.2142, 2.7323 -0.837 1.2253, 2.7795 -0.837 1.2253, 2.7323 -0.7847 1.2498, 2.7795 -0.7847 1.2498, 2.7323 -0.7102 1.2966, 2.7795 -0.7102 1.2966, 2.7795 -0.6997 1.3015, 2.7323 -0.6997 1.3015, 2.7795 -0.6884 1.3037, 2.7323 -0.6884 1.3037, 2.7795 -0.6769 1.3032, 2.7323 -0.6769 1.3032, 2.7795 -0.6659 1.2998, 2.7323 -0.6659 1.2998, 2.7795 -0.656 1.2939, 2.7323 -0.656 1.2939, 2.7795 -0.6479 1.2858, 2.7323 -0.6479 1.2858, 2.7323 -0.5897 1.2117, 2.7795 -0.5897 1.2117, 2.7795 -0.5869 1.2069, 2.7323 -0.5869 1.2069, 2.7795 -0.5852 1.2016, 2.7323 -0.5852 1.2016, 2.7795 -0.5848 1.1961, 2.7323 -0.5848 1.1961, 2.7795 -0.5858 1.1906, 2.7323 -0.5858 1.1906, 2.7795 -0.5881 1.1856, 2.7323 -0.5881 1.1856, 2.7795 -0.5915 1.1812, 2.7323 -0.5915 1.1812, 2.7795 -0.5958 1.1777, 2.7323 -0.5958 1.1777, 2.7795 -0.6009 1.1754, 2.7323 -0.6009 1.1754, 2.7795 -0.6063 1.1744, 2.7323 -0.6063 1.1744, 2.7323 -1.2981 1.126, 2.7795 -1.2981 1.126, 2.7323 -1.316 1.1225, 2.7795 -1.316 1.1225, 2.7323 -1.3325 1.1146, 2.7795 -1.3325 1.1146, 2.7323 -1.3465 1.1029, 2.7795 -1.3465 1.1029, 2.7323 -1.3572 1.0881, 2.7795 -1.3572 1.0881, 2.7323 -1.3639 1.0712, 2.7795 -1.3639 1.0712, 2.7323 -1.3661 1.0531, 2.7795 -1.3661 1.0531, 2.7323 -1.3661 0.9961, 2.7795 -1.3661 0.9961, 2.7323 -1.4173 0.0, 2.7795 -1.4173 0.0, 2.7323 -1.6535 0.0, 2.7795 -1.6535 0.0, 2.7323 -1.6535 0.0591, 2.7795 -1.6535 0.0591, 2.7323 -1.4843 0.0591, 2.7795 -1.4843 0.0591, 2.7323 -1.4449 0.0984, 2.7795 -1.4449 0.0984, 2.7323 -1.4449 0.815, 2.7795 -1.4449 0.815, 2.7323 -1.5138 0.815, 2.7795 -1.5138 0.815, 2.7323 -1.5138 0.9232, 2.7795 -1.5138 0.9232, 2.7323 -1.4941 0.9429, 2.7795 -1.4941 0.9429, 2.7323 -1.4941 0.9724, 2.7795 -1.4941 0.9724, 2.7795 -1.4897 1.0069, 2.7323 -1.4897 1.0069, 2.9764 -1.3661 0.0512, 2.9291 -1.3661 0.0512, 2.9764 -1.3661 0.0591, 2.9291 -1.3661 0.0591, 2.9764 -1.3661 0.2953, 2.9291 -1.3661 0.2953, 2.9764 -1.3661 0.7008, 2.9291 -1.3661 0.7008, 2.9291 -1.4253 1.1322, 2.9291 -1.4768 1.0392, 2.9764 -1.4253 1.1322, 2.9764 -1.4768 1.0392, 2.9764 -1.4109 1.1519, 2.9291 -1.4109 1.1519, 2.9764 -1.3921 1.1674, 2.9291 -1.3921 1.1674, 2.9764 -1.3701 1.1779, 2.9291 -1.3701 1.1779, 2.9764 -1.3461 1.1826, 2.9291 -1.3461 1.1826, 2.9291 -0.8938 1.2142, 2.9764 -0.8938 1.2142, 2.9291 -0.837 1.2253, 2.9764 -0.837 1.2253, 2.9291 -0.7847 1.2498, 2.9764 -0.7847 1.2498, 2.9291 -0.7102 1.2966, 2.9764 -0.7102 1.2966, 2.9764 -0.6997 1.3015, 2.9291 -0.6997 1.3015, 2.9764 -0.6884 1.3037, 2.9291 -0.6884 1.3037, 2.9764 -0.6769 1.3032, 2.9291 -0.6769 1.3032, 2.9764 -0.6659 1.2998, 2.9291 -0.6659 1.2998, 2.9764 -0.656 1.2939, 2.9291 -0.656 1.2939, 2.9764 -0.6479 1.2858, 2.9291 -0.6479 1.2858, 2.9291 -0.5897 1.2117, 2.9764 -0.5897 1.2117, 2.9764 -0.5869 1.2069, 2.9291 -0.5869 1.2069, 2.9764 -0.5852 1.2016, 2.9291 -0.5852 1.2016, 2.9764 -0.5848 1.1961, 2.9291 -0.5848 1.1961, 2.9764 -0.5858 1.1906, 2.9291 -0.5858 1.1906, 2.9764 -0.5881 1.1856, 2.9291 -0.5881 1.1856, 2.9764 -0.5915 1.1812, 2.9291 -0.5915 1.1812, 2.9764 -0.5958 1.1777, 2.9291 -0.5958 1.1777, 2.9764 -0.6009 1.1754, 2.9291 -0.6009 1.1754, 2.9764 -0.6063 1.1744, 2.9291 -0.6063 1.1744, 2.9291 -1.2981 1.126, 2.9764 -1.2981 1.126, 2.9291 -1.316 1.1225, 2.9764 -1.316 1.1225, 2.9291 -1.3325 1.1146, 2.9764 -1.3325 1.1146, 2.9291 -1.3465 1.1029, 2.9764 -1.3465 1.1029, 2.9291 -1.3572 1.0881, 2.9764 -1.3572 1.0881, 2.9291 -1.3639 1.0712, 2.9764 -1.3639 1.0712, 2.9291 -1.3661 1.0531, 2.9764 -1.3661 1.0531, 2.9291 -1.3661 0.9961, 2.9764 -1.3661 0.9961, 2.9291 -1.4173 0.0, 2.9764 -1.4173 0.0, 2.9291 -1.6535 0.0, 2.9764 -1.6535 0.0, 2.9291 -1.6535 0.0591, 2.9764 -1.6535 0.0591, 2.9291 -1.4843 0.0591, 2.9764 -1.4843 0.0591, 2.9291 -1.4449 0.0984, 2.9764 -1.4449 0.0984, 2.9291 -1.4449 0.815, 2.9764 -1.4449 0.815, 2.9291 -1.5138 0.815, 2.9764 -1.5138 0.815, 2.9291 -1.5138 0.9232, 2.9764 -1.5138 0.9232, 2.9291 -1.4941 0.9429, 2.9764 -1.4941 0.9429, 2.9291 -1.4941 0.9724, 2.9764 -1.4941 0.9724, 2.9764 -1.4897 1.0069, 2.9291 -1.4897 1.0069, 3.1732 -1.3661 0.0512, 3.126 -1.3661 0.0512, 3.1732 -1.3661 0.0591, 3.126 -1.3661 0.0591, 3.1732 -1.3661 0.2953, 3.126 -1.3661 0.2953, 3.1732 -1.3661 0.7008, 3.126 -1.3661 0.7008, 3.126 -1.4253 1.1322, 3.126 -1.4768 1.0392, 3.1732 -1.4253 1.1322, 3.1732 -1.4768 1.0392, 3.1732 -1.4109 1.1519, 3.126 -1.4109 1.1519, 3.1732 -1.3921 1.1674, 3.126 -1.3921 1.1674, 3.1732 -1.3701 1.1779, 3.126 -1.3701 1.1779, 3.1732 -1.3461 1.1826, 3.126 -1.3461 1.1826, 3.126 -0.8938 1.2142, 3.1732 -0.8938 1.2142, 3.126 -0.837 1.2253, 3.1732 -0.837 1.2253, 3.126 -0.7847 1.2498, 3.1732 -0.7847 1.2498, 3.126 -0.7102 1.2966, 3.1732 -0.7102 1.2966, 3.1732 -0.6997 1.3015, 3.126 -0.6997 1.3015, 3.1732 -0.6884 1.3037, 3.126 -0.6884 1.3037, 3.1732 -0.6769 1.3032, 3.126 -0.6769 1.3032, 3.1732 -0.6659 1.2998, 3.126 -0.6659 1.2998, 3.1732 -0.656 1.2939, 3.126 -0.656 1.2939, 3.1732 -0.6479 1.2858, 3.126 -0.6479 1.2858, 3.126 -0.5897 1.2117, 3.1732 -0.5897 1.2117, 3.1732 -0.5869 1.2069, 3.126 -0.5869 1.2069, 3.1732 -0.5852 1.2016, 3.126 -0.5852 1.2016, 3.1732 -0.5848 1.1961, 3.126 -0.5848 1.1961, 3.1732 -0.5858 1.1906, 3.126 -0.5858 1.1906, 3.1732 -0.5881 1.1856, 3.126 -0.5881 1.1856, 3.1732 -0.5915 1.1812, 3.126 -0.5915 1.1812, 3.1732 -0.5958 1.1777, 3.126 -0.5958 1.1777, 3.1732 -0.6009 1.1754, 3.126 -0.6009 1.1754, 3.1732 -0.6063 1.1744, 3.126 -0.6063 1.1744, 3.126 -1.2981 1.126, 3.1732 -1.2981 1.126, 3.126 -1.316 1.1225, 3.1732 -1.316 1.1225, 3.126 -1.3325 1.1146, 3.1732 -1.3325 1.1146, 3.126 -1.3465 1.1029, 3.1732 -1.3465 1.1029, 3.126 -1.3572 1.0881, 3.1732 -1.3572 1.0881, 3.126 -1.3639 1.0712, 3.1732 -1.3639 1.0712, 3.126 -1.3661 1.0531, 3.1732 -1.3661 1.0531, 3.126 -1.3661 0.9961, 3.1732 -1.3661 0.9961, 3.126 -1.4173 0.0, 3.1732 -1.4173 0.0, 3.126 -1.6535 0.0, 3.1732 -1.6535 0.0, 3.126 -1.6535 0.0591, 3.1732 -1.6535 0.0591, 3.126 -1.4843 0.0591, 3.1732 -1.4843 0.0591, 3.126 -1.4449 0.0984, 3.1732 -1.4449 0.0984, 3.126 -1.4449 0.815, 3.1732 -1.4449 0.815, 3.126 -1.5138 0.815, 3.1732 -1.5138 0.815, 3.126 -1.5138 0.9232, 3.1732 -1.5138 0.9232, 3.126 -1.4941 0.9429, 3.1732 -1.4941 0.9429, 3.126 -1.4941 0.9724, 3.1732 -1.4941 0.9724, 3.1732 -1.4897 1.0069, 3.126 -1.4897 1.0069, 3.3701 -1.3661 0.0512, 3.3228 -1.3661 0.0512, 3.3701 -1.3661 0.0591, 3.3228 -1.3661 0.0591, 3.3701 -1.3661 0.2953, 3.3228 -1.3661 0.2953, 3.3701 -1.3661 0.7008, 3.3228 -1.3661 0.7008, 3.3228 -1.4253 1.1322, 3.3228 -1.4768 1.0392, 3.3701 -1.4253 1.1322, 3.3701 -1.4768 1.0392, 3.3701 -1.4109 1.1519, 3.3228 -1.4109 1.1519, 3.3701 -1.3921 1.1674, 3.3228 -1.3921 1.1674, 3.3701 -1.3701 1.1779, 3.3228 -1.3701 1.1779, 3.3701 -1.3461 1.1826, 3.3228 -1.3461 1.1826, 3.3228 -0.8938 1.2142, 3.3701 -0.8938 1.2142, 3.3228 -0.837 1.2253, 3.3701 -0.837 1.2253, 3.3228 -0.7847 1.2498, 3.3701 -0.7847 1.2498, 3.3228 -0.7102 1.2966, 3.3701 -0.7102 1.2966, 3.3701 -0.6997 1.3015, 3.3228 -0.6997 1.3015, 3.3701 -0.6884 1.3037, 3.3228 -0.6884 1.3037, 3.3701 -0.6769 1.3032, 3.3228 -0.6769 1.3032, 3.3701 -0.6659 1.2998, 3.3228 -0.6659 1.2998, 3.3701 -0.656 1.2939, 3.3228 -0.656 1.2939, 3.3701 -0.6479 1.2858, 3.3228 -0.6479 1.2858, 3.3228 -0.5897 1.2117, 3.3701 -0.5897 1.2117, 3.3701 -0.5869 1.2069, 3.3228 -0.5869 1.2069, 3.3701 -0.5852 1.2016, 3.3228 -0.5852 1.2016, 3.3701 -0.5848 1.1961, 3.3228 -0.5848 1.1961, 3.3701 -0.5858 1.1906, 3.3228 -0.5858 1.1906, 3.3701 -0.5881 1.1856, 3.3228 -0.5881 1.1856, 3.3701 -0.5915 1.1812, 3.3228 -0.5915 1.1812, 3.3701 -0.5958 1.1777, 3.3228 -0.5958 1.1777, 3.3701 -0.6009 1.1754, 3.3228 -0.6009 1.1754, 3.3701 -0.6063 1.1744, 3.3228 -0.6063 1.1744, 3.3228 -1.2981 1.126, 3.3701 -1.2981 1.126, 3.3228 -1.316 1.1225, 3.3701 -1.316 1.1225, 3.3228 -1.3325 1.1146, 3.3701 -1.3325 1.1146, 3.3228 -1.3465 1.1029, 3.3701 -1.3465 1.1029, 3.3228 -1.3572 1.0881, 3.3701 -1.3572 1.0881, 3.3228 -1.3639 1.0712, 3.3701 -1.3639 1.0712, 3.3228 -1.3661 1.0531, 3.3701 -1.3661 1.0531, 3.3228 -1.3661 0.9961, 3.3701 -1.3661 0.9961, 3.3228 -1.4173 0.0, 3.3701 -1.4173 0.0, 3.3228 -1.6535 0.0, 3.3701 -1.6535 0.0, 3.3228 -1.6535 0.0591, 3.3701 -1.6535 0.0591, 3.3228 -1.4843 0.0591, 3.3701 -1.4843 0.0591, 3.3228 -1.4449 0.0984, 3.3701 -1.4449 0.0984, 3.3228 -1.4449 0.815, 3.3701 -1.4449 0.815, 3.3228 -1.5138 0.815, 3.3701 -1.5138 0.815, 3.3228 -1.5138 0.9232, 3.3701 -1.5138 0.9232, 3.3228 -1.4941 0.9429, 3.3701 -1.4941 0.9429, 3.3228 -1.4941 0.9724, 3.3701 -1.4941 0.9724, 3.3701 -1.4897 1.0069, 3.3228 -1.4897 1.0069, 3.5669 -1.3661 0.0512, 3.5197 -1.3661 0.0512, 3.5669 -1.3661 0.0591, 3.5197 -1.3661 0.0591, 3.5669 -1.3661 0.2953, 3.5197 -1.3661 0.2953, 3.5669 -1.3661 0.7008, 3.5197 -1.3661 0.7008, 3.5197 -1.4253 1.1322, 3.5197 -1.4768 1.0392, 3.5669 -1.4253 1.1322, 3.5669 -1.4768 1.0392, 3.5669 -1.4109 1.1519, 3.5197 -1.4109 1.1519, 3.5669 -1.3921 1.1674, 3.5197 -1.3921 1.1674, 3.5669 -1.3701 1.1779, 3.5197 -1.3701 1.1779, 3.5669 -1.3461 1.1826, 3.5197 -1.3461 1.1826, 3.5197 -0.8938 1.2142, 3.5669 -0.8938 1.2142, 3.5197 -0.837 1.2253, 3.5669 -0.837 1.2253, 3.5197 -0.7847 1.2498, 3.5669 -0.7847 1.2498, 3.5197 -0.7102 1.2966, 3.5669 -0.7102 1.2966, 3.5669 -0.6997 1.3015, 3.5197 -0.6997 1.3015, 3.5669 -0.6884 1.3037, 3.5197 -0.6884 1.3037, 3.5669 -0.6769 1.3032, 3.5197 -0.6769 1.3032, 3.5669 -0.6659 1.2998, 3.5197 -0.6659 1.2998, 3.5669 -0.656 1.2939, 3.5197 -0.656 1.2939, 3.5669 -0.6479 1.2858, 3.5197 -0.6479 1.2858, 3.5197 -0.5897 1.2117, 3.5669 -0.5897 1.2117, 3.5669 -0.5869 1.2069, 3.5197 -0.5869 1.2069, 3.5669 -0.5852 1.2016, 3.5197 -0.5852 1.2016, 3.5669 -0.5848 1.1961, 3.5197 -0.5848 1.1961, 3.5669 -0.5858 1.1906, 3.5197 -0.5858 1.1906, 3.5669 -0.5881 1.1856, 3.5197 -0.5881 1.1856, 3.5669 -0.5915 1.1812, 3.5197 -0.5915 1.1812, 3.5669 -0.5958 1.1777, 3.5197 -0.5958 1.1777, 3.5669 -0.6009 1.1754, 3.5197 -0.6009 1.1754, 3.5669 -0.6063 1.1744, 3.5197 -0.6063 1.1744, 3.5197 -1.2981 1.126, 3.5669 -1.2981 1.126, 3.5197 -1.316 1.1225, 3.5669 -1.316 1.1225, 3.5197 -1.3325 1.1146, 3.5669 -1.3325 1.1146, 3.5197 -1.3465 1.1029, 3.5669 -1.3465 1.1029, 3.5197 -1.3572 1.0881, 3.5669 -1.3572 1.0881, 3.5197 -1.3639 1.0712, 3.5669 -1.3639 1.0712, 3.5197 -1.3661 1.0531, 3.5669 -1.3661 1.0531, 3.5197 -1.3661 0.9961, 3.5669 -1.3661 0.9961, 3.5197 -1.4173 0.0, 3.5669 -1.4173 0.0, 3.5197 -1.6535 0.0, 3.5669 -1.6535 0.0, 3.5197 -1.6535 0.0591, 3.5669 -1.6535 0.0591, 3.5197 -1.4843 0.0591, 3.5669 -1.4843 0.0591, 3.5197 -1.4449 0.0984, 3.5669 -1.4449 0.0984, 3.5197 -1.4449 0.815, 3.5669 -1.4449 0.815, 3.5197 -1.5138 0.815, 3.5669 -1.5138 0.815, 3.5197 -1.5138 0.9232, 3.5669 -1.5138 0.9232, 3.5197 -1.4941 0.9429, 3.5669 -1.4941 0.9429, 3.5197 -1.4941 0.9724, 3.5669 -1.4941 0.9724, 3.5669 -1.4897 1.0069, 3.5197 -1.4897 1.0069
            ]
        }
        coordIndex [
            0,1,2,-1,2,1,3,-1,4,5,6,-1,6,5,7,-1,8,9,10,-1,10,9,11,-1,8,10,12,-1,8,12,13,-1,13,12,14,-1,13,14,15,-1,15,14,16,-1,15,16,17,-1,17,16,18,-1,17,18,19,-1,20,19,21,-1,21,19,18,-1,20,21,22,-1,22,21,23,-1,22,23,24,-1,24,23,25,-1,26,24,27,-1,27,24,25,-1,26,27,28,-1,26,28,29,-1,29,28,30,-1,29,30,31,-1,31,30,32,-1,31,32,33,-1,33,32,34,-1,33,34,35,-1,35,34,36,-1,35,36,37,-1,37,36,38,-1,37,38,39,-1,40,39,41,-1,41,39,38,-1,40,41,42,-1,40,42,43,-1,43,42,44,-1,43,44,45,-1,45,44,46,-1,45,46,47,-1,47,46,48,-1,47,48,49,-1,49,48,50,-1,49,50,51,-1,51,50,52,-1,51,52,53,-1,53,52,54,-1,53,54,55,-1,55,54,56,-1,55,56,57,-1,57,56,58,-1,57,58,59,-1,60,59,61,-1,61,59,58,-1,60,61,62,-1,62,61,63,-1,62,63,64,-1,64,63,65,-1,64,65,66,-1,66,65,67,-1,66,67,68,-1,68,67,69,-1,68,69,70,-1,70,69,71,-1,70,71,72,-1,72,71,73,-1,74,72,75,-1,75,72,73,-1,76,1,77,-1,77,1,0,-1,78,76,79,-1,79,76,77,-1,80,78,81,-1,81,78,79,-1,82,80,83,-1,83,80,81,-1,84,82,85,-1,85,82,83,-1,86,84,87,-1,87,84,85,-1,88,86,89,-1,89,86,87,-1,90,88,91,-1,91,88,89,-1,92,90,93,-1,93,90,91,-1,94,92,95,-1,95,92,93,-1,94,95,96,-1,94,96,97,-1,97,96,11,-1,97,11,9,-1,86,70,72,-1,78,80,76,-1,76,80,82,-1,76,82,1,-1,1,82,84,-1,1,84,3,-1,88,90,86,-1,86,90,92,-1,86,92,70,-1,70,92,68,-1,9,8,66,-1,59,24,26,-1,9,66,97,-1,8,13,66,-1,66,13,15,-1,66,15,64,-1,64,15,17,-1,64,17,62,-1,62,17,19,-1,62,19,60,-1,60,19,20,-1,60,20,59,-1,59,20,22,-1,59,22,24,-1,72,74,86,-1,86,74,7,-1,86,7,84,-1,84,7,5,-1,84,5,3,-1,55,57,40,-1,40,57,59,-1,40,59,39,-1,39,59,26,-1,68,92,66,-1,66,92,94,-1,66,94,97,-1,43,45,51,-1,51,45,47,-1,51,47,49,-1,43,51,40,-1,40,51,53,-1,40,53,55,-1,33,26,31,-1,31,26,29,-1,33,35,26,-1,26,35,37,-1,26,37,39,-1,83,81,79,-1,91,89,93,-1,93,89,87,-1,93,87,75,-1,79,77,83,-1,83,77,0,-1,83,0,85,-1,27,25,58,-1,0,2,85,-1,85,2,4,-1,85,4,87,-1,87,4,6,-1,87,6,75,-1,65,63,18,-1,18,63,61,-1,18,61,21,-1,21,61,58,-1,21,58,23,-1,23,58,25,-1,18,16,65,-1,65,16,14,-1,65,14,67,-1,67,14,12,-1,67,12,69,-1,69,12,10,-1,69,10,71,-1,71,10,11,-1,71,11,73,-1,73,11,96,-1,73,96,75,-1,75,96,95,-1,75,95,93,-1,27,58,41,-1,41,58,56,-1,41,56,54,-1,44,50,46,-1,46,50,48,-1,54,52,41,-1,41,52,50,-1,41,50,42,-1,42,50,44,-1,41,38,27,-1,27,38,36,-1,27,36,34,-1,34,32,27,-1,27,32,30,-1,27,30,28,-1,98,99,100,-1,100,99,101,-1,102,103,104,-1,104,103,105,-1,106,107,108,-1,108,107,109,-1,106,108,110,-1,106,110,111,-1,111,110,112,-1,111,112,113,-1,113,112,114,-1,113,114,115,-1,115,114,116,-1,115,116,117,-1,118,117,119,-1,119,117,116,-1,118,119,120,-1,120,119,121,-1,120,121,122,-1,122,121,123,-1,124,122,125,-1,125,122,123,-1,124,125,126,-1,124,126,127,-1,127,126,128,-1,127,128,129,-1,129,128,130,-1,129,130,131,-1,131,130,132,-1,131,132,133,-1,133,132,134,-1,133,134,135,-1,135,134,136,-1,135,136,137,-1,138,137,139,-1,139,137,136,-1,138,139,140,-1,138,140,141,-1,141,140,142,-1,141,142,143,-1,143,142,144,-1,143,144,145,-1,145,144,146,-1,145,146,147,-1,147,146,148,-1,147,148,149,-1,149,148,150,-1,149,150,151,-1,151,150,152,-1,151,152,153,-1,153,152,154,-1,153,154,155,-1,155,154,156,-1,155,156,157,-1,158,157,159,-1,159,157,156,-1,158,159,160,-1,160,159,161,-1,160,161,162,-1,162,161,163,-1,162,163,164,-1,164,163,165,-1,164,165,166,-1,166,165,167,-1,166,167,168,-1,168,167,169,-1,168,169,170,-1,170,169,171,-1,172,170,173,-1,173,170,171,-1,174,99,175,-1,175,99,98,-1,176,174,177,-1,177,174,175,-1,178,176,179,-1,179,176,177,-1,180,178,181,-1,181,178,179,-1,182,180,183,-1,183,180,181,-1,184,182,185,-1,185,182,183,-1,186,184,187,-1,187,184,185,-1,188,186,189,-1,189,186,187,-1,190,188,191,-1,191,188,189,-1,192,190,193,-1,193,190,191,-1,192,193,194,-1,192,194,195,-1,195,194,109,-1,195,109,107,-1,184,168,170,-1,176,178,174,-1,174,178,180,-1,174,180,99,-1,99,180,182,-1,99,182,101,-1,186,188,184,-1,184,188,190,-1,184,190,168,-1,168,190,166,-1,107,106,164,-1,157,122,124,-1,107,164,195,-1,106,111,164,-1,164,111,113,-1,164,113,162,-1,162,113,115,-1,162,115,160,-1,160,115,117,-1,160,117,158,-1,158,117,118,-1,158,118,157,-1,157,118,120,-1,157,120,122,-1,170,172,184,-1,184,172,105,-1,184,105,182,-1,182,105,103,-1,182,103,101,-1,153,155,138,-1,138,155,157,-1,138,157,137,-1,137,157,124,-1,166,190,164,-1,164,190,192,-1,164,192,195,-1,141,143,149,-1,149,143,145,-1,149,145,147,-1,141,149,138,-1,138,149,151,-1,138,151,153,-1,131,124,129,-1,129,124,127,-1,131,133,124,-1,124,133,135,-1,124,135,137,-1,181,179,177,-1,189,187,191,-1,191,187,185,-1,191,185,173,-1,177,175,181,-1,181,175,98,-1,181,98,183,-1,125,123,156,-1,98,100,183,-1,183,100,102,-1,183,102,185,-1,185,102,104,-1,185,104,173,-1,163,161,116,-1,116,161,159,-1,116,159,119,-1,119,159,156,-1,119,156,121,-1,121,156,123,-1,116,114,163,-1,163,114,112,-1,163,112,165,-1,165,112,110,-1,165,110,167,-1,167,110,108,-1,167,108,169,-1,169,108,109,-1,169,109,171,-1,171,109,194,-1,171,194,173,-1,173,194,193,-1,173,193,191,-1,125,156,139,-1,139,156,154,-1,139,154,152,-1,142,148,144,-1,144,148,146,-1,152,150,139,-1,139,150,148,-1,139,148,140,-1,140,148,142,-1,139,136,125,-1,125,136,134,-1,125,134,132,-1,132,130,125,-1,125,130,128,-1,125,128,126,-1,196,197,198,-1,198,197,199,-1,200,201,202,-1,202,201,203,-1,204,205,206,-1,206,205,207,-1,204,206,208,-1,204,208,209,-1,209,208,210,-1,209,210,211,-1,211,210,212,-1,211,212,213,-1,213,212,214,-1,213,214,215,-1,216,215,217,-1,217,215,214,-1,216,217,218,-1,218,217,219,-1,218,219,220,-1,220,219,221,-1,222,220,223,-1,223,220,221,-1,222,223,224,-1,222,224,225,-1,225,224,226,-1,225,226,227,-1,227,226,228,-1,227,228,229,-1,229,228,230,-1,229,230,231,-1,231,230,232,-1,231,232,233,-1,233,232,234,-1,233,234,235,-1,236,235,237,-1,237,235,234,-1,236,237,238,-1,236,238,239,-1,239,238,240,-1,239,240,241,-1,241,240,242,-1,241,242,243,-1,243,242,244,-1,243,244,245,-1,245,244,246,-1,245,246,247,-1,247,246,248,-1,247,248,249,-1,249,248,250,-1,249,250,251,-1,251,250,252,-1,251,252,253,-1,253,252,254,-1,253,254,255,-1,256,255,257,-1,257,255,254,-1,256,257,258,-1,258,257,259,-1,258,259,260,-1,260,259,261,-1,260,261,262,-1,262,261,263,-1,262,263,264,-1,264,263,265,-1,264,265,266,-1,266,265,267,-1,266,267,268,-1,268,267,269,-1,270,268,271,-1,271,268,269,-1,272,197,273,-1,273,197,196,-1,274,272,275,-1,275,272,273,-1,276,274,277,-1,277,274,275,-1,278,276,279,-1,279,276,277,-1,280,278,281,-1,281,278,279,-1,282,280,283,-1,283,280,281,-1,284,282,285,-1,285,282,283,-1,286,284,287,-1,287,284,285,-1,288,286,289,-1,289,286,287,-1,290,288,291,-1,291,288,289,-1,290,291,292,-1,290,292,293,-1,293,292,207,-1,293,207,205,-1,282,266,268,-1,274,276,272,-1,272,276,278,-1,272,278,197,-1,197,278,280,-1,197,280,199,-1,284,286,282,-1,282,286,288,-1,282,288,266,-1,266,288,264,-1,205,204,262,-1,255,220,222,-1,205,262,293,-1,204,209,262,-1,262,209,211,-1,262,211,260,-1,260,211,213,-1,260,213,258,-1,258,213,215,-1,258,215,256,-1,256,215,216,-1,256,216,255,-1,255,216,218,-1,255,218,220,-1,268,270,282,-1,282,270,203,-1,282,203,280,-1,280,203,201,-1,280,201,199,-1,251,253,236,-1,236,253,255,-1,236,255,235,-1,235,255,222,-1,264,288,262,-1,262,288,290,-1,262,290,293,-1,239,241,247,-1,247,241,243,-1,247,243,245,-1,239,247,236,-1,236,247,249,-1,236,249,251,-1,229,222,227,-1,227,222,225,-1,229,231,222,-1,222,231,233,-1,222,233,235,-1,279,277,275,-1,287,285,289,-1,289,285,283,-1,289,283,271,-1,275,273,279,-1,279,273,196,-1,279,196,281,-1,223,221,254,-1,196,198,281,-1,281,198,200,-1,281,200,283,-1,283,200,202,-1,283,202,271,-1,261,259,214,-1,214,259,257,-1,214,257,217,-1,217,257,254,-1,217,254,219,-1,219,254,221,-1,214,212,261,-1,261,212,210,-1,261,210,263,-1,263,210,208,-1,263,208,265,-1,265,208,206,-1,265,206,267,-1,267,206,207,-1,267,207,269,-1,269,207,292,-1,269,292,271,-1,271,292,291,-1,271,291,289,-1,223,254,237,-1,237,254,252,-1,237,252,250,-1,240,246,242,-1,242,246,244,-1,250,248,237,-1,237,248,246,-1,237,246,238,-1,238,246,240,-1,237,234,223,-1,223,234,232,-1,223,232,230,-1,230,228,223,-1,223,228,226,-1,223,226,224,-1,294,295,296,-1,296,295,297,-1,298,299,300,-1,300,299,301,-1,302,303,304,-1,304,303,305,-1,302,304,306,-1,302,306,307,-1,307,306,308,-1,307,308,309,-1,309,308,310,-1,309,310,311,-1,311,310,312,-1,311,312,313,-1,314,313,315,-1,315,313,312,-1,314,315,316,-1,316,315,317,-1,316,317,318,-1,318,317,319,-1,320,318,321,-1,321,318,319,-1,320,321,322,-1,320,322,323,-1,323,322,324,-1,323,324,325,-1,325,324,326,-1,325,326,327,-1,327,326,328,-1,327,328,329,-1,329,328,330,-1,329,330,331,-1,331,330,332,-1,331,332,333,-1,334,333,335,-1,335,333,332,-1,334,335,336,-1,334,336,337,-1,337,336,338,-1,337,338,339,-1,339,338,340,-1,339,340,341,-1,341,340,342,-1,341,342,343,-1,343,342,344,-1,343,344,345,-1,345,344,346,-1,345,346,347,-1,347,346,348,-1,347,348,349,-1,349,348,350,-1,349,350,351,-1,351,350,352,-1,351,352,353,-1,354,353,355,-1,355,353,352,-1,354,355,356,-1,356,355,357,-1,356,357,358,-1,358,357,359,-1,358,359,360,-1,360,359,361,-1,360,361,362,-1,362,361,363,-1,362,363,364,-1,364,363,365,-1,364,365,366,-1,366,365,367,-1,368,366,369,-1,369,366,367,-1,370,295,371,-1,371,295,294,-1,372,370,373,-1,373,370,371,-1,374,372,375,-1,375,372,373,-1,376,374,377,-1,377,374,375,-1,378,376,379,-1,379,376,377,-1,380,378,381,-1,381,378,379,-1,382,380,383,-1,383,380,381,-1,384,382,385,-1,385,382,383,-1,386,384,387,-1,387,384,385,-1,388,386,389,-1,389,386,387,-1,388,389,390,-1,388,390,391,-1,391,390,305,-1,391,305,303,-1,380,364,366,-1,372,374,370,-1,370,374,376,-1,370,376,295,-1,295,376,378,-1,295,378,297,-1,382,384,380,-1,380,384,386,-1,380,386,364,-1,364,386,362,-1,303,302,360,-1,353,318,320,-1,303,360,391,-1,302,307,360,-1,360,307,309,-1,360,309,358,-1,358,309,311,-1,358,311,356,-1,356,311,313,-1,356,313,354,-1,354,313,314,-1,354,314,353,-1,353,314,316,-1,353,316,318,-1,366,368,380,-1,380,368,301,-1,380,301,378,-1,378,301,299,-1,378,299,297,-1,349,351,334,-1,334,351,353,-1,334,353,333,-1,333,353,320,-1,362,386,360,-1,360,386,388,-1,360,388,391,-1,337,339,345,-1,345,339,341,-1,345,341,343,-1,337,345,334,-1,334,345,347,-1,334,347,349,-1,327,320,325,-1,325,320,323,-1,327,329,320,-1,320,329,331,-1,320,331,333,-1,377,375,373,-1,385,383,387,-1,387,383,381,-1,387,381,369,-1,373,371,377,-1,377,371,294,-1,377,294,379,-1,321,319,352,-1,294,296,379,-1,379,296,298,-1,379,298,381,-1,381,298,300,-1,381,300,369,-1,359,357,312,-1,312,357,355,-1,312,355,315,-1,315,355,352,-1,315,352,317,-1,317,352,319,-1,312,310,359,-1,359,310,308,-1,359,308,361,-1,361,308,306,-1,361,306,363,-1,363,306,304,-1,363,304,365,-1,365,304,305,-1,365,305,367,-1,367,305,390,-1,367,390,369,-1,369,390,389,-1,369,389,387,-1,321,352,335,-1,335,352,350,-1,335,350,348,-1,338,344,340,-1,340,344,342,-1,348,346,335,-1,335,346,344,-1,335,344,336,-1,336,344,338,-1,335,332,321,-1,321,332,330,-1,321,330,328,-1,328,326,321,-1,321,326,324,-1,321,324,322,-1,392,393,394,-1,394,393,395,-1,396,397,398,-1,398,397,399,-1,400,401,402,-1,402,401,403,-1,400,402,404,-1,400,404,405,-1,405,404,406,-1,405,406,407,-1,407,406,408,-1,407,408,409,-1,409,408,410,-1,409,410,411,-1,412,411,413,-1,413,411,410,-1,412,413,414,-1,414,413,415,-1,414,415,416,-1,416,415,417,-1,418,416,419,-1,419,416,417,-1,418,419,420,-1,418,420,421,-1,421,420,422,-1,421,422,423,-1,423,422,424,-1,423,424,425,-1,425,424,426,-1,425,426,427,-1,427,426,428,-1,427,428,429,-1,429,428,430,-1,429,430,431,-1,432,431,433,-1,433,431,430,-1,432,433,434,-1,432,434,435,-1,435,434,436,-1,435,436,437,-1,437,436,438,-1,437,438,439,-1,439,438,440,-1,439,440,441,-1,441,440,442,-1,441,442,443,-1,443,442,444,-1,443,444,445,-1,445,444,446,-1,445,446,447,-1,447,446,448,-1,447,448,449,-1,449,448,450,-1,449,450,451,-1,452,451,453,-1,453,451,450,-1,452,453,454,-1,454,453,455,-1,454,455,456,-1,456,455,457,-1,456,457,458,-1,458,457,459,-1,458,459,460,-1,460,459,461,-1,460,461,462,-1,462,461,463,-1,462,463,464,-1,464,463,465,-1,466,464,467,-1,467,464,465,-1,468,393,469,-1,469,393,392,-1,470,468,471,-1,471,468,469,-1,472,470,473,-1,473,470,471,-1,474,472,475,-1,475,472,473,-1,476,474,477,-1,477,474,475,-1,478,476,479,-1,479,476,477,-1,480,478,481,-1,481,478,479,-1,482,480,483,-1,483,480,481,-1,484,482,485,-1,485,482,483,-1,486,484,487,-1,487,484,485,-1,486,487,488,-1,486,488,489,-1,489,488,403,-1,489,403,401,-1,478,462,464,-1,470,472,468,-1,468,472,474,-1,468,474,393,-1,393,474,476,-1,393,476,395,-1,480,482,478,-1,478,482,484,-1,478,484,462,-1,462,484,460,-1,401,400,458,-1,451,416,418,-1,401,458,489,-1,400,405,458,-1,458,405,407,-1,458,407,456,-1,456,407,409,-1,456,409,454,-1,454,409,411,-1,454,411,452,-1,452,411,412,-1,452,412,451,-1,451,412,414,-1,451,414,416,-1,464,466,478,-1,478,466,399,-1,478,399,476,-1,476,399,397,-1,476,397,395,-1,447,449,432,-1,432,449,451,-1,432,451,431,-1,431,451,418,-1,460,484,458,-1,458,484,486,-1,458,486,489,-1,435,437,443,-1,443,437,439,-1,443,439,441,-1,435,443,432,-1,432,443,445,-1,432,445,447,-1,425,418,423,-1,423,418,421,-1,425,427,418,-1,418,427,429,-1,418,429,431,-1,475,473,471,-1,483,481,485,-1,485,481,479,-1,485,479,467,-1,471,469,475,-1,475,469,392,-1,475,392,477,-1,419,417,450,-1,392,394,477,-1,477,394,396,-1,477,396,479,-1,479,396,398,-1,479,398,467,-1,457,455,410,-1,410,455,453,-1,410,453,413,-1,413,453,450,-1,413,450,415,-1,415,450,417,-1,410,408,457,-1,457,408,406,-1,457,406,459,-1,459,406,404,-1,459,404,461,-1,461,404,402,-1,461,402,463,-1,463,402,403,-1,463,403,465,-1,465,403,488,-1,465,488,467,-1,467,488,487,-1,467,487,485,-1,419,450,433,-1,433,450,448,-1,433,448,446,-1,436,442,438,-1,438,442,440,-1,446,444,433,-1,433,444,442,-1,433,442,434,-1,434,442,436,-1,433,430,419,-1,419,430,428,-1,419,428,426,-1,426,424,419,-1,419,424,422,-1,419,422,420,-1,490,491,492,-1,492,491,493,-1,494,495,496,-1,496,495,497,-1,498,499,500,-1,500,499,501,-1,498,500,502,-1,498,502,503,-1,503,502,504,-1,503,504,505,-1,505,504,506,-1,505,506,507,-1,507,506,508,-1,507,508,509,-1,510,509,511,-1,511,509,508,-1,510,511,512,-1,512,511,513,-1,512,513,514,-1,514,513,515,-1,516,514,517,-1,517,514,515,-1,516,517,518,-1,516,518,519,-1,519,518,520,-1,519,520,521,-1,521,520,522,-1,521,522,523,-1,523,522,524,-1,523,524,525,-1,525,524,526,-1,525,526,527,-1,527,526,528,-1,527,528,529,-1,530,529,531,-1,531,529,528,-1,530,531,532,-1,530,532,533,-1,533,532,534,-1,533,534,535,-1,535,534,536,-1,535,536,537,-1,537,536,538,-1,537,538,539,-1,539,538,540,-1,539,540,541,-1,541,540,542,-1,541,542,543,-1,543,542,544,-1,543,544,545,-1,545,544,546,-1,545,546,547,-1,547,546,548,-1,547,548,549,-1,550,549,551,-1,551,549,548,-1,550,551,552,-1,552,551,553,-1,552,553,554,-1,554,553,555,-1,554,555,556,-1,556,555,557,-1,556,557,558,-1,558,557,559,-1,558,559,560,-1,560,559,561,-1,560,561,562,-1,562,561,563,-1,564,562,565,-1,565,562,563,-1,566,491,567,-1,567,491,490,-1,568,566,569,-1,569,566,567,-1,570,568,571,-1,571,568,569,-1,572,570,573,-1,573,570,571,-1,574,572,575,-1,575,572,573,-1,576,574,577,-1,577,574,575,-1,578,576,579,-1,579,576,577,-1,580,578,581,-1,581,578,579,-1,582,580,583,-1,583,580,581,-1,584,582,585,-1,585,582,583,-1,584,585,586,-1,584,586,587,-1,587,586,501,-1,587,501,499,-1,576,560,562,-1,568,570,566,-1,566,570,572,-1,566,572,491,-1,491,572,574,-1,491,574,493,-1,578,580,576,-1,576,580,582,-1,576,582,560,-1,560,582,558,-1,499,498,556,-1,549,514,516,-1,499,556,587,-1,498,503,556,-1,556,503,505,-1,556,505,554,-1,554,505,507,-1,554,507,552,-1,552,507,509,-1,552,509,550,-1,550,509,510,-1,550,510,549,-1,549,510,512,-1,549,512,514,-1,562,564,576,-1,576,564,497,-1,576,497,574,-1,574,497,495,-1,574,495,493,-1,545,547,530,-1,530,547,549,-1,530,549,529,-1,529,549,516,-1,558,582,556,-1,556,582,584,-1,556,584,587,-1,533,535,541,-1,541,535,537,-1,541,537,539,-1,533,541,530,-1,530,541,543,-1,530,543,545,-1,523,516,521,-1,521,516,519,-1,523,525,516,-1,516,525,527,-1,516,527,529,-1,573,571,569,-1,581,579,583,-1,583,579,577,-1,583,577,565,-1,569,567,573,-1,573,567,490,-1,573,490,575,-1,517,515,548,-1,490,492,575,-1,575,492,494,-1,575,494,577,-1,577,494,496,-1,577,496,565,-1,555,553,508,-1,508,553,551,-1,508,551,511,-1,511,551,548,-1,511,548,513,-1,513,548,515,-1,508,506,555,-1,555,506,504,-1,555,504,557,-1,557,504,502,-1,557,502,559,-1,559,502,500,-1,559,500,561,-1,561,500,501,-1,561,501,563,-1,563,501,586,-1,563,586,565,-1,565,586,585,-1,565,585,583,-1,517,548,531,-1,531,548,546,-1,531,546,544,-1,534,540,536,-1,536,540,538,-1,544,542,531,-1,531,542,540,-1,531,540,532,-1,532,540,534,-1,531,528,517,-1,517,528,526,-1,517,526,524,-1,524,522,517,-1,517,522,520,-1,517,520,518,-1,588,589,590,-1,590,589,591,-1,592,593,594,-1,594,593,595,-1,596,597,598,-1,598,597,599,-1,596,598,600,-1,596,600,601,-1,601,600,602,-1,601,602,603,-1,603,602,604,-1,603,604,605,-1,605,604,606,-1,605,606,607,-1,608,607,609,-1,609,607,606,-1,608,609,610,-1,610,609,611,-1,610,611,612,-1,612,611,613,-1,614,612,615,-1,615,612,613,-1,614,615,616,-1,614,616,617,-1,617,616,618,-1,617,618,619,-1,619,618,620,-1,619,620,621,-1,621,620,622,-1,621,622,623,-1,623,622,624,-1,623,624,625,-1,625,624,626,-1,625,626,627,-1,628,627,629,-1,629,627,626,-1,628,629,630,-1,628,630,631,-1,631,630,632,-1,631,632,633,-1,633,632,634,-1,633,634,635,-1,635,634,636,-1,635,636,637,-1,637,636,638,-1,637,638,639,-1,639,638,640,-1,639,640,641,-1,641,640,642,-1,641,642,643,-1,643,642,644,-1,643,644,645,-1,645,644,646,-1,645,646,647,-1,648,647,649,-1,649,647,646,-1,648,649,650,-1,650,649,651,-1,650,651,652,-1,652,651,653,-1,652,653,654,-1,654,653,655,-1,654,655,656,-1,656,655,657,-1,656,657,658,-1,658,657,659,-1,658,659,660,-1,660,659,661,-1,662,660,663,-1,663,660,661,-1,664,589,665,-1,665,589,588,-1,666,664,667,-1,667,664,665,-1,668,666,669,-1,669,666,667,-1,670,668,671,-1,671,668,669,-1,672,670,673,-1,673,670,671,-1,674,672,675,-1,675,672,673,-1,676,674,677,-1,677,674,675,-1,678,676,679,-1,679,676,677,-1,680,678,681,-1,681,678,679,-1,682,680,683,-1,683,680,681,-1,682,683,684,-1,682,684,685,-1,685,684,599,-1,685,599,597,-1,674,658,660,-1,666,668,664,-1,664,668,670,-1,664,670,589,-1,589,670,672,-1,589,672,591,-1,676,678,674,-1,674,678,680,-1,674,680,658,-1,658,680,656,-1,597,596,654,-1,647,612,614,-1,597,654,685,-1,596,601,654,-1,654,601,603,-1,654,603,652,-1,652,603,605,-1,652,605,650,-1,650,605,607,-1,650,607,648,-1,648,607,608,-1,648,608,647,-1,647,608,610,-1,647,610,612,-1,660,662,674,-1,674,662,595,-1,674,595,672,-1,672,595,593,-1,672,593,591,-1,643,645,628,-1,628,645,647,-1,628,647,627,-1,627,647,614,-1,656,680,654,-1,654,680,682,-1,654,682,685,-1,631,633,639,-1,639,633,635,-1,639,635,637,-1,631,639,628,-1,628,639,641,-1,628,641,643,-1,621,614,619,-1,619,614,617,-1,621,623,614,-1,614,623,625,-1,614,625,627,-1,671,669,667,-1,679,677,681,-1,681,677,675,-1,681,675,663,-1,667,665,671,-1,671,665,588,-1,671,588,673,-1,615,613,646,-1,588,590,673,-1,673,590,592,-1,673,592,675,-1,675,592,594,-1,675,594,663,-1,653,651,606,-1,606,651,649,-1,606,649,609,-1,609,649,646,-1,609,646,611,-1,611,646,613,-1,606,604,653,-1,653,604,602,-1,653,602,655,-1,655,602,600,-1,655,600,657,-1,657,600,598,-1,657,598,659,-1,659,598,599,-1,659,599,661,-1,661,599,684,-1,661,684,663,-1,663,684,683,-1,663,683,681,-1,615,646,629,-1,629,646,644,-1,629,644,642,-1,632,638,634,-1,634,638,636,-1,642,640,629,-1,629,640,638,-1,629,638,630,-1,630,638,632,-1,629,626,615,-1,615,626,624,-1,615,624,622,-1,622,620,615,-1,615,620,618,-1,615,618,616,-1,686,687,688,-1,688,687,689,-1,690,691,692,-1,692,691,693,-1,694,695,696,-1,696,695,697,-1,694,696,698,-1,694,698,699,-1,699,698,700,-1,699,700,701,-1,701,700,702,-1,701,702,703,-1,703,702,704,-1,703,704,705,-1,706,705,707,-1,707,705,704,-1,706,707,708,-1,708,707,709,-1,708,709,710,-1,710,709,711,-1,712,710,713,-1,713,710,711,-1,712,713,714,-1,712,714,715,-1,715,714,716,-1,715,716,717,-1,717,716,718,-1,717,718,719,-1,719,718,720,-1,719,720,721,-1,721,720,722,-1,721,722,723,-1,723,722,724,-1,723,724,725,-1,726,725,727,-1,727,725,724,-1,726,727,728,-1,726,728,729,-1,729,728,730,-1,729,730,731,-1,731,730,732,-1,731,732,733,-1,733,732,734,-1,733,734,735,-1,735,734,736,-1,735,736,737,-1,737,736,738,-1,737,738,739,-1,739,738,740,-1,739,740,741,-1,741,740,742,-1,741,742,743,-1,743,742,744,-1,743,744,745,-1,746,745,747,-1,747,745,744,-1,746,747,748,-1,748,747,749,-1,748,749,750,-1,750,749,751,-1,750,751,752,-1,752,751,753,-1,752,753,754,-1,754,753,755,-1,754,755,756,-1,756,755,757,-1,756,757,758,-1,758,757,759,-1,760,758,761,-1,761,758,759,-1,762,687,763,-1,763,687,686,-1,764,762,765,-1,765,762,763,-1,766,764,767,-1,767,764,765,-1,768,766,769,-1,769,766,767,-1,770,768,771,-1,771,768,769,-1,772,770,773,-1,773,770,771,-1,774,772,775,-1,775,772,773,-1,776,774,777,-1,777,774,775,-1,778,776,779,-1,779,776,777,-1,780,778,781,-1,781,778,779,-1,780,781,782,-1,780,782,783,-1,783,782,697,-1,783,697,695,-1,772,756,758,-1,764,766,762,-1,762,766,768,-1,762,768,687,-1,687,768,770,-1,687,770,689,-1,774,776,772,-1,772,776,778,-1,772,778,756,-1,756,778,754,-1,695,694,752,-1,745,710,712,-1,695,752,783,-1,694,699,752,-1,752,699,701,-1,752,701,750,-1,750,701,703,-1,750,703,748,-1,748,703,705,-1,748,705,746,-1,746,705,706,-1,746,706,745,-1,745,706,708,-1,745,708,710,-1,758,760,772,-1,772,760,693,-1,772,693,770,-1,770,693,691,-1,770,691,689,-1,741,743,726,-1,726,743,745,-1,726,745,725,-1,725,745,712,-1,754,778,752,-1,752,778,780,-1,752,780,783,-1,729,731,737,-1,737,731,733,-1,737,733,735,-1,729,737,726,-1,726,737,739,-1,726,739,741,-1,719,712,717,-1,717,712,715,-1,719,721,712,-1,712,721,723,-1,712,723,725,-1,769,767,765,-1,777,775,779,-1,779,775,773,-1,779,773,761,-1,765,763,769,-1,769,763,686,-1,769,686,771,-1,713,711,744,-1,686,688,771,-1,771,688,690,-1,771,690,773,-1,773,690,692,-1,773,692,761,-1,751,749,704,-1,704,749,747,-1,704,747,707,-1,707,747,744,-1,707,744,709,-1,709,744,711,-1,704,702,751,-1,751,702,700,-1,751,700,753,-1,753,700,698,-1,753,698,755,-1,755,698,696,-1,755,696,757,-1,757,696,697,-1,757,697,759,-1,759,697,782,-1,759,782,761,-1,761,782,781,-1,761,781,779,-1,713,744,727,-1,727,744,742,-1,727,742,740,-1,730,736,732,-1,732,736,734,-1,740,738,727,-1,727,738,736,-1,727,736,728,-1,728,736,730,-1,727,724,713,-1,713,724,722,-1,713,722,720,-1,720,718,713,-1,713,718,716,-1,713,716,714,-1,784,785,786,-1,786,785,787,-1,788,789,790,-1,790,789,791,-1,792,793,794,-1,794,793,795,-1,792,794,796,-1,792,796,797,-1,797,796,798,-1,797,798,799,-1,799,798,800,-1,799,800,801,-1,801,800,802,-1,801,802,803,-1,804,803,805,-1,805,803,802,-1,804,805,806,-1,806,805,807,-1,806,807,808,-1,808,807,809,-1,810,808,811,-1,811,808,809,-1,810,811,812,-1,810,812,813,-1,813,812,814,-1,813,814,815,-1,815,814,816,-1,815,816,817,-1,817,816,818,-1,817,818,819,-1,819,818,820,-1,819,820,821,-1,821,820,822,-1,821,822,823,-1,824,823,825,-1,825,823,822,-1,824,825,826,-1,824,826,827,-1,827,826,828,-1,827,828,829,-1,829,828,830,-1,829,830,831,-1,831,830,832,-1,831,832,833,-1,833,832,834,-1,833,834,835,-1,835,834,836,-1,835,836,837,-1,837,836,838,-1,837,838,839,-1,839,838,840,-1,839,840,841,-1,841,840,842,-1,841,842,843,-1,844,843,845,-1,845,843,842,-1,844,845,846,-1,846,845,847,-1,846,847,848,-1,848,847,849,-1,848,849,850,-1,850,849,851,-1,850,851,852,-1,852,851,853,-1,852,853,854,-1,854,853,855,-1,854,855,856,-1,856,855,857,-1,858,856,859,-1,859,856,857,-1,860,785,861,-1,861,785,784,-1,862,860,863,-1,863,860,861,-1,864,862,865,-1,865,862,863,-1,866,864,867,-1,867,864,865,-1,868,866,869,-1,869,866,867,-1,870,868,871,-1,871,868,869,-1,872,870,873,-1,873,870,871,-1,874,872,875,-1,875,872,873,-1,876,874,877,-1,877,874,875,-1,878,876,879,-1,879,876,877,-1,878,879,880,-1,878,880,881,-1,881,880,795,-1,881,795,793,-1,870,854,856,-1,862,864,860,-1,860,864,866,-1,860,866,785,-1,785,866,868,-1,785,868,787,-1,872,874,870,-1,870,874,876,-1,870,876,854,-1,854,876,852,-1,793,792,850,-1,843,808,810,-1,793,850,881,-1,792,797,850,-1,850,797,799,-1,850,799,848,-1,848,799,801,-1,848,801,846,-1,846,801,803,-1,846,803,844,-1,844,803,804,-1,844,804,843,-1,843,804,806,-1,843,806,808,-1,856,858,870,-1,870,858,791,-1,870,791,868,-1,868,791,789,-1,868,789,787,-1,839,841,824,-1,824,841,843,-1,824,843,823,-1,823,843,810,-1,852,876,850,-1,850,876,878,-1,850,878,881,-1,827,829,835,-1,835,829,831,-1,835,831,833,-1,827,835,824,-1,824,835,837,-1,824,837,839,-1,817,810,815,-1,815,810,813,-1,817,819,810,-1,810,819,821,-1,810,821,823,-1,867,865,863,-1,875,873,877,-1,877,873,871,-1,877,871,859,-1,863,861,867,-1,867,861,784,-1,867,784,869,-1,811,809,842,-1,784,786,869,-1,869,786,788,-1,869,788,871,-1,871,788,790,-1,871,790,859,-1,849,847,802,-1,802,847,845,-1,802,845,805,-1,805,845,842,-1,805,842,807,-1,807,842,809,-1,802,800,849,-1,849,800,798,-1,849,798,851,-1,851,798,796,-1,851,796,853,-1,853,796,794,-1,853,794,855,-1,855,794,795,-1,855,795,857,-1,857,795,880,-1,857,880,859,-1,859,880,879,-1,859,879,877,-1,811,842,825,-1,825,842,840,-1,825,840,838,-1,828,834,830,-1,830,834,832,-1,838,836,825,-1,825,836,834,-1,825,834,826,-1,826,834,828,-1,825,822,811,-1,811,822,820,-1,811,820,818,-1,818,816,811,-1,811,816,814,-1,811,814,812,-1,882,883,884,-1,884,883,885,-1,886,887,888,-1,888,887,889,-1,890,891,892,-1,892,891,893,-1,890,892,894,-1,890,894,895,-1,895,894,896,-1,895,896,897,-1,897,896,898,-1,897,898,899,-1,899,898,900,-1,899,900,901,-1,902,901,903,-1,903,901,900,-1,902,903,904,-1,904,903,905,-1,904,905,906,-1,906,905,907,-1,908,906,909,-1,909,906,907,-1,908,909,910,-1,908,910,911,-1,911,910,912,-1,911,912,913,-1,913,912,914,-1,913,914,915,-1,915,914,916,-1,915,916,917,-1,917,916,918,-1,917,918,919,-1,919,918,920,-1,919,920,921,-1,922,921,923,-1,923,921,920,-1,922,923,924,-1,922,924,925,-1,925,924,926,-1,925,926,927,-1,927,926,928,-1,927,928,929,-1,929,928,930,-1,929,930,931,-1,931,930,932,-1,931,932,933,-1,933,932,934,-1,933,934,935,-1,935,934,936,-1,935,936,937,-1,937,936,938,-1,937,938,939,-1,939,938,940,-1,939,940,941,-1,942,941,943,-1,943,941,940,-1,942,943,944,-1,944,943,945,-1,944,945,946,-1,946,945,947,-1,946,947,948,-1,948,947,949,-1,948,949,950,-1,950,949,951,-1,950,951,952,-1,952,951,953,-1,952,953,954,-1,954,953,955,-1,956,954,957,-1,957,954,955,-1,958,883,959,-1,959,883,882,-1,960,958,961,-1,961,958,959,-1,962,960,963,-1,963,960,961,-1,964,962,965,-1,965,962,963,-1,966,964,967,-1,967,964,965,-1,968,966,969,-1,969,966,967,-1,970,968,971,-1,971,968,969,-1,972,970,973,-1,973,970,971,-1,974,972,975,-1,975,972,973,-1,976,974,977,-1,977,974,975,-1,976,977,978,-1,976,978,979,-1,979,978,893,-1,979,893,891,-1,968,952,954,-1,960,962,958,-1,958,962,964,-1,958,964,883,-1,883,964,966,-1,883,966,885,-1,970,972,968,-1,968,972,974,-1,968,974,952,-1,952,974,950,-1,891,890,948,-1,941,906,908,-1,891,948,979,-1,890,895,948,-1,948,895,897,-1,948,897,946,-1,946,897,899,-1,946,899,944,-1,944,899,901,-1,944,901,942,-1,942,901,902,-1,942,902,941,-1,941,902,904,-1,941,904,906,-1,954,956,968,-1,968,956,889,-1,968,889,966,-1,966,889,887,-1,966,887,885,-1,937,939,922,-1,922,939,941,-1,922,941,921,-1,921,941,908,-1,950,974,948,-1,948,974,976,-1,948,976,979,-1,925,927,933,-1,933,927,929,-1,933,929,931,-1,925,933,922,-1,922,933,935,-1,922,935,937,-1,915,908,913,-1,913,908,911,-1,915,917,908,-1,908,917,919,-1,908,919,921,-1,965,963,961,-1,973,971,975,-1,975,971,969,-1,975,969,957,-1,961,959,965,-1,965,959,882,-1,965,882,967,-1,909,907,940,-1,882,884,967,-1,967,884,886,-1,967,886,969,-1,969,886,888,-1,969,888,957,-1,947,945,900,-1,900,945,943,-1,900,943,903,-1,903,943,940,-1,903,940,905,-1,905,940,907,-1,900,898,947,-1,947,898,896,-1,947,896,949,-1,949,896,894,-1,949,894,951,-1,951,894,892,-1,951,892,953,-1,953,892,893,-1,953,893,955,-1,955,893,978,-1,955,978,957,-1,957,978,977,-1,957,977,975,-1,909,940,923,-1,923,940,938,-1,923,938,936,-1,926,932,928,-1,928,932,930,-1,936,934,923,-1,923,934,932,-1,923,932,924,-1,924,932,926,-1,923,920,909,-1,909,920,918,-1,909,918,916,-1,916,914,909,-1,909,914,912,-1,909,912,910,-1,980,981,982,-1,982,981,983,-1,984,985,986,-1,986,985,987,-1,988,989,990,-1,990,989,991,-1,988,990,992,-1,988,992,993,-1,993,992,994,-1,993,994,995,-1,995,994,996,-1,995,996,997,-1,997,996,998,-1,997,998,999,-1,1000,999,1001,-1,1001,999,998,-1,1000,1001,1002,-1,1002,1001,1003,-1,1002,1003,1004,-1,1004,1003,1005,-1,1006,1004,1007,-1,1007,1004,1005,-1,1006,1007,1008,-1,1006,1008,1009,-1,1009,1008,1010,-1,1009,1010,1011,-1,1011,1010,1012,-1,1011,1012,1013,-1,1013,1012,1014,-1,1013,1014,1015,-1,1015,1014,1016,-1,1015,1016,1017,-1,1017,1016,1018,-1,1017,1018,1019,-1,1020,1019,1021,-1,1021,1019,1018,-1,1020,1021,1022,-1,1020,1022,1023,-1,1023,1022,1024,-1,1023,1024,1025,-1,1025,1024,1026,-1,1025,1026,1027,-1,1027,1026,1028,-1,1027,1028,1029,-1,1029,1028,1030,-1,1029,1030,1031,-1,1031,1030,1032,-1,1031,1032,1033,-1,1033,1032,1034,-1,1033,1034,1035,-1,1035,1034,1036,-1,1035,1036,1037,-1,1037,1036,1038,-1,1037,1038,1039,-1,1040,1039,1041,-1,1041,1039,1038,-1,1040,1041,1042,-1,1042,1041,1043,-1,1042,1043,1044,-1,1044,1043,1045,-1,1044,1045,1046,-1,1046,1045,1047,-1,1046,1047,1048,-1,1048,1047,1049,-1,1048,1049,1050,-1,1050,1049,1051,-1,1050,1051,1052,-1,1052,1051,1053,-1,1054,1052,1055,-1,1055,1052,1053,-1,1056,981,1057,-1,1057,981,980,-1,1058,1056,1059,-1,1059,1056,1057,-1,1060,1058,1061,-1,1061,1058,1059,-1,1062,1060,1063,-1,1063,1060,1061,-1,1064,1062,1065,-1,1065,1062,1063,-1,1066,1064,1067,-1,1067,1064,1065,-1,1068,1066,1069,-1,1069,1066,1067,-1,1070,1068,1071,-1,1071,1068,1069,-1,1072,1070,1073,-1,1073,1070,1071,-1,1074,1072,1075,-1,1075,1072,1073,-1,1074,1075,1076,-1,1074,1076,1077,-1,1077,1076,991,-1,1077,991,989,-1,1066,1050,1052,-1,1058,1060,1056,-1,1056,1060,1062,-1,1056,1062,981,-1,981,1062,1064,-1,981,1064,983,-1,1068,1070,1066,-1,1066,1070,1072,-1,1066,1072,1050,-1,1050,1072,1048,-1,989,988,1046,-1,1039,1004,1006,-1,989,1046,1077,-1,988,993,1046,-1,1046,993,995,-1,1046,995,1044,-1,1044,995,997,-1,1044,997,1042,-1,1042,997,999,-1,1042,999,1040,-1,1040,999,1000,-1,1040,1000,1039,-1,1039,1000,1002,-1,1039,1002,1004,-1,1052,1054,1066,-1,1066,1054,987,-1,1066,987,1064,-1,1064,987,985,-1,1064,985,983,-1,1035,1037,1020,-1,1020,1037,1039,-1,1020,1039,1019,-1,1019,1039,1006,-1,1048,1072,1046,-1,1046,1072,1074,-1,1046,1074,1077,-1,1023,1025,1031,-1,1031,1025,1027,-1,1031,1027,1029,-1,1023,1031,1020,-1,1020,1031,1033,-1,1020,1033,1035,-1,1013,1006,1011,-1,1011,1006,1009,-1,1013,1015,1006,-1,1006,1015,1017,-1,1006,1017,1019,-1,1063,1061,1059,-1,1071,1069,1073,-1,1073,1069,1067,-1,1073,1067,1055,-1,1059,1057,1063,-1,1063,1057,980,-1,1063,980,1065,-1,1007,1005,1038,-1,980,982,1065,-1,1065,982,984,-1,1065,984,1067,-1,1067,984,986,-1,1067,986,1055,-1,1045,1043,998,-1,998,1043,1041,-1,998,1041,1001,-1,1001,1041,1038,-1,1001,1038,1003,-1,1003,1038,1005,-1,998,996,1045,-1,1045,996,994,-1,1045,994,1047,-1,1047,994,992,-1,1047,992,1049,-1,1049,992,990,-1,1049,990,1051,-1,1051,990,991,-1,1051,991,1053,-1,1053,991,1076,-1,1053,1076,1055,-1,1055,1076,1075,-1,1055,1075,1073,-1,1007,1038,1021,-1,1021,1038,1036,-1,1021,1036,1034,-1,1024,1030,1026,-1,1026,1030,1028,-1,1034,1032,1021,-1,1021,1032,1030,-1,1021,1030,1022,-1,1022,1030,1024,-1,1021,1018,1007,-1,1007,1018,1016,-1,1007,1016,1014,-1,1014,1012,1007,-1,1007,1012,1010,-1,1007,1010,1008,-1,1078,1079,1080,-1,1080,1079,1081,-1,1082,1083,1084,-1,1084,1083,1085,-1,1086,1087,1088,-1,1088,1087,1089,-1,1086,1088,1090,-1,1086,1090,1091,-1,1091,1090,1092,-1,1091,1092,1093,-1,1093,1092,1094,-1,1093,1094,1095,-1,1095,1094,1096,-1,1095,1096,1097,-1,1098,1097,1099,-1,1099,1097,1096,-1,1098,1099,1100,-1,1100,1099,1101,-1,1100,1101,1102,-1,1102,1101,1103,-1,1104,1102,1105,-1,1105,1102,1103,-1,1104,1105,1106,-1,1104,1106,1107,-1,1107,1106,1108,-1,1107,1108,1109,-1,1109,1108,1110,-1,1109,1110,1111,-1,1111,1110,1112,-1,1111,1112,1113,-1,1113,1112,1114,-1,1113,1114,1115,-1,1115,1114,1116,-1,1115,1116,1117,-1,1118,1117,1119,-1,1119,1117,1116,-1,1118,1119,1120,-1,1118,1120,1121,-1,1121,1120,1122,-1,1121,1122,1123,-1,1123,1122,1124,-1,1123,1124,1125,-1,1125,1124,1126,-1,1125,1126,1127,-1,1127,1126,1128,-1,1127,1128,1129,-1,1129,1128,1130,-1,1129,1130,1131,-1,1131,1130,1132,-1,1131,1132,1133,-1,1133,1132,1134,-1,1133,1134,1135,-1,1135,1134,1136,-1,1135,1136,1137,-1,1138,1137,1139,-1,1139,1137,1136,-1,1138,1139,1140,-1,1140,1139,1141,-1,1140,1141,1142,-1,1142,1141,1143,-1,1142,1143,1144,-1,1144,1143,1145,-1,1144,1145,1146,-1,1146,1145,1147,-1,1146,1147,1148,-1,1148,1147,1149,-1,1148,1149,1150,-1,1150,1149,1151,-1,1152,1150,1153,-1,1153,1150,1151,-1,1154,1079,1155,-1,1155,1079,1078,-1,1156,1154,1157,-1,1157,1154,1155,-1,1158,1156,1159,-1,1159,1156,1157,-1,1160,1158,1161,-1,1161,1158,1159,-1,1162,1160,1163,-1,1163,1160,1161,-1,1164,1162,1165,-1,1165,1162,1163,-1,1166,1164,1167,-1,1167,1164,1165,-1,1168,1166,1169,-1,1169,1166,1167,-1,1170,1168,1171,-1,1171,1168,1169,-1,1172,1170,1173,-1,1173,1170,1171,-1,1172,1173,1174,-1,1172,1174,1175,-1,1175,1174,1089,-1,1175,1089,1087,-1,1164,1148,1150,-1,1156,1158,1154,-1,1154,1158,1160,-1,1154,1160,1079,-1,1079,1160,1162,-1,1079,1162,1081,-1,1166,1168,1164,-1,1164,1168,1170,-1,1164,1170,1148,-1,1148,1170,1146,-1,1087,1086,1144,-1,1137,1102,1104,-1,1087,1144,1175,-1,1086,1091,1144,-1,1144,1091,1093,-1,1144,1093,1142,-1,1142,1093,1095,-1,1142,1095,1140,-1,1140,1095,1097,-1,1140,1097,1138,-1,1138,1097,1098,-1,1138,1098,1137,-1,1137,1098,1100,-1,1137,1100,1102,-1,1150,1152,1164,-1,1164,1152,1085,-1,1164,1085,1162,-1,1162,1085,1083,-1,1162,1083,1081,-1,1133,1135,1118,-1,1118,1135,1137,-1,1118,1137,1117,-1,1117,1137,1104,-1,1146,1170,1144,-1,1144,1170,1172,-1,1144,1172,1175,-1,1121,1123,1129,-1,1129,1123,1125,-1,1129,1125,1127,-1,1121,1129,1118,-1,1118,1129,1131,-1,1118,1131,1133,-1,1111,1104,1109,-1,1109,1104,1107,-1,1111,1113,1104,-1,1104,1113,1115,-1,1104,1115,1117,-1,1161,1159,1157,-1,1169,1167,1171,-1,1171,1167,1165,-1,1171,1165,1153,-1,1157,1155,1161,-1,1161,1155,1078,-1,1161,1078,1163,-1,1105,1103,1136,-1,1078,1080,1163,-1,1163,1080,1082,-1,1163,1082,1165,-1,1165,1082,1084,-1,1165,1084,1153,-1,1143,1141,1096,-1,1096,1141,1139,-1,1096,1139,1099,-1,1099,1139,1136,-1,1099,1136,1101,-1,1101,1136,1103,-1,1096,1094,1143,-1,1143,1094,1092,-1,1143,1092,1145,-1,1145,1092,1090,-1,1145,1090,1147,-1,1147,1090,1088,-1,1147,1088,1149,-1,1149,1088,1089,-1,1149,1089,1151,-1,1151,1089,1174,-1,1151,1174,1153,-1,1153,1174,1173,-1,1153,1173,1171,-1,1105,1136,1119,-1,1119,1136,1134,-1,1119,1134,1132,-1,1122,1128,1124,-1,1124,1128,1126,-1,1132,1130,1119,-1,1119,1130,1128,-1,1119,1128,1120,-1,1120,1128,1122,-1,1119,1116,1105,-1,1105,1116,1114,-1,1105,1114,1112,-1,1112,1110,1105,-1,1105,1110,1108,-1,1105,1108,1106,-1,1176,1177,1178,-1,1178,1177,1179,-1,1180,1181,1182,-1,1182,1181,1183,-1,1184,1185,1186,-1,1186,1185,1187,-1,1184,1186,1188,-1,1184,1188,1189,-1,1189,1188,1190,-1,1189,1190,1191,-1,1191,1190,1192,-1,1191,1192,1193,-1,1193,1192,1194,-1,1193,1194,1195,-1,1196,1195,1197,-1,1197,1195,1194,-1,1196,1197,1198,-1,1198,1197,1199,-1,1198,1199,1200,-1,1200,1199,1201,-1,1202,1200,1203,-1,1203,1200,1201,-1,1202,1203,1204,-1,1202,1204,1205,-1,1205,1204,1206,-1,1205,1206,1207,-1,1207,1206,1208,-1,1207,1208,1209,-1,1209,1208,1210,-1,1209,1210,1211,-1,1211,1210,1212,-1,1211,1212,1213,-1,1213,1212,1214,-1,1213,1214,1215,-1,1216,1215,1217,-1,1217,1215,1214,-1,1216,1217,1218,-1,1216,1218,1219,-1,1219,1218,1220,-1,1219,1220,1221,-1,1221,1220,1222,-1,1221,1222,1223,-1,1223,1222,1224,-1,1223,1224,1225,-1,1225,1224,1226,-1,1225,1226,1227,-1,1227,1226,1228,-1,1227,1228,1229,-1,1229,1228,1230,-1,1229,1230,1231,-1,1231,1230,1232,-1,1231,1232,1233,-1,1233,1232,1234,-1,1233,1234,1235,-1,1236,1235,1237,-1,1237,1235,1234,-1,1236,1237,1238,-1,1238,1237,1239,-1,1238,1239,1240,-1,1240,1239,1241,-1,1240,1241,1242,-1,1242,1241,1243,-1,1242,1243,1244,-1,1244,1243,1245,-1,1244,1245,1246,-1,1246,1245,1247,-1,1246,1247,1248,-1,1248,1247,1249,-1,1250,1248,1251,-1,1251,1248,1249,-1,1252,1177,1253,-1,1253,1177,1176,-1,1254,1252,1255,-1,1255,1252,1253,-1,1256,1254,1257,-1,1257,1254,1255,-1,1258,1256,1259,-1,1259,1256,1257,-1,1260,1258,1261,-1,1261,1258,1259,-1,1262,1260,1263,-1,1263,1260,1261,-1,1264,1262,1265,-1,1265,1262,1263,-1,1266,1264,1267,-1,1267,1264,1265,-1,1268,1266,1269,-1,1269,1266,1267,-1,1270,1268,1271,-1,1271,1268,1269,-1,1270,1271,1272,-1,1270,1272,1273,-1,1273,1272,1187,-1,1273,1187,1185,-1,1262,1246,1248,-1,1254,1256,1252,-1,1252,1256,1258,-1,1252,1258,1177,-1,1177,1258,1260,-1,1177,1260,1179,-1,1264,1266,1262,-1,1262,1266,1268,-1,1262,1268,1246,-1,1246,1268,1244,-1,1185,1184,1242,-1,1235,1200,1202,-1,1185,1242,1273,-1,1184,1189,1242,-1,1242,1189,1191,-1,1242,1191,1240,-1,1240,1191,1193,-1,1240,1193,1238,-1,1238,1193,1195,-1,1238,1195,1236,-1,1236,1195,1196,-1,1236,1196,1235,-1,1235,1196,1198,-1,1235,1198,1200,-1,1248,1250,1262,-1,1262,1250,1183,-1,1262,1183,1260,-1,1260,1183,1181,-1,1260,1181,1179,-1,1231,1233,1216,-1,1216,1233,1235,-1,1216,1235,1215,-1,1215,1235,1202,-1,1244,1268,1242,-1,1242,1268,1270,-1,1242,1270,1273,-1,1219,1221,1227,-1,1227,1221,1223,-1,1227,1223,1225,-1,1219,1227,1216,-1,1216,1227,1229,-1,1216,1229,1231,-1,1209,1202,1207,-1,1207,1202,1205,-1,1209,1211,1202,-1,1202,1211,1213,-1,1202,1213,1215,-1,1259,1257,1255,-1,1267,1265,1269,-1,1269,1265,1263,-1,1269,1263,1251,-1,1255,1253,1259,-1,1259,1253,1176,-1,1259,1176,1261,-1,1203,1201,1234,-1,1176,1178,1261,-1,1261,1178,1180,-1,1261,1180,1263,-1,1263,1180,1182,-1,1263,1182,1251,-1,1241,1239,1194,-1,1194,1239,1237,-1,1194,1237,1197,-1,1197,1237,1234,-1,1197,1234,1199,-1,1199,1234,1201,-1,1194,1192,1241,-1,1241,1192,1190,-1,1241,1190,1243,-1,1243,1190,1188,-1,1243,1188,1245,-1,1245,1188,1186,-1,1245,1186,1247,-1,1247,1186,1187,-1,1247,1187,1249,-1,1249,1187,1272,-1,1249,1272,1251,-1,1251,1272,1271,-1,1251,1271,1269,-1,1203,1234,1217,-1,1217,1234,1232,-1,1217,1232,1230,-1,1220,1226,1222,-1,1222,1226,1224,-1,1230,1228,1217,-1,1217,1228,1226,-1,1217,1226,1218,-1,1218,1226,1220,-1,1217,1214,1203,-1,1203,1214,1212,-1,1203,1212,1210,-1,1210,1208,1203,-1,1203,1208,1206,-1,1203,1206,1204,-1,1274,1275,1276,-1,1276,1275,1277,-1,1278,1279,1280,-1,1280,1279,1281,-1,1282,1283,1284,-1,1284,1283,1285,-1,1282,1284,1286,-1,1282,1286,1287,-1,1287,1286,1288,-1,1287,1288,1289,-1,1289,1288,1290,-1,1289,1290,1291,-1,1291,1290,1292,-1,1291,1292,1293,-1,1294,1293,1295,-1,1295,1293,1292,-1,1294,1295,1296,-1,1296,1295,1297,-1,1296,1297,1298,-1,1298,1297,1299,-1,1300,1298,1301,-1,1301,1298,1299,-1,1300,1301,1302,-1,1300,1302,1303,-1,1303,1302,1304,-1,1303,1304,1305,-1,1305,1304,1306,-1,1305,1306,1307,-1,1307,1306,1308,-1,1307,1308,1309,-1,1309,1308,1310,-1,1309,1310,1311,-1,1311,1310,1312,-1,1311,1312,1313,-1,1314,1313,1315,-1,1315,1313,1312,-1,1314,1315,1316,-1,1314,1316,1317,-1,1317,1316,1318,-1,1317,1318,1319,-1,1319,1318,1320,-1,1319,1320,1321,-1,1321,1320,1322,-1,1321,1322,1323,-1,1323,1322,1324,-1,1323,1324,1325,-1,1325,1324,1326,-1,1325,1326,1327,-1,1327,1326,1328,-1,1327,1328,1329,-1,1329,1328,1330,-1,1329,1330,1331,-1,1331,1330,1332,-1,1331,1332,1333,-1,1334,1333,1335,-1,1335,1333,1332,-1,1334,1335,1336,-1,1336,1335,1337,-1,1336,1337,1338,-1,1338,1337,1339,-1,1338,1339,1340,-1,1340,1339,1341,-1,1340,1341,1342,-1,1342,1341,1343,-1,1342,1343,1344,-1,1344,1343,1345,-1,1344,1345,1346,-1,1346,1345,1347,-1,1348,1346,1349,-1,1349,1346,1347,-1,1350,1275,1351,-1,1351,1275,1274,-1,1352,1350,1353,-1,1353,1350,1351,-1,1354,1352,1355,-1,1355,1352,1353,-1,1356,1354,1357,-1,1357,1354,1355,-1,1358,1356,1359,-1,1359,1356,1357,-1,1360,1358,1361,-1,1361,1358,1359,-1,1362,1360,1363,-1,1363,1360,1361,-1,1364,1362,1365,-1,1365,1362,1363,-1,1366,1364,1367,-1,1367,1364,1365,-1,1368,1366,1369,-1,1369,1366,1367,-1,1368,1369,1370,-1,1368,1370,1371,-1,1371,1370,1285,-1,1371,1285,1283,-1,1360,1344,1346,-1,1352,1354,1350,-1,1350,1354,1356,-1,1350,1356,1275,-1,1275,1356,1358,-1,1275,1358,1277,-1,1362,1364,1360,-1,1360,1364,1366,-1,1360,1366,1344,-1,1344,1366,1342,-1,1283,1282,1340,-1,1333,1298,1300,-1,1283,1340,1371,-1,1282,1287,1340,-1,1340,1287,1289,-1,1340,1289,1338,-1,1338,1289,1291,-1,1338,1291,1336,-1,1336,1291,1293,-1,1336,1293,1334,-1,1334,1293,1294,-1,1334,1294,1333,-1,1333,1294,1296,-1,1333,1296,1298,-1,1346,1348,1360,-1,1360,1348,1281,-1,1360,1281,1358,-1,1358,1281,1279,-1,1358,1279,1277,-1,1329,1331,1314,-1,1314,1331,1333,-1,1314,1333,1313,-1,1313,1333,1300,-1,1342,1366,1340,-1,1340,1366,1368,-1,1340,1368,1371,-1,1317,1319,1325,-1,1325,1319,1321,-1,1325,1321,1323,-1,1317,1325,1314,-1,1314,1325,1327,-1,1314,1327,1329,-1,1307,1300,1305,-1,1305,1300,1303,-1,1307,1309,1300,-1,1300,1309,1311,-1,1300,1311,1313,-1,1357,1355,1353,-1,1365,1363,1367,-1,1367,1363,1361,-1,1367,1361,1349,-1,1353,1351,1357,-1,1357,1351,1274,-1,1357,1274,1359,-1,1301,1299,1332,-1,1274,1276,1359,-1,1359,1276,1278,-1,1359,1278,1361,-1,1361,1278,1280,-1,1361,1280,1349,-1,1339,1337,1292,-1,1292,1337,1335,-1,1292,1335,1295,-1,1295,1335,1332,-1,1295,1332,1297,-1,1297,1332,1299,-1,1292,1290,1339,-1,1339,1290,1288,-1,1339,1288,1341,-1,1341,1288,1286,-1,1341,1286,1343,-1,1343,1286,1284,-1,1343,1284,1345,-1,1345,1284,1285,-1,1345,1285,1347,-1,1347,1285,1370,-1,1347,1370,1349,-1,1349,1370,1369,-1,1349,1369,1367,-1,1301,1332,1315,-1,1315,1332,1330,-1,1315,1330,1328,-1,1318,1324,1320,-1,1320,1324,1322,-1,1328,1326,1315,-1,1315,1326,1324,-1,1315,1324,1316,-1,1316,1324,1318,-1,1315,1312,1301,-1,1301,1312,1310,-1,1301,1310,1308,-1,1308,1306,1301,-1,1301,1306,1304,-1,1301,1304,1302,-1,1372,1373,1374,-1,1374,1373,1375,-1,1376,1377,1378,-1,1378,1377,1379,-1,1380,1381,1382,-1,1382,1381,1383,-1,1380,1382,1384,-1,1380,1384,1385,-1,1385,1384,1386,-1,1385,1386,1387,-1,1387,1386,1388,-1,1387,1388,1389,-1,1389,1388,1390,-1,1389,1390,1391,-1,1392,1391,1393,-1,1393,1391,1390,-1,1392,1393,1394,-1,1394,1393,1395,-1,1394,1395,1396,-1,1396,1395,1397,-1,1398,1396,1399,-1,1399,1396,1397,-1,1398,1399,1400,-1,1398,1400,1401,-1,1401,1400,1402,-1,1401,1402,1403,-1,1403,1402,1404,-1,1403,1404,1405,-1,1405,1404,1406,-1,1405,1406,1407,-1,1407,1406,1408,-1,1407,1408,1409,-1,1409,1408,1410,-1,1409,1410,1411,-1,1412,1411,1413,-1,1413,1411,1410,-1,1412,1413,1414,-1,1412,1414,1415,-1,1415,1414,1416,-1,1415,1416,1417,-1,1417,1416,1418,-1,1417,1418,1419,-1,1419,1418,1420,-1,1419,1420,1421,-1,1421,1420,1422,-1,1421,1422,1423,-1,1423,1422,1424,-1,1423,1424,1425,-1,1425,1424,1426,-1,1425,1426,1427,-1,1427,1426,1428,-1,1427,1428,1429,-1,1429,1428,1430,-1,1429,1430,1431,-1,1432,1431,1433,-1,1433,1431,1430,-1,1432,1433,1434,-1,1434,1433,1435,-1,1434,1435,1436,-1,1436,1435,1437,-1,1436,1437,1438,-1,1438,1437,1439,-1,1438,1439,1440,-1,1440,1439,1441,-1,1440,1441,1442,-1,1442,1441,1443,-1,1442,1443,1444,-1,1444,1443,1445,-1,1446,1444,1447,-1,1447,1444,1445,-1,1448,1373,1449,-1,1449,1373,1372,-1,1450,1448,1451,-1,1451,1448,1449,-1,1452,1450,1453,-1,1453,1450,1451,-1,1454,1452,1455,-1,1455,1452,1453,-1,1456,1454,1457,-1,1457,1454,1455,-1,1458,1456,1459,-1,1459,1456,1457,-1,1460,1458,1461,-1,1461,1458,1459,-1,1462,1460,1463,-1,1463,1460,1461,-1,1464,1462,1465,-1,1465,1462,1463,-1,1466,1464,1467,-1,1467,1464,1465,-1,1466,1467,1468,-1,1466,1468,1469,-1,1469,1468,1383,-1,1469,1383,1381,-1,1458,1442,1444,-1,1450,1452,1448,-1,1448,1452,1454,-1,1448,1454,1373,-1,1373,1454,1456,-1,1373,1456,1375,-1,1460,1462,1458,-1,1458,1462,1464,-1,1458,1464,1442,-1,1442,1464,1440,-1,1381,1380,1438,-1,1431,1396,1398,-1,1381,1438,1469,-1,1380,1385,1438,-1,1438,1385,1387,-1,1438,1387,1436,-1,1436,1387,1389,-1,1436,1389,1434,-1,1434,1389,1391,-1,1434,1391,1432,-1,1432,1391,1392,-1,1432,1392,1431,-1,1431,1392,1394,-1,1431,1394,1396,-1,1444,1446,1458,-1,1458,1446,1379,-1,1458,1379,1456,-1,1456,1379,1377,-1,1456,1377,1375,-1,1427,1429,1412,-1,1412,1429,1431,-1,1412,1431,1411,-1,1411,1431,1398,-1,1440,1464,1438,-1,1438,1464,1466,-1,1438,1466,1469,-1,1415,1417,1423,-1,1423,1417,1419,-1,1423,1419,1421,-1,1415,1423,1412,-1,1412,1423,1425,-1,1412,1425,1427,-1,1405,1398,1403,-1,1403,1398,1401,-1,1405,1407,1398,-1,1398,1407,1409,-1,1398,1409,1411,-1,1455,1453,1451,-1,1463,1461,1465,-1,1465,1461,1459,-1,1465,1459,1447,-1,1451,1449,1455,-1,1455,1449,1372,-1,1455,1372,1457,-1,1399,1397,1430,-1,1372,1374,1457,-1,1457,1374,1376,-1,1457,1376,1459,-1,1459,1376,1378,-1,1459,1378,1447,-1,1437,1435,1390,-1,1390,1435,1433,-1,1390,1433,1393,-1,1393,1433,1430,-1,1393,1430,1395,-1,1395,1430,1397,-1,1390,1388,1437,-1,1437,1388,1386,-1,1437,1386,1439,-1,1439,1386,1384,-1,1439,1384,1441,-1,1441,1384,1382,-1,1441,1382,1443,-1,1443,1382,1383,-1,1443,1383,1445,-1,1445,1383,1468,-1,1445,1468,1447,-1,1447,1468,1467,-1,1447,1467,1465,-1,1399,1430,1413,-1,1413,1430,1428,-1,1413,1428,1426,-1,1416,1422,1418,-1,1418,1422,1420,-1,1426,1424,1413,-1,1413,1424,1422,-1,1413,1422,1414,-1,1414,1422,1416,-1,1413,1410,1399,-1,1399,1410,1408,-1,1399,1408,1406,-1,1406,1404,1399,-1,1399,1404,1402,-1,1399,1402,1400,-1,1470,1471,1472,-1,1472,1471,1473,-1,1474,1475,1476,-1,1476,1475,1477,-1,1478,1479,1480,-1,1480,1479,1481,-1,1478,1480,1482,-1,1478,1482,1483,-1,1483,1482,1484,-1,1483,1484,1485,-1,1485,1484,1486,-1,1485,1486,1487,-1,1487,1486,1488,-1,1487,1488,1489,-1,1490,1489,1491,-1,1491,1489,1488,-1,1490,1491,1492,-1,1492,1491,1493,-1,1492,1493,1494,-1,1494,1493,1495,-1,1496,1494,1497,-1,1497,1494,1495,-1,1496,1497,1498,-1,1496,1498,1499,-1,1499,1498,1500,-1,1499,1500,1501,-1,1501,1500,1502,-1,1501,1502,1503,-1,1503,1502,1504,-1,1503,1504,1505,-1,1505,1504,1506,-1,1505,1506,1507,-1,1507,1506,1508,-1,1507,1508,1509,-1,1510,1509,1511,-1,1511,1509,1508,-1,1510,1511,1512,-1,1510,1512,1513,-1,1513,1512,1514,-1,1513,1514,1515,-1,1515,1514,1516,-1,1515,1516,1517,-1,1517,1516,1518,-1,1517,1518,1519,-1,1519,1518,1520,-1,1519,1520,1521,-1,1521,1520,1522,-1,1521,1522,1523,-1,1523,1522,1524,-1,1523,1524,1525,-1,1525,1524,1526,-1,1525,1526,1527,-1,1527,1526,1528,-1,1527,1528,1529,-1,1530,1529,1531,-1,1531,1529,1528,-1,1530,1531,1532,-1,1532,1531,1533,-1,1532,1533,1534,-1,1534,1533,1535,-1,1534,1535,1536,-1,1536,1535,1537,-1,1536,1537,1538,-1,1538,1537,1539,-1,1538,1539,1540,-1,1540,1539,1541,-1,1540,1541,1542,-1,1542,1541,1543,-1,1544,1542,1545,-1,1545,1542,1543,-1,1546,1471,1547,-1,1547,1471,1470,-1,1548,1546,1549,-1,1549,1546,1547,-1,1550,1548,1551,-1,1551,1548,1549,-1,1552,1550,1553,-1,1553,1550,1551,-1,1554,1552,1555,-1,1555,1552,1553,-1,1556,1554,1557,-1,1557,1554,1555,-1,1558,1556,1559,-1,1559,1556,1557,-1,1560,1558,1561,-1,1561,1558,1559,-1,1562,1560,1563,-1,1563,1560,1561,-1,1564,1562,1565,-1,1565,1562,1563,-1,1564,1565,1566,-1,1564,1566,1567,-1,1567,1566,1481,-1,1567,1481,1479,-1,1556,1540,1542,-1,1548,1550,1546,-1,1546,1550,1552,-1,1546,1552,1471,-1,1471,1552,1554,-1,1471,1554,1473,-1,1558,1560,1556,-1,1556,1560,1562,-1,1556,1562,1540,-1,1540,1562,1538,-1,1479,1478,1536,-1,1529,1494,1496,-1,1479,1536,1567,-1,1478,1483,1536,-1,1536,1483,1485,-1,1536,1485,1534,-1,1534,1485,1487,-1,1534,1487,1532,-1,1532,1487,1489,-1,1532,1489,1530,-1,1530,1489,1490,-1,1530,1490,1529,-1,1529,1490,1492,-1,1529,1492,1494,-1,1542,1544,1556,-1,1556,1544,1477,-1,1556,1477,1554,-1,1554,1477,1475,-1,1554,1475,1473,-1,1525,1527,1510,-1,1510,1527,1529,-1,1510,1529,1509,-1,1509,1529,1496,-1,1538,1562,1536,-1,1536,1562,1564,-1,1536,1564,1567,-1,1513,1515,1521,-1,1521,1515,1517,-1,1521,1517,1519,-1,1513,1521,1510,-1,1510,1521,1523,-1,1510,1523,1525,-1,1503,1496,1501,-1,1501,1496,1499,-1,1503,1505,1496,-1,1496,1505,1507,-1,1496,1507,1509,-1,1553,1551,1549,-1,1561,1559,1563,-1,1563,1559,1557,-1,1563,1557,1545,-1,1549,1547,1553,-1,1553,1547,1470,-1,1553,1470,1555,-1,1497,1495,1528,-1,1470,1472,1555,-1,1555,1472,1474,-1,1555,1474,1557,-1,1557,1474,1476,-1,1557,1476,1545,-1,1535,1533,1488,-1,1488,1533,1531,-1,1488,1531,1491,-1,1491,1531,1528,-1,1491,1528,1493,-1,1493,1528,1495,-1,1488,1486,1535,-1,1535,1486,1484,-1,1535,1484,1537,-1,1537,1484,1482,-1,1537,1482,1539,-1,1539,1482,1480,-1,1539,1480,1541,-1,1541,1480,1481,-1,1541,1481,1543,-1,1543,1481,1566,-1,1543,1566,1545,-1,1545,1566,1565,-1,1545,1565,1563,-1,1497,1528,1511,-1,1511,1528,1526,-1,1511,1526,1524,-1,1514,1520,1516,-1,1516,1520,1518,-1,1524,1522,1511,-1,1511,1522,1520,-1,1511,1520,1512,-1,1512,1520,1514,-1,1511,1508,1497,-1,1497,1508,1506,-1,1497,1506,1504,-1,1504,1502,1497,-1,1497,1502,1500,-1,1497,1500,1498,-1,1568,1569,1570,-1,1570,1569,1571,-1,1572,1573,1574,-1,1574,1573,1575,-1,1576,1577,1578,-1,1578,1577,1579,-1,1576,1578,1580,-1,1576,1580,1581,-1,1581,1580,1582,-1,1581,1582,1583,-1,1583,1582,1584,-1,1583,1584,1585,-1,1585,1584,1586,-1,1585,1586,1587,-1,1588,1587,1589,-1,1589,1587,1586,-1,1588,1589,1590,-1,1590,1589,1591,-1,1590,1591,1592,-1,1592,1591,1593,-1,1594,1592,1595,-1,1595,1592,1593,-1,1594,1595,1596,-1,1594,1596,1597,-1,1597,1596,1598,-1,1597,1598,1599,-1,1599,1598,1600,-1,1599,1600,1601,-1,1601,1600,1602,-1,1601,1602,1603,-1,1603,1602,1604,-1,1603,1604,1605,-1,1605,1604,1606,-1,1605,1606,1607,-1,1608,1607,1609,-1,1609,1607,1606,-1,1608,1609,1610,-1,1608,1610,1611,-1,1611,1610,1612,-1,1611,1612,1613,-1,1613,1612,1614,-1,1613,1614,1615,-1,1615,1614,1616,-1,1615,1616,1617,-1,1617,1616,1618,-1,1617,1618,1619,-1,1619,1618,1620,-1,1619,1620,1621,-1,1621,1620,1622,-1,1621,1622,1623,-1,1623,1622,1624,-1,1623,1624,1625,-1,1625,1624,1626,-1,1625,1626,1627,-1,1628,1627,1629,-1,1629,1627,1626,-1,1628,1629,1630,-1,1630,1629,1631,-1,1630,1631,1632,-1,1632,1631,1633,-1,1632,1633,1634,-1,1634,1633,1635,-1,1634,1635,1636,-1,1636,1635,1637,-1,1636,1637,1638,-1,1638,1637,1639,-1,1638,1639,1640,-1,1640,1639,1641,-1,1642,1640,1643,-1,1643,1640,1641,-1,1644,1569,1645,-1,1645,1569,1568,-1,1646,1644,1647,-1,1647,1644,1645,-1,1648,1646,1649,-1,1649,1646,1647,-1,1650,1648,1651,-1,1651,1648,1649,-1,1652,1650,1653,-1,1653,1650,1651,-1,1654,1652,1655,-1,1655,1652,1653,-1,1656,1654,1657,-1,1657,1654,1655,-1,1658,1656,1659,-1,1659,1656,1657,-1,1660,1658,1661,-1,1661,1658,1659,-1,1662,1660,1663,-1,1663,1660,1661,-1,1662,1663,1664,-1,1662,1664,1665,-1,1665,1664,1579,-1,1665,1579,1577,-1,1654,1638,1640,-1,1646,1648,1644,-1,1644,1648,1650,-1,1644,1650,1569,-1,1569,1650,1652,-1,1569,1652,1571,-1,1656,1658,1654,-1,1654,1658,1660,-1,1654,1660,1638,-1,1638,1660,1636,-1,1577,1576,1634,-1,1627,1592,1594,-1,1577,1634,1665,-1,1576,1581,1634,-1,1634,1581,1583,-1,1634,1583,1632,-1,1632,1583,1585,-1,1632,1585,1630,-1,1630,1585,1587,-1,1630,1587,1628,-1,1628,1587,1588,-1,1628,1588,1627,-1,1627,1588,1590,-1,1627,1590,1592,-1,1640,1642,1654,-1,1654,1642,1575,-1,1654,1575,1652,-1,1652,1575,1573,-1,1652,1573,1571,-1,1623,1625,1608,-1,1608,1625,1627,-1,1608,1627,1607,-1,1607,1627,1594,-1,1636,1660,1634,-1,1634,1660,1662,-1,1634,1662,1665,-1,1611,1613,1619,-1,1619,1613,1615,-1,1619,1615,1617,-1,1611,1619,1608,-1,1608,1619,1621,-1,1608,1621,1623,-1,1601,1594,1599,-1,1599,1594,1597,-1,1601,1603,1594,-1,1594,1603,1605,-1,1594,1605,1607,-1,1651,1649,1647,-1,1659,1657,1661,-1,1661,1657,1655,-1,1661,1655,1643,-1,1647,1645,1651,-1,1651,1645,1568,-1,1651,1568,1653,-1,1595,1593,1626,-1,1568,1570,1653,-1,1653,1570,1572,-1,1653,1572,1655,-1,1655,1572,1574,-1,1655,1574,1643,-1,1633,1631,1586,-1,1586,1631,1629,-1,1586,1629,1589,-1,1589,1629,1626,-1,1589,1626,1591,-1,1591,1626,1593,-1,1586,1584,1633,-1,1633,1584,1582,-1,1633,1582,1635,-1,1635,1582,1580,-1,1635,1580,1637,-1,1637,1580,1578,-1,1637,1578,1639,-1,1639,1578,1579,-1,1639,1579,1641,-1,1641,1579,1664,-1,1641,1664,1643,-1,1643,1664,1663,-1,1643,1663,1661,-1,1595,1626,1609,-1,1609,1626,1624,-1,1609,1624,1622,-1,1612,1618,1614,-1,1614,1618,1616,-1,1622,1620,1609,-1,1609,1620,1618,-1,1609,1618,1610,-1,1610,1618,1612,-1,1609,1606,1595,-1,1595,1606,1604,-1,1595,1604,1602,-1,1602,1600,1595,-1,1595,1600,1598,-1,1595,1598,1596,-1,1666,1667,1668,-1,1668,1667,1669,-1,1670,1671,1672,-1,1672,1671,1673,-1,1674,1675,1676,-1,1676,1675,1677,-1,1674,1676,1678,-1,1674,1678,1679,-1,1679,1678,1680,-1,1679,1680,1681,-1,1681,1680,1682,-1,1681,1682,1683,-1,1683,1682,1684,-1,1683,1684,1685,-1,1686,1685,1687,-1,1687,1685,1684,-1,1686,1687,1688,-1,1688,1687,1689,-1,1688,1689,1690,-1,1690,1689,1691,-1,1692,1690,1693,-1,1693,1690,1691,-1,1692,1693,1694,-1,1692,1694,1695,-1,1695,1694,1696,-1,1695,1696,1697,-1,1697,1696,1698,-1,1697,1698,1699,-1,1699,1698,1700,-1,1699,1700,1701,-1,1701,1700,1702,-1,1701,1702,1703,-1,1703,1702,1704,-1,1703,1704,1705,-1,1706,1705,1707,-1,1707,1705,1704,-1,1706,1707,1708,-1,1706,1708,1709,-1,1709,1708,1710,-1,1709,1710,1711,-1,1711,1710,1712,-1,1711,1712,1713,-1,1713,1712,1714,-1,1713,1714,1715,-1,1715,1714,1716,-1,1715,1716,1717,-1,1717,1716,1718,-1,1717,1718,1719,-1,1719,1718,1720,-1,1719,1720,1721,-1,1721,1720,1722,-1,1721,1722,1723,-1,1723,1722,1724,-1,1723,1724,1725,-1,1726,1725,1727,-1,1727,1725,1724,-1,1726,1727,1728,-1,1728,1727,1729,-1,1728,1729,1730,-1,1730,1729,1731,-1,1730,1731,1732,-1,1732,1731,1733,-1,1732,1733,1734,-1,1734,1733,1735,-1,1734,1735,1736,-1,1736,1735,1737,-1,1736,1737,1738,-1,1738,1737,1739,-1,1740,1738,1741,-1,1741,1738,1739,-1,1742,1667,1743,-1,1743,1667,1666,-1,1744,1742,1745,-1,1745,1742,1743,-1,1746,1744,1747,-1,1747,1744,1745,-1,1748,1746,1749,-1,1749,1746,1747,-1,1750,1748,1751,-1,1751,1748,1749,-1,1752,1750,1753,-1,1753,1750,1751,-1,1754,1752,1755,-1,1755,1752,1753,-1,1756,1754,1757,-1,1757,1754,1755,-1,1758,1756,1759,-1,1759,1756,1757,-1,1760,1758,1761,-1,1761,1758,1759,-1,1760,1761,1762,-1,1760,1762,1763,-1,1763,1762,1677,-1,1763,1677,1675,-1,1752,1736,1738,-1,1744,1746,1742,-1,1742,1746,1748,-1,1742,1748,1667,-1,1667,1748,1750,-1,1667,1750,1669,-1,1754,1756,1752,-1,1752,1756,1758,-1,1752,1758,1736,-1,1736,1758,1734,-1,1675,1674,1732,-1,1725,1690,1692,-1,1675,1732,1763,-1,1674,1679,1732,-1,1732,1679,1681,-1,1732,1681,1730,-1,1730,1681,1683,-1,1730,1683,1728,-1,1728,1683,1685,-1,1728,1685,1726,-1,1726,1685,1686,-1,1726,1686,1725,-1,1725,1686,1688,-1,1725,1688,1690,-1,1738,1740,1752,-1,1752,1740,1673,-1,1752,1673,1750,-1,1750,1673,1671,-1,1750,1671,1669,-1,1721,1723,1706,-1,1706,1723,1725,-1,1706,1725,1705,-1,1705,1725,1692,-1,1734,1758,1732,-1,1732,1758,1760,-1,1732,1760,1763,-1,1709,1711,1717,-1,1717,1711,1713,-1,1717,1713,1715,-1,1709,1717,1706,-1,1706,1717,1719,-1,1706,1719,1721,-1,1699,1692,1697,-1,1697,1692,1695,-1,1699,1701,1692,-1,1692,1701,1703,-1,1692,1703,1705,-1,1749,1747,1745,-1,1757,1755,1759,-1,1759,1755,1753,-1,1759,1753,1741,-1,1745,1743,1749,-1,1749,1743,1666,-1,1749,1666,1751,-1,1693,1691,1724,-1,1666,1668,1751,-1,1751,1668,1670,-1,1751,1670,1753,-1,1753,1670,1672,-1,1753,1672,1741,-1,1731,1729,1684,-1,1684,1729,1727,-1,1684,1727,1687,-1,1687,1727,1724,-1,1687,1724,1689,-1,1689,1724,1691,-1,1684,1682,1731,-1,1731,1682,1680,-1,1731,1680,1733,-1,1733,1680,1678,-1,1733,1678,1735,-1,1735,1678,1676,-1,1735,1676,1737,-1,1737,1676,1677,-1,1737,1677,1739,-1,1739,1677,1762,-1,1739,1762,1741,-1,1741,1762,1761,-1,1741,1761,1759,-1,1693,1724,1707,-1,1707,1724,1722,-1,1707,1722,1720,-1,1710,1716,1712,-1,1712,1716,1714,-1,1720,1718,1707,-1,1707,1718,1716,-1,1707,1716,1708,-1,1708,1716,1710,-1,1707,1704,1693,-1,1693,1704,1702,-1,1693,1702,1700,-1,1700,1698,1693,-1,1693,1698,1696,-1,1693,1696,1694,-1,1764,1765,1766,-1,1766,1765,1767,-1,1768,1769,1770,-1,1770,1769,1771,-1,1772,1773,1774,-1,1774,1773,1775,-1,1772,1774,1776,-1,1772,1776,1777,-1,1777,1776,1778,-1,1777,1778,1779,-1,1779,1778,1780,-1,1779,1780,1781,-1,1781,1780,1782,-1,1781,1782,1783,-1,1784,1783,1785,-1,1785,1783,1782,-1,1784,1785,1786,-1,1786,1785,1787,-1,1786,1787,1788,-1,1788,1787,1789,-1,1790,1788,1791,-1,1791,1788,1789,-1,1790,1791,1792,-1,1790,1792,1793,-1,1793,1792,1794,-1,1793,1794,1795,-1,1795,1794,1796,-1,1795,1796,1797,-1,1797,1796,1798,-1,1797,1798,1799,-1,1799,1798,1800,-1,1799,1800,1801,-1,1801,1800,1802,-1,1801,1802,1803,-1,1804,1803,1805,-1,1805,1803,1802,-1,1804,1805,1806,-1,1804,1806,1807,-1,1807,1806,1808,-1,1807,1808,1809,-1,1809,1808,1810,-1,1809,1810,1811,-1,1811,1810,1812,-1,1811,1812,1813,-1,1813,1812,1814,-1,1813,1814,1815,-1,1815,1814,1816,-1,1815,1816,1817,-1,1817,1816,1818,-1,1817,1818,1819,-1,1819,1818,1820,-1,1819,1820,1821,-1,1821,1820,1822,-1,1821,1822,1823,-1,1824,1823,1825,-1,1825,1823,1822,-1,1824,1825,1826,-1,1826,1825,1827,-1,1826,1827,1828,-1,1828,1827,1829,-1,1828,1829,1830,-1,1830,1829,1831,-1,1830,1831,1832,-1,1832,1831,1833,-1,1832,1833,1834,-1,1834,1833,1835,-1,1834,1835,1836,-1,1836,1835,1837,-1,1838,1836,1839,-1,1839,1836,1837,-1,1840,1765,1841,-1,1841,1765,1764,-1,1842,1840,1843,-1,1843,1840,1841,-1,1844,1842,1845,-1,1845,1842,1843,-1,1846,1844,1847,-1,1847,1844,1845,-1,1848,1846,1849,-1,1849,1846,1847,-1,1850,1848,1851,-1,1851,1848,1849,-1,1852,1850,1853,-1,1853,1850,1851,-1,1854,1852,1855,-1,1855,1852,1853,-1,1856,1854,1857,-1,1857,1854,1855,-1,1858,1856,1859,-1,1859,1856,1857,-1,1858,1859,1860,-1,1858,1860,1861,-1,1861,1860,1775,-1,1861,1775,1773,-1,1850,1834,1836,-1,1842,1844,1840,-1,1840,1844,1846,-1,1840,1846,1765,-1,1765,1846,1848,-1,1765,1848,1767,-1,1852,1854,1850,-1,1850,1854,1856,-1,1850,1856,1834,-1,1834,1856,1832,-1,1773,1772,1830,-1,1823,1788,1790,-1,1773,1830,1861,-1,1772,1777,1830,-1,1830,1777,1779,-1,1830,1779,1828,-1,1828,1779,1781,-1,1828,1781,1826,-1,1826,1781,1783,-1,1826,1783,1824,-1,1824,1783,1784,-1,1824,1784,1823,-1,1823,1784,1786,-1,1823,1786,1788,-1,1836,1838,1850,-1,1850,1838,1771,-1,1850,1771,1848,-1,1848,1771,1769,-1,1848,1769,1767,-1,1819,1821,1804,-1,1804,1821,1823,-1,1804,1823,1803,-1,1803,1823,1790,-1,1832,1856,1830,-1,1830,1856,1858,-1,1830,1858,1861,-1,1807,1809,1815,-1,1815,1809,1811,-1,1815,1811,1813,-1,1807,1815,1804,-1,1804,1815,1817,-1,1804,1817,1819,-1,1797,1790,1795,-1,1795,1790,1793,-1,1797,1799,1790,-1,1790,1799,1801,-1,1790,1801,1803,-1,1847,1845,1843,-1,1855,1853,1857,-1,1857,1853,1851,-1,1857,1851,1839,-1,1843,1841,1847,-1,1847,1841,1764,-1,1847,1764,1849,-1,1791,1789,1822,-1,1764,1766,1849,-1,1849,1766,1768,-1,1849,1768,1851,-1,1851,1768,1770,-1,1851,1770,1839,-1,1829,1827,1782,-1,1782,1827,1825,-1,1782,1825,1785,-1,1785,1825,1822,-1,1785,1822,1787,-1,1787,1822,1789,-1,1782,1780,1829,-1,1829,1780,1778,-1,1829,1778,1831,-1,1831,1778,1776,-1,1831,1776,1833,-1,1833,1776,1774,-1,1833,1774,1835,-1,1835,1774,1775,-1,1835,1775,1837,-1,1837,1775,1860,-1,1837,1860,1839,-1,1839,1860,1859,-1,1839,1859,1857,-1,1791,1822,1805,-1,1805,1822,1820,-1,1805,1820,1818,-1,1808,1814,1810,-1,1810,1814,1812,-1,1818,1816,1805,-1,1805,1816,1814,-1,1805,1814,1806,-1,1806,1814,1808,-1,1805,1802,1791,-1,1791,1802,1800,-1,1791,1800,1798,-1,1798,1796,1791,-1,1791,1796,1794,-1,1791,1794,1792,-1,1862,1863,1864,-1,1864,1863,1865,-1,1866,1867,1868,-1,1868,1867,1869,-1,1870,1871,1872,-1,1872,1871,1873,-1,1870,1872,1874,-1,1870,1874,1875,-1,1875,1874,1876,-1,1875,1876,1877,-1,1877,1876,1878,-1,1877,1878,1879,-1,1879,1878,1880,-1,1879,1880,1881,-1,1882,1881,1883,-1,1883,1881,1880,-1,1882,1883,1884,-1,1884,1883,1885,-1,1884,1885,1886,-1,1886,1885,1887,-1,1888,1886,1889,-1,1889,1886,1887,-1,1888,1889,1890,-1,1888,1890,1891,-1,1891,1890,1892,-1,1891,1892,1893,-1,1893,1892,1894,-1,1893,1894,1895,-1,1895,1894,1896,-1,1895,1896,1897,-1,1897,1896,1898,-1,1897,1898,1899,-1,1899,1898,1900,-1,1899,1900,1901,-1,1902,1901,1903,-1,1903,1901,1900,-1,1902,1903,1904,-1,1902,1904,1905,-1,1905,1904,1906,-1,1905,1906,1907,-1,1907,1906,1908,-1,1907,1908,1909,-1,1909,1908,1910,-1,1909,1910,1911,-1,1911,1910,1912,-1,1911,1912,1913,-1,1913,1912,1914,-1,1913,1914,1915,-1,1915,1914,1916,-1,1915,1916,1917,-1,1917,1916,1918,-1,1917,1918,1919,-1,1919,1918,1920,-1,1919,1920,1921,-1,1922,1921,1923,-1,1923,1921,1920,-1,1922,1923,1924,-1,1924,1923,1925,-1,1924,1925,1926,-1,1926,1925,1927,-1,1926,1927,1928,-1,1928,1927,1929,-1,1928,1929,1930,-1,1930,1929,1931,-1,1930,1931,1932,-1,1932,1931,1933,-1,1932,1933,1934,-1,1934,1933,1935,-1,1936,1934,1937,-1,1937,1934,1935,-1,1938,1863,1939,-1,1939,1863,1862,-1,1940,1938,1941,-1,1941,1938,1939,-1,1942,1940,1943,-1,1943,1940,1941,-1,1944,1942,1945,-1,1945,1942,1943,-1,1946,1944,1947,-1,1947,1944,1945,-1,1948,1946,1949,-1,1949,1946,1947,-1,1950,1948,1951,-1,1951,1948,1949,-1,1952,1950,1953,-1,1953,1950,1951,-1,1954,1952,1955,-1,1955,1952,1953,-1,1956,1954,1957,-1,1957,1954,1955,-1,1956,1957,1958,-1,1956,1958,1959,-1,1959,1958,1873,-1,1959,1873,1871,-1,1948,1932,1934,-1,1940,1942,1938,-1,1938,1942,1944,-1,1938,1944,1863,-1,1863,1944,1946,-1,1863,1946,1865,-1,1950,1952,1948,-1,1948,1952,1954,-1,1948,1954,1932,-1,1932,1954,1930,-1,1871,1870,1928,-1,1921,1886,1888,-1,1871,1928,1959,-1,1870,1875,1928,-1,1928,1875,1877,-1,1928,1877,1926,-1,1926,1877,1879,-1,1926,1879,1924,-1,1924,1879,1881,-1,1924,1881,1922,-1,1922,1881,1882,-1,1922,1882,1921,-1,1921,1882,1884,-1,1921,1884,1886,-1,1934,1936,1948,-1,1948,1936,1869,-1,1948,1869,1946,-1,1946,1869,1867,-1,1946,1867,1865,-1,1917,1919,1902,-1,1902,1919,1921,-1,1902,1921,1901,-1,1901,1921,1888,-1,1930,1954,1928,-1,1928,1954,1956,-1,1928,1956,1959,-1,1905,1907,1913,-1,1913,1907,1909,-1,1913,1909,1911,-1,1905,1913,1902,-1,1902,1913,1915,-1,1902,1915,1917,-1,1895,1888,1893,-1,1893,1888,1891,-1,1895,1897,1888,-1,1888,1897,1899,-1,1888,1899,1901,-1,1945,1943,1941,-1,1953,1951,1955,-1,1955,1951,1949,-1,1955,1949,1937,-1,1941,1939,1945,-1,1945,1939,1862,-1,1945,1862,1947,-1,1889,1887,1920,-1,1862,1864,1947,-1,1947,1864,1866,-1,1947,1866,1949,-1,1949,1866,1868,-1,1949,1868,1937,-1,1927,1925,1880,-1,1880,1925,1923,-1,1880,1923,1883,-1,1883,1923,1920,-1,1883,1920,1885,-1,1885,1920,1887,-1,1880,1878,1927,-1,1927,1878,1876,-1,1927,1876,1929,-1,1929,1876,1874,-1,1929,1874,1931,-1,1931,1874,1872,-1,1931,1872,1933,-1,1933,1872,1873,-1,1933,1873,1935,-1,1935,1873,1958,-1,1935,1958,1937,-1,1937,1958,1957,-1,1937,1957,1955,-1,1889,1920,1903,-1,1903,1920,1918,-1,1903,1918,1916,-1,1906,1912,1908,-1,1908,1912,1910,-1,1916,1914,1903,-1,1903,1914,1912,-1,1903,1912,1904,-1,1904,1912,1906,-1,1903,1900,1889,-1,1889,1900,1898,-1,1889,1898,1896,-1,1896,1894,1889,-1,1889,1894,1892,-1,1889,1892,1890,-1,1960,1961,1962,-1,1962,1961,1963,-1,1964,1965,1966,-1,1966,1965,1967,-1,1968,1969,1970,-1,1970,1969,1971,-1,1968,1970,1972,-1,1968,1972,1973,-1,1973,1972,1974,-1,1973,1974,1975,-1,1975,1974,1976,-1,1975,1976,1977,-1,1977,1976,1978,-1,1977,1978,1979,-1,1980,1979,1981,-1,1981,1979,1978,-1,1980,1981,1982,-1,1982,1981,1983,-1,1982,1983,1984,-1,1984,1983,1985,-1,1986,1984,1987,-1,1987,1984,1985,-1,1986,1987,1988,-1,1986,1988,1989,-1,1989,1988,1990,-1,1989,1990,1991,-1,1991,1990,1992,-1,1991,1992,1993,-1,1993,1992,1994,-1,1993,1994,1995,-1,1995,1994,1996,-1,1995,1996,1997,-1,1997,1996,1998,-1,1997,1998,1999,-1,2000,1999,2001,-1,2001,1999,1998,-1,2000,2001,2002,-1,2000,2002,2003,-1,2003,2002,2004,-1,2003,2004,2005,-1,2005,2004,2006,-1,2005,2006,2007,-1,2007,2006,2008,-1,2007,2008,2009,-1,2009,2008,2010,-1,2009,2010,2011,-1,2011,2010,2012,-1,2011,2012,2013,-1,2013,2012,2014,-1,2013,2014,2015,-1,2015,2014,2016,-1,2015,2016,2017,-1,2017,2016,2018,-1,2017,2018,2019,-1,2020,2019,2021,-1,2021,2019,2018,-1,2020,2021,2022,-1,2022,2021,2023,-1,2022,2023,2024,-1,2024,2023,2025,-1,2024,2025,2026,-1,2026,2025,2027,-1,2026,2027,2028,-1,2028,2027,2029,-1,2028,2029,2030,-1,2030,2029,2031,-1,2030,2031,2032,-1,2032,2031,2033,-1,2034,2032,2035,-1,2035,2032,2033,-1,2036,1961,2037,-1,2037,1961,1960,-1,2038,2036,2039,-1,2039,2036,2037,-1,2040,2038,2041,-1,2041,2038,2039,-1,2042,2040,2043,-1,2043,2040,2041,-1,2044,2042,2045,-1,2045,2042,2043,-1,2046,2044,2047,-1,2047,2044,2045,-1,2048,2046,2049,-1,2049,2046,2047,-1,2050,2048,2051,-1,2051,2048,2049,-1,2052,2050,2053,-1,2053,2050,2051,-1,2054,2052,2055,-1,2055,2052,2053,-1,2054,2055,2056,-1,2054,2056,2057,-1,2057,2056,1971,-1,2057,1971,1969,-1,2046,2030,2032,-1,2038,2040,2036,-1,2036,2040,2042,-1,2036,2042,1961,-1,1961,2042,2044,-1,1961,2044,1963,-1,2048,2050,2046,-1,2046,2050,2052,-1,2046,2052,2030,-1,2030,2052,2028,-1,1969,1968,2026,-1,2019,1984,1986,-1,1969,2026,2057,-1,1968,1973,2026,-1,2026,1973,1975,-1,2026,1975,2024,-1,2024,1975,1977,-1,2024,1977,2022,-1,2022,1977,1979,-1,2022,1979,2020,-1,2020,1979,1980,-1,2020,1980,2019,-1,2019,1980,1982,-1,2019,1982,1984,-1,2032,2034,2046,-1,2046,2034,1967,-1,2046,1967,2044,-1,2044,1967,1965,-1,2044,1965,1963,-1,2015,2017,2000,-1,2000,2017,2019,-1,2000,2019,1999,-1,1999,2019,1986,-1,2028,2052,2026,-1,2026,2052,2054,-1,2026,2054,2057,-1,2003,2005,2011,-1,2011,2005,2007,-1,2011,2007,2009,-1,2003,2011,2000,-1,2000,2011,2013,-1,2000,2013,2015,-1,1993,1986,1991,-1,1991,1986,1989,-1,1993,1995,1986,-1,1986,1995,1997,-1,1986,1997,1999,-1,2043,2041,2039,-1,2051,2049,2053,-1,2053,2049,2047,-1,2053,2047,2035,-1,2039,2037,2043,-1,2043,2037,1960,-1,2043,1960,2045,-1,1987,1985,2018,-1,1960,1962,2045,-1,2045,1962,1964,-1,2045,1964,2047,-1,2047,1964,1966,-1,2047,1966,2035,-1,2025,2023,1978,-1,1978,2023,2021,-1,1978,2021,1981,-1,1981,2021,2018,-1,1981,2018,1983,-1,1983,2018,1985,-1,1978,1976,2025,-1,2025,1976,1974,-1,2025,1974,2027,-1,2027,1974,1972,-1,2027,1972,2029,-1,2029,1972,1970,-1,2029,1970,2031,-1,2031,1970,1971,-1,2031,1971,2033,-1,2033,1971,2056,-1,2033,2056,2035,-1,2035,2056,2055,-1,2035,2055,2053,-1,1987,2018,2001,-1,2001,2018,2016,-1,2001,2016,2014,-1,2004,2010,2006,-1,2006,2010,2008,-1,2014,2012,2001,-1,2001,2012,2010,-1,2001,2010,2002,-1,2002,2010,2004,-1,2001,1998,1987,-1,1987,1998,1996,-1,1987,1996,1994,-1,1994,1992,1987,-1,1987,1992,1990,-1,1987,1990,1988,-1,2058,2059,2060,-1,2060,2059,2061,-1,2062,2063,2064,-1,2064,2063,2065,-1,2066,2067,2068,-1,2068,2067,2069,-1,2066,2068,2070,-1,2066,2070,2071,-1,2071,2070,2072,-1,2071,2072,2073,-1,2073,2072,2074,-1,2073,2074,2075,-1,2075,2074,2076,-1,2075,2076,2077,-1,2078,2077,2079,-1,2079,2077,2076,-1,2078,2079,2080,-1,2080,2079,2081,-1,2080,2081,2082,-1,2082,2081,2083,-1,2084,2082,2085,-1,2085,2082,2083,-1,2084,2085,2086,-1,2084,2086,2087,-1,2087,2086,2088,-1,2087,2088,2089,-1,2089,2088,2090,-1,2089,2090,2091,-1,2091,2090,2092,-1,2091,2092,2093,-1,2093,2092,2094,-1,2093,2094,2095,-1,2095,2094,2096,-1,2095,2096,2097,-1,2098,2097,2099,-1,2099,2097,2096,-1,2098,2099,2100,-1,2098,2100,2101,-1,2101,2100,2102,-1,2101,2102,2103,-1,2103,2102,2104,-1,2103,2104,2105,-1,2105,2104,2106,-1,2105,2106,2107,-1,2107,2106,2108,-1,2107,2108,2109,-1,2109,2108,2110,-1,2109,2110,2111,-1,2111,2110,2112,-1,2111,2112,2113,-1,2113,2112,2114,-1,2113,2114,2115,-1,2115,2114,2116,-1,2115,2116,2117,-1,2118,2117,2119,-1,2119,2117,2116,-1,2118,2119,2120,-1,2120,2119,2121,-1,2120,2121,2122,-1,2122,2121,2123,-1,2122,2123,2124,-1,2124,2123,2125,-1,2124,2125,2126,-1,2126,2125,2127,-1,2126,2127,2128,-1,2128,2127,2129,-1,2128,2129,2130,-1,2130,2129,2131,-1,2132,2130,2133,-1,2133,2130,2131,-1,2134,2059,2135,-1,2135,2059,2058,-1,2136,2134,2137,-1,2137,2134,2135,-1,2138,2136,2139,-1,2139,2136,2137,-1,2140,2138,2141,-1,2141,2138,2139,-1,2142,2140,2143,-1,2143,2140,2141,-1,2144,2142,2145,-1,2145,2142,2143,-1,2146,2144,2147,-1,2147,2144,2145,-1,2148,2146,2149,-1,2149,2146,2147,-1,2150,2148,2151,-1,2151,2148,2149,-1,2152,2150,2153,-1,2153,2150,2151,-1,2152,2153,2154,-1,2152,2154,2155,-1,2155,2154,2069,-1,2155,2069,2067,-1,2144,2128,2130,-1,2136,2138,2134,-1,2134,2138,2140,-1,2134,2140,2059,-1,2059,2140,2142,-1,2059,2142,2061,-1,2146,2148,2144,-1,2144,2148,2150,-1,2144,2150,2128,-1,2128,2150,2126,-1,2067,2066,2124,-1,2117,2082,2084,-1,2067,2124,2155,-1,2066,2071,2124,-1,2124,2071,2073,-1,2124,2073,2122,-1,2122,2073,2075,-1,2122,2075,2120,-1,2120,2075,2077,-1,2120,2077,2118,-1,2118,2077,2078,-1,2118,2078,2117,-1,2117,2078,2080,-1,2117,2080,2082,-1,2130,2132,2144,-1,2144,2132,2065,-1,2144,2065,2142,-1,2142,2065,2063,-1,2142,2063,2061,-1,2113,2115,2098,-1,2098,2115,2117,-1,2098,2117,2097,-1,2097,2117,2084,-1,2126,2150,2124,-1,2124,2150,2152,-1,2124,2152,2155,-1,2101,2103,2109,-1,2109,2103,2105,-1,2109,2105,2107,-1,2101,2109,2098,-1,2098,2109,2111,-1,2098,2111,2113,-1,2091,2084,2089,-1,2089,2084,2087,-1,2091,2093,2084,-1,2084,2093,2095,-1,2084,2095,2097,-1,2141,2139,2137,-1,2149,2147,2151,-1,2151,2147,2145,-1,2151,2145,2133,-1,2137,2135,2141,-1,2141,2135,2058,-1,2141,2058,2143,-1,2085,2083,2116,-1,2058,2060,2143,-1,2143,2060,2062,-1,2143,2062,2145,-1,2145,2062,2064,-1,2145,2064,2133,-1,2123,2121,2076,-1,2076,2121,2119,-1,2076,2119,2079,-1,2079,2119,2116,-1,2079,2116,2081,-1,2081,2116,2083,-1,2076,2074,2123,-1,2123,2074,2072,-1,2123,2072,2125,-1,2125,2072,2070,-1,2125,2070,2127,-1,2127,2070,2068,-1,2127,2068,2129,-1,2129,2068,2069,-1,2129,2069,2131,-1,2131,2069,2154,-1,2131,2154,2133,-1,2133,2154,2153,-1,2133,2153,2151,-1,2085,2116,2099,-1,2099,2116,2114,-1,2099,2114,2112,-1,2102,2108,2104,-1,2104,2108,2106,-1,2112,2110,2099,-1,2099,2110,2108,-1,2099,2108,2100,-1,2100,2108,2102,-1,2099,2096,2085,-1,2085,2096,2094,-1,2085,2094,2092,-1,2092,2090,2085,-1,2085,2090,2088,-1,2085,2088,2086,-1,2156,2157,2158,-1,2158,2157,2159,-1,2160,2161,2162,-1,2162,2161,2163,-1,2164,2165,2166,-1,2166,2165,2167,-1,2164,2166,2168,-1,2164,2168,2169,-1,2169,2168,2170,-1,2169,2170,2171,-1,2171,2170,2172,-1,2171,2172,2173,-1,2173,2172,2174,-1,2173,2174,2175,-1,2176,2175,2177,-1,2177,2175,2174,-1,2176,2177,2178,-1,2178,2177,2179,-1,2178,2179,2180,-1,2180,2179,2181,-1,2182,2180,2183,-1,2183,2180,2181,-1,2182,2183,2184,-1,2182,2184,2185,-1,2185,2184,2186,-1,2185,2186,2187,-1,2187,2186,2188,-1,2187,2188,2189,-1,2189,2188,2190,-1,2189,2190,2191,-1,2191,2190,2192,-1,2191,2192,2193,-1,2193,2192,2194,-1,2193,2194,2195,-1,2196,2195,2197,-1,2197,2195,2194,-1,2196,2197,2198,-1,2196,2198,2199,-1,2199,2198,2200,-1,2199,2200,2201,-1,2201,2200,2202,-1,2201,2202,2203,-1,2203,2202,2204,-1,2203,2204,2205,-1,2205,2204,2206,-1,2205,2206,2207,-1,2207,2206,2208,-1,2207,2208,2209,-1,2209,2208,2210,-1,2209,2210,2211,-1,2211,2210,2212,-1,2211,2212,2213,-1,2213,2212,2214,-1,2213,2214,2215,-1,2216,2215,2217,-1,2217,2215,2214,-1,2216,2217,2218,-1,2218,2217,2219,-1,2218,2219,2220,-1,2220,2219,2221,-1,2220,2221,2222,-1,2222,2221,2223,-1,2222,2223,2224,-1,2224,2223,2225,-1,2224,2225,2226,-1,2226,2225,2227,-1,2226,2227,2228,-1,2228,2227,2229,-1,2230,2228,2231,-1,2231,2228,2229,-1,2232,2157,2233,-1,2233,2157,2156,-1,2234,2232,2235,-1,2235,2232,2233,-1,2236,2234,2237,-1,2237,2234,2235,-1,2238,2236,2239,-1,2239,2236,2237,-1,2240,2238,2241,-1,2241,2238,2239,-1,2242,2240,2243,-1,2243,2240,2241,-1,2244,2242,2245,-1,2245,2242,2243,-1,2246,2244,2247,-1,2247,2244,2245,-1,2248,2246,2249,-1,2249,2246,2247,-1,2250,2248,2251,-1,2251,2248,2249,-1,2250,2251,2252,-1,2250,2252,2253,-1,2253,2252,2167,-1,2253,2167,2165,-1,2242,2226,2228,-1,2234,2236,2232,-1,2232,2236,2238,-1,2232,2238,2157,-1,2157,2238,2240,-1,2157,2240,2159,-1,2244,2246,2242,-1,2242,2246,2248,-1,2242,2248,2226,-1,2226,2248,2224,-1,2165,2164,2222,-1,2215,2180,2182,-1,2165,2222,2253,-1,2164,2169,2222,-1,2222,2169,2171,-1,2222,2171,2220,-1,2220,2171,2173,-1,2220,2173,2218,-1,2218,2173,2175,-1,2218,2175,2216,-1,2216,2175,2176,-1,2216,2176,2215,-1,2215,2176,2178,-1,2215,2178,2180,-1,2228,2230,2242,-1,2242,2230,2163,-1,2242,2163,2240,-1,2240,2163,2161,-1,2240,2161,2159,-1,2211,2213,2196,-1,2196,2213,2215,-1,2196,2215,2195,-1,2195,2215,2182,-1,2224,2248,2222,-1,2222,2248,2250,-1,2222,2250,2253,-1,2199,2201,2207,-1,2207,2201,2203,-1,2207,2203,2205,-1,2199,2207,2196,-1,2196,2207,2209,-1,2196,2209,2211,-1,2189,2182,2187,-1,2187,2182,2185,-1,2189,2191,2182,-1,2182,2191,2193,-1,2182,2193,2195,-1,2239,2237,2235,-1,2247,2245,2249,-1,2249,2245,2243,-1,2249,2243,2231,-1,2235,2233,2239,-1,2239,2233,2156,-1,2239,2156,2241,-1,2183,2181,2214,-1,2156,2158,2241,-1,2241,2158,2160,-1,2241,2160,2243,-1,2243,2160,2162,-1,2243,2162,2231,-1,2221,2219,2174,-1,2174,2219,2217,-1,2174,2217,2177,-1,2177,2217,2214,-1,2177,2214,2179,-1,2179,2214,2181,-1,2174,2172,2221,-1,2221,2172,2170,-1,2221,2170,2223,-1,2223,2170,2168,-1,2223,2168,2225,-1,2225,2168,2166,-1,2225,2166,2227,-1,2227,2166,2167,-1,2227,2167,2229,-1,2229,2167,2252,-1,2229,2252,2231,-1,2231,2252,2251,-1,2231,2251,2249,-1,2183,2214,2197,-1,2197,2214,2212,-1,2197,2212,2210,-1,2200,2206,2202,-1,2202,2206,2204,-1,2210,2208,2197,-1,2197,2208,2206,-1,2197,2206,2198,-1,2198,2206,2200,-1,2197,2194,2183,-1,2183,2194,2192,-1,2183,2192,2190,-1,2190,2188,2183,-1,2183,2188,2186,-1,2183,2186,2184,-1,2254,2255,2256,-1,2256,2255,2257,-1,2258,2259,2260,-1,2260,2259,2261,-1,2262,2263,2264,-1,2264,2263,2265,-1,2262,2264,2266,-1,2262,2266,2267,-1,2267,2266,2268,-1,2267,2268,2269,-1,2269,2268,2270,-1,2269,2270,2271,-1,2271,2270,2272,-1,2271,2272,2273,-1,2274,2273,2275,-1,2275,2273,2272,-1,2274,2275,2276,-1,2276,2275,2277,-1,2276,2277,2278,-1,2278,2277,2279,-1,2280,2278,2281,-1,2281,2278,2279,-1,2280,2281,2282,-1,2280,2282,2283,-1,2283,2282,2284,-1,2283,2284,2285,-1,2285,2284,2286,-1,2285,2286,2287,-1,2287,2286,2288,-1,2287,2288,2289,-1,2289,2288,2290,-1,2289,2290,2291,-1,2291,2290,2292,-1,2291,2292,2293,-1,2294,2293,2295,-1,2295,2293,2292,-1,2294,2295,2296,-1,2294,2296,2297,-1,2297,2296,2298,-1,2297,2298,2299,-1,2299,2298,2300,-1,2299,2300,2301,-1,2301,2300,2302,-1,2301,2302,2303,-1,2303,2302,2304,-1,2303,2304,2305,-1,2305,2304,2306,-1,2305,2306,2307,-1,2307,2306,2308,-1,2307,2308,2309,-1,2309,2308,2310,-1,2309,2310,2311,-1,2311,2310,2312,-1,2311,2312,2313,-1,2314,2313,2315,-1,2315,2313,2312,-1,2314,2315,2316,-1,2316,2315,2317,-1,2316,2317,2318,-1,2318,2317,2319,-1,2318,2319,2320,-1,2320,2319,2321,-1,2320,2321,2322,-1,2322,2321,2323,-1,2322,2323,2324,-1,2324,2323,2325,-1,2324,2325,2326,-1,2326,2325,2327,-1,2328,2326,2329,-1,2329,2326,2327,-1,2330,2255,2331,-1,2331,2255,2254,-1,2332,2330,2333,-1,2333,2330,2331,-1,2334,2332,2335,-1,2335,2332,2333,-1,2336,2334,2337,-1,2337,2334,2335,-1,2338,2336,2339,-1,2339,2336,2337,-1,2340,2338,2341,-1,2341,2338,2339,-1,2342,2340,2343,-1,2343,2340,2341,-1,2344,2342,2345,-1,2345,2342,2343,-1,2346,2344,2347,-1,2347,2344,2345,-1,2348,2346,2349,-1,2349,2346,2347,-1,2348,2349,2350,-1,2348,2350,2351,-1,2351,2350,2265,-1,2351,2265,2263,-1,2340,2324,2326,-1,2332,2334,2330,-1,2330,2334,2336,-1,2330,2336,2255,-1,2255,2336,2338,-1,2255,2338,2257,-1,2342,2344,2340,-1,2340,2344,2346,-1,2340,2346,2324,-1,2324,2346,2322,-1,2263,2262,2320,-1,2313,2278,2280,-1,2263,2320,2351,-1,2262,2267,2320,-1,2320,2267,2269,-1,2320,2269,2318,-1,2318,2269,2271,-1,2318,2271,2316,-1,2316,2271,2273,-1,2316,2273,2314,-1,2314,2273,2274,-1,2314,2274,2313,-1,2313,2274,2276,-1,2313,2276,2278,-1,2326,2328,2340,-1,2340,2328,2261,-1,2340,2261,2338,-1,2338,2261,2259,-1,2338,2259,2257,-1,2309,2311,2294,-1,2294,2311,2313,-1,2294,2313,2293,-1,2293,2313,2280,-1,2322,2346,2320,-1,2320,2346,2348,-1,2320,2348,2351,-1,2297,2299,2305,-1,2305,2299,2301,-1,2305,2301,2303,-1,2297,2305,2294,-1,2294,2305,2307,-1,2294,2307,2309,-1,2287,2280,2285,-1,2285,2280,2283,-1,2287,2289,2280,-1,2280,2289,2291,-1,2280,2291,2293,-1,2337,2335,2333,-1,2345,2343,2347,-1,2347,2343,2341,-1,2347,2341,2329,-1,2333,2331,2337,-1,2337,2331,2254,-1,2337,2254,2339,-1,2281,2279,2312,-1,2254,2256,2339,-1,2339,2256,2258,-1,2339,2258,2341,-1,2341,2258,2260,-1,2341,2260,2329,-1,2319,2317,2272,-1,2272,2317,2315,-1,2272,2315,2275,-1,2275,2315,2312,-1,2275,2312,2277,-1,2277,2312,2279,-1,2272,2270,2319,-1,2319,2270,2268,-1,2319,2268,2321,-1,2321,2268,2266,-1,2321,2266,2323,-1,2323,2266,2264,-1,2323,2264,2325,-1,2325,2264,2265,-1,2325,2265,2327,-1,2327,2265,2350,-1,2327,2350,2329,-1,2329,2350,2349,-1,2329,2349,2347,-1,2281,2312,2295,-1,2295,2312,2310,-1,2295,2310,2308,-1,2298,2304,2300,-1,2300,2304,2302,-1,2308,2306,2295,-1,2295,2306,2304,-1,2295,2304,2296,-1,2296,2304,2298,-1,2295,2292,2281,-1,2281,2292,2290,-1,2281,2290,2288,-1,2288,2286,2281,-1,2281,2286,2284,-1,2281,2284,2282,-1,2352,2353,2354,-1,2354,2353,2355,-1,2356,2357,2358,-1,2358,2357,2359,-1,2360,2361,2362,-1,2362,2361,2363,-1,2360,2362,2364,-1,2360,2364,2365,-1,2365,2364,2366,-1,2365,2366,2367,-1,2367,2366,2368,-1,2367,2368,2369,-1,2369,2368,2370,-1,2369,2370,2371,-1,2372,2371,2373,-1,2373,2371,2370,-1,2372,2373,2374,-1,2374,2373,2375,-1,2374,2375,2376,-1,2376,2375,2377,-1,2378,2376,2379,-1,2379,2376,2377,-1,2378,2379,2380,-1,2378,2380,2381,-1,2381,2380,2382,-1,2381,2382,2383,-1,2383,2382,2384,-1,2383,2384,2385,-1,2385,2384,2386,-1,2385,2386,2387,-1,2387,2386,2388,-1,2387,2388,2389,-1,2389,2388,2390,-1,2389,2390,2391,-1,2392,2391,2393,-1,2393,2391,2390,-1,2392,2393,2394,-1,2392,2394,2395,-1,2395,2394,2396,-1,2395,2396,2397,-1,2397,2396,2398,-1,2397,2398,2399,-1,2399,2398,2400,-1,2399,2400,2401,-1,2401,2400,2402,-1,2401,2402,2403,-1,2403,2402,2404,-1,2403,2404,2405,-1,2405,2404,2406,-1,2405,2406,2407,-1,2407,2406,2408,-1,2407,2408,2409,-1,2409,2408,2410,-1,2409,2410,2411,-1,2412,2411,2413,-1,2413,2411,2410,-1,2412,2413,2414,-1,2414,2413,2415,-1,2414,2415,2416,-1,2416,2415,2417,-1,2416,2417,2418,-1,2418,2417,2419,-1,2418,2419,2420,-1,2420,2419,2421,-1,2420,2421,2422,-1,2422,2421,2423,-1,2422,2423,2424,-1,2424,2423,2425,-1,2426,2424,2427,-1,2427,2424,2425,-1,2428,2353,2429,-1,2429,2353,2352,-1,2430,2428,2431,-1,2431,2428,2429,-1,2432,2430,2433,-1,2433,2430,2431,-1,2434,2432,2435,-1,2435,2432,2433,-1,2436,2434,2437,-1,2437,2434,2435,-1,2438,2436,2439,-1,2439,2436,2437,-1,2440,2438,2441,-1,2441,2438,2439,-1,2442,2440,2443,-1,2443,2440,2441,-1,2444,2442,2445,-1,2445,2442,2443,-1,2446,2444,2447,-1,2447,2444,2445,-1,2446,2447,2448,-1,2446,2448,2449,-1,2449,2448,2363,-1,2449,2363,2361,-1,2438,2422,2424,-1,2430,2432,2428,-1,2428,2432,2434,-1,2428,2434,2353,-1,2353,2434,2436,-1,2353,2436,2355,-1,2440,2442,2438,-1,2438,2442,2444,-1,2438,2444,2422,-1,2422,2444,2420,-1,2361,2360,2418,-1,2411,2376,2378,-1,2361,2418,2449,-1,2360,2365,2418,-1,2418,2365,2367,-1,2418,2367,2416,-1,2416,2367,2369,-1,2416,2369,2414,-1,2414,2369,2371,-1,2414,2371,2412,-1,2412,2371,2372,-1,2412,2372,2411,-1,2411,2372,2374,-1,2411,2374,2376,-1,2424,2426,2438,-1,2438,2426,2359,-1,2438,2359,2436,-1,2436,2359,2357,-1,2436,2357,2355,-1,2407,2409,2392,-1,2392,2409,2411,-1,2392,2411,2391,-1,2391,2411,2378,-1,2420,2444,2418,-1,2418,2444,2446,-1,2418,2446,2449,-1,2395,2397,2403,-1,2403,2397,2399,-1,2403,2399,2401,-1,2395,2403,2392,-1,2392,2403,2405,-1,2392,2405,2407,-1,2385,2378,2383,-1,2383,2378,2381,-1,2385,2387,2378,-1,2378,2387,2389,-1,2378,2389,2391,-1,2435,2433,2431,-1,2443,2441,2445,-1,2445,2441,2439,-1,2445,2439,2427,-1,2431,2429,2435,-1,2435,2429,2352,-1,2435,2352,2437,-1,2379,2377,2410,-1,2352,2354,2437,-1,2437,2354,2356,-1,2437,2356,2439,-1,2439,2356,2358,-1,2439,2358,2427,-1,2417,2415,2370,-1,2370,2415,2413,-1,2370,2413,2373,-1,2373,2413,2410,-1,2373,2410,2375,-1,2375,2410,2377,-1,2370,2368,2417,-1,2417,2368,2366,-1,2417,2366,2419,-1,2419,2366,2364,-1,2419,2364,2421,-1,2421,2364,2362,-1,2421,2362,2423,-1,2423,2362,2363,-1,2423,2363,2425,-1,2425,2363,2448,-1,2425,2448,2427,-1,2427,2448,2447,-1,2427,2447,2445,-1,2379,2410,2393,-1,2393,2410,2408,-1,2393,2408,2406,-1,2396,2402,2398,-1,2398,2402,2400,-1,2406,2404,2393,-1,2393,2404,2402,-1,2393,2402,2394,-1,2394,2402,2396,-1,2393,2390,2379,-1,2379,2390,2388,-1,2379,2388,2386,-1,2386,2384,2379,-1,2379,2384,2382,-1,2379,2382,2380,-1,2450,2451,2452,-1,2452,2451,2453,-1,2454,2455,2456,-1,2456,2455,2457,-1,2458,2459,2460,-1,2460,2459,2461,-1,2458,2460,2462,-1,2458,2462,2463,-1,2463,2462,2464,-1,2463,2464,2465,-1,2465,2464,2466,-1,2465,2466,2467,-1,2467,2466,2468,-1,2467,2468,2469,-1,2470,2469,2471,-1,2471,2469,2468,-1,2470,2471,2472,-1,2472,2471,2473,-1,2472,2473,2474,-1,2474,2473,2475,-1,2476,2474,2477,-1,2477,2474,2475,-1,2476,2477,2478,-1,2476,2478,2479,-1,2479,2478,2480,-1,2479,2480,2481,-1,2481,2480,2482,-1,2481,2482,2483,-1,2483,2482,2484,-1,2483,2484,2485,-1,2485,2484,2486,-1,2485,2486,2487,-1,2487,2486,2488,-1,2487,2488,2489,-1,2490,2489,2491,-1,2491,2489,2488,-1,2490,2491,2492,-1,2490,2492,2493,-1,2493,2492,2494,-1,2493,2494,2495,-1,2495,2494,2496,-1,2495,2496,2497,-1,2497,2496,2498,-1,2497,2498,2499,-1,2499,2498,2500,-1,2499,2500,2501,-1,2501,2500,2502,-1,2501,2502,2503,-1,2503,2502,2504,-1,2503,2504,2505,-1,2505,2504,2506,-1,2505,2506,2507,-1,2507,2506,2508,-1,2507,2508,2509,-1,2510,2509,2511,-1,2511,2509,2508,-1,2510,2511,2512,-1,2512,2511,2513,-1,2512,2513,2514,-1,2514,2513,2515,-1,2514,2515,2516,-1,2516,2515,2517,-1,2516,2517,2518,-1,2518,2517,2519,-1,2518,2519,2520,-1,2520,2519,2521,-1,2520,2521,2522,-1,2522,2521,2523,-1,2524,2522,2525,-1,2525,2522,2523,-1,2526,2451,2527,-1,2527,2451,2450,-1,2528,2526,2529,-1,2529,2526,2527,-1,2530,2528,2531,-1,2531,2528,2529,-1,2532,2530,2533,-1,2533,2530,2531,-1,2534,2532,2535,-1,2535,2532,2533,-1,2536,2534,2537,-1,2537,2534,2535,-1,2538,2536,2539,-1,2539,2536,2537,-1,2540,2538,2541,-1,2541,2538,2539,-1,2542,2540,2543,-1,2543,2540,2541,-1,2544,2542,2545,-1,2545,2542,2543,-1,2544,2545,2546,-1,2544,2546,2547,-1,2547,2546,2461,-1,2547,2461,2459,-1,2536,2520,2522,-1,2528,2530,2526,-1,2526,2530,2532,-1,2526,2532,2451,-1,2451,2532,2534,-1,2451,2534,2453,-1,2538,2540,2536,-1,2536,2540,2542,-1,2536,2542,2520,-1,2520,2542,2518,-1,2459,2458,2516,-1,2509,2474,2476,-1,2459,2516,2547,-1,2458,2463,2516,-1,2516,2463,2465,-1,2516,2465,2514,-1,2514,2465,2467,-1,2514,2467,2512,-1,2512,2467,2469,-1,2512,2469,2510,-1,2510,2469,2470,-1,2510,2470,2509,-1,2509,2470,2472,-1,2509,2472,2474,-1,2522,2524,2536,-1,2536,2524,2457,-1,2536,2457,2534,-1,2534,2457,2455,-1,2534,2455,2453,-1,2505,2507,2490,-1,2490,2507,2509,-1,2490,2509,2489,-1,2489,2509,2476,-1,2518,2542,2516,-1,2516,2542,2544,-1,2516,2544,2547,-1,2493,2495,2501,-1,2501,2495,2497,-1,2501,2497,2499,-1,2493,2501,2490,-1,2490,2501,2503,-1,2490,2503,2505,-1,2483,2476,2481,-1,2481,2476,2479,-1,2483,2485,2476,-1,2476,2485,2487,-1,2476,2487,2489,-1,2533,2531,2529,-1,2541,2539,2543,-1,2543,2539,2537,-1,2543,2537,2525,-1,2529,2527,2533,-1,2533,2527,2450,-1,2533,2450,2535,-1,2477,2475,2508,-1,2450,2452,2535,-1,2535,2452,2454,-1,2535,2454,2537,-1,2537,2454,2456,-1,2537,2456,2525,-1,2515,2513,2468,-1,2468,2513,2511,-1,2468,2511,2471,-1,2471,2511,2508,-1,2471,2508,2473,-1,2473,2508,2475,-1,2468,2466,2515,-1,2515,2466,2464,-1,2515,2464,2517,-1,2517,2464,2462,-1,2517,2462,2519,-1,2519,2462,2460,-1,2519,2460,2521,-1,2521,2460,2461,-1,2521,2461,2523,-1,2523,2461,2546,-1,2523,2546,2525,-1,2525,2546,2545,-1,2525,2545,2543,-1,2477,2508,2491,-1,2491,2508,2506,-1,2491,2506,2504,-1,2494,2500,2496,-1,2496,2500,2498,-1,2504,2502,2491,-1,2491,2502,2500,-1,2491,2500,2492,-1,2492,2500,2494,-1,2491,2488,2477,-1,2477,2488,2486,-1,2477,2486,2484,-1,2484,2482,2477,-1,2477,2482,2480,-1,2477,2480,2478,-1,2548,2549,2550,-1,2550,2549,2551,-1,2552,2553,2554,-1,2554,2553,2555,-1,2556,2557,2558,-1,2558,2557,2559,-1,2556,2558,2560,-1,2556,2560,2561,-1,2561,2560,2562,-1,2561,2562,2563,-1,2563,2562,2564,-1,2563,2564,2565,-1,2565,2564,2566,-1,2565,2566,2567,-1,2568,2567,2569,-1,2569,2567,2566,-1,2568,2569,2570,-1,2570,2569,2571,-1,2570,2571,2572,-1,2572,2571,2573,-1,2574,2572,2575,-1,2575,2572,2573,-1,2574,2575,2576,-1,2574,2576,2577,-1,2577,2576,2578,-1,2577,2578,2579,-1,2579,2578,2580,-1,2579,2580,2581,-1,2581,2580,2582,-1,2581,2582,2583,-1,2583,2582,2584,-1,2583,2584,2585,-1,2585,2584,2586,-1,2585,2586,2587,-1,2588,2587,2589,-1,2589,2587,2586,-1,2588,2589,2590,-1,2588,2590,2591,-1,2591,2590,2592,-1,2591,2592,2593,-1,2593,2592,2594,-1,2593,2594,2595,-1,2595,2594,2596,-1,2595,2596,2597,-1,2597,2596,2598,-1,2597,2598,2599,-1,2599,2598,2600,-1,2599,2600,2601,-1,2601,2600,2602,-1,2601,2602,2603,-1,2603,2602,2604,-1,2603,2604,2605,-1,2605,2604,2606,-1,2605,2606,2607,-1,2608,2607,2609,-1,2609,2607,2606,-1,2608,2609,2610,-1,2610,2609,2611,-1,2610,2611,2612,-1,2612,2611,2613,-1,2612,2613,2614,-1,2614,2613,2615,-1,2614,2615,2616,-1,2616,2615,2617,-1,2616,2617,2618,-1,2618,2617,2619,-1,2618,2619,2620,-1,2620,2619,2621,-1,2622,2620,2623,-1,2623,2620,2621,-1,2624,2549,2625,-1,2625,2549,2548,-1,2626,2624,2627,-1,2627,2624,2625,-1,2628,2626,2629,-1,2629,2626,2627,-1,2630,2628,2631,-1,2631,2628,2629,-1,2632,2630,2633,-1,2633,2630,2631,-1,2634,2632,2635,-1,2635,2632,2633,-1,2636,2634,2637,-1,2637,2634,2635,-1,2638,2636,2639,-1,2639,2636,2637,-1,2640,2638,2641,-1,2641,2638,2639,-1,2642,2640,2643,-1,2643,2640,2641,-1,2642,2643,2644,-1,2642,2644,2645,-1,2645,2644,2559,-1,2645,2559,2557,-1,2634,2618,2620,-1,2626,2628,2624,-1,2624,2628,2630,-1,2624,2630,2549,-1,2549,2630,2632,-1,2549,2632,2551,-1,2636,2638,2634,-1,2634,2638,2640,-1,2634,2640,2618,-1,2618,2640,2616,-1,2557,2556,2614,-1,2607,2572,2574,-1,2557,2614,2645,-1,2556,2561,2614,-1,2614,2561,2563,-1,2614,2563,2612,-1,2612,2563,2565,-1,2612,2565,2610,-1,2610,2565,2567,-1,2610,2567,2608,-1,2608,2567,2568,-1,2608,2568,2607,-1,2607,2568,2570,-1,2607,2570,2572,-1,2620,2622,2634,-1,2634,2622,2555,-1,2634,2555,2632,-1,2632,2555,2553,-1,2632,2553,2551,-1,2603,2605,2588,-1,2588,2605,2607,-1,2588,2607,2587,-1,2587,2607,2574,-1,2616,2640,2614,-1,2614,2640,2642,-1,2614,2642,2645,-1,2591,2593,2599,-1,2599,2593,2595,-1,2599,2595,2597,-1,2591,2599,2588,-1,2588,2599,2601,-1,2588,2601,2603,-1,2581,2574,2579,-1,2579,2574,2577,-1,2581,2583,2574,-1,2574,2583,2585,-1,2574,2585,2587,-1,2631,2629,2627,-1,2639,2637,2641,-1,2641,2637,2635,-1,2641,2635,2623,-1,2627,2625,2631,-1,2631,2625,2548,-1,2631,2548,2633,-1,2575,2573,2606,-1,2548,2550,2633,-1,2633,2550,2552,-1,2633,2552,2635,-1,2635,2552,2554,-1,2635,2554,2623,-1,2613,2611,2566,-1,2566,2611,2609,-1,2566,2609,2569,-1,2569,2609,2606,-1,2569,2606,2571,-1,2571,2606,2573,-1,2566,2564,2613,-1,2613,2564,2562,-1,2613,2562,2615,-1,2615,2562,2560,-1,2615,2560,2617,-1,2617,2560,2558,-1,2617,2558,2619,-1,2619,2558,2559,-1,2619,2559,2621,-1,2621,2559,2644,-1,2621,2644,2623,-1,2623,2644,2643,-1,2623,2643,2641,-1,2575,2606,2589,-1,2589,2606,2604,-1,2589,2604,2602,-1,2592,2598,2594,-1,2594,2598,2596,-1,2602,2600,2589,-1,2589,2600,2598,-1,2589,2598,2590,-1,2590,2598,2592,-1,2589,2586,2575,-1,2575,2586,2584,-1,2575,2584,2582,-1,2582,2580,2575,-1,2575,2580,2578,-1,2575,2578,2576,-1,2646,2647,2648,-1,2648,2647,2649,-1,2650,2651,2652,-1,2652,2651,2653,-1,2654,2655,2656,-1,2656,2655,2657,-1,2654,2656,2658,-1,2654,2658,2659,-1,2659,2658,2660,-1,2659,2660,2661,-1,2661,2660,2662,-1,2661,2662,2663,-1,2663,2662,2664,-1,2663,2664,2665,-1,2666,2665,2667,-1,2667,2665,2664,-1,2666,2667,2668,-1,2668,2667,2669,-1,2668,2669,2670,-1,2670,2669,2671,-1,2672,2670,2673,-1,2673,2670,2671,-1,2672,2673,2674,-1,2672,2674,2675,-1,2675,2674,2676,-1,2675,2676,2677,-1,2677,2676,2678,-1,2677,2678,2679,-1,2679,2678,2680,-1,2679,2680,2681,-1,2681,2680,2682,-1,2681,2682,2683,-1,2683,2682,2684,-1,2683,2684,2685,-1,2686,2685,2687,-1,2687,2685,2684,-1,2686,2687,2688,-1,2686,2688,2689,-1,2689,2688,2690,-1,2689,2690,2691,-1,2691,2690,2692,-1,2691,2692,2693,-1,2693,2692,2694,-1,2693,2694,2695,-1,2695,2694,2696,-1,2695,2696,2697,-1,2697,2696,2698,-1,2697,2698,2699,-1,2699,2698,2700,-1,2699,2700,2701,-1,2701,2700,2702,-1,2701,2702,2703,-1,2703,2702,2704,-1,2703,2704,2705,-1,2706,2705,2707,-1,2707,2705,2704,-1,2706,2707,2708,-1,2708,2707,2709,-1,2708,2709,2710,-1,2710,2709,2711,-1,2710,2711,2712,-1,2712,2711,2713,-1,2712,2713,2714,-1,2714,2713,2715,-1,2714,2715,2716,-1,2716,2715,2717,-1,2716,2717,2718,-1,2718,2717,2719,-1,2720,2718,2721,-1,2721,2718,2719,-1,2722,2647,2723,-1,2723,2647,2646,-1,2724,2722,2725,-1,2725,2722,2723,-1,2726,2724,2727,-1,2727,2724,2725,-1,2728,2726,2729,-1,2729,2726,2727,-1,2730,2728,2731,-1,2731,2728,2729,-1,2732,2730,2733,-1,2733,2730,2731,-1,2734,2732,2735,-1,2735,2732,2733,-1,2736,2734,2737,-1,2737,2734,2735,-1,2738,2736,2739,-1,2739,2736,2737,-1,2740,2738,2741,-1,2741,2738,2739,-1,2740,2741,2742,-1,2740,2742,2743,-1,2743,2742,2657,-1,2743,2657,2655,-1,2732,2716,2718,-1,2724,2726,2722,-1,2722,2726,2728,-1,2722,2728,2647,-1,2647,2728,2730,-1,2647,2730,2649,-1,2734,2736,2732,-1,2732,2736,2738,-1,2732,2738,2716,-1,2716,2738,2714,-1,2655,2654,2712,-1,2705,2670,2672,-1,2655,2712,2743,-1,2654,2659,2712,-1,2712,2659,2661,-1,2712,2661,2710,-1,2710,2661,2663,-1,2710,2663,2708,-1,2708,2663,2665,-1,2708,2665,2706,-1,2706,2665,2666,-1,2706,2666,2705,-1,2705,2666,2668,-1,2705,2668,2670,-1,2718,2720,2732,-1,2732,2720,2653,-1,2732,2653,2730,-1,2730,2653,2651,-1,2730,2651,2649,-1,2701,2703,2686,-1,2686,2703,2705,-1,2686,2705,2685,-1,2685,2705,2672,-1,2714,2738,2712,-1,2712,2738,2740,-1,2712,2740,2743,-1,2689,2691,2697,-1,2697,2691,2693,-1,2697,2693,2695,-1,2689,2697,2686,-1,2686,2697,2699,-1,2686,2699,2701,-1,2679,2672,2677,-1,2677,2672,2675,-1,2679,2681,2672,-1,2672,2681,2683,-1,2672,2683,2685,-1,2729,2727,2725,-1,2737,2735,2739,-1,2739,2735,2733,-1,2739,2733,2721,-1,2725,2723,2729,-1,2729,2723,2646,-1,2729,2646,2731,-1,2673,2671,2704,-1,2646,2648,2731,-1,2731,2648,2650,-1,2731,2650,2733,-1,2733,2650,2652,-1,2733,2652,2721,-1,2711,2709,2664,-1,2664,2709,2707,-1,2664,2707,2667,-1,2667,2707,2704,-1,2667,2704,2669,-1,2669,2704,2671,-1,2664,2662,2711,-1,2711,2662,2660,-1,2711,2660,2713,-1,2713,2660,2658,-1,2713,2658,2715,-1,2715,2658,2656,-1,2715,2656,2717,-1,2717,2656,2657,-1,2717,2657,2719,-1,2719,2657,2742,-1,2719,2742,2721,-1,2721,2742,2741,-1,2721,2741,2739,-1,2673,2704,2687,-1,2687,2704,2702,-1,2687,2702,2700,-1,2690,2696,2692,-1,2692,2696,2694,-1,2700,2698,2687,-1,2687,2698,2696,-1,2687,2696,2688,-1,2688,2696,2690,-1,2687,2684,2673,-1,2673,2684,2682,-1,2673,2682,2680,-1,2680,2678,2673,-1,2673,2678,2676,-1,2673,2676,2674,-1,2744,2745,2746,-1,2746,2745,2747,-1,2748,2749,2750,-1,2750,2749,2751,-1,2752,2753,2754,-1,2754,2753,2755,-1,2752,2754,2756,-1,2752,2756,2757,-1,2757,2756,2758,-1,2757,2758,2759,-1,2759,2758,2760,-1,2759,2760,2761,-1,2761,2760,2762,-1,2761,2762,2763,-1,2764,2763,2765,-1,2765,2763,2762,-1,2764,2765,2766,-1,2766,2765,2767,-1,2766,2767,2768,-1,2768,2767,2769,-1,2770,2768,2771,-1,2771,2768,2769,-1,2770,2771,2772,-1,2770,2772,2773,-1,2773,2772,2774,-1,2773,2774,2775,-1,2775,2774,2776,-1,2775,2776,2777,-1,2777,2776,2778,-1,2777,2778,2779,-1,2779,2778,2780,-1,2779,2780,2781,-1,2781,2780,2782,-1,2781,2782,2783,-1,2784,2783,2785,-1,2785,2783,2782,-1,2784,2785,2786,-1,2784,2786,2787,-1,2787,2786,2788,-1,2787,2788,2789,-1,2789,2788,2790,-1,2789,2790,2791,-1,2791,2790,2792,-1,2791,2792,2793,-1,2793,2792,2794,-1,2793,2794,2795,-1,2795,2794,2796,-1,2795,2796,2797,-1,2797,2796,2798,-1,2797,2798,2799,-1,2799,2798,2800,-1,2799,2800,2801,-1,2801,2800,2802,-1,2801,2802,2803,-1,2804,2803,2805,-1,2805,2803,2802,-1,2804,2805,2806,-1,2806,2805,2807,-1,2806,2807,2808,-1,2808,2807,2809,-1,2808,2809,2810,-1,2810,2809,2811,-1,2810,2811,2812,-1,2812,2811,2813,-1,2812,2813,2814,-1,2814,2813,2815,-1,2814,2815,2816,-1,2816,2815,2817,-1,2818,2816,2819,-1,2819,2816,2817,-1,2820,2745,2821,-1,2821,2745,2744,-1,2822,2820,2823,-1,2823,2820,2821,-1,2824,2822,2825,-1,2825,2822,2823,-1,2826,2824,2827,-1,2827,2824,2825,-1,2828,2826,2829,-1,2829,2826,2827,-1,2830,2828,2831,-1,2831,2828,2829,-1,2832,2830,2833,-1,2833,2830,2831,-1,2834,2832,2835,-1,2835,2832,2833,-1,2836,2834,2837,-1,2837,2834,2835,-1,2838,2836,2839,-1,2839,2836,2837,-1,2838,2839,2840,-1,2838,2840,2841,-1,2841,2840,2755,-1,2841,2755,2753,-1,2830,2814,2816,-1,2822,2824,2820,-1,2820,2824,2826,-1,2820,2826,2745,-1,2745,2826,2828,-1,2745,2828,2747,-1,2832,2834,2830,-1,2830,2834,2836,-1,2830,2836,2814,-1,2814,2836,2812,-1,2753,2752,2810,-1,2803,2768,2770,-1,2753,2810,2841,-1,2752,2757,2810,-1,2810,2757,2759,-1,2810,2759,2808,-1,2808,2759,2761,-1,2808,2761,2806,-1,2806,2761,2763,-1,2806,2763,2804,-1,2804,2763,2764,-1,2804,2764,2803,-1,2803,2764,2766,-1,2803,2766,2768,-1,2816,2818,2830,-1,2830,2818,2751,-1,2830,2751,2828,-1,2828,2751,2749,-1,2828,2749,2747,-1,2799,2801,2784,-1,2784,2801,2803,-1,2784,2803,2783,-1,2783,2803,2770,-1,2812,2836,2810,-1,2810,2836,2838,-1,2810,2838,2841,-1,2787,2789,2795,-1,2795,2789,2791,-1,2795,2791,2793,-1,2787,2795,2784,-1,2784,2795,2797,-1,2784,2797,2799,-1,2777,2770,2775,-1,2775,2770,2773,-1,2777,2779,2770,-1,2770,2779,2781,-1,2770,2781,2783,-1,2827,2825,2823,-1,2835,2833,2837,-1,2837,2833,2831,-1,2837,2831,2819,-1,2823,2821,2827,-1,2827,2821,2744,-1,2827,2744,2829,-1,2771,2769,2802,-1,2744,2746,2829,-1,2829,2746,2748,-1,2829,2748,2831,-1,2831,2748,2750,-1,2831,2750,2819,-1,2809,2807,2762,-1,2762,2807,2805,-1,2762,2805,2765,-1,2765,2805,2802,-1,2765,2802,2767,-1,2767,2802,2769,-1,2762,2760,2809,-1,2809,2760,2758,-1,2809,2758,2811,-1,2811,2758,2756,-1,2811,2756,2813,-1,2813,2756,2754,-1,2813,2754,2815,-1,2815,2754,2755,-1,2815,2755,2817,-1,2817,2755,2840,-1,2817,2840,2819,-1,2819,2840,2839,-1,2819,2839,2837,-1,2771,2802,2785,-1,2785,2802,2800,-1,2785,2800,2798,-1,2788,2794,2790,-1,2790,2794,2792,-1,2798,2796,2785,-1,2785,2796,2794,-1,2785,2794,2786,-1,2786,2794,2788,-1,2785,2782,2771,-1,2771,2782,2780,-1,2771,2780,2778,-1,2778,2776,2771,-1,2771,2776,2774,-1,2771,2774,2772,-1,2842,2843,2844,-1,2844,2843,2845,-1,2846,2847,2848,-1,2848,2847,2849,-1,2850,2851,2852,-1,2852,2851,2853,-1,2850,2852,2854,-1,2850,2854,2855,-1,2855,2854,2856,-1,2855,2856,2857,-1,2857,2856,2858,-1,2857,2858,2859,-1,2859,2858,2860,-1,2859,2860,2861,-1,2862,2861,2863,-1,2863,2861,2860,-1,2862,2863,2864,-1,2864,2863,2865,-1,2864,2865,2866,-1,2866,2865,2867,-1,2868,2866,2869,-1,2869,2866,2867,-1,2868,2869,2870,-1,2868,2870,2871,-1,2871,2870,2872,-1,2871,2872,2873,-1,2873,2872,2874,-1,2873,2874,2875,-1,2875,2874,2876,-1,2875,2876,2877,-1,2877,2876,2878,-1,2877,2878,2879,-1,2879,2878,2880,-1,2879,2880,2881,-1,2882,2881,2883,-1,2883,2881,2880,-1,2882,2883,2884,-1,2882,2884,2885,-1,2885,2884,2886,-1,2885,2886,2887,-1,2887,2886,2888,-1,2887,2888,2889,-1,2889,2888,2890,-1,2889,2890,2891,-1,2891,2890,2892,-1,2891,2892,2893,-1,2893,2892,2894,-1,2893,2894,2895,-1,2895,2894,2896,-1,2895,2896,2897,-1,2897,2896,2898,-1,2897,2898,2899,-1,2899,2898,2900,-1,2899,2900,2901,-1,2902,2901,2903,-1,2903,2901,2900,-1,2902,2903,2904,-1,2904,2903,2905,-1,2904,2905,2906,-1,2906,2905,2907,-1,2906,2907,2908,-1,2908,2907,2909,-1,2908,2909,2910,-1,2910,2909,2911,-1,2910,2911,2912,-1,2912,2911,2913,-1,2912,2913,2914,-1,2914,2913,2915,-1,2916,2914,2917,-1,2917,2914,2915,-1,2918,2843,2919,-1,2919,2843,2842,-1,2920,2918,2921,-1,2921,2918,2919,-1,2922,2920,2923,-1,2923,2920,2921,-1,2924,2922,2925,-1,2925,2922,2923,-1,2926,2924,2927,-1,2927,2924,2925,-1,2928,2926,2929,-1,2929,2926,2927,-1,2930,2928,2931,-1,2931,2928,2929,-1,2932,2930,2933,-1,2933,2930,2931,-1,2934,2932,2935,-1,2935,2932,2933,-1,2936,2934,2937,-1,2937,2934,2935,-1,2936,2937,2938,-1,2936,2938,2939,-1,2939,2938,2853,-1,2939,2853,2851,-1,2928,2912,2914,-1,2920,2922,2918,-1,2918,2922,2924,-1,2918,2924,2843,-1,2843,2924,2926,-1,2843,2926,2845,-1,2930,2932,2928,-1,2928,2932,2934,-1,2928,2934,2912,-1,2912,2934,2910,-1,2851,2850,2908,-1,2901,2866,2868,-1,2851,2908,2939,-1,2850,2855,2908,-1,2908,2855,2857,-1,2908,2857,2906,-1,2906,2857,2859,-1,2906,2859,2904,-1,2904,2859,2861,-1,2904,2861,2902,-1,2902,2861,2862,-1,2902,2862,2901,-1,2901,2862,2864,-1,2901,2864,2866,-1,2914,2916,2928,-1,2928,2916,2849,-1,2928,2849,2926,-1,2926,2849,2847,-1,2926,2847,2845,-1,2897,2899,2882,-1,2882,2899,2901,-1,2882,2901,2881,-1,2881,2901,2868,-1,2910,2934,2908,-1,2908,2934,2936,-1,2908,2936,2939,-1,2885,2887,2893,-1,2893,2887,2889,-1,2893,2889,2891,-1,2885,2893,2882,-1,2882,2893,2895,-1,2882,2895,2897,-1,2875,2868,2873,-1,2873,2868,2871,-1,2875,2877,2868,-1,2868,2877,2879,-1,2868,2879,2881,-1,2925,2923,2921,-1,2933,2931,2935,-1,2935,2931,2929,-1,2935,2929,2917,-1,2921,2919,2925,-1,2925,2919,2842,-1,2925,2842,2927,-1,2869,2867,2900,-1,2842,2844,2927,-1,2927,2844,2846,-1,2927,2846,2929,-1,2929,2846,2848,-1,2929,2848,2917,-1,2907,2905,2860,-1,2860,2905,2903,-1,2860,2903,2863,-1,2863,2903,2900,-1,2863,2900,2865,-1,2865,2900,2867,-1,2860,2858,2907,-1,2907,2858,2856,-1,2907,2856,2909,-1,2909,2856,2854,-1,2909,2854,2911,-1,2911,2854,2852,-1,2911,2852,2913,-1,2913,2852,2853,-1,2913,2853,2915,-1,2915,2853,2938,-1,2915,2938,2917,-1,2917,2938,2937,-1,2917,2937,2935,-1,2869,2900,2883,-1,2883,2900,2898,-1,2883,2898,2896,-1,2886,2892,2888,-1,2888,2892,2890,-1,2896,2894,2883,-1,2883,2894,2892,-1,2883,2892,2884,-1,2884,2892,2886,-1,2883,2880,2869,-1,2869,2880,2878,-1,2869,2878,2876,-1,2876,2874,2869,-1,2869,2874,2872,-1,2869,2872,2870,-1,2940,2941,2942,-1,2942,2941,2943,-1,2944,2945,2946,-1,2946,2945,2947,-1,2948,2949,2950,-1,2950,2949,2951,-1,2948,2950,2952,-1,2948,2952,2953,-1,2953,2952,2954,-1,2953,2954,2955,-1,2955,2954,2956,-1,2955,2956,2957,-1,2957,2956,2958,-1,2957,2958,2959,-1,2960,2959,2961,-1,2961,2959,2958,-1,2960,2961,2962,-1,2962,2961,2963,-1,2962,2963,2964,-1,2964,2963,2965,-1,2966,2964,2967,-1,2967,2964,2965,-1,2966,2967,2968,-1,2966,2968,2969,-1,2969,2968,2970,-1,2969,2970,2971,-1,2971,2970,2972,-1,2971,2972,2973,-1,2973,2972,2974,-1,2973,2974,2975,-1,2975,2974,2976,-1,2975,2976,2977,-1,2977,2976,2978,-1,2977,2978,2979,-1,2980,2979,2981,-1,2981,2979,2978,-1,2980,2981,2982,-1,2980,2982,2983,-1,2983,2982,2984,-1,2983,2984,2985,-1,2985,2984,2986,-1,2985,2986,2987,-1,2987,2986,2988,-1,2987,2988,2989,-1,2989,2988,2990,-1,2989,2990,2991,-1,2991,2990,2992,-1,2991,2992,2993,-1,2993,2992,2994,-1,2993,2994,2995,-1,2995,2994,2996,-1,2995,2996,2997,-1,2997,2996,2998,-1,2997,2998,2999,-1,3000,2999,3001,-1,3001,2999,2998,-1,3000,3001,3002,-1,3002,3001,3003,-1,3002,3003,3004,-1,3004,3003,3005,-1,3004,3005,3006,-1,3006,3005,3007,-1,3006,3007,3008,-1,3008,3007,3009,-1,3008,3009,3010,-1,3010,3009,3011,-1,3010,3011,3012,-1,3012,3011,3013,-1,3014,3012,3015,-1,3015,3012,3013,-1,3016,2941,3017,-1,3017,2941,2940,-1,3018,3016,3019,-1,3019,3016,3017,-1,3020,3018,3021,-1,3021,3018,3019,-1,3022,3020,3023,-1,3023,3020,3021,-1,3024,3022,3025,-1,3025,3022,3023,-1,3026,3024,3027,-1,3027,3024,3025,-1,3028,3026,3029,-1,3029,3026,3027,-1,3030,3028,3031,-1,3031,3028,3029,-1,3032,3030,3033,-1,3033,3030,3031,-1,3034,3032,3035,-1,3035,3032,3033,-1,3034,3035,3036,-1,3034,3036,3037,-1,3037,3036,2951,-1,3037,2951,2949,-1,3026,3010,3012,-1,3018,3020,3016,-1,3016,3020,3022,-1,3016,3022,2941,-1,2941,3022,3024,-1,2941,3024,2943,-1,3028,3030,3026,-1,3026,3030,3032,-1,3026,3032,3010,-1,3010,3032,3008,-1,2949,2948,3006,-1,2999,2964,2966,-1,2949,3006,3037,-1,2948,2953,3006,-1,3006,2953,2955,-1,3006,2955,3004,-1,3004,2955,2957,-1,3004,2957,3002,-1,3002,2957,2959,-1,3002,2959,3000,-1,3000,2959,2960,-1,3000,2960,2999,-1,2999,2960,2962,-1,2999,2962,2964,-1,3012,3014,3026,-1,3026,3014,2947,-1,3026,2947,3024,-1,3024,2947,2945,-1,3024,2945,2943,-1,2995,2997,2980,-1,2980,2997,2999,-1,2980,2999,2979,-1,2979,2999,2966,-1,3008,3032,3006,-1,3006,3032,3034,-1,3006,3034,3037,-1,2983,2985,2991,-1,2991,2985,2987,-1,2991,2987,2989,-1,2983,2991,2980,-1,2980,2991,2993,-1,2980,2993,2995,-1,2973,2966,2971,-1,2971,2966,2969,-1,2973,2975,2966,-1,2966,2975,2977,-1,2966,2977,2979,-1,3023,3021,3019,-1,3031,3029,3033,-1,3033,3029,3027,-1,3033,3027,3015,-1,3019,3017,3023,-1,3023,3017,2940,-1,3023,2940,3025,-1,2967,2965,2998,-1,2940,2942,3025,-1,3025,2942,2944,-1,3025,2944,3027,-1,3027,2944,2946,-1,3027,2946,3015,-1,3005,3003,2958,-1,2958,3003,3001,-1,2958,3001,2961,-1,2961,3001,2998,-1,2961,2998,2963,-1,2963,2998,2965,-1,2958,2956,3005,-1,3005,2956,2954,-1,3005,2954,3007,-1,3007,2954,2952,-1,3007,2952,3009,-1,3009,2952,2950,-1,3009,2950,3011,-1,3011,2950,2951,-1,3011,2951,3013,-1,3013,2951,3036,-1,3013,3036,3015,-1,3015,3036,3035,-1,3015,3035,3033,-1,2967,2998,2981,-1,2981,2998,2996,-1,2981,2996,2994,-1,2984,2990,2986,-1,2986,2990,2988,-1,2994,2992,2981,-1,2981,2992,2990,-1,2981,2990,2982,-1,2982,2990,2984,-1,2981,2978,2967,-1,2967,2978,2976,-1,2967,2976,2974,-1,2974,2972,2967,-1,2967,2972,2970,-1,2967,2970,2968,-1,3038,3039,3040,-1,3040,3039,3041,-1,3042,3043,3044,-1,3044,3043,3045,-1,3046,3047,3048,-1,3048,3047,3049,-1,3046,3048,3050,-1,3046,3050,3051,-1,3051,3050,3052,-1,3051,3052,3053,-1,3053,3052,3054,-1,3053,3054,3055,-1,3055,3054,3056,-1,3055,3056,3057,-1,3058,3057,3059,-1,3059,3057,3056,-1,3058,3059,3060,-1,3060,3059,3061,-1,3060,3061,3062,-1,3062,3061,3063,-1,3064,3062,3065,-1,3065,3062,3063,-1,3064,3065,3066,-1,3064,3066,3067,-1,3067,3066,3068,-1,3067,3068,3069,-1,3069,3068,3070,-1,3069,3070,3071,-1,3071,3070,3072,-1,3071,3072,3073,-1,3073,3072,3074,-1,3073,3074,3075,-1,3075,3074,3076,-1,3075,3076,3077,-1,3078,3077,3079,-1,3079,3077,3076,-1,3078,3079,3080,-1,3078,3080,3081,-1,3081,3080,3082,-1,3081,3082,3083,-1,3083,3082,3084,-1,3083,3084,3085,-1,3085,3084,3086,-1,3085,3086,3087,-1,3087,3086,3088,-1,3087,3088,3089,-1,3089,3088,3090,-1,3089,3090,3091,-1,3091,3090,3092,-1,3091,3092,3093,-1,3093,3092,3094,-1,3093,3094,3095,-1,3095,3094,3096,-1,3095,3096,3097,-1,3098,3097,3099,-1,3099,3097,3096,-1,3098,3099,3100,-1,3100,3099,3101,-1,3100,3101,3102,-1,3102,3101,3103,-1,3102,3103,3104,-1,3104,3103,3105,-1,3104,3105,3106,-1,3106,3105,3107,-1,3106,3107,3108,-1,3108,3107,3109,-1,3108,3109,3110,-1,3110,3109,3111,-1,3112,3110,3113,-1,3113,3110,3111,-1,3114,3039,3115,-1,3115,3039,3038,-1,3116,3114,3117,-1,3117,3114,3115,-1,3118,3116,3119,-1,3119,3116,3117,-1,3120,3118,3121,-1,3121,3118,3119,-1,3122,3120,3123,-1,3123,3120,3121,-1,3124,3122,3125,-1,3125,3122,3123,-1,3126,3124,3127,-1,3127,3124,3125,-1,3128,3126,3129,-1,3129,3126,3127,-1,3130,3128,3131,-1,3131,3128,3129,-1,3132,3130,3133,-1,3133,3130,3131,-1,3132,3133,3134,-1,3132,3134,3135,-1,3135,3134,3049,-1,3135,3049,3047,-1,3124,3108,3110,-1,3116,3118,3114,-1,3114,3118,3120,-1,3114,3120,3039,-1,3039,3120,3122,-1,3039,3122,3041,-1,3126,3128,3124,-1,3124,3128,3130,-1,3124,3130,3108,-1,3108,3130,3106,-1,3047,3046,3104,-1,3097,3062,3064,-1,3047,3104,3135,-1,3046,3051,3104,-1,3104,3051,3053,-1,3104,3053,3102,-1,3102,3053,3055,-1,3102,3055,3100,-1,3100,3055,3057,-1,3100,3057,3098,-1,3098,3057,3058,-1,3098,3058,3097,-1,3097,3058,3060,-1,3097,3060,3062,-1,3110,3112,3124,-1,3124,3112,3045,-1,3124,3045,3122,-1,3122,3045,3043,-1,3122,3043,3041,-1,3093,3095,3078,-1,3078,3095,3097,-1,3078,3097,3077,-1,3077,3097,3064,-1,3106,3130,3104,-1,3104,3130,3132,-1,3104,3132,3135,-1,3081,3083,3089,-1,3089,3083,3085,-1,3089,3085,3087,-1,3081,3089,3078,-1,3078,3089,3091,-1,3078,3091,3093,-1,3071,3064,3069,-1,3069,3064,3067,-1,3071,3073,3064,-1,3064,3073,3075,-1,3064,3075,3077,-1,3121,3119,3117,-1,3129,3127,3131,-1,3131,3127,3125,-1,3131,3125,3113,-1,3117,3115,3121,-1,3121,3115,3038,-1,3121,3038,3123,-1,3065,3063,3096,-1,3038,3040,3123,-1,3123,3040,3042,-1,3123,3042,3125,-1,3125,3042,3044,-1,3125,3044,3113,-1,3103,3101,3056,-1,3056,3101,3099,-1,3056,3099,3059,-1,3059,3099,3096,-1,3059,3096,3061,-1,3061,3096,3063,-1,3056,3054,3103,-1,3103,3054,3052,-1,3103,3052,3105,-1,3105,3052,3050,-1,3105,3050,3107,-1,3107,3050,3048,-1,3107,3048,3109,-1,3109,3048,3049,-1,3109,3049,3111,-1,3111,3049,3134,-1,3111,3134,3113,-1,3113,3134,3133,-1,3113,3133,3131,-1,3065,3096,3079,-1,3079,3096,3094,-1,3079,3094,3092,-1,3082,3088,3084,-1,3084,3088,3086,-1,3092,3090,3079,-1,3079,3090,3088,-1,3079,3088,3080,-1,3080,3088,3082,-1,3079,3076,3065,-1,3065,3076,3074,-1,3065,3074,3072,-1,3072,3070,3065,-1,3065,3070,3068,-1,3065,3068,3066,-1,
        ]
    }
}
Shape{
    appearance Appearance {
        material  Material 	{
            diffuseColor 1.0 1.0 1.0
            specularColor 0.5019607843137255 0.5019607843137255 0.5019607843137255
            ambientIntensity 1.0
            transparency 0.0
            shininess 0.5
        }
    }
    geometry IndexedFaceSet {
        ccw TRUE
        solid FALSE
        coord DEF co Coordinate {
            point [
                4.311 -0.0693 0.5739, 4.311 -0.0693 0.5649, 4.311 -0.0693 0.5739, 4.311 -0.0693 0.5649, 4.311 -0.1008 0.5739, 4.311 -0.1008 0.5739, 4.311 -0.1008 0.6442, 4.311 -0.1008 0.6442, 4.311 -0.1111 0.6442, 4.311 -0.1111 0.6442, 4.311 -0.1111 0.5649, 4.311 -0.1111 0.5649, 4.311 -0.0286 0.5636, 4.311 -0.0286 0.5636, 4.311 -0.0223 0.5642, 4.311 -0.0154 0.565, 4.311 -0.0154 0.565, 4.311 -0.01 0.5669, 4.311 -0.0067 0.5682, 4.311 -0.0067 0.5682, 4.311 -0.0067 0.578, 4.311 -0.0067 0.578, 4.311 -0.01 0.5765, 4.311 -0.0148 0.5744, 4.311 -0.0148 0.5744, 4.311 -0.0238 0.5728, 4.311 -0.0238 0.5728, 4.311 -0.0271 0.5727, 4.311 -0.0271 0.5727, 4.311 -0.0345 0.5735, 4.311 -0.0345 0.5735, 4.311 -0.0403 0.5756, 4.311 -0.0403 0.5756, 4.311 -0.0455 0.5791, 4.311 -0.0455 0.5791, 4.311 -0.0475 0.581, 4.311 -0.0475 0.581, 4.311 -0.0515 0.5867, 4.311 -0.0515 0.5867, 4.311 -0.054 0.5932, 4.311 -0.054 0.5932, 4.311 -0.0553 0.6029, 4.311 -0.0553 0.6029, 4.311 -0.0553 0.6036, 4.311 -0.0553 0.6036, 4.311 -0.0542 0.6137, 4.311 -0.0542 0.6137, 4.311 -0.0517 0.6207, 4.311 -0.0517 0.6207, 4.311 -0.0479 0.6263, 4.311 -0.0479 0.6263, 4.311 -0.0469 0.6275, 4.311 -0.0469 0.6275, 4.311 -0.0419 0.6317, 4.311 -0.0419 0.6317, 4.311 -0.0357 0.6347, 4.311 -0.0357 0.6347, 4.311 -0.0289 0.6361, 4.311 -0.0289 0.6361, 4.311 -0.0253 0.6363, 4.311 -0.0253 0.6363, 4.311 -0.0067 0.6316, 4.311 -0.0067 0.6316, 4.311 -0.0079 0.6322, 4.311 -0.016 0.6352, 4.311 -0.016 0.6352, 4.311 -0.01 0.633, 4.311 -0.0079 0.6322, 4.311 -0.0067 0.6423, 4.311 -0.0067 0.6423, 4.311 -0.0254 0.6455, 4.311 -0.0254 0.6455, 4.311 -0.0247 0.6455, 4.311 -0.01 0.6433, 4.311 -0.0145 0.6446, 4.311 -0.0145 0.6446, 4.311 -0.0173 0.6448, 4.311 -0.0247 0.6455, 4.311 -0.031 0.6448, 4.311 -0.0369 0.6441, 4.311 -0.0369 0.6441, 4.311 -0.0451 0.6409, 4.311 -0.0451 0.6409, 4.311 -0.0528 0.6355, 4.311 -0.0528 0.6355, 4.311 -0.0546 0.6338, 4.311 -0.0546 0.6338, 4.311 -0.0601 0.6267, 4.311 -0.0601 0.6267, 4.311 -0.0625 0.6213, 4.311 -0.0639 0.618, 4.311 -0.0639 0.618, 4.311 -0.0658 0.6078, 4.311 -0.0658 0.6078, 4.311 -0.066 0.603, 4.311 -0.066 0.603, 4.311 -0.0646 0.5908, 4.311 -0.0646 0.5908, 4.311 -0.0625 0.585, 4.311 -0.0615 0.5824, 4.311 -0.0615 0.5824, 4.311 -0.0569 0.5755, 4.311 -0.0569 0.5755, 4.311 -0.0558 0.5744, 4.311 -0.0558 0.5744, 4.311 -0.0339 0.5638, 4.311 -0.0498 0.5693, 4.311 -0.0498 0.5693, 4.311 -0.0424 0.5657, 4.311 -0.0424 0.5657, 4.311 -0.0357 0.5642, 4.311 -0.0339 0.5638, 4.311 0.0518 0.5739, 4.311 0.0518 0.5649, 4.311 0.0518 0.5739, 4.311 0.0518 0.5649, 4.311 0.0194 0.5739, 4.311 0.0194 0.5739, 4.311 0.0408 0.5739, 4.311 0.0194 0.6006, 4.311 0.0194 0.6006, 4.311 0.0478 0.6006, 4.311 0.0478 0.6006, 4.311 0.0408 0.6006, 4.311 0.0478 0.6097, 4.311 0.0478 0.6097, 4.311 0.0194 0.6097, 4.311 0.0194 0.6097, 4.311 0.0408 0.6097, 4.311 0.0194 0.635, 4.311 0.0194 0.635, 4.311 0.05 0.635, 4.311 0.05 0.635, 4.311 0.0408 0.635, 4.311 0.05 0.6442, 4.311 0.05 0.6442, 4.311 0.0092 0.6442, 4.311 0.0092 0.6442, 4.311 0.0408 0.6442, 4.311 0.0092 0.5649, 4.311 0.0092 0.5649, 4.311 0.0408 0.5649, 4.311 0.1204 0.6008, 4.311 0.1311 0.5999, 4.311 0.1206 0.6053, 4.311 0.1314 0.6055, 4.311 0.1196 0.6143, 4.311 0.13 0.6167, 4.311 0.1175 0.6203, 4.311 0.127 0.6242, 4.311 0.1145 0.6249, 4.311 0.1221 0.6311, 4.311 0.1119 0.6276, 4.311 0.1194 0.6337, 4.311 0.1058 0.6316, 4.311 0.1106 0.6396, 4.311 0.0989 0.634, 4.311 0.101 0.643, 4.311 0.089 0.635, 4.311 0.0894 0.6442, 4.311 0.077 0.635, 4.311 0.0668 0.6442, 4.311 0.077 0.5739, 4.311 0.0668 0.5649, 4.311 0.0886 0.5739, 4.311 0.0886 0.5649, 4.311 0.0986 0.575, 4.311 0.1011 0.5663, 4.311 0.1054 0.5774, 4.311 0.1103 0.5697, 4.311 0.1107 0.5809, 4.311 0.1181 0.5748, 4.311 0.1121 0.5822, 4.311 0.1194 0.576, 4.311 0.1163 0.5874, 4.311 0.125 0.5826, 4.311 0.1189 0.5934, 4.311 0.129 0.5907, 4.311 0.0886 0.5649, 4.311 0.0668 0.5649, 4.311 0.1011 0.5663, 4.311 0.1103 0.5697, 4.311 0.1181 0.5748, 4.311 0.1194 0.576, 4.311 0.125 0.5826, 4.311 0.129 0.5907, 4.311 0.1311 0.5999, 4.311 0.1314 0.6055, 4.311 0.13 0.6167, 4.311 0.127 0.6242, 4.311 0.1221 0.6311, 4.311 0.1194 0.6337, 4.311 0.1106 0.6396, 4.311 0.101 0.643, 4.311 0.0894 0.6442, 4.311 0.0668 0.6442, 4.311 0.089 0.635, 4.311 0.077 0.635, 4.311 0.077 0.5739, 4.311 0.0886 0.5739, 4.311 0.1121 0.5822, 4.311 0.1107 0.5809, 4.311 0.1054 0.5774, 4.311 0.0986 0.575, 4.311 0.1206 0.6053, 4.311 0.1204 0.6008, 4.311 0.1189 0.5934, 4.311 0.1163 0.5874, 4.311 0.1119 0.6276, 4.311 0.1145 0.6249, 4.311 0.1175 0.6203, 4.311 0.1196 0.6143, 4.311 0.0989 0.634, 4.311 0.1058 0.6316
            ]
        }
        coordIndex [
            0,1,2,-1,2,1,3,-1,4,0,5,-1,5,0,2,-1,6,4,7,-1,7,4,5,-1,8,6,9,-1,9,6,7,-1,10,8,11,-1,11,8,9,-1,1,10,3,-1,3,10,11,-1,6,8,4,-1,4,8,10,-1,4,10,0,-1,0,10,1,-1,12,13,14,-1,12,14,15,-1,14,16,15,-1,15,16,17,-1,15,17,18,-1,18,17,19,-1,20,18,21,-1,21,18,19,-1,20,21,22,-1,20,22,23,-1,22,24,23,-1,23,24,25,-1,23,25,26,-1,26,25,27,-1,26,27,28,-1,28,27,29,-1,28,29,30,-1,30,29,31,-1,30,31,32,-1,32,31,33,-1,32,33,34,-1,34,33,35,-1,34,35,36,-1,36,35,37,-1,36,37,38,-1,38,37,39,-1,38,39,40,-1,40,39,41,-1,40,41,42,-1,42,41,43,-1,42,43,44,-1,44,43,45,-1,44,45,46,-1,46,45,47,-1,46,47,48,-1,48,47,49,-1,48,49,50,-1,50,49,51,-1,50,51,52,-1,52,51,53,-1,52,53,54,-1,54,53,55,-1,54,55,56,-1,56,55,57,-1,56,57,58,-1,58,57,59,-1,58,59,60,-1,61,62,63,-1,60,59,64,-1,60,64,65,-1,65,64,66,-1,65,66,63,-1,63,66,67,-1,63,67,61,-1,68,62,69,-1,69,62,61,-1,70,71,72,-1,68,69,73,-1,68,73,74,-1,73,75,74,-1,74,75,76,-1,74,76,72,-1,72,76,77,-1,72,77,70,-1,71,70,78,-1,71,78,79,-1,78,80,79,-1,79,80,81,-1,79,81,82,-1,82,81,83,-1,82,83,84,-1,84,83,85,-1,84,85,86,-1,86,85,87,-1,86,87,88,-1,88,87,89,-1,88,89,90,-1,89,91,90,-1,90,91,92,-1,90,92,93,-1,93,92,94,-1,93,94,95,-1,95,94,96,-1,95,96,97,-1,97,96,98,-1,97,98,99,-1,98,100,99,-1,99,100,101,-1,99,101,102,-1,102,101,103,-1,102,103,104,-1,13,12,105,-1,104,103,106,-1,104,106,107,-1,107,106,108,-1,107,108,109,-1,109,108,110,-1,109,110,105,-1,105,110,111,-1,105,111,13,-1,63,62,68,-1,38,40,97,-1,46,48,88,-1,97,40,95,-1,88,48,86,-1,63,68,65,-1,65,68,74,-1,65,74,60,-1,60,74,72,-1,60,72,58,-1,58,72,71,-1,58,71,56,-1,56,71,79,-1,56,79,54,-1,18,20,15,-1,15,20,23,-1,15,23,12,-1,79,82,54,-1,54,82,84,-1,54,84,52,-1,52,84,86,-1,52,86,50,-1,50,86,48,-1,97,99,38,-1,38,99,102,-1,38,102,36,-1,36,102,104,-1,36,104,34,-1,34,104,107,-1,34,107,32,-1,32,107,109,-1,32,109,30,-1,30,109,105,-1,30,105,28,-1,28,105,12,-1,28,12,26,-1,26,12,23,-1,40,42,95,-1,95,42,44,-1,95,44,93,-1,93,44,46,-1,93,46,90,-1,90,46,88,-1,112,113,114,-1,114,113,115,-1,116,117,118,-1,118,117,112,-1,118,112,114,-1,119,117,120,-1,120,117,116,-1,121,122,123,-1,123,122,119,-1,123,119,120,-1,124,122,125,-1,125,122,121,-1,126,127,128,-1,128,127,124,-1,128,124,125,-1,129,127,130,-1,130,127,126,-1,131,132,133,-1,133,132,129,-1,133,129,130,-1,134,132,135,-1,135,132,131,-1,136,137,138,-1,138,137,134,-1,138,134,135,-1,139,137,140,-1,140,137,136,-1,115,113,141,-1,141,113,139,-1,141,139,140,-1,139,113,112,-1,112,117,139,-1,139,117,119,-1,139,119,137,-1,132,134,129,-1,129,134,137,-1,129,137,127,-1,127,137,119,-1,127,119,124,-1,124,119,122,-1,142,143,144,-1,144,143,145,-1,144,145,146,-1,146,145,147,-1,146,147,148,-1,148,147,149,-1,148,149,150,-1,150,149,151,-1,150,151,152,-1,152,151,153,-1,152,153,154,-1,154,153,155,-1,154,155,156,-1,156,155,157,-1,156,157,158,-1,158,157,159,-1,158,159,160,-1,160,159,161,-1,160,161,162,-1,162,161,163,-1,162,163,164,-1,164,163,165,-1,164,165,166,-1,166,165,167,-1,166,167,168,-1,168,167,169,-1,168,169,170,-1,170,169,171,-1,170,171,172,-1,172,171,173,-1,172,173,174,-1,174,173,175,-1,174,175,176,-1,176,175,177,-1,176,177,142,-1,142,177,143,-1,165,163,178,-1,178,163,179,-1,165,178,180,-1,165,180,167,-1,167,180,181,-1,167,181,169,-1,169,181,182,-1,169,182,171,-1,171,182,183,-1,171,183,173,-1,173,183,184,-1,173,184,175,-1,175,184,185,-1,175,185,177,-1,177,185,186,-1,177,186,143,-1,143,186,187,-1,143,187,145,-1,145,187,188,-1,145,188,147,-1,147,188,189,-1,147,189,149,-1,149,189,190,-1,149,190,151,-1,151,190,191,-1,151,191,153,-1,153,191,192,-1,153,192,155,-1,155,192,193,-1,155,193,157,-1,157,193,194,-1,157,194,159,-1,161,159,195,-1,195,159,194,-1,163,161,179,-1,179,161,195,-1,158,160,196,-1,196,160,197,-1,160,162,197,-1,197,162,198,-1,162,164,198,-1,198,164,199,-1,172,200,201,-1,172,201,170,-1,170,201,202,-1,170,202,168,-1,168,202,203,-1,168,203,166,-1,166,203,199,-1,166,199,164,-1,144,204,205,-1,144,205,142,-1,142,205,206,-1,142,206,176,-1,176,206,207,-1,176,207,174,-1,174,207,200,-1,174,200,172,-1,152,208,209,-1,152,209,150,-1,150,209,210,-1,150,210,148,-1,148,210,211,-1,148,211,146,-1,146,211,204,-1,146,204,144,-1,158,196,212,-1,158,212,156,-1,156,212,213,-1,156,213,154,-1,154,213,208,-1,154,208,152,-1,
        ]
    }
}
Shape{
    appearance Appearance {
        material  Material 	{
            diffuseColor 0.2235294117647059 0.2235294117647059 0.2235294117647059
            specularColor 0.11372549019607843 0.11372549019607843 0.11372549019607843
            ambientIntensity 0.2235
            transparency 0.0
            shininess 0.5
        }
    }
    geometry IndexedFaceSet {
        ccw TRUE
        solid FALSE
        coord DEF co Coordinate {
            point [
                4.311 0.077 0.635, 4.311 0.077 0.5739, 4.311 0.089 0.635, 4.311 0.0886 0.5739, 4.311 0.0986 0.575, 4.311 0.1054 0.5774, 4.311 0.1107 0.5809, 4.311 0.1121 0.5822, 4.311 0.1163 0.5874, 4.311 0.1189 0.5934, 4.311 0.1204 0.6008, 4.311 0.1206 0.6053, 4.311 0.1196 0.6143, 4.311 0.1175 0.6203, 4.311 0.1145 0.6249, 4.311 0.1119 0.6276, 4.311 0.0989 0.634, 4.311 0.1058 0.6316
            ]
        }
        coordIndex [
            0,1,2,-1,2,1,3,-1,2,3,4,-1,4,5,2,-1,2,5,6,-1,2,6,7,-1,7,8,2,-1,2,8,9,-1,2,9,10,-1,10,11,2,-1,2,11,12,-1,2,12,13,-1,13,14,2,-1,2,14,15,-1,2,15,16,-1,16,15,17,-1,
        ]
    }
}
Shape{
    appearance Appearance {
        material  Material 	{
            diffuseColor 1.0 1.0 1.0
            specularColor 0.5019607843137255 0.5019607843137255 0.5019607843137255
            ambientIntensity 1.0
            transparency 0.0
            shininess 0.5
        }
    }
    geometry IndexedFaceSet {
        ccw TRUE
        solid FALSE
        coord DEF co Coordinate {
            point [
                4.311 0.1579 0.5955, 4.311 0.1547 0.5866, 4.311 0.1845 0.5955, 4.311 0.1877 0.5866, 4.311 0.1698 0.6285, 4.311 0.1659 0.6442, 4.311 0.1357 0.5649, 4.311 0.1471 0.5649, 4.311 0.1705 0.6308, 4.311 0.1711 0.634, 4.311 0.1769 0.6442, 4.311 0.1713 0.634, 4.311 0.172 0.6307, 4.311 0.1725 0.6285, 4.311 0.2071 0.5649, 4.311 0.1958 0.5649, 4.311 0.1769 0.6442, 4.311 0.2071 0.5649, 4.311 0.1659 0.6442, 4.311 0.1357 0.5649, 4.311 0.1586 0.6249, 4.311 0.1471 0.5649, 4.311 0.1547 0.5866, 4.311 0.1877 0.5866, 4.311 0.1586 0.5866, 4.311 0.1958 0.5649, 4.311 0.1579 0.5955, 4.311 0.1845 0.5955, 4.311 0.1725 0.6285, 4.311 0.1713 0.634, 4.311 0.172 0.6307, 4.311 0.1711 0.634, 4.311 0.1698 0.6285, 4.311 0.1705 0.6308
            ]
        }
        coordIndex [
            0,1,2,-1,2,1,3,-1,4,5,0,-1,0,5,6,-1,0,6,1,-1,1,6,7,-1,4,8,5,-1,5,8,9,-1,5,9,10,-1,10,9,11,-1,10,11,12,-1,12,13,10,-1,10,13,2,-1,10,2,14,-1,14,2,3,-1,14,3,15,-1,10,14,16,-1,16,14,17,-1,5,10,18,-1,18,10,16,-1,19,6,20,-1,20,6,5,-1,20,5,18,-1,7,6,21,-1,21,6,19,-1,1,7,22,-1,22,7,21,-1,23,3,24,-1,24,3,1,-1,24,1,22,-1,15,3,25,-1,25,3,23,-1,14,15,17,-1,17,15,25,-1,0,2,26,-1,26,2,27,-1,2,13,27,-1,27,13,28,-1,11,29,30,-1,11,30,12,-1,12,30,28,-1,12,28,13,-1,11,9,29,-1,29,9,31,-1,4,32,33,-1,4,33,8,-1,8,33,31,-1,8,31,9,-1,4,0,32,-1,32,0,26,-1,
        ]
    }
}
Shape{
    appearance Appearance {
        material  Material 	{
            diffuseColor 0.2235294117647059 0.2235294117647059 0.2235294117647059
            specularColor 0.11372549019607843 0.11372549019607843 0.11372549019607843
            ambientIntensity 0.2235
            transparency 0.0
            shininess 0.5
        }
    }
    geometry IndexedFaceSet {
        ccw TRUE
        solid FALSE
        coord DEF co Coordinate {
            point [
                4.311 0.1713 0.634, 4.311 0.1711 0.634, 4.311 0.172 0.6307, 4.311 0.1705 0.6308, 4.311 0.1725 0.6285, 4.311 0.1698 0.6285, 4.311 0.1845 0.5955, 4.311 0.1579 0.5955
            ]
        }
        coordIndex [
            0,1,2,-1,2,1,3,-1,2,3,4,-1,4,3,5,-1,4,5,6,-1,6,5,7,-1,
        ]
    }
}
Shape{
    appearance Appearance {
        material  Material 	{
            diffuseColor 1.0 1.0 1.0
            specularColor 0.5019607843137255 0.5019607843137255 0.5019607843137255
            ambientIntensity 1.0
            transparency 0.0
            shininess 0.5
        }
    }
    geometry IndexedFaceSet {
        ccw TRUE
        solid FALSE
        coord DEF co Coordinate {
            point [
                4.311 -0.0684 0.4482, 4.311 -0.0684 0.4391, 4.311 -0.0684 0.4482, 4.311 -0.0684 0.4391, 4.311 -0.1008 0.4482, 4.311 -0.1008 0.4482, 4.311 -0.1008 0.4748, 4.311 -0.1008 0.4748, 4.311 -0.0725 0.4748, 4.311 -0.0725 0.4748, 4.311 -0.0725 0.4839, 4.311 -0.0725 0.4839, 4.311 -0.1008 0.4839, 4.311 -0.1008 0.4839, 4.311 -0.1008 0.5093, 4.311 -0.1008 0.5093, 4.311 -0.0702 0.5093, 4.311 -0.0702 0.5093, 4.311 -0.0702 0.5184, 4.311 -0.0702 0.5184, 4.311 -0.1111 0.5184, 4.311 -0.1111 0.5184, 4.311 -0.1111 0.4391, 4.311 -0.1111 0.4391, 4.311 -0.0236 0.4479, 4.311 -0.0234 0.4479, 4.311 -0.024 0.457, 4.311 -0.0475 0.471, 4.311 -0.0518 0.4688, 4.311 -0.0462 0.4623, 4.311 -0.0234 0.4615, 4.311 -0.0134 0.4756, 4.311 -0.0234 0.4621, 4.311 -0.0234 0.4676, 4.311 -0.0234 0.4391, 4.311 -0.0134 0.4391, 4.311 -0.0255 0.4535, 4.311 -0.0276 0.4506, 4.311 -0.0252 0.4455, 4.311 -0.0289 0.4494, 4.311 -0.0283 0.4422, 4.311 -0.0317 0.4475, 4.311 -0.0318 0.4398, 4.311 -0.0347 0.4464, 4.311 -0.0358 0.4384, 4.311 -0.0384 0.446, 4.311 -0.041 0.4378, 4.311 -0.0417 0.4463, 4.311 -0.0469 0.4385, 4.311 -0.044 0.4472, 4.311 -0.0507 0.4399, 4.311 -0.046 0.4485, 4.311 -0.0541 0.4423, 4.311 -0.0468 0.4494, 4.311 -0.0474 0.4608, 4.311 -0.0548 0.4662, 4.311 -0.0483 0.459, 4.311 -0.0568 0.4634, 4.311 -0.0488 0.4567, 4.311 -0.0449 0.4633, 4.311 -0.0425 0.4644, 4.311 -0.0401 0.4728, 4.311 -0.0366 0.4658, 4.311 -0.0234 0.4751, 4.311 -0.0534 0.4918, 4.311 -0.0534 0.4821, 4.311 -0.0507 0.4933, 4.311 -0.047 0.4862, 4.311 -0.0433 0.496, 4.311 -0.0408 0.4884, 4.311 -0.0339 0.4971, 4.311 -0.0348 0.489, 4.311 -0.0278 0.4965, 4.311 -0.0315 0.4886, 4.311 -0.0237 0.4952, 4.311 -0.0292 0.4878, 4.311 -0.0204 0.4933, 4.311 -0.0274 0.4867, 4.311 -0.0177 0.4908, 4.311 -0.0259 0.4851, 4.311 -0.0157 0.4876, 4.311 -0.0247 0.4831, 4.311 -0.0142 0.483, 4.311 -0.0237 0.4795, 4.311 -0.0582 0.4599, 4.311 -0.0589 0.4557, 4.311 -0.0488 0.4551, 4.311 -0.0589 0.4543, 4.311 -0.0486 0.4528, 4.311 -0.0584 0.4498, 4.311 -0.0479 0.451, 4.311 -0.0572 0.4464, 4.311 -0.0552 0.4434, 4.311 -0.0339 0.4971, 4.311 -0.0433 0.496, 4.311 -0.0507 0.4933, 4.311 -0.0534 0.4918, 4.311 -0.0534 0.4821, 4.311 -0.047 0.4862, 4.311 -0.0408 0.4884, 4.311 -0.0348 0.489, 4.311 -0.0315 0.4886, 4.311 -0.0292 0.4878, 4.311 -0.0274 0.4867, 4.311 -0.0259 0.4851, 4.311 -0.0247 0.4831, 4.311 -0.0237 0.4795, 4.311 -0.0234 0.4751, 4.311 -0.0401 0.4728, 4.311 -0.0475 0.471, 4.311 -0.0518 0.4688, 4.311 -0.0548 0.4662, 4.311 -0.0568 0.4634, 4.311 -0.0582 0.4599, 4.311 -0.0589 0.4557, 4.311 -0.0589 0.4543, 4.311 -0.0584 0.4498, 4.311 -0.0572 0.4464, 4.311 -0.0552 0.4434, 4.311 -0.0541 0.4423, 4.311 -0.041 0.4378, 4.311 -0.0467 0.4385, 4.311 -0.0469 0.4385, 4.311 -0.0507 0.4399, 4.311 -0.0358 0.4384, 4.311 -0.0356 0.4385, 4.311 -0.0318 0.4398, 4.311 -0.0283 0.4422, 4.311 -0.0252 0.4455, 4.311 -0.0236 0.4479, 4.311 -0.0234 0.4479, 4.311 -0.0234 0.4391, 4.311 -0.0134 0.4391, 4.311 -0.0134 0.4756, 4.311 -0.0142 0.483, 4.311 -0.0157 0.4876, 4.311 -0.0177 0.4908, 4.311 -0.0204 0.4933, 4.311 -0.0237 0.4952, 4.311 -0.0278 0.4965, 4.311 -0.0462 0.4623, 4.311 -0.0449 0.4633, 4.311 -0.0425 0.4644, 4.311 -0.0366 0.4658, 4.311 -0.0488 0.4551, 4.311 -0.0488 0.4567, 4.311 -0.0483 0.459, 4.311 -0.0474 0.4608, 4.311 -0.046 0.4485, 4.311 -0.0468 0.4494, 4.311 -0.0479 0.451, 4.311 -0.0486 0.4528, 4.311 -0.0384 0.446, 4.311 -0.0417 0.4463, 4.311 -0.044 0.4472, 4.311 -0.0276 0.4506, 4.311 -0.0289 0.4494, 4.311 -0.0317 0.4475, 4.311 -0.0347 0.4464, 4.311 -0.0234 0.4621, 4.311 -0.0234 0.4615, 4.311 -0.024 0.457, 4.311 -0.0255 0.4535, 4.311 -0.0234 0.4676
            ]
        }
        coordIndex [
            0,1,2,-1,2,1,3,-1,4,0,5,-1,5,0,2,-1,6,4,7,-1,7,4,5,-1,8,6,9,-1,9,6,7,-1,10,8,11,-1,11,8,9,-1,12,10,13,-1,13,10,11,-1,14,12,15,-1,15,12,13,-1,16,14,17,-1,17,14,15,-1,18,16,19,-1,19,16,17,-1,20,18,21,-1,21,18,19,-1,22,20,23,-1,23,20,21,-1,1,22,3,-1,3,22,23,-1,22,1,0,-1,0,4,22,-1,22,4,6,-1,22,6,20,-1,16,18,14,-1,14,18,20,-1,14,20,12,-1,12,20,6,-1,12,6,10,-1,10,6,8,-1,24,25,26,-1,27,28,29,-1,30,31,32,-1,32,31,33,-1,34,35,25,-1,25,35,31,-1,25,31,26,-1,26,31,30,-1,26,36,24,-1,24,36,37,-1,24,37,38,-1,38,37,39,-1,38,39,40,-1,40,39,41,-1,40,41,42,-1,42,41,43,-1,42,43,44,-1,44,43,45,-1,44,45,46,-1,46,45,47,-1,46,47,48,-1,48,47,49,-1,48,49,50,-1,50,49,51,-1,50,51,52,-1,52,51,53,-1,29,28,54,-1,54,28,55,-1,54,55,56,-1,56,55,57,-1,56,57,58,-1,29,59,27,-1,27,59,60,-1,27,60,61,-1,61,60,62,-1,61,62,63,-1,64,65,66,-1,66,65,67,-1,66,67,68,-1,68,67,69,-1,68,69,70,-1,70,69,71,-1,70,71,72,-1,72,71,73,-1,72,73,74,-1,74,73,75,-1,74,75,76,-1,76,75,77,-1,76,77,78,-1,78,77,79,-1,78,79,80,-1,80,79,81,-1,80,81,82,-1,82,81,83,-1,82,83,31,-1,31,83,63,-1,31,63,33,-1,33,63,62,-1,57,84,58,-1,58,84,85,-1,58,85,86,-1,86,85,87,-1,86,87,88,-1,88,87,89,-1,88,89,90,-1,90,89,91,-1,90,91,53,-1,53,91,92,-1,53,92,52,-1,70,93,94,-1,70,94,68,-1,68,94,95,-1,68,95,66,-1,66,95,96,-1,66,96,64,-1,65,64,97,-1,97,64,96,-1,65,97,98,-1,65,98,67,-1,67,98,99,-1,67,99,69,-1,69,99,100,-1,69,100,71,-1,71,100,101,-1,71,101,73,-1,73,101,102,-1,73,102,75,-1,75,102,103,-1,75,103,77,-1,77,103,104,-1,77,104,79,-1,79,104,105,-1,79,105,81,-1,81,105,106,-1,81,106,83,-1,83,106,107,-1,83,107,63,-1,61,63,108,-1,108,63,107,-1,61,108,109,-1,61,109,27,-1,27,109,110,-1,27,110,28,-1,28,110,111,-1,28,111,55,-1,55,111,112,-1,55,112,57,-1,57,112,113,-1,57,113,84,-1,84,113,114,-1,84,114,85,-1,85,114,115,-1,85,115,87,-1,87,115,116,-1,87,116,89,-1,89,116,117,-1,89,117,91,-1,91,117,118,-1,91,118,92,-1,92,118,119,-1,92,119,52,-1,120,46,121,-1,121,46,48,-1,121,48,122,-1,122,48,50,-1,122,50,123,-1,123,50,52,-1,123,52,119,-1,46,120,124,-1,46,124,44,-1,44,124,125,-1,44,125,42,-1,125,126,42,-1,42,126,127,-1,42,127,40,-1,40,127,128,-1,40,128,38,-1,38,128,129,-1,38,129,24,-1,25,24,130,-1,130,24,129,-1,34,25,131,-1,131,25,130,-1,35,34,132,-1,132,34,131,-1,31,35,133,-1,133,35,132,-1,31,133,134,-1,31,134,82,-1,82,134,135,-1,82,135,80,-1,80,135,136,-1,80,136,78,-1,78,136,137,-1,78,137,76,-1,76,137,138,-1,76,138,74,-1,74,138,139,-1,74,139,72,-1,72,139,93,-1,72,93,70,-1,29,140,141,-1,29,141,59,-1,59,141,142,-1,59,142,60,-1,60,142,143,-1,60,143,62,-1,86,144,145,-1,86,145,58,-1,58,145,146,-1,58,146,56,-1,56,146,147,-1,56,147,54,-1,54,147,140,-1,54,140,29,-1,51,148,149,-1,51,149,53,-1,53,149,150,-1,53,150,90,-1,90,150,151,-1,90,151,88,-1,88,151,144,-1,88,144,86,-1,45,152,153,-1,45,153,47,-1,47,153,154,-1,47,154,49,-1,49,154,148,-1,49,148,51,-1,37,155,156,-1,37,156,39,-1,39,156,157,-1,39,157,41,-1,41,157,158,-1,41,158,43,-1,43,158,152,-1,43,152,45,-1,32,159,160,-1,32,160,30,-1,30,160,161,-1,30,161,26,-1,26,161,162,-1,26,162,36,-1,36,162,155,-1,36,155,37,-1,32,33,159,-1,159,33,163,-1,33,62,163,-1,163,62,143,-1,
        ]
    }
}
Shape{
    appearance Appearance {
        material  Material 	{
            diffuseColor 0.2235294117647059 0.2235294117647059 0.2235294117647059
            specularColor 0.11372549019607843 0.11372549019607843 0.11372549019607843
            ambientIntensity 0.2235
            transparency 0.0
            shininess 0.5
        }
    }
    geometry IndexedFaceSet {
        ccw TRUE
        solid FALSE
        coord DEF co Coordinate {
            point [
                4.311 -0.0234 0.4676, 4.311 -0.0366 0.4658, 4.311 -0.0234 0.4621, 4.311 -0.0425 0.4644, 4.311 -0.0449 0.4633, 4.311 -0.0462 0.4623, 4.311 -0.0234 0.4615, 4.311 -0.024 0.457, 4.311 -0.0474 0.4608, 4.311 -0.0255 0.4535, 4.311 -0.0468 0.4494, 4.311 -0.046 0.4485, 4.311 -0.0289 0.4494, 4.311 -0.0479 0.451, 4.311 -0.0317 0.4475, 4.311 -0.0347 0.4464, 4.311 -0.0384 0.446, 4.311 -0.0483 0.459, 4.311 -0.0488 0.4567, 4.311 -0.0276 0.4506, 4.311 -0.0488 0.4551, 4.311 -0.0486 0.4528, 4.311 -0.044 0.4472, 4.311 -0.0417 0.4463
            ]
        }
        coordIndex [
            0,1,2,-1,2,1,3,-1,3,4,2,-1,2,4,5,-1,2,5,6,-1,6,5,7,-1,7,5,8,-1,7,8,9,-1,10,11,12,-1,10,12,13,-1,14,12,15,-1,15,12,16,-1,8,17,9,-1,9,17,18,-1,9,18,19,-1,19,18,20,-1,19,20,12,-1,12,20,21,-1,12,21,13,-1,11,22,12,-1,12,22,23,-1,12,23,16,-1,
        ]
    }
}
Shape{
    appearance Appearance {
        material  Material 	{
            diffuseColor 1.0 1.0 1.0
            specularColor 0.5019607843137255 0.5019607843137255 0.5019607843137255
            ambientIntensity 1.0
            transparency 0.0
            shininess 0.5
        }
    }
    geometry IndexedFaceSet {
        ccw TRUE
        solid FALSE
        coord DEF co Coordinate {
            point [
                4.311 0.0 0.4514, 4.311 0.0 0.4514, 4.311 0.0039 0.449, 4.311 0.0164 0.4459, 4.311 0.0164 0.4459, 4.311 0.0101 0.4466, 4.311 0.0101 0.4466, 4.311 0.0046 0.4487, 4.311 0.0039 0.449, 4.311 0.0 0.4411, 4.311 0.0 0.4411, 4.311 0.0071 0.4387, 4.311 0.0046 0.4395, 4.311 0.0154 0.4378, 4.311 0.0154 0.4378, 4.311 0.0088 0.4385, 4.311 0.0071 0.4387, 4.311 0.0235 0.4387, 4.311 0.0217 0.4385, 4.311 0.0235 0.4387, 4.311 0.0289 0.4406, 4.311 0.0289 0.4406, 4.311 0.0319 0.4423, 4.311 0.0319 0.4423, 4.311 0.0347 0.4448, 4.311 0.0347 0.4448, 4.311 0.0366 0.4474, 4.311 0.0366 0.4474, 4.311 0.0378 0.4506, 4.311 0.0378 0.4506, 4.311 0.0383 0.4545, 4.311 0.0383 0.4545, 4.311 0.0379 0.4582, 4.311 0.0379 0.4582, 4.311 0.0368 0.4612, 4.311 0.0368 0.4612, 4.311 0.0349 0.4639, 4.311 0.0349 0.4639, 4.311 0.0326 0.466, 4.311 0.0326 0.466, 4.311 0.026 0.4697, 4.311 0.026 0.4697, 4.311 0.0221 0.4712, 4.311 0.0221 0.4712, 4.311 0.016 0.4739, 4.311 0.016 0.4739, 4.311 0.0125 0.4761, 4.311 0.0125 0.4761, 4.311 0.0115 0.4772, 4.311 0.0115 0.4772, 4.311 0.0108 0.4785, 4.311 0.0108 0.4785, 4.311 0.0104 0.4801, 4.311 0.0104 0.4801, 4.311 0.0103 0.4814, 4.311 0.0103 0.4814, 4.311 0.0105 0.483, 4.311 0.0105 0.483, 4.311 0.011 0.4843, 4.311 0.011 0.4843, 4.311 0.0118 0.4856, 4.311 0.0118 0.4856, 4.311 0.0133 0.4869, 4.311 0.0133 0.4869, 4.311 0.0156 0.4881, 4.311 0.0156 0.4881, 4.311 0.0182 0.4888, 4.311 0.0182 0.4888, 4.311 0.0212 0.489, 4.311 0.0212 0.489, 4.311 0.0277 0.4883, 4.311 0.0277 0.4883, 4.311 0.0333 0.4862, 4.311 0.0333 0.4862, 4.311 0.0355 0.4849, 4.311 0.0355 0.4849, 4.311 0.0355 0.4945, 4.311 0.0355 0.4945, 4.311 0.0276 0.4967, 4.311 0.0276 0.4967, 4.311 0.0221 0.4971, 4.311 0.0221 0.4971, 4.311 0.0148 0.4963, 4.311 0.0148 0.4963, 4.311 0.0094 0.4943, 4.311 0.0094 0.4943, 4.311 0.0064 0.4926, 4.311 0.0064 0.4926, 4.311 0.0035 0.4899, 4.311 0.0046 0.4909, 4.311 0.0035 0.4899, 4.311 0.0017 0.4872, 4.311 0.0017 0.4872, 4.311 0.0005 0.484, 4.311 0.0005 0.484, 4.311 0.0001 0.4805, 4.311 0.0001 0.4805, 4.311 0.0005 0.4766, 4.311 0.0005 0.4766, 4.311 0.0016 0.4736, 4.311 0.0016 0.4736, 4.311 0.0029 0.4715, 4.311 0.0029 0.4715, 4.311 0.0151 0.464, 4.311 0.0151 0.464, 4.311 0.0092 0.4667, 4.311 0.0045 0.4698, 4.311 0.0045 0.4698, 4.311 0.0046 0.4698, 4.311 0.0092 0.4667, 4.311 0.0216 0.4613, 4.311 0.0216 0.4613, 4.311 0.0255 0.459, 4.311 0.0255 0.459, 4.311 0.0268 0.4577, 4.311 0.0268 0.4577, 4.311 0.0275 0.4564, 4.311 0.0275 0.4564, 4.311 0.028 0.4548, 4.311 0.028 0.4548, 4.311 0.0281 0.4536, 4.311 0.0281 0.4536, 4.311 0.0279 0.4517, 4.311 0.0279 0.4517, 4.311 0.0274 0.4503, 4.311 0.0274 0.4503, 4.311 0.0265 0.449, 4.311 0.0265 0.449, 4.311 0.0254 0.448, 4.311 0.0254 0.448, 4.311 0.0244 0.4474, 4.311 0.0244 0.4474, 4.311 0.0219 0.4465, 4.311 0.0219 0.4465, 4.311 0.0168 0.4459, 4.311 0.0168 0.4459, 4.311 0.0875 0.4958, 4.311 0.0978 0.4958, 4.311 0.0875 0.4958, 4.311 0.0978 0.4958, 4.311 0.072 0.4531, 4.311 0.072 0.4531, 4.311 0.0713 0.4505, 4.311 0.0713 0.4505, 4.311 0.0708 0.4485, 4.311 0.0708 0.4485, 4.311 0.0705 0.4485, 4.311 0.0705 0.4485, 4.311 0.0693 0.4532, 4.311 0.0693 0.4532, 4.311 0.0545 0.4958, 4.311 0.0545 0.4958, 4.311 0.0593 0.482, 4.311 0.0434 0.4958, 4.311 0.0434 0.4958, 4.311 0.0656 0.4393, 4.311 0.0656 0.4393, 4.311 0.0593 0.4553, 4.311 0.0613 0.429, 4.311 0.0613 0.429, 4.311 0.0653 0.4385, 4.311 0.0593 0.4254, 4.311 0.0593 0.4254, 4.311 0.0593 0.4254, 4.311 0.0575 0.4233, 4.311 0.0575 0.4233, 4.311 0.0557 0.4221, 4.311 0.0557 0.4221, 4.311 0.0535 0.4213, 4.311 0.0535 0.4213, 4.311 0.0511 0.421, 4.311 0.0511 0.421, 4.311 0.0475 0.4215, 4.311 0.0475 0.4215, 4.311 0.0455 0.4221, 4.311 0.0455 0.4221, 4.311 0.0455 0.4133, 4.311 0.0455 0.4133, 4.311 0.0497 0.4126, 4.311 0.0497 0.4126, 4.311 0.0519 0.4125, 4.311 0.0519 0.4125, 4.311 0.0559 0.4129, 4.311 0.0559 0.4129, 4.311 0.0593 0.4143, 4.311 0.0598 0.4144, 4.311 0.0598 0.4144, 4.311 0.0633 0.4169, 4.311 0.0633 0.4169, 4.311 0.064 0.4175, 4.311 0.064 0.4175, 4.311 0.0676 0.4218, 4.311 0.0676 0.4218, 4.311 0.0721 0.4306, 4.311 0.0721 0.4306, 4.311 0.0752 0.4385, 4.311 0.1511 0.4482, 4.311 0.1511 0.4391, 4.311 0.1511 0.4482, 4.311 0.1511 0.4391, 4.311 0.1187 0.4482, 4.311 0.1187 0.4482, 4.311 0.1335 0.4482, 4.311 0.1187 0.4748, 4.311 0.1187 0.4748, 4.311 0.1471 0.4748, 4.311 0.1471 0.4748, 4.311 0.1335 0.4748, 4.311 0.1471 0.4839, 4.311 0.1471 0.4839, 4.311 0.1187 0.4839, 4.311 0.1187 0.4839, 4.311 0.1335 0.4839, 4.311 0.1187 0.5093, 4.311 0.1187 0.5093, 4.311 0.1493 0.5093, 4.311 0.1493 0.5093, 4.311 0.1335 0.5093, 4.311 0.1493 0.5184, 4.311 0.1493 0.5184, 4.311 0.1085 0.5184, 4.311 0.1085 0.5184, 4.311 0.1335 0.5184, 4.311 0.1085 0.4391, 4.311 0.1085 0.4391, 4.311 0.1335 0.4391, 4.311 0.2197 0.475, 4.311 0.2303 0.4742, 4.311 0.2199 0.4795, 4.311 0.2306 0.4798, 4.311 0.2189 0.4886, 4.311 0.2292 0.4909, 4.311 0.2168 0.4946, 4.311 0.2263 0.4985, 4.311 0.2138 0.4992, 4.311 0.2213 0.5053, 4.311 0.2112 0.5018, 4.311 0.2187 0.5079, 4.311 0.2051 0.5058, 4.311 0.2099 0.5138, 4.311 0.1981 0.5083, 4.311 0.2003 0.5172, 4.311 0.1883 0.5093, 4.311 0.1887 0.5184, 4.311 0.1763 0.5093, 4.311 0.1661 0.5184, 4.311 0.1763 0.4482, 4.311 0.1661 0.4391, 4.311 0.1878 0.4482, 4.311 0.1879 0.4391, 4.311 0.1979 0.4493, 4.311 0.2004 0.4405, 4.311 0.2047 0.4517, 4.311 0.2096 0.4439, 4.311 0.2099 0.4551, 4.311 0.2174 0.4491, 4.311 0.2114 0.4565, 4.311 0.2187 0.4503, 4.311 0.2155 0.4617, 4.311 0.2243 0.4568, 4.311 0.2182 0.4676, 4.311 0.2283 0.465, 4.311 0.1879 0.4391, 4.311 0.1661 0.4391, 4.311 0.2004 0.4405, 4.311 0.2096 0.4439, 4.311 0.2174 0.4491, 4.311 0.2187 0.4503, 4.311 0.2243 0.4568, 4.311 0.2283 0.465, 4.311 0.2303 0.4742, 4.311 0.2306 0.4798, 4.311 0.2292 0.4909, 4.311 0.2263 0.4985, 4.311 0.2213 0.5053, 4.311 0.2187 0.5079, 4.311 0.2099 0.5138, 4.311 0.2003 0.5172, 4.311 0.1887 0.5184, 4.311 0.1661 0.5184, 4.311 0.1883 0.5093, 4.311 0.1763 0.5093, 4.311 0.1763 0.4482, 4.311 0.1878 0.4482, 4.311 0.2114 0.4565, 4.311 0.2099 0.4551, 4.311 0.2047 0.4517, 4.311 0.1979 0.4493, 4.311 0.2199 0.4795, 4.311 0.2197 0.475, 4.311 0.2182 0.4676, 4.311 0.2155 0.4617, 4.311 0.2112 0.5018, 4.311 0.2138 0.4992, 4.311 0.2168 0.4946, 4.311 0.2189 0.4886, 4.311 0.1981 0.5083, 4.311 0.2051 0.5058
            ]
        }
        coordIndex [
            0,1,2,-1,3,4,5,-1,3,5,6,-1,6,5,7,-1,6,7,2,-1,2,7,8,-1,2,8,0,-1,9,1,10,-1,10,1,0,-1,11,9,12,-1,12,9,10,-1,13,14,15,-1,15,14,11,-1,15,11,16,-1,16,11,12,-1,17,14,18,-1,18,14,13,-1,18,19,17,-1,17,19,20,-1,17,20,21,-1,21,20,22,-1,21,22,23,-1,23,22,24,-1,23,24,25,-1,25,24,26,-1,25,26,27,-1,27,26,28,-1,27,28,29,-1,29,28,30,-1,29,30,31,-1,31,30,32,-1,31,32,33,-1,33,32,34,-1,33,34,35,-1,35,34,36,-1,35,36,37,-1,37,36,38,-1,37,38,39,-1,39,38,40,-1,39,40,41,-1,41,40,42,-1,41,42,43,-1,43,42,44,-1,43,44,45,-1,45,44,46,-1,45,46,47,-1,47,46,48,-1,47,48,49,-1,49,48,50,-1,49,50,51,-1,51,50,52,-1,51,52,53,-1,53,52,54,-1,53,54,55,-1,55,54,56,-1,55,56,57,-1,57,56,58,-1,57,58,59,-1,59,58,60,-1,59,60,61,-1,61,60,62,-1,61,62,63,-1,63,62,64,-1,63,64,65,-1,65,64,66,-1,65,66,67,-1,67,66,68,-1,67,68,69,-1,69,68,70,-1,69,70,71,-1,71,70,72,-1,71,72,73,-1,73,72,74,-1,73,74,75,-1,76,75,77,-1,77,75,74,-1,76,77,78,-1,76,78,79,-1,79,78,80,-1,79,80,81,-1,81,80,82,-1,81,82,83,-1,83,82,84,-1,83,84,85,-1,85,84,86,-1,85,86,87,-1,88,87,89,-1,89,87,86,-1,89,90,88,-1,88,90,91,-1,88,91,92,-1,92,91,93,-1,92,93,94,-1,94,93,95,-1,94,95,96,-1,96,95,97,-1,96,97,98,-1,98,97,99,-1,98,99,100,-1,100,99,101,-1,100,101,102,-1,103,104,105,-1,102,101,106,-1,102,106,107,-1,107,106,108,-1,107,108,105,-1,105,108,109,-1,105,109,103,-1,104,103,110,-1,104,110,111,-1,111,110,112,-1,111,112,113,-1,113,112,114,-1,113,114,115,-1,115,114,116,-1,115,116,117,-1,117,116,118,-1,117,118,119,-1,119,118,120,-1,119,120,121,-1,121,120,122,-1,121,122,123,-1,123,122,124,-1,123,124,125,-1,125,124,126,-1,125,126,127,-1,127,126,128,-1,127,128,129,-1,129,128,130,-1,129,130,131,-1,131,130,132,-1,131,132,133,-1,133,132,134,-1,133,134,135,-1,135,134,4,-1,135,4,3,-1,61,63,85,-1,85,63,83,-1,111,43,104,-1,104,43,45,-1,21,23,127,-1,127,23,25,-1,127,25,125,-1,125,25,27,-1,125,27,123,-1,123,27,29,-1,123,29,121,-1,121,29,31,-1,121,31,119,-1,119,31,33,-1,119,33,117,-1,117,33,35,-1,117,35,115,-1,115,35,37,-1,115,37,113,-1,113,37,39,-1,113,39,111,-1,111,39,41,-1,111,41,43,-1,14,3,11,-1,11,3,6,-1,11,6,9,-1,9,6,2,-1,9,2,1,-1,63,65,83,-1,83,65,67,-1,83,67,81,-1,81,67,69,-1,81,69,79,-1,79,69,71,-1,79,71,76,-1,76,71,73,-1,76,73,75,-1,127,129,21,-1,21,129,131,-1,21,131,17,-1,17,131,133,-1,17,133,14,-1,14,133,135,-1,14,135,3,-1,85,87,61,-1,61,87,88,-1,61,88,59,-1,59,88,92,-1,59,92,57,-1,57,92,94,-1,57,94,55,-1,55,94,96,-1,55,96,53,-1,53,96,98,-1,53,98,51,-1,51,98,100,-1,51,100,49,-1,49,100,102,-1,49,102,47,-1,47,102,107,-1,47,107,45,-1,45,107,105,-1,45,105,104,-1,136,137,138,-1,138,137,139,-1,140,136,141,-1,141,136,138,-1,140,141,142,-1,140,142,143,-1,143,142,144,-1,143,144,145,-1,146,145,147,-1,147,145,144,-1,148,146,149,-1,149,146,147,-1,150,151,152,-1,152,151,148,-1,152,148,149,-1,153,151,154,-1,154,151,150,-1,155,156,157,-1,157,156,153,-1,157,153,154,-1,158,159,160,-1,160,159,156,-1,160,156,155,-1,159,158,161,-1,159,161,162,-1,162,161,163,-1,162,163,164,-1,163,165,164,-1,164,165,166,-1,164,166,167,-1,167,166,168,-1,167,168,169,-1,169,168,170,-1,169,170,171,-1,171,170,172,-1,171,172,173,-1,173,172,174,-1,173,174,175,-1,176,175,177,-1,177,175,174,-1,176,177,178,-1,176,178,179,-1,179,178,180,-1,179,180,181,-1,181,180,182,-1,181,182,183,-1,183,182,184,-1,183,184,185,-1,184,186,185,-1,185,186,187,-1,185,187,188,-1,188,187,189,-1,188,189,190,-1,190,189,191,-1,190,191,192,-1,192,191,193,-1,192,193,194,-1,139,137,195,-1,195,137,194,-1,195,194,193,-1,143,145,194,-1,137,136,194,-1,194,136,140,-1,194,140,143,-1,151,153,148,-1,148,153,156,-1,148,156,146,-1,192,162,190,-1,190,162,164,-1,175,176,173,-1,173,176,179,-1,173,179,171,-1,171,179,181,-1,171,181,169,-1,169,181,183,-1,169,183,167,-1,167,183,185,-1,167,185,164,-1,164,185,188,-1,164,188,190,-1,145,146,194,-1,194,146,156,-1,194,156,192,-1,192,156,159,-1,192,159,162,-1,196,197,198,-1,198,197,199,-1,200,201,202,-1,202,201,196,-1,202,196,198,-1,203,201,204,-1,204,201,200,-1,205,206,207,-1,207,206,203,-1,207,203,204,-1,208,206,209,-1,209,206,205,-1,210,211,212,-1,212,211,208,-1,212,208,209,-1,213,211,214,-1,214,211,210,-1,215,216,217,-1,217,216,213,-1,217,213,214,-1,218,216,219,-1,219,216,215,-1,220,221,222,-1,222,221,218,-1,222,218,219,-1,223,221,224,-1,224,221,220,-1,199,197,225,-1,225,197,223,-1,225,223,224,-1,223,197,196,-1,196,201,223,-1,223,201,203,-1,223,203,221,-1,216,218,213,-1,213,218,221,-1,213,221,211,-1,211,221,203,-1,211,203,208,-1,208,203,206,-1,226,227,228,-1,228,227,229,-1,228,229,230,-1,230,229,231,-1,230,231,232,-1,232,231,233,-1,232,233,234,-1,234,233,235,-1,234,235,236,-1,236,235,237,-1,236,237,238,-1,238,237,239,-1,238,239,240,-1,240,239,241,-1,240,241,242,-1,242,241,243,-1,242,243,244,-1,244,243,245,-1,244,245,246,-1,246,245,247,-1,246,247,248,-1,248,247,249,-1,248,249,250,-1,250,249,251,-1,250,251,252,-1,252,251,253,-1,252,253,254,-1,254,253,255,-1,254,255,256,-1,256,255,257,-1,256,257,258,-1,258,257,259,-1,258,259,260,-1,260,259,261,-1,260,261,226,-1,226,261,227,-1,249,247,262,-1,262,247,263,-1,249,262,264,-1,249,264,251,-1,251,264,265,-1,251,265,253,-1,253,265,266,-1,253,266,255,-1,255,266,267,-1,255,267,257,-1,257,267,268,-1,257,268,259,-1,259,268,269,-1,259,269,261,-1,261,269,270,-1,261,270,227,-1,227,270,271,-1,227,271,229,-1,229,271,272,-1,229,272,231,-1,231,272,273,-1,231,273,233,-1,233,273,274,-1,233,274,235,-1,235,274,275,-1,235,275,237,-1,237,275,276,-1,237,276,239,-1,239,276,277,-1,239,277,241,-1,241,277,278,-1,241,278,243,-1,245,243,279,-1,279,243,278,-1,247,245,263,-1,263,245,279,-1,242,244,280,-1,280,244,281,-1,244,246,281,-1,281,246,282,-1,246,248,282,-1,282,248,283,-1,256,284,285,-1,256,285,254,-1,254,285,286,-1,254,286,252,-1,252,286,287,-1,252,287,250,-1,250,287,283,-1,250,283,248,-1,228,288,289,-1,228,289,226,-1,226,289,290,-1,226,290,260,-1,260,290,291,-1,260,291,258,-1,258,291,284,-1,258,284,256,-1,236,292,293,-1,236,293,234,-1,234,293,294,-1,234,294,232,-1,232,294,295,-1,232,295,230,-1,230,295,288,-1,230,288,228,-1,242,280,296,-1,242,296,240,-1,240,296,297,-1,240,297,238,-1,238,297,292,-1,238,292,236,-1,
        ]
    }
}
Shape{
    appearance Appearance {
        material  Material 	{
            diffuseColor 0.2235294117647059 0.2235294117647059 0.2235294117647059
            specularColor 0.11372549019607843 0.11372549019607843 0.11372549019607843
            ambientIntensity 0.2235
            transparency 0.0
            shininess 0.5
        }
    }
    geometry IndexedFaceSet {
        ccw TRUE
        solid FALSE
        coord DEF co Coordinate {
            point [
                4.311 0.1763 0.5093, 4.311 0.1763 0.4482, 4.311 0.1883 0.5093, 4.311 0.1878 0.4482, 4.311 0.1979 0.4493, 4.311 0.2047 0.4517, 4.311 0.2099 0.4551, 4.311 0.2114 0.4565, 4.311 0.2155 0.4617, 4.311 0.2182 0.4676, 4.311 0.2197 0.475, 4.311 0.2199 0.4795, 4.311 0.2189 0.4886, 4.311 0.2168 0.4946, 4.311 0.2138 0.4992, 4.311 0.2112 0.5018, 4.311 0.1981 0.5083, 4.311 0.2051 0.5058
            ]
        }
        coordIndex [
            0,1,2,-1,2,1,3,-1,2,3,4,-1,4,5,2,-1,2,5,6,-1,2,6,7,-1,7,8,2,-1,2,8,9,-1,2,9,10,-1,10,11,2,-1,2,11,12,-1,2,12,13,-1,13,14,2,-1,2,14,15,-1,2,15,16,-1,16,15,17,-1,
        ]
    }
}
Shape{
    appearance Appearance {
        material  Material 	{
            diffuseColor 1.0 1.0 1.0
            specularColor 0.5019607843137255 0.5019607843137255 0.5019607843137255
            ambientIntensity 1.0
            transparency 0.0
            shininess 0.5
        }
    }
    geometry IndexedFaceSet {
        ccw TRUE
        solid FALSE
        coord DEF co Coordinate {
            point [
                4.311 0.2572 0.4698, 4.311 0.2539 0.4608, 4.311 0.2838 0.4698, 4.311 0.287 0.4608, 4.311 0.269 0.5027, 4.311 0.2652 0.5184, 4.311 0.235 0.4391, 4.311 0.2463 0.4391, 4.311 0.2697 0.5051, 4.311 0.2703 0.5083, 4.311 0.2762 0.5184, 4.311 0.2706 0.5083, 4.311 0.2712 0.5049, 4.311 0.2718 0.5027, 4.311 0.3063 0.4391, 4.311 0.295 0.4391, 4.311 0.2762 0.5184, 4.311 0.3063 0.4391, 4.311 0.2652 0.5184, 4.311 0.235 0.4391, 4.311 0.2463 0.4391, 4.311 0.2539 0.4608, 4.311 0.287 0.4608, 4.311 0.295 0.4391, 4.311 0.2572 0.4698, 4.311 0.2838 0.4698, 4.311 0.2718 0.5027, 4.311 0.2706 0.5083, 4.311 0.2712 0.5049, 4.311 0.2703 0.5083, 4.311 0.269 0.5027, 4.311 0.2697 0.5051
            ]
        }
        coordIndex [
            0,1,2,-1,2,1,3,-1,4,5,0,-1,0,5,6,-1,0,6,1,-1,1,6,7,-1,4,8,5,-1,5,8,9,-1,5,9,10,-1,10,9,11,-1,10,11,12,-1,12,13,10,-1,10,13,2,-1,10,2,14,-1,14,2,3,-1,14,3,15,-1,10,14,16,-1,16,14,17,-1,5,10,18,-1,18,10,16,-1,6,5,19,-1,19,5,18,-1,7,6,20,-1,20,6,19,-1,1,7,21,-1,21,7,20,-1,3,1,22,-1,22,1,21,-1,15,3,23,-1,23,3,22,-1,14,15,17,-1,17,15,23,-1,0,2,24,-1,24,2,25,-1,2,13,25,-1,25,13,26,-1,11,27,28,-1,11,28,12,-1,12,28,26,-1,12,26,13,-1,11,9,27,-1,27,9,29,-1,4,30,31,-1,4,31,8,-1,8,31,29,-1,8,29,9,-1,4,0,30,-1,30,0,24,-1,
        ]
    }
}
Shape{
    appearance Appearance {
        material  Material 	{
            diffuseColor 0.2235294117647059 0.2235294117647059 0.2235294117647059
            specularColor 0.11372549019607843 0.11372549019607843 0.11372549019607843
            ambientIntensity 0.2235
            transparency 0.0
            shininess 0.5
        }
    }
    geometry IndexedFaceSet {
        ccw TRUE
        solid FALSE
        coord DEF co Coordinate {
            point [
                4.311 0.2706 0.5083, 4.311 0.2703 0.5083, 4.311 0.2712 0.5049, 4.311 0.2697 0.5051, 4.311 0.2718 0.5027, 4.311 0.269 0.5027, 4.311 0.2838 0.4698, 4.311 0.2572 0.4698
            ]
        }
        coordIndex [
            0,1,2,-1,2,1,3,-1,2,3,4,-1,4,3,5,-1,4,5,6,-1,6,5,7,-1,
        ]
    }
}
Shape{
    appearance Appearance {
        material  Material 	{
            diffuseColor 1.0 1.0 1.0
            specularColor 0.5019607843137255 0.5019607843137255 0.5019607843137255
            ambientIntensity 1.0
            transparency 0.0
            shininess 0.5
        }
    }
    geometry IndexedFaceSet {
        ccw TRUE
        solid FALSE
        coord DEF co Coordinate {
            point [
                4.311 -0.4764 0.5754, 4.311 -0.4639 0.5822, 4.311 -0.4665 0.617, 4.311 -0.4313 0.6187, 4.311 -0.4138 0.5775, 4.311 -0.4052 0.5954, 4.311 -0.4428 0.4099, 4.311 -0.4662 0.4778, 4.311 -0.4537 0.4185, 4.311 -0.4618 0.429, 4.311 -0.278 0.5054, 4.311 -0.2955 0.5352, 4.311 -0.3569 0.4637, 4.311 -0.371 0.4958, 4.311 -0.3569 0.458, 4.311 -0.377 0.415, 4.311 -0.3572 0.4517, 4.311 -0.3674 0.4253, 4.311 -0.3606 0.4378, 4.311 -0.4442 0.6198, 4.311 -0.2594 0.5612, 4.311 -0.2549 0.5612, 4.311 -0.2318 0.5916, 4.311 -0.2442 0.5599, 4.311 -0.2291 0.5907, 4.311 -0.2344 0.5561, 4.311 -0.2123 0.5824, 4.311 -0.197 0.5695, 4.311 -0.4197 0.6321, 4.311 -0.3925 0.6105, 4.311 -0.4065 0.6435, 4.311 -0.3775 0.6215, 4.311 -0.3927 0.652, 4.311 -0.4771 0.4842, 4.311 -0.474 0.4422, 4.311 -0.4668 0.44, 4.311 -0.45 0.5856, 4.311 -0.4437 0.586, 4.311 -0.4378 0.6194, 4.311 -0.432 0.5847, 4.311 -0.4193 0.5804, 4.311 -0.4249 0.4385, 4.311 -0.4198 0.4363, 4.311 -0.43 0.4042, 4.311 -0.4148 0.4355, 4.311 -0.4168 0.4018, 4.311 -0.4138 0.4355, 4.311 -0.4132 0.4017, 4.311 -0.4082 0.4362, 4.311 -0.4011 0.403, 4.311 -0.4033 0.4382, 4.311 -0.3884 0.4075, 4.311 -0.399 0.4412, 4.311 -0.3959 0.4447, 4.311 -0.3933 0.4495, 4.311 -0.2256 0.55, 4.311 -0.219 0.5426, 4.311 -0.1855 0.5535, 4.311 -0.2138 0.5328, 4.311 -0.1786 0.5363, 4.311 -0.176 0.5178, 4.311 -0.1968 0.4642, 4.311 -0.2234 0.4863, 4.311 -0.2121 0.4513, 4.311 -0.2318 0.4796, 4.311 -0.2293 0.4429, 4.311 -0.2418 0.4751, 4.311 -0.2481 0.4389, 4.311 -0.2515 0.4733, 4.311 -0.2814 0.4389, 4.311 -0.2769 0.4733, 4.311 -0.2845 0.4394, 4.311 -0.4874 0.6089, 4.311 -0.5053 0.5963, 4.311 -0.4867 0.5659, 4.311 -0.5091 0.5927, 4.311 -0.4942 0.5545, 4.311 -0.5227 0.5753, 4.311 -0.4987 0.5418, 4.311 -0.4347 0.4506, 4.311 -0.4325 0.4458, 4.311 -0.4292 0.4418, 4.311 -0.4357 0.4559, 4.311 -0.4355 0.4613, 4.311 -0.4656 0.4795, 4.311 -0.4338 0.4666, 4.311 -0.4592 0.4911, 4.311 -0.4309 0.4713, 4.311 -0.4496 0.5015, 4.311 -0.4287 0.4737, 4.311 -0.4379 0.5092, 4.311 -0.4242 0.4768, 4.311 -0.4253 0.5136, 4.311 -0.4193 0.4787, 4.311 -0.4132 0.515, 4.311 -0.4138 0.4794, 4.311 -0.4051 0.5144, 4.311 -0.4091 0.4789, 4.311 -0.3917 0.5107, 4.311 -0.4039 0.4771, 4.311 -0.3799 0.5041, 4.311 -0.3994 0.474, 4.311 -0.3957 0.47, 4.311 -0.3933 0.4653, 4.311 -0.392 0.4601, 4.311 -0.392 0.4549, 4.311 -0.2112 0.522, 4.311 -0.2109 0.5172, 4.311 -0.1785 0.4978, 4.311 -0.2122 0.5064, 4.311 -0.1856 0.4799, 4.311 -0.2161 0.4963, 4.311 -0.2223 0.4875, 4.311 -0.2622 0.6361, 4.311 -0.2845 0.6104, 4.311 -0.2436 0.6147, 4.311 -0.2717 0.5953, 4.311 -0.2629 0.5772, 4.311 -0.3668 0.662, 4.311 -0.3591 0.6289, 4.311 -0.3389 0.6654, 4.311 -0.3383 0.6316, 4.311 -0.3156 0.663, 4.311 -0.3191 0.6292, 4.311 -0.2873 0.653, 4.311 -0.3014 0.6225, 4.311 -0.2856 0.6114, 4.311 -0.2797 0.4738, 4.311 -0.2932 0.4448, 4.311 -0.2919 0.4434, 4.311 -0.5316 0.555, 4.311 -0.5354 0.5338, 4.311 -0.5 0.5296, 4.311 -0.5355 0.5285, 4.311 -0.4992 0.5201, 4.311 -0.5328 0.5063, 4.311 -0.495 0.5063, 4.311 -0.5247 0.4853, 4.311 -0.4875 0.4943, 4.311 -0.5119 0.4671, 4.311 -0.4943 0.4521, 4.311 -0.278 0.4734, 4.311 -0.2883 0.4409, 4.311 -0.2977 0.4563, 4.311 -0.2972 0.4521, 4.311 -0.2957 0.4483, 4.311 -0.2846 0.4733, 4.311 -0.2885 0.4717, 4.311 -0.2976 0.4586, 4.311 -0.2919 0.4693, 4.311 -0.2943 0.4667, 4.311 -0.2964 0.4629, 4.311 -0.2802 0.4738, 4.311 -0.176 0.5178, 4.311 -0.1786 0.5363, 4.311 -0.1932 0.5642, 4.311 -0.1805 0.541, 4.311 -0.1855 0.5535, 4.311 -0.197 0.5695, 4.311 -0.2123 0.5824, 4.311 -0.2291 0.5907, 4.311 -0.2318 0.5916, 4.311 -0.2436 0.6147, 4.311 -0.2622 0.6361, 4.311 -0.2752 0.6448, 4.311 -0.2873 0.653, 4.311 -0.3156 0.663, 4.311 -0.3389 0.6654, 4.311 -0.4065 0.6435, 4.311 -0.4043 0.6448, 4.311 -0.3927 0.652, 4.311 -0.3668 0.662, 4.311 -0.4197 0.6321, 4.311 -0.4313 0.6187, 4.311 -0.4378 0.6194, 4.311 -0.4442 0.6198, 4.311 -0.4665 0.617, 4.311 -0.4874 0.6089, 4.311 -0.5053 0.5963, 4.311 -0.5091 0.5927, 4.311 -0.5355 0.5285, 4.311 -0.5227 0.5753, 4.311 -0.5275 0.5642, 4.311 -0.5316 0.555, 4.311 -0.5341 0.541, 4.311 -0.5354 0.5338, 4.311 -0.5328 0.5063, 4.311 -0.5247 0.4853, 4.311 -0.5119 0.4671, 4.311 -0.4943 0.4521, 4.311 -0.474 0.4422, 4.311 -0.4668 0.44, 4.311 -0.4661 0.4385, 4.311 -0.4618 0.429, 4.311 -0.4537 0.4185, 4.311 -0.4428 0.4099, 4.311 -0.4365 0.4071, 4.311 -0.43 0.4042, 4.311 -0.4168 0.4018, 4.311 -0.4132 0.4017, 4.311 -0.3569 0.458, 4.311 -0.4011 0.403, 4.311 -0.3896 0.4071, 4.311 -0.3884 0.4075, 4.311 -0.377 0.415, 4.311 -0.3674 0.4253, 4.311 -0.3606 0.4378, 4.311 -0.3605 0.4385, 4.311 -0.3572 0.4517, 4.311 -0.3569 0.4637, 4.311 -0.278 0.5054, 4.311 -0.2955 0.5352, 4.311 -0.371 0.4958, 4.311 -0.3799 0.5041, 4.311 -0.3917 0.5107, 4.311 -0.4051 0.5144, 4.311 -0.4132 0.515, 4.311 -0.4253 0.5136, 4.311 -0.4379 0.5092, 4.311 -0.4496 0.5015, 4.311 -0.4592 0.4911, 4.311 -0.4656 0.4795, 4.311 -0.4662 0.4778, 4.311 -0.4771 0.4842, 4.311 -0.4875 0.4943, 4.311 -0.495 0.5063, 4.311 -0.4992 0.5201, 4.311 -0.5 0.5296, 4.311 -0.4988 0.541, 4.311 -0.4987 0.5418, 4.311 -0.4942 0.5545, 4.311 -0.4878 0.5642, 4.311 -0.4867 0.5659, 4.311 -0.4764 0.5754, 4.311 -0.4639 0.5822, 4.311 -0.45 0.5856, 4.311 -0.4437 0.586, 4.311 -0.432 0.5847, 4.311 -0.4193 0.5804, 4.311 -0.4138 0.5775, 4.311 -0.4052 0.5954, 4.311 -0.3925 0.6105, 4.311 -0.3775 0.6215, 4.311 -0.3591 0.6289, 4.311 -0.3383 0.6316, 4.311 -0.2594 0.5612, 4.311 -0.2601 0.5642, 4.311 -0.2629 0.5772, 4.311 -0.2717 0.5953, 4.311 -0.2845 0.6104, 4.311 -0.2856 0.6114, 4.311 -0.3014 0.6225, 4.311 -0.3191 0.6292, 4.311 -0.2549 0.5612, 4.311 -0.2442 0.5599, 4.311 -0.2344 0.5561, 4.311 -0.2256 0.55, 4.311 -0.219 0.5426, 4.311 -0.2181 0.541, 4.311 -0.2138 0.5328, 4.311 -0.2112 0.522, 4.311 -0.2109 0.5172, 4.311 -0.2122 0.5064, 4.311 -0.2161 0.4963, 4.311 -0.2223 0.4875, 4.311 -0.2234 0.4863, 4.311 -0.2318 0.4796, 4.311 -0.2418 0.4751, 4.311 -0.2515 0.4733, 4.311 -0.2769 0.4733, 4.311 -0.278 0.4734, 4.311 -0.2797 0.4738, 4.311 -0.2802 0.4738, 4.311 -0.2846 0.4733, 4.311 -0.2885 0.4717, 4.311 -0.2919 0.4693, 4.311 -0.2943 0.4667, 4.311 -0.2964 0.4629, 4.311 -0.2976 0.4586, 4.311 -0.2977 0.4563, 4.311 -0.2972 0.4521, 4.311 -0.2957 0.4483, 4.311 -0.2932 0.4448, 4.311 -0.2919 0.4434, 4.311 -0.2883 0.4409, 4.311 -0.2845 0.4394, 4.311 -0.2814 0.4389, 4.311 -0.2481 0.4389, 4.311 -0.2293 0.4429, 4.311 -0.2121 0.4513, 4.311 -0.1968 0.4642, 4.311 -0.1856 0.4799, 4.311 -0.1785 0.4978, 4.311 -0.4138 0.4794, 4.311 -0.4091 0.4789, 4.311 -0.4039 0.4771, 4.311 -0.3994 0.474, 4.311 -0.3957 0.47, 4.311 -0.3933 0.4653, 4.311 -0.392 0.4601, 4.311 -0.392 0.4549, 4.311 -0.3933 0.4495, 4.311 -0.3959 0.4447, 4.311 -0.399 0.4412, 4.311 -0.4033 0.4382, 4.311 -0.4082 0.4362, 4.311 -0.4138 0.4355, 4.311 -0.4148 0.4355, 4.311 -0.4198 0.4363, 4.311 -0.4249 0.4385, 4.311 -0.4292 0.4418, 4.311 -0.4325 0.4458, 4.311 -0.4347 0.4506, 4.311 -0.4357 0.4559, 4.311 -0.4355 0.4613, 4.311 -0.4338 0.4666, 4.311 -0.4309 0.4713, 4.311 -0.4287 0.4737, 4.311 -0.4242 0.4768, 4.311 -0.4193 0.4787
            ]
        }
        coordIndex [
            0,1,2,-1,3,4,5,-1,6,7,8,-1,8,7,9,-1,10,11,12,-1,12,11,13,-1,12,13,14,-1,14,13,15,-1,14,15,16,-1,16,15,17,-1,16,17,18,-1,2,1,19,-1,20,21,22,-1,22,21,23,-1,22,23,24,-1,24,23,25,-1,24,25,26,-1,26,25,27,-1,3,5,28,-1,28,5,29,-1,28,29,30,-1,30,29,31,-1,30,31,32,-1,33,34,7,-1,7,34,35,-1,7,35,9,-1,1,36,19,-1,19,36,37,-1,19,37,38,-1,38,37,39,-1,38,39,3,-1,3,39,40,-1,3,40,4,-1,41,6,42,-1,42,6,43,-1,42,43,44,-1,44,43,45,-1,44,45,46,-1,46,45,47,-1,46,47,48,-1,48,47,49,-1,48,49,50,-1,50,49,51,-1,50,51,52,-1,52,51,15,-1,52,15,53,-1,53,15,54,-1,25,55,27,-1,27,55,56,-1,27,56,57,-1,57,56,58,-1,57,58,59,-1,59,58,60,-1,61,62,63,-1,63,62,64,-1,63,64,65,-1,65,64,66,-1,65,66,67,-1,67,66,68,-1,67,68,69,-1,69,68,70,-1,69,70,71,-1,2,72,0,-1,0,72,73,-1,0,73,74,-1,74,73,75,-1,74,75,76,-1,76,75,77,-1,76,77,78,-1,79,7,80,-1,80,7,6,-1,80,6,81,-1,81,6,41,-1,79,82,7,-1,7,82,83,-1,7,83,84,-1,84,83,85,-1,84,85,86,-1,86,85,87,-1,86,87,88,-1,88,87,89,-1,88,89,90,-1,90,89,91,-1,90,91,92,-1,92,91,93,-1,92,93,94,-1,94,93,95,-1,94,95,96,-1,96,95,97,-1,96,97,98,-1,98,97,99,-1,98,99,100,-1,100,99,101,-1,100,101,13,-1,13,101,102,-1,102,103,13,-1,13,103,104,-1,13,104,15,-1,15,104,105,-1,15,105,54,-1,58,106,60,-1,60,106,107,-1,60,107,108,-1,108,107,109,-1,108,109,110,-1,110,109,111,-1,110,111,61,-1,61,111,112,-1,61,112,62,-1,113,114,115,-1,115,114,116,-1,115,116,22,-1,22,116,117,-1,22,117,20,-1,32,31,118,-1,118,31,119,-1,118,119,120,-1,120,119,121,-1,120,121,122,-1,122,121,123,-1,122,123,124,-1,124,123,125,-1,124,125,113,-1,113,125,126,-1,113,126,114,-1,127,128,129,-1,77,130,78,-1,78,130,131,-1,78,131,132,-1,132,131,133,-1,132,133,134,-1,134,133,135,-1,134,135,136,-1,136,135,137,-1,136,137,138,-1,138,137,139,-1,138,139,33,-1,33,139,140,-1,33,140,34,-1,70,141,71,-1,71,141,127,-1,71,127,142,-1,142,127,129,-1,143,144,127,-1,127,144,145,-1,127,145,128,-1,146,147,148,-1,147,149,148,-1,148,149,150,-1,148,150,151,-1,143,127,148,-1,148,127,152,-1,148,152,146,-1,60,153,154,-1,155,27,57,-1,60,154,59,-1,59,154,156,-1,59,156,57,-1,57,156,157,-1,57,157,155,-1,155,158,27,-1,27,158,159,-1,27,159,26,-1,26,159,160,-1,26,160,24,-1,24,160,161,-1,24,161,22,-1,22,161,162,-1,22,162,115,-1,115,162,163,-1,115,163,113,-1,113,163,164,-1,113,164,124,-1,164,165,124,-1,124,165,166,-1,124,166,122,-1,122,166,167,-1,122,167,120,-1,168,30,169,-1,169,30,32,-1,169,32,170,-1,170,32,118,-1,170,118,171,-1,171,118,120,-1,171,120,167,-1,30,168,172,-1,30,172,28,-1,28,172,173,-1,28,173,3,-1,3,173,174,-1,3,174,38,-1,38,174,175,-1,38,175,19,-1,19,175,176,-1,19,176,2,-1,2,176,177,-1,2,177,72,-1,72,177,178,-1,72,178,73,-1,73,178,179,-1,73,179,75,-1,180,133,131,-1,75,179,181,-1,75,181,77,-1,77,181,182,-1,77,182,130,-1,182,183,130,-1,130,183,184,-1,130,184,131,-1,131,184,185,-1,131,185,180,-1,133,180,186,-1,133,186,135,-1,135,186,187,-1,135,187,137,-1,137,187,188,-1,137,188,139,-1,139,188,189,-1,139,189,140,-1,140,189,190,-1,140,190,34,-1,34,190,191,-1,34,191,35,-1,35,191,192,-1,35,192,9,-1,192,193,9,-1,9,193,194,-1,9,194,8,-1,8,194,195,-1,8,195,6,-1,6,195,196,-1,6,196,43,-1,196,197,43,-1,43,197,198,-1,43,198,45,-1,45,198,199,-1,45,199,47,-1,200,14,16,-1,47,199,201,-1,47,201,49,-1,49,201,202,-1,49,202,51,-1,202,203,51,-1,51,203,204,-1,51,204,15,-1,15,204,205,-1,15,205,17,-1,17,205,206,-1,17,206,18,-1,18,206,207,-1,18,207,16,-1,16,207,208,-1,16,208,200,-1,12,14,209,-1,209,14,200,-1,10,12,210,-1,210,12,209,-1,11,10,211,-1,211,10,210,-1,13,11,212,-1,212,11,211,-1,13,212,213,-1,13,213,100,-1,100,213,214,-1,100,214,98,-1,98,214,215,-1,98,215,96,-1,96,215,216,-1,96,216,94,-1,94,216,217,-1,94,217,92,-1,92,217,218,-1,92,218,90,-1,90,218,219,-1,90,219,88,-1,88,219,220,-1,88,220,86,-1,86,220,221,-1,86,221,84,-1,84,221,222,-1,84,222,7,-1,7,222,223,-1,7,223,33,-1,33,223,224,-1,33,224,138,-1,138,224,225,-1,138,225,136,-1,136,225,226,-1,136,226,134,-1,134,226,227,-1,134,227,132,-1,78,132,228,-1,228,132,227,-1,228,229,78,-1,78,229,230,-1,78,230,76,-1,76,230,231,-1,76,231,74,-1,231,232,74,-1,74,232,233,-1,74,233,0,-1,0,233,234,-1,0,234,1,-1,1,234,235,-1,1,235,36,-1,36,235,236,-1,36,236,37,-1,37,236,237,-1,37,237,39,-1,39,237,238,-1,39,238,40,-1,40,238,239,-1,40,239,4,-1,4,239,240,-1,4,240,5,-1,5,240,241,-1,5,241,29,-1,29,241,242,-1,29,242,31,-1,31,242,243,-1,31,243,119,-1,119,243,244,-1,119,244,121,-1,245,20,246,-1,246,20,117,-1,246,117,247,-1,247,117,116,-1,247,116,248,-1,248,116,114,-1,248,114,249,-1,249,114,126,-1,249,126,250,-1,250,126,125,-1,250,125,251,-1,251,125,123,-1,251,123,252,-1,252,123,121,-1,252,121,244,-1,21,20,253,-1,253,20,245,-1,21,253,254,-1,21,254,23,-1,23,254,255,-1,23,255,25,-1,25,255,256,-1,25,256,55,-1,55,256,257,-1,55,257,56,-1,56,257,258,-1,56,258,58,-1,258,259,58,-1,58,259,260,-1,58,260,106,-1,106,260,261,-1,106,261,107,-1,107,261,262,-1,107,262,109,-1,109,262,263,-1,109,263,111,-1,111,263,264,-1,111,264,112,-1,112,264,265,-1,112,265,62,-1,62,265,266,-1,62,266,64,-1,64,266,267,-1,64,267,66,-1,66,267,268,-1,66,268,68,-1,70,68,269,-1,269,68,268,-1,70,269,270,-1,70,270,141,-1,141,270,271,-1,141,271,127,-1,127,271,272,-1,127,272,152,-1,152,272,273,-1,152,273,146,-1,146,273,274,-1,146,274,147,-1,147,274,275,-1,147,275,149,-1,149,275,276,-1,149,276,150,-1,150,276,277,-1,150,277,151,-1,151,277,278,-1,151,278,148,-1,148,278,279,-1,148,279,143,-1,143,279,280,-1,143,280,144,-1,144,280,281,-1,144,281,145,-1,145,281,282,-1,145,282,128,-1,128,282,283,-1,128,283,129,-1,129,283,284,-1,129,284,142,-1,142,284,285,-1,142,285,71,-1,71,285,286,-1,71,286,69,-1,67,69,287,-1,287,69,286,-1,67,287,288,-1,67,288,65,-1,65,288,289,-1,65,289,63,-1,63,289,290,-1,63,290,61,-1,61,290,291,-1,61,291,110,-1,110,291,292,-1,110,292,108,-1,108,292,153,-1,108,153,60,-1,95,293,294,-1,95,294,97,-1,97,294,295,-1,97,295,99,-1,99,295,296,-1,99,296,101,-1,101,296,297,-1,101,297,102,-1,102,297,298,-1,102,298,103,-1,103,298,299,-1,103,299,104,-1,104,299,300,-1,104,300,105,-1,105,300,301,-1,105,301,54,-1,54,301,302,-1,54,302,53,-1,53,302,303,-1,53,303,52,-1,52,303,304,-1,52,304,50,-1,50,304,305,-1,50,305,48,-1,48,305,306,-1,48,306,46,-1,46,306,307,-1,46,307,44,-1,44,307,308,-1,44,308,42,-1,42,308,309,-1,42,309,41,-1,41,309,310,-1,41,310,81,-1,81,310,311,-1,81,311,80,-1,80,311,312,-1,80,312,79,-1,79,312,313,-1,79,313,82,-1,82,313,314,-1,82,314,83,-1,83,314,315,-1,83,315,85,-1,85,315,316,-1,85,316,87,-1,87,316,317,-1,87,317,89,-1,89,317,318,-1,89,318,91,-1,91,318,319,-1,91,319,93,-1,93,319,293,-1,93,293,95,-1,
        ]
    }
}
Shape{
    appearance Appearance {
        material  Material 	{
            diffuseColor 0.2235294117647059 0.2235294117647059 0.2235294117647059
            specularColor 0.11372549019607843 0.11372549019607843 0.11372549019607843
            ambientIntensity 0.2235
            transparency 0.0
            shininess 0.5
        }
    }
    geometry IndexedFaceSet {
        ccw TRUE
        solid FALSE
        coord DEF co Coordinate {
            point [
                4.311 -0.4148 0.4355, 4.311 -0.4287 0.4737, 4.311 -0.4309 0.4713, 4.311 -0.4082 0.4362, 4.311 -0.4033 0.4382, 4.311 -0.4091 0.4789, 4.311 -0.4138 0.4794, 4.311 -0.4193 0.4787, 4.311 -0.4242 0.4768, 4.311 -0.4347 0.4506, 4.311 -0.4325 0.4458, 4.311 -0.4292 0.4418, 4.311 -0.4138 0.4355, 4.311 -0.4338 0.4666, 4.311 -0.4355 0.4613, 4.311 -0.4357 0.4559, 4.311 -0.4249 0.4385, 4.311 -0.4198 0.4363, 4.311 -0.399 0.4412, 4.311 -0.3959 0.4447, 4.311 -0.3933 0.4495, 4.311 -0.392 0.4549, 4.311 -0.392 0.4601, 4.311 -0.3933 0.4653, 4.311 -0.3957 0.47, 4.311 -0.3994 0.474, 4.311 -0.4039 0.4771
            ]
        }
        coordIndex [
            0,1,2,-1,3,4,5,-1,6,7,0,-1,0,7,8,-1,0,8,1,-1,9,10,2,-1,2,10,11,-1,6,0,5,-1,5,0,12,-1,5,12,3,-1,13,14,2,-1,2,14,15,-1,2,15,9,-1,11,16,2,-1,2,16,17,-1,2,17,0,-1,4,18,5,-1,5,18,19,-1,5,19,20,-1,20,21,5,-1,5,21,22,-1,5,22,23,-1,23,24,5,-1,5,24,25,-1,5,25,26,-1,
        ]
    }
}