#VRML V2.0 utf8
# 3D model generated by easyeda2kicad.py (https://github.com/uPesy/easyeda2kicad.py)

Shape{
    appearance Appearance {
        material  Material 	{
            diffuseColor 0.7529411764705882 0.7529411764705882 0.7529411764705882
            specularColor 0.3764705882352941 0.3764705882352941 0.3764705882352941
            ambientIntensity 0.7529
            transparency 0.0
            shininess 0.5
        }
    }
    geometry IndexedFaceSet {
        ccw TRUE
        solid FALSE
        coord DEF co Coordinate {
            point [
                -0.3937 0.9843 0.0, -0.4398 0.9843 0.0, -0.3937 0.9843 0.0079, -0.4398 0.9843 0.0079, -0.3937 -0.9843 0.0, -0.3937 -0.9843 0.0079, -0.4398 -0.9843 0.0, -0.4398 -0.9843 0.0079, -0.4602 -0.9816 0.0079, -0.4602 -0.9816 0.0, -0.4792 -0.9737 0.0079, -0.4792 -0.9737 0.0, -0.4955 -0.9612 0.0079, -0.4955 -0.9612 0.0, -0.6462 -0.8105 0.0, -0.6462 -0.8105 0.0079, -0.6625 -0.798 0.0, -0.6625 -0.798 0.0079, -0.6815 -0.7901 0.0, -0.6815 -0.7901 0.0079, -0.7019 -0.7874 0.0, -0.7019 -0.7874 0.0079, -0.9055 -0.7874 0.0, -0.9055 -0.7874 0.0079, -0.9259 -0.7847 0.0079, -0.9259 -0.7847 0.0, -0.9449 -0.7769 0.0079, -0.9449 -0.7769 0.0, -0.9612 -0.7643 0.0079, -0.9612 -0.7643 0.0, -0.9737 -0.748 0.0079, -0.9737 -0.748 0.0, -0.9816 -0.729 0.0079, -0.9816 -0.729 0.0, -0.9843 -0.7087 0.0079, -0.9843 -0.7087 0.0, -0.9843 0.7087 0.0, -0.9843 0.7087 0.0079, -0.9816 0.729 0.0079, -0.9816 0.729 0.0, -0.9737 0.748 0.0079, -0.9737 0.748 0.0, -0.9612 0.7643 0.0079, -0.9612 0.7643 0.0, -0.9449 0.7769 0.0079, -0.9449 0.7769 0.0, -0.9259 0.7847 0.0079, -0.9259 0.7847 0.0, -0.9055 0.7874 0.0079, -0.9055 0.7874 0.0, -0.7019 0.7874 0.0, -0.7019 0.7874 0.0079, -0.6815 0.7901 0.0, -0.6815 0.7901 0.0079, -0.6625 0.798 0.0, -0.6625 0.798 0.0079, -0.6462 0.8105 0.0, -0.6462 0.8105 0.0079, -0.4955 0.9612 0.0, -0.4955 0.9612 0.0079, -0.4792 0.9737 0.0079, -0.4792 0.9737 0.0, -0.4602 0.9816 0.0079, -0.4602 0.9816 0.0, 0.3937 0.9843 0.0, 0.3937 -0.9843 0.0, 0.3937 0.9843 0.0079, 0.3937 -0.9843 0.0079, 0.4398 0.9843 0.0, 0.4398 0.9843 0.0079, 0.4602 0.9816 0.0079, 0.4602 0.9816 0.0, 0.4792 0.9737 0.0079, 0.4792 0.9737 0.0, 0.4955 0.9612 0.0079, 0.4955 0.9612 0.0, 0.6462 0.8105 0.0, 0.6462 0.8105 0.0079, 0.6625 0.798 0.0, 0.6625 0.798 0.0079, 0.6815 0.7901 0.0, 0.6815 0.7901 0.0079, 0.7019 0.7874 0.0, 0.7019 0.7874 0.0079, 0.9055 0.7874 0.0, 0.9055 0.7874 0.0079, 0.9259 0.7847 0.0079, 0.9259 0.7847 0.0, 0.9449 0.7769 0.0079, 0.9449 0.7769 0.0, 0.9612 0.7643 0.0079, 0.9612 0.7643 0.0, 0.9737 0.748 0.0079, 0.9737 0.748 0.0, 0.9816 0.729 0.0079, 0.9816 0.729 0.0, 0.9843 0.7087 0.0079, 0.9843 0.7087 0.0, 0.9843 -0.7087 0.0, 0.9843 -0.7087 0.0079, 0.9816 -0.729 0.0079, 0.9816 -0.729 0.0, 0.9737 -0.748 0.0079, 0.9737 -0.748 0.0, 0.9612 -0.7643 0.0079, 0.9612 -0.7643 0.0, 0.9449 -0.7769 0.0079, 0.9449 -0.7769 0.0, 0.9259 -0.7847 0.0079, 0.9259 -0.7847 0.0, 0.9055 -0.7874 0.0079, 0.9055 -0.7874 0.0, 0.7019 -0.7874 0.0, 0.7019 -0.7874 0.0079, 0.6815 -0.7901 0.0, 0.6815 -0.7901 0.0079, 0.6625 -0.798 0.0, 0.6625 -0.798 0.0079, 0.6462 -0.8105 0.0, 0.6462 -0.8105 0.0079, 0.4955 -0.9612 0.0, 0.4955 -0.9612 0.0079, 0.4792 -0.9737 0.0079, 0.4792 -0.9737 0.0, 0.4602 -0.9816 0.0079, 0.4602 -0.9816 0.0, 0.4398 -0.9843 0.0079, 0.4398 -0.9843 0.0
            ]
        }
        coordIndex [
            0,1,2,-1,2,1,3,-1,4,0,5,-1,5,0,2,-1,6,4,7,-1,7,4,5,-1,6,7,8,-1,6,8,9,-1,9,8,10,-1,9,10,11,-1,11,10,12,-1,11,12,13,-1,14,13,15,-1,15,13,12,-1,14,15,16,-1,16,15,17,-1,16,17,18,-1,18,17,19,-1,18,19,20,-1,20,19,21,-1,22,20,23,-1,23,20,21,-1,22,23,24,-1,22,24,25,-1,25,24,26,-1,25,26,27,-1,27,26,28,-1,27,28,29,-1,29,28,30,-1,29,30,31,-1,31,30,32,-1,31,32,33,-1,33,32,34,-1,33,34,35,-1,36,35,37,-1,37,35,34,-1,36,37,38,-1,36,38,39,-1,39,38,40,-1,39,40,41,-1,41,40,42,-1,41,42,43,-1,43,42,44,-1,43,44,45,-1,45,44,46,-1,45,46,47,-1,47,46,48,-1,47,48,49,-1,50,49,51,-1,51,49,48,-1,50,51,52,-1,52,51,53,-1,52,53,54,-1,54,53,55,-1,54,55,56,-1,56,55,57,-1,58,56,59,-1,59,56,57,-1,58,59,60,-1,58,60,61,-1,61,60,62,-1,61,62,63,-1,63,62,3,-1,63,3,1,-1,11,13,54,-1,56,58,4,-1,4,58,61,-1,11,54,9,-1,61,63,4,-1,4,63,1,-1,4,1,0,-1,56,4,54,-1,54,4,6,-1,54,6,9,-1,13,14,54,-1,54,14,16,-1,54,16,52,-1,52,16,18,-1,52,18,50,-1,50,18,20,-1,50,20,22,-1,27,29,31,-1,45,47,43,-1,43,47,49,-1,43,49,41,-1,22,25,35,-1,35,25,27,-1,35,27,33,-1,33,27,31,-1,22,35,50,-1,50,35,36,-1,50,36,49,-1,49,36,39,-1,49,39,41,-1,15,12,2,-1,2,12,10,-1,62,60,17,-1,17,60,59,-1,17,59,57,-1,10,8,2,-1,2,8,7,-1,2,7,5,-1,15,2,17,-1,17,2,3,-1,17,3,62,-1,24,23,34,-1,42,48,44,-1,44,48,46,-1,42,40,48,-1,48,40,38,-1,48,38,37,-1,57,55,17,-1,17,55,53,-1,17,53,19,-1,19,53,51,-1,19,51,21,-1,21,51,48,-1,21,48,23,-1,23,48,37,-1,23,37,34,-1,34,32,30,-1,30,28,34,-1,34,28,26,-1,34,26,24,-1,64,65,66,-1,66,65,67,-1,68,64,69,-1,69,64,66,-1,68,69,70,-1,68,70,71,-1,71,70,72,-1,71,72,73,-1,73,72,74,-1,73,74,75,-1,76,75,77,-1,77,75,74,-1,76,77,78,-1,78,77,79,-1,78,79,80,-1,80,79,81,-1,80,81,82,-1,82,81,83,-1,84,82,85,-1,85,82,83,-1,84,85,86,-1,84,86,87,-1,87,86,88,-1,87,88,89,-1,89,88,90,-1,89,90,91,-1,91,90,92,-1,91,92,93,-1,93,92,94,-1,93,94,95,-1,95,94,96,-1,95,96,97,-1,98,97,99,-1,99,97,96,-1,98,99,100,-1,98,100,101,-1,101,100,102,-1,101,102,103,-1,103,102,104,-1,103,104,105,-1,105,104,106,-1,105,106,107,-1,107,106,108,-1,107,108,109,-1,109,108,110,-1,109,110,111,-1,112,111,113,-1,113,111,110,-1,112,113,114,-1,114,113,115,-1,114,115,116,-1,116,115,117,-1,116,117,118,-1,118,117,119,-1,120,118,121,-1,121,118,119,-1,120,121,122,-1,120,122,123,-1,123,122,124,-1,123,124,125,-1,125,124,126,-1,125,126,127,-1,65,127,67,-1,67,127,126,-1,127,65,64,-1,64,118,120,-1,73,75,116,-1,73,116,71,-1,75,76,116,-1,116,76,78,-1,116,78,114,-1,114,78,80,-1,114,80,112,-1,112,80,82,-1,120,123,64,-1,64,123,125,-1,64,125,127,-1,118,64,116,-1,116,64,68,-1,116,68,71,-1,91,84,89,-1,89,84,87,-1,82,84,112,-1,112,84,97,-1,112,97,98,-1,91,93,84,-1,84,93,95,-1,84,95,97,-1,107,109,98,-1,98,109,111,-1,98,111,112,-1,107,98,105,-1,105,98,101,-1,105,101,103,-1,69,66,67,-1,67,77,74,-1,77,67,79,-1,79,67,126,-1,79,126,124,-1,119,117,79,-1,79,117,115,-1,79,115,81,-1,81,115,113,-1,81,113,83,-1,83,113,85,-1,74,72,67,-1,67,72,70,-1,67,70,69,-1,124,122,79,-1,79,122,121,-1,79,121,119,-1,88,86,85,-1,113,110,99,-1,99,110,108,-1,113,99,85,-1,85,99,96,-1,85,96,94,-1,108,106,99,-1,99,106,104,-1,99,104,100,-1,100,104,102,-1,94,92,85,-1,85,92,90,-1,85,90,88,-1,
        ]
    }
}
Shape{
    appearance Appearance {
        material  Material 	{
            diffuseColor 0.0 0.0 0.0
            specularColor 0.0 0.0 0.0
            ambientIntensity 0.0
            transparency 0.0
            shininess 0.5
        }
    }
    geometry IndexedFaceSet {
        ccw TRUE
        solid FALSE
        coord DEF co Coordinate {
            point [
                0.0016 -0.8661 0.4229, 0.0016 -0.8661 0.3965, 0.0658 -0.8661 0.3965, 0.0016 -0.8661 0.5288, 0.0016 -0.8661 0.5092, 0.0658 -0.8661 0.5092, 0.1729 -0.8661 0.4028, 0.1723 -0.8661 0.4025, 0.1723 -0.8661 0.3965, 0.0912 -0.8661 0.596, 0.0964 -0.8661 0.5966, 0.0698 -0.8661 0.5966, 0.1085 -0.8661 0.5292, 0.1042 -0.8661 0.5288, 0.1263 -0.8661 0.5288, 0.1387 -0.8661 0.5884, 0.1387 -0.8661 0.567, 0.1568 -0.8661 0.567, 0.2872 -0.8661 0.5293, 0.2804 -0.8661 0.5476, 0.2559 -0.8661 0.5476, 0.1429 -0.8661 0.4233, 0.14 -0.8661 0.4229, 0.1568 -0.8661 0.4229, 0.1283 -0.8661 0.4231, 0.1263 -0.8661 0.4238, 0.1263 -0.8661 0.4229, 0.2223 -0.8661 0.4825, 0.2223 -0.8661 0.4612, 0.2348 -0.8661 0.4612, -0.3282 -0.8661 0.5047, -0.3273 -0.8661 0.5092, -0.3597 -0.8661 0.5092, -0.0555 -0.8661 0.5435, -0.0428 -0.8661 0.5325, 0.0016 -0.8661 0.5966, -0.1092 -0.8661 0.5966, -0.0983 -0.8661 0.5893, -0.0828 -0.8661 0.5714, -0.0727 -0.8661 0.5518, -0.0695 -0.8661 0.5507, -0.2083 -0.8661 0.6026, -0.1864 -0.8661 0.6111, -0.3597 -0.8661 0.6378, -0.1628 -0.8661 0.614, 0.0016 -0.8661 0.6378, -0.1433 -0.8661 0.6119, -0.1195 -0.8661 0.6035, -0.3061 -0.8661 0.5528, -0.3015 -0.8661 0.557, -0.3597 -0.8661 0.5966, -0.2856 -0.8661 0.5676, -0.2678 -0.8661 0.5738, -0.2516 -0.8661 0.5755, -0.2179 -0.8661 0.5966, -0.2198 -0.8661 0.5955, -0.2309 -0.8661 0.5859, -0.2461 -0.8661 0.5752, -0.2406 -0.8661 0.5746, -0.3597 -0.8661 0.5288, -0.3244 -0.8661 0.5234, -0.3218 -0.8661 0.5288, -0.3163 -0.8661 0.5401, -0.2705 -0.8661 0.4242, -0.2791 -0.8661 0.4269, -0.3597 -0.8661 0.4229, -0.2959 -0.8661 0.4359, -0.3085 -0.8661 0.447, -0.3105 -0.8661 0.4494, -0.3205 -0.8661 0.4647, -0.3267 -0.8661 0.4825, -0.3284 -0.8661 0.4987, -0.2495 -0.8661 0.3983, -0.2587 -0.8661 0.4053, -0.3597 -0.8661 0.3965, -0.2658 -0.8661 0.414, -0.2699 -0.8661 0.4229, -0.2255 -0.8661 0.3919, -0.3597 -0.8661 0.2047, -0.214 -0.8661 0.3933, 0.0016 -0.8661 0.2047, -0.2058 -0.8661 0.3965, -0.2273 -0.8661 0.392, -0.2385 -0.8661 0.3937, -0.2451 -0.8661 0.3965, -0.181 -0.8661 0.4229, -0.181 -0.8661 0.4228, -0.1866 -0.8661 0.4122, -0.194 -0.8661 0.404, -0.2034 -0.8661 0.3974, -0.1899 -0.8661 0.4712, -0.1263 -0.8661 0.5044, -0.1982 -0.8661 0.4787, -0.2082 -0.8661 0.4841, -0.0554 -0.8661 0.4933, -0.0576 -0.8661 0.5024, -0.0612 -0.8661 0.5092, -0.2973 -0.8661 0.5092, -0.1165 -0.8661 0.4235, -0.1197 -0.8661 0.4246, -0.1229 -0.8661 0.4267, -0.1246 -0.8661 0.4284, -0.1231 -0.8661 0.449, -0.1202 -0.8661 0.451, -0.1116 -0.8661 0.4792, -0.1169 -0.8661 0.4523, -0.0344 -0.8661 0.4568, -0.0433 -0.8661 0.4446, -0.0446 -0.8661 0.4432, -0.0571 -0.8661 0.4331, -0.2946 -0.8661 0.4808, -0.2889 -0.8661 0.4711, -0.2648 -0.8661 0.4662, -0.2804 -0.8661 0.4623, -0.2701 -0.8661 0.456, -0.2472 -0.8661 0.4819, -0.2569 -0.8661 0.4752, -0.2985 -0.8661 0.4996, -0.298 -0.8661 0.4924, -0.0277 -0.8661 0.5043, -0.0257 -0.8661 0.4897, -0.0258 -0.8661 0.4872, -0.0282 -0.8661 0.4717, -0.0717 -0.8661 0.4263, -0.0865 -0.8661 0.4233, -0.1145 -0.8661 0.4233, -0.1282 -0.8661 0.438, -0.1281 -0.8661 0.4393, -0.178 -0.8661 0.4441, -0.1273 -0.8661 0.443, -0.1256 -0.8661 0.4463, -0.2368 -0.8661 0.4859, -0.2255 -0.8661 0.4873, -0.2197 -0.8661 0.487, -0.1266 -0.8661 0.4314, -0.1278 -0.8661 0.4346, -0.1783 -0.8661 0.4345, -0.178 -0.8661 0.4394, -0.1135 -0.8661 0.4527, -0.113 -0.8661 0.4526, -0.1116 -0.8661 0.4523, -0.0648 -0.8661 0.4641, -0.0596 -0.8661 0.4715, -0.0563 -0.8661 0.48, -0.0552 -0.8661 0.4892, -0.1107 -0.8661 0.4522, -0.0893 -0.8661 0.4522, -0.0809 -0.8661 0.4538, -0.0725 -0.8661 0.4577, -0.0655 -0.8661 0.4634, -0.096 -0.8661 0.5262, -0.2931 -0.8661 0.5217, -0.2971 -0.8661 0.5111, -0.0922 -0.8661 0.5262, -0.062 -0.8661 0.5106, -0.0675 -0.8661 0.5168, -0.0749 -0.8661 0.5219, -0.0832 -0.8661 0.5251, -0.2881 -0.8661 0.5288, -0.2259 -0.8661 0.54, -0.2294 -0.8661 0.5419, -0.1043 -0.8661 0.5516, -0.1143 -0.8661 0.5649, -0.119 -0.8661 0.5694, -0.1325 -0.8661 0.5784, -0.1474 -0.8661 0.5838, -0.2401 -0.8661 0.5457, -0.2511 -0.8661 0.5471, -0.2559 -0.8661 0.5468, -0.0964 -0.8661 0.5288, -0.0978 -0.8661 0.5359, -0.1624 -0.8661 0.5855, -0.1647 -0.8661 0.5855, -0.2194 -0.8661 0.5538, -0.1805 -0.8661 0.5831, -0.209 -0.8661 0.5667, -0.1959 -0.8661 0.5766, -0.2677 -0.8661 0.5441, -0.2782 -0.8661 0.5385, -0.2865 -0.8661 0.5311, -0.0402 -0.8661 0.5288, -0.0333 -0.8661 0.5189, -0.0296 -0.8661 0.5092, 0.2481 -0.8661 0.4902, 0.2481 -0.8661 0.4825, 0.2559 -0.8661 0.5092, 0.2496 -0.8661 0.4311, 0.2559 -0.8661 0.4229, 0.2496 -0.8661 0.4235, 0.2348 -0.8661 0.4229, 0.2223 -0.8661 0.4311, 0.2348 -0.8661 0.4311, 0.2223 -0.8661 0.4535, 0.2348 -0.8661 0.4535, 0.2462 -0.8661 0.4535, 0.2462 -0.8661 0.4612, 0.2348 -0.8661 0.4825, 0.2348 -0.8661 0.4235, 0.2137 -0.8661 0.4235, 0.2092 -0.8661 0.4229, 0.2137 -0.8661 0.4902, 0.0762 -0.8661 0.4462, 0.0774 -0.8661 0.4597, 0.0745 -0.8661 0.4438, 0.0733 -0.8661 0.4408, 0.0985 -0.8661 0.426, 0.0954 -0.8661 0.424, 0.1027 -0.8661 0.4235, 0.0924 -0.8661 0.4229, 0.1111 -0.8661 0.4235, 0.0828 -0.8661 0.423, 0.0796 -0.8661 0.4242, 0.0698 -0.8661 0.4229, 0.0742 -0.8661 0.4296, 0.0732 -0.8661 0.4324, 0.0853 -0.8661 0.4712, 0.0698 -0.8661 0.5092, 0.0791 -0.8661 0.4688, 0.0774 -0.8661 0.4678, 0.0959 -0.8661 0.4651, 0.0931 -0.8661 0.4654, 0.0886 -0.8661 0.4518, 0.0787 -0.8661 0.4484, 0.0823 -0.8661 0.4502, 0.0832 -0.8661 0.4633, 0.0885 -0.8661 0.465, 0.0769 -0.8661 0.4261, 0.076 -0.8661 0.427, 0.1027 -0.8661 0.4309, 0.1025 -0.8661 0.4309, 0.1011 -0.8661 0.4288, 0.1262 -0.8661 0.4493, 0.1224 -0.8661 0.4338, 0.1263 -0.8661 0.4493, 0.1254 -0.8661 0.4319, 0.1263 -0.8661 0.4316, 0.1051 -0.8661 0.4692, 0.1074 -0.8661 0.467, 0.1237 -0.8661 0.4638, 0.0728 -0.8661 0.4362, 0.0728 -0.8661 0.4372, 0.1248 -0.8661 0.4507, 0.1111 -0.8661 0.4542, 0.1224 -0.8661 0.4252, 0.1027 -0.8661 0.4538, 0.1024 -0.8661 0.4574, 0.1016 -0.8661 0.4604, 0.1006 -0.8661 0.4621, 0.1227 -0.8661 0.4611, 0.1091 -0.8661 0.4644, 0.1104 -0.8661 0.4606, 0.0939 -0.8661 0.4722, 0.0988 -0.8661 0.4718, 0.1023 -0.8661 0.4707, 0.0993 -0.8661 0.4635, 0.0979 -0.8661 0.4645, 0.1239 -0.8661 0.4523, 0.1229 -0.8661 0.4548, 0.1225 -0.8661 0.4583, 0.1299 -0.8661 0.4229, 0.1263 -0.8661 0.3965, 0.1353 -0.8661 0.4224, 0.1523 -0.8661 0.4701, 0.1523 -0.8661 0.462, 0.1518 -0.8661 0.4443, 0.1532 -0.8661 0.4423, 0.1533 -0.8661 0.4307, 0.1518 -0.8661 0.4285, 0.1252 -0.8661 0.466, 0.1263 -0.8661 0.467, 0.1263 -0.8661 0.5092, 0.1278 -0.8661 0.4684, 0.1298 -0.8661 0.4697, 0.1343 -0.8661 0.4714, 0.141 -0.8661 0.4722, 0.1568 -0.8661 0.5092, 0.1469 -0.8661 0.4717, 0.1492 -0.8661 0.4261, 0.1473 -0.8661 0.425, 0.1542 -0.8661 0.4399, 0.1546 -0.8661 0.4364, 0.1543 -0.8661 0.4333, 0.1402 -0.8661 0.4654, 0.1377 -0.8661 0.4653, 0.1311 -0.8661 0.459, 0.1355 -0.8661 0.4647, 0.1336 -0.8661 0.4637, 0.1311 -0.8661 0.4579, 0.1315 -0.8661 0.4566, 0.1321 -0.8661 0.4555, 0.1329 -0.8661 0.4546, 0.1358 -0.8661 0.4528, 0.146 -0.8661 0.4647, 0.141 -0.8661 0.4505, 0.1508 -0.8661 0.4629, 0.1443 -0.8661 0.4492, 0.1498 -0.8661 0.4461, 0.1324 -0.8661 0.4626, 0.1316 -0.8661 0.4615, 0.1312 -0.8661 0.4604, 0.1306 -0.8661 0.4299, 0.1351 -0.8661 0.4444, 0.1301 -0.8661 0.4467, 0.1362 -0.8661 0.4292, 0.1365 -0.8661 0.4292, 0.1406 -0.8661 0.4421, 0.1408 -0.8661 0.4297, 0.146 -0.8661 0.4356, 0.1459 -0.8661 0.4367, 0.143 -0.8661 0.4305, 0.1437 -0.8661 0.4309, 0.1447 -0.8661 0.4318, 0.1454 -0.8661 0.4328, 0.1458 -0.8661 0.434, 0.1456 -0.8661 0.438, 0.1449 -0.8661 0.4391, 0.1439 -0.8661 0.4402, 0.2967 -0.8661 0.5293, 0.2559 -0.8661 0.5288, 0.3909 -0.8661 0.5288, 0.3909 -0.8661 0.5966, 0.2713 -0.8661 0.5961, 0.2559 -0.8661 0.5966, 0.2462 -0.8661 0.5293, 0.2367 -0.8661 0.5293, 0.2348 -0.8661 0.5288, 0.2526 -0.8661 0.5476, 0.2348 -0.8661 0.5966, 0.2559 -0.8661 0.5798, 0.2621 -0.8661 0.5961, 0.2092 -0.8661 0.5288, 0.2084 -0.8661 0.5307, 0.197 -0.8661 0.5293, 0.1977 -0.8661 0.5961, 0.2092 -0.8661 0.5966, 0.1723 -0.8661 0.5966, 0.1723 -0.8661 0.5288, 0.1786 -0.8661 0.5293, 0.1786 -0.8661 0.5961, 0.2311 -0.8661 0.5515, 0.2279 -0.8661 0.5446, 0.2252 -0.8661 0.585, 0.2293 -0.8661 0.5792, 0.2229 -0.8661 0.5387, 0.216 -0.8661 0.5337, 0.2092 -0.8661 0.531, 0.2229 -0.8661 0.5872, 0.2078 -0.8661 0.5949, 0.2092 -0.8661 0.5944, 0.2159 -0.8661 0.592, 0.2318 -0.8661 0.5728, 0.2329 -0.8661 0.5636, 0.2328 -0.8661 0.5593, 0.1568 -0.8661 0.5966, 0.1645 -0.8661 0.5961, 0.1568 -0.8661 0.5961, 0.1645 -0.8661 0.5884, 0.166 -0.8661 0.5369, 0.166 -0.8661 0.5293, 0.1568 -0.8661 0.5288, 0.1387 -0.8661 0.5369, 0.1568 -0.8661 0.5369, 0.1387 -0.8661 0.5594, 0.1568 -0.8661 0.5594, 0.1626 -0.8661 0.5594, 0.1626 -0.8661 0.567, 0.1568 -0.8661 0.5884, 0.1301 -0.8661 0.5961, 0.1263 -0.8661 0.5966, 0.1301 -0.8661 0.5293, 0.1168 -0.8661 0.5945, 0.1098 -0.8661 0.5965, 0.1081 -0.8661 0.5966, 0.1568 -0.8661 0.5293, 0.1168 -0.8661 0.5855, 0.1156 -0.8661 0.5315, 0.1027 -0.8661 0.536, 0.1102 -0.8661 0.5374, 0.1168 -0.8661 0.5404, 0.1168 -0.8661 0.5321, 0.0759 -0.8661 0.5595, 0.116 -0.8661 0.5859, 0.1093 -0.8661 0.5884, 0.0792 -0.8661 0.5474, 0.0824 -0.8661 0.5429, 0.0837 -0.8661 0.5416, 0.0881 -0.8661 0.5385, 0.0928 -0.8661 0.5367, 0.0996 -0.8661 0.5359, 0.0829 -0.8661 0.582, 0.0792 -0.8661 0.577, 0.0874 -0.8661 0.5858, 0.0927 -0.8661 0.5882, 0.1011 -0.8661 0.5894, 0.0985 -0.8661 0.5893, 0.0759 -0.8661 0.5619, 0.077 -0.8661 0.5712, 0.077 -0.8661 0.5528, 0.101 -0.8661 0.5972, 0.0698 -0.8661 0.6378, 0.1263 -0.8661 0.6378, 0.1011 -0.8661 0.5972, 0.0716 -0.8661 0.581, 0.0765 -0.8661 0.5874, 0.078 -0.8661 0.5889, 0.0843 -0.8661 0.5933, 0.0698 -0.8661 0.5462, 0.0679 -0.8661 0.5515, 0.0658 -0.8661 0.5288, 0.0668 -0.8661 0.5614, 0.0669 -0.8661 0.5649, 0.0658 -0.8661 0.5966, 0.0684 -0.8661 0.5736, 0.0698 -0.8661 0.5768, 0.0808 -0.8661 0.5329, 0.0754 -0.8661 0.5373, 0.0698 -0.8661 0.5288, 0.0743 -0.8661 0.5385, 0.0705 -0.8661 0.5443, 0.0983 -0.8661 0.5282, 0.0943 -0.8661 0.5284, 0.0925 -0.8661 0.5288, 0.0871 -0.8661 0.5299, 0.0832 -0.8661 0.4229, 0.0698 -0.8661 0.3965, 0.0876 -0.8661 0.4224, 0.092 -0.8661 0.4228, 0.0879 -0.8661 0.4224, 0.196 -0.8661 0.4711, 0.2047 -0.8661 0.4711, 0.2092 -0.8661 0.5092, 0.2348 -0.8661 0.4902, 0.2348 -0.8661 0.5092, 0.1857 -0.8661 0.4229, 0.1807 -0.8661 0.4353, 0.1818 -0.8661 0.4314, 0.182 -0.8661 0.4314, 0.1723 -0.8661 0.5092, 0.1723 -0.8661 0.4595, 0.183 -0.8661 0.4353, 0.1824 -0.8661 0.433, 0.1723 -0.8661 0.4229, 0.1723 -0.8661 0.4371, 0.1589 -0.8661 0.4711, 0.1683 -0.8661 0.4711, 0.1776 -0.8661 0.4236, 0.1774 -0.8661 0.4229, 0.174 -0.8661 0.4149, 0.1568 -0.8661 0.3965, 0.1607 -0.8661 0.4017, 0.1607 -0.8661 0.4092, 0.1624 -0.8661 0.4086, 0.1654 -0.8661 0.4082, 0.167 -0.8661 0.4083, 0.1688 -0.8661 0.4089, 0.1704 -0.8661 0.4099, 0.1696 -0.8661 0.4015, 0.1661 -0.8661 0.401, 0.1642 -0.8661 0.4011, 0.1721 -0.8661 0.4116, 0.1723 -0.8661 0.412, 0.1831 -0.8661 0.4163, 0.1829 -0.8661 0.416, 0.2092 -0.8661 0.3965, 0.1789 -0.8661 0.4084, 0.1759 -0.8661 0.4049, 0.1758 -0.8661 0.4048, -0.3909 -0.8661 0.2047, -0.3909 -0.8661 0.3965, -0.3909 -0.8661 0.4229, -0.3909 -0.8661 0.5092, -0.3909 -0.8661 0.5288, -0.3909 -0.8661 0.5966, -0.3909 -0.8661 0.6378, 0.0641 -0.8661 0.5369, 0.0641 -0.8661 0.5293, 0.0289 -0.8661 0.5293, 0.0375 -0.8661 0.5961, 0.0375 -0.8661 0.5369, 0.0289 -0.8661 0.5961, 0.0658 -0.8661 0.4229, 0.0648 -0.8661 0.4235, 0.0289 -0.8661 0.4235, 0.0648 -0.8661 0.4311, 0.0633 -0.8661 0.4825, 0.0375 -0.8661 0.4535, 0.0375 -0.8661 0.4311, 0.0614 -0.8661 0.4535, 0.0614 -0.8661 0.4612, 0.0375 -0.8661 0.4612, 0.0375 -0.8661 0.4825, 0.0289 -0.8661 0.4902, 0.0633 -0.8661 0.4902, 0.0658 -0.8661 0.6378, 0.1568 -0.8661 0.6378, 0.1723 -0.8661 0.6378, 0.2092 -0.8661 0.6378, 0.2348 -0.8661 0.6378, 0.2559 -0.8661 0.6378, 0.3909 -0.8661 0.6378, 0.3909 -0.8661 0.5092, 0.3909 -0.8661 0.4229, 0.2805 -0.8661 0.4235, 0.2622 -0.8661 0.4235, 0.2622 -0.8661 0.4902, 0.3639 -0.8661 0.4417, 0.3361 -0.8661 0.4417, 0.3707 -0.8661 0.4235, 0.3297 -0.8661 0.4235, 0.3202 -0.8661 0.4235, 0.3163 -0.8661 0.4535, 0.3147 -0.8661 0.4457, 0.3114 -0.8661 0.4387, 0.3064 -0.8661 0.4328, 0.3548 -0.8661 0.4902, 0.3802 -0.8661 0.4235, 0.2996 -0.8661 0.4279, 0.292 -0.8661 0.4249, 0.3456 -0.8661 0.4902, 0.3165 -0.8661 0.4577, 0.3154 -0.8661 0.467, 0.3064 -0.8661 0.4814, 0.3087 -0.8661 0.4791, 0.3129 -0.8661 0.4733, 0.2812 -0.8661 0.4902, 0.2914 -0.8661 0.4891, 0.2995 -0.8661 0.4861, 0.2348 -0.8661 0.3965, 0.2559 -0.8661 0.3965, 0.3909 -0.8661 0.3965, 0.0658 -0.8661 0.2047, 0.0698 -0.8661 0.2047, 0.1263 -0.8661 0.2047, 0.1568 -0.8661 0.2047, 0.1723 -0.8661 0.2047, 0.2092 -0.8661 0.2047, 0.2348 -0.8661 0.2047, 0.2559 -0.8661 0.2047, 0.3909 -0.8661 0.2047
            ]
        }
        coordIndex [
            0,1,2,-1,3,4,5,-1,6,7,8,-1,9,10,11,-1,12,13,14,-1,15,16,17,-1,18,19,20,-1,21,22,23,-1,24,25,26,-1,27,28,29,-1,30,31,32,-1,33,34,35,-1,35,34,3,-1,36,37,35,-1,35,37,38,-1,38,39,35,-1,35,39,40,-1,35,40,33,-1,41,42,43,-1,43,42,44,-1,43,44,45,-1,45,44,46,-1,45,46,47,-1,48,49,50,-1,49,51,50,-1,50,51,52,-1,50,52,53,-1,41,43,54,-1,54,43,50,-1,54,50,55,-1,55,50,53,-1,55,53,56,-1,56,53,57,-1,56,57,58,-1,32,31,59,-1,31,60,59,-1,59,60,61,-1,59,61,50,-1,50,61,62,-1,50,62,48,-1,63,64,65,-1,64,66,65,-1,65,66,67,-1,65,67,68,-1,68,69,65,-1,65,69,70,-1,65,70,32,-1,32,70,71,-1,32,71,30,-1,72,73,74,-1,74,73,75,-1,74,75,65,-1,65,75,76,-1,65,76,63,-1,77,78,79,-1,79,78,80,-1,79,80,81,-1,77,82,78,-1,78,82,83,-1,78,83,74,-1,74,83,84,-1,74,84,72,-1,0,85,1,-1,1,85,86,-1,1,86,87,-1,87,88,1,-1,1,88,89,-1,1,89,81,-1,90,91,92,-1,92,91,93,-1,94,95,91,-1,91,95,96,-1,91,96,97,-1,98,99,85,-1,85,99,100,-1,85,100,101,-1,102,103,104,-1,104,103,105,-1,106,107,0,-1,0,107,108,-1,0,108,109,-1,110,111,112,-1,112,111,113,-1,112,113,114,-1,115,97,116,-1,116,97,117,-1,116,117,112,-1,112,117,118,-1,112,118,110,-1,119,120,4,-1,4,120,121,-1,4,121,0,-1,0,121,122,-1,0,122,106,-1,109,123,0,-1,0,123,124,-1,0,124,85,-1,85,124,125,-1,85,125,98,-1,126,127,128,-1,128,127,129,-1,128,129,104,-1,104,129,130,-1,104,130,102,-1,115,131,97,-1,97,131,132,-1,97,132,91,-1,91,132,133,-1,91,133,93,-1,101,134,85,-1,85,134,135,-1,85,135,136,-1,136,135,126,-1,136,126,137,-1,137,126,128,-1,105,138,104,-1,104,138,139,-1,104,139,140,-1,141,142,104,-1,104,142,143,-1,104,143,91,-1,91,143,144,-1,91,144,94,-1,140,145,104,-1,104,145,146,-1,104,146,147,-1,147,148,104,-1,104,148,149,-1,104,149,141,-1,150,151,152,-1,152,97,150,-1,150,97,96,-1,150,96,153,-1,153,96,154,-1,154,155,153,-1,153,155,156,-1,153,156,157,-1,158,159,160,-1,161,162,159,-1,162,163,159,-1,159,163,164,-1,159,164,165,-1,160,166,158,-1,158,166,167,-1,158,167,168,-1,151,150,158,-1,158,150,169,-1,158,169,159,-1,159,169,170,-1,159,170,161,-1,165,171,159,-1,159,171,172,-1,159,172,173,-1,173,172,174,-1,173,174,175,-1,175,174,176,-1,177,178,168,-1,168,178,179,-1,168,179,158,-1,34,180,3,-1,3,180,181,-1,3,181,4,-1,4,181,182,-1,4,182,119,-1,183,184,185,-1,185,184,186,-1,185,186,187,-1,187,186,188,-1,187,188,189,-1,190,191,192,-1,192,191,193,-1,193,191,194,-1,194,191,186,-1,194,186,195,-1,195,186,184,-1,195,184,29,-1,29,184,196,-1,29,196,27,-1,188,197,189,-1,189,197,198,-1,189,198,199,-1,199,198,200,-1,201,202,203,-1,203,202,204,-1,205,206,207,-1,207,206,208,-1,207,208,209,-1,210,211,212,-1,212,213,214,-1,215,216,217,-1,217,216,218,-1,219,220,221,-1,201,222,202,-1,202,222,223,-1,202,223,224,-1,224,223,221,-1,224,221,225,-1,225,221,220,-1,211,226,212,-1,212,226,227,-1,212,227,213,-1,228,229,207,-1,207,229,230,-1,207,230,205,-1,231,232,233,-1,233,232,234,-1,233,234,235,-1,236,237,238,-1,214,239,212,-1,212,239,240,-1,212,240,216,-1,216,240,204,-1,216,204,218,-1,218,204,202,-1,231,241,232,-1,232,241,242,-1,232,242,243,-1,243,242,209,-1,243,209,25,-1,244,245,221,-1,221,245,246,-1,221,246,247,-1,238,237,248,-1,248,237,249,-1,248,249,250,-1,215,251,216,-1,216,251,252,-1,216,252,253,-1,247,254,221,-1,221,254,255,-1,221,255,219,-1,241,256,242,-1,242,256,257,-1,242,257,250,-1,250,257,258,-1,250,258,248,-1,24,26,259,-1,259,26,260,-1,259,260,261,-1,262,263,23,-1,264,265,263,-1,266,267,23,-1,268,269,270,-1,270,269,271,-1,270,271,272,-1,272,273,270,-1,270,273,274,-1,270,274,275,-1,275,274,276,-1,275,276,262,-1,267,277,23,-1,23,277,278,-1,23,278,21,-1,265,279,263,-1,263,279,280,-1,263,280,23,-1,23,280,281,-1,23,281,266,-1,282,283,284,-1,284,283,285,-1,284,285,286,-1,284,287,282,-1,282,287,288,-1,282,288,289,-1,289,290,282,-1,282,290,291,-1,282,291,292,-1,292,291,293,-1,292,293,294,-1,294,293,295,-1,294,295,263,-1,263,295,296,-1,263,296,264,-1,297,298,286,-1,286,298,299,-1,286,299,284,-1,300,301,235,-1,235,301,302,-1,235,302,233,-1,300,303,301,-1,301,303,304,-1,301,304,305,-1,305,304,306,-1,305,307,308,-1,306,309,305,-1,305,309,310,-1,305,310,311,-1,311,312,305,-1,305,312,313,-1,305,313,307,-1,308,314,305,-1,305,314,315,-1,305,315,316,-1,317,18,318,-1,319,320,321,-1,321,320,322,-1,323,324,325,-1,18,20,318,-1,318,20,326,-1,318,326,323,-1,325,324,327,-1,327,324,328,-1,327,328,322,-1,322,328,329,-1,322,329,321,-1,330,331,332,-1,333,334,335,-1,330,332,336,-1,336,332,337,-1,336,337,335,-1,335,337,338,-1,335,338,333,-1,339,340,325,-1,341,342,327,-1,340,343,325,-1,325,343,344,-1,325,344,330,-1,330,344,345,-1,330,345,331,-1,341,327,346,-1,333,347,334,-1,334,347,348,-1,334,348,327,-1,327,348,349,-1,327,349,346,-1,342,350,327,-1,327,350,351,-1,327,351,325,-1,325,351,352,-1,325,352,339,-1,335,353,354,-1,354,353,355,-1,354,356,335,-1,335,356,357,-1,335,357,336,-1,336,357,358,-1,336,358,359,-1,360,361,362,-1,362,361,363,-1,363,361,364,-1,364,361,357,-1,364,357,365,-1,365,357,356,-1,365,356,17,-1,17,356,366,-1,17,366,15,-1,355,353,367,-1,367,353,368,-1,367,368,369,-1,370,368,371,-1,371,368,372,-1,358,373,359,-1,359,373,369,-1,359,369,14,-1,14,369,368,-1,14,368,374,-1,374,368,370,-1,12,14,375,-1,376,377,374,-1,374,377,378,-1,374,378,14,-1,14,378,379,-1,14,379,375,-1,380,381,382,-1,383,384,374,-1,374,384,385,-1,374,385,386,-1,386,387,374,-1,374,387,388,-1,374,388,376,-1,389,390,391,-1,391,390,392,-1,382,393,380,-1,380,393,394,-1,380,394,395,-1,395,394,392,-1,395,392,396,-1,396,392,390,-1,381,380,374,-1,374,380,397,-1,374,397,383,-1,10,398,399,-1,399,398,400,-1,400,398,401,-1,400,401,372,-1,11,402,403,-1,403,404,11,-1,11,404,405,-1,11,405,9,-1,406,407,408,-1,409,410,411,-1,411,410,412,-1,411,412,11,-1,11,412,413,-1,11,413,402,-1,414,415,416,-1,416,415,417,-1,416,417,418,-1,419,420,216,-1,216,420,421,-1,216,421,416,-1,416,421,422,-1,416,422,414,-1,236,238,253,-1,253,238,268,-1,253,268,216,-1,216,268,270,-1,216,270,419,-1,210,212,423,-1,423,212,424,-1,423,424,425,-1,25,209,26,-1,26,209,208,-1,26,208,260,-1,260,208,426,-1,260,426,424,-1,424,426,427,-1,424,427,425,-1,428,429,430,-1,183,185,431,-1,431,185,432,-1,431,432,200,-1,200,432,430,-1,200,430,199,-1,199,430,429,-1,199,429,433,-1,434,435,436,-1,430,437,428,-1,428,437,438,-1,428,438,439,-1,439,438,434,-1,439,434,440,-1,440,434,436,-1,441,442,23,-1,23,442,443,-1,262,23,275,-1,275,23,443,-1,275,443,437,-1,437,443,444,-1,437,444,438,-1,445,442,446,-1,446,442,441,-1,446,441,447,-1,448,449,450,-1,261,260,22,-1,22,260,448,-1,22,448,23,-1,23,448,450,-1,23,450,441,-1,441,450,451,-1,441,451,452,-1,452,453,441,-1,441,453,454,-1,441,454,455,-1,7,456,8,-1,8,456,457,-1,8,457,448,-1,448,457,458,-1,448,458,449,-1,455,459,441,-1,441,459,460,-1,441,460,447,-1,461,462,463,-1,461,463,433,-1,462,464,463,-1,463,464,465,-1,463,465,8,-1,8,465,466,-1,8,466,6,-1,467,78,468,-1,468,78,74,-1,468,74,469,-1,469,74,65,-1,469,65,470,-1,470,65,32,-1,470,32,471,-1,471,32,59,-1,471,59,472,-1,472,59,50,-1,472,50,473,-1,473,50,43,-1,474,475,408,-1,408,475,476,-1,477,411,35,-1,407,409,408,-1,408,409,411,-1,408,411,474,-1,474,411,477,-1,474,477,478,-1,5,408,3,-1,3,408,476,-1,3,476,35,-1,35,476,479,-1,35,479,477,-1,480,481,482,-1,481,480,483,-1,483,480,5,-1,483,5,484,-1,485,486,487,-1,487,486,483,-1,487,483,488,-1,488,483,484,-1,488,484,489,-1,489,484,490,-1,2,480,0,-1,0,480,482,-1,0,482,4,-1,4,482,491,-1,4,491,5,-1,5,491,492,-1,5,492,484,-1,10,399,11,-1,11,399,493,-1,11,493,411,-1,411,493,45,-1,411,45,35,-1,35,45,47,-1,35,47,36,-1,2,424,480,-1,480,424,212,-1,480,212,5,-1,5,212,216,-1,5,216,408,-1,408,216,416,-1,408,416,406,-1,406,416,418,-1,185,325,432,-1,432,325,330,-1,432,330,430,-1,430,330,336,-1,430,336,437,-1,437,336,359,-1,437,359,275,-1,275,359,14,-1,275,14,270,-1,270,14,13,-1,270,13,419,-1,372,368,400,-1,400,368,353,-1,400,353,494,-1,494,353,335,-1,494,335,495,-1,495,335,334,-1,495,334,496,-1,496,334,327,-1,496,327,497,-1,497,327,322,-1,497,322,498,-1,498,322,320,-1,498,320,499,-1,321,317,319,-1,319,317,318,-1,319,318,500,-1,501,502,187,-1,187,502,503,-1,187,503,185,-1,185,503,504,-1,505,506,507,-1,507,506,508,-1,507,508,501,-1,501,508,509,-1,501,509,502,-1,510,511,509,-1,509,511,512,-1,509,512,513,-1,500,514,501,-1,501,514,515,-1,501,515,507,-1,513,516,509,-1,509,516,517,-1,509,517,502,-1,323,325,318,-1,318,325,185,-1,318,185,500,-1,500,185,518,-1,500,518,514,-1,510,509,519,-1,519,509,518,-1,519,518,520,-1,521,522,518,-1,518,522,523,-1,518,523,520,-1,504,524,185,-1,185,524,525,-1,185,525,518,-1,518,525,526,-1,518,526,521,-1,433,463,199,-1,199,463,527,-1,199,527,189,-1,189,527,528,-1,189,528,187,-1,187,528,529,-1,187,529,501,-1,81,80,1,-1,1,80,530,-1,1,530,2,-1,2,530,531,-1,2,531,424,-1,424,531,532,-1,424,532,260,-1,260,532,533,-1,260,533,448,-1,448,533,534,-1,448,534,8,-1,8,534,535,-1,8,535,463,-1,463,535,536,-1,463,536,527,-1,527,536,537,-1,527,537,528,-1,528,537,538,-1,528,538,529,-1,
        ]
    }
}
Shape{
    appearance Appearance {
        material  Material 	{
            diffuseColor 0.25098039215686274 0.25098039215686274 0.25098039215686274
            specularColor 0.12549019607843137 0.12549019607843137 0.12549019607843137
            ambientIntensity 0.251
            transparency 0.0
            shininess 0.5
        }
    }
    geometry IndexedFaceSet {
        ccw TRUE
        solid FALSE
        coord DEF co Coordinate {
            point [
                0.9843 -0.7087 0.0079, 0.9843 0.7087 0.0079, 0.9843 -0.7087 0.126, 0.9843 0.7087 0.126, 0.4398 0.9843 0.0079, -0.4398 0.9843 0.0079, 0.4398 0.9843 0.126, -0.4398 0.9843 0.126, -0.9843 -0.7087 0.126, -0.9843 0.7087 0.126, -0.9843 -0.7087 0.0079, -0.9843 0.7087 0.0079, -0.4398 -0.9843 0.0079, 0.4398 -0.9843 0.0079, -0.4398 -0.9843 0.126, 0.4398 -0.9843 0.126, 0.6625 -0.798 0.126, 0.6815 -0.7901 0.126, 0.6654 -0.7538 0.126, -0.6462 -0.8105 0.126, -0.6325 -0.7706 0.126, -0.6625 -0.798 0.126, -0.6483 -0.7609 0.126, -0.6815 -0.7901 0.126, 0.9183 0.678 0.126, 0.9329 0.6508 0.126, -0.4955 0.9612 0.126, -0.6462 0.8105 0.126, -0.6184 0.7826 0.126, 0.4955 -0.9612 0.126, 0.4784 -0.9183 0.126, 0.4792 -0.9737 0.126, 0.4512 -0.9329 0.126, 0.4602 -0.9816 0.126, 0.4216 -0.9419 0.126, 0.3909 -0.9449 0.126, -0.3909 -0.9449 0.126, -0.4216 -0.9419 0.126, -0.4602 -0.9816 0.126, -0.4512 -0.9329 0.126, -0.4792 -0.9737 0.126, -0.4955 -0.9612 0.126, -0.4784 -0.9183 0.126, -0.5023 -0.8988 0.126, -0.6184 -0.7826 0.126, 0.9055 -0.7874 0.126, 0.9259 -0.7847 0.126, 0.8749 -0.7215 0.126, 0.9449 -0.7769 0.126, 0.8988 -0.7019 0.126, 0.6834 -0.7495 0.126, 0.7019 -0.7874 0.126, 0.7019 -0.748 0.126, 0.9816 0.729 0.126, 0.9737 0.748 0.126, 0.8988 0.7019 0.126, -0.6325 0.7706 0.126, -0.6625 0.798 0.126, -0.6483 0.7609 0.126, -0.4512 0.9329 0.126, -0.4216 0.9419 0.126, -0.3909 0.9449 0.126, 0.6462 0.8105 0.126, 0.6325 0.7706 0.126, 0.6625 0.798 0.126, 0.6483 0.7609 0.126, 0.6815 0.7901 0.126, -0.9737 -0.748 0.126, -0.8988 -0.7019 0.126, -0.9183 -0.678 0.126, -0.9329 -0.6508 0.126, -0.9816 -0.729 0.126, 0.6483 -0.7609 0.126, 0.6325 -0.7706 0.126, 0.6462 -0.8105 0.126, 0.6184 -0.7826 0.126, 0.5023 -0.8988 0.126, 0.9419 0.6213 0.126, 0.9449 0.5906 0.126, 0.9449 -0.5906 0.126, 0.9419 -0.6213 0.126, 0.9329 -0.6508 0.126, 0.9816 -0.729 0.126, 0.9183 -0.678 0.126, 0.9737 -0.748 0.126, 0.9612 -0.7643 0.126, 0.8477 -0.736 0.126, 0.8181 -0.745 0.126, 0.7874 -0.748 0.126, -0.5023 0.8988 0.126, -0.4784 0.9183 0.126, -0.4792 0.9737 0.126, -0.4602 0.9816 0.126, 0.4955 0.9612 0.126, 0.4792 0.9737 0.126, 0.4512 0.9329 0.126, 0.4602 0.9816 0.126, 0.4216 0.9419 0.126, 0.3909 0.9449 0.126, 0.4784 0.9183 0.126, 0.5023 0.8988 0.126, 0.6184 0.7826 0.126, 0.9055 0.7874 0.126, 0.7019 0.7874 0.126, 0.7874 0.748 0.126, 0.6654 0.7538 0.126, 0.6834 0.7495 0.126, 0.7019 0.748 0.126, 0.8181 0.745 0.126, 0.8477 0.736 0.126, 0.9259 0.7847 0.126, 0.8749 0.7215 0.126, 0.9449 0.7769 0.126, 0.9612 0.7643 0.126, -0.9055 -0.7874 0.126, -0.7019 -0.7874 0.126, -0.7874 -0.748 0.126, -0.6654 -0.7538 0.126, -0.6834 -0.7495 0.126, -0.7019 -0.748 0.126, -0.8181 -0.745 0.126, -0.8477 -0.736 0.126, -0.9259 -0.7847 0.126, -0.8749 -0.7215 0.126, -0.9449 -0.7769 0.126, -0.9612 -0.7643 0.126, -0.9055 0.7874 0.126, -0.9259 0.7847 0.126, -0.8749 0.7215 0.126, -0.9449 0.7769 0.126, -0.8988 0.7019 0.126, -0.9612 0.7643 0.126, -0.9737 0.748 0.126, -0.9183 0.678 0.126, -0.9816 0.729 0.126, -0.9329 0.6508 0.126, -0.9419 0.6213 0.126, -0.6654 0.7538 0.126, -0.6815 0.7901 0.126, -0.6834 0.7495 0.126, -0.7019 0.7874 0.126, -0.7019 0.748 0.126, -0.9419 -0.6213 0.126, -0.9449 -0.5906 0.126, -0.9449 0.5906 0.126, -0.8477 0.736 0.126, -0.8181 0.745 0.126, -0.7874 0.748 0.126, -0.6462 -0.8105 0.0079, -0.6625 -0.798 0.0079, 0.6462 0.8105 0.0079, 0.6625 0.798 0.0079, 0.6625 -0.798 0.0079, 0.6815 0.7901 0.0079, -0.4955 -0.9612 0.0079, -0.6625 0.798 0.0079, -0.6462 0.8105 0.0079, -0.4955 0.9612 0.0079, 0.4602 0.9816 0.0079, 0.7019 0.7874 0.0079, 0.7019 -0.7874 0.0079, 0.6815 -0.7901 0.0079, -0.6815 0.7901 0.0079, -0.6815 -0.7901 0.0079, -0.7019 -0.7874 0.0079, 0.4792 0.9737 0.0079, 0.4955 0.9612 0.0079, -0.4792 0.9737 0.0079, -0.4602 0.9816 0.0079, 0.6462 -0.8105 0.0079, 0.4955 -0.9612 0.0079, 0.4792 -0.9737 0.0079, -0.4602 -0.9816 0.0079, -0.4792 -0.9737 0.0079, -0.9449 0.7769 0.0079, -0.9259 0.7847 0.0079, -0.9055 0.7874 0.0079, 0.4602 -0.9816 0.0079, -0.9055 -0.7874 0.0079, -0.7019 0.7874 0.0079, 0.9612 0.7643 0.0079, 0.9055 0.7874 0.0079, 0.9449 0.7769 0.0079, 0.9259 0.7847 0.0079, 0.9737 0.748 0.0079, 0.9816 0.729 0.0079, 0.9449 -0.7769 0.0079, 0.9259 -0.7847 0.0079, 0.9055 -0.7874 0.0079, -0.9259 -0.7847 0.0079, 0.9612 -0.7643 0.0079, 0.9816 -0.729 0.0079, 0.9737 -0.748 0.0079, -0.9449 -0.7769 0.0079, -0.9612 -0.7643 0.0079, -0.9816 -0.729 0.0079, -0.9737 -0.748 0.0079, -0.9816 0.729 0.0079, -0.9737 0.748 0.0079, -0.9612 0.7643 0.0079
            ]
        }
        coordIndex [
            0,1,2,-1,2,1,3,-1,4,5,6,-1,6,5,7,-1,8,9,10,-1,10,9,11,-1,12,13,14,-1,14,13,15,-1,16,17,18,-1,19,20,21,-1,21,20,22,-1,21,22,23,-1,24,25,3,-1,26,27,28,-1,29,30,31,-1,31,30,32,-1,31,32,33,-1,33,32,34,-1,33,34,15,-1,15,34,35,-1,15,35,14,-1,35,36,14,-1,14,36,37,-1,14,37,38,-1,38,37,39,-1,38,39,40,-1,40,39,41,-1,39,42,41,-1,41,42,43,-1,41,43,19,-1,19,43,44,-1,19,44,20,-1,45,46,47,-1,47,46,48,-1,47,48,49,-1,18,17,50,-1,50,17,51,-1,50,51,52,-1,3,53,24,-1,24,53,54,-1,24,54,55,-1,28,27,56,-1,56,27,57,-1,56,57,58,-1,59,60,7,-1,7,60,61,-1,7,61,6,-1,62,63,64,-1,64,63,65,-1,64,65,66,-1,67,68,69,-1,70,8,69,-1,69,8,71,-1,69,71,67,-1,18,72,16,-1,16,72,73,-1,16,73,74,-1,74,73,75,-1,74,75,29,-1,29,75,76,-1,29,76,30,-1,25,77,3,-1,3,77,78,-1,3,78,2,-1,2,78,79,-1,79,80,2,-1,2,80,81,-1,2,81,82,-1,82,81,83,-1,82,83,84,-1,84,83,49,-1,84,49,85,-1,85,49,48,-1,47,86,45,-1,45,86,87,-1,45,87,51,-1,51,87,88,-1,51,88,52,-1,28,89,26,-1,26,89,90,-1,26,90,91,-1,91,90,59,-1,91,59,92,-1,92,59,7,-1,93,94,95,-1,95,94,96,-1,95,96,97,-1,97,96,6,-1,97,6,98,-1,98,6,61,-1,95,99,93,-1,93,99,100,-1,93,100,62,-1,62,100,101,-1,62,101,63,-1,102,103,104,-1,65,105,66,-1,66,105,106,-1,66,106,103,-1,103,106,107,-1,103,107,104,-1,104,108,102,-1,102,108,109,-1,102,109,110,-1,110,109,111,-1,110,111,112,-1,112,111,55,-1,112,55,113,-1,113,55,54,-1,114,115,116,-1,22,117,23,-1,23,117,118,-1,23,118,115,-1,115,118,119,-1,115,119,116,-1,116,120,114,-1,114,120,121,-1,114,121,122,-1,122,121,123,-1,122,123,124,-1,124,123,68,-1,124,68,125,-1,125,68,67,-1,126,127,128,-1,128,127,129,-1,128,129,130,-1,129,131,130,-1,130,131,132,-1,130,132,133,-1,133,132,134,-1,133,134,135,-1,135,134,9,-1,135,9,136,-1,58,57,137,-1,137,57,138,-1,137,138,139,-1,139,138,140,-1,139,140,141,-1,70,142,8,-1,8,142,143,-1,8,143,9,-1,9,143,144,-1,9,144,136,-1,128,145,126,-1,126,145,146,-1,126,146,140,-1,140,146,147,-1,140,147,141,-1,148,149,5,-1,150,151,152,-1,152,151,153,-1,148,5,154,-1,155,156,149,-1,149,156,157,-1,5,4,152,-1,152,4,158,-1,159,160,153,-1,153,160,161,-1,153,161,152,-1,155,149,162,-1,162,149,163,-1,162,163,164,-1,158,165,152,-1,152,165,166,-1,152,166,150,-1,157,167,149,-1,149,167,168,-1,149,168,5,-1,152,169,5,-1,5,169,170,-1,5,170,171,-1,12,172,5,-1,5,172,173,-1,5,173,154,-1,174,175,176,-1,171,177,5,-1,5,177,13,-1,5,13,12,-1,178,176,164,-1,164,176,179,-1,164,179,162,-1,180,181,182,-1,182,181,183,-1,159,181,160,-1,160,181,1,-1,160,1,0,-1,180,184,181,-1,181,184,185,-1,181,185,1,-1,186,187,0,-1,0,187,188,-1,0,188,160,-1,10,178,189,-1,186,0,190,-1,190,0,191,-1,190,191,192,-1,189,193,10,-1,10,193,194,-1,10,194,195,-1,195,194,196,-1,178,10,176,-1,176,10,11,-1,176,11,197,-1,197,198,176,-1,176,198,199,-1,176,199,174,-1,
        ]
    }
}
Shape{
    appearance Appearance {
        material  Material 	{
            diffuseColor 0.5019607843137255 0.5019607843137255 0.5019607843137255
            specularColor 0.25098039215686274 0.25098039215686274 0.25098039215686274
            ambientIntensity 0.502
            transparency 0.0
            shininess 0.5
        }
    }
    geometry IndexedFaceSet {
        ccw TRUE
        solid FALSE
        coord DEF co Coordinate {
            point [
                -0.6462 0.8105 0.126, -0.4955 0.9612 0.126, -0.6462 0.8105 0.0079, -0.4955 0.9612 0.0079, -0.9055 0.7874 0.126, -0.7019 0.7874 0.126, -0.9055 0.7874 0.0079, -0.7019 0.7874 0.0079, 0.9055 0.7874 0.0079, 0.7019 0.7874 0.0079, 0.9055 0.7874 0.126, 0.7019 0.7874 0.126, 0.6462 0.8105 0.0079, 0.4955 0.9612 0.0079, 0.6462 0.8105 0.126, 0.4955 0.9612 0.126, 0.4955 -0.9612 0.0079, 0.6462 -0.8105 0.0079, 0.4955 -0.9612 0.126, 0.6462 -0.8105 0.126, 0.7019 -0.7874 0.0079, 0.9055 -0.7874 0.0079, 0.7019 -0.7874 0.126, 0.9055 -0.7874 0.126, -0.9055 -0.7874 0.0079, -0.7019 -0.7874 0.0079, -0.9055 -0.7874 0.126, -0.7019 -0.7874 0.126, -0.6462 -0.8105 0.0079, -0.4955 -0.9612 0.0079, -0.6462 -0.8105 0.126, -0.4955 -0.9612 0.126, -0.9259 -0.7847 0.126, -0.9259 -0.7847 0.0079, -0.9449 -0.7769 0.126, -0.9449 -0.7769 0.0079, -0.9612 -0.7643 0.126, -0.9612 -0.7643 0.0079, -0.9737 -0.748 0.126, -0.9737 -0.748 0.0079, -0.9816 -0.729 0.126, -0.9816 -0.729 0.0079, -0.9843 -0.7087 0.126, -0.9843 -0.7087 0.0079, -0.6815 -0.7901 0.126, -0.6815 -0.7901 0.0079, -0.6625 -0.798 0.126, -0.6625 -0.798 0.0079, -0.4398 -0.9843 0.0079, -0.4398 -0.9843 0.126, -0.4602 -0.9816 0.126, -0.4602 -0.9816 0.0079, -0.4792 -0.9737 0.126, -0.4792 -0.9737 0.0079, 0.4792 -0.9737 0.126, 0.4792 -0.9737 0.0079, 0.4602 -0.9816 0.126, 0.4602 -0.9816 0.0079, 0.4398 -0.9843 0.126, 0.4398 -0.9843 0.0079, 0.6625 -0.798 0.126, 0.6625 -0.798 0.0079, 0.6815 -0.7901 0.126, 0.6815 -0.7901 0.0079, 0.9843 -0.7087 0.0079, 0.9843 -0.7087 0.126, 0.9816 -0.729 0.126, 0.9816 -0.729 0.0079, 0.9737 -0.748 0.126, 0.9737 -0.748 0.0079, 0.9612 -0.7643 0.126, 0.9612 -0.7643 0.0079, 0.9449 -0.7769 0.126, 0.9449 -0.7769 0.0079, 0.9259 -0.7847 0.126, 0.9259 -0.7847 0.0079, 0.9259 0.7847 0.126, 0.9259 0.7847 0.0079, 0.9449 0.7769 0.126, 0.9449 0.7769 0.0079, 0.9612 0.7643 0.126, 0.9612 0.7643 0.0079, 0.9737 0.748 0.126, 0.9737 0.748 0.0079, 0.9816 0.729 0.126, 0.9816 0.729 0.0079, 0.9843 0.7087 0.126, 0.9843 0.7087 0.0079, -0.9843 0.7087 0.0079, -0.9843 0.7087 0.126, -0.9816 0.729 0.126, -0.9816 0.729 0.0079, -0.9737 0.748 0.126, -0.9737 0.748 0.0079, -0.9612 0.7643 0.126, -0.9612 0.7643 0.0079, -0.9449 0.7769 0.126, -0.9449 0.7769 0.0079, -0.9259 0.7847 0.126, -0.9259 0.7847 0.0079, -0.6625 0.798 0.126, -0.6625 0.798 0.0079, -0.6815 0.7901 0.126, -0.6815 0.7901 0.0079, 0.6815 0.7901 0.126, 0.6815 0.7901 0.0079, 0.6625 0.798 0.126, 0.6625 0.798 0.0079, 0.4398 0.9843 0.0079, 0.4398 0.9843 0.126, 0.4602 0.9816 0.126, 0.4602 0.9816 0.0079, 0.4792 0.9737 0.126, 0.4792 0.9737 0.0079, -0.4792 0.9737 0.126, -0.4792 0.9737 0.0079, -0.4602 0.9816 0.126, -0.4602 0.9816 0.0079, -0.4398 0.9843 0.126, -0.4398 0.9843 0.0079
            ]
        }
        coordIndex [
            0,1,2,-1,2,1,3,-1,4,5,6,-1,6,5,7,-1,8,9,10,-1,10,9,11,-1,12,13,14,-1,14,13,15,-1,16,17,18,-1,18,17,19,-1,20,21,22,-1,22,21,23,-1,24,25,26,-1,26,25,27,-1,28,29,30,-1,30,29,31,-1,24,26,32,-1,24,32,33,-1,33,32,34,-1,33,34,35,-1,35,34,36,-1,35,36,37,-1,37,36,38,-1,37,38,39,-1,39,38,40,-1,39,40,41,-1,41,40,42,-1,41,42,43,-1,27,25,44,-1,44,25,45,-1,44,45,46,-1,46,45,47,-1,46,47,30,-1,30,47,28,-1,48,49,50,-1,48,50,51,-1,51,50,52,-1,51,52,53,-1,53,52,31,-1,53,31,29,-1,16,18,54,-1,16,54,55,-1,55,54,56,-1,55,56,57,-1,57,56,58,-1,57,58,59,-1,19,17,60,-1,60,17,61,-1,60,61,62,-1,62,61,63,-1,62,63,22,-1,22,63,20,-1,64,65,66,-1,64,66,67,-1,67,66,68,-1,67,68,69,-1,69,68,70,-1,69,70,71,-1,71,70,72,-1,71,72,73,-1,73,72,74,-1,73,74,75,-1,75,74,23,-1,75,23,21,-1,8,10,76,-1,8,76,77,-1,77,76,78,-1,77,78,79,-1,79,78,80,-1,79,80,81,-1,81,80,82,-1,81,82,83,-1,83,82,84,-1,83,84,85,-1,85,84,86,-1,85,86,87,-1,88,89,90,-1,88,90,91,-1,91,90,92,-1,91,92,93,-1,93,92,94,-1,93,94,95,-1,95,94,96,-1,95,96,97,-1,97,96,98,-1,97,98,99,-1,99,98,4,-1,99,4,6,-1,0,2,100,-1,100,2,101,-1,100,101,102,-1,102,101,103,-1,102,103,5,-1,5,103,7,-1,11,9,104,-1,104,9,105,-1,104,105,106,-1,106,105,107,-1,106,107,14,-1,14,107,12,-1,108,109,110,-1,108,110,111,-1,111,110,112,-1,111,112,113,-1,113,112,15,-1,113,15,13,-1,3,1,114,-1,3,114,115,-1,115,114,116,-1,115,116,117,-1,117,116,118,-1,117,118,119,-1,
        ]
    }
}
Shape{
    appearance Appearance {
        material  Material 	{
            diffuseColor 0.0 0.0 0.0
            specularColor 0.0 0.0 0.0
            ambientIntensity 0.0
            transparency 0.0
            shininess 0.5
        }
    }
    geometry IndexedFaceSet {
        ccw TRUE
        solid FALSE
        coord DEF co Coordinate {
            point [
                -0.7019 0.6693 0.6378, -0.7019 0.6693 0.2047, -0.7874 0.6693 0.6378, -0.7874 0.6693 0.2047, -0.8661 0.5906 0.2047, -0.8661 -0.5906 0.2047, -0.8661 0.5906 0.6378, -0.8661 -0.5906 0.6378, -0.7874 -0.6693 0.6378, -0.7874 -0.6693 0.2047, -0.7019 -0.6693 0.6378, -0.7019 -0.6693 0.2047, -0.6711 -0.6717 0.6378, -0.6711 -0.6717 0.2047, -0.6511 -0.6765 0.6378, -0.6511 -0.6765 0.2047, -0.6411 -0.6789 0.6378, -0.6411 -0.6789 0.2047, -0.6125 -0.6907 0.6378, -0.6125 -0.6907 0.2047, -0.6038 -0.6961 0.6378, -0.6038 -0.6961 0.2047, -0.5862 -0.7069 0.6378, -0.5862 -0.7069 0.2047, -0.5627 -0.7269 0.6378, -0.5627 -0.7269 0.2047, -0.4466 -0.8431 0.6378, -0.4466 -0.8431 0.2047, 0.4466 -0.8431 0.6378, 0.4466 -0.8431 0.2047, 0.5627 -0.7269 0.6378, 0.5627 -0.7269 0.2047, 0.5862 -0.7069 0.6378, 0.5862 -0.7069 0.2047, 0.6038 -0.6961 0.6378, 0.6038 -0.6961 0.2047, 0.6125 -0.6907 0.6378, 0.6125 -0.6907 0.2047, 0.6411 -0.6789 0.6378, 0.6411 -0.6789 0.2047, 0.6511 -0.6765 0.6378, 0.6511 -0.6765 0.2047, 0.6711 -0.6717 0.6378, 0.6711 -0.6717 0.2047, 0.7019 -0.6693 0.6378, 0.7019 -0.6693 0.2047, 0.7874 -0.6693 0.6378, 0.7874 -0.6693 0.2047, 0.8661 -0.5906 0.2047, 0.8661 0.5906 0.2047, 0.8661 -0.5906 0.6378, 0.8661 0.5906 0.6378, 0.7874 0.6693 0.6378, 0.7874 0.6693 0.2047, 0.7019 0.6693 0.6378, 0.7019 0.6693 0.2047, 0.6711 0.6717 0.6378, 0.6711 0.6717 0.2047, 0.6511 0.6765 0.6378, 0.6511 0.6765 0.2047, 0.6411 0.6789 0.6378, 0.6411 0.6789 0.2047, 0.6125 0.6907 0.6378, 0.6125 0.6907 0.2047, 0.6038 0.6961 0.6378, 0.6038 0.6961 0.2047, 0.5862 0.7069 0.6378, 0.5862 0.7069 0.2047, 0.5627 0.7269 0.6378, 0.5627 0.7269 0.2047, 0.4466 0.8431 0.6378, 0.4466 0.8431 0.2047, 0.3909 0.8661 0.2047, -0.3909 0.8661 0.2047, 0.3909 0.8661 0.6378, -0.3909 0.8661 0.6378, -0.4466 0.8431 0.6378, -0.4466 0.8431 0.2047, -0.5627 0.7269 0.6378, -0.5627 0.7269 0.2047, -0.5862 0.7069 0.6378, -0.5862 0.7069 0.2047, -0.6038 0.6961 0.6378, -0.6038 0.6961 0.2047, -0.6125 0.6907 0.6378, -0.6125 0.6907 0.2047, -0.6411 0.6789 0.6378, -0.6411 0.6789 0.2047, -0.6511 0.6765 0.6378, -0.6511 0.6765 0.2047, -0.6711 0.6717 0.6378, -0.6711 0.6717 0.2047
            ]
        }
        coordIndex [
            0,1,2,-1,2,1,3,-1,4,5,6,-1,6,5,7,-1,8,9,10,-1,10,9,11,-1,10,11,12,-1,12,11,13,-1,12,13,14,-1,14,13,15,-1,14,15,16,-1,16,15,17,-1,16,17,18,-1,18,17,19,-1,18,19,20,-1,20,19,21,-1,20,21,22,-1,22,21,23,-1,22,23,24,-1,24,23,25,-1,24,25,26,-1,26,25,27,-1,28,29,30,-1,30,29,31,-1,30,31,32,-1,32,31,33,-1,32,33,34,-1,34,33,35,-1,34,35,36,-1,36,35,37,-1,36,37,38,-1,38,37,39,-1,38,39,40,-1,40,39,41,-1,40,41,42,-1,42,41,43,-1,42,43,44,-1,44,43,45,-1,44,45,46,-1,46,45,47,-1,48,49,50,-1,50,49,51,-1,52,53,54,-1,54,53,55,-1,54,55,56,-1,56,55,57,-1,56,57,58,-1,58,57,59,-1,58,59,60,-1,60,59,61,-1,60,61,62,-1,62,61,63,-1,62,63,64,-1,64,63,65,-1,64,65,66,-1,66,65,67,-1,66,67,68,-1,68,67,69,-1,68,69,70,-1,70,69,71,-1,72,73,74,-1,74,73,75,-1,76,77,78,-1,78,77,79,-1,78,79,80,-1,80,79,81,-1,80,81,82,-1,82,81,83,-1,82,83,84,-1,84,83,85,-1,84,85,86,-1,86,85,87,-1,86,87,88,-1,88,87,89,-1,88,89,90,-1,90,89,91,-1,90,91,0,-1,0,91,1,-1,
        ]
    }
}
Shape{
    appearance Appearance {
        material  Material 	{
            diffuseColor 0.25098039215686274 0.25098039215686274 0.25098039215686274
            specularColor 0.12549019607843137 0.12549019607843137 0.12549019607843137
            ambientIntensity 0.251
            transparency 0.0
            shininess 0.5
        }
    }
    geometry IndexedFaceSet {
        ccw TRUE
        solid FALSE
        coord DEF co Coordinate {
            point [
                -0.6625 -0.798 0.7165, -0.6815 -0.7901 0.7165, -0.6654 -0.7538 0.7165, -0.6462 0.8105 0.7165, -0.6325 0.7706 0.7165, -0.6625 0.798 0.7165, -0.6483 0.7609 0.7165, -0.6815 0.7901 0.7165, 0.6815 0.7901 0.7165, 0.8477 0.736 0.7165, 0.8181 0.745 0.7165, 0.6462 -0.8105 0.7165, 0.6325 -0.7706 0.7165, 0.6625 -0.798 0.7165, 0.6483 -0.7609 0.7165, 0.6815 -0.7901 0.7165, -0.9737 0.748 0.7165, -0.8988 0.7019 0.7165, -0.9183 0.678 0.7165, -0.9329 0.6508 0.7165, -0.9843 0.7087 0.7165, -0.9816 0.729 0.7165, 0.4955 0.9612 0.7165, 0.4784 0.9183 0.7165, 0.4792 0.9737 0.7165, 0.4512 0.9329 0.7165, 0.4602 0.9816 0.7165, 0.4216 0.9419 0.7165, 0.4398 0.9843 0.7165, 0.3909 0.9449 0.7165, -0.4398 0.9843 0.7165, -0.3909 0.9449 0.7165, -0.4216 0.9419 0.7165, -0.4602 0.9816 0.7165, -0.4512 0.9329 0.7165, -0.4792 0.9737 0.7165, -0.4955 0.9612 0.7165, -0.4784 0.9183 0.7165, -0.5023 0.8988 0.7165, -0.6184 0.7826 0.7165, 0.9449 0.7769 0.7165, 0.8988 0.7019 0.7165, 0.8749 0.7215 0.7165, -0.9055 0.7874 0.7165, -0.7019 0.7874 0.7165, -0.7874 0.748 0.7165, -0.6654 0.7538 0.7165, -0.6834 0.7495 0.7165, -0.7019 0.748 0.7165, 0.7019 0.7874 0.7165, 0.9055 0.7874 0.7165, 0.9259 0.7847 0.7165, 0.4398 -0.9843 0.7165, 0.4216 -0.9419 0.7165, 0.4602 -0.9816 0.7165, 0.4512 -0.9329 0.7165, 0.4792 -0.9737 0.7165, 0.4784 -0.9183 0.7165, 0.4955 -0.9612 0.7165, 0.5023 -0.8988 0.7165, 0.6184 -0.7826 0.7165, -0.9419 0.6213 0.7165, -0.9449 0.5906 0.7165, -0.9843 -0.7087 0.7165, -0.9449 -0.5906 0.7165, -0.8181 0.745 0.7165, -0.8477 0.736 0.7165, -0.9259 0.7847 0.7165, -0.8749 0.7215 0.7165, -0.9449 0.7769 0.7165, -0.9612 0.7643 0.7165, 0.7874 0.748 0.7165, 0.7019 0.748 0.7165, 0.6625 0.798 0.7165, 0.6834 0.7495 0.7165, 0.6654 0.7538 0.7165, 0.9737 -0.748 0.7165, 0.8988 -0.7019 0.7165, 0.9183 -0.678 0.7165, 0.9329 -0.6508 0.7165, 0.9843 -0.7087 0.7165, 0.9816 -0.729 0.7165, -0.9419 -0.6213 0.7165, -0.9329 -0.6508 0.7165, -0.9816 -0.729 0.7165, -0.9183 -0.678 0.7165, -0.9737 -0.748 0.7165, -0.8988 -0.7019 0.7165, -0.9055 -0.7874 0.7165, -0.9259 -0.7847 0.7165, -0.8749 -0.7215 0.7165, -0.9449 -0.7769 0.7165, -0.9612 -0.7643 0.7165, -0.6834 -0.7495 0.7165, -0.7019 -0.7874 0.7165, -0.7019 -0.748 0.7165, 0.6483 0.7609 0.7165, 0.6325 0.7706 0.7165, 0.6462 0.8105 0.7165, 0.6184 0.7826 0.7165, 0.5023 0.8988 0.7165, 0.9055 -0.7874 0.7165, 0.7019 -0.7874 0.7165, 0.7874 -0.748 0.7165, 0.6654 -0.7538 0.7165, 0.6834 -0.7495 0.7165, 0.7019 -0.748 0.7165, 0.9612 0.7643 0.7165, 0.9737 0.748 0.7165, 0.9183 0.678 0.7165, 0.9816 0.729 0.7165, 0.9329 0.6508 0.7165, 0.9843 0.7087 0.7165, 0.9419 0.6213 0.7165, -0.6483 -0.7609 0.7165, -0.6325 -0.7706 0.7165, -0.6462 -0.8105 0.7165, -0.6184 -0.7826 0.7165, -0.4955 -0.9612 0.7165, -0.5023 -0.8988 0.7165, -0.4784 -0.9183 0.7165, -0.4792 -0.9737 0.7165, -0.4512 -0.9329 0.7165, -0.4602 -0.9816 0.7165, -0.4216 -0.9419 0.7165, -0.4398 -0.9843 0.7165, -0.3909 -0.9449 0.7165, 0.3909 -0.9449 0.7165, -0.8477 -0.736 0.7165, -0.8181 -0.745 0.7165, -0.7874 -0.748 0.7165, 0.8181 -0.745 0.7165, 0.8477 -0.736 0.7165, 0.9259 -0.7847 0.7165, 0.8749 -0.7215 0.7165, 0.9449 -0.7769 0.7165, 0.9612 -0.7643 0.7165, 0.9419 -0.6213 0.7165, 0.9449 -0.5906 0.7165, 0.9449 0.5906 0.7165, -0.7019 -0.7874 0.815, -0.6815 -0.7901 0.815, -0.6625 -0.798 0.815, -0.6462 -0.8105 0.815, -0.4955 -0.9612 0.815, -0.4792 -0.9737 0.815, -0.4602 -0.9816 0.815, -0.4398 -0.9843 0.815, 0.4398 -0.9843 0.815, 0.4602 -0.9816 0.815, 0.4792 -0.9737 0.815, 0.4955 -0.9612 0.815, 0.6462 -0.8105 0.815, 0.6625 -0.798 0.815, 0.6815 -0.7901 0.815, 0.7019 -0.7874 0.815, 0.9055 -0.7874 0.815, 0.9259 -0.7847 0.815, 0.9449 -0.7769 0.815, 0.9612 -0.7643 0.815, 0.9737 -0.748 0.815, 0.9816 -0.729 0.815, 0.9843 -0.7087 0.815, 0.9843 0.7087 0.815, 0.9816 0.729 0.815, 0.9737 0.748 0.815, 0.9612 0.7643 0.815, 0.9449 0.7769 0.815, 0.9259 0.7847 0.815, 0.9055 0.7874 0.815, 0.7019 0.7874 0.815, 0.6815 0.7901 0.815, 0.6625 0.798 0.815, 0.6462 0.8105 0.815, 0.4955 0.9612 0.815, 0.4792 0.9737 0.815, 0.4602 0.9816 0.815, 0.4398 0.9843 0.815, -0.4398 0.9843 0.815, -0.4602 0.9816 0.815, -0.4792 0.9737 0.815, -0.4955 0.9612 0.815, -0.6462 0.8105 0.815, -0.6625 0.798 0.815, -0.6815 0.7901 0.815, -0.7019 0.7874 0.815, -0.9055 0.7874 0.815, -0.9259 0.7847 0.815, -0.9449 0.7769 0.815, -0.9612 0.7643 0.815, -0.9737 0.748 0.815, -0.9816 0.729 0.815, -0.9843 0.7087 0.815, -0.9843 -0.7087 0.815, -0.9816 -0.729 0.815, -0.9737 -0.748 0.815, -0.9612 -0.7643 0.815, -0.9449 -0.7769 0.815, -0.9259 -0.7847 0.815, -0.9055 -0.7874 0.815, 0.6323 -0.7965 0.8346, 0.6527 -0.7809 0.8346, 0.6764 0.7711 0.8346, 0.6764 -0.7711 0.8346, 0.7019 -0.7677 0.8346, 0.7019 0.7677 0.8346, -0.6323 0.7965 0.8346, -0.6527 0.7809 0.8346, -0.6764 -0.7711 0.8346, 0.6527 0.7809 0.8346, -0.4398 -0.9646 0.8346, 0.4398 -0.9646 0.8346, 0.4551 -0.9626 0.8346, -0.6764 0.7711 0.8346, -0.7019 0.7677 0.8346, -0.7019 -0.7677 0.8346, -0.6323 -0.7965 0.8346, -0.4816 -0.9473 0.8346, 0.4694 -0.9567 0.8346, 0.4816 -0.9473 0.8346, -0.6527 -0.7809 0.8346, 0.4398 0.9646 0.8346, -0.4398 0.9646 0.8346, -0.4551 0.9626 0.8346, -0.9055 -0.7677 0.8346, -0.9646 -0.7087 0.8346, 0.6323 0.7965 0.8346, 0.4816 0.9473 0.8346, 0.9055 0.7677 0.8346, 0.9055 -0.7677 0.8346, 0.9646 -0.7087 0.8346, -0.4694 0.9567 0.8346, -0.4816 0.9473 0.8346, -0.4694 -0.9567 0.8346, -0.4551 -0.9626 0.8346, 0.9646 0.7087 0.8346, 0.9626 0.7239 0.8346, 0.9567 0.7382 0.8346, 0.9473 0.7504 0.8346, 0.935 0.7598 0.8346, 0.9208 0.7657 0.8346, 0.4694 0.9567 0.8346, 0.4551 0.9626 0.8346, -0.9646 0.7087 0.8346, 0.935 -0.7598 0.8346, 0.9473 -0.7504 0.8346, 0.9208 -0.7657 0.8346, 0.9567 -0.7382 0.8346, 0.9626 -0.7239 0.8346, -0.9055 0.7677 0.8346, -0.9208 0.7657 0.8346, -0.935 0.7598 0.8346, -0.9473 0.7504 0.8346, -0.9626 0.7239 0.8346, -0.9567 0.7382 0.8346, -0.9567 -0.7382 0.8346, -0.9473 -0.7504 0.8346, -0.935 -0.7598 0.8346, -0.9626 -0.7239 0.8346, -0.9208 -0.7657 0.8346, 0.9055 0.7728 0.834, 0.7019 0.7728 0.834, 0.9055 0.7776 0.832, 0.7019 0.7776 0.832, 0.9055 0.7816 0.8289, 0.7019 0.7816 0.8289, 0.9055 0.7848 0.8248, 0.7019 0.7848 0.8248, 0.9055 0.7867 0.8201, 0.7019 0.7867 0.8201, 0.6814 0.7894 0.8201, 0.6808 0.7875 0.8248, 0.68 0.7845 0.8289, 0.679 0.7806 0.832, 0.6778 0.776 0.834, 0.6622 0.7974 0.8201, 0.6612 0.7957 0.8248, 0.6597 0.793 0.8289, 0.6576 0.7894 0.832, 0.6552 0.7853 0.834, 0.6458 0.81 0.8201, 0.6444 0.8086 0.8248, 0.6422 0.8064 0.8289, 0.6393 0.8035 0.832, 0.6359 0.8001 0.834, 0.9221 0.7706 0.834, 0.9233 0.7752 0.832, 0.9244 0.7791 0.8289, 0.9252 0.7822 0.8248, 0.9257 0.7841 0.8201, 0.9376 0.7642 0.834, 0.94 0.7683 0.832, 0.942 0.7719 0.8289, 0.9436 0.7746 0.8248, 0.9445 0.7763 0.8201, 0.9509 0.754 0.834, 0.9542 0.7574 0.832, 0.9571 0.7603 0.8289, 0.9593 0.7625 0.8248, 0.9607 0.7639 0.8201, 0.9611 0.7407 0.834, 0.9652 0.7431 0.832, 0.9687 0.7451 0.8289, 0.9714 0.7467 0.8248, 0.9731 0.7477 0.8201, 0.9675 0.7253 0.834, 0.9721 0.7265 0.832, 0.976 0.7275 0.8289, 0.979 0.7284 0.8248, 0.9809 0.7289 0.8201, 0.9697 0.7087 0.834, 0.9744 0.7087 0.832, 0.9785 0.7087 0.8289, 0.9816 0.7087 0.8248, 0.9836 0.7087 0.8201, 0.4852 0.9509 0.834, 0.4885 0.9542 0.832, 0.4914 0.9571 0.8289, 0.4936 0.9593 0.8248, 0.495 0.9607 0.8201, 0.9697 -0.7087 0.834, 0.9744 -0.7087 0.832, 0.9785 -0.7087 0.8289, 0.9816 -0.7087 0.8248, 0.9836 -0.7087 0.8201, 0.4398 0.9697 0.834, 0.4564 0.9675 0.834, 0.4398 0.9744 0.832, 0.4577 0.9721 0.832, 0.4398 0.9785 0.8289, 0.4587 0.976 0.8289, 0.4398 0.9816 0.8248, 0.4595 0.979 0.8248, 0.4398 0.9836 0.8201, 0.46 0.9809 0.8201, 0.4719 0.9611 0.834, 0.4743 0.9652 0.832, 0.4763 0.9687 0.8289, 0.4779 0.9714 0.8248, 0.4789 0.9731 0.8201, 0.9675 -0.7253 0.834, 0.9721 -0.7265 0.832, 0.976 -0.7275 0.8289, 0.979 -0.7284 0.8248, 0.9809 -0.7289 0.8201, 0.9611 -0.7407 0.834, 0.9652 -0.7431 0.832, 0.9687 -0.7451 0.8289, 0.9714 -0.7467 0.8248, 0.9731 -0.7477 0.8201, 0.9509 -0.754 0.834, 0.9542 -0.7574 0.832, 0.9571 -0.7603 0.8289, 0.9593 -0.7625 0.8248, 0.9607 -0.7639 0.8201, 0.9376 -0.7642 0.834, 0.94 -0.7683 0.832, 0.942 -0.7719 0.8289, 0.9436 -0.7746 0.8248, 0.9445 -0.7763 0.8201, 0.9221 -0.7706 0.834, 0.9233 -0.7752 0.832, 0.9244 -0.7791 0.8289, 0.9252 -0.7822 0.8248, 0.9257 -0.7841 0.8201, 0.9055 -0.7728 0.834, 0.9055 -0.7776 0.832, 0.9055 -0.7816 0.8289, 0.9055 -0.7848 0.8248, 0.9055 -0.7867 0.8201, -0.4398 0.9697 0.834, -0.4398 0.9744 0.832, -0.4398 0.9785 0.8289, -0.4398 0.9816 0.8248, -0.4398 0.9836 0.8201, 0.7019 -0.7728 0.834, 0.7019 -0.7776 0.832, 0.7019 -0.7816 0.8289, 0.7019 -0.7848 0.8248, 0.7019 -0.7867 0.8201, -0.4852 0.9509 0.834, -0.4719 0.9611 0.834, -0.4885 0.9542 0.832, -0.4743 0.9652 0.832, -0.4914 0.9571 0.8289, -0.4763 0.9687 0.8289, -0.4936 0.9593 0.8248, -0.4779 0.9714 0.8248, -0.495 0.9607 0.8201, -0.4789 0.9731 0.8201, -0.4564 0.9675 0.834, -0.4577 0.9721 0.832, -0.4587 0.976 0.8289, -0.4595 0.979 0.8248, -0.46 0.9809 0.8201, 0.6458 -0.81 0.8201, 0.6622 -0.7974 0.8201, 0.6444 -0.8086 0.8248, 0.6612 -0.7957 0.8248, 0.6422 -0.8064 0.8289, 0.6597 -0.793 0.8289, 0.6393 -0.8035 0.832, 0.6576 -0.7894 0.832, 0.6359 -0.8001 0.834, 0.6552 -0.7853 0.834, 0.6814 -0.7894 0.8201, 0.6808 -0.7875 0.8248, 0.68 -0.7845 0.8289, 0.679 -0.7806 0.832, 0.6778 -0.776 0.834, -0.6359 0.8001 0.834, -0.6393 0.8035 0.832, -0.6422 0.8064 0.8289, -0.6444 0.8086 0.8248, -0.6458 0.81 0.8201, 0.4852 -0.9509 0.834, 0.4885 -0.9542 0.832, 0.4914 -0.9571 0.8289, 0.4936 -0.9593 0.8248, 0.495 -0.9607 0.8201, -0.6622 0.7974 0.8201, -0.6612 0.7957 0.8248, -0.6597 0.793 0.8289, -0.6576 0.7894 0.832, -0.6552 0.7853 0.834, -0.6814 0.7894 0.8201, -0.6808 0.7875 0.8248, -0.68 0.7845 0.8289, -0.679 0.7806 0.832, -0.6778 0.776 0.834, -0.7019 0.7867 0.8201, -0.7019 0.7848 0.8248, -0.7019 0.7816 0.8289, -0.7019 0.7776 0.832, -0.7019 0.7728 0.834, 0.4719 -0.9611 0.834, 0.4743 -0.9652 0.832, 0.4763 -0.9687 0.8289, 0.4779 -0.9714 0.8248, 0.4789 -0.9731 0.8201, 0.4564 -0.9675 0.834, 0.4577 -0.9721 0.832, 0.4587 -0.976 0.8289, 0.4595 -0.979 0.8248, 0.46 -0.9809 0.8201, 0.4398 -0.9697 0.834, 0.4398 -0.9744 0.832, 0.4398 -0.9785 0.8289, 0.4398 -0.9816 0.8248, 0.4398 -0.9836 0.8201, -0.9055 0.7728 0.834, -0.9055 0.7776 0.832, -0.9055 0.7816 0.8289, -0.9055 0.7848 0.8248, -0.9055 0.7867 0.8201, -0.4398 -0.9697 0.834, -0.4398 -0.9744 0.832, -0.4398 -0.9785 0.8289, -0.4398 -0.9816 0.8248, -0.4398 -0.9836 0.8201, -0.9697 0.7087 0.834, -0.9675 0.7253 0.834, -0.9744 0.7087 0.832, -0.9721 0.7265 0.832, -0.9785 0.7087 0.8289, -0.976 0.7275 0.8289, -0.9816 0.7087 0.8248, -0.979 0.7284 0.8248, -0.9836 0.7087 0.8201, -0.9809 0.7289 0.8201, -0.9611 0.7407 0.834, -0.9652 0.7431 0.832, -0.9687 0.7451 0.8289, -0.9714 0.7467 0.8248, -0.9731 0.7477 0.8201, -0.9509 0.754 0.834, -0.9542 0.7574 0.832, -0.9571 0.7603 0.8289, -0.9593 0.7625 0.8248, -0.9607 0.7639 0.8201, -0.9376 0.7642 0.834, -0.94 0.7683 0.832, -0.942 0.7719 0.8289, -0.9436 0.7746 0.8248, -0.9445 0.7763 0.8201, -0.9221 0.7706 0.834, -0.9233 0.7752 0.832, -0.9244 0.7791 0.8289, -0.9252 0.7822 0.8248, -0.9257 0.7841 0.8201, -0.4564 -0.9675 0.834, -0.4577 -0.9721 0.832, -0.4587 -0.976 0.8289, -0.4595 -0.979 0.8248, -0.46 -0.9809 0.8201, -0.4719 -0.9611 0.834, -0.4743 -0.9652 0.832, -0.4763 -0.9687 0.8289, -0.4779 -0.9714 0.8248, -0.4789 -0.9731 0.8201, -0.4852 -0.9509 0.834, -0.4885 -0.9542 0.832, -0.4914 -0.9571 0.8289, -0.4936 -0.9593 0.8248, -0.495 -0.9607 0.8201, -0.9697 -0.7087 0.834, -0.9744 -0.7087 0.832, -0.9785 -0.7087 0.8289, -0.9816 -0.7087 0.8248, -0.9836 -0.7087 0.8201, -0.6359 -0.8001 0.834, -0.6393 -0.8035 0.832, -0.6422 -0.8064 0.8289, -0.6444 -0.8086 0.8248, -0.6458 -0.81 0.8201, -0.9055 -0.7728 0.834, -0.9221 -0.7706 0.834, -0.9055 -0.7776 0.832, -0.9233 -0.7752 0.832, -0.9055 -0.7816 0.8289, -0.9244 -0.7791 0.8289, -0.9055 -0.7848 0.8248, -0.9252 -0.7822 0.8248, -0.9055 -0.7867 0.8201, -0.9257 -0.7841 0.8201, -0.9376 -0.7642 0.834, -0.94 -0.7683 0.832, -0.942 -0.7719 0.8289, -0.9436 -0.7746 0.8248, -0.9445 -0.7763 0.8201, -0.9509 -0.754 0.834, -0.9542 -0.7574 0.832, -0.9571 -0.7603 0.8289, -0.9593 -0.7625 0.8248, -0.9607 -0.7639 0.8201, -0.9611 -0.7407 0.834, -0.9652 -0.7431 0.832, -0.9687 -0.7451 0.8289, -0.9714 -0.7467 0.8248, -0.9731 -0.7477 0.8201, -0.9675 -0.7253 0.834, -0.9721 -0.7265 0.832, -0.976 -0.7275 0.8289, -0.979 -0.7284 0.8248, -0.9809 -0.7289 0.8201, -0.7019 -0.7867 0.8201, -0.6814 -0.7894 0.8201, -0.7019 -0.7848 0.8248, -0.6808 -0.7875 0.8248, -0.7019 -0.7816 0.8289, -0.68 -0.7845 0.8289, -0.7019 -0.7776 0.832, -0.679 -0.7806 0.832, -0.7019 -0.7728 0.834, -0.6778 -0.776 0.834, -0.6622 -0.7974 0.8201, -0.6612 -0.7957 0.8248, -0.6597 -0.793 0.8289, -0.6576 -0.7894 0.832, -0.6552 -0.7853 0.834
            ]
        }
        coordIndex [
            0,1,2,-1,3,4,5,-1,5,4,6,-1,5,6,7,-1,8,9,10,-1,11,12,13,-1,13,12,14,-1,13,14,15,-1,16,17,18,-1,19,20,18,-1,18,20,21,-1,18,21,16,-1,22,23,24,-1,24,23,25,-1,24,25,26,-1,26,25,27,-1,26,27,28,-1,28,27,29,-1,28,29,30,-1,29,31,30,-1,30,31,32,-1,30,32,33,-1,33,32,34,-1,33,34,35,-1,35,34,36,-1,34,37,36,-1,36,37,38,-1,36,38,3,-1,3,38,39,-1,3,39,4,-1,40,41,42,-1,43,44,45,-1,6,46,7,-1,7,46,47,-1,7,47,44,-1,44,47,48,-1,44,48,45,-1,8,49,9,-1,9,49,50,-1,9,50,42,-1,42,50,51,-1,42,51,40,-1,52,53,54,-1,54,53,55,-1,54,55,56,-1,56,55,57,-1,56,57,58,-1,58,57,59,-1,58,59,11,-1,11,59,60,-1,11,60,12,-1,19,61,20,-1,20,61,62,-1,20,62,63,-1,63,62,64,-1,45,65,43,-1,43,65,66,-1,43,66,67,-1,67,66,68,-1,67,68,69,-1,69,68,17,-1,69,17,70,-1,70,17,16,-1,10,71,8,-1,8,71,72,-1,8,72,73,-1,73,72,74,-1,73,74,75,-1,76,77,78,-1,79,80,78,-1,78,80,81,-1,78,81,76,-1,64,82,63,-1,63,82,83,-1,63,83,84,-1,84,83,85,-1,84,85,86,-1,86,85,87,-1,88,89,90,-1,90,89,91,-1,90,91,87,-1,87,91,92,-1,87,92,86,-1,2,1,93,-1,93,1,94,-1,93,94,95,-1,75,96,73,-1,73,96,97,-1,73,97,98,-1,98,97,99,-1,98,99,22,-1,22,99,100,-1,22,100,23,-1,101,102,103,-1,14,104,15,-1,15,104,105,-1,15,105,102,-1,102,105,106,-1,102,106,103,-1,40,107,41,-1,41,107,108,-1,41,108,109,-1,109,108,110,-1,109,110,111,-1,111,110,112,-1,111,112,113,-1,2,114,0,-1,0,114,115,-1,0,115,116,-1,116,115,117,-1,116,117,118,-1,117,119,118,-1,118,119,120,-1,118,120,121,-1,121,120,122,-1,121,122,123,-1,123,122,124,-1,123,124,125,-1,125,124,126,-1,125,126,52,-1,52,126,127,-1,52,127,53,-1,90,128,88,-1,88,128,129,-1,88,129,94,-1,94,129,130,-1,94,130,95,-1,103,131,101,-1,101,131,132,-1,101,132,133,-1,133,132,134,-1,133,134,135,-1,135,134,77,-1,135,77,136,-1,136,77,76,-1,79,137,80,-1,80,137,138,-1,80,138,112,-1,112,138,139,-1,112,139,113,-1,140,94,141,-1,141,94,1,-1,141,1,142,-1,142,1,0,-1,142,0,143,-1,143,0,116,-1,143,116,144,-1,144,116,118,-1,144,118,121,-1,144,121,145,-1,145,121,123,-1,145,123,146,-1,146,123,125,-1,146,125,147,-1,147,125,148,-1,148,125,52,-1,148,52,54,-1,148,54,149,-1,149,54,56,-1,149,56,150,-1,150,56,58,-1,150,58,151,-1,151,58,152,-1,152,58,11,-1,152,11,153,-1,153,11,13,-1,153,13,154,-1,154,13,15,-1,154,15,155,-1,155,15,102,-1,155,102,156,-1,156,102,101,-1,156,101,133,-1,156,133,157,-1,157,133,135,-1,157,135,158,-1,158,135,136,-1,158,136,159,-1,159,136,76,-1,159,76,160,-1,160,76,81,-1,160,81,161,-1,161,81,80,-1,161,80,162,-1,162,80,163,-1,163,80,112,-1,163,112,110,-1,163,110,164,-1,164,110,108,-1,164,108,165,-1,165,108,107,-1,165,107,166,-1,166,107,40,-1,166,40,167,-1,167,40,51,-1,167,51,168,-1,168,51,50,-1,168,50,169,-1,169,50,170,-1,170,50,49,-1,170,49,171,-1,171,49,8,-1,171,8,172,-1,172,8,73,-1,172,73,173,-1,173,73,98,-1,173,98,174,-1,174,98,22,-1,174,22,24,-1,174,24,175,-1,175,24,26,-1,175,26,176,-1,176,26,28,-1,176,28,177,-1,177,28,178,-1,178,28,30,-1,178,30,33,-1,178,33,179,-1,179,33,35,-1,179,35,180,-1,180,35,36,-1,180,36,181,-1,181,36,182,-1,182,36,3,-1,182,3,183,-1,183,3,5,-1,183,5,184,-1,184,5,7,-1,184,7,185,-1,185,7,44,-1,185,44,186,-1,186,44,43,-1,186,43,67,-1,186,67,187,-1,187,67,69,-1,187,69,188,-1,188,69,70,-1,188,70,189,-1,189,70,16,-1,189,16,190,-1,190,16,21,-1,190,21,191,-1,191,21,20,-1,191,20,192,-1,192,20,193,-1,193,20,63,-1,193,63,84,-1,193,84,194,-1,194,84,86,-1,194,86,195,-1,195,86,92,-1,195,92,196,-1,196,92,91,-1,196,91,197,-1,197,91,89,-1,197,89,198,-1,198,89,88,-1,198,88,199,-1,199,88,140,-1,140,88,94,-1,200,201,202,-1,201,203,202,-1,202,203,204,-1,202,204,205,-1,206,207,208,-1,209,210,202,-1,202,210,211,-1,202,211,212,-1,207,213,208,-1,208,213,214,-1,208,214,215,-1,209,216,217,-1,212,218,202,-1,202,218,219,-1,202,219,200,-1,220,221,208,-1,208,221,222,-1,208,222,223,-1,224,215,225,-1,216,209,220,-1,220,209,226,-1,220,226,227,-1,205,204,228,-1,228,204,229,-1,228,229,230,-1,223,231,208,-1,208,231,232,-1,208,232,206,-1,217,233,209,-1,209,233,234,-1,209,234,210,-1,230,235,228,-1,228,235,236,-1,228,236,237,-1,237,238,228,-1,228,238,239,-1,228,239,240,-1,227,241,220,-1,220,241,242,-1,220,242,221,-1,225,215,243,-1,244,245,246,-1,246,245,247,-1,246,247,229,-1,229,247,248,-1,229,248,230,-1,215,214,243,-1,243,214,249,-1,243,249,250,-1,250,251,243,-1,243,251,252,-1,243,252,253,-1,253,252,254,-1,255,256,257,-1,225,258,224,-1,224,258,255,-1,224,255,259,-1,259,255,257,-1,205,228,260,-1,205,260,261,-1,261,260,262,-1,261,262,263,-1,263,262,264,-1,263,264,265,-1,265,264,266,-1,265,266,267,-1,267,266,268,-1,267,268,269,-1,269,268,169,-1,269,169,170,-1,170,171,269,-1,269,171,270,-1,269,270,267,-1,267,270,271,-1,267,271,265,-1,265,271,272,-1,265,272,263,-1,263,272,273,-1,263,273,261,-1,261,273,274,-1,261,274,205,-1,205,274,202,-1,171,172,270,-1,270,172,275,-1,270,275,271,-1,271,275,276,-1,271,276,272,-1,272,276,277,-1,272,277,273,-1,273,277,278,-1,273,278,274,-1,274,278,279,-1,274,279,202,-1,202,279,209,-1,172,173,275,-1,275,173,280,-1,275,280,276,-1,276,280,281,-1,276,281,277,-1,277,281,282,-1,277,282,278,-1,278,282,283,-1,278,283,279,-1,279,283,284,-1,279,284,209,-1,209,284,226,-1,228,240,260,-1,260,240,285,-1,260,285,262,-1,262,285,286,-1,262,286,264,-1,264,286,287,-1,264,287,266,-1,266,287,288,-1,266,288,268,-1,268,288,289,-1,268,289,169,-1,169,289,168,-1,240,239,285,-1,285,239,290,-1,285,290,286,-1,286,290,291,-1,286,291,287,-1,287,291,292,-1,287,292,288,-1,288,292,293,-1,288,293,289,-1,289,293,294,-1,289,294,168,-1,168,294,167,-1,239,238,290,-1,290,238,295,-1,290,295,291,-1,291,295,296,-1,291,296,292,-1,292,296,297,-1,292,297,293,-1,293,297,298,-1,293,298,294,-1,294,298,299,-1,294,299,167,-1,167,299,166,-1,238,237,295,-1,295,237,300,-1,295,300,296,-1,296,300,301,-1,296,301,297,-1,297,301,302,-1,297,302,298,-1,298,302,303,-1,298,303,299,-1,299,303,304,-1,299,304,166,-1,166,304,165,-1,237,236,300,-1,300,236,305,-1,300,305,301,-1,301,305,306,-1,301,306,302,-1,302,306,307,-1,302,307,303,-1,303,307,308,-1,303,308,304,-1,304,308,309,-1,304,309,165,-1,165,309,164,-1,236,235,305,-1,305,235,310,-1,305,310,306,-1,306,310,311,-1,306,311,307,-1,307,311,312,-1,307,312,308,-1,308,312,313,-1,308,313,309,-1,309,313,314,-1,309,314,164,-1,164,314,163,-1,227,226,284,-1,227,284,315,-1,315,284,283,-1,315,283,316,-1,316,283,282,-1,316,282,317,-1,317,282,281,-1,317,281,318,-1,318,281,280,-1,318,280,319,-1,319,280,173,-1,319,173,174,-1,235,230,320,-1,235,320,310,-1,310,320,321,-1,310,321,311,-1,311,321,322,-1,311,322,312,-1,312,322,323,-1,312,323,313,-1,313,323,324,-1,313,324,314,-1,314,324,162,-1,314,162,163,-1,221,242,325,-1,325,242,326,-1,325,326,327,-1,327,326,328,-1,327,328,329,-1,329,328,330,-1,329,330,331,-1,331,330,332,-1,331,332,333,-1,333,332,334,-1,333,334,177,-1,177,334,176,-1,242,241,326,-1,326,241,335,-1,326,335,328,-1,328,335,336,-1,328,336,330,-1,330,336,337,-1,330,337,332,-1,332,337,338,-1,332,338,334,-1,334,338,339,-1,334,339,176,-1,176,339,175,-1,241,227,335,-1,335,227,315,-1,335,315,336,-1,336,315,316,-1,336,316,337,-1,337,316,317,-1,337,317,338,-1,338,317,318,-1,338,318,339,-1,339,318,319,-1,339,319,175,-1,175,319,174,-1,230,248,320,-1,320,248,340,-1,320,340,321,-1,321,340,341,-1,321,341,322,-1,322,341,342,-1,322,342,323,-1,323,342,343,-1,323,343,324,-1,324,343,344,-1,324,344,162,-1,162,344,161,-1,248,247,340,-1,340,247,345,-1,340,345,341,-1,341,345,346,-1,341,346,342,-1,342,346,347,-1,342,347,343,-1,343,347,348,-1,343,348,344,-1,344,348,349,-1,344,349,161,-1,161,349,160,-1,247,245,345,-1,345,245,350,-1,345,350,346,-1,346,350,351,-1,346,351,347,-1,347,351,352,-1,347,352,348,-1,348,352,353,-1,348,353,349,-1,349,353,354,-1,349,354,160,-1,160,354,159,-1,245,244,350,-1,350,244,355,-1,350,355,351,-1,351,355,356,-1,351,356,352,-1,352,356,357,-1,352,357,353,-1,353,357,358,-1,353,358,354,-1,354,358,359,-1,354,359,159,-1,159,359,158,-1,244,246,355,-1,355,246,360,-1,355,360,356,-1,356,360,361,-1,356,361,357,-1,357,361,362,-1,357,362,358,-1,358,362,363,-1,358,363,359,-1,359,363,364,-1,359,364,158,-1,158,364,157,-1,246,229,360,-1,360,229,365,-1,360,365,361,-1,361,365,366,-1,361,366,362,-1,362,366,367,-1,362,367,363,-1,363,367,368,-1,363,368,364,-1,364,368,369,-1,364,369,157,-1,157,369,156,-1,222,221,325,-1,222,325,370,-1,370,325,327,-1,370,327,371,-1,371,327,329,-1,371,329,372,-1,372,329,331,-1,372,331,373,-1,373,331,333,-1,373,333,374,-1,374,333,177,-1,374,177,178,-1,229,204,375,-1,229,375,365,-1,365,375,376,-1,365,376,366,-1,366,376,377,-1,366,377,367,-1,367,377,378,-1,367,378,368,-1,368,378,379,-1,368,379,369,-1,369,379,155,-1,369,155,156,-1,232,231,380,-1,380,231,381,-1,380,381,382,-1,382,381,383,-1,382,383,384,-1,384,383,385,-1,384,385,386,-1,386,385,387,-1,386,387,388,-1,388,387,389,-1,388,389,181,-1,181,389,180,-1,231,223,381,-1,381,223,390,-1,381,390,383,-1,383,390,391,-1,383,391,385,-1,385,391,392,-1,385,392,387,-1,387,392,393,-1,387,393,389,-1,389,393,394,-1,389,394,180,-1,180,394,179,-1,223,222,390,-1,390,222,370,-1,390,370,391,-1,391,370,371,-1,391,371,392,-1,392,371,372,-1,392,372,393,-1,393,372,373,-1,393,373,394,-1,394,373,374,-1,394,374,179,-1,179,374,178,-1,152,153,395,-1,395,153,396,-1,395,396,397,-1,397,396,398,-1,397,398,399,-1,399,398,400,-1,399,400,401,-1,401,400,402,-1,401,402,403,-1,403,402,404,-1,403,404,200,-1,200,404,201,-1,153,154,396,-1,396,154,405,-1,396,405,398,-1,398,405,406,-1,398,406,400,-1,400,406,407,-1,400,407,402,-1,402,407,408,-1,402,408,404,-1,404,408,409,-1,404,409,201,-1,201,409,203,-1,154,155,405,-1,405,155,379,-1,405,379,406,-1,406,379,378,-1,406,378,407,-1,407,378,377,-1,407,377,408,-1,408,377,376,-1,408,376,409,-1,409,376,375,-1,409,375,203,-1,203,375,204,-1,206,232,380,-1,206,380,410,-1,410,380,382,-1,410,382,411,-1,411,382,384,-1,411,384,412,-1,412,384,386,-1,412,386,413,-1,413,386,388,-1,413,388,414,-1,414,388,181,-1,414,181,182,-1,200,219,415,-1,200,415,403,-1,403,415,416,-1,403,416,401,-1,401,416,417,-1,401,417,399,-1,399,417,418,-1,399,418,397,-1,397,418,419,-1,397,419,395,-1,395,419,151,-1,395,151,152,-1,182,183,414,-1,414,183,420,-1,414,420,413,-1,413,420,421,-1,413,421,412,-1,412,421,422,-1,412,422,411,-1,411,422,423,-1,411,423,410,-1,410,423,424,-1,410,424,206,-1,206,424,207,-1,183,184,420,-1,420,184,425,-1,420,425,421,-1,421,425,426,-1,421,426,422,-1,422,426,427,-1,422,427,423,-1,423,427,428,-1,423,428,424,-1,424,428,429,-1,424,429,207,-1,207,429,213,-1,184,185,425,-1,425,185,430,-1,425,430,426,-1,426,430,431,-1,426,431,427,-1,427,431,432,-1,427,432,428,-1,428,432,433,-1,428,433,429,-1,429,433,434,-1,429,434,213,-1,213,434,214,-1,219,218,415,-1,415,218,435,-1,415,435,416,-1,416,435,436,-1,416,436,417,-1,417,436,437,-1,417,437,418,-1,418,437,438,-1,418,438,419,-1,419,438,439,-1,419,439,151,-1,151,439,150,-1,218,212,435,-1,435,212,440,-1,435,440,436,-1,436,440,441,-1,436,441,437,-1,437,441,442,-1,437,442,438,-1,438,442,443,-1,438,443,439,-1,439,443,444,-1,439,444,150,-1,150,444,149,-1,212,211,440,-1,440,211,445,-1,440,445,441,-1,441,445,446,-1,441,446,442,-1,442,446,447,-1,442,447,443,-1,443,447,448,-1,443,448,444,-1,444,448,449,-1,444,449,149,-1,149,449,148,-1,249,214,434,-1,249,434,450,-1,450,434,433,-1,450,433,451,-1,451,433,432,-1,451,432,452,-1,452,432,431,-1,452,431,453,-1,453,431,430,-1,453,430,454,-1,454,430,185,-1,454,185,186,-1,211,210,455,-1,211,455,445,-1,445,455,456,-1,445,456,446,-1,446,456,457,-1,446,457,447,-1,447,457,458,-1,447,458,448,-1,448,458,459,-1,448,459,449,-1,449,459,147,-1,449,147,148,-1,243,253,460,-1,460,253,461,-1,460,461,462,-1,462,461,463,-1,462,463,464,-1,464,463,465,-1,464,465,466,-1,466,465,467,-1,466,467,468,-1,468,467,469,-1,468,469,192,-1,192,469,191,-1,253,254,461,-1,461,254,470,-1,461,470,463,-1,463,470,471,-1,463,471,465,-1,465,471,472,-1,465,472,467,-1,467,472,473,-1,467,473,469,-1,469,473,474,-1,469,474,191,-1,191,474,190,-1,254,252,470,-1,470,252,475,-1,470,475,471,-1,471,475,476,-1,471,476,472,-1,472,476,477,-1,472,477,473,-1,473,477,478,-1,473,478,474,-1,474,478,479,-1,474,479,190,-1,190,479,189,-1,252,251,475,-1,475,251,480,-1,475,480,476,-1,476,480,481,-1,476,481,477,-1,477,481,482,-1,477,482,478,-1,478,482,483,-1,478,483,479,-1,479,483,484,-1,479,484,189,-1,189,484,188,-1,251,250,480,-1,480,250,485,-1,480,485,481,-1,481,485,486,-1,481,486,482,-1,482,486,487,-1,482,487,483,-1,483,487,488,-1,483,488,484,-1,484,488,489,-1,484,489,188,-1,188,489,187,-1,250,249,485,-1,485,249,450,-1,485,450,486,-1,486,450,451,-1,486,451,487,-1,487,451,452,-1,487,452,488,-1,488,452,453,-1,488,453,489,-1,489,453,454,-1,489,454,187,-1,187,454,186,-1,210,234,455,-1,455,234,490,-1,455,490,456,-1,456,490,491,-1,456,491,457,-1,457,491,492,-1,457,492,458,-1,458,492,493,-1,458,493,459,-1,459,493,494,-1,459,494,147,-1,147,494,146,-1,234,233,490,-1,490,233,495,-1,490,495,491,-1,491,495,496,-1,491,496,492,-1,492,496,497,-1,492,497,493,-1,493,497,498,-1,493,498,494,-1,494,498,499,-1,494,499,146,-1,146,499,145,-1,233,217,495,-1,495,217,500,-1,495,500,496,-1,496,500,501,-1,496,501,497,-1,497,501,502,-1,497,502,498,-1,498,502,503,-1,498,503,499,-1,499,503,504,-1,499,504,145,-1,145,504,144,-1,225,243,460,-1,225,460,505,-1,505,460,462,-1,505,462,506,-1,506,462,464,-1,506,464,507,-1,507,464,466,-1,507,466,508,-1,508,466,468,-1,508,468,509,-1,509,468,192,-1,509,192,193,-1,217,216,510,-1,217,510,500,-1,500,510,511,-1,500,511,501,-1,501,511,512,-1,501,512,502,-1,502,512,513,-1,502,513,503,-1,503,513,514,-1,503,514,504,-1,504,514,143,-1,504,143,144,-1,224,259,515,-1,515,259,516,-1,515,516,517,-1,517,516,518,-1,517,518,519,-1,519,518,520,-1,519,520,521,-1,521,520,522,-1,521,522,523,-1,523,522,524,-1,523,524,199,-1,199,524,198,-1,259,257,516,-1,516,257,525,-1,516,525,518,-1,518,525,526,-1,518,526,520,-1,520,526,527,-1,520,527,522,-1,522,527,528,-1,522,528,524,-1,524,528,529,-1,524,529,198,-1,198,529,197,-1,257,256,525,-1,525,256,530,-1,525,530,526,-1,526,530,531,-1,526,531,527,-1,527,531,532,-1,527,532,528,-1,528,532,533,-1,528,533,529,-1,529,533,534,-1,529,534,197,-1,197,534,196,-1,256,255,530,-1,530,255,535,-1,530,535,531,-1,531,535,536,-1,531,536,532,-1,532,536,537,-1,532,537,533,-1,533,537,538,-1,533,538,534,-1,534,538,539,-1,534,539,196,-1,196,539,195,-1,255,258,535,-1,535,258,540,-1,535,540,536,-1,536,540,541,-1,536,541,537,-1,537,541,542,-1,537,542,538,-1,538,542,543,-1,538,543,539,-1,539,543,544,-1,539,544,195,-1,195,544,194,-1,258,225,540,-1,540,225,505,-1,540,505,541,-1,541,505,506,-1,541,506,542,-1,542,506,507,-1,542,507,543,-1,543,507,508,-1,543,508,544,-1,544,508,509,-1,544,509,194,-1,194,509,193,-1,140,141,545,-1,545,141,546,-1,545,546,547,-1,547,546,548,-1,547,548,549,-1,549,548,550,-1,549,550,551,-1,551,550,552,-1,551,552,553,-1,553,552,554,-1,553,554,215,-1,215,554,208,-1,141,142,546,-1,546,142,555,-1,546,555,548,-1,548,555,556,-1,548,556,550,-1,550,556,557,-1,550,557,552,-1,552,557,558,-1,552,558,554,-1,554,558,559,-1,554,559,208,-1,208,559,220,-1,142,143,555,-1,555,143,514,-1,555,514,556,-1,556,514,513,-1,556,513,557,-1,557,513,512,-1,557,512,558,-1,558,512,511,-1,558,511,559,-1,559,511,510,-1,559,510,220,-1,220,510,216,-1,215,224,515,-1,215,515,553,-1,553,515,517,-1,553,517,551,-1,551,517,519,-1,551,519,549,-1,549,519,521,-1,549,521,547,-1,547,521,523,-1,547,523,545,-1,545,523,199,-1,545,199,140,-1,
        ]
    }
}
Shape{
    appearance Appearance {
        material  Material 	{
            diffuseColor 0.0 0.0 0.0
            specularColor 0.0 0.0 0.0
            ambientIntensity 0.0
            transparency 0.0
            shininess 0.5
        }
    }
    geometry IndexedFaceSet {
        ccw TRUE
        solid FALSE
        coord DEF co Coordinate {
            point [
                0.6325 0.7706 0.126, 0.6184 0.7826 0.126, 0.604 0.7682 0.1287, 0.6483 0.7609 0.126, 0.6205 0.7541 0.1287, 0.6654 0.7538 0.126, 0.639 0.7427 0.1287, 0.6834 0.7495 0.126, 0.6591 0.7344 0.1287, 0.7019 0.748 0.126, 0.6802 0.7294 0.1287, 0.7019 0.7277 0.1287, 0.6773 0.7106 0.1365, 0.7019 0.7087 0.1365, 0.6747 0.6945 0.149, 0.7019 0.6924 0.149, 0.6728 0.6821 0.1654, 0.7019 0.6798 0.1654, 0.6715 0.6744 0.1843, 0.7019 0.672 0.1843, 0.6711 0.6717 0.2047, 0.7019 0.6693 0.2047, 0.6419 0.6815 0.1843, 0.6411 0.6789 0.2047, 0.6511 0.6765 0.2047, 0.6532 0.7164 0.1365, 0.6482 0.7009 0.149, 0.6443 0.689 0.1654, 0.6304 0.7258 0.1365, 0.623 0.7113 0.149, 0.6173 0.7001 0.1654, 0.6138 0.6931 0.1843, 0.6125 0.6907 0.2047, 0.5878 0.7091 0.1843, 0.5862 0.7069 0.2047, 0.6038 0.6961 0.2047, 0.6093 0.7387 0.1365, 0.5998 0.7255 0.149, 0.5924 0.7154 0.1654, 0.5906 0.7548 0.1365, 0.579 0.7433 0.149, 0.5702 0.7344 0.1654, 0.5646 0.7288 0.1843, 0.5627 0.7269 0.2047, 0.5023 0.8988 0.126, 0.4878 0.8843 0.1287, 0.4744 0.8709 0.1365, 0.4629 0.8594 0.149, 0.454 0.8505 0.1654, 0.4485 0.845 0.1843, 0.4466 0.8431 0.2047, 0.7874 0.748 0.126, 0.7874 0.7277 0.1287, 0.7874 0.7087 0.1365, 0.7874 0.6924 0.149, 0.7874 0.6798 0.1654, 0.7874 0.672 0.1843, 0.7874 0.6693 0.2047, 0.4346 0.8529 0.2047, 0.4301 0.8553 0.2047, 0.4361 0.8551 0.1843, 0.3909 0.8661 0.2047, 0.4063 0.8646 0.2047, 0.4068 0.8673 0.1843, 0.4112 0.8631 0.2047, 0.421 0.8601 0.2047, 0.4221 0.8626 0.1843, 0.3909 0.8688 0.1843, 0.4083 0.875 0.1654, 0.3909 0.8767 0.1654, 0.4108 0.8872 0.149, 0.3909 0.8892 0.149, 0.4139 0.9032 0.1365, 0.3909 0.9055 0.1365, 0.4177 0.9219 0.1287, 0.3909 0.9245 0.1287, 0.4216 0.9419 0.126, 0.3909 0.9449 0.126, 0.4251 0.8699 0.1654, 0.4299 0.8815 0.149, 0.4361 0.8965 0.1365, 0.4434 0.9141 0.1287, 0.4512 0.9329 0.126, 0.4405 0.8616 0.1654, 0.4475 0.872 0.149, 0.4565 0.8856 0.1365, 0.4671 0.9014 0.1287, 0.4784 0.9183 0.126, 0.5862 0.7069 0.6378, 0.5627 0.7269 0.6378, 0.5646 0.7288 0.6582, 0.6038 0.6961 0.6378, 0.5878 0.7091 0.6582, 0.6511 0.6765 0.6378, 0.6411 0.6789 0.6378, 0.6419 0.6815 0.6582, 0.7019 0.6693 0.6378, 0.6711 0.6717 0.6378, 0.6715 0.6744 0.6582, 0.6125 0.6907 0.6378, 0.6138 0.6931 0.6582, 0.7019 0.672 0.6582, 0.6728 0.6821 0.6772, 0.7019 0.6798 0.6772, 0.6747 0.6945 0.6935, 0.7019 0.6924 0.6935, 0.6773 0.7106 0.706, 0.7019 0.7087 0.706, 0.6802 0.7294 0.7139, 0.7019 0.7277 0.7139, 0.6834 0.7495 0.7165, 0.7019 0.748 0.7165, 0.6443 0.689 0.6772, 0.6482 0.7009 0.6935, 0.6532 0.7164 0.706, 0.6591 0.7344 0.7139, 0.6654 0.7538 0.7165, 0.6173 0.7001 0.6772, 0.623 0.7113 0.6935, 0.6304 0.7258 0.706, 0.639 0.7427 0.7139, 0.6483 0.7609 0.7165, 0.5924 0.7154 0.6772, 0.5998 0.7255 0.6935, 0.6093 0.7387 0.706, 0.6205 0.7541 0.7139, 0.6325 0.7706 0.7165, 0.5702 0.7344 0.6772, 0.579 0.7433 0.6935, 0.5906 0.7548 0.706, 0.604 0.7682 0.7139, 0.6184 0.7826 0.7165, 0.8033 0.6704 0.1843, 0.8028 0.6678 0.2047, 0.8077 0.6663 0.2047, 0.8186 0.6658 0.1843, 0.8175 0.6633 0.2047, 0.8266 0.6584 0.2047, 0.8326 0.6583 0.1843, 0.8311 0.656 0.2047, 0.845 0.6481 0.1843, 0.8431 0.6462 0.2047, 0.8551 0.6358 0.1843, 0.8529 0.6343 0.2047, 0.8553 0.6298 0.2047, 0.8626 0.6217 0.1843, 0.8661 0.5906 0.2047, 0.8688 0.5906 0.1843, 0.8646 0.6059 0.2047, 0.8673 0.6064 0.1843, 0.8631 0.6108 0.2047, 0.8601 0.6207 0.2047, 0.8767 0.5906 0.1654, 0.875 0.608 0.1654, 0.8699 0.6247 0.1654, 0.8616 0.6402 0.1654, 0.8505 0.6537 0.1654, 0.837 0.6648 0.1654, 0.8216 0.673 0.1654, 0.8048 0.6781 0.1654, 0.8892 0.5906 0.149, 0.8872 0.6104 0.149, 0.8815 0.6295 0.149, 0.872 0.6471 0.149, 0.8594 0.6625 0.149, 0.844 0.6752 0.149, 0.8264 0.6846 0.149, 0.8073 0.6904 0.149, 0.9055 0.5906 0.1365, 0.9032 0.6136 0.1365, 0.8965 0.6358 0.1365, 0.8856 0.6562 0.1365, 0.8709 0.6741 0.1365, 0.853 0.6888 0.1365, 0.8326 0.6997 0.1365, 0.8104 0.7064 0.1365, 0.9245 0.5906 0.1287, 0.9219 0.6173 0.1287, 0.9141 0.643 0.1287, 0.9014 0.6667 0.1287, 0.8843 0.6875 0.1287, 0.8636 0.7045 0.1287, 0.8399 0.7172 0.1287, 0.8141 0.725 0.1287, 0.9449 0.5906 0.126, 0.9419 0.6213 0.126, 0.9329 0.6508 0.126, 0.9183 0.678 0.126, 0.8988 0.7019 0.126, 0.8749 0.7215 0.126, 0.8477 0.736 0.126, 0.8181 0.745 0.126, -0.3909 0.9449 0.126, -0.3909 0.9245 0.1287, -0.3909 0.9055 0.1365, -0.3909 0.8892 0.149, -0.3909 0.8767 0.1654, -0.3909 0.8688 0.1843, -0.3909 0.8661 0.2047, 0.4466 0.8431 0.6378, 0.4346 0.8529 0.6378, 0.4301 0.8553 0.6378, 0.421 0.8601 0.6378, 0.4112 0.8631 0.6378, 0.4063 0.8646 0.6378, 0.3909 0.8661 0.6378, 0.5023 0.8988 0.7165, 0.4878 0.8843 0.7139, 0.4744 0.8709 0.706, 0.4629 0.8594 0.6935, 0.454 0.8505 0.6772, 0.4485 0.845 0.6582, 0.7874 0.748 0.7165, 0.7874 0.7277 0.7139, 0.7874 0.7087 0.706, 0.7874 0.6924 0.6935, 0.7874 0.6798 0.6772, 0.7874 0.672 0.6582, 0.7874 0.6693 0.6378, 0.8661 0.5906 0.6378, 0.8646 0.6059 0.6378, 0.8631 0.6108 0.6378, 0.8601 0.6207 0.6378, 0.8553 0.6298 0.6378, 0.8529 0.6343 0.6378, 0.8431 0.6462 0.6378, 0.8311 0.656 0.6378, 0.8266 0.6584 0.6378, 0.8175 0.6633 0.6378, 0.8077 0.6663 0.6378, 0.8028 0.6678 0.6378, 0.9449 -0.5906 0.126, 0.9245 -0.5906 0.1287, 0.9055 -0.5906 0.1365, 0.8892 -0.5906 0.149, 0.8767 -0.5906 0.1654, 0.8688 -0.5906 0.1843, 0.8661 -0.5906 0.2047, -0.4063 0.8646 0.2047, -0.4112 0.8631 0.2047, -0.4068 0.8673 0.1843, -0.4466 0.8431 0.2047, -0.4346 0.8529 0.2047, -0.4361 0.8551 0.1843, -0.4301 0.8553 0.2047, -0.421 0.8601 0.2047, -0.4221 0.8626 0.1843, -0.4485 0.845 0.1843, -0.4405 0.8616 0.1654, -0.454 0.8505 0.1654, -0.4475 0.872 0.149, -0.4629 0.8594 0.149, -0.4565 0.8856 0.1365, -0.4744 0.8709 0.1365, -0.4671 0.9014 0.1287, -0.4878 0.8843 0.1287, -0.4784 0.9183 0.126, -0.5023 0.8988 0.126, -0.4251 0.8699 0.1654, -0.4299 0.8815 0.149, -0.4361 0.8965 0.1365, -0.4434 0.9141 0.1287, -0.4512 0.9329 0.126, -0.4083 0.875 0.1654, -0.4108 0.8872 0.149, -0.4139 0.9032 0.1365, -0.4177 0.9219 0.1287, -0.4216 0.9419 0.126, 0.4784 0.9183 0.7165, 0.4512 0.9329 0.7165, 0.4671 0.9014 0.7139, 0.4216 0.9419 0.7165, 0.4434 0.9141 0.7139, 0.3909 0.9449 0.7165, 0.4177 0.9219 0.7139, 0.3909 0.9245 0.7139, 0.4139 0.9032 0.706, 0.3909 0.9055 0.706, 0.4108 0.8872 0.6935, 0.3909 0.8892 0.6935, 0.4083 0.875 0.6772, 0.3909 0.8767 0.6772, 0.4068 0.8673 0.6582, 0.3909 0.8688 0.6582, 0.4221 0.8626 0.6582, 0.4361 0.8965 0.706, 0.4299 0.8815 0.6935, 0.4251 0.8699 0.6772, 0.4361 0.8551 0.6582, 0.4565 0.8856 0.706, 0.4475 0.872 0.6935, 0.4405 0.8616 0.6772, 0.8399 0.7172 0.7139, 0.8636 0.7045 0.7139, 0.853 0.6888 0.706, 0.9419 0.6213 0.7165, 0.9449 0.5906 0.7165, 0.9245 0.5906 0.7139, 0.9329 0.6508 0.7165, 0.9219 0.6173 0.7139, 0.8749 0.7215 0.7165, 0.8477 0.736 0.7165, 0.8181 0.745 0.7165, 0.8594 0.6625 0.6935, 0.8709 0.6741 0.706, 0.8843 0.6875 0.7139, 0.8988 0.7019 0.7165, 0.8616 0.6402 0.6772, 0.872 0.6471 0.6935, 0.8856 0.6562 0.706, 0.9014 0.6667 0.7139, 0.9183 0.678 0.7165, 0.8626 0.6217 0.6582, 0.8699 0.6247 0.6772, 0.8815 0.6295 0.6935, 0.8965 0.6358 0.706, 0.9141 0.643 0.7139, 0.8326 0.6583 0.6582, 0.8186 0.6658 0.6582, 0.8216 0.673 0.6772, 0.8551 0.6358 0.6582, 0.845 0.6481 0.6582, 0.8505 0.6537 0.6772, 0.837 0.6648 0.6772, 0.844 0.6752 0.6935, 0.8264 0.6846 0.6935, 0.8326 0.6997 0.706, 0.8104 0.7064 0.706, 0.8141 0.725 0.7139, 0.8073 0.6904 0.6935, 0.8048 0.6781 0.6772, 0.8033 0.6704 0.6582, 0.8673 0.6064 0.6582, 0.9032 0.6136 0.706, 0.8872 0.6104 0.6935, 0.875 0.608 0.6772, 0.9055 0.5906 0.706, 0.8892 0.5906 0.6935, 0.8767 0.5906 0.6772, 0.8688 0.5906 0.6582, 0.8673 -0.6064 0.1843, 0.8646 -0.6059 0.2047, 0.8631 -0.6108 0.2047, 0.8626 -0.6217 0.1843, 0.8601 -0.6207 0.2047, 0.8553 -0.6298 0.2047, 0.8551 -0.6358 0.1843, 0.8529 -0.6343 0.2047, 0.845 -0.6481 0.1843, 0.8431 -0.6462 0.2047, 0.8326 -0.6583 0.1843, 0.8311 -0.656 0.2047, 0.8266 -0.6584 0.2047, 0.8186 -0.6658 0.1843, 0.7874 -0.6693 0.2047, 0.7874 -0.672 0.1843, 0.8028 -0.6678 0.2047, 0.8033 -0.6704 0.1843, 0.8077 -0.6663 0.2047, 0.8175 -0.6633 0.2047, 0.7874 -0.6798 0.1654, 0.8048 -0.6781 0.1654, 0.8216 -0.673 0.1654, 0.837 -0.6648 0.1654, 0.8505 -0.6537 0.1654, 0.8616 -0.6402 0.1654, 0.8699 -0.6247 0.1654, 0.875 -0.608 0.1654, 0.7874 -0.6924 0.149, 0.8073 -0.6904 0.149, 0.8264 -0.6846 0.149, 0.844 -0.6752 0.149, 0.8594 -0.6625 0.149, 0.872 -0.6471 0.149, 0.8815 -0.6295 0.149, 0.8872 -0.6104 0.149, 0.7874 -0.7087 0.1365, 0.8104 -0.7064 0.1365, 0.8326 -0.6997 0.1365, 0.853 -0.6888 0.1365, 0.8709 -0.6741 0.1365, 0.8856 -0.6562 0.1365, 0.8965 -0.6358 0.1365, 0.9032 -0.6136 0.1365, 0.7874 -0.7277 0.1287, 0.8141 -0.725 0.1287, 0.8399 -0.7172 0.1287, 0.8636 -0.7045 0.1287, 0.8843 -0.6875 0.1287, 0.9014 -0.6667 0.1287, 0.9141 -0.643 0.1287, 0.9219 -0.6173 0.1287, 0.7874 -0.748 0.126, 0.8181 -0.745 0.126, 0.8477 -0.736 0.126, 0.8749 -0.7215 0.126, 0.8988 -0.7019 0.126, 0.9183 -0.678 0.126, 0.9329 -0.6508 0.126, 0.9419 -0.6213 0.126, -0.6184 0.7826 0.126, -0.604 0.7682 0.1287, -0.5906 0.7548 0.1365, -0.579 0.7433 0.149, -0.5702 0.7344 0.1654, -0.5646 0.7288 0.1843, -0.5627 0.7269 0.2047, -0.3909 0.8661 0.6378, -0.4063 0.8646 0.6378, -0.4112 0.8631 0.6378, -0.421 0.8601 0.6378, -0.4301 0.8553 0.6378, -0.4346 0.8529 0.6378, -0.4466 0.8431 0.6378, -0.3909 0.9449 0.7165, -0.3909 0.9245 0.7139, -0.3909 0.9055 0.706, -0.3909 0.8892 0.6935, -0.3909 0.8767 0.6772, -0.3909 0.8688 0.6582, 0.9449 -0.5906 0.7165, 0.9245 -0.5906 0.7139, 0.9055 -0.5906 0.706, 0.8892 -0.5906 0.6935, 0.8767 -0.5906 0.6772, 0.8688 -0.5906 0.6582, 0.8661 -0.5906 0.6378, 0.7874 -0.6693 0.6378, 0.8028 -0.6678 0.6378, 0.8077 -0.6663 0.6378, 0.8175 -0.6633 0.6378, 0.8266 -0.6584 0.6378, 0.8311 -0.656 0.6378, 0.8431 -0.6462 0.6378, 0.8529 -0.6343 0.6378, 0.8553 -0.6298 0.6378, 0.8601 -0.6207 0.6378, 0.8631 -0.6108 0.6378, 0.8646 -0.6059 0.6378, 0.7019 -0.748 0.126, 0.7019 -0.7277 0.1287, 0.7019 -0.7087 0.1365, 0.7019 -0.6924 0.149, 0.7019 -0.6798 0.1654, 0.7019 -0.672 0.1843, 0.7019 -0.6693 0.2047, -0.6834 0.7495 0.126, -0.7019 0.748 0.126, -0.7019 0.7277 0.1287, -0.6654 0.7538 0.126, -0.6802 0.7294 0.1287, -0.6483 0.7609 0.126, -0.6591 0.7344 0.1287, -0.6325 0.7706 0.126, -0.639 0.7427 0.1287, -0.6205 0.7541 0.1287, -0.6093 0.7387 0.1365, -0.5998 0.7255 0.149, -0.5924 0.7154 0.1654, -0.5878 0.7091 0.1843, -0.5862 0.7069 0.2047, -0.6138 0.6931 0.1843, -0.6125 0.6907 0.2047, -0.6038 0.6961 0.2047, -0.6304 0.7258 0.1365, -0.623 0.7113 0.149, -0.6173 0.7001 0.1654, -0.6532 0.7164 0.1365, -0.6482 0.7009 0.149, -0.6443 0.689 0.1654, -0.6419 0.6815 0.1843, -0.6411 0.6789 0.2047, -0.6715 0.6744 0.1843, -0.6711 0.6717 0.2047, -0.6511 0.6765 0.2047, -0.6773 0.7106 0.1365, -0.6747 0.6945 0.149, -0.6728 0.6821 0.1654, -0.7019 0.7087 0.1365, -0.7019 0.6924 0.149, -0.7019 0.6798 0.1654, -0.7019 0.672 0.1843, -0.7019 0.6693 0.2047, -0.4216 0.9419 0.7165, -0.4512 0.9329 0.7165, -0.4177 0.9219 0.7139, -0.4784 0.9183 0.7165, -0.4434 0.9141 0.7139, -0.5023 0.8988 0.7165, -0.4671 0.9014 0.7139, -0.4878 0.8843 0.7139, -0.4565 0.8856 0.706, -0.4744 0.8709 0.706, -0.4475 0.872 0.6935, -0.4629 0.8594 0.6935, -0.4405 0.8616 0.6772, -0.454 0.8505 0.6772, -0.4361 0.8551 0.6582, -0.4485 0.845 0.6582, -0.4221 0.8626 0.6582, -0.4361 0.8965 0.706, -0.4299 0.8815 0.6935, -0.4251 0.8699 0.6772, -0.4068 0.8673 0.6582, -0.4139 0.9032 0.706, -0.4108 0.8872 0.6935, -0.4083 0.875 0.6772, 0.9141 -0.643 0.7139, 0.9014 -0.6667 0.7139, 0.8856 -0.6562 0.706, 0.8181 -0.745 0.7165, 0.7874 -0.748 0.7165, 0.7874 -0.7277 0.7139, 0.8477 -0.736 0.7165, 0.8141 -0.725 0.7139, 0.9183 -0.678 0.7165, 0.9329 -0.6508 0.7165, 0.9419 -0.6213 0.7165, 0.8594 -0.6625 0.6935, 0.8709 -0.6741 0.706, 0.8843 -0.6875 0.7139, 0.8988 -0.7019 0.7165, 0.837 -0.6648 0.6772, 0.844 -0.6752 0.6935, 0.853 -0.6888 0.706, 0.8636 -0.7045 0.7139, 0.8749 -0.7215 0.7165, 0.8186 -0.6658 0.6582, 0.8216 -0.673 0.6772, 0.8264 -0.6846 0.6935, 0.8326 -0.6997 0.706, 0.8399 -0.7172 0.7139, 0.8551 -0.6358 0.6582, 0.8626 -0.6217 0.6582, 0.8699 -0.6247 0.6772, 0.8326 -0.6583 0.6582, 0.845 -0.6481 0.6582, 0.8505 -0.6537 0.6772, 0.8616 -0.6402 0.6772, 0.872 -0.6471 0.6935, 0.8815 -0.6295 0.6935, 0.8965 -0.6358 0.706, 0.9032 -0.6136 0.706, 0.9219 -0.6173 0.7139, 0.8872 -0.6104 0.6935, 0.875 -0.608 0.6772, 0.8673 -0.6064 0.6582, 0.8033 -0.6704 0.6582, 0.8104 -0.7064 0.706, 0.8073 -0.6904 0.6935, 0.8048 -0.6781 0.6772, 0.7874 -0.7087 0.706, 0.7874 -0.6924 0.6935, 0.7874 -0.6798 0.6772, 0.7874 -0.672 0.6582, 0.6834 -0.7495 0.126, 0.6654 -0.7538 0.126, 0.6802 -0.7294 0.1287, 0.6483 -0.7609 0.126, 0.6591 -0.7344 0.1287, 0.6325 -0.7706 0.126, 0.639 -0.7427 0.1287, 0.6184 -0.7826 0.126, 0.6205 -0.7541 0.1287, 0.604 -0.7682 0.1287, 0.6093 -0.7387 0.1365, 0.5906 -0.7548 0.1365, 0.5998 -0.7255 0.149, 0.579 -0.7433 0.149, 0.5924 -0.7154 0.1654, 0.5702 -0.7344 0.1654, 0.5878 -0.7091 0.1843, 0.5646 -0.7288 0.1843, 0.5862 -0.7069 0.2047, 0.5627 -0.7269 0.2047, 0.6138 -0.6931 0.1843, 0.6125 -0.6907 0.2047, 0.6038 -0.6961 0.2047, 0.6304 -0.7258 0.1365, 0.623 -0.7113 0.149, 0.6173 -0.7001 0.1654, 0.6532 -0.7164 0.1365, 0.6482 -0.7009 0.149, 0.6443 -0.689 0.1654, 0.6419 -0.6815 0.1843, 0.6411 -0.6789 0.2047, 0.6715 -0.6744 0.1843, 0.6711 -0.6717 0.2047, 0.6511 -0.6765 0.2047, 0.6773 -0.7106 0.1365, 0.6747 -0.6945 0.149, 0.6728 -0.6821 0.1654, -0.7874 0.748 0.126, -0.7874 0.7277 0.1287, -0.7874 0.7087 0.1365, -0.7874 0.6924 0.149, -0.7874 0.6798 0.1654, -0.7874 0.672 0.1843, -0.7874 0.6693 0.2047, -0.6184 0.7826 0.7165, -0.604 0.7682 0.7139, -0.5906 0.7548 0.706, -0.579 0.7433 0.6935, -0.5702 0.7344 0.6772, -0.5646 0.7288 0.6582, -0.5627 0.7269 0.6378, 0.7019 -0.748 0.7165, 0.7019 -0.7277 0.7139, 0.7019 -0.7087 0.706, 0.7019 -0.6924 0.6935, 0.7019 -0.6798 0.6772, 0.7019 -0.672 0.6582, 0.7019 -0.6693 0.6378, 0.5023 -0.8988 0.126, 0.4878 -0.8843 0.1287, 0.4744 -0.8709 0.1365, 0.4629 -0.8594 0.149, 0.454 -0.8505 0.1654, 0.4485 -0.845 0.1843, 0.4466 -0.8431 0.2047, -0.8673 0.6064 0.1843, -0.8688 0.5906 0.1843, -0.8661 0.5906 0.2047, -0.8646 0.6059 0.2047, -0.8631 0.6108 0.2047, -0.8626 0.6217 0.1843, -0.8601 0.6207 0.2047, -0.8553 0.6298 0.2047, -0.8551 0.6358 0.1843, -0.8529 0.6343 0.2047, -0.845 0.6481 0.1843, -0.8431 0.6462 0.2047, -0.8326 0.6583 0.1843, -0.8311 0.656 0.2047, -0.8266 0.6584 0.2047, -0.8186 0.6658 0.1843, -0.8028 0.6678 0.2047, -0.8033 0.6704 0.1843, -0.8077 0.6663 0.2047, -0.8175 0.6633 0.2047, -0.8048 0.6781 0.1654, -0.8216 0.673 0.1654, -0.837 0.6648 0.1654, -0.8505 0.6537 0.1654, -0.8616 0.6402 0.1654, -0.8699 0.6247 0.1654, -0.875 0.608 0.1654, -0.8767 0.5906 0.1654, -0.8073 0.6904 0.149, -0.8264 0.6846 0.149, -0.844 0.6752 0.149, -0.8594 0.6625 0.149, -0.872 0.6471 0.149, -0.8815 0.6295 0.149, -0.8872 0.6104 0.149, -0.8892 0.5906 0.149, -0.8104 0.7064 0.1365, -0.8326 0.6997 0.1365, -0.853 0.6888 0.1365, -0.8709 0.6741 0.1365, -0.8856 0.6562 0.1365, -0.8965 0.6358 0.1365, -0.9032 0.6136 0.1365, -0.9055 0.5906 0.1365, -0.8141 0.725 0.1287, -0.8399 0.7172 0.1287, -0.8636 0.7045 0.1287, -0.8843 0.6875 0.1287, -0.9014 0.6667 0.1287, -0.9141 0.643 0.1287, -0.9219 0.6173 0.1287, -0.9245 0.5906 0.1287, -0.8181 0.745 0.126, -0.8477 0.736 0.126, -0.8749 0.7215 0.126, -0.8988 0.7019 0.126, -0.9183 0.678 0.126, -0.9329 0.6508 0.126, -0.9419 0.6213 0.126, -0.9449 0.5906 0.126, -0.6711 0.6717 0.6378, -0.7019 0.6693 0.6378, -0.7019 0.672 0.6582, -0.6511 0.6765 0.6378, -0.6715 0.6744 0.6582, -0.6038 0.6961 0.6378, -0.6125 0.6907 0.6378, -0.6138 0.6931 0.6582, -0.5862 0.7069 0.6378, -0.5878 0.7091 0.6582, -0.6411 0.6789 0.6378, -0.6419 0.6815 0.6582, -0.5924 0.7154 0.6772, -0.5998 0.7255 0.6935, -0.6093 0.7387 0.706, -0.6205 0.7541 0.7139, -0.6325 0.7706 0.7165, -0.6173 0.7001 0.6772, -0.623 0.7113 0.6935, -0.6304 0.7258 0.706, -0.639 0.7427 0.7139, -0.6483 0.7609 0.7165, -0.6443 0.689 0.6772, -0.6482 0.7009 0.6935, -0.6532 0.7164 0.706, -0.6591 0.7344 0.7139, -0.6654 0.7538 0.7165, -0.6728 0.6821 0.6772, -0.6747 0.6945 0.6935, -0.6773 0.7106 0.706, -0.6802 0.7294 0.7139, -0.6834 0.7495 0.7165, -0.7019 0.6798 0.6772, -0.7019 0.6924 0.6935, -0.7019 0.7087 0.706, -0.7019 0.7277 0.7139, -0.7019 0.748 0.7165, 0.6711 -0.6717 0.6378, 0.6511 -0.6765 0.6378, 0.6715 -0.6744 0.6582, 0.6038 -0.6961 0.6378, 0.6125 -0.6907 0.6378, 0.6138 -0.6931 0.6582, 0.5627 -0.7269 0.6378, 0.5862 -0.7069 0.6378, 0.5878 -0.7091 0.6582, 0.6411 -0.6789 0.6378, 0.6419 -0.6815 0.6582, 0.5646 -0.7288 0.6582, 0.5924 -0.7154 0.6772, 0.5702 -0.7344 0.6772, 0.5998 -0.7255 0.6935, 0.579 -0.7433 0.6935, 0.6093 -0.7387 0.706, 0.5906 -0.7548 0.706, 0.6205 -0.7541 0.7139, 0.604 -0.7682 0.7139, 0.6325 -0.7706 0.7165, 0.6184 -0.7826 0.7165, 0.6173 -0.7001 0.6772, 0.623 -0.7113 0.6935, 0.6304 -0.7258 0.706, 0.639 -0.7427 0.7139, 0.6483 -0.7609 0.7165, 0.6443 -0.689 0.6772, 0.6482 -0.7009 0.6935, 0.6532 -0.7164 0.706, 0.6591 -0.7344 0.7139, 0.6654 -0.7538 0.7165, 0.6728 -0.6821 0.6772, 0.6747 -0.6945 0.6935, 0.6773 -0.7106 0.706, 0.6802 -0.7294 0.7139, 0.6834 -0.7495 0.7165, 0.4063 -0.8646 0.2047, 0.3909 -0.8661 0.2047, 0.3909 -0.8688 0.1843, 0.4112 -0.8631 0.2047, 0.4068 -0.8673 0.1843, 0.4346 -0.8529 0.2047, 0.4361 -0.8551 0.1843, 0.4301 -0.8553 0.2047, 0.421 -0.8601 0.2047, 0.4221 -0.8626 0.1843, 0.4405 -0.8616 0.1654, 0.4475 -0.872 0.149, 0.4565 -0.8856 0.1365, 0.4671 -0.9014 0.1287, 0.4784 -0.9183 0.126, 0.4251 -0.8699 0.1654, 0.4299 -0.8815 0.149, 0.4361 -0.8965 0.1365, 0.4434 -0.9141 0.1287, 0.4512 -0.9329 0.126, 0.4083 -0.875 0.1654, 0.4108 -0.8872 0.149, 0.4139 -0.9032 0.1365, 0.4177 -0.9219 0.1287, 0.4216 -0.9419 0.126, 0.3909 -0.8767 0.1654, 0.3909 -0.8892 0.149, 0.3909 -0.9055 0.1365, 0.3909 -0.9245 0.1287, 0.3909 -0.9449 0.126, -0.6325 -0.7706 0.126, -0.6184 -0.7826 0.126, -0.604 -0.7682 0.1287, -0.6483 -0.7609 0.126, -0.6205 -0.7541 0.1287, -0.6654 -0.7538 0.126, -0.639 -0.7427 0.1287, -0.6834 -0.7495 0.126, -0.6591 -0.7344 0.1287, -0.7019 -0.748 0.126, -0.6802 -0.7294 0.1287, -0.7019 -0.7277 0.1287, -0.6773 -0.7106 0.1365, -0.7019 -0.7087 0.1365, -0.6747 -0.6945 0.149, -0.7019 -0.6924 0.149, -0.6728 -0.6821 0.1654, -0.7019 -0.6798 0.1654, -0.6715 -0.6744 0.1843, -0.7019 -0.672 0.1843, -0.6711 -0.6717 0.2047, -0.7019 -0.6693 0.2047, -0.6419 -0.6815 0.1843, -0.6411 -0.6789 0.2047, -0.6511 -0.6765 0.2047, -0.6532 -0.7164 0.1365, -0.6482 -0.7009 0.149, -0.6443 -0.689 0.1654, -0.6304 -0.7258 0.1365, -0.623 -0.7113 0.149, -0.6173 -0.7001 0.1654, -0.6138 -0.6931 0.1843, -0.6125 -0.6907 0.2047, -0.5878 -0.7091 0.1843, -0.5862 -0.7069 0.2047, -0.6038 -0.6961 0.2047, -0.6093 -0.7387 0.1365, -0.5998 -0.7255 0.149, -0.5924 -0.7154 0.1654, -0.5906 -0.7548 0.1365, -0.579 -0.7433 0.149, -0.5702 -0.7344 0.1654, -0.5646 -0.7288 0.1843, -0.5627 -0.7269 0.2047, -0.7874 -0.748 0.126, -0.7874 -0.7277 0.1287, -0.7874 -0.7087 0.1365, -0.7874 -0.6924 0.149, -0.7874 -0.6798 0.1654, -0.7874 -0.672 0.1843, -0.7874 -0.6693 0.2047, -0.9449 -0.5906 0.126, -0.9245 -0.5906 0.1287, -0.9055 -0.5906 0.1365, -0.8892 -0.5906 0.149, -0.8767 -0.5906 0.1654, -0.8688 -0.5906 0.1843, -0.8661 -0.5906 0.2047, -0.7874 0.6693 0.6378, -0.8028 0.6678 0.6378, -0.8077 0.6663 0.6378, -0.8175 0.6633 0.6378, -0.8266 0.6584 0.6378, -0.8311 0.656 0.6378, -0.8431 0.6462 0.6378, -0.8529 0.6343 0.6378, -0.8553 0.6298 0.6378, -0.8601 0.6207 0.6378, -0.8631 0.6108 0.6378, -0.8646 0.6059 0.6378, -0.8661 0.5906 0.6378, -0.7874 0.748 0.7165, -0.7874 0.7277 0.7139, -0.7874 0.7087 0.706, -0.7874 0.6924 0.6935, -0.7874 0.6798 0.6772, -0.7874 0.672 0.6582, 0.5023 -0.8988 0.7165, 0.4878 -0.8843 0.7139, 0.4744 -0.8709 0.706, 0.4629 -0.8594 0.6935, 0.454 -0.8505 0.6772, 0.4485 -0.845 0.6582, 0.4466 -0.8431 0.6378, 0.3909 -0.8661 0.6378, 0.4063 -0.8646 0.6378, 0.4112 -0.8631 0.6378, 0.421 -0.8601 0.6378, 0.4301 -0.8553 0.6378, 0.4346 -0.8529 0.6378, -0.3909 -0.9449 0.126, -0.3909 -0.9245 0.1287, -0.3909 -0.9055 0.1365, -0.3909 -0.8892 0.149, -0.3909 -0.8767 0.1654, -0.3909 -0.8688 0.1843, -0.3909 -0.8661 0.2047, -0.5023 -0.8988 0.126, -0.4878 -0.8843 0.1287, -0.4744 -0.8709 0.1365, -0.4629 -0.8594 0.149, -0.454 -0.8505 0.1654, -0.4485 -0.845 0.1843, -0.4466 -0.8431 0.2047, -0.8033 -0.6704 0.1843, -0.8028 -0.6678 0.2047, -0.8077 -0.6663 0.2047, -0.8186 -0.6658 0.1843, -0.8175 -0.6633 0.2047, -0.8266 -0.6584 0.2047, -0.8326 -0.6583 0.1843, -0.8311 -0.656 0.2047, -0.845 -0.6481 0.1843, -0.8431 -0.6462 0.2047, -0.8551 -0.6358 0.1843, -0.8529 -0.6343 0.2047, -0.8553 -0.6298 0.2047, -0.8626 -0.6217 0.1843, -0.8646 -0.6059 0.2047, -0.8673 -0.6064 0.1843, -0.8631 -0.6108 0.2047, -0.8601 -0.6207 0.2047, -0.875 -0.608 0.1654, -0.8699 -0.6247 0.1654, -0.8616 -0.6402 0.1654, -0.8505 -0.6537 0.1654, -0.837 -0.6648 0.1654, -0.8216 -0.673 0.1654, -0.8048 -0.6781 0.1654, -0.8872 -0.6104 0.149, -0.8815 -0.6295 0.149, -0.872 -0.6471 0.149, -0.8594 -0.6625 0.149, -0.844 -0.6752 0.149, -0.8264 -0.6846 0.149, -0.8073 -0.6904 0.149, -0.9032 -0.6136 0.1365, -0.8965 -0.6358 0.1365, -0.8856 -0.6562 0.1365, -0.8709 -0.6741 0.1365, -0.853 -0.6888 0.1365, -0.8326 -0.6997 0.1365, -0.8104 -0.7064 0.1365, -0.9219 -0.6173 0.1287, -0.9141 -0.643 0.1287, -0.9014 -0.6667 0.1287, -0.8843 -0.6875 0.1287, -0.8636 -0.7045 0.1287, -0.8399 -0.7172 0.1287, -0.8141 -0.725 0.1287, -0.9419 -0.6213 0.126, -0.9329 -0.6508 0.126, -0.9183 -0.678 0.126, -0.8988 -0.7019 0.126, -0.8749 -0.7215 0.126, -0.8477 -0.736 0.126, -0.8181 -0.745 0.126, -0.9141 0.643 0.7139, -0.9014 0.6667 0.7139, -0.8856 0.6562 0.706, -0.8181 0.745 0.7165, -0.8477 0.736 0.7165, -0.8141 0.725 0.7139, -0.9183 0.678 0.7165, -0.9329 0.6508 0.7165, -0.9419 0.6213 0.7165, -0.8594 0.6625 0.6935, -0.8709 0.6741 0.706, -0.8843 0.6875 0.7139, -0.8988 0.7019 0.7165, -0.837 0.6648 0.6772, -0.844 0.6752 0.6935, -0.853 0.6888 0.706, -0.8636 0.7045 0.7139, -0.8749 0.7215 0.7165, -0.8186 0.6658 0.6582, -0.8216 0.673 0.6772, -0.8264 0.6846 0.6935, -0.8326 0.6997 0.706, -0.8399 0.7172 0.7139, -0.8551 0.6358 0.6582, -0.8626 0.6217 0.6582, -0.8699 0.6247 0.6772, -0.8326 0.6583 0.6582, -0.845 0.6481 0.6582, -0.8505 0.6537 0.6772, -0.8616 0.6402 0.6772, -0.872 0.6471 0.6935, -0.8815 0.6295 0.6935, -0.8965 0.6358 0.706, -0.9032 0.6136 0.706, -0.9219 0.6173 0.7139, -0.9245 0.5906 0.7139, -0.9449 0.5906 0.7165, -0.9055 0.5906 0.706, -0.8872 0.6104 0.6935, -0.8892 0.5906 0.6935, -0.875 0.608 0.6772, -0.8767 0.5906 0.6772, -0.8673 0.6064 0.6582, -0.8688 0.5906 0.6582, -0.8033 0.6704 0.6582, -0.8104 0.7064 0.706, -0.8073 0.6904 0.6935, -0.8048 0.6781 0.6772, 0.4216 -0.9419 0.7165, 0.3909 -0.9449 0.7165, 0.3909 -0.9245 0.7139, 0.4512 -0.9329 0.7165, 0.4177 -0.9219 0.7139, 0.4784 -0.9183 0.7165, 0.4434 -0.9141 0.7139, 0.4671 -0.9014 0.7139, 0.4565 -0.8856 0.706, 0.4475 -0.872 0.6935, 0.4405 -0.8616 0.6772, 0.4361 -0.8551 0.6582, 0.4221 -0.8626 0.6582, 0.4361 -0.8965 0.706, 0.4299 -0.8815 0.6935, 0.4251 -0.8699 0.6772, 0.4068 -0.8673 0.6582, 0.4139 -0.9032 0.706, 0.4108 -0.8872 0.6935, 0.4083 -0.875 0.6772, 0.3909 -0.9055 0.706, 0.3909 -0.8892 0.6935, 0.3909 -0.8767 0.6772, 0.3909 -0.8688 0.6582, -0.4346 -0.8529 0.2047, -0.4301 -0.8553 0.2047, -0.4361 -0.8551 0.1843, -0.4063 -0.8646 0.2047, -0.4068 -0.8673 0.1843, -0.4112 -0.8631 0.2047, -0.421 -0.8601 0.2047, -0.4221 -0.8626 0.1843, -0.4083 -0.875 0.1654, -0.4108 -0.8872 0.149, -0.4139 -0.9032 0.1365, -0.4177 -0.9219 0.1287, -0.4216 -0.9419 0.126, -0.4251 -0.8699 0.1654, -0.4299 -0.8815 0.149, -0.4361 -0.8965 0.1365, -0.4434 -0.9141 0.1287, -0.4512 -0.9329 0.126, -0.4405 -0.8616 0.1654, -0.4475 -0.872 0.149, -0.4565 -0.8856 0.1365, -0.4671 -0.9014 0.1287, -0.4784 -0.9183 0.126, -0.8661 -0.5906 0.6378, -0.8646 -0.6059 0.6378, -0.8631 -0.6108 0.6378, -0.8601 -0.6207 0.6378, -0.8553 -0.6298 0.6378, -0.8529 -0.6343 0.6378, -0.8431 -0.6462 0.6378, -0.8311 -0.656 0.6378, -0.8266 -0.6584 0.6378, -0.8175 -0.6633 0.6378, -0.8077 -0.6663 0.6378, -0.8028 -0.6678 0.6378, -0.7874 -0.6693 0.6378, -0.9449 -0.5906 0.7165, -0.9245 -0.5906 0.7139, -0.9055 -0.5906 0.706, -0.8892 -0.5906 0.6935, -0.8767 -0.5906 0.6772, -0.8688 -0.5906 0.6582, -0.3909 -0.9449 0.7165, -0.3909 -0.9245 0.7139, -0.3909 -0.9055 0.706, -0.3909 -0.8892 0.6935, -0.3909 -0.8767 0.6772, -0.3909 -0.8688 0.6582, -0.3909 -0.8661 0.6378, -0.4466 -0.8431 0.6378, -0.4346 -0.8529 0.6378, -0.4301 -0.8553 0.6378, -0.421 -0.8601 0.6378, -0.4112 -0.8631 0.6378, -0.4063 -0.8646 0.6378, -0.8399 -0.7172 0.7139, -0.8636 -0.7045 0.7139, -0.853 -0.6888 0.706, -0.9419 -0.6213 0.7165, -0.9329 -0.6508 0.7165, -0.9219 -0.6173 0.7139, -0.8749 -0.7215 0.7165, -0.8477 -0.736 0.7165, -0.8181 -0.745 0.7165, -0.8594 -0.6625 0.6935, -0.8709 -0.6741 0.706, -0.8843 -0.6875 0.7139, -0.8988 -0.7019 0.7165, -0.8616 -0.6402 0.6772, -0.872 -0.6471 0.6935, -0.8856 -0.6562 0.706, -0.9014 -0.6667 0.7139, -0.9183 -0.678 0.7165, -0.8626 -0.6217 0.6582, -0.8699 -0.6247 0.6772, -0.8815 -0.6295 0.6935, -0.8965 -0.6358 0.706, -0.9141 -0.643 0.7139, -0.8326 -0.6583 0.6582, -0.8186 -0.6658 0.6582, -0.8216 -0.673 0.6772, -0.8551 -0.6358 0.6582, -0.845 -0.6481 0.6582, -0.8505 -0.6537 0.6772, -0.837 -0.6648 0.6772, -0.844 -0.6752 0.6935, -0.8264 -0.6846 0.6935, -0.8326 -0.6997 0.706, -0.8104 -0.7064 0.706, -0.8141 -0.725 0.7139, -0.7874 -0.7277 0.7139, -0.7874 -0.748 0.7165, -0.7874 -0.7087 0.706, -0.8073 -0.6904 0.6935, -0.7874 -0.6924 0.6935, -0.8048 -0.6781 0.6772, -0.7874 -0.6798 0.6772, -0.8033 -0.6704 0.6582, -0.7874 -0.672 0.6582, -0.8673 -0.6064 0.6582, -0.9032 -0.6136 0.706, -0.8872 -0.6104 0.6935, -0.875 -0.608 0.6772, -0.4784 -0.9183 0.7165, -0.5023 -0.8988 0.7165, -0.4878 -0.8843 0.7139, -0.4512 -0.9329 0.7165, -0.4671 -0.9014 0.7139, -0.4216 -0.9419 0.7165, -0.4434 -0.9141 0.7139, -0.4177 -0.9219 0.7139, -0.4139 -0.9032 0.706, -0.4108 -0.8872 0.6935, -0.4083 -0.875 0.6772, -0.4068 -0.8673 0.6582, -0.4221 -0.8626 0.6582, -0.4361 -0.8965 0.706, -0.4299 -0.8815 0.6935, -0.4251 -0.8699 0.6772, -0.4361 -0.8551 0.6582, -0.4565 -0.8856 0.706, -0.4475 -0.872 0.6935, -0.4405 -0.8616 0.6772, -0.4744 -0.8709 0.706, -0.4629 -0.8594 0.6935, -0.454 -0.8505 0.6772, -0.4485 -0.845 0.6582, -0.7019 -0.748 0.7165, -0.7019 -0.7277 0.7139, -0.7019 -0.7087 0.706, -0.7019 -0.6924 0.6935, -0.7019 -0.6798 0.6772, -0.7019 -0.672 0.6582, -0.7019 -0.6693 0.6378, -0.6184 -0.7826 0.7165, -0.604 -0.7682 0.7139, -0.5906 -0.7548 0.706, -0.579 -0.7433 0.6935, -0.5702 -0.7344 0.6772, -0.5646 -0.7288 0.6582, -0.5627 -0.7269 0.6378, -0.5862 -0.7069 0.6378, -0.6038 -0.6961 0.6378, -0.5878 -0.7091 0.6582, -0.6511 -0.6765 0.6378, -0.6411 -0.6789 0.6378, -0.6419 -0.6815 0.6582, -0.6711 -0.6717 0.6378, -0.6715 -0.6744 0.6582, -0.6125 -0.6907 0.6378, -0.6138 -0.6931 0.6582, -0.6728 -0.6821 0.6772, -0.6747 -0.6945 0.6935, -0.6773 -0.7106 0.706, -0.6802 -0.7294 0.7139, -0.6834 -0.7495 0.7165, -0.6443 -0.689 0.6772, -0.6482 -0.7009 0.6935, -0.6532 -0.7164 0.706, -0.6591 -0.7344 0.7139, -0.6654 -0.7538 0.7165, -0.6173 -0.7001 0.6772, -0.623 -0.7113 0.6935, -0.6304 -0.7258 0.706, -0.639 -0.7427 0.7139, -0.6483 -0.7609 0.7165, -0.5924 -0.7154 0.6772, -0.5998 -0.7255 0.6935, -0.6093 -0.7387 0.706, -0.6205 -0.7541 0.7139, -0.6325 -0.7706 0.7165
            ]
        }
        coordIndex [
            0,1,2,-1,3,0,4,-1,5,3,6,-1,7,5,8,-1,9,7,10,-1,9,10,11,-1,11,10,12,-1,11,12,13,-1,13,12,14,-1,13,14,15,-1,15,14,16,-1,15,16,17,-1,17,16,18,-1,17,18,19,-1,19,18,20,-1,19,20,21,-1,22,23,24,-1,7,8,10,-1,10,8,25,-1,10,25,12,-1,12,25,26,-1,12,26,14,-1,14,26,27,-1,14,27,16,-1,16,27,22,-1,16,22,18,-1,18,22,24,-1,18,24,20,-1,5,6,8,-1,8,6,28,-1,8,28,25,-1,25,28,29,-1,25,29,26,-1,26,29,30,-1,26,30,27,-1,27,30,31,-1,27,31,22,-1,22,31,32,-1,22,32,23,-1,33,34,35,-1,3,4,6,-1,6,4,36,-1,6,36,28,-1,28,36,37,-1,28,37,29,-1,29,37,38,-1,29,38,30,-1,30,38,33,-1,30,33,31,-1,31,33,35,-1,31,35,32,-1,0,2,4,-1,4,2,39,-1,4,39,36,-1,36,39,40,-1,36,40,37,-1,37,40,41,-1,37,41,38,-1,38,41,42,-1,38,42,33,-1,33,42,43,-1,33,43,34,-1,1,44,2,-1,2,44,45,-1,2,45,39,-1,39,45,46,-1,39,46,40,-1,40,46,47,-1,40,47,41,-1,41,47,48,-1,41,48,42,-1,42,48,49,-1,42,49,43,-1,43,49,50,-1,51,9,52,-1,52,9,11,-1,52,11,53,-1,53,11,13,-1,53,13,54,-1,54,13,15,-1,54,15,55,-1,55,15,17,-1,55,17,56,-1,56,17,19,-1,56,19,57,-1,57,19,21,-1,58,50,49,-1,59,58,60,-1,61,62,63,-1,63,62,64,-1,64,65,66,-1,66,65,59,-1,61,63,67,-1,67,63,68,-1,67,68,69,-1,69,68,70,-1,69,70,71,-1,71,70,72,-1,71,72,73,-1,73,72,74,-1,73,74,75,-1,75,74,76,-1,75,76,77,-1,64,66,63,-1,63,66,78,-1,63,78,68,-1,68,78,79,-1,68,79,70,-1,70,79,80,-1,70,80,72,-1,72,80,81,-1,72,81,74,-1,74,81,82,-1,74,82,76,-1,59,60,66,-1,66,60,83,-1,66,83,78,-1,78,83,84,-1,78,84,79,-1,79,84,85,-1,79,85,80,-1,80,85,86,-1,80,86,81,-1,81,86,87,-1,81,87,82,-1,58,49,60,-1,60,49,48,-1,60,48,83,-1,83,48,47,-1,83,47,84,-1,84,47,46,-1,84,46,85,-1,85,46,45,-1,85,45,86,-1,86,45,44,-1,86,44,87,-1,88,89,90,-1,91,88,92,-1,93,94,95,-1,96,97,98,-1,98,97,93,-1,94,99,100,-1,100,99,91,-1,96,98,101,-1,101,98,102,-1,101,102,103,-1,103,102,104,-1,103,104,105,-1,105,104,106,-1,105,106,107,-1,107,106,108,-1,107,108,109,-1,109,108,110,-1,109,110,111,-1,93,95,98,-1,98,95,112,-1,98,112,102,-1,102,112,113,-1,102,113,104,-1,104,113,114,-1,104,114,106,-1,106,114,115,-1,106,115,108,-1,108,115,116,-1,108,116,110,-1,94,100,95,-1,95,100,117,-1,95,117,112,-1,112,117,118,-1,112,118,113,-1,113,118,119,-1,113,119,114,-1,114,119,120,-1,114,120,115,-1,115,120,121,-1,115,121,116,-1,91,92,100,-1,100,92,122,-1,100,122,117,-1,117,122,123,-1,117,123,118,-1,118,123,124,-1,118,124,119,-1,119,124,125,-1,119,125,120,-1,120,125,126,-1,120,126,121,-1,88,90,92,-1,92,90,127,-1,92,127,122,-1,122,127,128,-1,122,128,123,-1,123,128,129,-1,123,129,124,-1,124,129,130,-1,124,130,125,-1,125,130,131,-1,125,131,126,-1,132,56,57,-1,57,133,132,-1,132,133,134,-1,132,134,135,-1,134,136,135,-1,135,136,137,-1,135,137,138,-1,138,137,139,-1,138,139,140,-1,140,139,141,-1,140,141,142,-1,141,143,142,-1,142,143,144,-1,142,144,145,-1,146,147,148,-1,148,147,149,-1,148,149,150,-1,150,149,145,-1,150,145,151,-1,151,145,144,-1,147,152,149,-1,149,152,153,-1,149,153,145,-1,145,153,154,-1,145,154,142,-1,142,154,155,-1,142,155,140,-1,140,155,156,-1,140,156,138,-1,138,156,157,-1,138,157,135,-1,135,157,158,-1,135,158,132,-1,132,158,159,-1,132,159,56,-1,56,159,55,-1,152,160,153,-1,153,160,161,-1,153,161,154,-1,154,161,162,-1,154,162,155,-1,155,162,163,-1,155,163,156,-1,156,163,164,-1,156,164,157,-1,157,164,165,-1,157,165,158,-1,158,165,166,-1,158,166,159,-1,159,166,167,-1,159,167,55,-1,55,167,54,-1,160,168,161,-1,161,168,169,-1,161,169,162,-1,162,169,170,-1,162,170,163,-1,163,170,171,-1,163,171,164,-1,164,171,172,-1,164,172,165,-1,165,172,173,-1,165,173,166,-1,166,173,174,-1,166,174,167,-1,167,174,175,-1,167,175,54,-1,54,175,53,-1,168,176,169,-1,169,176,177,-1,169,177,170,-1,170,177,178,-1,170,178,171,-1,171,178,179,-1,171,179,172,-1,172,179,180,-1,172,180,173,-1,173,180,181,-1,173,181,174,-1,174,181,182,-1,174,182,175,-1,175,182,183,-1,175,183,53,-1,53,183,52,-1,176,184,177,-1,177,184,185,-1,177,185,178,-1,178,185,186,-1,178,186,179,-1,179,186,187,-1,179,187,180,-1,180,187,188,-1,180,188,181,-1,181,188,189,-1,181,189,182,-1,182,189,190,-1,182,190,183,-1,183,190,191,-1,183,191,52,-1,52,191,51,-1,77,192,75,-1,75,192,193,-1,75,193,73,-1,73,193,194,-1,73,194,71,-1,71,194,195,-1,71,195,69,-1,69,195,196,-1,69,196,67,-1,67,196,197,-1,67,197,61,-1,61,197,198,-1,199,50,200,-1,200,50,58,-1,200,58,201,-1,201,58,59,-1,201,59,202,-1,202,59,65,-1,202,65,203,-1,203,65,64,-1,203,64,204,-1,204,64,62,-1,204,62,205,-1,205,62,61,-1,206,131,207,-1,207,131,130,-1,207,130,208,-1,208,130,129,-1,208,129,209,-1,209,129,128,-1,209,128,210,-1,210,128,127,-1,210,127,211,-1,211,127,90,-1,211,90,199,-1,199,90,89,-1,111,212,109,-1,109,212,213,-1,109,213,107,-1,107,213,214,-1,107,214,105,-1,105,214,215,-1,105,215,103,-1,103,215,216,-1,103,216,101,-1,101,216,217,-1,101,217,96,-1,96,217,218,-1,219,146,220,-1,220,146,148,-1,220,148,221,-1,221,148,150,-1,221,150,222,-1,222,150,151,-1,222,151,223,-1,223,151,144,-1,223,144,224,-1,224,144,143,-1,224,143,225,-1,225,143,141,-1,225,141,226,-1,226,141,139,-1,226,139,227,-1,227,139,137,-1,227,137,228,-1,228,137,136,-1,228,136,229,-1,229,136,134,-1,229,134,230,-1,230,134,133,-1,230,133,218,-1,218,133,57,-1,231,184,232,-1,232,184,176,-1,232,176,233,-1,233,176,168,-1,233,168,234,-1,234,168,160,-1,234,160,235,-1,235,160,152,-1,235,152,236,-1,236,152,147,-1,236,147,237,-1,237,147,146,-1,238,198,197,-1,239,238,240,-1,241,242,243,-1,243,242,244,-1,244,245,246,-1,246,245,239,-1,241,243,247,-1,247,243,248,-1,247,248,249,-1,249,248,250,-1,249,250,251,-1,251,250,252,-1,251,252,253,-1,253,252,254,-1,253,254,255,-1,255,254,256,-1,255,256,257,-1,244,246,243,-1,243,246,258,-1,243,258,248,-1,248,258,259,-1,248,259,250,-1,250,259,260,-1,250,260,252,-1,252,260,261,-1,252,261,254,-1,254,261,262,-1,254,262,256,-1,239,240,246,-1,246,240,263,-1,246,263,258,-1,258,263,264,-1,258,264,259,-1,259,264,265,-1,259,265,260,-1,260,265,266,-1,260,266,261,-1,261,266,267,-1,261,267,262,-1,238,197,240,-1,240,197,196,-1,240,196,263,-1,263,196,195,-1,263,195,264,-1,264,195,194,-1,264,194,265,-1,265,194,193,-1,265,193,266,-1,266,193,192,-1,266,192,267,-1,268,206,207,-1,269,268,270,-1,271,269,272,-1,273,271,274,-1,273,274,275,-1,275,274,276,-1,275,276,277,-1,277,276,278,-1,277,278,279,-1,279,278,280,-1,279,280,281,-1,281,280,282,-1,281,282,283,-1,283,282,204,-1,283,204,205,-1,284,202,203,-1,271,272,274,-1,274,272,285,-1,274,285,276,-1,276,285,286,-1,276,286,278,-1,278,286,287,-1,278,287,280,-1,280,287,284,-1,280,284,282,-1,282,284,203,-1,282,203,204,-1,288,200,201,-1,269,270,272,-1,272,270,289,-1,272,289,285,-1,285,289,290,-1,285,290,286,-1,286,290,291,-1,286,291,287,-1,287,291,288,-1,287,288,284,-1,284,288,201,-1,284,201,202,-1,268,207,270,-1,270,207,208,-1,270,208,289,-1,289,208,209,-1,289,209,290,-1,290,209,210,-1,290,210,291,-1,291,210,211,-1,291,211,288,-1,288,211,199,-1,288,199,200,-1,292,293,294,-1,295,296,297,-1,298,295,299,-1,300,293,301,-1,301,293,292,-1,301,292,302,-1,303,294,304,-1,304,294,293,-1,304,293,305,-1,305,293,300,-1,305,300,306,-1,307,303,308,-1,308,303,304,-1,308,304,309,-1,309,304,305,-1,309,305,310,-1,310,305,306,-1,310,306,311,-1,312,307,313,-1,313,307,308,-1,313,308,314,-1,314,308,309,-1,314,309,315,-1,315,309,310,-1,315,310,316,-1,316,310,311,-1,316,311,298,-1,317,318,319,-1,223,224,320,-1,320,224,321,-1,320,321,322,-1,322,321,323,-1,322,323,324,-1,324,323,325,-1,324,325,326,-1,326,325,327,-1,326,327,328,-1,328,327,213,-1,328,213,212,-1,214,329,215,-1,215,329,330,-1,215,330,216,-1,216,330,331,-1,216,331,217,-1,217,331,230,-1,217,230,218,-1,329,319,330,-1,330,319,318,-1,330,318,331,-1,331,318,229,-1,331,229,230,-1,225,226,317,-1,317,226,227,-1,317,227,318,-1,318,227,228,-1,318,228,229,-1,224,225,321,-1,321,225,317,-1,321,317,323,-1,323,317,319,-1,323,319,325,-1,325,319,329,-1,325,329,327,-1,327,329,214,-1,327,214,213,-1,222,223,312,-1,312,223,320,-1,312,320,307,-1,307,320,322,-1,307,322,303,-1,303,322,324,-1,303,324,294,-1,294,324,326,-1,294,326,292,-1,292,326,328,-1,292,328,302,-1,302,328,212,-1,332,220,221,-1,298,299,316,-1,316,299,333,-1,316,333,315,-1,315,333,334,-1,315,334,314,-1,314,334,335,-1,314,335,313,-1,313,335,332,-1,313,332,312,-1,312,332,221,-1,312,221,222,-1,295,297,299,-1,299,297,336,-1,299,336,333,-1,333,336,337,-1,333,337,334,-1,334,337,338,-1,334,338,335,-1,335,338,339,-1,335,339,332,-1,332,339,219,-1,332,219,220,-1,340,236,237,-1,237,341,340,-1,340,341,342,-1,340,342,343,-1,342,344,343,-1,343,344,345,-1,343,345,346,-1,346,345,347,-1,346,347,348,-1,348,347,349,-1,348,349,350,-1,349,351,350,-1,350,351,352,-1,350,352,353,-1,354,355,356,-1,356,355,357,-1,356,357,358,-1,358,357,353,-1,358,353,359,-1,359,353,352,-1,355,360,357,-1,357,360,361,-1,357,361,353,-1,353,361,362,-1,353,362,350,-1,350,362,363,-1,350,363,348,-1,348,363,364,-1,348,364,346,-1,346,364,365,-1,346,365,343,-1,343,365,366,-1,343,366,340,-1,340,366,367,-1,340,367,236,-1,236,367,235,-1,360,368,361,-1,361,368,369,-1,361,369,362,-1,362,369,370,-1,362,370,363,-1,363,370,371,-1,363,371,364,-1,364,371,372,-1,364,372,365,-1,365,372,373,-1,365,373,366,-1,366,373,374,-1,366,374,367,-1,367,374,375,-1,367,375,235,-1,235,375,234,-1,368,376,369,-1,369,376,377,-1,369,377,370,-1,370,377,378,-1,370,378,371,-1,371,378,379,-1,371,379,372,-1,372,379,380,-1,372,380,373,-1,373,380,381,-1,373,381,374,-1,374,381,382,-1,374,382,375,-1,375,382,383,-1,375,383,234,-1,234,383,233,-1,376,384,377,-1,377,384,385,-1,377,385,378,-1,378,385,386,-1,378,386,379,-1,379,386,387,-1,379,387,380,-1,380,387,388,-1,380,388,381,-1,381,388,389,-1,381,389,382,-1,382,389,390,-1,382,390,383,-1,383,390,391,-1,383,391,233,-1,233,391,232,-1,384,392,385,-1,385,392,393,-1,385,393,386,-1,386,393,394,-1,386,394,387,-1,387,394,395,-1,387,395,388,-1,388,395,396,-1,388,396,389,-1,389,396,397,-1,389,397,390,-1,390,397,398,-1,390,398,391,-1,391,398,399,-1,391,399,232,-1,232,399,231,-1,257,400,255,-1,255,400,401,-1,255,401,253,-1,253,401,402,-1,253,402,251,-1,251,402,403,-1,251,403,249,-1,249,403,404,-1,249,404,247,-1,247,404,405,-1,247,405,241,-1,241,405,406,-1,407,198,408,-1,408,198,238,-1,408,238,409,-1,409,238,239,-1,409,239,410,-1,410,239,245,-1,410,245,411,-1,411,245,244,-1,411,244,412,-1,412,244,242,-1,412,242,413,-1,413,242,241,-1,414,273,415,-1,415,273,275,-1,415,275,416,-1,416,275,277,-1,416,277,417,-1,417,277,279,-1,417,279,418,-1,418,279,281,-1,418,281,419,-1,419,281,283,-1,419,283,407,-1,407,283,205,-1,296,420,297,-1,297,420,421,-1,297,421,336,-1,336,421,422,-1,336,422,337,-1,337,422,423,-1,337,423,338,-1,338,423,424,-1,338,424,339,-1,339,424,425,-1,339,425,219,-1,219,425,426,-1,427,354,428,-1,428,354,356,-1,428,356,429,-1,429,356,358,-1,429,358,430,-1,430,358,359,-1,430,359,431,-1,431,359,352,-1,431,352,432,-1,432,352,351,-1,432,351,433,-1,433,351,349,-1,433,349,434,-1,434,349,347,-1,434,347,435,-1,435,347,345,-1,435,345,436,-1,436,345,344,-1,436,344,437,-1,437,344,342,-1,437,342,438,-1,438,342,341,-1,438,341,426,-1,426,341,237,-1,439,392,440,-1,440,392,384,-1,440,384,441,-1,441,384,376,-1,441,376,442,-1,442,376,368,-1,442,368,443,-1,443,368,360,-1,443,360,444,-1,444,360,355,-1,444,355,445,-1,445,355,354,-1,446,447,448,-1,449,446,450,-1,451,449,452,-1,453,451,454,-1,400,453,455,-1,400,455,401,-1,401,455,456,-1,401,456,402,-1,402,456,457,-1,402,457,403,-1,403,457,458,-1,403,458,404,-1,404,458,459,-1,404,459,405,-1,405,459,460,-1,405,460,406,-1,461,462,463,-1,453,454,455,-1,455,454,464,-1,455,464,456,-1,456,464,465,-1,456,465,457,-1,457,465,466,-1,457,466,458,-1,458,466,461,-1,458,461,459,-1,459,461,463,-1,459,463,460,-1,451,452,454,-1,454,452,467,-1,454,467,464,-1,464,467,468,-1,464,468,465,-1,465,468,469,-1,465,469,466,-1,466,469,470,-1,466,470,461,-1,461,470,471,-1,461,471,462,-1,472,473,474,-1,449,450,452,-1,452,450,475,-1,452,475,467,-1,467,475,476,-1,467,476,468,-1,468,476,477,-1,468,477,469,-1,469,477,472,-1,469,472,470,-1,470,472,474,-1,470,474,471,-1,446,448,450,-1,450,448,478,-1,450,478,475,-1,475,478,479,-1,475,479,476,-1,476,479,480,-1,476,480,477,-1,477,480,481,-1,477,481,472,-1,472,481,482,-1,472,482,473,-1,483,414,415,-1,484,483,485,-1,486,484,487,-1,488,486,489,-1,488,489,490,-1,490,489,491,-1,490,491,492,-1,492,491,493,-1,492,493,494,-1,494,493,495,-1,494,495,496,-1,496,495,497,-1,496,497,498,-1,498,497,412,-1,498,412,413,-1,499,410,411,-1,486,487,489,-1,489,487,500,-1,489,500,491,-1,491,500,501,-1,491,501,493,-1,493,501,502,-1,493,502,495,-1,495,502,499,-1,495,499,497,-1,497,499,411,-1,497,411,412,-1,503,408,409,-1,484,485,487,-1,487,485,504,-1,487,504,500,-1,500,504,505,-1,500,505,501,-1,501,505,506,-1,501,506,502,-1,502,506,503,-1,502,503,499,-1,499,503,409,-1,499,409,410,-1,483,415,485,-1,485,415,416,-1,485,416,504,-1,504,416,417,-1,504,417,505,-1,505,417,418,-1,505,418,506,-1,506,418,419,-1,506,419,503,-1,503,419,407,-1,503,407,408,-1,507,508,509,-1,510,511,512,-1,513,510,514,-1,515,508,516,-1,516,508,507,-1,516,507,517,-1,518,509,519,-1,519,509,508,-1,519,508,520,-1,520,508,515,-1,520,515,521,-1,522,518,523,-1,523,518,519,-1,523,519,524,-1,524,519,520,-1,524,520,525,-1,525,520,521,-1,525,521,526,-1,527,522,528,-1,528,522,523,-1,528,523,529,-1,529,523,524,-1,529,524,530,-1,530,524,525,-1,530,525,531,-1,531,525,526,-1,531,526,513,-1,532,533,534,-1,431,432,535,-1,535,432,536,-1,535,536,537,-1,537,536,538,-1,537,538,539,-1,539,538,540,-1,539,540,541,-1,541,540,542,-1,541,542,543,-1,543,542,421,-1,543,421,420,-1,422,544,423,-1,423,544,545,-1,423,545,424,-1,424,545,546,-1,424,546,425,-1,425,546,438,-1,425,438,426,-1,544,534,545,-1,545,534,533,-1,545,533,546,-1,546,533,437,-1,546,437,438,-1,433,434,532,-1,532,434,435,-1,532,435,533,-1,533,435,436,-1,533,436,437,-1,432,433,536,-1,536,433,532,-1,536,532,538,-1,538,532,534,-1,538,534,540,-1,540,534,544,-1,540,544,542,-1,542,544,422,-1,542,422,421,-1,430,431,527,-1,527,431,535,-1,527,535,522,-1,522,535,537,-1,522,537,518,-1,518,537,539,-1,518,539,509,-1,509,539,541,-1,509,541,507,-1,507,541,543,-1,507,543,517,-1,517,543,420,-1,547,428,429,-1,513,514,531,-1,531,514,548,-1,531,548,530,-1,530,548,549,-1,530,549,529,-1,529,549,550,-1,529,550,528,-1,528,550,547,-1,528,547,527,-1,527,547,429,-1,527,429,430,-1,510,512,514,-1,514,512,551,-1,514,551,548,-1,548,551,552,-1,548,552,549,-1,549,552,553,-1,549,553,550,-1,550,553,554,-1,550,554,547,-1,547,554,427,-1,547,427,428,-1,555,439,440,-1,556,555,557,-1,558,556,559,-1,560,558,561,-1,562,560,563,-1,562,563,564,-1,564,563,565,-1,564,565,566,-1,566,565,567,-1,566,567,568,-1,568,567,569,-1,568,569,570,-1,570,569,571,-1,570,571,572,-1,572,571,573,-1,572,573,574,-1,575,576,577,-1,560,561,563,-1,563,561,578,-1,563,578,565,-1,565,578,579,-1,565,579,567,-1,567,579,580,-1,567,580,569,-1,569,580,575,-1,569,575,571,-1,571,575,577,-1,571,577,573,-1,558,559,561,-1,561,559,581,-1,561,581,578,-1,578,581,582,-1,578,582,579,-1,579,582,583,-1,579,583,580,-1,580,583,584,-1,580,584,575,-1,575,584,585,-1,575,585,576,-1,586,587,588,-1,556,557,559,-1,559,557,589,-1,559,589,581,-1,581,589,590,-1,581,590,582,-1,582,590,591,-1,582,591,583,-1,583,591,586,-1,583,586,584,-1,584,586,588,-1,584,588,585,-1,555,440,557,-1,557,440,441,-1,557,441,589,-1,589,441,442,-1,589,442,590,-1,590,442,443,-1,590,443,591,-1,591,443,444,-1,591,444,586,-1,586,444,445,-1,586,445,587,-1,447,592,448,-1,448,592,593,-1,448,593,478,-1,478,593,594,-1,478,594,479,-1,479,594,595,-1,479,595,480,-1,480,595,596,-1,480,596,481,-1,481,596,597,-1,481,597,482,-1,482,597,598,-1,599,488,600,-1,600,488,490,-1,600,490,601,-1,601,490,492,-1,601,492,602,-1,602,492,494,-1,602,494,603,-1,603,494,496,-1,603,496,604,-1,604,496,498,-1,604,498,605,-1,605,498,413,-1,511,606,512,-1,512,606,607,-1,512,607,551,-1,551,607,608,-1,551,608,552,-1,552,608,609,-1,552,609,553,-1,553,609,610,-1,553,610,554,-1,554,610,611,-1,554,611,427,-1,427,611,612,-1,613,562,614,-1,614,562,564,-1,614,564,615,-1,615,564,566,-1,615,566,616,-1,616,566,568,-1,616,568,617,-1,617,568,570,-1,617,570,618,-1,618,570,572,-1,618,572,619,-1,619,572,574,-1,620,621,622,-1,622,623,620,-1,620,623,624,-1,620,624,625,-1,624,626,625,-1,625,626,627,-1,625,627,628,-1,628,627,629,-1,628,629,630,-1,630,629,631,-1,630,631,632,-1,631,633,632,-1,632,633,634,-1,632,634,635,-1,598,597,636,-1,636,597,637,-1,636,637,638,-1,638,637,635,-1,638,635,639,-1,639,635,634,-1,597,596,637,-1,637,596,640,-1,637,640,635,-1,635,640,641,-1,635,641,632,-1,632,641,642,-1,632,642,630,-1,630,642,643,-1,630,643,628,-1,628,643,644,-1,628,644,625,-1,625,644,645,-1,625,645,620,-1,620,645,646,-1,620,646,621,-1,621,646,647,-1,596,595,640,-1,640,595,648,-1,640,648,641,-1,641,648,649,-1,641,649,642,-1,642,649,650,-1,642,650,643,-1,643,650,651,-1,643,651,644,-1,644,651,652,-1,644,652,645,-1,645,652,653,-1,645,653,646,-1,646,653,654,-1,646,654,647,-1,647,654,655,-1,595,594,648,-1,648,594,656,-1,648,656,649,-1,649,656,657,-1,649,657,650,-1,650,657,658,-1,650,658,651,-1,651,658,659,-1,651,659,652,-1,652,659,660,-1,652,660,653,-1,653,660,661,-1,653,661,654,-1,654,661,662,-1,654,662,655,-1,655,662,663,-1,594,593,656,-1,656,593,664,-1,656,664,657,-1,657,664,665,-1,657,665,658,-1,658,665,666,-1,658,666,659,-1,659,666,667,-1,659,667,660,-1,660,667,668,-1,660,668,661,-1,661,668,669,-1,661,669,662,-1,662,669,670,-1,662,670,663,-1,663,670,671,-1,593,592,664,-1,664,592,672,-1,664,672,665,-1,665,672,673,-1,665,673,666,-1,666,673,674,-1,666,674,667,-1,667,674,675,-1,667,675,668,-1,668,675,676,-1,668,676,669,-1,669,676,677,-1,669,677,670,-1,670,677,678,-1,670,678,671,-1,671,678,679,-1,680,681,682,-1,683,680,684,-1,685,686,687,-1,605,688,689,-1,689,688,685,-1,686,690,691,-1,691,690,683,-1,605,689,604,-1,604,689,692,-1,604,692,603,-1,603,692,693,-1,603,693,602,-1,602,693,694,-1,602,694,601,-1,601,694,695,-1,601,695,600,-1,600,695,696,-1,600,696,599,-1,685,687,689,-1,689,687,697,-1,689,697,692,-1,692,697,698,-1,692,698,693,-1,693,698,699,-1,693,699,694,-1,694,699,700,-1,694,700,695,-1,695,700,701,-1,695,701,696,-1,686,691,687,-1,687,691,702,-1,687,702,697,-1,697,702,703,-1,697,703,698,-1,698,703,704,-1,698,704,699,-1,699,704,705,-1,699,705,700,-1,700,705,706,-1,700,706,701,-1,683,684,691,-1,691,684,707,-1,691,707,702,-1,702,707,708,-1,702,708,703,-1,703,708,709,-1,703,709,704,-1,704,709,710,-1,704,710,705,-1,705,710,711,-1,705,711,706,-1,680,682,684,-1,684,682,712,-1,684,712,707,-1,707,712,713,-1,707,713,708,-1,708,713,714,-1,708,714,709,-1,709,714,715,-1,709,715,710,-1,710,715,716,-1,710,716,711,-1,717,612,611,-1,718,717,719,-1,720,721,722,-1,723,724,725,-1,725,724,720,-1,721,726,727,-1,727,726,718,-1,723,725,728,-1,728,725,729,-1,728,729,730,-1,730,729,731,-1,730,731,732,-1,732,731,733,-1,732,733,734,-1,734,733,735,-1,734,735,736,-1,736,735,737,-1,736,737,738,-1,720,722,725,-1,725,722,739,-1,725,739,729,-1,729,739,740,-1,729,740,731,-1,731,740,741,-1,731,741,733,-1,733,741,742,-1,733,742,735,-1,735,742,743,-1,735,743,737,-1,721,727,722,-1,722,727,744,-1,722,744,739,-1,739,744,745,-1,739,745,740,-1,740,745,746,-1,740,746,741,-1,741,746,747,-1,741,747,742,-1,742,747,748,-1,742,748,743,-1,718,719,727,-1,727,719,749,-1,727,749,744,-1,744,749,750,-1,744,750,745,-1,745,750,751,-1,745,751,746,-1,746,751,752,-1,746,752,747,-1,747,752,753,-1,747,753,748,-1,717,611,719,-1,719,611,610,-1,719,610,749,-1,749,610,609,-1,749,609,750,-1,750,609,608,-1,750,608,751,-1,751,608,607,-1,751,607,752,-1,752,607,606,-1,752,606,753,-1,754,755,756,-1,757,754,758,-1,619,759,760,-1,760,759,761,-1,761,762,763,-1,763,762,757,-1,619,760,618,-1,618,760,764,-1,618,764,617,-1,617,764,765,-1,617,765,616,-1,616,765,766,-1,616,766,615,-1,615,766,767,-1,615,767,614,-1,614,767,768,-1,614,768,613,-1,761,763,760,-1,760,763,769,-1,760,769,764,-1,764,769,770,-1,764,770,765,-1,765,770,771,-1,765,771,766,-1,766,771,772,-1,766,772,767,-1,767,772,773,-1,767,773,768,-1,757,758,763,-1,763,758,774,-1,763,774,769,-1,769,774,775,-1,769,775,770,-1,770,775,776,-1,770,776,771,-1,771,776,777,-1,771,777,772,-1,772,777,778,-1,772,778,773,-1,754,756,758,-1,758,756,779,-1,758,779,774,-1,774,779,780,-1,774,780,775,-1,775,780,781,-1,775,781,776,-1,776,781,782,-1,776,782,777,-1,777,782,783,-1,777,783,778,-1,784,785,786,-1,787,784,788,-1,789,787,790,-1,791,789,792,-1,793,791,794,-1,793,794,795,-1,795,794,796,-1,795,796,797,-1,797,796,798,-1,797,798,799,-1,799,798,800,-1,799,800,801,-1,801,800,802,-1,801,802,803,-1,803,802,804,-1,803,804,805,-1,806,807,808,-1,791,792,794,-1,794,792,809,-1,794,809,796,-1,796,809,810,-1,796,810,798,-1,798,810,811,-1,798,811,800,-1,800,811,806,-1,800,806,802,-1,802,806,808,-1,802,808,804,-1,789,790,792,-1,792,790,812,-1,792,812,809,-1,809,812,813,-1,809,813,810,-1,810,813,814,-1,810,814,811,-1,811,814,815,-1,811,815,806,-1,806,815,816,-1,806,816,807,-1,817,818,819,-1,787,788,790,-1,790,788,820,-1,790,820,812,-1,812,820,821,-1,812,821,813,-1,813,821,822,-1,813,822,814,-1,814,822,817,-1,814,817,815,-1,815,817,819,-1,815,819,816,-1,784,786,788,-1,788,786,823,-1,788,823,820,-1,820,823,824,-1,820,824,821,-1,821,824,825,-1,821,825,822,-1,822,825,826,-1,822,826,817,-1,817,826,827,-1,817,827,818,-1,828,793,829,-1,829,793,795,-1,829,795,830,-1,830,795,797,-1,830,797,831,-1,831,797,799,-1,831,799,832,-1,832,799,801,-1,832,801,833,-1,833,801,803,-1,833,803,834,-1,834,803,805,-1,679,835,671,-1,671,835,836,-1,671,836,663,-1,663,836,837,-1,663,837,655,-1,655,837,838,-1,655,838,647,-1,647,838,839,-1,647,839,621,-1,621,839,840,-1,621,840,622,-1,622,840,841,-1,842,598,843,-1,843,598,636,-1,843,636,844,-1,844,636,638,-1,844,638,845,-1,845,638,639,-1,845,639,846,-1,846,639,634,-1,846,634,847,-1,847,634,633,-1,847,633,848,-1,848,633,631,-1,848,631,849,-1,849,631,629,-1,849,629,850,-1,850,629,627,-1,850,627,851,-1,851,627,626,-1,851,626,852,-1,852,626,624,-1,852,624,853,-1,853,624,623,-1,853,623,854,-1,854,623,622,-1,855,716,856,-1,856,716,715,-1,856,715,857,-1,857,715,714,-1,857,714,858,-1,858,714,713,-1,858,713,859,-1,859,713,712,-1,859,712,860,-1,860,712,682,-1,860,682,842,-1,842,682,681,-1,738,861,736,-1,736,861,862,-1,736,862,734,-1,734,862,863,-1,734,863,732,-1,732,863,864,-1,732,864,730,-1,730,864,865,-1,730,865,728,-1,728,865,866,-1,728,866,723,-1,723,866,867,-1,868,755,869,-1,869,755,754,-1,869,754,870,-1,870,754,757,-1,870,757,871,-1,871,757,762,-1,871,762,872,-1,872,762,761,-1,872,761,873,-1,873,761,759,-1,873,759,867,-1,867,759,619,-1,874,783,875,-1,875,783,782,-1,875,782,876,-1,876,782,781,-1,876,781,877,-1,877,781,780,-1,877,780,878,-1,878,780,779,-1,878,779,879,-1,879,779,756,-1,879,756,880,-1,880,756,755,-1,785,881,786,-1,786,881,882,-1,786,882,823,-1,823,882,883,-1,823,883,824,-1,824,883,884,-1,824,884,825,-1,825,884,885,-1,825,885,826,-1,826,885,886,-1,826,886,827,-1,827,886,887,-1,888,833,834,-1,834,889,888,-1,888,889,890,-1,888,890,891,-1,890,892,891,-1,891,892,893,-1,891,893,894,-1,894,893,895,-1,894,895,896,-1,896,895,897,-1,896,897,898,-1,897,899,898,-1,898,899,900,-1,898,900,901,-1,841,840,902,-1,902,840,903,-1,902,903,904,-1,904,903,901,-1,904,901,905,-1,905,901,900,-1,840,839,903,-1,903,839,906,-1,903,906,901,-1,901,906,907,-1,901,907,898,-1,898,907,908,-1,898,908,896,-1,896,908,909,-1,896,909,894,-1,894,909,910,-1,894,910,891,-1,891,910,911,-1,891,911,888,-1,888,911,912,-1,888,912,833,-1,833,912,832,-1,839,838,906,-1,906,838,913,-1,906,913,907,-1,907,913,914,-1,907,914,908,-1,908,914,915,-1,908,915,909,-1,909,915,916,-1,909,916,910,-1,910,916,917,-1,910,917,911,-1,911,917,918,-1,911,918,912,-1,912,918,919,-1,912,919,832,-1,832,919,831,-1,838,837,913,-1,913,837,920,-1,913,920,914,-1,914,920,921,-1,914,921,915,-1,915,921,922,-1,915,922,916,-1,916,922,923,-1,916,923,917,-1,917,923,924,-1,917,924,918,-1,918,924,925,-1,918,925,919,-1,919,925,926,-1,919,926,831,-1,831,926,830,-1,837,836,920,-1,920,836,927,-1,920,927,921,-1,921,927,928,-1,921,928,922,-1,922,928,929,-1,922,929,923,-1,923,929,930,-1,923,930,924,-1,924,930,931,-1,924,931,925,-1,925,931,932,-1,925,932,926,-1,926,932,933,-1,926,933,830,-1,830,933,829,-1,836,835,927,-1,927,835,934,-1,927,934,928,-1,928,934,935,-1,928,935,929,-1,929,935,936,-1,929,936,930,-1,930,936,937,-1,930,937,931,-1,931,937,938,-1,931,938,932,-1,932,938,939,-1,932,939,933,-1,933,939,940,-1,933,940,829,-1,829,940,828,-1,941,942,943,-1,944,855,856,-1,945,944,946,-1,947,942,948,-1,948,942,941,-1,948,941,949,-1,950,943,951,-1,951,943,942,-1,951,942,952,-1,952,942,947,-1,952,947,953,-1,954,950,955,-1,955,950,951,-1,955,951,956,-1,956,951,952,-1,956,952,957,-1,957,952,953,-1,957,953,958,-1,959,954,960,-1,960,954,955,-1,960,955,961,-1,961,955,956,-1,961,956,962,-1,962,956,957,-1,962,957,963,-1,963,957,958,-1,963,958,945,-1,964,965,966,-1,846,847,967,-1,967,847,968,-1,967,968,969,-1,969,968,970,-1,969,970,971,-1,971,970,972,-1,971,972,973,-1,973,972,974,-1,973,974,975,-1,975,974,976,-1,975,976,977,-1,978,979,980,-1,980,979,981,-1,980,981,982,-1,982,981,983,-1,982,983,984,-1,984,983,853,-1,984,853,854,-1,979,966,981,-1,981,966,965,-1,981,965,983,-1,983,965,852,-1,983,852,853,-1,848,849,964,-1,964,849,850,-1,964,850,965,-1,965,850,851,-1,965,851,852,-1,847,848,968,-1,968,848,964,-1,968,964,970,-1,970,964,966,-1,970,966,972,-1,972,966,979,-1,972,979,974,-1,974,979,978,-1,974,978,976,-1,845,846,959,-1,959,846,967,-1,959,967,954,-1,954,967,969,-1,954,969,950,-1,950,969,971,-1,950,971,943,-1,943,971,973,-1,943,973,941,-1,941,973,975,-1,941,975,949,-1,949,975,977,-1,985,843,844,-1,945,946,963,-1,963,946,986,-1,963,986,962,-1,962,986,987,-1,962,987,961,-1,961,987,988,-1,961,988,960,-1,960,988,985,-1,960,985,959,-1,959,985,844,-1,959,844,845,-1,944,856,946,-1,946,856,857,-1,946,857,986,-1,986,857,858,-1,986,858,987,-1,987,858,859,-1,987,859,988,-1,988,859,860,-1,988,860,985,-1,985,860,842,-1,985,842,843,-1,989,990,991,-1,992,989,993,-1,994,992,995,-1,861,994,996,-1,861,996,862,-1,862,996,997,-1,862,997,863,-1,863,997,998,-1,863,998,864,-1,864,998,999,-1,864,999,865,-1,865,999,1000,-1,865,1000,866,-1,866,1000,873,-1,866,873,867,-1,1001,871,872,-1,994,995,996,-1,996,995,1002,-1,996,1002,997,-1,997,1002,1003,-1,997,1003,998,-1,998,1003,1004,-1,998,1004,999,-1,999,1004,1001,-1,999,1001,1000,-1,1000,1001,872,-1,1000,872,873,-1,1005,869,870,-1,992,993,995,-1,995,993,1006,-1,995,1006,1002,-1,1002,1006,1007,-1,1002,1007,1003,-1,1003,1007,1008,-1,1003,1008,1004,-1,1004,1008,1005,-1,1004,1005,1001,-1,1001,1005,870,-1,1001,870,871,-1,989,991,993,-1,993,991,1009,-1,993,1009,1006,-1,1006,1009,1010,-1,1006,1010,1007,-1,1007,1010,1011,-1,1007,1011,1008,-1,1008,1011,1012,-1,1008,1012,1005,-1,1005,1012,868,-1,1005,868,869,-1,1013,887,886,-1,1014,1013,1015,-1,880,1016,1017,-1,1017,1016,1018,-1,1018,1019,1020,-1,1020,1019,1014,-1,880,1017,879,-1,879,1017,1021,-1,879,1021,878,-1,878,1021,1022,-1,878,1022,877,-1,877,1022,1023,-1,877,1023,876,-1,876,1023,1024,-1,876,1024,875,-1,875,1024,1025,-1,875,1025,874,-1,1018,1020,1017,-1,1017,1020,1026,-1,1017,1026,1021,-1,1021,1026,1027,-1,1021,1027,1022,-1,1022,1027,1028,-1,1022,1028,1023,-1,1023,1028,1029,-1,1023,1029,1024,-1,1024,1029,1030,-1,1024,1030,1025,-1,1014,1015,1020,-1,1020,1015,1031,-1,1020,1031,1026,-1,1026,1031,1032,-1,1026,1032,1027,-1,1027,1032,1033,-1,1027,1033,1028,-1,1028,1033,1034,-1,1028,1034,1029,-1,1029,1034,1035,-1,1029,1035,1030,-1,1013,886,1015,-1,1015,886,885,-1,1015,885,1031,-1,1031,885,884,-1,1031,884,1032,-1,1032,884,883,-1,1032,883,1033,-1,1033,883,882,-1,1033,882,1034,-1,1034,882,881,-1,1034,881,1035,-1,1036,841,1037,-1,1037,841,902,-1,1037,902,1038,-1,1038,902,904,-1,1038,904,1039,-1,1039,904,905,-1,1039,905,1040,-1,1040,905,900,-1,1040,900,1041,-1,1041,900,899,-1,1041,899,1042,-1,1042,899,897,-1,1042,897,1043,-1,1043,897,895,-1,1043,895,1044,-1,1044,895,893,-1,1044,893,1045,-1,1045,893,892,-1,1045,892,1046,-1,1046,892,890,-1,1046,890,1047,-1,1047,890,889,-1,1047,889,1048,-1,1048,889,834,-1,1049,977,1050,-1,1050,977,976,-1,1050,976,1051,-1,1051,976,978,-1,1051,978,1052,-1,1052,978,980,-1,1052,980,1053,-1,1053,980,982,-1,1053,982,1054,-1,1054,982,984,-1,1054,984,1036,-1,1036,984,854,-1,990,1055,991,-1,991,1055,1056,-1,991,1056,1009,-1,1009,1056,1057,-1,1009,1057,1010,-1,1010,1057,1058,-1,1010,1058,1011,-1,1011,1058,1059,-1,1011,1059,1012,-1,1012,1059,1060,-1,1012,1060,868,-1,868,1060,1061,-1,1062,887,1063,-1,1063,887,1013,-1,1063,1013,1064,-1,1064,1013,1014,-1,1064,1014,1065,-1,1065,1014,1019,-1,1065,1019,1066,-1,1066,1019,1018,-1,1066,1018,1067,-1,1067,1018,1016,-1,1067,1016,1061,-1,1061,1016,880,-1,1068,1069,1070,-1,1071,1049,1050,-1,1072,1071,1073,-1,1074,1069,1075,-1,1075,1069,1068,-1,1075,1068,1076,-1,1077,1070,1078,-1,1078,1070,1069,-1,1078,1069,1079,-1,1079,1069,1074,-1,1079,1074,1080,-1,1081,1077,1082,-1,1082,1077,1078,-1,1082,1078,1083,-1,1083,1078,1079,-1,1083,1079,1084,-1,1084,1079,1080,-1,1084,1080,1085,-1,1086,1081,1087,-1,1087,1081,1082,-1,1087,1082,1088,-1,1088,1082,1083,-1,1088,1083,1089,-1,1089,1083,1084,-1,1089,1084,1090,-1,1090,1084,1085,-1,1090,1085,1072,-1,1091,1092,1093,-1,1040,1041,1094,-1,1094,1041,1095,-1,1094,1095,1096,-1,1096,1095,1097,-1,1096,1097,1098,-1,1098,1097,1099,-1,1098,1099,1100,-1,1100,1099,1101,-1,1100,1101,1102,-1,1102,1101,1103,-1,1102,1103,1104,-1,1105,1106,1107,-1,1107,1106,1108,-1,1107,1108,1109,-1,1109,1108,1110,-1,1109,1110,1111,-1,1111,1110,1047,-1,1111,1047,1048,-1,1106,1093,1108,-1,1108,1093,1092,-1,1108,1092,1110,-1,1110,1092,1046,-1,1110,1046,1047,-1,1042,1043,1091,-1,1091,1043,1044,-1,1091,1044,1092,-1,1092,1044,1045,-1,1092,1045,1046,-1,1041,1042,1095,-1,1095,1042,1091,-1,1095,1091,1097,-1,1097,1091,1093,-1,1097,1093,1099,-1,1099,1093,1106,-1,1099,1106,1101,-1,1101,1106,1105,-1,1101,1105,1103,-1,1039,1040,1086,-1,1086,1040,1094,-1,1086,1094,1081,-1,1081,1094,1096,-1,1081,1096,1077,-1,1077,1096,1098,-1,1077,1098,1070,-1,1070,1098,1100,-1,1070,1100,1068,-1,1068,1100,1102,-1,1068,1102,1076,-1,1076,1102,1104,-1,1112,1037,1038,-1,1072,1073,1090,-1,1090,1073,1113,-1,1090,1113,1089,-1,1089,1113,1114,-1,1089,1114,1088,-1,1088,1114,1115,-1,1088,1115,1087,-1,1087,1115,1112,-1,1087,1112,1086,-1,1086,1112,1038,-1,1086,1038,1039,-1,1071,1050,1073,-1,1073,1050,1051,-1,1073,1051,1113,-1,1113,1051,1052,-1,1113,1052,1114,-1,1114,1052,1053,-1,1114,1053,1115,-1,1115,1053,1054,-1,1115,1054,1112,-1,1112,1054,1036,-1,1112,1036,1037,-1,1116,1117,1118,-1,1119,1116,1120,-1,1121,1119,1122,-1,1055,1121,1123,-1,1055,1123,1056,-1,1056,1123,1124,-1,1056,1124,1057,-1,1057,1124,1125,-1,1057,1125,1058,-1,1058,1125,1126,-1,1058,1126,1059,-1,1059,1126,1127,-1,1059,1127,1060,-1,1060,1127,1067,-1,1060,1067,1061,-1,1128,1065,1066,-1,1121,1122,1123,-1,1123,1122,1129,-1,1123,1129,1124,-1,1124,1129,1130,-1,1124,1130,1125,-1,1125,1130,1131,-1,1125,1131,1126,-1,1126,1131,1128,-1,1126,1128,1127,-1,1127,1128,1066,-1,1127,1066,1067,-1,1132,1063,1064,-1,1119,1120,1122,-1,1122,1120,1133,-1,1122,1133,1129,-1,1129,1133,1134,-1,1129,1134,1130,-1,1130,1134,1135,-1,1130,1135,1131,-1,1131,1135,1132,-1,1131,1132,1128,-1,1128,1132,1064,-1,1128,1064,1065,-1,1116,1118,1120,-1,1120,1118,1136,-1,1120,1136,1133,-1,1133,1136,1137,-1,1133,1137,1134,-1,1134,1137,1138,-1,1134,1138,1135,-1,1135,1138,1139,-1,1135,1139,1132,-1,1132,1139,1062,-1,1132,1062,1063,-1,1140,1104,1141,-1,1141,1104,1103,-1,1141,1103,1142,-1,1142,1103,1105,-1,1142,1105,1143,-1,1143,1105,1107,-1,1143,1107,1144,-1,1144,1107,1109,-1,1144,1109,1145,-1,1145,1109,1111,-1,1145,1111,1146,-1,1146,1111,1048,-1,1117,1147,1118,-1,1118,1147,1148,-1,1118,1148,1136,-1,1136,1148,1149,-1,1136,1149,1137,-1,1137,1149,1150,-1,1137,1150,1138,-1,1138,1150,1151,-1,1138,1151,1139,-1,1139,1151,1152,-1,1139,1152,1062,-1,1062,1152,1153,-1,1154,1153,1152,-1,1155,1154,1156,-1,1157,1158,1159,-1,1146,1160,1161,-1,1161,1160,1157,-1,1158,1162,1163,-1,1163,1162,1155,-1,1146,1161,1145,-1,1145,1161,1164,-1,1145,1164,1144,-1,1144,1164,1165,-1,1144,1165,1143,-1,1143,1165,1166,-1,1143,1166,1142,-1,1142,1166,1167,-1,1142,1167,1141,-1,1141,1167,1168,-1,1141,1168,1140,-1,1157,1159,1161,-1,1161,1159,1169,-1,1161,1169,1164,-1,1164,1169,1170,-1,1164,1170,1165,-1,1165,1170,1171,-1,1165,1171,1166,-1,1166,1171,1172,-1,1166,1172,1167,-1,1167,1172,1173,-1,1167,1173,1168,-1,1158,1163,1159,-1,1159,1163,1174,-1,1159,1174,1169,-1,1169,1174,1175,-1,1169,1175,1170,-1,1170,1175,1176,-1,1170,1176,1171,-1,1171,1176,1177,-1,1171,1177,1172,-1,1172,1177,1178,-1,1172,1178,1173,-1,1155,1156,1163,-1,1163,1156,1179,-1,1163,1179,1174,-1,1174,1179,1180,-1,1174,1180,1175,-1,1175,1180,1181,-1,1175,1181,1176,-1,1176,1181,1182,-1,1176,1182,1177,-1,1177,1182,1183,-1,1177,1183,1178,-1,1154,1152,1156,-1,1156,1152,1151,-1,1156,1151,1179,-1,1179,1151,1150,-1,1179,1150,1180,-1,1180,1150,1149,-1,1180,1149,1181,-1,1181,1149,1148,-1,1181,1148,1182,-1,1182,1148,1147,-1,1182,1147,1183,-1,
        ]
    }
}
Shape{
    appearance Appearance {
        material  Material 	{
            diffuseColor 1.0 1.0 1.0
            specularColor 0.5019607843137255 0.5019607843137255 0.5019607843137255
            ambientIntensity 1.0
            transparency 0.0
            shininess 0.5
        }
    }
    geometry IndexedFaceSet {
        ccw TRUE
        solid FALSE
        coord DEF co Coordinate {
            point [
                0.0641 -0.8701 0.5369, 0.0641 -0.8701 0.5293, 0.0641 -0.8661 0.5369, 0.0641 -0.8661 0.5293, 0.0375 -0.8701 0.5369, 0.0375 -0.8661 0.5369, 0.0375 -0.8701 0.5961, 0.0375 -0.8661 0.5961, 0.0289 -0.8701 0.5961, 0.0289 -0.8661 0.5961, 0.0289 -0.8701 0.5293, 0.0289 -0.8661 0.5293, 0.0983 -0.8701 0.5282, 0.0983 -0.8661 0.5282, 0.1085 -0.8701 0.5292, 0.1042 -0.8661 0.5288, 0.1085 -0.8661 0.5292, 0.1156 -0.8661 0.5315, 0.1156 -0.8701 0.5315, 0.1168 -0.8661 0.5321, 0.1168 -0.8701 0.5321, 0.1168 -0.8701 0.5404, 0.1168 -0.8661 0.5404, 0.1102 -0.8661 0.5374, 0.1102 -0.8701 0.5374, 0.1027 -0.8661 0.536, 0.1027 -0.8701 0.536, 0.0996 -0.8661 0.5359, 0.0996 -0.8701 0.5359, 0.0928 -0.8661 0.5367, 0.0928 -0.8701 0.5367, 0.0881 -0.8661 0.5385, 0.0881 -0.8701 0.5385, 0.0837 -0.8661 0.5416, 0.0837 -0.8701 0.5416, 0.0824 -0.8661 0.5429, 0.0824 -0.8701 0.5429, 0.0792 -0.8661 0.5474, 0.0792 -0.8701 0.5474, 0.077 -0.8661 0.5528, 0.077 -0.8701 0.5528, 0.0759 -0.8661 0.5595, 0.0759 -0.8701 0.5595, 0.0759 -0.8661 0.5619, 0.0759 -0.8701 0.5619, 0.077 -0.8661 0.5712, 0.077 -0.8701 0.5712, 0.0792 -0.8661 0.577, 0.0792 -0.8701 0.577, 0.0829 -0.8661 0.582, 0.0829 -0.8701 0.582, 0.0874 -0.8661 0.5858, 0.0874 -0.8701 0.5858, 0.0927 -0.8661 0.5882, 0.0927 -0.8701 0.5882, 0.0985 -0.8661 0.5893, 0.0985 -0.8701 0.5893, 0.1011 -0.8661 0.5894, 0.1011 -0.8701 0.5894, 0.1093 -0.8661 0.5884, 0.1093 -0.8701 0.5884, 0.116 -0.8661 0.5859, 0.116 -0.8701 0.5859, 0.1168 -0.8661 0.5855, 0.1168 -0.8701 0.5855, 0.1168 -0.8701 0.5945, 0.1168 -0.8661 0.5945, 0.101 -0.8661 0.5972, 0.101 -0.8701 0.5972, 0.1011 -0.8701 0.5972, 0.1098 -0.8661 0.5965, 0.1098 -0.8701 0.5965, 0.1081 -0.8661 0.5966, 0.1011 -0.8661 0.5972, 0.0964 -0.8661 0.5966, 0.0912 -0.8701 0.596, 0.0912 -0.8661 0.596, 0.0843 -0.8661 0.5933, 0.0843 -0.8701 0.5933, 0.078 -0.8661 0.5889, 0.078 -0.8701 0.5889, 0.0765 -0.8661 0.5874, 0.0765 -0.8701 0.5874, 0.0716 -0.8661 0.581, 0.0698 -0.8661 0.5768, 0.0684 -0.8701 0.5736, 0.0716 -0.8701 0.581, 0.0684 -0.8661 0.5736, 0.0669 -0.8661 0.5649, 0.0669 -0.8701 0.5649, 0.0668 -0.8661 0.5614, 0.0668 -0.8701 0.5614, 0.0679 -0.8661 0.5515, 0.0679 -0.8701 0.5515, 0.0698 -0.8661 0.5462, 0.0705 -0.8701 0.5443, 0.0705 -0.8661 0.5443, 0.0743 -0.8661 0.5385, 0.0743 -0.8701 0.5385, 0.0754 -0.8661 0.5373, 0.0754 -0.8701 0.5373, 0.0943 -0.8701 0.5284, 0.0808 -0.8661 0.5329, 0.0808 -0.8701 0.5329, 0.0871 -0.8661 0.5299, 0.0871 -0.8701 0.5299, 0.0925 -0.8661 0.5288, 0.0943 -0.8661 0.5284, 0.166 -0.8701 0.5369, 0.166 -0.8701 0.5293, 0.166 -0.8661 0.5369, 0.166 -0.8661 0.5293, 0.1387 -0.8661 0.5369, 0.1387 -0.8701 0.5369, 0.1568 -0.8661 0.5369, 0.1387 -0.8701 0.5594, 0.1387 -0.8661 0.5594, 0.1626 -0.8701 0.5594, 0.1568 -0.8661 0.5594, 0.1626 -0.8661 0.5594, 0.1626 -0.8701 0.567, 0.1626 -0.8661 0.567, 0.1387 -0.8661 0.567, 0.1387 -0.8701 0.567, 0.1568 -0.8661 0.567, 0.1387 -0.8701 0.5884, 0.1387 -0.8661 0.5884, 0.1645 -0.8701 0.5884, 0.1568 -0.8661 0.5884, 0.1645 -0.8661 0.5884, 0.1645 -0.8701 0.5961, 0.1645 -0.8661 0.5961, 0.1301 -0.8661 0.5961, 0.1301 -0.8701 0.5961, 0.1568 -0.8661 0.5961, 0.1301 -0.8701 0.5293, 0.1301 -0.8661 0.5293, 0.1568 -0.8661 0.5293, 0.2201 -0.8701 0.548, 0.2168 -0.8701 0.5439, 0.2229 -0.8701 0.5387, 0.2155 -0.8701 0.5428, 0.216 -0.8701 0.5337, 0.2111 -0.8701 0.5399, 0.2084 -0.8701 0.5307, 0.2054 -0.8701 0.5379, 0.197 -0.8701 0.5293, 0.1969 -0.8701 0.5369, 0.1786 -0.8701 0.5293, 0.1872 -0.8701 0.5369, 0.1786 -0.8701 0.5961, 0.1872 -0.8701 0.5884, 0.1977 -0.8701 0.5961, 0.1973 -0.8701 0.5884, 0.2078 -0.8701 0.5949, 0.2059 -0.8701 0.5874, 0.2159 -0.8701 0.592, 0.2117 -0.8701 0.5854, 0.2229 -0.8701 0.5872, 0.2166 -0.8701 0.5821, 0.2252 -0.8701 0.585, 0.2188 -0.8701 0.5799, 0.2293 -0.8701 0.5792, 0.2213 -0.8701 0.5761, 0.2318 -0.8701 0.5728, 0.2231 -0.8701 0.571, 0.2329 -0.8701 0.5636, 0.2239 -0.8701 0.5633, 0.2328 -0.8701 0.5593, 0.2237 -0.8701 0.5591, 0.2311 -0.8701 0.5515, 0.2224 -0.8701 0.553, 0.2279 -0.8701 0.5446, 0.197 -0.8661 0.5293, 0.1786 -0.8661 0.5293, 0.2229 -0.8661 0.5387, 0.2084 -0.8661 0.5307, 0.2092 -0.8661 0.531, 0.216 -0.8661 0.5337, 0.2279 -0.8661 0.5446, 0.2311 -0.8661 0.5515, 0.2328 -0.8661 0.5593, 0.2329 -0.8661 0.5636, 0.2318 -0.8661 0.5728, 0.2293 -0.8661 0.5792, 0.2252 -0.8661 0.585, 0.2229 -0.8661 0.5872, 0.1977 -0.8661 0.5961, 0.2159 -0.8661 0.592, 0.2092 -0.8661 0.5944, 0.2078 -0.8661 0.5949, 0.1786 -0.8661 0.5961, 0.1973 -0.8661 0.5884, 0.1872 -0.8661 0.5884, 0.1872 -0.8661 0.5369, 0.1969 -0.8661 0.5369, 0.2168 -0.8661 0.5439, 0.2155 -0.8661 0.5428, 0.2111 -0.8661 0.5399, 0.2054 -0.8661 0.5379, 0.2239 -0.8661 0.5633, 0.2237 -0.8661 0.5591, 0.2224 -0.8661 0.553, 0.2201 -0.8661 0.548, 0.2166 -0.8661 0.5821, 0.2188 -0.8661 0.5799, 0.2213 -0.8661 0.5761, 0.2231 -0.8661 0.571, 0.2059 -0.8661 0.5874, 0.2117 -0.8661 0.5854
            ]
        }
        coordIndex [
            0,1,2,-1,2,1,3,-1,4,0,5,-1,5,0,2,-1,6,4,7,-1,7,4,5,-1,8,6,9,-1,9,6,7,-1,10,8,11,-1,11,8,9,-1,1,10,3,-1,3,10,11,-1,6,8,4,-1,4,8,10,-1,4,10,0,-1,0,10,1,-1,12,13,14,-1,14,13,15,-1,15,16,14,-1,14,16,17,-1,14,17,18,-1,18,17,19,-1,18,19,20,-1,21,20,22,-1,22,20,19,-1,21,22,23,-1,21,23,24,-1,24,23,25,-1,24,25,26,-1,26,25,27,-1,26,27,28,-1,28,27,29,-1,28,29,30,-1,30,29,31,-1,30,31,32,-1,32,31,33,-1,32,33,34,-1,34,33,35,-1,34,35,36,-1,36,35,37,-1,36,37,38,-1,38,37,39,-1,38,39,40,-1,40,39,41,-1,40,41,42,-1,42,41,43,-1,42,43,44,-1,44,43,45,-1,44,45,46,-1,46,45,47,-1,46,47,48,-1,48,47,49,-1,48,49,50,-1,50,49,51,-1,50,51,52,-1,52,51,53,-1,52,53,54,-1,54,53,55,-1,54,55,56,-1,56,55,57,-1,56,57,58,-1,58,57,59,-1,58,59,60,-1,60,59,61,-1,60,61,62,-1,62,61,63,-1,62,63,64,-1,65,64,66,-1,66,64,63,-1,67,68,69,-1,65,66,70,-1,65,70,71,-1,71,70,72,-1,71,72,69,-1,69,72,73,-1,69,73,67,-1,68,67,74,-1,68,74,75,-1,74,76,75,-1,75,76,77,-1,75,77,78,-1,78,77,79,-1,78,79,80,-1,80,79,81,-1,80,81,82,-1,82,81,83,-1,84,85,83,-1,83,85,86,-1,83,86,82,-1,84,87,85,-1,85,87,88,-1,85,88,89,-1,89,88,90,-1,89,90,91,-1,91,90,92,-1,91,92,93,-1,93,92,94,-1,93,94,95,-1,94,96,95,-1,95,96,97,-1,95,97,98,-1,98,97,99,-1,98,99,100,-1,13,12,101,-1,100,99,102,-1,100,102,103,-1,103,102,104,-1,103,104,105,-1,105,104,106,-1,105,106,101,-1,101,106,107,-1,101,107,13,-1,62,64,65,-1,52,80,50,-1,50,80,82,-1,50,82,48,-1,48,82,86,-1,48,86,46,-1,62,65,60,-1,60,65,71,-1,60,71,58,-1,58,71,69,-1,58,69,56,-1,56,69,68,-1,56,68,54,-1,54,68,75,-1,54,75,52,-1,52,75,78,-1,52,78,80,-1,20,21,18,-1,18,21,24,-1,18,24,14,-1,14,24,26,-1,14,26,12,-1,12,26,28,-1,12,28,101,-1,101,28,30,-1,101,30,105,-1,105,30,32,-1,105,32,103,-1,103,32,34,-1,103,34,100,-1,100,34,36,-1,100,36,98,-1,98,36,38,-1,98,38,95,-1,91,44,89,-1,89,44,46,-1,89,46,85,-1,85,46,86,-1,95,38,93,-1,93,38,40,-1,93,40,91,-1,91,40,42,-1,91,42,44,-1,108,109,110,-1,110,109,111,-1,112,113,114,-1,114,113,108,-1,114,108,110,-1,115,113,116,-1,116,113,112,-1,115,116,117,-1,117,116,118,-1,117,118,119,-1,120,117,121,-1,121,117,119,-1,122,123,124,-1,124,123,120,-1,124,120,121,-1,125,123,126,-1,126,123,122,-1,125,126,127,-1,127,126,128,-1,127,128,129,-1,130,127,131,-1,131,127,129,-1,132,133,134,-1,134,133,130,-1,134,130,131,-1,135,133,136,-1,136,133,132,-1,135,136,109,-1,109,136,137,-1,109,137,111,-1,135,109,108,-1,108,113,135,-1,135,113,115,-1,135,115,133,-1,127,130,125,-1,125,130,133,-1,125,133,123,-1,123,133,115,-1,123,115,120,-1,120,115,117,-1,138,139,140,-1,140,139,141,-1,140,141,142,-1,142,141,143,-1,142,143,144,-1,144,143,145,-1,144,145,146,-1,146,145,147,-1,146,147,148,-1,148,147,149,-1,148,149,150,-1,150,149,151,-1,150,151,152,-1,152,151,153,-1,152,153,154,-1,154,153,155,-1,154,155,156,-1,156,155,157,-1,156,157,158,-1,158,157,159,-1,158,159,160,-1,160,159,161,-1,160,161,162,-1,162,161,163,-1,162,163,164,-1,164,163,165,-1,164,165,166,-1,166,165,167,-1,166,167,168,-1,168,167,169,-1,168,169,170,-1,170,169,171,-1,170,171,172,-1,172,171,138,-1,172,138,140,-1,146,148,173,-1,173,148,174,-1,175,140,142,-1,146,173,176,-1,146,176,144,-1,144,176,177,-1,144,177,142,-1,142,177,178,-1,142,178,175,-1,140,175,179,-1,140,179,172,-1,172,179,180,-1,172,180,170,-1,170,180,181,-1,170,181,168,-1,168,181,182,-1,168,182,166,-1,166,182,183,-1,166,183,164,-1,164,183,184,-1,164,184,162,-1,162,184,185,-1,162,185,160,-1,160,185,186,-1,160,186,158,-1,187,152,154,-1,158,186,188,-1,158,188,156,-1,156,188,189,-1,156,189,154,-1,154,189,190,-1,154,190,187,-1,150,152,191,-1,191,152,187,-1,148,150,174,-1,174,150,191,-1,153,151,192,-1,192,151,193,-1,151,149,193,-1,193,149,194,-1,149,147,194,-1,194,147,195,-1,139,196,197,-1,139,197,141,-1,141,197,198,-1,141,198,143,-1,143,198,199,-1,143,199,145,-1,145,199,195,-1,145,195,147,-1,167,200,201,-1,167,201,169,-1,169,201,202,-1,169,202,171,-1,171,202,203,-1,171,203,138,-1,138,203,196,-1,138,196,139,-1,159,204,205,-1,159,205,161,-1,161,205,206,-1,161,206,163,-1,163,206,207,-1,163,207,165,-1,165,207,200,-1,165,200,167,-1,153,192,208,-1,153,208,155,-1,155,208,209,-1,155,209,157,-1,157,209,204,-1,157,204,159,-1,
        ]
    }
}
Shape{
    appearance Appearance {
        material  Material 	{
            diffuseColor 0.0 0.0 0.0
            specularColor 0.0 0.0 0.0
            ambientIntensity 0.0
            transparency 0.0
            shininess 0.5
        }
    }
    geometry IndexedFaceSet {
        ccw TRUE
        solid FALSE
        coord DEF co Coordinate {
            point [
                0.1872 -0.8661 0.5884, 0.1872 -0.8661 0.5369, 0.1973 -0.8661 0.5884, 0.1969 -0.8661 0.5369, 0.2054 -0.8661 0.5379, 0.2111 -0.8661 0.5399, 0.2155 -0.8661 0.5428, 0.2168 -0.8661 0.5439, 0.2201 -0.8661 0.548, 0.2224 -0.8661 0.553, 0.2237 -0.8661 0.5591, 0.2239 -0.8661 0.5633, 0.2231 -0.8661 0.571, 0.2213 -0.8661 0.5761, 0.2188 -0.8661 0.5799, 0.2166 -0.8661 0.5821, 0.2059 -0.8661 0.5874, 0.2117 -0.8661 0.5854
            ]
        }
        coordIndex [
            0,1,2,-1,2,1,3,-1,2,3,4,-1,4,5,2,-1,2,5,6,-1,2,6,7,-1,7,8,2,-1,2,8,9,-1,2,9,10,-1,10,11,2,-1,2,11,12,-1,2,12,13,-1,13,14,2,-1,2,14,15,-1,2,15,16,-1,16,15,17,-1,
        ]
    }
}
Shape{
    appearance Appearance {
        material  Material 	{
            diffuseColor 1.0 1.0 1.0
            specularColor 0.5019607843137255 0.5019607843137255 0.5019607843137255
            ambientIntensity 1.0
            transparency 0.0
            shininess 0.5
        }
    }
    geometry IndexedFaceSet {
        ccw TRUE
        solid FALSE
        coord DEF co Coordinate {
            point [
                0.2553 -0.8701 0.5551, 0.2526 -0.8701 0.5476, 0.2777 -0.8701 0.5551, 0.2804 -0.8701 0.5476, 0.2653 -0.8701 0.5829, 0.2621 -0.8701 0.5961, 0.2367 -0.8701 0.5293, 0.2462 -0.8701 0.5293, 0.2659 -0.8701 0.5848, 0.2664 -0.8701 0.5875, 0.2713 -0.8701 0.5961, 0.2666 -0.8701 0.5875, 0.2671 -0.8701 0.5847, 0.2676 -0.8701 0.5829, 0.2967 -0.8701 0.5293, 0.2872 -0.8701 0.5293, 0.2713 -0.8661 0.5961, 0.2967 -0.8661 0.5293, 0.2621 -0.8661 0.5961, 0.2367 -0.8661 0.5293, 0.2559 -0.8661 0.5798, 0.2462 -0.8661 0.5293, 0.2526 -0.8661 0.5476, 0.2804 -0.8661 0.5476, 0.2559 -0.8661 0.5476, 0.2872 -0.8661 0.5293, 0.2553 -0.8661 0.5551, 0.2777 -0.8661 0.5551, 0.2676 -0.8661 0.5829, 0.2666 -0.8661 0.5875, 0.2671 -0.8661 0.5847, 0.2664 -0.8661 0.5875, 0.2653 -0.8661 0.5829, 0.2659 -0.8661 0.5848
            ]
        }
        coordIndex [
            0,1,2,-1,2,1,3,-1,4,5,0,-1,0,5,6,-1,0,6,1,-1,1,6,7,-1,4,8,5,-1,5,8,9,-1,5,9,10,-1,10,9,11,-1,10,11,12,-1,12,13,10,-1,10,13,2,-1,10,2,14,-1,14,2,3,-1,14,3,15,-1,10,14,16,-1,16,14,17,-1,5,10,18,-1,18,10,16,-1,19,6,20,-1,20,6,5,-1,20,5,18,-1,7,6,21,-1,21,6,19,-1,1,7,22,-1,22,7,21,-1,23,3,24,-1,24,3,1,-1,24,1,22,-1,15,3,25,-1,25,3,23,-1,14,15,17,-1,17,15,25,-1,0,2,26,-1,26,2,27,-1,2,13,27,-1,27,13,28,-1,11,29,30,-1,11,30,12,-1,12,30,28,-1,12,28,13,-1,11,9,29,-1,29,9,31,-1,4,32,33,-1,4,33,8,-1,8,33,31,-1,8,31,9,-1,4,0,32,-1,32,0,26,-1,
        ]
    }
}
Shape{
    appearance Appearance {
        material  Material 	{
            diffuseColor 0.0 0.0 0.0
            specularColor 0.0 0.0 0.0
            ambientIntensity 0.0
            transparency 0.0
            shininess 0.5
        }
    }
    geometry IndexedFaceSet {
        ccw TRUE
        solid FALSE
        coord DEF co Coordinate {
            point [
                0.2666 -0.8661 0.5875, 0.2664 -0.8661 0.5875, 0.2671 -0.8661 0.5847, 0.2659 -0.8661 0.5848, 0.2676 -0.8661 0.5829, 0.2653 -0.8661 0.5829, 0.2777 -0.8661 0.5551, 0.2553 -0.8661 0.5551
            ]
        }
        coordIndex [
            0,1,2,-1,2,1,3,-1,2,3,4,-1,4,3,5,-1,4,5,6,-1,6,5,7,-1,
        ]
    }
}
Shape{
    appearance Appearance {
        material  Material 	{
            diffuseColor 1.0 1.0 1.0
            specularColor 0.5019607843137255 0.5019607843137255 0.5019607843137255
            ambientIntensity 1.0
            transparency 0.0
            shininess 0.5
        }
    }
    geometry IndexedFaceSet {
        ccw TRUE
        solid FALSE
        coord DEF co Coordinate {
            point [
                0.0648 -0.8701 0.4311, 0.0648 -0.8701 0.4235, 0.0648 -0.8661 0.4311, 0.0648 -0.8661 0.4235, 0.0375 -0.8701 0.4311, 0.0375 -0.8661 0.4311, 0.0375 -0.8701 0.4535, 0.0375 -0.8661 0.4535, 0.0614 -0.8701 0.4535, 0.0614 -0.8661 0.4535, 0.0614 -0.8701 0.4612, 0.0614 -0.8661 0.4612, 0.0375 -0.8701 0.4612, 0.0375 -0.8661 0.4612, 0.0375 -0.8701 0.4825, 0.0375 -0.8661 0.4825, 0.0633 -0.8701 0.4825, 0.0633 -0.8661 0.4825, 0.0633 -0.8701 0.4902, 0.0633 -0.8661 0.4902, 0.0289 -0.8701 0.4902, 0.0289 -0.8661 0.4902, 0.0289 -0.8701 0.4235, 0.0289 -0.8661 0.4235, 0.1111 -0.8701 0.4542, 0.1027 -0.8701 0.4474, 0.1027 -0.8701 0.4428, 0.1025 -0.8701 0.4309, 0.1027 -0.8701 0.4309, 0.1022 -0.8701 0.4388, 0.1027 -0.8701 0.4235, 0.1111 -0.8701 0.4235, 0.0813 -0.8701 0.4383, 0.0818 -0.8701 0.4402, 0.0745 -0.8701 0.4438, 0.083 -0.8701 0.4321, 0.0769 -0.8701 0.4261, 0.0837 -0.8701 0.4314, 0.0796 -0.8701 0.4242, 0.0854 -0.8701 0.4302, 0.0828 -0.8701 0.423, 0.0872 -0.8701 0.4295, 0.0762 -0.8701 0.4462, 0.0825 -0.8701 0.4417, 0.0787 -0.8701 0.4484, 0.0835 -0.8701 0.443, 0.0823 -0.8701 0.4502, 0.0876 -0.8701 0.4224, 0.0879 -0.8701 0.4224, 0.0901 -0.8701 0.4292, 0.092 -0.8701 0.4228, 0.0935 -0.8701 0.4296, 0.0954 -0.8701 0.424, 0.096 -0.8701 0.4306, 0.0985 -0.8701 0.426, 0.0983 -0.8701 0.4323, 0.1011 -0.8701 0.4288, 0.0991 -0.8701 0.4331, 0.1011 -0.8701 0.4358, 0.0846 -0.8701 0.4438, 0.0866 -0.8701 0.4447, 0.0886 -0.8701 0.4518, 0.0916 -0.8701 0.4459, 0.1027 -0.8701 0.4538, 0.0733 -0.8701 0.4408, 0.0728 -0.8701 0.4372, 0.0813 -0.8701 0.4369, 0.0728 -0.8701 0.4362, 0.0815 -0.8701 0.435, 0.0732 -0.8701 0.4324, 0.082 -0.8701 0.4335, 0.0742 -0.8701 0.4296, 0.076 -0.8701 0.427, 0.0774 -0.8701 0.4678, 0.0774 -0.8701 0.4597, 0.0791 -0.8701 0.4688, 0.0832 -0.8701 0.4633, 0.0853 -0.8701 0.4712, 0.0885 -0.8701 0.465, 0.0939 -0.8701 0.4722, 0.0931 -0.8701 0.4654, 0.0988 -0.8701 0.4718, 0.0959 -0.8701 0.4651, 0.1023 -0.8701 0.4707, 0.0979 -0.8701 0.4645, 0.1051 -0.8701 0.4692, 0.0993 -0.8701 0.4635, 0.1074 -0.8701 0.467, 0.1006 -0.8701 0.4621, 0.1091 -0.8701 0.4644, 0.1016 -0.8701 0.4604, 0.1104 -0.8701 0.4606, 0.1024 -0.8701 0.4574, 0.0939 -0.8661 0.4722, 0.0853 -0.8661 0.4712, 0.0791 -0.8661 0.4688, 0.0774 -0.8661 0.4678, 0.0774 -0.8661 0.4597, 0.0832 -0.8661 0.4633, 0.0885 -0.8661 0.465, 0.0931 -0.8661 0.4654, 0.0959 -0.8661 0.4651, 0.0979 -0.8661 0.4645, 0.0993 -0.8661 0.4635, 0.1006 -0.8661 0.4621, 0.1016 -0.8661 0.4604, 0.1024 -0.8661 0.4574, 0.1027 -0.8661 0.4538, 0.0886 -0.8661 0.4518, 0.0823 -0.8661 0.4502, 0.0787 -0.8661 0.4484, 0.0762 -0.8661 0.4462, 0.0745 -0.8661 0.4438, 0.0733 -0.8661 0.4408, 0.0728 -0.8661 0.4372, 0.0728 -0.8661 0.4362, 0.0732 -0.8661 0.4324, 0.0742 -0.8661 0.4296, 0.076 -0.8661 0.427, 0.0769 -0.8661 0.4261, 0.0879 -0.8661 0.4224, 0.0796 -0.8661 0.4242, 0.0828 -0.8661 0.423, 0.0832 -0.8661 0.4229, 0.0876 -0.8661 0.4224, 0.092 -0.8661 0.4228, 0.0924 -0.8661 0.4229, 0.0954 -0.8661 0.424, 0.0985 -0.8661 0.426, 0.1011 -0.8661 0.4288, 0.1025 -0.8661 0.4309, 0.1027 -0.8661 0.4309, 0.1027 -0.8661 0.4235, 0.1111 -0.8661 0.4235, 0.1111 -0.8661 0.4542, 0.1104 -0.8661 0.4606, 0.1091 -0.8661 0.4644, 0.1074 -0.8661 0.467, 0.1051 -0.8661 0.4692, 0.1023 -0.8661 0.4707, 0.0988 -0.8661 0.4718, 0.0835 -0.8661 0.443, 0.0846 -0.8661 0.4438, 0.0866 -0.8661 0.4447, 0.0916 -0.8661 0.4459, 0.0813 -0.8661 0.4369, 0.0813 -0.8661 0.4383, 0.0818 -0.8661 0.4402, 0.0825 -0.8661 0.4417, 0.0837 -0.8661 0.4314, 0.083 -0.8661 0.4321, 0.082 -0.8661 0.4335, 0.0815 -0.8661 0.435, 0.0901 -0.8661 0.4292, 0.0872 -0.8661 0.4295, 0.0854 -0.8661 0.4302, 0.0991 -0.8661 0.4331, 0.0983 -0.8661 0.4323, 0.096 -0.8661 0.4306, 0.0935 -0.8661 0.4296, 0.1027 -0.8661 0.4428, 0.1022 -0.8661 0.4388, 0.1011 -0.8661 0.4358, 0.1027 -0.8661 0.4474
            ]
        }
        coordIndex [
            0,1,2,-1,2,1,3,-1,4,0,5,-1,5,0,2,-1,6,4,7,-1,7,4,5,-1,8,6,9,-1,9,6,7,-1,10,8,11,-1,11,8,9,-1,12,10,13,-1,13,10,11,-1,14,12,15,-1,15,12,13,-1,16,14,17,-1,17,14,15,-1,18,16,19,-1,19,16,17,-1,20,18,21,-1,21,18,19,-1,22,20,23,-1,23,20,21,-1,1,22,3,-1,3,22,23,-1,22,1,0,-1,0,4,22,-1,22,4,6,-1,22,6,20,-1,16,18,14,-1,14,18,20,-1,14,20,12,-1,12,20,6,-1,12,6,10,-1,10,6,8,-1,24,25,26,-1,27,28,29,-1,30,31,28,-1,28,31,24,-1,28,24,29,-1,29,24,26,-1,32,33,34,-1,35,36,37,-1,37,36,38,-1,37,38,39,-1,39,38,40,-1,39,40,41,-1,34,33,42,-1,42,33,43,-1,42,43,44,-1,44,43,45,-1,44,45,46,-1,40,47,41,-1,41,47,48,-1,41,48,49,-1,49,48,50,-1,49,50,51,-1,51,50,52,-1,51,52,53,-1,53,52,54,-1,53,54,55,-1,55,54,56,-1,55,56,57,-1,57,56,27,-1,57,27,58,-1,58,27,29,-1,45,59,46,-1,46,59,60,-1,46,60,61,-1,61,60,62,-1,61,62,63,-1,34,64,32,-1,32,64,65,-1,32,65,66,-1,66,65,67,-1,66,67,68,-1,68,67,69,-1,68,69,70,-1,70,69,71,-1,70,71,35,-1,35,71,72,-1,35,72,36,-1,73,74,75,-1,75,74,76,-1,75,76,77,-1,77,76,78,-1,77,78,79,-1,79,78,80,-1,79,80,81,-1,81,80,82,-1,81,82,83,-1,83,82,84,-1,83,84,85,-1,85,84,86,-1,85,86,87,-1,87,86,88,-1,87,88,89,-1,89,88,90,-1,89,90,91,-1,91,90,92,-1,91,92,24,-1,24,92,63,-1,24,63,25,-1,25,63,62,-1,79,93,94,-1,79,94,77,-1,77,94,95,-1,77,95,75,-1,75,95,96,-1,75,96,73,-1,74,73,97,-1,97,73,96,-1,74,97,98,-1,74,98,76,-1,76,98,99,-1,76,99,78,-1,78,99,100,-1,78,100,80,-1,80,100,101,-1,80,101,82,-1,82,101,102,-1,82,102,84,-1,84,102,103,-1,84,103,86,-1,86,103,104,-1,86,104,88,-1,88,104,105,-1,88,105,90,-1,90,105,106,-1,90,106,92,-1,92,106,107,-1,92,107,63,-1,61,63,108,-1,108,63,107,-1,61,108,109,-1,61,109,46,-1,46,109,110,-1,46,110,44,-1,44,110,111,-1,44,111,42,-1,42,111,112,-1,42,112,34,-1,34,112,113,-1,34,113,64,-1,64,113,114,-1,64,114,65,-1,65,114,115,-1,65,115,67,-1,67,115,116,-1,67,116,69,-1,69,116,117,-1,69,117,71,-1,71,117,118,-1,71,118,72,-1,72,118,119,-1,72,119,36,-1,120,48,47,-1,36,119,121,-1,36,121,38,-1,38,121,122,-1,38,122,40,-1,40,122,123,-1,40,123,47,-1,47,123,124,-1,47,124,120,-1,48,120,125,-1,48,125,50,-1,50,125,126,-1,50,126,52,-1,126,127,52,-1,52,127,128,-1,52,128,54,-1,54,128,129,-1,54,129,56,-1,56,129,130,-1,56,130,27,-1,28,27,131,-1,131,27,130,-1,30,28,132,-1,132,28,131,-1,31,30,133,-1,133,30,132,-1,24,31,134,-1,134,31,133,-1,24,134,135,-1,24,135,91,-1,91,135,136,-1,91,136,89,-1,89,136,137,-1,89,137,87,-1,87,137,138,-1,87,138,85,-1,85,138,139,-1,85,139,83,-1,83,139,140,-1,83,140,81,-1,81,140,93,-1,81,93,79,-1,45,141,142,-1,45,142,59,-1,59,142,143,-1,59,143,60,-1,60,143,144,-1,60,144,62,-1,66,145,146,-1,66,146,32,-1,32,146,147,-1,32,147,33,-1,33,147,148,-1,33,148,43,-1,43,148,141,-1,43,141,45,-1,37,149,150,-1,37,150,35,-1,35,150,151,-1,35,151,70,-1,70,151,152,-1,70,152,68,-1,68,152,145,-1,68,145,66,-1,49,153,154,-1,49,154,41,-1,41,154,155,-1,41,155,39,-1,39,155,149,-1,39,149,37,-1,57,156,157,-1,57,157,55,-1,55,157,158,-1,55,158,53,-1,53,158,159,-1,53,159,51,-1,51,159,153,-1,51,153,49,-1,26,160,161,-1,26,161,29,-1,29,161,162,-1,29,162,58,-1,58,162,156,-1,58,156,57,-1,26,25,160,-1,160,25,163,-1,25,62,163,-1,163,62,144,-1,
        ]
    }
}
Shape{
    appearance Appearance {
        material  Material 	{
            diffuseColor 0.0 0.0 0.0
            specularColor 0.0 0.0 0.0
            ambientIntensity 0.0
            transparency 0.0
            shininess 0.5
        }
    }
    geometry IndexedFaceSet {
        ccw TRUE
        solid FALSE
        coord DEF co Coordinate {
            point [
                0.1027 -0.8661 0.4428, 0.1027 -0.8661 0.4474, 0.0916 -0.8661 0.4459, 0.0983 -0.8661 0.4323, 0.0991 -0.8661 0.4331, 0.0866 -0.8661 0.4447, 0.0846 -0.8661 0.4438, 0.0935 -0.8661 0.4296, 0.096 -0.8661 0.4306, 0.1011 -0.8661 0.4358, 0.1022 -0.8661 0.4388, 0.0835 -0.8661 0.443, 0.0825 -0.8661 0.4417, 0.0818 -0.8661 0.4402, 0.0813 -0.8661 0.4383, 0.0813 -0.8661 0.4369, 0.0815 -0.8661 0.435, 0.0854 -0.8661 0.4302, 0.0872 -0.8661 0.4295, 0.0837 -0.8661 0.4314, 0.0901 -0.8661 0.4292, 0.082 -0.8661 0.4335, 0.083 -0.8661 0.4321
            ]
        }
        coordIndex [
            0,1,2,-1,3,4,2,-1,5,6,7,-1,5,7,2,-1,2,7,8,-1,2,8,3,-1,4,9,2,-1,2,9,10,-1,2,10,0,-1,6,11,7,-1,7,11,12,-1,7,12,13,-1,13,14,7,-1,7,14,15,-1,7,15,16,-1,17,18,19,-1,19,18,20,-1,19,20,7,-1,16,21,7,-1,7,21,22,-1,7,22,19,-1,
        ]
    }
}
Shape{
    appearance Appearance {
        material  Material 	{
            diffuseColor 1.0 1.0 1.0
            specularColor 0.5019607843137255 0.5019607843137255 0.5019607843137255
            ambientIntensity 1.0
            transparency 0.0
            shininess 0.5
        }
    }
    geometry IndexedFaceSet {
        ccw TRUE
        solid FALSE
        coord DEF co Coordinate {
            point [
                0.1224 -0.8661 0.4338, 0.1224 -0.8701 0.4338, 0.1254 -0.8701 0.4319, 0.1362 -0.8701 0.4292, 0.1362 -0.8661 0.4292, 0.1306 -0.8661 0.4299, 0.1306 -0.8701 0.4299, 0.1263 -0.8661 0.4316, 0.1254 -0.8661 0.4319, 0.1224 -0.8701 0.4252, 0.1224 -0.8661 0.4252, 0.1263 -0.8661 0.4238, 0.1283 -0.8701 0.4231, 0.1353 -0.8661 0.4224, 0.1353 -0.8701 0.4224, 0.1299 -0.8661 0.4229, 0.1283 -0.8661 0.4231, 0.1429 -0.8701 0.4233, 0.14 -0.8661 0.4229, 0.1429 -0.8661 0.4233, 0.1473 -0.8661 0.425, 0.1473 -0.8701 0.425, 0.1492 -0.8661 0.4261, 0.1492 -0.8701 0.4261, 0.1518 -0.8661 0.4285, 0.1518 -0.8701 0.4285, 0.1533 -0.8661 0.4307, 0.1533 -0.8701 0.4307, 0.1543 -0.8661 0.4333, 0.1543 -0.8701 0.4333, 0.1546 -0.8661 0.4364, 0.1546 -0.8701 0.4364, 0.1542 -0.8661 0.4399, 0.1542 -0.8701 0.4399, 0.1532 -0.8661 0.4423, 0.1532 -0.8701 0.4423, 0.1518 -0.8661 0.4443, 0.1518 -0.8701 0.4443, 0.1498 -0.8661 0.4461, 0.1498 -0.8701 0.4461, 0.1443 -0.8661 0.4492, 0.1443 -0.8701 0.4492, 0.141 -0.8661 0.4505, 0.141 -0.8701 0.4505, 0.1358 -0.8661 0.4528, 0.1358 -0.8701 0.4528, 0.1329 -0.8661 0.4546, 0.1329 -0.8701 0.4546, 0.1321 -0.8661 0.4555, 0.1321 -0.8701 0.4555, 0.1315 -0.8661 0.4566, 0.1315 -0.8701 0.4566, 0.1311 -0.8661 0.4579, 0.1311 -0.8701 0.4579, 0.1311 -0.8661 0.459, 0.1311 -0.8701 0.459, 0.1312 -0.8661 0.4604, 0.1312 -0.8701 0.4604, 0.1316 -0.8661 0.4615, 0.1316 -0.8701 0.4615, 0.1324 -0.8661 0.4626, 0.1324 -0.8701 0.4626, 0.1336 -0.8661 0.4637, 0.1336 -0.8701 0.4637, 0.1355 -0.8661 0.4647, 0.1355 -0.8701 0.4647, 0.1377 -0.8661 0.4653, 0.1377 -0.8701 0.4653, 0.1402 -0.8661 0.4654, 0.1402 -0.8701 0.4654, 0.146 -0.8661 0.4647, 0.146 -0.8701 0.4647, 0.1508 -0.8661 0.4629, 0.1508 -0.8701 0.4629, 0.1523 -0.8661 0.462, 0.1523 -0.8701 0.462, 0.1523 -0.8701 0.4701, 0.1523 -0.8661 0.4701, 0.1469 -0.8661 0.4717, 0.1469 -0.8701 0.4717, 0.141 -0.8661 0.4722, 0.141 -0.8701 0.4722, 0.1343 -0.8661 0.4714, 0.1343 -0.8701 0.4714, 0.1298 -0.8661 0.4697, 0.1298 -0.8701 0.4697, 0.1278 -0.8661 0.4684, 0.1278 -0.8701 0.4684, 0.1263 -0.8661 0.467, 0.1252 -0.8701 0.466, 0.1252 -0.8661 0.466, 0.1237 -0.8661 0.4638, 0.1237 -0.8701 0.4638, 0.1227 -0.8661 0.4611, 0.1227 -0.8701 0.4611, 0.1225 -0.8661 0.4583, 0.1225 -0.8701 0.4583, 0.1229 -0.8661 0.4548, 0.1229 -0.8701 0.4548, 0.1239 -0.8661 0.4523, 0.1239 -0.8701 0.4523, 0.1248 -0.8661 0.4507, 0.1248 -0.8701 0.4507, 0.1351 -0.8661 0.4444, 0.1351 -0.8701 0.4444, 0.1301 -0.8701 0.4467, 0.1262 -0.8661 0.4493, 0.1262 -0.8701 0.4493, 0.1263 -0.8661 0.4493, 0.1301 -0.8661 0.4467, 0.1406 -0.8661 0.4421, 0.1406 -0.8701 0.4421, 0.1439 -0.8661 0.4402, 0.1439 -0.8701 0.4402, 0.1449 -0.8661 0.4391, 0.1449 -0.8701 0.4391, 0.1456 -0.8661 0.438, 0.1456 -0.8701 0.438, 0.1459 -0.8661 0.4367, 0.1459 -0.8701 0.4367, 0.146 -0.8661 0.4356, 0.146 -0.8701 0.4356, 0.1458 -0.8661 0.434, 0.1458 -0.8701 0.434, 0.1454 -0.8661 0.4328, 0.1454 -0.8701 0.4328, 0.1447 -0.8661 0.4318, 0.1447 -0.8701 0.4318, 0.1437 -0.8661 0.4309, 0.1437 -0.8701 0.4309, 0.143 -0.8661 0.4305, 0.143 -0.8701 0.4305, 0.1408 -0.8661 0.4297, 0.1408 -0.8701 0.4297, 0.1365 -0.8661 0.4292, 0.1365 -0.8701 0.4292, 0.196 -0.8701 0.4711, 0.2047 -0.8701 0.4711, 0.196 -0.8661 0.4711, 0.2047 -0.8661 0.4711, 0.183 -0.8701 0.4353, 0.183 -0.8661 0.4353, 0.1824 -0.8661 0.433, 0.1824 -0.8701 0.433, 0.182 -0.8661 0.4314, 0.182 -0.8701 0.4314, 0.1818 -0.8701 0.4314, 0.1818 -0.8661 0.4314, 0.1807 -0.8701 0.4353, 0.1807 -0.8661 0.4353, 0.1683 -0.8661 0.4711, 0.1683 -0.8701 0.4711, 0.1723 -0.8661 0.4595, 0.1589 -0.8701 0.4711, 0.1589 -0.8661 0.4711, 0.1776 -0.8661 0.4236, 0.1776 -0.8701 0.4236, 0.1723 -0.8661 0.4371, 0.174 -0.8661 0.4149, 0.174 -0.8701 0.4149, 0.1774 -0.8661 0.4229, 0.1723 -0.8661 0.412, 0.1721 -0.8701 0.4116, 0.1721 -0.8661 0.4116, 0.1704 -0.8661 0.4099, 0.1704 -0.8701 0.4099, 0.1688 -0.8661 0.4089, 0.1688 -0.8701 0.4089, 0.167 -0.8661 0.4083, 0.167 -0.8701 0.4083, 0.1654 -0.8661 0.4082, 0.1654 -0.8701 0.4082, 0.1624 -0.8661 0.4086, 0.1624 -0.8701 0.4086, 0.1607 -0.8661 0.4092, 0.1607 -0.8701 0.4092, 0.1607 -0.8701 0.4017, 0.1607 -0.8661 0.4017, 0.1642 -0.8661 0.4011, 0.1642 -0.8701 0.4011, 0.1661 -0.8661 0.401, 0.1661 -0.8701 0.401, 0.1696 -0.8661 0.4015, 0.1696 -0.8701 0.4015, 0.1723 -0.8661 0.4025, 0.1729 -0.8701 0.4028, 0.1729 -0.8661 0.4028, 0.1758 -0.8661 0.4048, 0.1758 -0.8701 0.4048, 0.1759 -0.8661 0.4049, 0.1759 -0.8701 0.4049, 0.1789 -0.8661 0.4084, 0.1789 -0.8701 0.4084, 0.1829 -0.8661 0.416, 0.1829 -0.8701 0.416, 0.1831 -0.8661 0.4163, 0.1831 -0.8701 0.4163, 0.1857 -0.8661 0.4229, 0.2496 -0.8701 0.4311, 0.2496 -0.8701 0.4235, 0.2496 -0.8661 0.4311, 0.2496 -0.8661 0.4235, 0.2223 -0.8661 0.4311, 0.2223 -0.8701 0.4311, 0.2348 -0.8661 0.4311, 0.2223 -0.8701 0.4535, 0.2223 -0.8661 0.4535, 0.2462 -0.8701 0.4535, 0.2348 -0.8661 0.4535, 0.2462 -0.8661 0.4535, 0.2462 -0.8701 0.4612, 0.2462 -0.8661 0.4612, 0.2223 -0.8661 0.4612, 0.2223 -0.8701 0.4612, 0.2348 -0.8661 0.4612, 0.2223 -0.8701 0.4825, 0.2223 -0.8661 0.4825, 0.2481 -0.8661 0.4825, 0.2481 -0.8701 0.4825, 0.2348 -0.8661 0.4825, 0.2481 -0.8701 0.4902, 0.2481 -0.8661 0.4902, 0.2137 -0.8661 0.4902, 0.2137 -0.8701 0.4902, 0.2348 -0.8661 0.4902, 0.2137 -0.8701 0.4235, 0.2137 -0.8661 0.4235, 0.2348 -0.8661 0.4235, 0.3036 -0.8701 0.4422, 0.3003 -0.8701 0.438, 0.3064 -0.8701 0.4328, 0.2991 -0.8701 0.4369, 0.2996 -0.8701 0.4279, 0.2947 -0.8701 0.434, 0.292 -0.8701 0.4249, 0.289 -0.8701 0.432, 0.2805 -0.8701 0.4235, 0.2805 -0.8701 0.4311, 0.2622 -0.8701 0.4235, 0.2708 -0.8701 0.4311, 0.2622 -0.8701 0.4902, 0.2708 -0.8701 0.4825, 0.2812 -0.8701 0.4902, 0.2809 -0.8701 0.4825, 0.2914 -0.8701 0.4891, 0.2895 -0.8701 0.4816, 0.2995 -0.8701 0.4861, 0.2953 -0.8701 0.4795, 0.3064 -0.8701 0.4814, 0.3001 -0.8701 0.4763, 0.3087 -0.8701 0.4791, 0.3023 -0.8701 0.474, 0.3129 -0.8701 0.4733, 0.3048 -0.8701 0.4702, 0.3154 -0.8701 0.467, 0.3066 -0.8701 0.4651, 0.3165 -0.8701 0.4577, 0.3075 -0.8701 0.4575, 0.3163 -0.8701 0.4535, 0.3072 -0.8701 0.4532, 0.3147 -0.8701 0.4457, 0.3059 -0.8701 0.4471, 0.3114 -0.8701 0.4387, 0.2805 -0.8661 0.4235, 0.2622 -0.8661 0.4235, 0.292 -0.8661 0.4249, 0.2996 -0.8661 0.4279, 0.3064 -0.8661 0.4328, 0.3114 -0.8661 0.4387, 0.3147 -0.8661 0.4457, 0.3163 -0.8661 0.4535, 0.3165 -0.8661 0.4577, 0.3154 -0.8661 0.467, 0.3129 -0.8661 0.4733, 0.3087 -0.8661 0.4791, 0.3064 -0.8661 0.4814, 0.2995 -0.8661 0.4861, 0.2914 -0.8661 0.4891, 0.2812 -0.8661 0.4902, 0.2622 -0.8661 0.4902, 0.2809 -0.8661 0.4825, 0.2708 -0.8661 0.4825, 0.2708 -0.8661 0.4311, 0.2805 -0.8661 0.4311, 0.3003 -0.8661 0.438, 0.2991 -0.8661 0.4369, 0.2947 -0.8661 0.434, 0.289 -0.8661 0.432, 0.3075 -0.8661 0.4575, 0.3072 -0.8661 0.4532, 0.3059 -0.8661 0.4471, 0.3036 -0.8661 0.4422, 0.3001 -0.8661 0.4763, 0.3023 -0.8661 0.474, 0.3048 -0.8661 0.4702, 0.3066 -0.8661 0.4651, 0.2895 -0.8661 0.4816, 0.2953 -0.8661 0.4795
            ]
        }
        coordIndex [
            0,1,2,-1,3,4,5,-1,3,5,6,-1,6,5,7,-1,6,7,2,-1,2,7,8,-1,2,8,0,-1,9,1,10,-1,10,1,0,-1,10,11,9,-1,9,11,12,-1,13,14,15,-1,15,14,12,-1,15,12,16,-1,16,12,11,-1,14,13,17,-1,17,13,18,-1,18,19,17,-1,17,19,20,-1,17,20,21,-1,21,20,22,-1,21,22,23,-1,23,22,24,-1,23,24,25,-1,25,24,26,-1,25,26,27,-1,27,26,28,-1,27,28,29,-1,29,28,30,-1,29,30,31,-1,31,30,32,-1,31,32,33,-1,33,32,34,-1,33,34,35,-1,35,34,36,-1,35,36,37,-1,37,36,38,-1,37,38,39,-1,39,38,40,-1,39,40,41,-1,41,40,42,-1,41,42,43,-1,43,42,44,-1,43,44,45,-1,45,44,46,-1,45,46,47,-1,47,46,48,-1,47,48,49,-1,49,48,50,-1,49,50,51,-1,51,50,52,-1,51,52,53,-1,53,52,54,-1,53,54,55,-1,55,54,56,-1,55,56,57,-1,57,56,58,-1,57,58,59,-1,59,58,60,-1,59,60,61,-1,61,60,62,-1,61,62,63,-1,63,62,64,-1,63,64,65,-1,65,64,66,-1,65,66,67,-1,67,66,68,-1,67,68,69,-1,69,68,70,-1,69,70,71,-1,71,70,72,-1,71,72,73,-1,73,72,74,-1,73,74,75,-1,76,75,77,-1,77,75,74,-1,76,77,78,-1,76,78,79,-1,79,78,80,-1,79,80,81,-1,81,80,82,-1,81,82,83,-1,83,82,84,-1,83,84,85,-1,85,84,86,-1,85,86,87,-1,86,88,87,-1,87,88,89,-1,88,90,89,-1,89,90,91,-1,89,91,92,-1,92,91,93,-1,92,93,94,-1,94,93,95,-1,94,95,96,-1,96,95,97,-1,96,97,98,-1,98,97,99,-1,98,99,100,-1,100,99,101,-1,100,101,102,-1,103,104,105,-1,102,101,106,-1,102,106,107,-1,107,106,108,-1,107,108,105,-1,105,108,109,-1,105,109,103,-1,104,103,110,-1,104,110,111,-1,111,110,112,-1,111,112,113,-1,113,112,114,-1,113,114,115,-1,115,114,116,-1,115,116,117,-1,117,116,118,-1,117,118,119,-1,119,118,120,-1,119,120,121,-1,121,120,122,-1,121,122,123,-1,123,122,124,-1,123,124,125,-1,125,124,126,-1,125,126,127,-1,127,126,128,-1,127,128,129,-1,129,128,130,-1,129,130,131,-1,131,130,132,-1,131,132,133,-1,133,132,134,-1,133,134,135,-1,135,134,4,-1,135,4,3,-1,59,61,87,-1,87,61,85,-1,85,61,63,-1,85,63,83,-1,125,25,27,-1,111,43,104,-1,104,43,45,-1,125,27,123,-1,123,27,29,-1,123,29,121,-1,121,29,31,-1,121,31,119,-1,119,31,33,-1,119,33,117,-1,117,33,35,-1,117,35,115,-1,115,35,37,-1,115,37,113,-1,113,37,39,-1,113,39,111,-1,111,39,41,-1,111,41,43,-1,25,125,23,-1,23,125,127,-1,23,127,21,-1,14,3,12,-1,12,3,6,-1,12,6,9,-1,9,6,2,-1,9,2,1,-1,63,65,83,-1,83,65,67,-1,83,67,81,-1,81,67,69,-1,81,69,79,-1,79,69,71,-1,79,71,76,-1,76,71,73,-1,76,73,75,-1,127,129,21,-1,21,129,131,-1,21,131,17,-1,17,131,133,-1,17,133,14,-1,14,133,135,-1,14,135,3,-1,87,89,59,-1,59,89,92,-1,59,92,57,-1,57,92,94,-1,57,94,55,-1,55,94,96,-1,55,96,53,-1,53,96,98,-1,53,98,51,-1,51,98,100,-1,51,100,49,-1,49,100,102,-1,49,102,47,-1,47,102,107,-1,47,107,45,-1,45,107,105,-1,45,105,104,-1,136,137,138,-1,138,137,139,-1,140,136,141,-1,141,136,138,-1,140,141,142,-1,140,142,143,-1,143,142,144,-1,143,144,145,-1,146,145,147,-1,147,145,144,-1,148,146,149,-1,149,146,147,-1,150,151,152,-1,152,151,148,-1,152,148,149,-1,153,151,154,-1,154,151,150,-1,155,156,157,-1,157,156,153,-1,157,153,154,-1,158,159,160,-1,160,159,156,-1,160,156,155,-1,158,161,159,-1,159,161,162,-1,161,163,162,-1,162,163,164,-1,162,164,165,-1,165,164,166,-1,165,166,167,-1,167,166,168,-1,167,168,169,-1,169,168,170,-1,169,170,171,-1,171,170,172,-1,171,172,173,-1,173,172,174,-1,173,174,175,-1,176,175,177,-1,177,175,174,-1,176,177,178,-1,176,178,179,-1,179,178,180,-1,179,180,181,-1,181,180,182,-1,181,182,183,-1,183,182,184,-1,183,184,185,-1,184,186,185,-1,185,186,187,-1,185,187,188,-1,188,187,189,-1,188,189,190,-1,190,189,191,-1,190,191,192,-1,192,191,193,-1,192,193,194,-1,194,193,195,-1,194,195,196,-1,139,137,197,-1,197,137,196,-1,197,196,195,-1,143,145,196,-1,137,136,196,-1,196,136,140,-1,196,140,143,-1,151,153,148,-1,148,153,156,-1,148,156,146,-1,145,146,196,-1,196,146,156,-1,196,156,194,-1,194,156,159,-1,194,159,192,-1,192,159,162,-1,192,162,190,-1,190,162,165,-1,175,176,173,-1,173,176,179,-1,173,179,171,-1,171,179,181,-1,171,181,169,-1,169,181,183,-1,169,183,167,-1,167,183,185,-1,167,185,165,-1,165,185,188,-1,165,188,190,-1,198,199,200,-1,200,199,201,-1,202,203,204,-1,204,203,198,-1,204,198,200,-1,205,203,206,-1,206,203,202,-1,205,206,207,-1,207,206,208,-1,207,208,209,-1,210,207,211,-1,211,207,209,-1,212,213,214,-1,214,213,210,-1,214,210,211,-1,215,213,216,-1,216,213,212,-1,217,218,219,-1,219,218,215,-1,219,215,216,-1,220,218,221,-1,221,218,217,-1,222,223,224,-1,224,223,220,-1,224,220,221,-1,225,223,226,-1,226,223,222,-1,201,199,227,-1,227,199,225,-1,227,225,226,-1,225,199,198,-1,198,203,225,-1,225,203,205,-1,225,205,223,-1,218,220,215,-1,215,220,223,-1,215,223,213,-1,213,223,205,-1,213,205,210,-1,210,205,207,-1,228,229,230,-1,230,229,231,-1,230,231,232,-1,232,231,233,-1,232,233,234,-1,234,233,235,-1,234,235,236,-1,236,235,237,-1,236,237,238,-1,238,237,239,-1,238,239,240,-1,240,239,241,-1,240,241,242,-1,242,241,243,-1,242,243,244,-1,244,243,245,-1,244,245,246,-1,246,245,247,-1,246,247,248,-1,248,247,249,-1,248,249,250,-1,250,249,251,-1,250,251,252,-1,252,251,253,-1,252,253,254,-1,254,253,255,-1,254,255,256,-1,256,255,257,-1,256,257,258,-1,258,257,259,-1,258,259,260,-1,260,259,261,-1,260,261,262,-1,262,261,228,-1,262,228,230,-1,236,238,263,-1,263,238,264,-1,236,263,265,-1,236,265,234,-1,234,265,266,-1,234,266,232,-1,232,266,267,-1,232,267,230,-1,230,267,268,-1,230,268,262,-1,262,268,269,-1,262,269,260,-1,260,269,270,-1,260,270,258,-1,258,270,271,-1,258,271,256,-1,256,271,272,-1,256,272,254,-1,254,272,273,-1,254,273,252,-1,252,273,274,-1,252,274,250,-1,250,274,275,-1,250,275,248,-1,248,275,276,-1,248,276,246,-1,246,276,277,-1,246,277,244,-1,244,277,278,-1,244,278,242,-1,240,242,279,-1,279,242,278,-1,238,240,264,-1,264,240,279,-1,243,241,280,-1,280,241,281,-1,241,239,281,-1,281,239,282,-1,239,237,282,-1,282,237,283,-1,229,284,285,-1,229,285,231,-1,231,285,286,-1,231,286,233,-1,233,286,287,-1,233,287,235,-1,235,287,283,-1,235,283,237,-1,257,288,289,-1,257,289,259,-1,259,289,290,-1,259,290,261,-1,261,290,291,-1,261,291,228,-1,228,291,284,-1,228,284,229,-1,249,292,293,-1,249,293,251,-1,251,293,294,-1,251,294,253,-1,253,294,295,-1,253,295,255,-1,255,295,288,-1,255,288,257,-1,243,280,296,-1,243,296,245,-1,245,296,297,-1,245,297,247,-1,247,297,292,-1,247,292,249,-1,
        ]
    }
}
Shape{
    appearance Appearance {
        material  Material 	{
            diffuseColor 0.0 0.0 0.0
            specularColor 0.0 0.0 0.0
            ambientIntensity 0.0
            transparency 0.0
            shininess 0.5
        }
    }
    geometry IndexedFaceSet {
        ccw TRUE
        solid FALSE
        coord DEF co Coordinate {
            point [
                0.2708 -0.8661 0.4825, 0.2708 -0.8661 0.4311, 0.2809 -0.8661 0.4825, 0.2805 -0.8661 0.4311, 0.289 -0.8661 0.432, 0.2947 -0.8661 0.434, 0.2991 -0.8661 0.4369, 0.3003 -0.8661 0.438, 0.3036 -0.8661 0.4422, 0.3059 -0.8661 0.4471, 0.3072 -0.8661 0.4532, 0.3075 -0.8661 0.4575, 0.3066 -0.8661 0.4651, 0.3048 -0.8661 0.4702, 0.3023 -0.8661 0.474, 0.3001 -0.8661 0.4763, 0.2895 -0.8661 0.4816, 0.2953 -0.8661 0.4795
            ]
        }
        coordIndex [
            0,1,2,-1,2,1,3,-1,2,3,4,-1,4,5,2,-1,2,5,6,-1,2,6,7,-1,7,8,2,-1,2,8,9,-1,2,9,10,-1,10,11,2,-1,2,11,12,-1,2,12,13,-1,13,14,2,-1,2,14,15,-1,2,15,16,-1,16,15,17,-1,
        ]
    }
}
Shape{
    appearance Appearance {
        material  Material 	{
            diffuseColor 1.0 1.0 1.0
            specularColor 0.5019607843137255 0.5019607843137255 0.5019607843137255
            ambientIntensity 1.0
            transparency 0.0
            shininess 0.5
        }
    }
    geometry IndexedFaceSet {
        ccw TRUE
        solid FALSE
        coord DEF co Coordinate {
            point [
                0.3389 -0.8701 0.4493, 0.3361 -0.8701 0.4417, 0.3613 -0.8701 0.4493, 0.3639 -0.8701 0.4417, 0.3488 -0.8701 0.477, 0.3456 -0.8701 0.4902, 0.3202 -0.8701 0.4235, 0.3297 -0.8701 0.4235, 0.3494 -0.8701 0.479, 0.3499 -0.8701 0.4817, 0.3548 -0.8701 0.4902, 0.3501 -0.8701 0.4817, 0.3507 -0.8701 0.4789, 0.3512 -0.8701 0.477, 0.3802 -0.8701 0.4235, 0.3707 -0.8701 0.4235, 0.3548 -0.8661 0.4902, 0.3802 -0.8661 0.4235, 0.3456 -0.8661 0.4902, 0.3202 -0.8661 0.4235, 0.3297 -0.8661 0.4235, 0.3361 -0.8661 0.4417, 0.3639 -0.8661 0.4417, 0.3707 -0.8661 0.4235, 0.3389 -0.8661 0.4493, 0.3613 -0.8661 0.4493, 0.3512 -0.8661 0.477, 0.3501 -0.8661 0.4817, 0.3507 -0.8661 0.4789, 0.3499 -0.8661 0.4817, 0.3488 -0.8661 0.477, 0.3494 -0.8661 0.479
            ]
        }
        coordIndex [
            0,1,2,-1,2,1,3,-1,4,5,0,-1,0,5,6,-1,0,6,1,-1,1,6,7,-1,4,8,5,-1,5,8,9,-1,5,9,10,-1,10,9,11,-1,10,11,12,-1,12,13,10,-1,10,13,2,-1,10,2,14,-1,14,2,3,-1,14,3,15,-1,10,14,16,-1,16,14,17,-1,5,10,18,-1,18,10,16,-1,6,5,19,-1,19,5,18,-1,7,6,20,-1,20,6,19,-1,1,7,21,-1,21,7,20,-1,3,1,22,-1,22,1,21,-1,15,3,23,-1,23,3,22,-1,14,15,17,-1,17,15,23,-1,0,2,24,-1,24,2,25,-1,2,13,25,-1,25,13,26,-1,11,27,28,-1,11,28,12,-1,12,28,26,-1,12,26,13,-1,11,9,27,-1,27,9,29,-1,4,30,31,-1,4,31,8,-1,8,31,29,-1,8,29,9,-1,4,0,30,-1,30,0,24,-1,
        ]
    }
}
Shape{
    appearance Appearance {
        material  Material 	{
            diffuseColor 0.0 0.0 0.0
            specularColor 0.0 0.0 0.0
            ambientIntensity 0.0
            transparency 0.0
            shininess 0.5
        }
    }
    geometry IndexedFaceSet {
        ccw TRUE
        solid FALSE
        coord DEF co Coordinate {
            point [
                0.3501 -0.8661 0.4817, 0.3499 -0.8661 0.4817, 0.3507 -0.8661 0.4789, 0.3494 -0.8661 0.479, 0.3512 -0.8661 0.477, 0.3488 -0.8661 0.477, 0.3613 -0.8661 0.4493, 0.3389 -0.8661 0.4493
            ]
        }
        coordIndex [
            0,1,2,-1,2,1,3,-1,2,3,4,-1,4,3,5,-1,4,5,6,-1,6,5,7,-1,
        ]
    }
}
Shape{
    appearance Appearance {
        material  Material 	{
            diffuseColor 1.0 1.0 1.0
            specularColor 0.5019607843137255 0.5019607843137255 0.5019607843137255
            ambientIntensity 1.0
            transparency 0.0
            shininess 0.5
        }
    }
    geometry IndexedFaceSet {
        ccw TRUE
        solid FALSE
        coord DEF co Coordinate {
            point [
                -0.2658 -0.8701 0.414, -0.2587 -0.8701 0.4053, -0.2701 -0.8701 0.456, -0.1866 -0.8701 0.4122, -0.181 -0.8701 0.4228, -0.1783 -0.8701 0.4345, -0.2382 -0.8701 0.4251, -0.2344 -0.8701 0.4225, -0.2495 -0.8701 0.3983, -0.23 -0.8701 0.4209, -0.1116 -0.8701 0.4792, -0.1263 -0.8701 0.5044, -0.178 -0.8701 0.4441, -0.1899 -0.8701 0.4712, -0.178 -0.8701 0.4394, -0.2034 -0.8701 0.3974, -0.194 -0.8701 0.404, -0.2087 -0.8701 0.4456, -0.2076 -0.8701 0.4413, -0.2076 -0.8701 0.4366, -0.2087 -0.8701 0.4321, -0.211 -0.8701 0.428, -0.2804 -0.8701 0.4623, -0.2791 -0.8701 0.4269, -0.2705 -0.8701 0.4242, -0.096 -0.8701 0.5262, -0.0922 -0.8701 0.5262, -0.0727 -0.8701 0.5518, -0.0832 -0.8701 0.5251, -0.0695 -0.8701 0.5507, -0.0749 -0.8701 0.5219, -0.0555 -0.8701 0.5435, -0.0428 -0.8701 0.5325, -0.2294 -0.8701 0.5419, -0.2259 -0.8701 0.54, -0.2406 -0.8701 0.5746, -0.2194 -0.8701 0.5538, -0.2309 -0.8701 0.5859, -0.209 -0.8701 0.5667, -0.2198 -0.8701 0.5955, -0.1959 -0.8701 0.5766, -0.2083 -0.8701 0.6026, -0.2412 -0.8701 0.4285, -0.2433 -0.8701 0.4324, -0.2443 -0.8701 0.4368, -0.1165 -0.8701 0.4235, -0.1145 -0.8701 0.4233, -0.1107 -0.8701 0.4522, -0.1864 -0.8701 0.6111, -0.1805 -0.8701 0.5831, -0.1628 -0.8701 0.614, -0.0983 -0.8701 0.5893, -0.1143 -0.8701 0.5649, -0.0828 -0.8701 0.5714, -0.1043 -0.8701 0.5516, -0.0978 -0.8701 0.5359, -0.2889 -0.8701 0.4711, -0.3085 -0.8701 0.447, -0.2959 -0.8701 0.4359, -0.2971 -0.8701 0.5111, -0.3282 -0.8701 0.5047, -0.2985 -0.8701 0.4996, -0.3284 -0.8701 0.4987, -0.298 -0.8701 0.4924, -0.3267 -0.8701 0.4825, -0.2946 -0.8701 0.4808, -0.3205 -0.8701 0.4647, -0.3105 -0.8701 0.4494, -0.2385 -0.8701 0.3937, -0.2273 -0.8701 0.392, -0.2259 -0.8701 0.4204, -0.2255 -0.8701 0.3919, -0.222 -0.8701 0.4208, -0.214 -0.8701 0.3933, -0.2178 -0.8701 0.4223, -0.2141 -0.8701 0.4247, -0.0675 -0.8701 0.5168, -0.062 -0.8701 0.5106, -0.0333 -0.8701 0.5189, -0.0576 -0.8701 0.5024, -0.0277 -0.8701 0.5043, -0.0554 -0.8701 0.4933, -0.0257 -0.8701 0.4897, -0.0552 -0.8701 0.4892, -0.0893 -0.8701 0.4522, -0.0865 -0.8701 0.4233, -0.0809 -0.8701 0.4538, -0.0717 -0.8701 0.4263, -0.0725 -0.8701 0.4577, -0.0571 -0.8701 0.4331, -0.0655 -0.8701 0.4634, -0.0446 -0.8701 0.4432, -0.0648 -0.8701 0.4641, -0.0433 -0.8701 0.4446, -0.0596 -0.8701 0.4715, -0.0344 -0.8701 0.4568, -0.0563 -0.8701 0.48, -0.0282 -0.8701 0.4717, -0.0258 -0.8701 0.4872, -0.2401 -0.8701 0.5457, -0.2461 -0.8701 0.5752, -0.2511 -0.8701 0.5471, -0.2516 -0.8701 0.5755, -0.2559 -0.8701 0.5468, -0.2678 -0.8701 0.5738, -0.2677 -0.8701 0.5441, -0.2856 -0.8701 0.5676, -0.2782 -0.8701 0.5385, -0.3015 -0.8701 0.557, -0.2865 -0.8701 0.5311, -0.3061 -0.8701 0.5528, -0.2931 -0.8701 0.5217, -0.3163 -0.8701 0.5401, -0.3244 -0.8701 0.5234, -0.1281 -0.8701 0.4393, -0.1282 -0.8701 0.438, -0.113 -0.8701 0.4526, -0.1647 -0.8701 0.5855, -0.1624 -0.8701 0.5855, -0.1433 -0.8701 0.6119, -0.1474 -0.8701 0.5838, -0.1195 -0.8701 0.6035, -0.1325 -0.8701 0.5784, -0.119 -0.8701 0.5694, -0.2443 -0.8701 0.4411, -0.2432 -0.8701 0.4456, -0.2648 -0.8701 0.4662, -0.241 -0.8701 0.4497, -0.2569 -0.8701 0.4752, -0.2378 -0.8701 0.4531, -0.2472 -0.8701 0.4819, -0.234 -0.8701 0.4555, -0.2368 -0.8701 0.4859, -0.2298 -0.8701 0.457, -0.2255 -0.8701 0.4873, -0.2259 -0.8701 0.4574, -0.2197 -0.8701 0.487, -0.2221 -0.8701 0.457, -0.2082 -0.8701 0.4841, -0.2177 -0.8701 0.4555, -0.1982 -0.8701 0.4787, -0.2139 -0.8701 0.4529, -0.2108 -0.8701 0.4495, -0.1246 -0.8701 0.4284, -0.1229 -0.8701 0.4267, -0.1278 -0.8701 0.4346, -0.1266 -0.8701 0.4314, -0.1116 -0.8701 0.4523, -0.1197 -0.8701 0.4246, -0.1135 -0.8701 0.4527, -0.1169 -0.8701 0.4523, -0.1202 -0.8701 0.451, -0.1231 -0.8701 0.449, -0.1256 -0.8701 0.4463, -0.1273 -0.8701 0.443, -0.0402 -0.8661 0.5288, -0.0333 -0.8661 0.5189, -0.0296 -0.8661 0.5092, -0.0277 -0.8661 0.5043, -0.0257 -0.8661 0.4897, -0.0428 -0.8661 0.5325, -0.0555 -0.8661 0.5435, -0.0695 -0.8661 0.5507, -0.0727 -0.8661 0.5518, -0.0828 -0.8661 0.5714, -0.0983 -0.8661 0.5893, -0.1092 -0.8661 0.5966, -0.1195 -0.8661 0.6035, -0.1433 -0.8661 0.6119, -0.1628 -0.8661 0.614, -0.2198 -0.8661 0.5955, -0.2179 -0.8661 0.5966, -0.2083 -0.8661 0.6026, -0.1864 -0.8661 0.6111, -0.2309 -0.8661 0.5859, -0.2406 -0.8661 0.5746, -0.2461 -0.8661 0.5752, -0.2516 -0.8661 0.5755, -0.2678 -0.8661 0.5738, -0.2856 -0.8661 0.5676, -0.3015 -0.8661 0.557, -0.3061 -0.8661 0.5528, -0.3163 -0.8661 0.5401, -0.3218 -0.8661 0.5288, -0.3244 -0.8661 0.5234, -0.3273 -0.8661 0.5092, -0.3282 -0.8661 0.5047, -0.3284 -0.8661 0.4987, -0.3267 -0.8661 0.4825, -0.3205 -0.8661 0.4647, -0.3105 -0.8661 0.4494, -0.3085 -0.8661 0.447, -0.2959 -0.8661 0.4359, -0.2791 -0.8661 0.4269, -0.2705 -0.8661 0.4242, -0.2699 -0.8661 0.4229, -0.2658 -0.8661 0.414, -0.2587 -0.8661 0.4053, -0.2495 -0.8661 0.3983, -0.2451 -0.8661 0.3965, -0.2385 -0.8661 0.3937, -0.2273 -0.8661 0.392, -0.2255 -0.8661 0.3919, -0.178 -0.8661 0.4394, -0.214 -0.8661 0.3933, -0.2058 -0.8661 0.3965, -0.2034 -0.8661 0.3974, -0.194 -0.8661 0.404, -0.1866 -0.8661 0.4122, -0.181 -0.8661 0.4228, -0.181 -0.8661 0.4229, -0.1783 -0.8661 0.4345, -0.178 -0.8661 0.4441, -0.1116 -0.8661 0.4792, -0.1263 -0.8661 0.5044, -0.1899 -0.8661 0.4712, -0.1982 -0.8661 0.4787, -0.2082 -0.8661 0.4841, -0.2197 -0.8661 0.487, -0.2255 -0.8661 0.4873, -0.2368 -0.8661 0.4859, -0.2472 -0.8661 0.4819, -0.2569 -0.8661 0.4752, -0.2648 -0.8661 0.4662, -0.2701 -0.8661 0.456, -0.2804 -0.8661 0.4623, -0.2889 -0.8661 0.4711, -0.2946 -0.8661 0.4808, -0.298 -0.8661 0.4924, -0.2985 -0.8661 0.4996, -0.2973 -0.8661 0.5092, -0.2971 -0.8661 0.5111, -0.2931 -0.8661 0.5217, -0.2881 -0.8661 0.5288, -0.2865 -0.8661 0.5311, -0.2782 -0.8661 0.5385, -0.2677 -0.8661 0.5441, -0.2559 -0.8661 0.5468, -0.2511 -0.8661 0.5471, -0.2401 -0.8661 0.5457, -0.2294 -0.8661 0.5419, -0.2259 -0.8661 0.54, -0.2194 -0.8661 0.5538, -0.209 -0.8661 0.5667, -0.1959 -0.8661 0.5766, -0.1805 -0.8661 0.5831, -0.1647 -0.8661 0.5855, -0.1624 -0.8661 0.5855, -0.1474 -0.8661 0.5838, -0.1325 -0.8661 0.5784, -0.119 -0.8661 0.5694, -0.1143 -0.8661 0.5649, -0.1043 -0.8661 0.5516, -0.0978 -0.8661 0.5359, -0.0964 -0.8661 0.5288, -0.096 -0.8661 0.5262, -0.0922 -0.8661 0.5262, -0.0832 -0.8661 0.5251, -0.0749 -0.8661 0.5219, -0.0675 -0.8661 0.5168, -0.062 -0.8661 0.5106, -0.0612 -0.8661 0.5092, -0.0576 -0.8661 0.5024, -0.0554 -0.8661 0.4933, -0.0552 -0.8661 0.4892, -0.0563 -0.8661 0.48, -0.0596 -0.8661 0.4715, -0.0648 -0.8661 0.4641, -0.0655 -0.8661 0.4634, -0.0725 -0.8661 0.4577, -0.0809 -0.8661 0.4538, -0.0893 -0.8661 0.4522, -0.1107 -0.8661 0.4522, -0.1116 -0.8661 0.4523, -0.113 -0.8661 0.4526, -0.1135 -0.8661 0.4527, -0.1169 -0.8661 0.4523, -0.1202 -0.8661 0.451, -0.1231 -0.8661 0.449, -0.1256 -0.8661 0.4463, -0.1273 -0.8661 0.443, -0.1281 -0.8661 0.4393, -0.1282 -0.8661 0.438, -0.1278 -0.8661 0.4346, -0.1266 -0.8661 0.4314, -0.1246 -0.8661 0.4284, -0.1229 -0.8661 0.4267, -0.1197 -0.8661 0.4246, -0.1165 -0.8661 0.4235, -0.1145 -0.8661 0.4233, -0.0865 -0.8661 0.4233, -0.0717 -0.8661 0.4263, -0.0571 -0.8661 0.4331, -0.0446 -0.8661 0.4432, -0.0433 -0.8661 0.4446, -0.0344 -0.8661 0.4568, -0.0282 -0.8661 0.4717, -0.0258 -0.8661 0.4872, -0.2259 -0.8661 0.4574, -0.2221 -0.8661 0.457, -0.2177 -0.8661 0.4555, -0.2139 -0.8661 0.4529, -0.2108 -0.8661 0.4495, -0.2087 -0.8661 0.4456, -0.2076 -0.8661 0.4413, -0.2076 -0.8661 0.4366, -0.2087 -0.8661 0.4321, -0.211 -0.8661 0.428, -0.2141 -0.8661 0.4247, -0.2178 -0.8661 0.4223, -0.222 -0.8661 0.4208, -0.2259 -0.8661 0.4204, -0.23 -0.8661 0.4209, -0.2344 -0.8661 0.4225, -0.2382 -0.8661 0.4251, -0.2412 -0.8661 0.4285, -0.2433 -0.8661 0.4324, -0.2443 -0.8661 0.4368, -0.2443 -0.8661 0.4411, -0.2432 -0.8661 0.4456, -0.241 -0.8661 0.4497, -0.2378 -0.8661 0.4531, -0.234 -0.8661 0.4555, -0.2298 -0.8661 0.457
            ]
        }
        coordIndex [
            0,1,2,-1,3,4,5,-1,6,1,7,-1,7,1,8,-1,7,8,9,-1,10,11,12,-1,12,11,13,-1,12,13,14,-1,14,13,15,-1,14,15,5,-1,5,15,16,-1,5,16,3,-1,17,18,13,-1,13,18,19,-1,13,19,15,-1,15,19,20,-1,15,20,21,-1,22,23,2,-1,2,23,24,-1,2,24,0,-1,25,26,27,-1,27,26,28,-1,27,28,29,-1,29,28,30,-1,29,30,31,-1,31,30,32,-1,33,34,35,-1,35,34,36,-1,35,36,37,-1,37,36,38,-1,37,38,39,-1,39,38,40,-1,39,40,41,-1,6,42,1,-1,1,42,43,-1,1,43,2,-1,2,43,44,-1,45,46,47,-1,41,40,48,-1,48,40,49,-1,48,49,50,-1,51,52,53,-1,53,52,54,-1,53,54,27,-1,27,54,55,-1,27,55,25,-1,56,57,22,-1,22,57,58,-1,22,58,23,-1,59,60,61,-1,61,60,62,-1,61,62,63,-1,63,62,64,-1,63,64,65,-1,65,64,66,-1,65,66,56,-1,56,66,67,-1,56,67,57,-1,8,68,9,-1,9,68,69,-1,9,69,70,-1,70,69,71,-1,70,71,72,-1,72,71,73,-1,72,73,74,-1,74,73,15,-1,74,15,75,-1,75,15,21,-1,30,76,32,-1,32,76,77,-1,32,77,78,-1,78,77,79,-1,78,79,80,-1,80,79,81,-1,80,81,82,-1,82,81,83,-1,47,46,84,-1,84,46,85,-1,84,85,86,-1,86,85,87,-1,86,87,88,-1,88,87,89,-1,88,89,90,-1,90,89,91,-1,90,91,92,-1,92,91,93,-1,92,93,94,-1,94,93,95,-1,94,95,96,-1,96,95,97,-1,96,97,83,-1,83,97,98,-1,83,98,82,-1,33,35,99,-1,99,35,100,-1,99,100,101,-1,101,100,102,-1,101,102,103,-1,103,102,104,-1,103,104,105,-1,105,104,106,-1,105,106,107,-1,107,106,108,-1,107,108,109,-1,109,108,110,-1,109,110,111,-1,111,110,112,-1,111,112,59,-1,59,112,113,-1,59,113,60,-1,114,115,116,-1,49,117,50,-1,50,117,118,-1,50,118,119,-1,119,118,120,-1,119,120,121,-1,121,120,122,-1,121,122,51,-1,51,122,123,-1,51,123,52,-1,44,124,2,-1,2,124,125,-1,2,125,126,-1,126,125,127,-1,126,127,128,-1,128,127,129,-1,128,129,130,-1,130,129,131,-1,130,131,132,-1,132,131,133,-1,132,133,134,-1,134,133,135,-1,134,135,136,-1,136,135,137,-1,136,137,138,-1,138,137,139,-1,138,139,140,-1,140,139,141,-1,140,141,13,-1,13,141,142,-1,13,142,17,-1,116,143,144,-1,115,145,116,-1,116,145,146,-1,116,146,143,-1,47,147,45,-1,45,147,116,-1,45,116,148,-1,148,116,144,-1,116,149,114,-1,114,149,150,-1,114,150,151,-1,151,152,114,-1,114,152,153,-1,114,153,154,-1,155,32,156,-1,156,32,78,-1,156,78,157,-1,157,78,80,-1,157,80,158,-1,158,80,82,-1,158,82,159,-1,155,160,32,-1,32,160,161,-1,32,161,31,-1,31,161,162,-1,31,162,29,-1,29,162,163,-1,29,163,27,-1,27,163,164,-1,27,164,53,-1,53,164,165,-1,53,165,51,-1,121,51,166,-1,166,51,165,-1,166,167,121,-1,121,167,168,-1,121,168,119,-1,119,168,169,-1,119,169,50,-1,170,39,171,-1,171,39,41,-1,171,41,172,-1,172,41,48,-1,172,48,173,-1,173,48,50,-1,173,50,169,-1,39,170,174,-1,39,174,37,-1,37,174,175,-1,37,175,35,-1,35,175,176,-1,35,176,100,-1,100,176,177,-1,100,177,102,-1,102,177,178,-1,102,178,104,-1,104,178,179,-1,104,179,106,-1,106,179,180,-1,106,180,108,-1,108,180,181,-1,108,181,110,-1,113,112,182,-1,182,112,110,-1,182,110,181,-1,182,183,113,-1,113,183,184,-1,113,184,60,-1,60,184,185,-1,185,186,60,-1,60,186,187,-1,60,187,62,-1,62,187,188,-1,62,188,64,-1,64,188,189,-1,64,189,66,-1,66,189,190,-1,66,190,67,-1,67,190,191,-1,67,191,57,-1,57,191,192,-1,57,192,58,-1,58,192,193,-1,58,193,23,-1,23,193,194,-1,23,194,24,-1,24,194,195,-1,24,195,0,-1,195,196,0,-1,0,196,197,-1,0,197,1,-1,1,197,198,-1,1,198,8,-1,8,198,199,-1,8,199,68,-1,199,200,68,-1,68,200,201,-1,68,201,69,-1,69,201,202,-1,69,202,71,-1,203,14,5,-1,71,202,204,-1,205,15,204,-1,204,15,73,-1,204,73,71,-1,205,206,15,-1,15,206,207,-1,15,207,16,-1,16,207,208,-1,16,208,3,-1,3,208,209,-1,3,209,4,-1,4,209,210,-1,4,210,5,-1,5,210,211,-1,5,211,203,-1,12,14,212,-1,212,14,203,-1,10,12,213,-1,213,12,212,-1,11,10,214,-1,214,10,213,-1,13,11,215,-1,215,11,214,-1,13,215,216,-1,13,216,140,-1,140,216,217,-1,140,217,138,-1,138,217,218,-1,138,218,136,-1,136,218,219,-1,136,219,134,-1,134,219,220,-1,134,220,132,-1,132,220,221,-1,132,221,130,-1,130,221,222,-1,130,222,128,-1,128,222,223,-1,128,223,126,-1,126,223,224,-1,126,224,2,-1,2,224,225,-1,2,225,22,-1,22,225,226,-1,22,226,56,-1,56,226,227,-1,56,227,65,-1,65,227,228,-1,65,228,63,-1,63,228,229,-1,63,229,61,-1,61,229,230,-1,61,230,59,-1,59,230,231,-1,59,231,232,-1,233,109,232,-1,232,109,111,-1,232,111,59,-1,233,234,109,-1,109,234,235,-1,109,235,107,-1,107,235,236,-1,107,236,105,-1,105,236,237,-1,105,237,103,-1,103,237,238,-1,103,238,101,-1,101,238,239,-1,101,239,99,-1,99,239,240,-1,99,240,33,-1,33,240,241,-1,33,241,34,-1,34,241,242,-1,34,242,36,-1,36,242,243,-1,36,243,38,-1,38,243,244,-1,38,244,40,-1,40,244,245,-1,40,245,49,-1,49,245,246,-1,49,246,117,-1,117,246,247,-1,117,247,118,-1,118,247,248,-1,118,248,120,-1,120,248,249,-1,120,249,122,-1,122,249,250,-1,122,250,123,-1,123,250,251,-1,123,251,52,-1,52,251,252,-1,52,252,54,-1,54,252,253,-1,54,253,55,-1,55,253,25,-1,25,253,254,-1,25,254,255,-1,26,25,256,-1,256,25,255,-1,26,256,257,-1,26,257,28,-1,28,257,258,-1,28,258,30,-1,30,258,259,-1,30,259,76,-1,76,259,260,-1,76,260,77,-1,77,260,261,-1,77,261,79,-1,261,262,79,-1,79,262,263,-1,79,263,81,-1,81,263,264,-1,81,264,83,-1,83,264,265,-1,83,265,96,-1,96,265,266,-1,96,266,94,-1,94,266,267,-1,94,267,92,-1,92,267,268,-1,92,268,90,-1,90,268,269,-1,90,269,88,-1,88,269,270,-1,88,270,86,-1,86,270,271,-1,86,271,84,-1,47,84,272,-1,272,84,271,-1,47,272,273,-1,47,273,147,-1,147,273,274,-1,147,274,116,-1,116,274,275,-1,116,275,149,-1,149,275,276,-1,149,276,150,-1,150,276,277,-1,150,277,151,-1,151,277,278,-1,151,278,152,-1,152,278,279,-1,152,279,153,-1,153,279,280,-1,153,280,154,-1,154,280,281,-1,154,281,114,-1,114,281,282,-1,114,282,115,-1,115,282,283,-1,115,283,145,-1,145,283,284,-1,145,284,146,-1,146,284,285,-1,146,285,143,-1,143,285,286,-1,143,286,144,-1,144,286,287,-1,144,287,148,-1,148,287,288,-1,148,288,45,-1,45,288,289,-1,45,289,46,-1,85,46,290,-1,290,46,289,-1,85,290,291,-1,85,291,87,-1,87,291,292,-1,87,292,89,-1,89,292,293,-1,89,293,91,-1,91,293,294,-1,91,294,93,-1,93,294,295,-1,93,295,95,-1,95,295,296,-1,95,296,97,-1,97,296,297,-1,97,297,98,-1,98,297,159,-1,98,159,82,-1,135,298,299,-1,135,299,137,-1,137,299,300,-1,137,300,139,-1,139,300,301,-1,139,301,141,-1,141,301,302,-1,141,302,142,-1,142,302,303,-1,142,303,17,-1,17,303,304,-1,17,304,18,-1,18,304,305,-1,18,305,19,-1,19,305,306,-1,19,306,20,-1,20,306,307,-1,20,307,21,-1,21,307,308,-1,21,308,75,-1,75,308,309,-1,75,309,74,-1,74,309,310,-1,74,310,72,-1,72,310,311,-1,72,311,70,-1,70,311,312,-1,70,312,9,-1,9,312,313,-1,9,313,7,-1,7,313,314,-1,7,314,6,-1,6,314,315,-1,6,315,42,-1,42,315,316,-1,42,316,43,-1,43,316,317,-1,43,317,44,-1,44,317,318,-1,44,318,124,-1,124,318,319,-1,124,319,125,-1,125,319,320,-1,125,320,127,-1,127,320,321,-1,127,321,129,-1,129,321,322,-1,129,322,131,-1,131,322,323,-1,131,323,133,-1,133,323,298,-1,133,298,135,-1,
        ]
    }
}
Shape{
    appearance Appearance {
        material  Material 	{
            diffuseColor 0.0 0.0 0.0
            specularColor 0.0 0.0 0.0
            ambientIntensity 0.0
            transparency 0.0
            shininess 0.5
        }
    }
    geometry IndexedFaceSet {
        ccw TRUE
        solid FALSE
        coord DEF co Coordinate {
            point [
                -0.2298 -0.8661 0.457, -0.2259 -0.8661 0.4204, -0.2259 -0.8661 0.4574, -0.222 -0.8661 0.4208, -0.2221 -0.8661 0.457, -0.241 -0.8661 0.4497, -0.2432 -0.8661 0.4456, -0.2443 -0.8661 0.4411, -0.2433 -0.8661 0.4324, -0.2412 -0.8661 0.4285, -0.2382 -0.8661 0.4251, -0.2087 -0.8661 0.4456, -0.2108 -0.8661 0.4495, -0.2141 -0.8661 0.4247, -0.2139 -0.8661 0.4529, -0.2443 -0.8661 0.4368, -0.234 -0.8661 0.4555, -0.2378 -0.8661 0.4531, -0.2344 -0.8661 0.4225, -0.23 -0.8661 0.4209, -0.2087 -0.8661 0.4321, -0.2076 -0.8661 0.4366, -0.2076 -0.8661 0.4413, -0.2178 -0.8661 0.4223, -0.2177 -0.8661 0.4555, -0.211 -0.8661 0.428
            ]
        }
        coordIndex [
            0,1,2,-1,2,1,3,-1,2,3,4,-1,5,6,7,-1,8,9,0,-1,0,9,10,-1,11,12,13,-1,13,12,14,-1,8,0,15,-1,15,0,16,-1,15,16,7,-1,7,16,17,-1,7,17,5,-1,10,18,0,-1,0,18,19,-1,0,19,1,-1,20,21,22,-1,3,23,4,-1,4,23,13,-1,4,13,24,-1,24,13,14,-1,11,13,22,-1,22,13,25,-1,22,25,20,-1,
        ]
    }
}