#VRML V2.0 utf8
# 3D model generated by easyeda2kicad.py (https://github.com/uPesy/easyeda2kicad.py)

Shape{
    appearance Appearance {
        material  Material 	{
            diffuseColor 0.25098039215686274 0.25098039215686274 0.25098039215686274
            specularColor 0.12549019607843137 0.12549019607843137 0.12549019607843137
            ambientIntensity 0.251
            transparency 0.0
            shininess 0.5
        }
    }
    geometry IndexedFaceSet {
        ccw TRUE
        solid FALSE
        coord DEF co Coordinate {
            point [
                1.2304 -2.0077 1.034, 1.2304 -2.0077 0.9219, 1.2807 -2.0077 0.9219, 1.6444 -2.0077 0.315, 1.7628 -2.0077 0.315, 1.7628 -2.0077 0.6556, 2.0079 -2.0077 0.315, 2.0424 -2.0077 0.3104, 2.0424 -2.0077 0.6556, 1.43 -2.0077 0.7063, 1.4249 -2.0077 0.7057, 1.4564 -2.0077 0.7057, 1.5644 -2.0077 0.8333, 1.6044 -2.0077 0.8333, 1.6044 -2.0077 0.8693, 1.0526 -2.0077 0.9353, 1.077 -2.0077 0.9147, 1.1622 -2.0077 1.0351, 1.1622 -2.0077 0.9064, 0.9378 -2.0077 1.0454, 0.9528 -2.0077 1.0351, 0.9728 -2.0077 1.0212, 1.004 -2.0077 0.9846, 1.0214 -2.0077 0.9501, 1.0258 -2.0077 0.9486, 0.8932 -2.0077 1.0627, 1.1622 -2.0077 3.9606, 0.8505 -2.0077 1.0679, 0.81 -2.0077 1.0634, 0.7682 -2.0077 1.0484, -2.2047 -2.0077 3.9606, 0.7462 -2.0077 1.0351, -2.2047 -2.0077 1.0351, 0.7425 -2.0077 1.0329, 0.6468 -2.0077 0.9907, 0.6823 -2.0077 0.9951, 0.7214 -2.0077 1.0148, 0.6926 -2.0077 0.9945, 0.7029 -2.0077 0.9933, 0.5788 -2.0077 0.9519, 0.5849 -2.0077 0.9577, 0.6135 -2.0077 0.9778, -2.2047 -2.0077 0.9064, -2.2047 -2.0077 0.8693, 0.5388 -2.0077 0.8693, 0.5428 -2.0077 0.8918, 0.5493 -2.0077 0.9064, 0.5572 -2.0077 0.9242, 0.6349 -2.0077 0.7115, 0.6024 -2.0077 0.7274, -2.2047 -2.0077 0.7057, 0.5743 -2.0077 0.7513, 0.5538 -2.0077 0.7807, 0.5409 -2.0077 0.8142, 0.5365 -2.0077 0.8494, 0.5368 -2.0077 0.858, 0.6463 -2.0077 0.7081, 0.6474 -2.0077 0.7057, 0.6553 -2.0077 0.6888, 0.6687 -2.0077 0.6723, -2.1192 -2.0077 0.2688, -2.0866 -2.0077 0.2939, -2.2047 -2.0077 0.6556, -2.0486 -2.0077 0.3096, -2.1654 -2.0077 0.1181, -2.1654 -2.0077 0.1575, -2.2047 -2.0077 0.1181, -2.16 -2.0077 0.1982, -2.1443 -2.0077 0.2362, 1.1622 -2.0077 0.6556, 0.769 -2.0077 0.6556, 1.1622 -2.0077 0.315, 0.7535 -2.0077 0.6497, -2.0079 -2.0077 0.315, 0.6945 -2.0077 0.6556, 0.6863 -2.0077 0.6591, 0.7317 -2.0077 0.647, 0.7283 -2.0077 0.647, 0.707 -2.0077 0.6504, 1.1622 -2.0077 0.7057, 0.816 -2.0077 0.7057, 0.8159 -2.0077 0.7054, 0.8053 -2.0077 0.6853, 0.7915 -2.0077 0.6698, 0.7736 -2.0077 0.6574, 1.1063 -2.0077 0.8616, 1.1104 -2.0077 0.8323, 1.1622 -2.0077 0.8693, 0.9309 -2.0077 0.7588, 0.937 -2.0077 0.7612, 0.9476 -2.0077 0.8125, 1.0771 -2.0077 0.7468, 1.0526 -2.0077 0.7261, 0.7992 -2.0077 0.7972, 0.9197 -2.0077 0.8602, 0.7835 -2.0077 0.8115, 0.7644 -2.0077 0.8217, 0.9253 -2.0077 0.7549, 1.095 -2.0077 0.7717, 1.0542 -2.0077 0.8392, 1.05 -2.0077 0.8565, 1.0431 -2.0077 0.8693, 0.5954 -2.0077 0.8693, 1.1063 -2.0077 0.8002, 0.944 -2.0077 0.7621, 0.9449 -2.0077 0.762, 0.9476 -2.0077 0.7615, 0.6007 -2.0077 0.8153, 0.6115 -2.0077 0.797, 0.6571 -2.0077 0.7878, 0.6276 -2.0077 0.7805, 0.6472 -2.0077 0.7684, 0.6904 -2.0077 0.8175, 0.672 -2.0077 0.8048, 0.5932 -2.0077 0.8512, 0.5943 -2.0077 0.8373, 0.7103 -2.0077 0.8251, 0.7317 -2.0077 0.8278, 0.7427 -2.0077 0.8271, 0.9161 -2.0077 0.7342, 0.9164 -2.0077 0.7378, 0.8217 -2.0077 0.7459, 0.9182 -2.0077 0.7446, 0.9216 -2.0077 0.7508, 1.0364 -2.0077 0.7838, 1.0463 -2.0077 0.7978, 1.0525 -2.0077 0.8139, 1.0546 -2.0077 0.8314, 0.9371 -2.0077 0.7072, 0.9312 -2.0077 0.7095, 0.9254 -2.0077 0.7137, 0.9233 -2.0077 0.7158, 0.9193 -2.0077 0.7214, 0.917 -2.0077 0.7275, 0.8212 -2.0077 0.7276, 0.8217 -2.0077 0.7369, 1.0252 -2.0077 0.7127, 0.9953 -2.0077 0.7063, 0.9422 -2.0077 0.7063, 0.9494 -2.0077 0.7612, 0.9899 -2.0077 0.7612, 1.006 -2.0077 0.7643, 1.0219 -2.0077 0.7717, 1.0352 -2.0077 0.7825, 0.9773 -2.0077 0.9015, 0.6036 -2.0077 0.893, 0.5959 -2.0077 0.8729, 0.9845 -2.0077 0.9015, 1.0416 -2.0077 0.872, 1.0312 -2.0077 0.8836, 1.0173 -2.0077 0.8934, 1.0016 -2.0077 0.8994, 0.9579 -2.0077 0.9555, 0.9376 -2.0077 0.9798, 0.7308 -2.0077 0.9276, 0.9353 -2.0077 0.9819, 0.9101 -2.0077 0.9994, 0.7446 -2.0077 0.9561, 0.6129 -2.0077 0.9064, 0.7244 -2.0077 0.9311, 0.9762 -2.0077 0.9064, 0.9718 -2.0077 0.9266, 0.7042 -2.0077 0.9385, 0.6832 -2.0077 0.9411, 0.6738 -2.0077 0.9406, 0.7647 -2.0077 0.9802, 0.8819 -2.0077 1.0102, 0.7889 -2.0077 0.9978, 0.8514 -2.0077 1.014, 0.8183 -2.0077 1.0097, 0.6516 -2.0077 0.9354, 0.6316 -2.0077 0.9247, 0.6161 -2.0077 0.9109, 1.0829 -2.0077 0.9064, 1.0953 -2.0077 0.8891, 1.1032 -2.0077 0.8693, 1.6324 -2.0077 0.7212, 1.6324 -2.0077 0.7068, 1.6444 -2.0077 0.7057, 1.6444 -2.0077 0.8693, 1.6295 -2.0077 0.8333, 1.6295 -2.0077 0.8187, 1.5807 -2.0077 0.7638, 1.5807 -2.0077 0.7212, 1.6044 -2.0077 0.7638, 1.6044 -2.0077 0.7212, 1.626 -2.0077 0.7638, 1.626 -2.0077 0.7783, 1.5807 -2.0077 0.8187, 1.5807 -2.0077 0.7783, 1.6044 -2.0077 0.8187, 1.6044 -2.0077 0.7783, 1.6044 -2.0077 0.7057, 1.6044 -2.0077 0.7068, 1.5644 -2.0077 0.7068, 1.5019 -2.0077 0.7292, 1.5038 -2.0077 0.7218, 1.5043 -2.0077 0.7218, 1.5473 -2.0077 0.7971, 1.4859 -2.0077 0.8693, 1.5309 -2.0077 0.7971, 1.4859 -2.0077 0.7751, 1.5062 -2.0077 0.7291, 1.505 -2.0077 0.7249, 1.3913 -2.0077 0.7263, 1.3752 -2.0077 0.8693, 1.3752 -2.0077 0.7057, 1.3977 -2.0077 0.7224, 1.3986 -2.0077 0.722, 1.3986 -2.0077 0.7557, 1.3959 -2.0077 0.7585, 1.3938 -2.0077 0.7618, 1.3921 -2.0077 0.7666, 1.3914 -2.0077 0.7728, 1.392 -2.0077 0.7784, 1.3985 -2.0077 0.7557, 1.4067 -2.0077 0.7057, 1.4009 -2.0077 0.7064, 1.3986 -2.0077 0.7057, 1.3986 -2.0077 0.7072, 1.3913 -2.0077 0.71, 1.448 -2.0077 0.7952, 1.448 -2.0077 0.7798, 1.4016 -2.0077 0.792, 1.4067 -2.0077 0.7951, 1.3986 -2.0077 0.8693, 1.3939 -2.0077 0.7835, 1.3969 -2.0077 0.7878, 1.3986 -2.0077 0.7894, 1.4516 -2.0077 0.725, 1.4496 -2.0077 0.72, 1.4467 -2.0077 0.7158, 1.4155 -2.0077 0.7981, 1.4266 -2.0077 0.7992, 1.4564 -2.0077 0.8693, 1.4377 -2.0077 0.7982, 1.447 -2.0077 0.7463, 1.45 -2.0077 0.7419, 1.4517 -2.0077 0.7373, 1.4523 -2.0077 0.7314, 1.4421 -2.0077 0.7118, 1.4384 -2.0077 0.7095, 1.425 -2.0077 0.7863, 1.4203 -2.0077 0.786, 1.4077 -2.0077 0.7742, 1.4161 -2.0077 0.7849, 1.4125 -2.0077 0.783, 1.4079 -2.0077 0.7721, 1.4085 -2.0077 0.7696, 1.4096 -2.0077 0.7675, 1.4112 -2.0077 0.7658, 1.4168 -2.0077 0.7623, 1.4351 -2.0077 0.7852, 1.4266 -2.0077 0.758, 1.4441 -2.0077 0.782, 1.4327 -2.0077 0.7555, 1.4432 -2.0077 0.7497, 1.4102 -2.0077 0.7809, 1.4088 -2.0077 0.7788, 1.408 -2.0077 0.7767, 1.4076 -2.0077 0.7187, 1.4154 -2.0077 0.7465, 1.4059 -2.0077 0.7508, 1.4174 -2.0077 0.7176, 1.4181 -2.0077 0.7176, 1.4258 -2.0077 0.7421, 1.4262 -2.0077 0.7185, 1.4361 -2.0077 0.7298, 1.4359 -2.0077 0.7318, 1.4303 -2.0077 0.72, 1.4317 -2.0077 0.7209, 1.4335 -2.0077 0.7225, 1.4349 -2.0077 0.7245, 1.4357 -2.0077 0.7268, 1.4352 -2.0077 0.7343, 1.434 -2.0077 0.7364, 1.432 -2.0077 0.7384, 1.7628 -2.0077 0.9064, 1.7217 -2.0077 0.9075, 1.7037 -2.0077 0.9075, 1.6908 -2.0077 0.9421, 1.6444 -2.0077 0.9421, 1.6444 -2.0077 0.9064, 1.6736 -2.0077 1.034, 1.7628 -2.0077 1.0351, 1.6444 -2.0077 1.0351, 1.6381 -2.0077 0.9421, 1.626 -2.0077 0.9075, 1.6044 -2.0077 0.9064, 1.6079 -2.0077 0.9075, 1.6044 -2.0077 1.0351, 1.6444 -2.0077 1.0032, 1.6561 -2.0077 1.034, 1.4859 -2.0077 1.0351, 1.4564 -2.0077 1.0351, 1.4711 -2.0077 1.034, 1.4564 -2.0077 1.034, 1.4223 -2.0077 0.9645, 1.4223 -2.0077 0.9219, 1.4564 -2.0077 0.9645, 1.4564 -2.0077 0.9219, 1.4675 -2.0077 0.9645, 1.474 -2.0077 0.9219, 1.4675 -2.0077 0.9789, 1.4711 -2.0077 1.0194, 1.4564 -2.0077 0.9789, 1.4564 -2.0077 1.0194, 1.4223 -2.0077 0.9789, 1.4223 -2.0077 1.0194, 1.406 -2.0077 0.9075, 1.3986 -2.0077 0.9064, 1.4564 -2.0077 0.9064, 1.4859 -2.0077 0.9064, 1.474 -2.0077 0.9075, 1.4564 -2.0077 0.9075, 1.406 -2.0077 1.034, 1.3986 -2.0077 1.0351, 1.6444 -2.0077 0.6556, 1.6044 -2.0077 0.315, 1.6044 -2.0077 0.6556, 1.4859 -2.0077 0.315, 1.4859 -2.0077 0.6556, 1.4564 -2.0077 0.315, 1.4564 -2.0077 0.6556, 1.3986 -2.0077 0.315, 1.3986 -2.0077 0.6556, 1.3752 -2.0077 0.315, 1.3752 -2.0077 0.6556, 1.2916 -2.0077 0.315, 2.0486 -2.0077 0.3096, 2.2047 -2.0077 0.6556, 2.0866 -2.0077 0.2939, 2.1192 -2.0077 0.2688, 2.1443 -2.0077 0.2362, 2.16 -2.0077 0.1982, 2.2047 -2.0077 0.1181, 2.1654 -2.0077 0.1575, 2.1654 -2.0077 0.1181, 1.3508 -2.0077 1.0214, 1.3448 -2.0077 1.0211, 1.3752 -2.0077 0.9259, 1.3664 -2.0077 1.0195, 1.3806 -2.0077 1.0139, 1.3806 -2.0077 0.9284, 1.3792 -2.0077 1.0146, 1.3752 -2.0077 1.0162, 1.3339 -2.0077 1.0187, 1.3241 -2.0077 1.0139, 1.3163 -2.0077 1.0073, 1.3155 -2.0077 1.0064, 1.3094 -2.0077 0.9976, 1.3051 -2.0077 0.9867, 1.303 -2.0077 0.9693, 1.3033 -2.0077 0.9635, 1.3682 -2.0077 0.9228, 1.3539 -2.0077 0.9201, 1.348 -2.0077 0.9199, 1.3055 -2.0077 0.9511, 1.3097 -2.0077 0.9411, 1.3155 -2.0077 0.9332, 1.3191 -2.0077 0.9298, 1.3369 -2.0077 0.921, 1.3276 -2.0077 0.9242, 1.3642 -2.0077 1.0351, 1.3672 -2.0077 1.0348, 1.3752 -2.0077 1.0351, 1.3752 -2.0077 1.0325, 1.3806 -2.0077 1.0309, 1.2916 -2.0077 1.0351, 1.295 -2.0077 1.0055, 1.3042 -2.0077 1.0175, 1.3073 -2.0077 1.0205, 1.3192 -2.0077 1.0288, 1.3324 -2.0077 1.0339, 1.284 -2.0077 1.0351, 1.289 -2.0077 0.9915, 1.2916 -2.0077 0.9975, 1.2916 -2.0077 0.9396, 1.2884 -2.0077 0.9478, 1.284 -2.0077 0.9064, 1.2859 -2.0077 0.9683, 1.2861 -2.0077 0.9749, 1.3242 -2.0077 0.9085, 1.3123 -2.0077 0.9142, 1.2916 -2.0077 0.9064, 1.3021 -2.0077 0.9226, 1.3011 -2.0077 0.9238, 1.2935 -2.0077 0.9346, 1.3345 -2.0077 0.9064, 1.2916 -2.0077 0.8693, 1.338 -2.0077 0.9057, 1.3456 -2.0077 0.9053, 1.3568 -2.0077 0.9064, 1.3806 -2.0077 0.9127, 1.3785 -2.0077 0.9116, 1.3752 -2.0077 0.9064, 1.3752 -2.0077 0.9106, 1.3649 -2.0077 0.9072, 1.3039 -2.0077 0.7501, 1.3061 -2.0077 0.7754, 1.3006 -2.0077 0.7456, 1.2984 -2.0077 0.7401, 1.3164 -2.0077 0.7057, 1.3103 -2.0077 0.708, 1.2916 -2.0077 0.7057, 1.2999 -2.0077 0.7184, 1.298 -2.0077 0.7237, 1.354 -2.0077 0.7068, 1.354 -2.0077 0.7208, 1.3536 -2.0077 0.7208, 1.347 -2.0077 0.7983, 1.3536 -2.0077 0.7962, 1.3088 -2.0077 0.7543, 1.3158 -2.0077 0.7577, 1.3153 -2.0077 0.7815, 1.3272 -2.0077 0.7605, 1.341 -2.0077 0.7858, 1.3357 -2.0077 0.7863, 1.3252 -2.0077 0.7851, 1.305 -2.0077 0.7118, 1.3032 -2.0077 0.7135, 1.3588 -2.0077 0.7932, 1.363 -2.0077 0.7891, 1.3662 -2.0077 0.7839, 1.3495 -2.0077 0.715, 1.3443 -2.0077 0.7102, 1.3412 -2.0077 0.7082, 1.3061 -2.0077 0.7908, 1.3093 -2.0077 0.7927, 1.3211 -2.0077 0.7973, 1.3372 -2.0077 0.7992, 1.2972 -2.0077 0.731, 1.2973 -2.0077 0.7334, 1.354 -2.0077 0.7642, 1.3534 -2.0077 0.7712, 1.3518 -2.0077 0.7769, 1.3499 -2.0077 0.7801, 1.3687 -2.0077 0.7765, 1.3698 -2.0077 0.7649, 1.3698 -2.0077 0.7068, 1.3475 -2.0077 0.7827, 1.3447 -2.0077 0.7845, 1.3167 -2.0077 0.7057, 1.2916 -2.0077 0.6556, 1.3259 -2.0077 0.7046, 1.3345 -2.0077 0.7057, 1.4859 -2.0077 0.7057, 1.4859 -2.0077 0.7326, 1.4606 -2.0077 0.7971, 1.4783 -2.0077 0.7971, 1.496 -2.0077 0.707, 1.4955 -2.0077 0.7057, 1.4891 -2.0077 0.6905, 1.4638 -2.0077 0.6655, 1.4638 -2.0077 0.6796, 1.483 -2.0077 0.6815, 1.4859 -2.0077 0.6848, 1.4859 -2.0077 0.6848, 1.4158 -2.0077 0.7046, 1.4671 -2.0077 0.6786, 1.4728 -2.0077 0.6778, 1.4859 -2.0077 0.667, 1.4805 -2.0077 0.665, 1.4741 -2.0077 0.6642, 1.4706 -2.0077 0.6644, 1.4768 -2.0077 0.6783, 1.4803 -2.0077 0.6796, 1.5063 -2.0077 0.6931, 1.4991 -2.0077 0.6792, 1.5113 -2.0077 0.7057, 1.4933 -2.0077 0.6722, 1.4922 -2.0077 0.6712, 1.4867 -2.0077 0.6673, 1.3349 -2.0077 0.7058, 2.0424 -2.0077 0.7057, 1.7628 -2.0077 0.7057, 1.214 -2.0077 0.8333, 1.214 -2.0077 0.7068, 1.284 -2.0077 0.7057, 1.284 -2.0077 0.6556, 1.284 -2.0077 0.315, 1.2792 -2.0077 0.8333, 1.284 -2.0077 0.8693, 1.2792 -2.0077 0.8187, 1.2821 -2.0077 0.7212, 1.2821 -2.0077 0.7068, 1.2304 -2.0077 0.7638, 1.2304 -2.0077 0.7212, 1.2756 -2.0077 0.7638, 1.2756 -2.0077 0.7783, 1.2304 -2.0077 0.7783, 1.2304 -2.0077 0.8187, 1.6563 -2.0077 0.7068, 1.7559 -2.0077 0.7488, 1.7496 -2.0077 0.7357, 1.7402 -2.0077 0.7245, 1.7525 -2.0077 0.8011, 1.7572 -2.0077 0.7891, 1.7628 -2.0077 0.8693, 1.7593 -2.0077 0.7717, 1.7589 -2.0077 0.7636, 1.727 -2.0077 0.715, 1.7126 -2.0077 0.7094, 1.6911 -2.0077 0.7068, 1.6563 -2.0077 0.8333, 1.6924 -2.0077 0.8333, 1.7117 -2.0077 0.8312, 1.727 -2.0077 0.8256, 1.7402 -2.0077 0.8165, 1.7447 -2.0077 0.8122, 1.7844 -2.0077 0.7068, 1.7663 -2.0077 0.7068, 1.8621 -2.0077 0.7068, 1.8492 -2.0077 0.7414, 1.7965 -2.0077 0.7414, 1.8145 -2.0077 0.8333, 1.832 -2.0077 0.8333, 1.214 -2.0077 0.9075, 1.214 -2.0077 1.034, 1.2807 -2.0077 0.9075, 1.5941 -2.0077 1.0018, 1.5988 -2.0077 0.9898, 1.6009 -2.0077 0.9724, 1.6005 -2.0077 0.9643, 1.5974 -2.0077 0.9495, 1.5912 -2.0077 0.9364, 1.5818 -2.0077 0.9252, 1.5686 -2.0077 0.9157, 1.534 -2.0077 1.034, 1.5533 -2.0077 1.0319, 1.5686 -2.0077 1.0263, 1.5541 -2.0077 0.9101, 1.5327 -2.0077 0.9075, 1.4979 -2.0077 0.9075, 1.4979 -2.0077 1.034, 1.5818 -2.0077 1.0172, 1.5863 -2.0077 1.0129, 1.8802 -2.0077 0.7068, 2.0424 -2.0077 0.8693, 2.0424 -2.0077 0.9064, 2.0424 -2.0077 1.0351, 2.2047 -2.0077 0.7057, 2.2047 -2.0077 0.8693, 2.2047 -2.0077 0.9064, 2.2047 -2.0077 1.0351, 1.3419 -2.0077 1.0351, 1.2916 -2.0077 3.9606, 1.284 -2.0077 3.9606, 2.2047 -2.0077 3.9606, 2.0424 -2.0077 3.9606, 1.7628 -2.0077 3.9606, 1.6444 -2.0077 3.9606, 1.6044 -2.0077 3.9606, 1.4859 -2.0077 3.9606, 1.4564 -2.0077 3.9606, 1.3986 -2.0077 3.9606, 1.3752 -2.0077 3.9606, 1.3507 -2.0077 1.0361, 0.5984 -0.0589 0.2362, 0.5984 0.0593 0.2362, 1.4016 0.0593 0.2362, -2.0079 -1.9289 0.2362, 1.4016 -0.0589 0.2362, 2.0079 -1.9289 0.2362, 1.5984 -0.0589 0.2362, 2.0079 0.2758 0.2362, -0.5984 -0.0589 0.2362, -0.4016 -0.0589 0.2362, -1.4016 0.0593 0.2362, -1.5984 0.0593 0.2362, -2.0079 0.2758 0.2362, -1.5984 -0.0589 0.2362, -1.4016 -0.0589 0.2362, -0.5984 0.0593 0.2362, 1.5984 0.0593 0.2362, 0.4016 0.0593 0.2362, 0.4016 -0.0589 0.2362, -0.4016 0.0593 0.2362, -2.2047 -1.9289 0.0394, -2.2047 0.2758 0.0394, -2.0866 -1.9289 0.0394, -2.0866 0.2758 0.0394, -2.2835 -1.9289 3.9606, -2.2835 0.2758 3.9606, -2.2835 -1.9289 0.1181, -2.2835 0.2758 0.1181, 2.2835 -1.9289 0.1181, 2.2835 0.2758 0.1181, 2.2835 -1.9289 3.9606, 2.2835 0.2758 3.9606, -2.0866 0.3545 0.2939, -2.1192 0.3545 0.2688, -2.2047 0.3545 3.9606, 1.4335 0.3545 0.8307, 1.477 0.3545 0.825, 2.1192 0.3545 0.2688, 1.6394 0.3545 1.0366, 1.6226 0.3545 1.0771, 2.2047 0.3545 3.9606, 2.0079 0.3545 0.315, -2.0079 0.3545 0.315, 1.3582 0.3545 0.8742, 1.3314 0.3545 0.909, -2.1443 0.3545 0.2362, -2.16 0.3545 0.1982, -2.2047 0.3545 0.1181, -2.1654 0.3545 0.1575, -2.1654 0.3545 0.1181, 1.393 0.3545 0.8475, 2.0866 0.3545 0.2939, 2.0486 0.3545 0.3096, 1.5205 0.3545 0.8307, 1.5611 0.3545 0.8475, 1.5959 0.3545 0.8742, 1.6451 0.3545 0.9931, 2.1443 0.3545 0.2362, 1.6394 0.3545 0.9496, 1.6226 0.3545 0.909, 1.5959 0.3545 1.1119, 1.5611 0.3545 1.1387, 1.5205 0.3545 1.1554, 2.1654 0.3545 0.1181, 2.1654 0.3545 0.1575, 2.2047 0.3545 0.1181, 2.16 0.3545 0.1982, 1.477 0.3545 1.1612, 1.4335 0.3545 1.1554, 1.393 0.3545 1.1387, 1.3582 0.3545 1.1119, 1.3314 0.3545 1.0771, 1.3147 0.3545 1.0366, 1.3089 0.3545 0.9931, -2.0486 0.3545 0.3096, 1.3147 0.3545 0.9496, -2.2047 -1.9289 4.0394, 2.2047 -1.9289 4.0394, -2.2047 0.2758 4.0394, 2.2047 0.2758 4.0394, 2.0866 -1.9289 0.0394, 2.0866 0.2758 0.0394, 2.2047 -1.9289 0.0394, 2.2047 0.2758 0.0394, -2.0866 -1.9289 0.1575, -2.0866 0.2758 0.1575, 2.0866 -1.9289 0.1575, 2.0866 0.2758 0.1575
            ]
        }
        coordIndex [
            0,1,2,-1,3,4,5,-1,6,7,8,-1,9,10,11,-1,12,13,14,-1,15,16,17,-1,17,16,18,-1,19,20,17,-1,17,20,21,-1,17,21,22,-1,22,23,17,-1,17,23,24,-1,17,24,15,-1,25,26,27,-1,27,26,28,-1,28,26,29,-1,29,26,30,-1,29,30,31,-1,31,30,32,-1,31,32,33,-1,32,34,33,-1,33,34,35,-1,33,35,36,-1,36,35,37,-1,36,37,38,-1,39,40,32,-1,32,40,41,-1,32,41,34,-1,42,43,44,-1,44,45,42,-1,42,45,46,-1,42,46,32,-1,32,46,47,-1,32,47,39,-1,48,49,50,-1,50,49,51,-1,50,51,52,-1,52,53,50,-1,50,53,54,-1,50,54,43,-1,43,54,55,-1,43,55,44,-1,56,48,57,-1,57,48,50,-1,57,50,58,-1,58,50,59,-1,60,61,62,-1,62,61,63,-1,64,65,66,-1,66,65,67,-1,66,67,62,-1,62,67,68,-1,62,68,60,-1,69,70,71,-1,71,70,72,-1,63,73,62,-1,62,73,74,-1,62,74,50,-1,50,74,75,-1,50,75,59,-1,72,76,71,-1,71,76,77,-1,71,77,73,-1,73,77,78,-1,73,78,74,-1,79,80,69,-1,69,80,81,-1,69,81,82,-1,82,83,69,-1,69,83,84,-1,69,84,70,-1,85,86,87,-1,88,89,90,-1,91,92,79,-1,93,94,95,-1,95,94,96,-1,88,90,97,-1,91,79,98,-1,99,100,94,-1,94,100,101,-1,94,101,102,-1,87,86,79,-1,79,86,103,-1,79,103,98,-1,89,104,90,-1,90,104,105,-1,90,105,106,-1,107,108,109,-1,109,108,110,-1,109,110,111,-1,112,102,113,-1,113,102,114,-1,113,114,109,-1,109,114,115,-1,109,115,107,-1,112,116,102,-1,102,116,117,-1,102,117,94,-1,94,117,118,-1,94,118,96,-1,119,120,121,-1,121,120,122,-1,121,122,90,-1,90,122,123,-1,90,123,97,-1,124,125,90,-1,90,125,126,-1,90,126,94,-1,94,126,127,-1,94,127,99,-1,128,129,80,-1,80,129,130,-1,80,130,131,-1,131,132,80,-1,80,132,133,-1,80,133,134,-1,134,133,119,-1,134,119,135,-1,135,119,121,-1,92,136,79,-1,79,136,137,-1,79,137,80,-1,80,137,138,-1,80,138,128,-1,106,139,90,-1,90,139,140,-1,90,140,141,-1,141,142,90,-1,90,142,143,-1,90,143,124,-1,144,145,146,-1,146,102,144,-1,144,102,101,-1,144,101,147,-1,147,101,148,-1,148,149,147,-1,147,149,150,-1,147,150,151,-1,152,153,154,-1,153,155,154,-1,154,155,156,-1,154,156,157,-1,158,154,159,-1,145,144,158,-1,158,144,160,-1,158,160,154,-1,154,160,161,-1,154,161,152,-1,159,162,158,-1,158,162,163,-1,158,163,164,-1,157,156,165,-1,165,156,166,-1,165,166,167,-1,167,166,168,-1,167,168,169,-1,170,171,164,-1,164,171,172,-1,164,172,158,-1,16,173,18,-1,18,173,174,-1,18,174,87,-1,87,174,175,-1,87,175,85,-1,176,177,178,-1,14,13,179,-1,179,13,180,-1,179,180,181,-1,182,183,184,-1,184,183,185,-1,184,185,186,-1,186,185,176,-1,186,176,187,-1,188,189,190,-1,190,189,191,-1,190,191,181,-1,178,177,192,-1,192,177,193,-1,192,193,194,-1,195,196,197,-1,198,199,200,-1,200,199,201,-1,200,201,202,-1,202,201,195,-1,202,195,203,-1,203,195,197,-1,204,205,206,-1,207,208,209,-1,210,211,204,-1,211,212,204,-1,204,212,213,-1,204,213,205,-1,205,213,214,-1,207,209,204,-1,204,209,215,-1,204,215,210,-1,216,217,218,-1,218,217,219,-1,218,219,206,-1,206,219,220,-1,206,220,204,-1,221,222,11,-1,223,224,225,-1,214,226,205,-1,205,226,227,-1,205,227,225,-1,225,227,228,-1,225,228,223,-1,229,230,11,-1,11,230,231,-1,224,232,225,-1,225,232,233,-1,225,233,234,-1,234,233,235,-1,234,235,221,-1,236,237,222,-1,222,237,238,-1,222,238,11,-1,11,238,239,-1,11,239,229,-1,231,240,11,-1,11,240,241,-1,11,241,9,-1,242,243,244,-1,244,243,245,-1,244,245,246,-1,244,247,242,-1,242,247,248,-1,242,248,249,-1,249,250,242,-1,242,250,251,-1,242,251,252,-1,252,251,253,-1,252,253,254,-1,254,253,255,-1,254,255,222,-1,222,255,256,-1,222,256,236,-1,257,258,246,-1,246,258,259,-1,246,259,244,-1,260,261,208,-1,208,261,262,-1,208,262,209,-1,260,263,261,-1,261,263,264,-1,261,264,265,-1,265,264,266,-1,265,267,268,-1,266,269,265,-1,265,269,270,-1,265,270,271,-1,271,272,265,-1,265,272,273,-1,265,273,267,-1,268,274,265,-1,265,274,275,-1,265,275,276,-1,277,278,279,-1,280,281,279,-1,279,281,282,-1,279,282,277,-1,278,277,283,-1,283,277,284,-1,283,284,285,-1,281,286,282,-1,282,286,287,-1,282,287,288,-1,288,287,289,-1,288,289,290,-1,290,289,291,-1,290,291,285,-1,285,291,292,-1,285,292,283,-1,293,294,295,-1,295,294,296,-1,297,298,299,-1,299,298,300,-1,299,300,301,-1,301,300,302,-1,301,302,303,-1,303,302,304,-1,303,304,305,-1,305,304,306,-1,305,306,307,-1,307,306,308,-1,309,310,311,-1,295,304,293,-1,293,304,302,-1,293,302,312,-1,312,302,313,-1,312,313,311,-1,311,313,314,-1,311,314,309,-1,296,294,315,-1,315,294,316,-1,315,316,309,-1,6,8,4,-1,3,317,318,-1,318,317,319,-1,318,319,320,-1,320,319,321,-1,320,321,322,-1,322,321,323,-1,322,323,324,-1,324,323,325,-1,324,325,326,-1,326,325,327,-1,326,327,328,-1,7,329,330,-1,330,329,331,-1,330,331,332,-1,332,333,330,-1,330,333,334,-1,330,334,335,-1,335,334,336,-1,335,336,337,-1,338,339,340,-1,338,340,341,-1,309,316,310,-1,310,316,342,-1,310,342,343,-1,343,342,344,-1,343,344,340,-1,340,344,345,-1,340,345,341,-1,339,346,340,-1,340,346,347,-1,340,347,348,-1,348,349,340,-1,340,349,350,-1,340,350,351,-1,351,352,340,-1,340,352,353,-1,340,353,354,-1,354,353,355,-1,355,353,356,-1,356,353,357,-1,356,357,358,-1,358,359,356,-1,356,359,360,-1,356,360,361,-1,361,360,362,-1,363,364,365,-1,365,364,366,-1,365,366,316,-1,316,366,367,-1,316,367,342,-1,368,369,370,-1,370,371,368,-1,368,371,372,-1,368,372,373,-1,374,375,368,-1,368,375,376,-1,368,376,369,-1,377,378,379,-1,379,378,380,-1,379,380,374,-1,374,380,381,-1,374,381,375,-1,382,383,384,-1,384,383,385,-1,385,386,384,-1,384,386,387,-1,384,387,377,-1,382,384,388,-1,388,384,389,-1,388,389,390,-1,390,389,391,-1,391,389,205,-1,391,205,392,-1,343,393,310,-1,310,393,394,-1,310,394,395,-1,395,394,396,-1,395,396,397,-1,398,399,400,-1,400,399,401,-1,402,403,404,-1,404,405,406,-1,407,408,409,-1,410,411,205,-1,398,412,399,-1,399,412,413,-1,399,413,414,-1,414,413,415,-1,416,417,415,-1,415,417,418,-1,415,418,414,-1,403,419,404,-1,404,419,420,-1,404,420,405,-1,411,421,205,-1,205,421,422,-1,205,422,423,-1,409,424,407,-1,407,424,425,-1,407,425,426,-1,427,428,389,-1,389,428,429,-1,389,429,205,-1,205,429,430,-1,205,430,410,-1,406,431,404,-1,404,431,432,-1,404,432,389,-1,389,432,401,-1,389,401,427,-1,427,401,399,-1,433,434,415,-1,415,434,435,-1,415,435,436,-1,423,437,205,-1,205,437,438,-1,205,438,206,-1,206,438,439,-1,206,439,407,-1,436,440,415,-1,415,440,441,-1,415,441,416,-1,402,404,442,-1,442,404,443,-1,442,443,444,-1,328,327,443,-1,443,327,445,-1,443,445,444,-1,446,447,11,-1,11,447,448,-1,221,11,234,-1,234,11,448,-1,234,448,199,-1,199,448,449,-1,199,449,201,-1,450,447,451,-1,451,447,446,-1,451,446,452,-1,323,453,454,-1,455,456,446,-1,446,456,457,-1,446,457,452,-1,458,325,10,-1,10,325,323,-1,10,323,11,-1,11,323,454,-1,11,454,446,-1,446,454,459,-1,446,459,460,-1,461,462,321,-1,321,462,463,-1,321,463,323,-1,323,463,464,-1,323,464,453,-1,460,465,446,-1,446,465,466,-1,446,466,455,-1,467,468,319,-1,467,319,469,-1,468,470,319,-1,319,470,471,-1,319,471,321,-1,321,471,472,-1,321,472,461,-1,458,216,325,-1,325,216,218,-1,325,218,327,-1,327,218,206,-1,327,206,445,-1,445,206,407,-1,445,407,473,-1,473,407,426,-1,317,178,319,-1,319,178,192,-1,319,192,469,-1,469,192,194,-1,469,194,198,-1,198,194,12,-1,198,12,199,-1,199,12,14,-1,4,8,5,-1,5,8,474,-1,5,474,475,-1,476,87,477,-1,477,87,79,-1,477,79,478,-1,478,79,69,-1,478,69,479,-1,479,69,71,-1,479,71,480,-1,476,481,482,-1,481,483,482,-1,482,483,484,-1,482,484,478,-1,478,484,485,-1,478,485,477,-1,486,487,488,-1,488,487,484,-1,488,484,489,-1,489,484,483,-1,489,483,490,-1,490,483,491,-1,191,187,181,-1,181,187,176,-1,181,176,179,-1,179,176,178,-1,179,178,492,-1,493,494,475,-1,475,494,495,-1,496,497,498,-1,498,497,499,-1,498,499,475,-1,475,499,500,-1,475,500,493,-1,495,501,475,-1,475,501,502,-1,475,502,503,-1,3,5,317,-1,317,5,475,-1,317,475,178,-1,178,475,503,-1,178,503,492,-1,492,504,179,-1,179,504,505,-1,179,505,498,-1,498,505,506,-1,498,506,507,-1,507,508,498,-1,498,508,509,-1,498,509,496,-1,510,511,475,-1,512,513,514,-1,475,511,498,-1,498,511,515,-1,498,515,516,-1,377,379,384,-1,384,379,482,-1,384,482,389,-1,389,482,478,-1,389,478,404,-1,404,478,479,-1,404,479,443,-1,443,479,480,-1,443,480,328,-1,498,277,179,-1,179,277,282,-1,179,282,14,-1,14,282,288,-1,14,288,199,-1,199,288,312,-1,199,312,234,-1,234,312,311,-1,234,311,225,-1,225,311,310,-1,225,310,205,-1,205,310,395,-1,205,395,392,-1,392,395,397,-1,476,482,87,-1,87,482,379,-1,87,379,18,-1,18,379,517,-1,18,517,17,-1,517,518,17,-1,17,518,0,-1,17,0,374,-1,374,0,2,-1,374,2,379,-1,379,2,519,-1,379,519,517,-1,520,521,290,-1,290,521,522,-1,290,522,288,-1,288,522,523,-1,288,523,524,-1,524,525,288,-1,288,525,526,-1,288,526,527,-1,293,528,290,-1,290,528,529,-1,290,529,530,-1,527,531,288,-1,288,531,532,-1,288,532,312,-1,312,532,533,-1,312,533,293,-1,293,533,534,-1,293,534,528,-1,530,535,290,-1,290,535,536,-1,290,536,520,-1,514,510,512,-1,512,510,475,-1,512,475,537,-1,537,475,474,-1,537,474,516,-1,516,474,538,-1,516,538,498,-1,498,538,539,-1,498,539,277,-1,277,539,540,-1,277,540,284,-1,7,330,8,-1,8,330,541,-1,8,541,474,-1,474,541,542,-1,474,542,538,-1,538,542,543,-1,538,543,539,-1,539,543,544,-1,539,544,540,-1,373,545,368,-1,368,545,546,-1,368,546,374,-1,374,546,547,-1,374,547,17,-1,17,547,26,-1,17,26,19,-1,19,26,25,-1,544,548,540,-1,540,548,549,-1,540,549,284,-1,284,549,550,-1,284,550,285,-1,285,550,551,-1,285,551,290,-1,290,551,552,-1,290,552,293,-1,293,552,553,-1,293,553,294,-1,294,553,554,-1,294,554,316,-1,316,554,555,-1,316,555,365,-1,365,555,556,-1,365,556,363,-1,363,556,546,-1,363,546,557,-1,557,546,545,-1,558,559,560,-1,561,562,563,-1,563,562,564,-1,563,564,565,-1,561,566,567,-1,568,569,570,-1,570,569,571,-1,570,571,561,-1,561,571,572,-1,561,572,566,-1,566,572,573,-1,564,574,565,-1,565,574,560,-1,565,560,570,-1,570,560,559,-1,570,559,575,-1,560,562,558,-1,558,562,561,-1,558,561,576,-1,576,561,567,-1,576,567,575,-1,575,567,577,-1,575,577,570,-1,570,577,573,-1,570,573,568,-1,568,573,572,-1,578,579,580,-1,580,579,581,-1,582,583,584,-1,584,583,585,-1,586,587,588,-1,588,587,589,-1,590,591,592,-1,593,594,595,-1,596,597,598,-1,599,600,601,-1,601,600,602,-1,591,603,592,-1,592,603,604,-1,592,604,605,-1,605,604,606,-1,605,606,607,-1,593,595,608,-1,608,595,609,-1,608,609,601,-1,601,609,610,-1,601,610,599,-1,594,611,595,-1,595,611,612,-1,595,612,613,-1,614,615,616,-1,616,615,595,-1,616,595,617,-1,617,595,613,-1,597,618,598,-1,598,618,619,-1,598,619,620,-1,621,622,623,-1,623,622,624,-1,623,624,598,-1,598,624,615,-1,598,615,596,-1,596,615,614,-1,620,625,598,-1,598,625,626,-1,598,626,592,-1,592,626,627,-1,592,627,628,-1,628,629,592,-1,592,629,630,-1,592,630,631,-1,590,592,632,-1,632,592,631,-1,632,631,600,-1,600,631,633,-1,600,633,602,-1,634,635,636,-1,636,635,637,-1,638,639,640,-1,640,639,641,-1,580,581,642,-1,642,581,643,-1,644,645,638,-1,638,645,639,-1,
        ]
    }
}
Shape{
    appearance Appearance {
        material  Material 	{
            diffuseColor 0.7529411764705882 0.7529411764705882 0.7529411764705882
            specularColor 0.3764705882352941 0.3764705882352941 0.3764705882352941
            ambientIntensity 0.7529
            transparency 0.0
            shininess 0.5
        }
    }
    geometry IndexedFaceSet {
        ccw TRUE
        solid FALSE
        coord DEF co Coordinate {
            point [
                1.4016 -0.0589 -1.5354, 1.4016 -0.0589 0.2362, 1.4016 0.0593 -1.5354, 1.4016 0.0593 0.2362, 1.5984 0.0593 -1.5354, 1.5984 0.0593 0.2362, 1.5984 -0.0589 -1.5354, 1.5984 -0.0589 0.2362, 1.4409 -0.0195 -1.5748, 1.4409 0.0199 -1.5748, 1.5591 -0.0195 -1.5748, 1.5591 0.0199 -1.5748, 0.4016 -0.0589 -1.5354, 0.4016 -0.0589 0.2362, 0.4016 0.0593 -1.5354, 0.4016 0.0593 0.2362, 0.5984 0.0593 -1.5354, 0.5984 0.0593 0.2362, 0.5984 -0.0589 -1.5354, 0.5984 -0.0589 0.2362, 0.4409 -0.0195 -1.5748, 0.4409 0.0199 -1.5748, 0.5591 -0.0195 -1.5748, 0.5591 0.0199 -1.5748, -0.5984 -0.0589 -1.5354, -0.5984 -0.0589 0.2362, -0.5984 0.0593 -1.5354, -0.5984 0.0593 0.2362, -0.4016 0.0593 -1.5354, -0.4016 0.0593 0.2362, -0.4016 -0.0589 -1.5354, -0.4016 -0.0589 0.2362, -0.5591 -0.0195 -1.5748, -0.5591 0.0199 -1.5748, -0.4409 -0.0195 -1.5748, -0.4409 0.0199 -1.5748, -1.5984 -0.0589 -1.5354, -1.5984 -0.0589 0.2362, -1.5984 0.0593 -1.5354, -1.5984 0.0593 0.2362, -1.4016 0.0593 -1.5354, -1.4016 0.0593 0.2362, -1.4016 -0.0589 -1.5354, -1.4016 -0.0589 0.2362, -1.5591 -0.0195 -1.5748, -1.5591 0.0199 -1.5748, -1.4409 -0.0195 -1.5748, -1.4409 0.0199 -1.5748
            ]
        }
        coordIndex [
            0,1,2,-1,2,1,3,-1,2,3,4,-1,4,3,5,-1,4,5,6,-1,6,5,7,-1,6,7,0,-1,0,7,1,-1,8,9,10,-1,10,9,11,-1,12,13,14,-1,14,13,15,-1,14,15,16,-1,16,15,17,-1,16,17,18,-1,18,17,19,-1,18,19,12,-1,12,19,13,-1,20,21,22,-1,22,21,23,-1,24,25,26,-1,26,25,27,-1,26,27,28,-1,28,27,29,-1,28,29,30,-1,30,29,31,-1,30,31,24,-1,24,31,25,-1,32,33,34,-1,34,33,35,-1,36,37,38,-1,38,37,39,-1,38,39,40,-1,40,39,41,-1,40,41,42,-1,42,41,43,-1,42,43,36,-1,36,43,37,-1,44,45,46,-1,46,45,47,-1,
        ]
    }
}
Shape{
    appearance Appearance {
        material  Material 	{
            diffuseColor 0.25098039215686274 0.25098039215686274 0.25098039215686274
            specularColor 0.12549019607843137 0.12549019607843137 0.12549019607843137
            ambientIntensity 0.251
            transparency 0.0
            shininess 0.5
        }
    }
    geometry IndexedFaceSet {
        ccw TRUE
        solid FALSE
        coord DEF co Coordinate {
            point [
                -2.0079 0.2758 0.2362, -2.0079 -1.9289 0.2362, -2.0254 0.2758 0.2339, -2.0254 -1.9289 0.2339, -2.0283 0.2758 0.2335, -2.0283 -1.9289 0.2335, -2.0418 0.2758 0.2279, -2.0418 -1.9289 0.2279, -2.0472 0.2758 0.2257, -2.0472 -1.9289 0.2257, -2.0566 0.2758 0.2185, -2.0566 -1.9289 0.2185, -2.0636 0.2758 0.2132, -2.0636 -1.9289 0.2132, -2.0689 0.2758 0.2062, -2.0689 -1.9289 0.2062, -2.0761 0.2758 0.1969, -2.0761 -1.9289 0.1969, -2.0783 0.2758 0.1914, -2.0783 -1.9289 0.1914, -2.0839 0.2758 0.1779, -2.0839 -1.9289 0.1779, -2.0843 0.2758 0.175, -2.0843 -1.9289 0.175, -2.0866 0.2758 0.1575, -2.0866 -1.9289 0.1575, 2.0866 0.2758 0.1575, 2.0866 -1.9289 0.1575, 2.0839 0.2758 0.1779, 2.0839 -1.9289 0.1779, 2.0761 0.2758 0.1969, 2.0761 -1.9289 0.1969, 2.0636 0.2758 0.2132, 2.0636 -1.9289 0.2132, 2.0472 0.2758 0.2257, 2.0472 -1.9289 0.2257, 2.0283 0.2758 0.2335, 2.0283 -1.9289 0.2335, 2.0079 0.2758 0.2362, 2.0079 -1.9289 0.2362, 2.1431 0.3526 0.1937, 2.16 0.3545 0.1982, 2.1654 0.3545 0.1575, 2.0079 0.3545 0.315, 2.0486 0.3545 0.3096, 2.0079 0.3526 0.2974, 2.0441 0.3526 0.2927, 2.0079 0.3516 0.2947, 2.0398 0.3467 0.2766, 2.1478 0.3526 0.1575, 2.1451 0.3516 0.1575, 2.127 0.3467 0.1894, 2.0359 0.3374 0.2622, 2.0079 0.3436 0.2758, 2.0079 0.3467 0.2808, 2.1312 0.3467 0.1575, 2.1262 0.3436 0.1575, 2.1126 0.3374 0.1855, 2.0327 0.3249 0.2501, 2.0079 0.3311 0.2596, 2.0079 0.3374 0.2659, 2.1163 0.3374 0.1575, 2.11 0.3311 0.1575, 2.1005 0.3249 0.1823, 2.0079 0.2961 0.2392, 2.0079 0.31 0.244, 2.0303 0.31 0.2411, 2.0079 0.3149 0.2471, 2.0079 0.3249 0.2534, 2.0866 0.3545 0.2939, 2.0779 0.3526 0.2787, 2.0695 0.3467 0.2643, 2.0621 0.3374 0.2513, 2.0558 0.3249 0.2406, 2.0511 0.31 0.2324, 2.1192 0.3545 0.2688, 2.1068 0.3526 0.2564, 2.0951 0.3467 0.2447, 2.0845 0.3374 0.2341, 2.0757 0.3249 0.2253, 2.0691 0.31 0.2187, 2.1443 0.3545 0.2362, 2.1291 0.3526 0.2275, 2.1147 0.3467 0.2191, 2.1017 0.3374 0.2117, 2.0909 0.3249 0.2054, 2.0828 0.31 0.2008, 2.0915 0.31 0.1799, 2.0079 0.2933 0.2382, 2.0288 0.2933 0.2354, 2.1038 0.3249 0.1575, 2.0975 0.3149 0.1575, 2.0944 0.31 0.1575, 2.0896 0.2961 0.1575, 2.0482 0.2933 0.2274, 2.0649 0.2933 0.2146, 2.0778 0.2933 0.1978, 2.0858 0.2933 0.1784, 2.0886 0.2933 0.1575, 2.0424 -2.0077 0.3104, 2.0079 -2.0077 0.315, 2.0079 -2.005 0.2946, 2.1654 -2.0077 0.1575, 2.16 -2.0077 0.1982, 2.1479 -2.0054 0.1575, 2.1403 -2.005 0.193, 2.145 -2.005 0.1575, 2.1314 -1.9994 0.1575, 2.122 -1.9971 0.1881, 2.126 -1.9971 0.1575, 2.1167 -1.99 0.1575, 2.1062 -1.9846 0.1838, 2.1097 -1.9846 0.1575, 2.1043 -1.9776 0.1575, 2.0941 -1.9683 0.1806, 2.0972 -1.9683 0.1575, 2.0949 -1.9629 0.1575, 2.0865 -1.9493 0.1786, 2.0893 -1.9493 0.1575, 2.0889 -1.9464 0.1575, 2.1443 -2.0077 0.2362, 2.1266 -2.005 0.226, 2.1102 -1.9971 0.2165, 2.096 -1.9846 0.2084, 2.0852 -1.9683 0.2021, 2.0784 -1.9493 0.1982, 2.1192 -2.0077 0.2688, 2.1048 -2.005 0.2544, 2.0914 -1.9971 0.241, 2.0799 -1.9846 0.2295, 2.071 -1.9683 0.2206, 2.0654 -1.9493 0.2151, 2.0866 -2.0077 0.2939, 2.0764 -2.005 0.2762, 2.0669 -1.9971 0.2598, 2.0588 -1.9846 0.2456, 2.0525 -1.9683 0.2348, 2.0486 -1.9493 0.228, 2.0486 -2.0077 0.3096, 2.0434 -2.005 0.2899, 2.0384 -1.9971 0.2716, 2.0342 -1.9846 0.2558, 2.031 -1.9683 0.2437, 2.0289 -1.9493 0.2361, 2.0079 -1.9971 0.2756, 2.0079 -1.9846 0.2593, 2.0079 -1.9683 0.2468, 2.0079 -1.9493 0.2389, -2.0079 0.3545 0.315, -2.0079 0.3518 0.2946, -2.0079 0.344 0.2756, -2.0079 0.3315 0.2593, -2.0079 0.3152 0.2468, -2.0079 0.2962 0.2389, 2.0866 0.2758 0.0394, 2.0873 0.2861 0.04, 2.0893 0.2962 0.0421, 2.0926 0.3059 0.0454, 2.0972 0.3152 0.0499, 2.1029 0.3237 0.0556, 2.1097 0.3315 0.0624, 2.126 0.344 0.0787, 2.145 0.3518 0.0977, 2.1654 0.3545 0.1181, 2.1654 -2.0077 0.1181, 2.1479 -2.0054 0.1006, 2.145 -2.005 0.0977, 2.1314 -1.9994 0.0842, 2.126 -1.9971 0.0787, 2.1167 -1.99 0.0694, 2.1097 -1.9846 0.0624, 2.1038 -1.978 0.0566, 2.0975 -1.9681 0.0503, 2.0944 -1.9631 0.0472, 2.0893 -1.9493 0.0421, 2.0886 -1.9465 0.0413, 2.0871 -1.9378 0.0399, 2.0866 -1.9289 0.0394, -2.0079 -1.9971 0.2756, -2.0079 -1.9846 0.2593, -2.0079 -1.9683 0.2468, -2.0079 -1.9493 0.2389, 1.7628 -2.0077 0.315, 1.6444 -2.0077 0.315, 1.6044 -2.0077 0.315, 1.4859 -2.0077 0.315, 1.4564 -2.0077 0.315, -2.0079 -2.005 0.2946, 1.3986 -2.0077 0.315, 1.3752 -2.0077 0.315, 1.2916 -2.0077 0.315, 1.284 -2.0077 0.315, 1.1622 -2.0077 0.315, -2.0079 -2.0077 0.315, -2.0289 0.2962 0.2361, -2.0486 0.2962 0.228, -2.0654 0.2962 0.2151, -2.0784 0.2962 0.1982, -2.1654 0.3545 0.1575, -2.16 0.3545 0.1982, -2.1479 0.3522 0.1575, -2.1403 0.3518 0.193, -2.122 0.344 0.1881, -2.1314 0.3462 0.1575, -2.145 0.3518 0.1575, -2.1062 0.3315 0.1838, -2.1167 0.3368 0.1575, -2.126 0.344 0.1575, -2.0941 0.3152 0.1806, -2.1043 0.3245 0.1575, -2.1097 0.3315 0.1575, -2.0889 0.2933 0.1575, -2.0893 0.2962 0.1575, -2.0865 0.2962 0.1786, -2.0949 0.3097 0.1575, -2.0972 0.3152 0.1575, -2.0852 0.3152 0.2021, -2.096 0.3315 0.2084, -2.1102 0.344 0.2165, -2.1266 0.3518 0.226, -2.1443 0.3545 0.2362, -2.071 0.3152 0.2206, -2.0799 0.3315 0.2295, -2.0914 0.344 0.241, -2.1048 0.3518 0.2544, -2.1192 0.3545 0.2688, -2.0525 0.3152 0.2348, -2.0588 0.3315 0.2456, -2.0669 0.344 0.2598, -2.0764 0.3518 0.2762, -2.0866 0.3545 0.2939, -2.031 0.3152 0.2437, -2.0342 0.3315 0.2558, -2.0384 0.344 0.2716, -2.0434 0.3518 0.2899, -2.0486 0.3545 0.3096, 2.2047 0.3545 0.1181, 2.2047 0.3526 0.1006, 2.2047 0.3516 0.0978, 2.2047 0.3467 0.0839, 2.2047 0.3436 0.079, 2.2047 0.3374 0.069, 2.2047 0.3311 0.0628, 2.2047 0.3249 0.0566, 2.2047 0.3149 0.0503, 2.2047 0.31 0.0472, 2.2047 0.2961 0.0423, 2.2047 0.2933 0.0413, 2.2047 0.2758 0.0394, 2.2047 -1.9289 0.0394, 2.2222 -1.9289 0.0413, 2.2222 0.2758 0.0413, 2.225 -1.9289 0.0423, 2.225 0.2758 0.0423, 2.2389 -1.9289 0.0472, 2.2389 0.2758 0.0472, 2.2439 -1.9289 0.0503, 2.2439 0.2758 0.0503, 2.2538 -1.9289 0.0566, 2.2538 0.2758 0.0566, 2.2601 -1.9289 0.0628, 2.2601 0.2758 0.0628, 2.2663 -1.9289 0.069, 2.2663 0.2758 0.069, 2.2725 -1.9289 0.079, 2.2725 0.2758 0.079, 2.2757 -1.9289 0.0839, 2.2757 0.2758 0.0839, 2.2805 -1.9289 0.0978, 2.2805 0.2758 0.0978, 2.2815 -1.9289 0.1006, 2.2815 0.2758 0.1006, 2.2835 -1.9289 0.1181, 2.2835 0.2758 0.1181, 2.2047 -1.9465 0.0413, 2.2047 -2.0077 0.1181, 2.2047 -2.0057 0.1006, 2.2047 -2.0047 0.0978, 2.2047 -1.9999 0.0839, 2.2047 -1.9968 0.079, 2.2047 -1.9905 0.069, 2.2047 -1.9843 0.0628, 2.2047 -1.978 0.0566, 2.2047 -1.9681 0.0503, 2.2047 -1.9631 0.0472, 2.2047 -1.9492 0.0423, -2.0865 -1.9493 0.1786, -2.0784 -1.9493 0.1982, -2.0654 -1.9493 0.2151, -2.0486 -1.9493 0.228, -2.0289 -1.9493 0.2361, -2.031 -1.9683 0.2437, -2.0342 -1.9846 0.2558, -2.0384 -1.9971 0.2716, -2.0434 -2.005 0.2899, -2.0486 -2.0077 0.3096, -2.0525 -1.9683 0.2348, -2.0588 -1.9846 0.2456, -2.0669 -1.9971 0.2598, -2.0764 -2.005 0.2762, -2.0866 -2.0077 0.2939, -2.071 -1.9683 0.2206, -2.0799 -1.9846 0.2295, -2.0914 -1.9971 0.241, -2.1048 -2.005 0.2544, -2.1192 -2.0077 0.2688, -2.0852 -1.9683 0.2021, -2.096 -1.9846 0.2084, -2.1102 -1.9971 0.2165, -2.1266 -2.005 0.226, -2.1443 -2.0077 0.2362, -2.0941 -1.9683 0.1806, -2.1062 -1.9846 0.1838, -2.122 -1.9971 0.1881, -2.1403 -2.005 0.193, -2.16 -2.0077 0.1982, -2.0893 -1.9493 0.1575, -2.0972 -1.9683 0.1575, -2.1097 -1.9846 0.1575, -2.126 -1.9971 0.1575, -2.145 -2.005 0.1575, -2.1654 -2.0077 0.1575, -2.1654 0.3545 0.1181, -2.1479 0.3522 0.1006, -2.145 0.3518 0.0977, -2.1314 0.3462 0.0842, -2.126 0.344 0.0787, -2.1167 0.3368 0.0694, -2.1097 0.3315 0.0624, -2.1038 0.3249 0.0566, -2.0975 0.3149 0.0503, -2.0944 0.31 0.0472, -2.0893 0.2962 0.0421, -2.0886 0.2933 0.0413, -2.0871 0.2846 0.0399, -2.0866 0.2758 0.0394, 2.2199 0.2845 0.0413, 2.2216 0.2803 0.0413, 2.2135 0.291 0.0413, 2.2171 0.2882 0.0413, 2.2377 0.2846 0.0472, 2.2251 0.3518 0.1181, 2.2246 0.3499 0.1006, 2.2441 0.344 0.1181, 2.2431 0.3423 0.1006, 2.2604 0.3315 0.1181, 2.259 0.3301 0.1006, 2.2729 0.3152 0.1181, 2.2712 0.3142 0.1006, 2.2808 0.2962 0.1181, 2.2789 0.2957 0.1006, 2.2231 0.3443 0.0839, 2.2732 0.2942 0.0839, 2.2662 0.3113 0.0839, 2.2549 0.326 0.0839, 2.2402 0.3372 0.0839, 2.2207 0.3353 0.069, 2.2355 0.3291 0.069, 2.2483 0.3193 0.069, 2.258 0.3066 0.069, 2.2642 0.2917 0.069, 2.2174 0.3232 0.0566, 2.2293 0.3183 0.0566, 2.2394 0.3105 0.0566, 2.2472 0.3003 0.0566, 2.2521 0.2885 0.0566, 2.2136 0.3088 0.0472, 2.2218 0.3054 0.0472, 2.2289 0.2999 0.0472, 2.2343 0.2929 0.0472, 2.2093 0.2927 0.0413, 2.2135 -1.9441 0.0413, 2.2093 -1.9459 0.0413, 2.2199 -1.9377 0.0413, 2.2171 -1.9413 0.0413, 2.2136 -1.9619 0.0472, 2.2808 -1.9493 0.1181, 2.2789 -1.9488 0.1006, 2.2729 -1.9683 0.1181, 2.2712 -1.9673 0.1006, 2.2604 -1.9846 0.1181, 2.259 -1.9832 0.1006, 2.2441 -1.9971 0.1181, 2.2431 -1.9954 0.1006, 2.2251 -2.005 0.1181, 2.2246 -2.0031 0.1006, 2.2732 -1.9473 0.0839, 2.2231 -1.9975 0.0839, 2.2402 -1.9904 0.0839, 2.2549 -1.9791 0.0839, 2.2662 -1.9644 0.0839, 2.2642 -1.9449 0.069, 2.258 -1.9597 0.069, 2.2483 -1.9725 0.069, 2.2355 -1.9822 0.069, 2.2207 -1.9884 0.069, 2.2521 -1.9416 0.0566, 2.2472 -1.9535 0.0566, 2.2394 -1.9636 0.0566, 2.2293 -1.9715 0.0566, 2.2174 -1.9764 0.0566, 2.2377 -1.9378 0.0472, 2.2343 -1.946 0.0472, 2.2289 -1.9531 0.0472, 2.2218 -1.9585 0.0472, 2.2216 -1.9335 0.0413, -2.0866 -1.9289 0.0394, -2.0873 -1.9392 0.04, -2.0926 -1.9591 0.0454, -2.0893 -1.9493 0.0421, -2.1097 -1.9846 0.0624, -2.1029 -1.9769 0.0556, -2.0972 -1.9683 0.0499, -2.126 -1.9971 0.0787, -2.145 -2.005 0.0977, -2.1654 -2.0077 0.1181, -2.2047 0.2758 0.0394, -2.2047 0.2933 0.0413, -2.2047 0.3545 0.1181, -2.2047 0.3526 0.1006, -2.2047 0.3516 0.0978, -2.2047 0.3467 0.0839, -2.2047 0.3436 0.079, -2.2047 0.3374 0.069, -2.2047 0.3311 0.0628, -2.2047 0.3249 0.0566, -2.2047 0.3149 0.0503, -2.2047 0.31 0.0472, -2.2047 0.2961 0.0423, 2.2835 0.2758 3.9606, 2.2808 0.2962 3.9606, 2.2729 0.3152 3.9606, 2.2604 0.3315 3.9606, 2.2441 0.344 3.9606, 2.2251 0.3518 3.9606, 2.2047 0.3545 3.9606, 2.2047 0.2758 4.0394, 2.2047 -1.9289 4.0394, 2.2251 -1.9289 4.0367, 2.2251 0.2758 4.0367, 2.2441 -1.9289 4.0288, 2.2441 0.2758 4.0288, 2.2604 -1.9289 4.0163, 2.2604 0.2758 4.0163, 2.2729 -1.9289 4.0, 2.2729 0.2758 4.0, 2.2808 -1.9289 3.981, 2.2808 0.2758 3.981, 2.2835 -1.9289 3.9606, 2.2251 -2.005 3.9606, 2.2047 -2.0077 3.9606, 2.2047 -2.0077 1.0351, 2.2047 -2.0077 0.9064, 2.2047 -2.0077 0.8693, 2.2047 -2.0077 0.7057, 2.2047 -2.0077 0.6556, 2.2441 -1.9971 3.9606, 2.2604 -1.9846 3.9606, 2.2729 -1.9683 3.9606, 2.2808 -1.9493 3.9606, -2.2047 -2.0077 0.1181, -2.2047 -2.0057 0.1006, -2.2047 -2.0047 0.0978, -2.2047 -1.9999 0.0839, -2.2047 -1.9968 0.079, -2.2047 -1.9905 0.069, -2.2047 -1.9843 0.0628, -2.2047 -1.978 0.0566, -2.2047 -1.9681 0.0503, -2.2047 -1.9631 0.0472, -2.2047 -1.9492 0.0423, -2.2047 -1.9465 0.0413, -2.2047 -1.9289 0.0394, -2.2222 0.2758 0.0413, -2.2222 -1.9289 0.0413, -2.225 0.2758 0.0423, -2.225 -1.9289 0.0423, -2.2389 0.2758 0.0472, -2.2389 -1.9289 0.0472, -2.2439 0.2758 0.0503, -2.2439 -1.9289 0.0503, -2.2538 0.2758 0.0566, -2.2538 -1.9289 0.0566, -2.2601 0.2758 0.0628, -2.2601 -1.9289 0.0628, -2.2663 0.2758 0.069, -2.2663 -1.9289 0.069, -2.2725 0.2758 0.079, -2.2725 -1.9289 0.079, -2.2757 0.2758 0.0839, -2.2757 -1.9289 0.0839, -2.2805 0.2758 0.0978, -2.2805 -1.9289 0.0978, -2.2815 0.2758 0.1006, -2.2815 -1.9289 0.1006, -2.2835 0.2758 0.1181, -2.2835 -1.9289 0.1181, -2.2135 0.291 0.0413, -2.2093 0.2927 0.0413, -2.2199 0.2845 0.0413, -2.2171 0.2882 0.0413, -2.2136 0.3088 0.0472, -2.2808 0.2962 0.1181, -2.2789 0.2957 0.1006, -2.2729 0.3152 0.1181, -2.2712 0.3142 0.1006, -2.2604 0.3315 0.1181, -2.259 0.3301 0.1006, -2.2441 0.344 0.1181, -2.2431 0.3423 0.1006, -2.2251 0.3518 0.1181, -2.2246 0.3499 0.1006, -2.2732 0.2942 0.0839, -2.2231 0.3443 0.0839, -2.2402 0.3372 0.0839, -2.2549 0.326 0.0839, -2.2662 0.3113 0.0839, -2.2642 0.2917 0.069, -2.258 0.3066 0.069, -2.2483 0.3193 0.069, -2.2355 0.3291 0.069, -2.2207 0.3353 0.069, -2.2521 0.2885 0.0566, -2.2472 0.3003 0.0566, -2.2394 0.3105 0.0566, -2.2293 0.3183 0.0566, -2.2174 0.3232 0.0566, -2.2377 0.2846 0.0472, -2.2343 0.2929 0.0472, -2.2289 0.2999 0.0472, -2.2218 0.3054 0.0472, -2.2216 0.2803 0.0413, 2.2047 0.3518 3.981, 2.2244 0.3493 3.981, 2.2244 0.3099 4.0288, 2.2149 0.2934 4.0367, 2.2191 0.2902 4.0367, 2.2244 0.2811 4.0367, 2.21 0.2955 4.0367, 2.2149 0.3138 4.0288, 2.2191 0.3296 4.0163, 2.2047 0.2962 4.0367, 2.2326 0.3036 4.0288, 2.2224 0.286 4.0367, 2.2388 0.2955 4.0288, 2.2428 0.286 4.0288, 2.2047 0.3152 4.0288, 2.2047 0.3315 4.0163, 2.2047 0.344 4.0, 2.2326 0.324 4.0163, 2.2441 0.3152 4.0163, 2.2529 0.3036 4.0163, 2.2585 0.2902 4.0163, 2.2224 0.3417 4.0, 2.2388 0.3348 4.0, 2.2529 0.324 4.0, 2.2638 0.3099 4.0, 2.2706 0.2934 4.0, 2.2428 0.3417 3.981, 2.2585 0.3296 3.981, 2.2706 0.3138 3.981, 2.2782 0.2955 3.981, 2.2782 -1.9486 3.981, 2.2388 -1.9486 4.0288, 2.2224 -1.9391 4.0367, 2.2191 -1.9433 4.0367, 2.2047 -1.9493 4.0367, 2.21 -1.9486 4.0367, 2.2244 -1.9342 4.0367, 2.2428 -1.9391 4.0288, 2.2585 -1.9433 4.0163, 2.2326 -1.9568 4.0288, 2.2149 -1.9466 4.0367, 2.2244 -1.963 4.0288, 2.2149 -1.967 4.0288, 2.2047 -1.9683 4.0288, 2.2529 -1.9568 4.0163, 2.2441 -1.9683 4.0163, 2.2326 -1.9772 4.0163, 2.2191 -1.9827 4.0163, 2.2047 -1.9846 4.0163, 2.2706 -1.9466 4.0, 2.2638 -1.963 4.0, 2.2529 -1.9772 4.0, 2.2388 -1.988 4.0, 2.2224 -1.9948 4.0, 2.2047 -1.9971 4.0, 2.2706 -1.967 3.981, 2.2585 -1.9827 3.981, 2.2428 -1.9948 3.981, 2.2244 -2.0024 3.981, 2.2047 -2.005 3.981, -2.2199 -1.9377 0.0413, -2.2216 -1.9335 0.0413, -2.2135 -1.9441 0.0413, -2.2171 -1.9413 0.0413, -2.2377 -1.9378 0.0472, -2.2251 -2.005 0.1181, -2.2246 -2.0031 0.1006, -2.2441 -1.9971 0.1181, -2.2431 -1.9954 0.1006, -2.2604 -1.9846 0.1181, -2.259 -1.9832 0.1006, -2.2729 -1.9683 0.1181, -2.2712 -1.9673 0.1006, -2.2808 -1.9493 0.1181, -2.2789 -1.9488 0.1006, -2.2231 -1.9975 0.0839, -2.2732 -1.9473 0.0839, -2.2662 -1.9644 0.0839, -2.2549 -1.9791 0.0839, -2.2402 -1.9904 0.0839, -2.2207 -1.9884 0.069, -2.2355 -1.9822 0.069, -2.2483 -1.9725 0.069, -2.258 -1.9597 0.069, -2.2642 -1.9449 0.069, -2.2174 -1.9764 0.0566, -2.2293 -1.9715 0.0566, -2.2394 -1.9636 0.0566, -2.2472 -1.9535 0.0566, -2.2521 -1.9416 0.0566, -2.2136 -1.9619 0.0472, -2.2218 -1.9585 0.0472, -2.2289 -1.9531 0.0472, -2.2343 -1.946 0.0472, -2.2093 -1.9459 0.0413, -2.2047 0.3545 3.9606, -2.2251 0.3518 3.9606, -2.2441 0.344 3.9606, -2.2604 0.3315 3.9606, -2.2729 0.3152 3.9606, -2.2808 0.2962 3.9606, -2.2835 0.2758 3.9606, -2.2047 0.2758 4.0394, -2.2047 0.2962 4.0367, -2.2047 0.3152 4.0288, -2.2047 0.3315 4.0163, -2.2047 0.344 4.0, -2.2047 0.3518 3.981, -2.2047 -1.9289 4.0394, -2.2047 -1.9493 4.0367, -2.2047 -1.9683 4.0288, -2.2047 -1.9846 4.0163, -2.2047 -1.9971 4.0, -2.2047 -2.005 3.981, -2.2047 -2.0077 3.9606, 1.1622 -2.0077 3.9606, 1.284 -2.0077 3.9606, 1.2916 -2.0077 3.9606, 1.3752 -2.0077 3.9606, 1.3986 -2.0077 3.9606, 1.4564 -2.0077 3.9606, 1.4859 -2.0077 3.9606, 1.6044 -2.0077 3.9606, 1.6444 -2.0077 3.9606, 1.7628 -2.0077 3.9606, 2.0424 -2.0077 3.9606, -2.2835 -1.9289 3.9606, -2.2047 -2.0077 0.6556, -2.2047 -2.0077 0.7057, -2.2808 -1.9493 3.9606, -2.2729 -1.9683 3.9606, -2.2604 -1.9846 3.9606, -2.2441 -1.9971 3.9606, -2.2251 -2.005 3.9606, -2.2047 -2.0077 0.8693, -2.2047 -2.0077 0.9064, -2.2047 -2.0077 1.0351, -2.2808 0.2758 3.981, -2.2782 0.2955 3.981, -2.2388 0.2955 4.0288, -2.2224 0.286 4.0367, -2.2191 0.2902 4.0367, -2.21 0.2955 4.0367, -2.2244 0.2811 4.0367, -2.2428 0.286 4.0288, -2.2585 0.2902 4.0163, -2.2251 0.2758 4.0367, -2.2326 0.3036 4.0288, -2.2149 0.2934 4.0367, -2.2244 0.3099 4.0288, -2.2149 0.3138 4.0288, -2.2441 0.2758 4.0288, -2.2604 0.2758 4.0163, -2.2729 0.2758 4.0, -2.2529 0.3036 4.0163, -2.2441 0.3152 4.0163, -2.2326 0.324 4.0163, -2.2191 0.3296 4.0163, -2.2706 0.2934 4.0, -2.2638 0.3099 4.0, -2.2529 0.324 4.0, -2.2388 0.3348 4.0, -2.2224 0.3417 4.0, -2.2706 0.3138 3.981, -2.2585 0.3296 3.981, -2.2428 0.3417 3.981, -2.2244 0.3493 3.981, -2.2244 -2.0024 3.981, -2.2244 -1.963 4.0288, -2.2149 -1.9466 4.0367, -2.2191 -1.9433 4.0367, -2.2251 -1.9289 4.0367, -2.2244 -1.9342 4.0367, -2.21 -1.9486 4.0367, -2.2149 -1.967 4.0288, -2.2191 -1.9827 4.0163, -2.2326 -1.9568 4.0288, -2.2224 -1.9391 4.0367, -2.2388 -1.9486 4.0288, -2.2428 -1.9391 4.0288, -2.2441 -1.9289 4.0288, -2.2326 -1.9772 4.0163, -2.2441 -1.9683 4.0163, -2.2529 -1.9568 4.0163, -2.2585 -1.9433 4.0163, -2.2604 -1.9289 4.0163, -2.2224 -1.9948 4.0, -2.2388 -1.988 4.0, -2.2529 -1.9772 4.0, -2.2638 -1.963 4.0, -2.2706 -1.9466 4.0, -2.2729 -1.9289 4.0, -2.2428 -1.9948 3.981, -2.2585 -1.9827 3.981, -2.2706 -1.967 3.981, -2.2782 -1.9486 3.981, -2.2808 -1.9289 3.981
            ]
        }
        coordIndex [
            0,1,2,-1,2,1,3,-1,2,3,4,-1,4,3,5,-1,4,5,6,-1,6,5,7,-1,6,7,8,-1,8,7,9,-1,8,9,10,-1,10,9,11,-1,10,11,12,-1,12,11,13,-1,12,13,14,-1,14,13,15,-1,14,15,16,-1,16,15,17,-1,16,17,18,-1,18,17,19,-1,18,19,20,-1,20,19,21,-1,20,21,22,-1,22,21,23,-1,22,23,24,-1,24,23,25,-1,26,27,28,-1,28,27,29,-1,28,29,30,-1,30,29,31,-1,30,31,32,-1,32,31,33,-1,32,33,34,-1,34,33,35,-1,34,35,36,-1,36,35,37,-1,36,37,38,-1,38,37,39,-1,40,41,42,-1,43,44,45,-1,45,44,46,-1,45,46,47,-1,47,46,48,-1,42,49,40,-1,40,49,50,-1,40,50,51,-1,52,53,48,-1,48,53,54,-1,48,54,47,-1,50,55,51,-1,51,55,56,-1,51,56,57,-1,58,59,52,-1,52,59,60,-1,52,60,53,-1,56,61,57,-1,57,61,62,-1,57,62,63,-1,64,65,66,-1,66,65,67,-1,66,67,58,-1,58,67,68,-1,58,68,59,-1,44,69,46,-1,46,69,70,-1,46,70,48,-1,48,70,71,-1,48,71,52,-1,52,71,72,-1,52,72,58,-1,58,72,73,-1,58,73,66,-1,66,73,74,-1,69,75,70,-1,70,75,76,-1,70,76,71,-1,71,76,77,-1,71,77,72,-1,72,77,78,-1,72,78,73,-1,73,78,79,-1,73,79,74,-1,74,79,80,-1,75,81,76,-1,76,81,82,-1,76,82,77,-1,77,82,83,-1,77,83,78,-1,78,83,84,-1,78,84,79,-1,79,84,85,-1,79,85,80,-1,80,85,86,-1,81,41,82,-1,82,41,40,-1,82,40,83,-1,83,40,51,-1,83,51,84,-1,84,51,57,-1,84,57,85,-1,85,57,63,-1,85,63,86,-1,86,63,87,-1,38,88,89,-1,89,88,64,-1,62,90,63,-1,63,90,91,-1,63,91,87,-1,87,91,92,-1,87,92,93,-1,64,66,89,-1,89,66,74,-1,89,74,94,-1,94,74,80,-1,94,80,95,-1,95,80,86,-1,95,86,96,-1,96,86,87,-1,96,87,97,-1,97,87,93,-1,97,93,98,-1,38,89,36,-1,36,89,94,-1,36,94,34,-1,34,94,95,-1,34,95,32,-1,32,95,96,-1,32,96,30,-1,30,96,97,-1,30,97,28,-1,28,97,98,-1,28,98,26,-1,99,100,101,-1,102,103,104,-1,104,103,105,-1,104,105,106,-1,106,105,107,-1,107,105,108,-1,107,108,109,-1,109,108,110,-1,110,108,111,-1,110,111,112,-1,112,111,113,-1,113,111,114,-1,113,114,115,-1,115,114,116,-1,116,114,117,-1,116,117,118,-1,118,117,119,-1,119,117,29,-1,119,29,27,-1,103,120,105,-1,105,120,121,-1,105,121,108,-1,108,121,122,-1,108,122,111,-1,111,122,123,-1,111,123,114,-1,114,123,124,-1,114,124,117,-1,117,124,125,-1,117,125,29,-1,29,125,31,-1,120,126,121,-1,121,126,127,-1,121,127,122,-1,122,127,128,-1,122,128,123,-1,123,128,129,-1,123,129,124,-1,124,129,130,-1,124,130,125,-1,125,130,131,-1,125,131,31,-1,31,131,33,-1,126,132,127,-1,127,132,133,-1,127,133,128,-1,128,133,134,-1,128,134,129,-1,129,134,135,-1,129,135,130,-1,130,135,136,-1,130,136,131,-1,131,136,137,-1,131,137,33,-1,33,137,35,-1,132,138,133,-1,133,138,139,-1,133,139,134,-1,134,139,140,-1,134,140,135,-1,135,140,141,-1,135,141,136,-1,136,141,142,-1,136,142,137,-1,137,142,143,-1,137,143,35,-1,35,143,37,-1,138,99,139,-1,139,99,101,-1,139,101,140,-1,140,101,144,-1,140,144,141,-1,141,144,145,-1,141,145,142,-1,142,145,146,-1,142,146,143,-1,143,146,147,-1,143,147,37,-1,37,147,39,-1,43,45,148,-1,148,45,149,-1,45,47,149,-1,149,47,54,-1,149,54,150,-1,54,53,150,-1,150,53,60,-1,150,60,151,-1,151,60,59,-1,151,59,152,-1,59,68,152,-1,152,68,67,-1,152,67,153,-1,67,65,153,-1,153,65,64,-1,153,64,0,-1,0,64,88,-1,0,88,38,-1,154,26,155,-1,155,26,98,-1,155,98,156,-1,156,98,93,-1,156,93,157,-1,157,93,92,-1,157,92,158,-1,158,92,91,-1,158,91,159,-1,159,91,90,-1,159,90,160,-1,90,62,160,-1,160,62,61,-1,160,61,161,-1,61,56,161,-1,161,56,55,-1,161,55,162,-1,42,163,49,-1,49,163,162,-1,49,162,50,-1,50,162,55,-1,102,104,164,-1,164,104,165,-1,165,104,166,-1,166,104,106,-1,166,106,167,-1,167,106,107,-1,167,107,168,-1,168,107,109,-1,168,109,169,-1,169,109,110,-1,169,110,170,-1,170,110,112,-1,170,112,171,-1,171,112,113,-1,171,113,172,-1,172,113,115,-1,172,115,173,-1,173,115,116,-1,173,116,174,-1,174,116,118,-1,174,118,175,-1,175,118,119,-1,175,119,176,-1,176,119,27,-1,176,27,177,-1,101,178,144,-1,144,178,179,-1,144,179,145,-1,145,179,180,-1,145,180,146,-1,146,180,181,-1,146,181,147,-1,147,181,1,-1,147,1,39,-1,101,100,182,-1,182,183,101,-1,101,183,184,-1,101,184,185,-1,185,186,101,-1,101,186,187,-1,101,187,178,-1,186,188,187,-1,187,188,189,-1,187,189,190,-1,190,191,187,-1,187,191,192,-1,187,192,193,-1,2,4,194,-1,6,8,195,-1,10,12,196,-1,14,16,197,-1,198,199,200,-1,200,199,201,-1,202,203,201,-1,201,203,204,-1,201,204,200,-1,205,206,202,-1,202,206,207,-1,202,207,203,-1,208,209,205,-1,205,209,210,-1,205,210,206,-1,211,212,213,-1,213,212,214,-1,213,214,208,-1,208,214,215,-1,208,215,209,-1,24,211,22,-1,22,211,213,-1,22,213,20,-1,20,213,18,-1,16,18,197,-1,197,18,213,-1,197,213,216,-1,216,213,208,-1,216,208,217,-1,217,208,205,-1,217,205,218,-1,218,205,202,-1,218,202,219,-1,219,202,201,-1,219,201,220,-1,220,201,199,-1,12,14,196,-1,196,14,197,-1,196,197,221,-1,221,197,216,-1,221,216,222,-1,222,216,217,-1,222,217,223,-1,223,217,218,-1,223,218,224,-1,224,218,219,-1,224,219,225,-1,225,219,220,-1,8,10,195,-1,195,10,196,-1,195,196,226,-1,226,196,221,-1,226,221,227,-1,227,221,222,-1,227,222,228,-1,228,222,223,-1,228,223,229,-1,229,223,224,-1,229,224,230,-1,230,224,225,-1,4,6,194,-1,194,6,195,-1,194,195,231,-1,231,195,226,-1,231,226,232,-1,232,226,227,-1,232,227,233,-1,233,227,228,-1,233,228,234,-1,234,228,229,-1,234,229,235,-1,235,229,230,-1,0,2,153,-1,153,2,194,-1,153,194,152,-1,152,194,231,-1,152,231,151,-1,151,231,232,-1,151,232,150,-1,150,232,233,-1,150,233,149,-1,149,233,234,-1,149,234,148,-1,148,234,235,-1,162,163,236,-1,236,237,162,-1,162,237,238,-1,162,238,161,-1,238,239,161,-1,161,239,240,-1,161,240,160,-1,240,241,160,-1,160,241,242,-1,160,242,159,-1,159,242,243,-1,159,243,158,-1,158,243,244,-1,158,244,157,-1,157,244,245,-1,157,245,156,-1,245,246,156,-1,156,246,247,-1,156,247,155,-1,155,247,248,-1,155,248,154,-1,249,248,250,-1,250,248,251,-1,250,251,252,-1,252,251,253,-1,252,253,254,-1,254,253,255,-1,254,255,256,-1,256,255,257,-1,256,257,258,-1,258,257,259,-1,258,259,260,-1,260,259,261,-1,260,261,262,-1,262,261,263,-1,262,263,264,-1,264,263,265,-1,264,265,266,-1,266,265,267,-1,266,267,268,-1,268,267,269,-1,268,269,270,-1,270,269,271,-1,270,271,272,-1,272,271,273,-1,177,249,176,-1,176,249,274,-1,275,164,276,-1,276,164,165,-1,276,165,277,-1,277,165,166,-1,277,166,278,-1,278,166,167,-1,278,167,279,-1,279,167,168,-1,279,168,280,-1,280,168,169,-1,280,169,281,-1,281,169,170,-1,281,170,282,-1,282,170,171,-1,282,171,283,-1,283,171,172,-1,283,172,284,-1,284,172,173,-1,284,173,285,-1,285,173,174,-1,285,174,274,-1,274,174,175,-1,274,175,176,-1,23,21,286,-1,19,17,287,-1,15,13,288,-1,11,9,289,-1,7,5,290,-1,3,1,181,-1,5,3,290,-1,290,3,181,-1,290,181,291,-1,291,181,180,-1,291,180,292,-1,292,180,179,-1,292,179,293,-1,293,179,178,-1,293,178,294,-1,294,178,187,-1,294,187,295,-1,295,187,193,-1,9,7,289,-1,289,7,290,-1,289,290,296,-1,296,290,291,-1,296,291,297,-1,297,291,292,-1,297,292,298,-1,298,292,293,-1,298,293,299,-1,299,293,294,-1,299,294,300,-1,300,294,295,-1,13,11,288,-1,288,11,289,-1,288,289,301,-1,301,289,296,-1,301,296,302,-1,302,296,297,-1,302,297,303,-1,303,297,298,-1,303,298,304,-1,304,298,299,-1,304,299,305,-1,305,299,300,-1,17,15,287,-1,287,15,288,-1,287,288,306,-1,306,288,301,-1,306,301,307,-1,307,301,302,-1,307,302,308,-1,308,302,303,-1,308,303,309,-1,309,303,304,-1,309,304,310,-1,310,304,305,-1,21,19,286,-1,286,19,287,-1,286,287,311,-1,311,287,306,-1,311,306,312,-1,312,306,307,-1,312,307,313,-1,313,307,308,-1,313,308,314,-1,314,308,309,-1,314,309,315,-1,315,309,310,-1,25,23,316,-1,316,23,286,-1,316,286,317,-1,317,286,311,-1,317,311,318,-1,318,311,312,-1,318,312,319,-1,319,312,313,-1,319,313,320,-1,320,313,314,-1,320,314,321,-1,321,314,315,-1,198,200,322,-1,322,200,323,-1,323,200,324,-1,324,200,204,-1,324,204,325,-1,325,204,203,-1,325,203,326,-1,326,203,207,-1,326,207,327,-1,327,207,206,-1,327,206,328,-1,328,206,210,-1,328,210,329,-1,329,210,209,-1,329,209,330,-1,330,209,215,-1,330,215,331,-1,331,215,214,-1,331,214,332,-1,332,214,212,-1,332,212,333,-1,333,212,211,-1,333,211,334,-1,334,211,24,-1,334,24,335,-1,336,337,248,-1,338,339,248,-1,253,251,337,-1,337,251,248,-1,339,336,248,-1,257,255,340,-1,237,236,341,-1,237,341,342,-1,342,341,343,-1,342,343,344,-1,344,343,345,-1,344,345,346,-1,346,345,347,-1,346,347,348,-1,348,347,349,-1,348,349,350,-1,240,239,351,-1,351,239,238,-1,349,273,350,-1,350,273,271,-1,350,271,269,-1,269,352,350,-1,350,352,353,-1,350,353,348,-1,348,353,354,-1,348,354,346,-1,346,354,355,-1,346,355,344,-1,344,355,351,-1,344,351,342,-1,342,351,238,-1,342,238,237,-1,242,241,356,-1,356,241,240,-1,240,351,356,-1,356,351,355,-1,356,355,357,-1,357,355,354,-1,357,354,358,-1,358,354,353,-1,358,353,359,-1,359,353,352,-1,359,352,360,-1,244,243,361,-1,361,243,242,-1,269,267,352,-1,352,267,265,-1,352,265,360,-1,360,265,263,-1,360,263,261,-1,242,356,361,-1,361,356,357,-1,361,357,362,-1,362,357,358,-1,362,358,363,-1,363,358,359,-1,363,359,364,-1,364,359,360,-1,364,360,365,-1,365,360,261,-1,365,261,259,-1,246,245,366,-1,366,245,244,-1,244,361,366,-1,366,361,362,-1,366,362,367,-1,367,362,363,-1,367,363,368,-1,368,363,364,-1,368,364,369,-1,369,364,365,-1,369,365,340,-1,340,365,259,-1,340,259,257,-1,248,247,370,-1,370,247,246,-1,338,248,370,-1,246,366,370,-1,370,366,367,-1,370,367,338,-1,338,367,368,-1,338,368,339,-1,339,368,369,-1,339,369,336,-1,336,369,340,-1,336,340,337,-1,337,340,255,-1,337,255,253,-1,371,372,249,-1,373,374,249,-1,285,274,372,-1,372,274,249,-1,374,371,249,-1,283,284,375,-1,270,272,376,-1,270,376,377,-1,377,376,378,-1,377,378,379,-1,379,378,380,-1,379,380,381,-1,381,380,382,-1,381,382,383,-1,383,382,384,-1,383,384,385,-1,264,266,386,-1,386,266,268,-1,384,275,385,-1,385,275,276,-1,385,276,277,-1,277,387,385,-1,385,387,388,-1,385,388,383,-1,383,388,389,-1,383,389,381,-1,381,389,390,-1,381,390,379,-1,379,390,386,-1,379,386,377,-1,377,386,268,-1,377,268,270,-1,260,262,391,-1,391,262,264,-1,264,386,391,-1,391,386,390,-1,391,390,392,-1,392,390,389,-1,392,389,393,-1,393,389,388,-1,393,388,394,-1,394,388,387,-1,394,387,395,-1,256,258,396,-1,396,258,260,-1,277,278,387,-1,387,278,279,-1,387,279,395,-1,395,279,280,-1,395,280,281,-1,260,391,396,-1,396,391,392,-1,396,392,397,-1,397,392,393,-1,397,393,398,-1,398,393,394,-1,398,394,399,-1,399,394,395,-1,399,395,400,-1,400,395,281,-1,400,281,282,-1,252,254,401,-1,401,254,256,-1,256,396,401,-1,401,396,397,-1,401,397,402,-1,402,397,398,-1,402,398,403,-1,403,398,399,-1,403,399,404,-1,404,399,400,-1,404,400,375,-1,375,400,282,-1,375,282,283,-1,249,250,405,-1,405,250,252,-1,373,249,405,-1,252,401,405,-1,405,401,402,-1,405,402,373,-1,373,402,403,-1,373,403,374,-1,374,403,404,-1,374,404,371,-1,371,404,375,-1,371,375,372,-1,372,375,284,-1,372,284,285,-1,406,25,407,-1,407,25,316,-1,317,408,316,-1,316,408,409,-1,316,409,407,-1,410,411,317,-1,317,411,412,-1,317,412,408,-1,317,318,410,-1,410,318,319,-1,410,319,413,-1,413,319,320,-1,413,320,414,-1,414,320,321,-1,414,321,415,-1,335,416,334,-1,334,416,417,-1,418,322,419,-1,419,322,323,-1,419,323,420,-1,420,323,324,-1,420,324,421,-1,421,324,325,-1,421,325,422,-1,422,325,326,-1,422,326,423,-1,423,326,327,-1,423,327,424,-1,424,327,328,-1,424,328,425,-1,425,328,329,-1,425,329,426,-1,426,329,330,-1,426,330,427,-1,427,330,331,-1,427,331,428,-1,428,331,332,-1,428,332,417,-1,417,332,333,-1,417,333,334,-1,429,273,349,-1,429,349,430,-1,430,349,347,-1,430,347,431,-1,431,347,345,-1,431,345,432,-1,432,345,343,-1,432,343,433,-1,433,343,341,-1,433,341,434,-1,434,341,236,-1,434,236,435,-1,436,437,438,-1,436,438,439,-1,439,438,440,-1,439,440,441,-1,441,440,442,-1,441,442,443,-1,443,442,444,-1,443,444,445,-1,445,444,446,-1,445,446,447,-1,447,446,448,-1,447,448,429,-1,449,450,451,-1,451,452,384,-1,384,452,453,-1,453,454,384,-1,384,454,455,-1,384,455,275,-1,451,384,449,-1,449,384,382,-1,449,382,456,-1,456,382,380,-1,456,380,457,-1,457,380,378,-1,457,378,458,-1,458,378,376,-1,458,376,459,-1,459,376,272,-1,459,272,448,-1,414,415,460,-1,460,461,414,-1,414,461,462,-1,414,462,413,-1,462,463,413,-1,413,463,464,-1,413,464,410,-1,464,465,410,-1,410,465,466,-1,410,466,411,-1,411,466,467,-1,411,467,412,-1,412,467,468,-1,412,468,408,-1,408,468,469,-1,408,469,409,-1,469,470,409,-1,409,470,471,-1,409,471,407,-1,407,471,472,-1,407,472,406,-1,416,472,473,-1,473,472,474,-1,473,474,475,-1,475,474,476,-1,475,476,477,-1,477,476,478,-1,477,478,479,-1,479,478,480,-1,479,480,481,-1,481,480,482,-1,481,482,483,-1,483,482,484,-1,483,484,485,-1,485,484,486,-1,485,486,487,-1,487,486,488,-1,487,488,489,-1,489,488,490,-1,489,490,491,-1,491,490,492,-1,491,492,493,-1,493,492,494,-1,493,494,495,-1,495,494,496,-1,497,498,416,-1,499,500,416,-1,428,417,498,-1,498,417,416,-1,500,497,416,-1,426,427,501,-1,493,495,502,-1,493,502,503,-1,503,502,504,-1,503,504,505,-1,505,504,506,-1,505,506,507,-1,507,506,508,-1,507,508,509,-1,509,508,510,-1,509,510,511,-1,487,489,512,-1,512,489,491,-1,510,418,511,-1,511,418,419,-1,511,419,420,-1,420,513,511,-1,511,513,514,-1,511,514,509,-1,509,514,515,-1,509,515,507,-1,507,515,516,-1,507,516,505,-1,505,516,512,-1,505,512,503,-1,503,512,491,-1,503,491,493,-1,483,485,517,-1,517,485,487,-1,487,512,517,-1,517,512,516,-1,517,516,518,-1,518,516,515,-1,518,515,519,-1,519,515,514,-1,519,514,520,-1,520,514,513,-1,520,513,521,-1,479,481,522,-1,522,481,483,-1,420,421,513,-1,513,421,422,-1,513,422,521,-1,521,422,423,-1,521,423,424,-1,483,517,522,-1,522,517,518,-1,522,518,523,-1,523,518,519,-1,523,519,524,-1,524,519,520,-1,524,520,525,-1,525,520,521,-1,525,521,526,-1,526,521,424,-1,526,424,425,-1,475,477,527,-1,527,477,479,-1,479,522,527,-1,527,522,523,-1,527,523,528,-1,528,523,524,-1,528,524,529,-1,529,524,525,-1,529,525,530,-1,530,525,526,-1,530,526,501,-1,501,526,425,-1,501,425,426,-1,416,473,531,-1,531,473,475,-1,499,416,531,-1,475,527,531,-1,531,527,528,-1,531,528,499,-1,499,528,529,-1,499,529,500,-1,500,529,530,-1,500,530,497,-1,497,530,501,-1,497,501,498,-1,498,501,427,-1,498,427,428,-1,435,532,533,-1,534,535,536,-1,436,439,537,-1,536,535,436,-1,538,436,535,-1,538,535,539,-1,539,535,534,-1,539,534,540,-1,541,436,538,-1,542,543,544,-1,544,543,537,-1,544,537,545,-1,545,537,439,-1,545,439,441,-1,541,538,546,-1,546,538,539,-1,546,539,547,-1,547,539,540,-1,547,540,548,-1,549,542,550,-1,550,542,544,-1,550,544,551,-1,551,544,545,-1,551,545,552,-1,552,545,441,-1,552,441,443,-1,553,549,554,-1,554,549,550,-1,554,550,555,-1,555,550,551,-1,555,551,556,-1,556,551,552,-1,556,552,557,-1,557,552,443,-1,557,443,445,-1,532,553,533,-1,533,553,554,-1,533,554,558,-1,558,554,555,-1,558,555,559,-1,559,555,556,-1,559,556,560,-1,560,556,557,-1,560,557,561,-1,561,557,445,-1,561,445,447,-1,435,533,434,-1,434,533,558,-1,434,558,433,-1,433,558,559,-1,433,559,432,-1,432,559,560,-1,432,560,431,-1,431,560,561,-1,431,561,430,-1,430,561,447,-1,430,447,429,-1,543,436,537,-1,532,548,553,-1,553,548,540,-1,553,540,549,-1,549,540,534,-1,549,534,542,-1,542,534,536,-1,542,536,543,-1,543,536,436,-1,448,446,562,-1,563,564,565,-1,437,566,567,-1,565,564,437,-1,568,437,564,-1,568,564,569,-1,569,564,563,-1,569,563,570,-1,438,437,568,-1,571,572,573,-1,573,572,567,-1,573,567,574,-1,574,567,566,-1,574,566,575,-1,438,568,440,-1,440,568,569,-1,440,569,442,-1,442,569,570,-1,442,570,444,-1,576,571,577,-1,577,571,573,-1,577,573,578,-1,578,573,574,-1,578,574,579,-1,579,574,575,-1,579,575,580,-1,581,576,582,-1,582,576,577,-1,582,577,583,-1,583,577,578,-1,583,578,584,-1,584,578,579,-1,584,579,585,-1,585,579,580,-1,585,580,586,-1,446,581,562,-1,562,581,582,-1,562,582,587,-1,587,582,583,-1,587,583,588,-1,588,583,584,-1,588,584,589,-1,589,584,585,-1,589,585,590,-1,590,585,586,-1,590,586,591,-1,448,562,459,-1,459,562,587,-1,459,587,458,-1,458,587,588,-1,458,588,457,-1,457,588,589,-1,457,589,456,-1,456,589,590,-1,456,590,449,-1,449,590,591,-1,449,591,450,-1,572,437,567,-1,446,444,581,-1,581,444,570,-1,581,570,576,-1,576,570,563,-1,576,563,571,-1,571,563,565,-1,571,565,572,-1,572,565,437,-1,592,593,472,-1,594,595,472,-1,476,474,593,-1,593,474,472,-1,595,592,472,-1,480,478,596,-1,461,460,597,-1,461,597,598,-1,598,597,599,-1,598,599,600,-1,600,599,601,-1,600,601,602,-1,602,601,603,-1,602,603,604,-1,604,603,605,-1,604,605,606,-1,464,463,607,-1,607,463,462,-1,605,496,606,-1,606,496,494,-1,606,494,492,-1,492,608,606,-1,606,608,609,-1,606,609,604,-1,604,609,610,-1,604,610,602,-1,602,610,611,-1,602,611,600,-1,600,611,607,-1,600,607,598,-1,598,607,462,-1,598,462,461,-1,466,465,612,-1,612,465,464,-1,464,607,612,-1,612,607,611,-1,612,611,613,-1,613,611,610,-1,613,610,614,-1,614,610,609,-1,614,609,615,-1,615,609,608,-1,615,608,616,-1,468,467,617,-1,617,467,466,-1,492,490,608,-1,608,490,488,-1,608,488,616,-1,616,488,486,-1,616,486,484,-1,466,612,617,-1,617,612,613,-1,617,613,618,-1,618,613,614,-1,618,614,619,-1,619,614,615,-1,619,615,620,-1,620,615,616,-1,620,616,621,-1,621,616,484,-1,621,484,482,-1,470,469,622,-1,622,469,468,-1,468,617,622,-1,622,617,618,-1,622,618,623,-1,623,618,619,-1,623,619,624,-1,624,619,620,-1,624,620,625,-1,625,620,621,-1,625,621,596,-1,596,621,482,-1,596,482,480,-1,472,471,626,-1,626,471,470,-1,594,472,626,-1,470,622,626,-1,626,622,623,-1,626,623,594,-1,594,623,624,-1,594,624,595,-1,595,624,625,-1,595,625,592,-1,592,625,596,-1,592,596,593,-1,593,596,478,-1,593,478,476,-1,627,418,510,-1,627,510,628,-1,628,510,508,-1,628,508,629,-1,629,508,506,-1,629,506,630,-1,630,506,504,-1,630,504,631,-1,631,504,502,-1,631,502,632,-1,632,502,495,-1,632,495,633,-1,634,436,541,-1,634,541,635,-1,635,541,546,-1,635,546,636,-1,636,546,547,-1,636,547,637,-1,637,547,548,-1,637,548,638,-1,638,548,532,-1,638,532,639,-1,639,532,435,-1,639,435,627,-1,437,640,641,-1,437,641,566,-1,566,641,642,-1,566,642,575,-1,575,642,643,-1,575,643,580,-1,580,643,644,-1,580,644,586,-1,586,644,645,-1,586,645,591,-1,645,646,647,-1,645,647,591,-1,591,647,648,-1,591,648,649,-1,649,650,591,-1,591,650,651,-1,591,651,652,-1,652,653,591,-1,591,653,654,-1,591,654,655,-1,655,656,591,-1,591,656,657,-1,591,657,450,-1,658,496,605,-1,460,659,597,-1,597,659,660,-1,658,605,661,-1,661,605,603,-1,661,603,662,-1,662,603,601,-1,662,601,663,-1,663,601,599,-1,663,599,664,-1,664,599,597,-1,664,597,665,-1,665,597,660,-1,665,660,666,-1,666,667,665,-1,665,667,668,-1,665,668,646,-1,633,669,670,-1,671,672,673,-1,634,635,674,-1,673,672,634,-1,675,634,672,-1,675,672,676,-1,676,672,671,-1,676,671,677,-1,678,634,675,-1,679,680,681,-1,681,680,674,-1,681,674,682,-1,682,674,635,-1,682,635,636,-1,678,675,683,-1,683,675,676,-1,683,676,684,-1,684,676,677,-1,684,677,685,-1,686,679,687,-1,687,679,681,-1,687,681,688,-1,688,681,682,-1,688,682,689,-1,689,682,636,-1,689,636,637,-1,690,686,691,-1,691,686,687,-1,691,687,692,-1,692,687,688,-1,692,688,693,-1,693,688,689,-1,693,689,694,-1,694,689,637,-1,694,637,638,-1,669,690,670,-1,670,690,691,-1,670,691,695,-1,695,691,692,-1,695,692,696,-1,696,692,693,-1,696,693,697,-1,697,693,694,-1,697,694,698,-1,698,694,638,-1,698,638,639,-1,633,670,632,-1,632,670,695,-1,632,695,631,-1,631,695,696,-1,631,696,630,-1,630,696,697,-1,630,697,629,-1,629,697,698,-1,629,698,628,-1,628,698,639,-1,628,639,627,-1,680,634,674,-1,669,685,690,-1,690,685,677,-1,690,677,686,-1,686,677,671,-1,686,671,679,-1,679,671,673,-1,679,673,680,-1,680,673,634,-1,646,645,699,-1,700,701,702,-1,640,703,704,-1,702,701,640,-1,705,640,701,-1,705,701,706,-1,706,701,700,-1,706,700,707,-1,641,640,705,-1,708,709,710,-1,710,709,704,-1,710,704,711,-1,711,704,703,-1,711,703,712,-1,641,705,642,-1,642,705,706,-1,642,706,643,-1,643,706,707,-1,643,707,644,-1,713,708,714,-1,714,708,710,-1,714,710,715,-1,715,710,711,-1,715,711,716,-1,716,711,712,-1,716,712,717,-1,718,713,719,-1,719,713,714,-1,719,714,720,-1,720,714,715,-1,720,715,721,-1,721,715,716,-1,721,716,722,-1,722,716,717,-1,722,717,723,-1,645,718,699,-1,699,718,719,-1,699,719,724,-1,724,719,720,-1,724,720,725,-1,725,720,721,-1,725,721,726,-1,726,721,722,-1,726,722,727,-1,727,722,723,-1,727,723,728,-1,646,699,665,-1,665,699,724,-1,665,724,664,-1,664,724,725,-1,664,725,663,-1,663,725,726,-1,663,726,662,-1,662,726,727,-1,662,727,661,-1,661,727,728,-1,661,728,658,-1,709,640,704,-1,645,644,718,-1,718,644,707,-1,718,707,713,-1,713,707,700,-1,713,700,708,-1,708,700,702,-1,708,702,709,-1,709,702,640,-1,640,634,678,-1,640,678,703,-1,703,678,683,-1,703,683,712,-1,712,683,684,-1,712,684,717,-1,717,684,685,-1,717,685,723,-1,723,685,669,-1,723,669,728,-1,728,669,633,-1,728,633,658,-1,
        ]
    }
}
Shape{
    appearance Appearance {
        material  Material 	{
            diffuseColor 0.7529411764705882 0.7529411764705882 0.7529411764705882
            specularColor 0.3764705882352941 0.3764705882352941 0.3764705882352941
            ambientIntensity 0.7529
            transparency 0.0
            shininess 0.5
        }
    }
    geometry IndexedFaceSet {
        ccw TRUE
        solid FALSE
        coord DEF co Coordinate {
            point [
                -1.4016 0.0593 -1.5354, -1.4409 0.0199 -1.5748, -1.5984 0.0593 -1.5354, -1.5591 0.0199 -1.5748, -1.4016 -0.0589 -1.5354, -1.4409 -0.0195 -1.5748, -1.5591 -0.0195 -1.5748, -1.5984 -0.0589 -1.5354, -0.4016 0.0593 -1.5354, -0.4409 0.0199 -1.5748, -0.5984 0.0593 -1.5354, -0.5591 0.0199 -1.5748, -0.4016 -0.0589 -1.5354, -0.4409 -0.0195 -1.5748, -0.5591 -0.0195 -1.5748, -0.5984 -0.0589 -1.5354, 0.5984 0.0593 -1.5354, 0.5591 0.0199 -1.5748, 0.4016 0.0593 -1.5354, 0.4409 0.0199 -1.5748, 0.5984 -0.0589 -1.5354, 0.5591 -0.0195 -1.5748, 0.4409 -0.0195 -1.5748, 0.4016 -0.0589 -1.5354, 1.5984 0.0593 -1.5354, 1.5591 0.0199 -1.5748, 1.4016 0.0593 -1.5354, 1.4409 0.0199 -1.5748, 1.5984 -0.0589 -1.5354, 1.5591 -0.0195 -1.5748, 1.4409 -0.0195 -1.5748, 1.4016 -0.0589 -1.5354
            ]
        }
        coordIndex [
            0,1,2,-1,2,1,3,-1,4,5,0,-1,0,5,1,-1,6,7,3,-1,3,7,2,-1,7,6,4,-1,4,6,5,-1,8,9,10,-1,10,9,11,-1,12,13,8,-1,8,13,9,-1,14,15,11,-1,11,15,10,-1,15,14,12,-1,12,14,13,-1,16,17,18,-1,18,17,19,-1,20,21,16,-1,16,21,17,-1,22,23,19,-1,19,23,18,-1,23,22,20,-1,20,22,21,-1,24,25,26,-1,26,25,27,-1,28,29,24,-1,24,29,25,-1,30,31,27,-1,27,31,26,-1,31,30,28,-1,28,30,29,-1,
        ]
    }
}
Shape{
    appearance Appearance {
        material  Material 	{
            diffuseColor 1.0 1.0 1.0
            specularColor 0.5019607843137255 0.5019607843137255 0.5019607843137255
            ambientIntensity 1.0
            transparency 0.0
            shininess 0.5
        }
    }
    geometry IndexedFaceSet {
        ccw TRUE
        solid FALSE
        coord DEF co Coordinate {
            point [
                1.2807 -2.0081 0.9219, 1.2807 -2.0081 0.9075, 1.2807 -2.0077 0.9219, 1.2807 -2.0077 0.9075, 1.2304 -2.0081 0.9219, 1.2304 -2.0077 0.9219, 1.2304 -2.0081 1.034, 1.2304 -2.0077 1.034, 1.214 -2.0081 1.034, 1.214 -2.0077 1.034, 1.214 -2.0081 0.9075, 1.214 -2.0077 0.9075, 1.3806 -2.0077 0.9127, 1.3806 -2.0081 0.9127, 1.3785 -2.0081 0.9116, 1.3649 -2.0081 0.9072, 1.3456 -2.0081 0.9053, 1.3568 -2.0077 0.9064, 1.3456 -2.0077 0.9053, 1.3649 -2.0077 0.9072, 1.3752 -2.0077 0.9106, 1.3785 -2.0077 0.9116, 1.3806 -2.0081 0.9284, 1.3806 -2.0077 0.9284, 1.3752 -2.0077 0.9259, 1.3682 -2.0081 0.9228, 1.3682 -2.0077 0.9228, 1.3539 -2.0077 0.9201, 1.3539 -2.0081 0.9201, 1.348 -2.0077 0.9199, 1.348 -2.0081 0.9199, 1.3369 -2.0077 0.921, 1.3369 -2.0081 0.921, 1.3276 -2.0077 0.9242, 1.3276 -2.0081 0.9242, 1.3191 -2.0077 0.9298, 1.3191 -2.0081 0.9298, 1.3155 -2.0077 0.9332, 1.3155 -2.0081 0.9332, 1.3097 -2.0077 0.9411, 1.3097 -2.0081 0.9411, 1.3055 -2.0077 0.9511, 1.3055 -2.0081 0.9511, 1.3033 -2.0077 0.9635, 1.3033 -2.0081 0.9635, 1.303 -2.0077 0.9693, 1.303 -2.0081 0.9693, 1.3051 -2.0077 0.9867, 1.3051 -2.0081 0.9867, 1.3094 -2.0077 0.9976, 1.3094 -2.0081 0.9976, 1.3155 -2.0077 1.0064, 1.3155 -2.0081 1.0064, 1.3163 -2.0077 1.0073, 1.3163 -2.0081 1.0073, 1.3241 -2.0077 1.0139, 1.3241 -2.0081 1.0139, 1.3339 -2.0077 1.0187, 1.3339 -2.0081 1.0187, 1.3448 -2.0077 1.0211, 1.3448 -2.0081 1.0211, 1.3508 -2.0077 1.0214, 1.3508 -2.0081 1.0214, 1.3806 -2.0077 1.0139, 1.3806 -2.0081 1.0139, 1.3792 -2.0081 1.0146, 1.3664 -2.0077 1.0195, 1.3664 -2.0081 1.0195, 1.3752 -2.0077 1.0162, 1.3792 -2.0077 1.0146, 1.3806 -2.0081 1.0309, 1.3806 -2.0077 1.0309, 1.3752 -2.0077 1.0325, 1.3672 -2.0081 1.0348, 1.3507 -2.0077 1.0361, 1.3507 -2.0081 1.0361, 1.3642 -2.0077 1.0351, 1.3672 -2.0077 1.0348, 1.3419 -2.0077 1.0351, 1.3324 -2.0081 1.0339, 1.3324 -2.0077 1.0339, 1.3192 -2.0077 1.0288, 1.3192 -2.0081 1.0288, 1.3073 -2.0077 1.0205, 1.3073 -2.0081 1.0205, 1.3042 -2.0077 1.0175, 1.3042 -2.0081 1.0175, 1.295 -2.0077 1.0055, 1.295 -2.0081 1.0055, 1.2916 -2.0077 0.9975, 1.289 -2.0081 0.9915, 1.289 -2.0077 0.9915, 1.2861 -2.0077 0.9749, 1.2861 -2.0081 0.9749, 1.2859 -2.0077 0.9683, 1.2859 -2.0081 0.9683, 1.2884 -2.0077 0.9478, 1.2884 -2.0081 0.9478, 1.2916 -2.0077 0.9396, 1.2935 -2.0081 0.9346, 1.2935 -2.0077 0.9346, 1.3011 -2.0077 0.9238, 1.3011 -2.0081 0.9238, 1.3021 -2.0077 0.9226, 1.3021 -2.0081 0.9226, 1.338 -2.0081 0.9057, 1.3123 -2.0077 0.9142, 1.3123 -2.0081 0.9142, 1.3242 -2.0077 0.9085, 1.3242 -2.0081 0.9085, 1.3345 -2.0077 0.9064, 1.338 -2.0077 0.9057, 1.474 -2.0081 0.9219, 1.474 -2.0081 0.9075, 1.474 -2.0077 0.9219, 1.474 -2.0077 0.9075, 1.4223 -2.0077 0.9219, 1.4223 -2.0081 0.9219, 1.4564 -2.0077 0.9219, 1.4223 -2.0081 0.9645, 1.4223 -2.0077 0.9645, 1.4675 -2.0077 0.9645, 1.4675 -2.0081 0.9645, 1.4564 -2.0077 0.9645, 1.4675 -2.0081 0.9789, 1.4675 -2.0077 0.9789, 1.4223 -2.0077 0.9789, 1.4223 -2.0081 0.9789, 1.4564 -2.0077 0.9789, 1.4223 -2.0081 1.0194, 1.4223 -2.0077 1.0194, 1.4711 -2.0077 1.0194, 1.4711 -2.0081 1.0194, 1.4564 -2.0077 1.0194, 1.4711 -2.0081 1.034, 1.4711 -2.0077 1.034, 1.406 -2.0077 1.034, 1.406 -2.0081 1.034, 1.4564 -2.0077 1.034, 1.406 -2.0081 0.9075, 1.406 -2.0077 0.9075, 1.4564 -2.0077 0.9075, 1.5818 -2.0081 0.9252, 1.5687 -2.0081 0.9337, 1.5686 -2.0081 0.9157, 1.5605 -2.0081 0.928, 1.5541 -2.0081 0.9101, 1.5501 -2.0081 0.924, 1.5327 -2.0081 0.9075, 1.5326 -2.0081 0.9219, 1.4979 -2.0081 0.9075, 1.5142 -2.0081 0.9219, 1.4979 -2.0081 1.034, 1.5142 -2.0081 1.0194, 1.534 -2.0081 1.034, 1.5333 -2.0081 1.0194, 1.5346 -2.0081 1.0194, 1.5533 -2.0081 1.0319, 1.5508 -2.0081 1.0173, 1.5686 -2.0081 1.0263, 1.5616 -2.0081 1.0132, 1.5818 -2.0081 1.0172, 1.5698 -2.0081 1.0075, 1.5863 -2.0081 1.0129, 1.5734 -2.0081 1.004, 1.5941 -2.0081 1.0018, 1.5783 -2.0081 0.9969, 1.5988 -2.0081 0.9898, 1.5818 -2.0081 0.9877, 1.6009 -2.0081 0.9724, 1.5837 -2.0081 0.9719, 1.6005 -2.0081 0.9643, 1.5832 -2.0081 0.9632, 1.5974 -2.0081 0.9495, 1.5807 -2.0081 0.9518, 1.5912 -2.0081 0.9364, 1.5762 -2.0081 0.9425, 1.5702 -2.0081 0.9351, 1.5327 -2.0077 0.9075, 1.4979 -2.0077 0.9075, 1.5541 -2.0077 0.9101, 1.5686 -2.0077 0.9157, 1.5818 -2.0077 0.9252, 1.5912 -2.0077 0.9364, 1.5974 -2.0077 0.9495, 1.6005 -2.0077 0.9643, 1.6009 -2.0077 0.9724, 1.5988 -2.0077 0.9898, 1.5941 -2.0077 1.0018, 1.5863 -2.0077 1.0129, 1.5818 -2.0077 1.0172, 1.5686 -2.0077 1.0263, 1.5533 -2.0077 1.0319, 1.534 -2.0077 1.034, 1.4979 -2.0077 1.034, 1.5333 -2.0077 1.0194, 1.5142 -2.0077 1.0194, 1.5142 -2.0077 0.9219, 1.5326 -2.0077 0.9219, 1.5702 -2.0077 0.9351, 1.5687 -2.0077 0.9337, 1.5605 -2.0077 0.928, 1.5501 -2.0077 0.924, 1.5837 -2.0077 0.9719, 1.5832 -2.0077 0.9632, 1.5807 -2.0077 0.9518, 1.5762 -2.0077 0.9425, 1.5698 -2.0077 1.0075, 1.5734 -2.0077 1.004, 1.5783 -2.0077 0.9969, 1.5818 -2.0077 0.9877, 1.5346 -2.0077 1.0194, 1.5508 -2.0077 1.0173, 1.5616 -2.0077 1.0132
            ]
        }
        coordIndex [
            0,1,2,-1,2,1,3,-1,4,0,5,-1,5,0,2,-1,6,4,7,-1,7,4,5,-1,8,6,9,-1,9,6,7,-1,10,8,11,-1,11,8,9,-1,1,10,3,-1,3,10,11,-1,6,8,4,-1,4,8,10,-1,4,10,0,-1,0,10,1,-1,12,13,14,-1,15,16,17,-1,17,16,18,-1,17,19,15,-1,15,19,20,-1,15,20,14,-1,14,20,21,-1,14,21,12,-1,22,13,23,-1,23,13,12,-1,22,23,24,-1,22,24,25,-1,24,26,25,-1,25,26,27,-1,25,27,28,-1,28,27,29,-1,28,29,30,-1,30,29,31,-1,30,31,32,-1,32,31,33,-1,32,33,34,-1,34,33,35,-1,34,35,36,-1,36,35,37,-1,36,37,38,-1,38,37,39,-1,38,39,40,-1,40,39,41,-1,40,41,42,-1,42,41,43,-1,42,43,44,-1,44,43,45,-1,44,45,46,-1,46,45,47,-1,46,47,48,-1,48,47,49,-1,48,49,50,-1,50,49,51,-1,50,51,52,-1,52,51,53,-1,52,53,54,-1,54,53,55,-1,54,55,56,-1,56,55,57,-1,56,57,58,-1,58,57,59,-1,58,59,60,-1,60,59,61,-1,60,61,62,-1,63,64,65,-1,62,61,66,-1,62,66,67,-1,67,66,68,-1,67,68,65,-1,65,68,69,-1,65,69,63,-1,70,64,71,-1,71,64,63,-1,70,71,72,-1,70,72,73,-1,74,75,76,-1,76,75,73,-1,76,73,77,-1,77,73,72,-1,75,74,78,-1,75,78,79,-1,78,80,79,-1,79,80,81,-1,79,81,82,-1,82,81,83,-1,82,83,84,-1,84,83,85,-1,84,85,86,-1,86,85,87,-1,86,87,88,-1,88,87,89,-1,88,89,90,-1,89,91,90,-1,90,91,92,-1,90,92,93,-1,93,92,94,-1,93,94,95,-1,95,94,96,-1,95,96,97,-1,97,96,98,-1,97,98,99,-1,98,100,99,-1,99,100,101,-1,99,101,102,-1,102,101,103,-1,102,103,104,-1,18,16,105,-1,104,103,106,-1,104,106,107,-1,107,106,108,-1,107,108,109,-1,109,108,110,-1,109,110,105,-1,105,110,111,-1,105,111,18,-1,56,58,79,-1,48,50,88,-1,88,50,86,-1,79,58,75,-1,95,46,93,-1,93,46,48,-1,93,48,90,-1,90,48,88,-1,58,60,75,-1,75,60,62,-1,75,62,73,-1,73,62,67,-1,73,67,70,-1,70,67,65,-1,70,65,64,-1,13,22,14,-1,14,22,25,-1,14,25,15,-1,15,25,28,-1,15,28,16,-1,16,28,30,-1,16,30,105,-1,105,30,32,-1,105,32,109,-1,109,32,34,-1,109,34,107,-1,107,34,36,-1,107,36,104,-1,104,36,38,-1,104,38,102,-1,102,38,40,-1,102,40,99,-1,99,40,97,-1,97,40,42,-1,97,42,95,-1,95,42,44,-1,95,44,46,-1,50,52,86,-1,86,52,54,-1,86,54,84,-1,84,54,56,-1,84,56,82,-1,82,56,79,-1,112,113,114,-1,114,113,115,-1,116,117,118,-1,118,117,112,-1,118,112,114,-1,119,117,120,-1,120,117,116,-1,121,122,123,-1,123,122,119,-1,123,119,120,-1,124,122,125,-1,125,122,121,-1,126,127,128,-1,128,127,124,-1,128,124,125,-1,129,127,130,-1,130,127,126,-1,131,132,133,-1,133,132,129,-1,133,129,130,-1,134,132,135,-1,135,132,131,-1,136,137,138,-1,138,137,134,-1,138,134,135,-1,139,137,140,-1,140,137,136,-1,115,113,141,-1,141,113,139,-1,141,139,140,-1,139,113,112,-1,112,117,139,-1,139,117,119,-1,139,119,137,-1,132,134,129,-1,129,134,137,-1,129,137,127,-1,127,137,119,-1,127,119,124,-1,124,119,122,-1,142,143,144,-1,144,143,145,-1,144,145,146,-1,146,145,147,-1,146,147,148,-1,148,147,149,-1,148,149,150,-1,150,149,151,-1,150,151,152,-1,152,151,153,-1,152,153,154,-1,153,155,154,-1,154,155,156,-1,154,156,157,-1,157,156,158,-1,157,158,159,-1,159,158,160,-1,159,160,161,-1,161,160,162,-1,161,162,163,-1,163,162,164,-1,163,164,165,-1,165,164,166,-1,165,166,167,-1,167,166,168,-1,167,168,169,-1,169,168,170,-1,169,170,171,-1,171,170,172,-1,171,172,173,-1,173,172,174,-1,173,174,175,-1,175,174,176,-1,175,176,142,-1,142,176,177,-1,142,177,143,-1,148,150,178,-1,178,150,179,-1,148,178,180,-1,148,180,146,-1,146,180,181,-1,146,181,144,-1,144,181,182,-1,144,182,142,-1,142,182,183,-1,142,183,175,-1,175,183,184,-1,175,184,173,-1,173,184,185,-1,173,185,171,-1,171,185,186,-1,171,186,169,-1,169,186,187,-1,169,187,167,-1,167,187,188,-1,167,188,165,-1,165,188,189,-1,165,189,163,-1,163,189,190,-1,163,190,161,-1,161,190,191,-1,161,191,159,-1,159,191,192,-1,159,192,157,-1,157,192,193,-1,157,193,154,-1,152,154,194,-1,194,154,193,-1,150,152,179,-1,179,152,194,-1,155,153,195,-1,195,153,196,-1,153,151,196,-1,196,151,197,-1,151,149,197,-1,197,149,198,-1,177,199,200,-1,177,200,143,-1,143,200,201,-1,143,201,145,-1,145,201,202,-1,145,202,147,-1,147,202,198,-1,147,198,149,-1,170,203,204,-1,170,204,172,-1,172,204,205,-1,172,205,174,-1,174,205,206,-1,174,206,176,-1,176,206,199,-1,176,199,177,-1,162,207,208,-1,162,208,164,-1,164,208,209,-1,164,209,166,-1,166,209,210,-1,166,210,168,-1,168,210,203,-1,168,203,170,-1,155,195,211,-1,155,211,156,-1,156,211,212,-1,156,212,158,-1,158,212,213,-1,158,213,160,-1,160,213,207,-1,160,207,162,-1,
        ]
    }
}
Shape{
    appearance Appearance {
        material  Material 	{
            diffuseColor 0.25098039215686274 0.25098039215686274 0.25098039215686274
            specularColor 0.12549019607843137 0.12549019607843137 0.12549019607843137
            ambientIntensity 0.251
            transparency 0.0
            shininess 0.5
        }
    }
    geometry IndexedFaceSet {
        ccw TRUE
        solid FALSE
        coord DEF co Coordinate {
            point [
                1.5605 -2.0077 0.928, 1.5687 -2.0077 0.9337, 1.5346 -2.0077 1.0194, 1.5142 -2.0077 1.0194, 1.5142 -2.0077 0.9219, 1.5333 -2.0077 1.0194, 1.5326 -2.0077 0.9219, 1.5501 -2.0077 0.924, 1.5702 -2.0077 0.9351, 1.5762 -2.0077 0.9425, 1.5807 -2.0077 0.9518, 1.5837 -2.0077 0.9719, 1.5698 -2.0077 1.0075, 1.5616 -2.0077 1.0132, 1.5818 -2.0077 0.9877, 1.5783 -2.0077 0.9969, 1.5734 -2.0077 1.004, 1.5832 -2.0077 0.9632, 1.5508 -2.0077 1.0173
            ]
        }
        coordIndex [
            0,1,2,-1,3,4,5,-1,5,4,6,-1,5,6,2,-1,2,6,7,-1,2,7,0,-1,1,8,2,-1,2,8,9,-1,2,9,10,-1,11,12,13,-1,14,15,11,-1,11,15,16,-1,11,16,12,-1,10,17,2,-1,2,17,11,-1,2,11,18,-1,18,11,13,-1,
        ]
    }
}
Shape{
    appearance Appearance {
        material  Material 	{
            diffuseColor 1.0 1.0 1.0
            specularColor 0.5019607843137255 0.5019607843137255 0.5019607843137255
            ambientIntensity 1.0
            transparency 0.0
            shininess 0.5
        }
    }
    geometry IndexedFaceSet {
        ccw TRUE
        solid FALSE
        coord DEF co Coordinate {
            point [
                1.6433 -2.0081 0.9564, 1.6381 -2.0081 0.9421, 1.6857 -2.0081 0.9564, 1.6908 -2.0081 0.9421, 1.6622 -2.0081 1.009, 1.6561 -2.0081 1.034, 1.6079 -2.0081 0.9075, 1.626 -2.0081 0.9075, 1.6633 -2.0081 1.0127, 1.6643 -2.0081 1.0178, 1.6736 -2.0081 1.034, 1.6647 -2.0081 1.0178, 1.6657 -2.0081 1.0125, 1.6666 -2.0081 1.009, 1.7217 -2.0081 0.9075, 1.7037 -2.0081 0.9075, 1.6736 -2.0077 1.034, 1.7217 -2.0077 0.9075, 1.6561 -2.0077 1.034, 1.6079 -2.0077 0.9075, 1.6444 -2.0077 1.0032, 1.626 -2.0077 0.9075, 1.6381 -2.0077 0.9421, 1.6908 -2.0077 0.9421, 1.6444 -2.0077 0.9421, 1.7037 -2.0077 0.9075, 1.6433 -2.0077 0.9564, 1.6857 -2.0077 0.9564, 1.6666 -2.0077 1.009, 1.6647 -2.0077 1.0178, 1.6657 -2.0077 1.0125, 1.6643 -2.0077 1.0178, 1.6622 -2.0077 1.009, 1.6633 -2.0077 1.0127
            ]
        }
        coordIndex [
            0,1,2,-1,2,1,3,-1,4,5,0,-1,0,5,6,-1,0,6,1,-1,1,6,7,-1,4,8,5,-1,5,8,9,-1,5,9,10,-1,10,9,11,-1,10,11,12,-1,12,13,10,-1,10,13,2,-1,10,2,14,-1,14,2,3,-1,14,3,15,-1,10,14,16,-1,16,14,17,-1,5,10,18,-1,18,10,16,-1,19,6,20,-1,20,6,5,-1,20,5,18,-1,7,6,21,-1,21,6,19,-1,1,7,22,-1,22,7,21,-1,23,3,24,-1,24,3,1,-1,24,1,22,-1,15,3,25,-1,25,3,23,-1,14,15,17,-1,17,15,25,-1,0,2,26,-1,26,2,27,-1,2,13,27,-1,27,13,28,-1,11,29,30,-1,11,30,12,-1,12,30,28,-1,12,28,13,-1,11,9,29,-1,29,9,31,-1,4,32,33,-1,4,33,8,-1,8,33,31,-1,8,31,9,-1,4,0,32,-1,32,0,26,-1,
        ]
    }
}
Shape{
    appearance Appearance {
        material  Material 	{
            diffuseColor 0.25098039215686274 0.25098039215686274 0.25098039215686274
            specularColor 0.12549019607843137 0.12549019607843137 0.12549019607843137
            ambientIntensity 0.251
            transparency 0.0
            shininess 0.5
        }
    }
    geometry IndexedFaceSet {
        ccw TRUE
        solid FALSE
        coord DEF co Coordinate {
            point [
                1.6647 -2.0077 1.0178, 1.6643 -2.0077 1.0178, 1.6657 -2.0077 1.0125, 1.6633 -2.0077 1.0127, 1.6666 -2.0077 1.009, 1.6622 -2.0077 1.009, 1.6857 -2.0077 0.9564, 1.6433 -2.0077 0.9564
            ]
        }
        coordIndex [
            0,1,2,-1,2,1,3,-1,2,3,4,-1,4,3,5,-1,4,5,6,-1,6,5,7,-1,
        ]
    }
}
Shape{
    appearance Appearance {
        material  Material 	{
            diffuseColor 1.0 1.0 1.0
            specularColor 0.5019607843137255 0.5019607843137255 0.5019607843137255
            ambientIntensity 1.0
            transparency 0.0
            shininess 0.5
        }
    }
    geometry IndexedFaceSet {
        ccw TRUE
        solid FALSE
        coord DEF co Coordinate {
            point [
                1.2821 -2.0081 0.7212, 1.2821 -2.0081 0.7068, 1.2821 -2.0077 0.7212, 1.2821 -2.0077 0.7068, 1.2304 -2.0081 0.7212, 1.2304 -2.0077 0.7212, 1.2304 -2.0081 0.7638, 1.2304 -2.0077 0.7638, 1.2756 -2.0081 0.7638, 1.2756 -2.0077 0.7638, 1.2756 -2.0081 0.7783, 1.2756 -2.0077 0.7783, 1.2304 -2.0081 0.7783, 1.2304 -2.0077 0.7783, 1.2304 -2.0081 0.8187, 1.2304 -2.0077 0.8187, 1.2792 -2.0081 0.8187, 1.2792 -2.0077 0.8187, 1.2792 -2.0081 0.8333, 1.2792 -2.0077 0.8333, 1.214 -2.0081 0.8333, 1.214 -2.0077 0.8333, 1.214 -2.0081 0.7068, 1.214 -2.0077 0.7068, 1.3536 -2.0081 0.7208, 1.354 -2.0081 0.7208, 1.3529 -2.0081 0.7353, 1.354 -2.0081 0.7424, 1.3698 -2.0081 0.7649, 1.354 -2.0081 0.7435, 1.354 -2.0081 0.7521, 1.354 -2.0081 0.7068, 1.3698 -2.0081 0.7068, 1.3134 -2.0081 0.7348, 1.3142 -2.0081 0.7384, 1.3006 -2.0081 0.7456, 1.3506 -2.0081 0.7297, 1.3472 -2.0081 0.725, 1.3495 -2.0081 0.715, 1.3452 -2.0081 0.7231, 1.3443 -2.0081 0.7102, 1.3407 -2.0081 0.7201, 1.3412 -2.0081 0.7082, 1.3359 -2.0081 0.7183, 1.3349 -2.0081 0.7058, 1.33 -2.0081 0.7176, 1.3259 -2.0081 0.7046, 1.3246 -2.0081 0.7183, 1.3164 -2.0081 0.7057, 1.321 -2.0081 0.7196, 1.3103 -2.0081 0.708, 1.3179 -2.0081 0.7217, 1.305 -2.0081 0.7118, 1.3165 -2.0081 0.7231, 1.3039 -2.0081 0.7501, 1.3156 -2.0081 0.7414, 1.3088 -2.0081 0.7543, 1.3175 -2.0081 0.7437, 1.3158 -2.0081 0.7577, 1.3194 -2.0081 0.7452, 1.323 -2.0081 0.747, 1.3272 -2.0081 0.7605, 1.3328 -2.0081 0.7493, 1.354 -2.0081 0.7642, 1.2984 -2.0081 0.7401, 1.2973 -2.0081 0.7334, 1.3133 -2.0081 0.7323, 1.2972 -2.0081 0.731, 1.3137 -2.0081 0.7286, 1.298 -2.0081 0.7237, 1.3147 -2.0081 0.7257, 1.2999 -2.0081 0.7184, 1.3032 -2.0081 0.7135, 1.3061 -2.0081 0.7908, 1.3061 -2.0081 0.7754, 1.3093 -2.0081 0.7927, 1.3153 -2.0081 0.7815, 1.3211 -2.0081 0.7973, 1.3252 -2.0081 0.7851, 1.3372 -2.0081 0.7992, 1.3357 -2.0081 0.7863, 1.347 -2.0081 0.7983, 1.341 -2.0081 0.7858, 1.3536 -2.0081 0.7962, 1.3447 -2.0081 0.7845, 1.3588 -2.0081 0.7932, 1.3475 -2.0081 0.7827, 1.363 -2.0081 0.7891, 1.3499 -2.0081 0.7801, 1.3662 -2.0081 0.7839, 1.3518 -2.0081 0.7769, 1.3687 -2.0081 0.7765, 1.3534 -2.0081 0.7712, 1.3372 -2.0077 0.7992, 1.3211 -2.0077 0.7973, 1.3093 -2.0077 0.7927, 1.3061 -2.0077 0.7908, 1.3061 -2.0077 0.7754, 1.3153 -2.0077 0.7815, 1.3252 -2.0077 0.7851, 1.3357 -2.0077 0.7863, 1.341 -2.0077 0.7858, 1.3447 -2.0077 0.7845, 1.3475 -2.0077 0.7827, 1.3499 -2.0077 0.7801, 1.3518 -2.0077 0.7769, 1.3534 -2.0077 0.7712, 1.354 -2.0077 0.7642, 1.3272 -2.0077 0.7605, 1.3158 -2.0077 0.7577, 1.3088 -2.0077 0.7543, 1.3039 -2.0077 0.7501, 1.3006 -2.0077 0.7456, 1.2984 -2.0077 0.7401, 1.2973 -2.0077 0.7334, 1.2972 -2.0077 0.731, 1.298 -2.0077 0.7237, 1.2999 -2.0077 0.7184, 1.3032 -2.0077 0.7135, 1.305 -2.0077 0.7118, 1.3259 -2.0077 0.7046, 1.3167 -2.0077 0.7057, 1.3164 -2.0077 0.7057, 1.3103 -2.0077 0.708, 1.3345 -2.0077 0.7057, 1.3349 -2.0077 0.7058, 1.3412 -2.0077 0.7082, 1.3443 -2.0077 0.7102, 1.3495 -2.0077 0.715, 1.3536 -2.0077 0.7208, 1.354 -2.0077 0.7208, 1.354 -2.0077 0.7068, 1.3698 -2.0077 0.7068, 1.3698 -2.0077 0.7649, 1.3687 -2.0077 0.7765, 1.3662 -2.0077 0.7839, 1.363 -2.0077 0.7891, 1.3588 -2.0077 0.7932, 1.3536 -2.0077 0.7962, 1.347 -2.0077 0.7983, 1.3175 -2.0077 0.7437, 1.3194 -2.0077 0.7452, 1.323 -2.0077 0.747, 1.3328 -2.0077 0.7493, 1.3133 -2.0077 0.7323, 1.3134 -2.0077 0.7348, 1.3142 -2.0077 0.7384, 1.3156 -2.0077 0.7414, 1.3179 -2.0077 0.7217, 1.3165 -2.0077 0.7231, 1.3147 -2.0077 0.7257, 1.3137 -2.0077 0.7286, 1.33 -2.0077 0.7176, 1.3246 -2.0077 0.7183, 1.321 -2.0077 0.7196, 1.3472 -2.0077 0.725, 1.3452 -2.0077 0.7231, 1.3407 -2.0077 0.7201, 1.3359 -2.0077 0.7183, 1.354 -2.0077 0.7435, 1.354 -2.0077 0.7424, 1.3529 -2.0077 0.7353, 1.3506 -2.0077 0.7297, 1.354 -2.0077 0.7521
            ]
        }
        coordIndex [
            0,1,2,-1,2,1,3,-1,4,0,5,-1,5,0,2,-1,6,4,7,-1,7,4,5,-1,8,6,9,-1,9,6,7,-1,10,8,11,-1,11,8,9,-1,12,10,13,-1,13,10,11,-1,14,12,15,-1,15,12,13,-1,16,14,17,-1,17,14,15,-1,18,16,19,-1,19,16,17,-1,20,18,21,-1,21,18,19,-1,22,20,23,-1,23,20,21,-1,1,22,3,-1,3,22,23,-1,22,1,0,-1,0,4,22,-1,22,4,6,-1,22,6,20,-1,16,18,14,-1,14,18,20,-1,14,20,12,-1,12,20,6,-1,12,6,10,-1,10,6,8,-1,24,25,26,-1,27,28,29,-1,29,28,30,-1,31,32,25,-1,25,32,28,-1,25,28,26,-1,26,28,27,-1,33,34,35,-1,26,36,24,-1,24,36,37,-1,24,37,38,-1,38,37,39,-1,38,39,40,-1,40,39,41,-1,40,41,42,-1,42,41,43,-1,42,43,44,-1,44,43,45,-1,44,45,46,-1,46,45,47,-1,46,47,48,-1,48,47,49,-1,48,49,50,-1,50,49,51,-1,50,51,52,-1,52,51,53,-1,35,34,54,-1,54,34,55,-1,54,55,56,-1,56,55,57,-1,56,57,58,-1,57,59,58,-1,58,59,60,-1,58,60,61,-1,61,60,62,-1,61,62,63,-1,35,64,33,-1,33,64,65,-1,33,65,66,-1,66,65,67,-1,66,67,68,-1,68,67,69,-1,68,69,70,-1,70,69,71,-1,70,71,53,-1,53,71,72,-1,53,72,52,-1,73,74,75,-1,75,74,76,-1,75,76,77,-1,77,76,78,-1,77,78,79,-1,79,78,80,-1,79,80,81,-1,81,80,82,-1,81,82,83,-1,83,82,84,-1,83,84,85,-1,85,84,86,-1,85,86,87,-1,87,86,88,-1,87,88,89,-1,89,88,90,-1,89,90,91,-1,91,90,92,-1,91,92,28,-1,28,92,63,-1,28,63,30,-1,30,63,62,-1,79,93,94,-1,79,94,77,-1,77,94,95,-1,77,95,75,-1,75,95,96,-1,75,96,73,-1,74,73,97,-1,97,73,96,-1,74,97,98,-1,74,98,76,-1,76,98,99,-1,76,99,78,-1,78,99,100,-1,78,100,80,-1,80,100,101,-1,80,101,82,-1,82,101,102,-1,82,102,84,-1,84,102,103,-1,84,103,86,-1,86,103,104,-1,86,104,88,-1,88,104,105,-1,88,105,90,-1,90,105,106,-1,90,106,92,-1,92,106,107,-1,92,107,63,-1,61,63,108,-1,108,63,107,-1,61,108,109,-1,61,109,58,-1,58,109,110,-1,58,110,56,-1,56,110,111,-1,56,111,54,-1,54,111,112,-1,54,112,35,-1,35,112,113,-1,35,113,64,-1,64,113,114,-1,64,114,65,-1,65,114,115,-1,65,115,67,-1,67,115,116,-1,67,116,69,-1,69,116,117,-1,69,117,71,-1,71,117,118,-1,71,118,72,-1,72,118,119,-1,72,119,52,-1,120,46,121,-1,121,46,48,-1,121,48,122,-1,122,48,50,-1,122,50,123,-1,123,50,52,-1,123,52,119,-1,46,120,44,-1,44,120,124,-1,124,125,44,-1,44,125,126,-1,44,126,42,-1,42,126,127,-1,42,127,40,-1,40,127,128,-1,40,128,38,-1,38,128,129,-1,38,129,24,-1,25,24,130,-1,130,24,129,-1,31,25,131,-1,131,25,130,-1,32,31,132,-1,132,31,131,-1,28,32,133,-1,133,32,132,-1,28,133,134,-1,28,134,91,-1,91,134,135,-1,91,135,89,-1,89,135,136,-1,89,136,87,-1,87,136,137,-1,87,137,85,-1,85,137,138,-1,85,138,83,-1,83,138,139,-1,83,139,81,-1,81,139,93,-1,81,93,79,-1,57,140,141,-1,57,141,59,-1,59,141,142,-1,59,142,60,-1,60,142,143,-1,60,143,62,-1,66,144,145,-1,66,145,33,-1,33,145,146,-1,33,146,34,-1,34,146,147,-1,34,147,55,-1,55,147,140,-1,55,140,57,-1,51,148,149,-1,51,149,53,-1,53,149,150,-1,53,150,70,-1,70,150,151,-1,70,151,68,-1,68,151,144,-1,68,144,66,-1,45,152,153,-1,45,153,47,-1,47,153,154,-1,47,154,49,-1,49,154,148,-1,49,148,51,-1,37,155,156,-1,37,156,39,-1,39,156,157,-1,39,157,41,-1,41,157,158,-1,41,158,43,-1,43,158,152,-1,43,152,45,-1,29,159,160,-1,29,160,27,-1,27,160,161,-1,27,161,26,-1,26,161,162,-1,26,162,36,-1,36,162,155,-1,36,155,37,-1,29,30,159,-1,159,30,163,-1,30,62,163,-1,163,62,143,-1,
        ]
    }
}
Shape{
    appearance Appearance {
        material  Material 	{
            diffuseColor 0.25098039215686274 0.25098039215686274 0.25098039215686274
            specularColor 0.12549019607843137 0.12549019607843137 0.12549019607843137
            ambientIntensity 0.251
            transparency 0.0
            shininess 0.5
        }
    }
    geometry IndexedFaceSet {
        ccw TRUE
        solid FALSE
        coord DEF co Coordinate {
            point [
                1.354 -2.0077 0.7424, 1.354 -2.0077 0.7435, 1.3175 -2.0077 0.7437, 1.354 -2.0077 0.7521, 1.3328 -2.0077 0.7493, 1.323 -2.0077 0.747, 1.3194 -2.0077 0.7452, 1.3529 -2.0077 0.7353, 1.3156 -2.0077 0.7414, 1.3506 -2.0077 0.7297, 1.3165 -2.0077 0.7231, 1.3179 -2.0077 0.7217, 1.3452 -2.0077 0.7231, 1.3147 -2.0077 0.7257, 1.3407 -2.0077 0.7201, 1.3359 -2.0077 0.7183, 1.33 -2.0077 0.7176, 1.3142 -2.0077 0.7384, 1.3134 -2.0077 0.7348, 1.3472 -2.0077 0.725, 1.3133 -2.0077 0.7323, 1.3137 -2.0077 0.7286, 1.321 -2.0077 0.7196, 1.3246 -2.0077 0.7183
            ]
        }
        coordIndex [
            0,1,2,-1,1,3,4,-1,4,5,1,-1,1,5,6,-1,1,6,2,-1,0,2,7,-1,7,2,8,-1,7,8,9,-1,10,11,12,-1,10,12,13,-1,14,12,15,-1,15,12,16,-1,8,17,9,-1,9,17,18,-1,9,18,19,-1,19,18,20,-1,19,20,12,-1,12,20,21,-1,12,21,13,-1,11,22,12,-1,12,22,23,-1,12,23,16,-1,
        ]
    }
}
Shape{
    appearance Appearance {
        material  Material 	{
            diffuseColor 1.0 1.0 1.0
            specularColor 0.5019607843137255 0.5019607843137255 0.5019607843137255
            ambientIntensity 1.0
            transparency 0.0
            shininess 0.5
        }
    }
    geometry IndexedFaceSet {
        ccw TRUE
        solid FALSE
        coord DEF co Coordinate {
            point [
                1.4174 -2.0081 0.7176, 1.4174 -2.0077 0.7176, 1.4076 -2.0077 0.7187, 1.3986 -2.0077 0.722, 1.3977 -2.0081 0.7224, 1.4076 -2.0081 0.7187, 1.3977 -2.0077 0.7224, 1.3913 -2.0077 0.7263, 1.3913 -2.0081 0.7263, 1.3913 -2.0081 0.71, 1.3913 -2.0077 0.71, 1.4009 -2.0081 0.7064, 1.3986 -2.0077 0.7072, 1.4158 -2.0077 0.7046, 1.4158 -2.0081 0.7046, 1.4067 -2.0077 0.7057, 1.4009 -2.0077 0.7064, 1.43 -2.0081 0.7063, 1.4249 -2.0077 0.7057, 1.43 -2.0077 0.7063, 1.4384 -2.0077 0.7095, 1.4384 -2.0081 0.7095, 1.4421 -2.0077 0.7118, 1.4421 -2.0081 0.7118, 1.4467 -2.0077 0.7158, 1.4467 -2.0081 0.7158, 1.4496 -2.0077 0.72, 1.4496 -2.0081 0.72, 1.4516 -2.0077 0.725, 1.4516 -2.0081 0.725, 1.4523 -2.0077 0.7314, 1.4523 -2.0081 0.7314, 1.4517 -2.0077 0.7373, 1.4517 -2.0081 0.7373, 1.45 -2.0077 0.7419, 1.45 -2.0081 0.7419, 1.447 -2.0077 0.7463, 1.447 -2.0081 0.7463, 1.4432 -2.0077 0.7497, 1.4432 -2.0081 0.7497, 1.4327 -2.0077 0.7555, 1.4327 -2.0081 0.7555, 1.4266 -2.0077 0.758, 1.4266 -2.0081 0.758, 1.4168 -2.0077 0.7623, 1.4168 -2.0081 0.7623, 1.4112 -2.0077 0.7658, 1.4112 -2.0081 0.7658, 1.4096 -2.0077 0.7675, 1.4096 -2.0081 0.7675, 1.4085 -2.0077 0.7696, 1.4085 -2.0081 0.7696, 1.4079 -2.0077 0.7721, 1.4079 -2.0081 0.7721, 1.4077 -2.0077 0.7742, 1.4077 -2.0081 0.7742, 1.408 -2.0077 0.7767, 1.408 -2.0081 0.7767, 1.4088 -2.0077 0.7788, 1.4088 -2.0081 0.7788, 1.4102 -2.0077 0.7809, 1.4102 -2.0081 0.7809, 1.4125 -2.0077 0.783, 1.4125 -2.0081 0.783, 1.4161 -2.0077 0.7849, 1.4161 -2.0081 0.7849, 1.4203 -2.0077 0.786, 1.4203 -2.0081 0.786, 1.425 -2.0077 0.7863, 1.425 -2.0081 0.7863, 1.4351 -2.0077 0.7852, 1.4351 -2.0081 0.7852, 1.4441 -2.0077 0.782, 1.4441 -2.0081 0.782, 1.448 -2.0077 0.7798, 1.448 -2.0081 0.7798, 1.448 -2.0081 0.7952, 1.448 -2.0077 0.7952, 1.4377 -2.0077 0.7982, 1.4377 -2.0081 0.7982, 1.4266 -2.0077 0.7992, 1.4266 -2.0081 0.7992, 1.4155 -2.0077 0.7981, 1.4155 -2.0081 0.7981, 1.4067 -2.0077 0.7951, 1.4067 -2.0081 0.7951, 1.4016 -2.0077 0.792, 1.4016 -2.0081 0.792, 1.3969 -2.0081 0.7878, 1.3986 -2.0077 0.7894, 1.3969 -2.0077 0.7878, 1.3939 -2.0077 0.7835, 1.3939 -2.0081 0.7835, 1.392 -2.0077 0.7784, 1.392 -2.0081 0.7784, 1.3914 -2.0077 0.7728, 1.3914 -2.0081 0.7728, 1.3921 -2.0077 0.7666, 1.3921 -2.0081 0.7666, 1.3938 -2.0077 0.7618, 1.3938 -2.0081 0.7618, 1.3959 -2.0077 0.7585, 1.3959 -2.0081 0.7585, 1.4154 -2.0077 0.7465, 1.4154 -2.0081 0.7465, 1.4059 -2.0081 0.7508, 1.3985 -2.0077 0.7557, 1.3985 -2.0081 0.7557, 1.3986 -2.0077 0.7557, 1.4059 -2.0077 0.7508, 1.4258 -2.0077 0.7421, 1.4258 -2.0081 0.7421, 1.432 -2.0077 0.7384, 1.432 -2.0081 0.7384, 1.434 -2.0077 0.7364, 1.434 -2.0081 0.7364, 1.4352 -2.0077 0.7343, 1.4352 -2.0081 0.7343, 1.4359 -2.0077 0.7318, 1.4359 -2.0081 0.7318, 1.4361 -2.0077 0.7298, 1.4361 -2.0081 0.7298, 1.4357 -2.0077 0.7268, 1.4357 -2.0081 0.7268, 1.4349 -2.0077 0.7245, 1.4349 -2.0081 0.7245, 1.4335 -2.0077 0.7225, 1.4335 -2.0081 0.7225, 1.4317 -2.0077 0.7209, 1.4317 -2.0081 0.7209, 1.4303 -2.0077 0.72, 1.4303 -2.0081 0.72, 1.4262 -2.0077 0.7185, 1.4262 -2.0081 0.7185, 1.4181 -2.0077 0.7176, 1.4181 -2.0081 0.7176, 1.5309 -2.0081 0.7971, 1.5473 -2.0081 0.7971, 1.5309 -2.0077 0.7971, 1.5473 -2.0077 0.7971, 1.5062 -2.0081 0.7291, 1.5062 -2.0077 0.7291, 1.505 -2.0077 0.7249, 1.505 -2.0081 0.7249, 1.5043 -2.0077 0.7218, 1.5043 -2.0081 0.7218, 1.5038 -2.0081 0.7218, 1.5038 -2.0077 0.7218, 1.5019 -2.0081 0.7292, 1.5019 -2.0077 0.7292, 1.4783 -2.0077 0.7971, 1.4783 -2.0081 0.7971, 1.4859 -2.0077 0.7751, 1.4606 -2.0081 0.7971, 1.4606 -2.0077 0.7971, 1.496 -2.0077 0.707, 1.496 -2.0081 0.707, 1.4859 -2.0077 0.7326, 1.4891 -2.0077 0.6905, 1.4891 -2.0081 0.6905, 1.4955 -2.0077 0.7057, 1.4859 -2.0077 0.6848, 1.4859 -2.0081 0.6848, 1.4859 -2.0077 0.6848, 1.483 -2.0077 0.6815, 1.483 -2.0081 0.6815, 1.4803 -2.0077 0.6796, 1.4803 -2.0081 0.6796, 1.4768 -2.0077 0.6783, 1.4768 -2.0081 0.6783, 1.4728 -2.0077 0.6778, 1.4728 -2.0081 0.6778, 1.4671 -2.0077 0.6786, 1.4671 -2.0081 0.6786, 1.4638 -2.0077 0.6796, 1.4638 -2.0081 0.6796, 1.4638 -2.0081 0.6655, 1.4638 -2.0077 0.6655, 1.4706 -2.0077 0.6644, 1.4706 -2.0081 0.6644, 1.4741 -2.0077 0.6642, 1.4741 -2.0081 0.6642, 1.4805 -2.0077 0.665, 1.4859 -2.0077 0.667, 1.4867 -2.0081 0.6673, 1.4805 -2.0081 0.665, 1.4867 -2.0077 0.6673, 1.4922 -2.0077 0.6712, 1.4922 -2.0081 0.6712, 1.4933 -2.0077 0.6722, 1.4933 -2.0081 0.6722, 1.4991 -2.0077 0.6792, 1.4991 -2.0081 0.6792, 1.5063 -2.0077 0.6931, 1.5063 -2.0081 0.6931, 1.5113 -2.0077 0.7057, 1.6324 -2.0081 0.7212, 1.6324 -2.0081 0.7068, 1.6324 -2.0077 0.7212, 1.6324 -2.0077 0.7068, 1.5807 -2.0077 0.7212, 1.5807 -2.0081 0.7212, 1.6044 -2.0077 0.7212, 1.5807 -2.0081 0.7638, 1.5807 -2.0077 0.7638, 1.626 -2.0077 0.7638, 1.626 -2.0081 0.7638, 1.6044 -2.0077 0.7638, 1.626 -2.0081 0.7783, 1.626 -2.0077 0.7783, 1.5807 -2.0077 0.7783, 1.5807 -2.0081 0.7783, 1.6044 -2.0077 0.7783, 1.5807 -2.0081 0.8187, 1.5807 -2.0077 0.8187, 1.6295 -2.0077 0.8187, 1.6295 -2.0081 0.8187, 1.6044 -2.0077 0.8187, 1.6295 -2.0081 0.8333, 1.6295 -2.0077 0.8333, 1.5644 -2.0077 0.8333, 1.5644 -2.0081 0.8333, 1.6044 -2.0077 0.8333, 1.5644 -2.0081 0.7068, 1.5644 -2.0077 0.7068, 1.6044 -2.0077 0.7068, 1.7402 -2.0081 0.7245, 1.7271 -2.0081 0.733, 1.727 -2.0081 0.715, 1.719 -2.0081 0.7273, 1.7126 -2.0081 0.7094, 1.7085 -2.0081 0.7233, 1.6911 -2.0081 0.7068, 1.691 -2.0081 0.7212, 1.6563 -2.0081 0.7068, 1.6726 -2.0081 0.7212, 1.6563 -2.0081 0.8333, 1.6726 -2.0081 0.8187, 1.6924 -2.0081 0.8333, 1.6918 -2.0081 0.8187, 1.6931 -2.0081 0.8187, 1.7117 -2.0081 0.8312, 1.7093 -2.0081 0.8166, 1.727 -2.0081 0.8256, 1.72 -2.0081 0.8125, 1.7402 -2.0081 0.8165, 1.7283 -2.0081 0.8068, 1.7447 -2.0081 0.8122, 1.7318 -2.0081 0.8033, 1.7525 -2.0081 0.8011, 1.7367 -2.0081 0.7963, 1.7572 -2.0081 0.7891, 1.7403 -2.0081 0.787, 1.7593 -2.0081 0.7717, 1.7421 -2.0081 0.7712, 1.7589 -2.0081 0.7636, 1.7416 -2.0081 0.7625, 1.7559 -2.0081 0.7488, 1.7391 -2.0081 0.7511, 1.7496 -2.0081 0.7357, 1.7346 -2.0081 0.7418, 1.7286 -2.0081 0.7344, 1.6911 -2.0077 0.7068, 1.6563 -2.0077 0.7068, 1.7126 -2.0077 0.7094, 1.727 -2.0077 0.715, 1.7402 -2.0077 0.7245, 1.7496 -2.0077 0.7357, 1.7559 -2.0077 0.7488, 1.7589 -2.0077 0.7636, 1.7593 -2.0077 0.7717, 1.7572 -2.0077 0.7891, 1.7525 -2.0077 0.8011, 1.7447 -2.0077 0.8122, 1.7402 -2.0077 0.8165, 1.727 -2.0077 0.8256, 1.7117 -2.0077 0.8312, 1.6924 -2.0077 0.8333, 1.6563 -2.0077 0.8333, 1.6918 -2.0077 0.8187, 1.6726 -2.0077 0.8187, 1.6726 -2.0077 0.7212, 1.691 -2.0077 0.7212, 1.7286 -2.0077 0.7344, 1.7271 -2.0077 0.733, 1.719 -2.0077 0.7273, 1.7085 -2.0077 0.7233, 1.7421 -2.0077 0.7712, 1.7416 -2.0077 0.7625, 1.7391 -2.0077 0.7511, 1.7346 -2.0077 0.7418, 1.7283 -2.0077 0.8068, 1.7318 -2.0077 0.8033, 1.7367 -2.0077 0.7963, 1.7403 -2.0077 0.787, 1.6931 -2.0077 0.8187, 1.7093 -2.0077 0.8166, 1.72 -2.0077 0.8125
            ]
        }
        coordIndex [
            0,1,2,-1,3,4,2,-1,2,4,5,-1,2,5,0,-1,3,6,4,-1,4,6,7,-1,4,7,8,-1,9,8,10,-1,10,8,7,-1,11,9,12,-1,12,9,10,-1,13,14,15,-1,15,14,11,-1,15,11,16,-1,16,11,12,-1,17,14,18,-1,18,14,13,-1,18,19,17,-1,17,19,20,-1,17,20,21,-1,21,20,22,-1,21,22,23,-1,23,22,24,-1,23,24,25,-1,25,24,26,-1,25,26,27,-1,27,26,28,-1,27,28,29,-1,29,28,30,-1,29,30,31,-1,31,30,32,-1,31,32,33,-1,33,32,34,-1,33,34,35,-1,35,34,36,-1,35,36,37,-1,37,36,38,-1,37,38,39,-1,39,38,40,-1,39,40,41,-1,41,40,42,-1,41,42,43,-1,43,42,44,-1,43,44,45,-1,45,44,46,-1,45,46,47,-1,47,46,48,-1,47,48,49,-1,49,48,50,-1,49,50,51,-1,51,50,52,-1,51,52,53,-1,53,52,54,-1,53,54,55,-1,55,54,56,-1,55,56,57,-1,57,56,58,-1,57,58,59,-1,59,58,60,-1,59,60,61,-1,61,60,62,-1,61,62,63,-1,63,62,64,-1,63,64,65,-1,65,64,66,-1,65,66,67,-1,67,66,68,-1,67,68,69,-1,69,68,70,-1,69,70,71,-1,71,70,72,-1,71,72,73,-1,73,72,74,-1,73,74,75,-1,76,75,77,-1,77,75,74,-1,76,77,78,-1,76,78,79,-1,79,78,80,-1,79,80,81,-1,81,80,82,-1,81,82,83,-1,83,82,84,-1,83,84,85,-1,85,84,86,-1,85,86,87,-1,88,87,89,-1,89,87,86,-1,89,90,88,-1,88,90,91,-1,88,91,92,-1,92,91,93,-1,92,93,94,-1,94,93,95,-1,94,95,96,-1,96,95,97,-1,96,97,98,-1,98,97,99,-1,98,99,100,-1,100,99,101,-1,100,101,102,-1,103,104,105,-1,102,101,106,-1,102,106,107,-1,107,106,108,-1,107,108,105,-1,105,108,109,-1,105,109,103,-1,104,103,110,-1,104,110,111,-1,111,110,112,-1,111,112,113,-1,113,112,114,-1,113,114,115,-1,115,114,116,-1,115,116,117,-1,117,116,118,-1,117,118,119,-1,119,118,120,-1,119,120,121,-1,121,120,122,-1,121,122,123,-1,123,122,124,-1,123,124,125,-1,125,124,126,-1,125,126,127,-1,127,126,128,-1,127,128,129,-1,129,128,130,-1,129,130,131,-1,131,130,132,-1,131,132,133,-1,133,132,134,-1,133,134,135,-1,135,134,1,-1,135,1,0,-1,61,63,85,-1,85,63,83,-1,111,43,104,-1,104,43,45,-1,21,23,127,-1,127,23,25,-1,127,25,125,-1,125,25,27,-1,125,27,123,-1,123,27,29,-1,123,29,121,-1,121,29,31,-1,121,31,119,-1,119,31,33,-1,119,33,117,-1,117,33,35,-1,117,35,115,-1,115,35,37,-1,115,37,113,-1,113,37,39,-1,113,39,111,-1,111,39,41,-1,111,41,43,-1,14,0,11,-1,11,0,5,-1,11,5,9,-1,9,5,4,-1,9,4,8,-1,63,65,83,-1,83,65,67,-1,83,67,81,-1,81,67,69,-1,81,69,79,-1,79,69,71,-1,79,71,76,-1,76,71,73,-1,76,73,75,-1,127,129,21,-1,21,129,131,-1,21,131,17,-1,17,131,133,-1,17,133,14,-1,14,133,135,-1,14,135,0,-1,85,87,61,-1,61,87,88,-1,61,88,59,-1,59,88,92,-1,59,92,57,-1,57,92,94,-1,57,94,55,-1,55,94,96,-1,55,96,53,-1,53,96,98,-1,53,98,51,-1,51,98,100,-1,51,100,49,-1,49,100,102,-1,49,102,47,-1,47,102,107,-1,47,107,45,-1,45,107,105,-1,45,105,104,-1,136,137,138,-1,138,137,139,-1,140,136,141,-1,141,136,138,-1,140,141,142,-1,140,142,143,-1,143,142,144,-1,143,144,145,-1,146,145,147,-1,147,145,144,-1,148,146,149,-1,149,146,147,-1,150,151,152,-1,152,151,148,-1,152,148,149,-1,153,151,154,-1,154,151,150,-1,155,156,157,-1,157,156,153,-1,157,153,154,-1,158,159,160,-1,160,159,156,-1,160,156,155,-1,158,161,159,-1,159,161,162,-1,161,163,162,-1,162,163,164,-1,162,164,165,-1,165,164,166,-1,165,166,167,-1,167,166,168,-1,167,168,169,-1,169,168,170,-1,169,170,171,-1,171,170,172,-1,171,172,173,-1,173,172,174,-1,173,174,175,-1,176,175,177,-1,177,175,174,-1,176,177,178,-1,176,178,179,-1,179,178,180,-1,179,180,181,-1,181,180,182,-1,183,184,182,-1,182,184,185,-1,182,185,181,-1,183,186,184,-1,184,186,187,-1,184,187,188,-1,188,187,189,-1,188,189,190,-1,190,189,191,-1,190,191,192,-1,192,191,193,-1,192,193,194,-1,139,137,195,-1,195,137,194,-1,195,194,193,-1,143,145,194,-1,137,136,194,-1,194,136,140,-1,194,140,143,-1,151,153,148,-1,148,153,156,-1,148,156,146,-1,175,176,173,-1,173,176,179,-1,173,179,171,-1,171,179,181,-1,171,181,169,-1,169,181,185,-1,169,185,167,-1,167,185,184,-1,167,184,165,-1,145,146,194,-1,194,146,156,-1,194,156,192,-1,156,159,192,-1,192,159,162,-1,192,162,190,-1,190,162,165,-1,190,165,188,-1,188,165,184,-1,196,197,198,-1,198,197,199,-1,200,201,202,-1,202,201,196,-1,202,196,198,-1,203,201,204,-1,204,201,200,-1,205,206,207,-1,207,206,203,-1,207,203,204,-1,208,206,209,-1,209,206,205,-1,210,211,212,-1,212,211,208,-1,212,208,209,-1,213,211,214,-1,214,211,210,-1,215,216,217,-1,217,216,213,-1,217,213,214,-1,218,216,219,-1,219,216,215,-1,220,221,222,-1,222,221,218,-1,222,218,219,-1,223,221,224,-1,224,221,220,-1,199,197,225,-1,225,197,223,-1,225,223,224,-1,223,197,196,-1,196,201,223,-1,223,201,203,-1,223,203,221,-1,216,218,213,-1,213,218,221,-1,213,221,211,-1,211,221,203,-1,211,203,208,-1,208,203,206,-1,226,227,228,-1,228,227,229,-1,228,229,230,-1,230,229,231,-1,230,231,232,-1,232,231,233,-1,232,233,234,-1,234,233,235,-1,234,235,236,-1,236,235,237,-1,236,237,238,-1,237,239,238,-1,238,239,240,-1,238,240,241,-1,241,240,242,-1,241,242,243,-1,243,242,244,-1,243,244,245,-1,245,244,246,-1,245,246,247,-1,247,246,248,-1,247,248,249,-1,249,248,250,-1,249,250,251,-1,251,250,252,-1,251,252,253,-1,253,252,254,-1,253,254,255,-1,255,254,256,-1,255,256,257,-1,257,256,258,-1,257,258,259,-1,259,258,260,-1,259,260,226,-1,226,260,261,-1,226,261,227,-1,232,234,262,-1,262,234,263,-1,232,262,264,-1,232,264,230,-1,230,264,265,-1,230,265,228,-1,228,265,266,-1,228,266,226,-1,226,266,267,-1,226,267,259,-1,259,267,268,-1,259,268,257,-1,257,268,269,-1,257,269,255,-1,255,269,270,-1,255,270,253,-1,253,270,271,-1,253,271,251,-1,251,271,272,-1,251,272,249,-1,249,272,273,-1,249,273,247,-1,247,273,274,-1,247,274,245,-1,245,274,275,-1,245,275,243,-1,243,275,276,-1,243,276,241,-1,241,276,277,-1,241,277,238,-1,236,238,278,-1,278,238,277,-1,234,236,263,-1,263,236,278,-1,239,237,279,-1,279,237,280,-1,237,235,280,-1,280,235,281,-1,235,233,281,-1,281,233,282,-1,261,283,284,-1,261,284,227,-1,227,284,285,-1,227,285,229,-1,229,285,286,-1,229,286,231,-1,231,286,282,-1,231,282,233,-1,254,287,288,-1,254,288,256,-1,256,288,289,-1,256,289,258,-1,258,289,290,-1,258,290,260,-1,260,290,283,-1,260,283,261,-1,246,291,292,-1,246,292,248,-1,248,292,293,-1,248,293,250,-1,250,293,294,-1,250,294,252,-1,252,294,287,-1,252,287,254,-1,239,279,295,-1,239,295,240,-1,240,295,296,-1,240,296,242,-1,242,296,297,-1,242,297,244,-1,244,297,291,-1,244,291,246,-1,
        ]
    }
}
Shape{
    appearance Appearance {
        material  Material 	{
            diffuseColor 0.25098039215686274 0.25098039215686274 0.25098039215686274
            specularColor 0.12549019607843137 0.12549019607843137 0.12549019607843137
            ambientIntensity 0.251
            transparency 0.0
            shininess 0.5
        }
    }
    geometry IndexedFaceSet {
        ccw TRUE
        solid FALSE
        coord DEF co Coordinate {
            point [
                1.719 -2.0077 0.7273, 1.7271 -2.0077 0.733, 1.6931 -2.0077 0.8187, 1.6726 -2.0077 0.8187, 1.6726 -2.0077 0.7212, 1.6918 -2.0077 0.8187, 1.691 -2.0077 0.7212, 1.7085 -2.0077 0.7233, 1.7286 -2.0077 0.7344, 1.7346 -2.0077 0.7418, 1.7391 -2.0077 0.7511, 1.7421 -2.0077 0.7712, 1.7283 -2.0077 0.8068, 1.72 -2.0077 0.8125, 1.7403 -2.0077 0.787, 1.7367 -2.0077 0.7963, 1.7318 -2.0077 0.8033, 1.7416 -2.0077 0.7625, 1.7093 -2.0077 0.8166
            ]
        }
        coordIndex [
            0,1,2,-1,3,4,5,-1,5,4,6,-1,5,6,2,-1,2,6,7,-1,2,7,0,-1,1,8,2,-1,2,8,9,-1,2,9,10,-1,11,12,13,-1,14,15,11,-1,11,15,16,-1,11,16,12,-1,10,17,2,-1,2,17,11,-1,2,11,18,-1,18,11,13,-1,
        ]
    }
}
Shape{
    appearance Appearance {
        material  Material 	{
            diffuseColor 1.0 1.0 1.0
            specularColor 0.5019607843137255 0.5019607843137255 0.5019607843137255
            ambientIntensity 1.0
            transparency 0.0
            shininess 0.5
        }
    }
    geometry IndexedFaceSet {
        ccw TRUE
        solid FALSE
        coord DEF co Coordinate {
            point [
                1.8017 -2.0081 0.7557, 1.7965 -2.0081 0.7414, 1.8442 -2.0081 0.7557, 1.8492 -2.0081 0.7414, 1.8206 -2.0081 0.8083, 1.8145 -2.0081 0.8333, 1.7663 -2.0081 0.7068, 1.7844 -2.0081 0.7068, 1.8217 -2.0081 0.812, 1.8227 -2.0081 0.8171, 1.832 -2.0081 0.8333, 1.8231 -2.0081 0.8171, 1.8241 -2.0081 0.8118, 1.8251 -2.0081 0.8083, 1.8802 -2.0081 0.7068, 1.8621 -2.0081 0.7068, 1.832 -2.0077 0.8333, 1.8802 -2.0077 0.7068, 1.8145 -2.0077 0.8333, 1.7663 -2.0077 0.7068, 1.7844 -2.0077 0.7068, 1.7965 -2.0077 0.7414, 1.8492 -2.0077 0.7414, 1.8621 -2.0077 0.7068, 1.8017 -2.0077 0.7557, 1.8442 -2.0077 0.7557, 1.8251 -2.0077 0.8083, 1.8231 -2.0077 0.8171, 1.8241 -2.0077 0.8118, 1.8227 -2.0077 0.8171, 1.8206 -2.0077 0.8083, 1.8217 -2.0077 0.812
            ]
        }
        coordIndex [
            0,1,2,-1,2,1,3,-1,4,5,0,-1,0,5,6,-1,0,6,1,-1,1,6,7,-1,4,8,5,-1,5,8,9,-1,5,9,10,-1,10,9,11,-1,10,11,12,-1,12,13,10,-1,10,13,2,-1,10,2,14,-1,14,2,3,-1,14,3,15,-1,10,14,16,-1,16,14,17,-1,5,10,18,-1,18,10,16,-1,6,5,19,-1,19,5,18,-1,7,6,20,-1,20,6,19,-1,1,7,21,-1,21,7,20,-1,3,1,22,-1,22,1,21,-1,15,3,23,-1,23,3,22,-1,14,15,17,-1,17,15,23,-1,0,2,24,-1,24,2,25,-1,2,13,25,-1,25,13,26,-1,11,27,28,-1,11,28,12,-1,12,28,26,-1,12,26,13,-1,11,9,27,-1,27,9,29,-1,4,30,31,-1,4,31,8,-1,8,31,29,-1,8,29,9,-1,4,0,30,-1,30,0,24,-1,
        ]
    }
}
Shape{
    appearance Appearance {
        material  Material 	{
            diffuseColor 0.25098039215686274 0.25098039215686274 0.25098039215686274
            specularColor 0.12549019607843137 0.12549019607843137 0.12549019607843137
            ambientIntensity 0.251
            transparency 0.0
            shininess 0.5
        }
    }
    geometry IndexedFaceSet {
        ccw TRUE
        solid FALSE
        coord DEF co Coordinate {
            point [
                1.8231 -2.0077 0.8171, 1.8227 -2.0077 0.8171, 1.8241 -2.0077 0.8118, 1.8217 -2.0077 0.812, 1.8251 -2.0077 0.8083, 1.8206 -2.0077 0.8083, 1.8442 -2.0077 0.7557, 1.8017 -2.0077 0.7557
            ]
        }
        coordIndex [
            0,1,2,-1,2,1,3,-1,2,3,4,-1,4,3,5,-1,4,5,6,-1,6,5,7,-1,
        ]
    }
}
Shape{
    appearance Appearance {
        material  Material 	{
            diffuseColor 1.0 1.0 1.0
            specularColor 0.5019607843137255 0.5019607843137255 0.5019607843137255
            ambientIntensity 1.0
            transparency 0.0
            shininess 0.5
        }
    }
    geometry IndexedFaceSet {
        ccw TRUE
        solid FALSE
        coord DEF co Coordinate {
            point [
                0.6553 -2.0081 0.6888, 0.6687 -2.0081 0.6723, 0.6472 -2.0081 0.7684, 0.6316 -2.0081 0.9247, 0.6516 -2.0081 0.9354, 0.6468 -2.0081 0.9907, 0.8053 -2.0081 0.6853, 0.8159 -2.0081 0.7054, 0.8212 -2.0081 0.7276, 0.7029 -2.0081 0.9933, 0.7308 -2.0081 0.9276, 0.7446 -2.0081 0.9561, 0.6276 -2.0081 0.7805, 0.6349 -2.0081 0.7115, 0.6463 -2.0081 0.7081, 0.6823 -2.0081 0.9951, 0.9476 -2.0081 0.8125, 0.9197 -2.0081 0.8602, 0.8217 -2.0081 0.7459, 0.7992 -2.0081 0.7972, 0.8217 -2.0081 0.7369, 0.7736 -2.0081 0.6574, 0.7915 -2.0081 0.6698, 0.7072 -2.0081 0.7101, 0.7143 -2.0081 0.7051, 0.6863 -2.0081 0.6591, 0.7226 -2.0081 0.7019, 0.7631 -2.0081 0.7498, 0.7655 -2.0081 0.7416, 0.7658 -2.0081 0.7329, 0.7639 -2.0081 0.7242, 0.7599 -2.0081 0.7164, 0.9773 -2.0081 0.9015, 0.9845 -2.0081 0.9015, 1.0214 -2.0081 0.9501, 1.0016 -2.0081 0.8994, 1.0258 -2.0081 0.9486, 1.0173 -2.0081 0.8934, 1.0526 -2.0081 0.9353, 1.077 -2.0081 0.9147, 0.7214 -2.0081 1.0148, 0.7647 -2.0081 0.9802, 0.7425 -2.0081 1.0329, 0.7889 -2.0081 0.9978, 0.7682 -2.0081 1.0484, 0.6738 -2.0081 0.9406, 0.6832 -2.0081 0.9411, 0.6926 -2.0081 0.9945, 0.7042 -2.0081 0.9385, 0.7244 -2.0081 0.9311, 0.6959 -2.0081 0.7325, 0.6978 -2.0081 0.7242, 0.7016 -2.0081 0.7167, 0.707 -2.0081 0.6504, 0.7283 -2.0081 0.647, 0.7308 -2.0081 0.7009, 0.7317 -2.0081 0.647, 0.7394 -2.0081 0.702, 0.7535 -2.0081 0.6497, 0.7472 -2.0081 0.705, 0.7541 -2.0081 0.7098, 1.0771 -2.0081 0.7468, 1.0352 -2.0081 0.7825, 1.0526 -2.0081 0.7261, 1.0219 -2.0081 0.7717, 1.0252 -2.0081 0.7127, 1.006 -2.0081 0.7643, 0.9953 -2.0081 0.7063, 0.9899 -2.0081 0.7612, 0.9422 -2.0081 0.7063, 0.9494 -2.0081 0.7612, 0.9371 -2.0081 0.7072, 1.0312 -2.0081 0.8836, 1.0416 -2.0081 0.872, 1.0953 -2.0081 0.8891, 1.05 -2.0081 0.8565, 1.1063 -2.0081 0.8616, 1.0542 -2.0081 0.8392, 1.1104 -2.0081 0.8323, 1.0546 -2.0081 0.8314, 1.1063 -2.0081 0.8002, 1.0525 -2.0081 0.8139, 1.095 -2.0081 0.7717, 1.0463 -2.0081 0.7978, 1.0364 -2.0081 0.7838, 0.9728 -2.0081 1.0212, 0.9376 -2.0081 0.9798, 1.004 -2.0081 0.9846, 0.9579 -2.0081 0.9555, 0.9718 -2.0081 0.9266, 0.5959 -2.0081 0.8729, 0.5368 -2.0081 0.858, 0.5932 -2.0081 0.8512, 0.5365 -2.0081 0.8494, 0.5943 -2.0081 0.8373, 0.5409 -2.0081 0.8142, 0.6007 -2.0081 0.8153, 0.5538 -2.0081 0.7807, 0.6115 -2.0081 0.797, 0.5743 -2.0081 0.7513, 0.6024 -2.0081 0.7274, 0.6961 -2.0081 0.7413, 0.6986 -2.0081 0.7498, 0.6571 -2.0081 0.7878, 0.703 -2.0081 0.7574, 0.672 -2.0081 0.8048, 0.7074 -2.0081 0.7621, 0.6904 -2.0081 0.8175, 0.7144 -2.0081 0.767, 0.7103 -2.0081 0.8251, 0.7223 -2.0081 0.7701, 0.7317 -2.0081 0.8278, 0.7308 -2.0081 0.7711, 0.7427 -2.0081 0.8271, 0.7369 -2.0081 0.7706, 0.7644 -2.0081 0.8217, 0.7454 -2.0081 0.7679, 0.7835 -2.0081 0.8115, 0.7529 -2.0081 0.7633, 0.7589 -2.0081 0.7571, 0.81 -2.0081 1.0634, 0.8183 -2.0081 1.0097, 0.8505 -2.0081 1.0679, 0.8514 -2.0081 1.014, 0.8932 -2.0081 1.0627, 0.8819 -2.0081 1.0102, 0.9378 -2.0081 1.0454, 0.9101 -2.0081 0.9994, 0.9353 -2.0081 0.9819, 0.6135 -2.0081 0.9778, 0.5849 -2.0081 0.9577, 0.6161 -2.0081 0.9109, 0.5788 -2.0081 0.9519, 0.6036 -2.0081 0.893, 0.5572 -2.0081 0.9242, 0.5428 -2.0081 0.8918, 0.9449 -2.0081 0.762, 0.9233 -2.0081 0.7158, 0.9254 -2.0081 0.7137, 0.9476 -2.0081 0.7615, 0.9312 -2.0081 0.7095, 0.9161 -2.0081 0.7342, 0.917 -2.0081 0.7275, 0.9193 -2.0081 0.7214, 0.937 -2.0081 0.7612, 0.9309 -2.0081 0.7588, 0.9164 -2.0081 0.7378, 0.9253 -2.0081 0.7549, 0.9216 -2.0081 0.7508, 0.9182 -2.0081 0.7446, 0.944 -2.0081 0.7621, 1.1104 -2.0077 0.8323, 1.1063 -2.0077 0.8616, 1.0829 -2.0077 0.9064, 1.1032 -2.0077 0.8693, 1.0953 -2.0077 0.8891, 1.077 -2.0077 0.9147, 1.0526 -2.0077 0.9353, 1.0258 -2.0077 0.9486, 1.0214 -2.0077 0.9501, 1.004 -2.0077 0.9846, 0.9728 -2.0077 1.0212, 0.9528 -2.0077 1.0351, 0.9378 -2.0077 1.0454, 0.8932 -2.0077 1.0627, 0.8505 -2.0077 1.0679, 0.7425 -2.0077 1.0329, 0.7462 -2.0077 1.0351, 0.7682 -2.0077 1.0484, 0.81 -2.0077 1.0634, 0.7214 -2.0077 1.0148, 0.7029 -2.0077 0.9933, 0.6926 -2.0077 0.9945, 0.6823 -2.0077 0.9951, 0.6468 -2.0077 0.9907, 0.6135 -2.0077 0.9778, 0.5849 -2.0077 0.9577, 0.5788 -2.0077 0.9519, 0.5365 -2.0077 0.8494, 0.5572 -2.0077 0.9242, 0.5493 -2.0077 0.9064, 0.5428 -2.0077 0.8918, 0.5388 -2.0077 0.8693, 0.5368 -2.0077 0.858, 0.5409 -2.0077 0.8142, 0.5538 -2.0077 0.7807, 0.5743 -2.0077 0.7513, 0.6024 -2.0077 0.7274, 0.6349 -2.0077 0.7115, 0.6463 -2.0077 0.7081, 0.6474 -2.0077 0.7057, 0.6553 -2.0077 0.6888, 0.6687 -2.0077 0.6723, 0.6863 -2.0077 0.6591, 0.6945 -2.0077 0.6556, 0.707 -2.0077 0.6504, 0.7283 -2.0077 0.647, 0.7317 -2.0077 0.647, 0.8217 -2.0077 0.7369, 0.7535 -2.0077 0.6497, 0.769 -2.0077 0.6556, 0.7736 -2.0077 0.6574, 0.7915 -2.0077 0.6698, 0.8053 -2.0077 0.6853, 0.8159 -2.0077 0.7054, 0.816 -2.0077 0.7057, 0.8212 -2.0077 0.7276, 0.8217 -2.0077 0.7459, 0.9476 -2.0077 0.8125, 0.9197 -2.0077 0.8602, 0.7992 -2.0077 0.7972, 0.7835 -2.0077 0.8115, 0.7644 -2.0077 0.8217, 0.7427 -2.0077 0.8271, 0.7317 -2.0077 0.8278, 0.7103 -2.0077 0.8251, 0.6904 -2.0077 0.8175, 0.672 -2.0077 0.8048, 0.6571 -2.0077 0.7878, 0.6472 -2.0077 0.7684, 0.6276 -2.0077 0.7805, 0.6115 -2.0077 0.797, 0.6007 -2.0077 0.8153, 0.5943 -2.0077 0.8373, 0.5932 -2.0077 0.8512, 0.5954 -2.0077 0.8693, 0.5959 -2.0077 0.8729, 0.6036 -2.0077 0.893, 0.6129 -2.0077 0.9064, 0.6161 -2.0077 0.9109, 0.6316 -2.0077 0.9247, 0.6516 -2.0077 0.9354, 0.6738 -2.0077 0.9406, 0.6832 -2.0077 0.9411, 0.7042 -2.0077 0.9385, 0.7244 -2.0077 0.9311, 0.7308 -2.0077 0.9276, 0.7446 -2.0077 0.9561, 0.7647 -2.0077 0.9802, 0.7889 -2.0077 0.9978, 0.8183 -2.0077 1.0097, 0.8514 -2.0077 1.014, 0.9773 -2.0077 0.9015, 0.9762 -2.0077 0.9064, 0.9718 -2.0077 0.9266, 0.9579 -2.0077 0.9555, 0.9376 -2.0077 0.9798, 0.9353 -2.0077 0.9819, 0.9101 -2.0077 0.9994, 0.8819 -2.0077 1.0102, 0.9845 -2.0077 0.9015, 1.0016 -2.0077 0.8994, 1.0173 -2.0077 0.8934, 1.0312 -2.0077 0.8836, 1.0416 -2.0077 0.872, 1.0431 -2.0077 0.8693, 1.05 -2.0077 0.8565, 1.0542 -2.0077 0.8392, 1.0546 -2.0077 0.8314, 1.0525 -2.0077 0.8139, 1.0463 -2.0077 0.7978, 1.0364 -2.0077 0.7838, 1.0352 -2.0077 0.7825, 1.0219 -2.0077 0.7717, 1.006 -2.0077 0.7643, 0.9899 -2.0077 0.7612, 0.9494 -2.0077 0.7612, 0.9476 -2.0077 0.7615, 0.9449 -2.0077 0.762, 0.944 -2.0077 0.7621, 0.937 -2.0077 0.7612, 0.9309 -2.0077 0.7588, 0.9253 -2.0077 0.7549, 0.9216 -2.0077 0.7508, 0.9182 -2.0077 0.7446, 0.9164 -2.0077 0.7378, 0.9161 -2.0077 0.7342, 0.917 -2.0077 0.7275, 0.9193 -2.0077 0.7214, 0.9233 -2.0077 0.7158, 0.9254 -2.0077 0.7137, 0.9312 -2.0077 0.7095, 0.9371 -2.0077 0.7072, 0.9422 -2.0077 0.7063, 0.9953 -2.0077 0.7063, 1.0252 -2.0077 0.7127, 1.0526 -2.0077 0.7261, 1.0771 -2.0077 0.7468, 1.095 -2.0077 0.7717, 1.1063 -2.0077 0.8002, 0.7308 -2.0077 0.7711, 0.7369 -2.0077 0.7706, 0.7454 -2.0077 0.7679, 0.7529 -2.0077 0.7633, 0.7589 -2.0077 0.7571, 0.7631 -2.0077 0.7498, 0.7655 -2.0077 0.7416, 0.7658 -2.0077 0.7329, 0.7639 -2.0077 0.7242, 0.7599 -2.0077 0.7164, 0.7541 -2.0077 0.7098, 0.7472 -2.0077 0.705, 0.7394 -2.0077 0.702, 0.7308 -2.0077 0.7009, 0.7226 -2.0077 0.7019, 0.7143 -2.0077 0.7051, 0.7072 -2.0077 0.7101, 0.7016 -2.0077 0.7167, 0.6978 -2.0077 0.7242, 0.6959 -2.0077 0.7325, 0.6961 -2.0077 0.7413, 0.6986 -2.0077 0.7498, 0.703 -2.0077 0.7574, 0.7074 -2.0077 0.7621, 0.7144 -2.0077 0.767, 0.7223 -2.0077 0.7701
            ]
        }
        coordIndex [
            0,1,2,-1,3,4,5,-1,6,7,8,-1,9,10,11,-1,12,13,2,-1,2,13,14,-1,2,14,0,-1,5,4,15,-1,16,17,18,-1,18,17,19,-1,18,19,20,-1,20,19,21,-1,20,21,8,-1,8,21,22,-1,8,22,6,-1,23,1,24,-1,24,1,25,-1,24,25,26,-1,27,28,19,-1,19,28,29,-1,19,29,21,-1,21,29,30,-1,21,30,31,-1,32,33,34,-1,34,33,35,-1,34,35,36,-1,36,35,37,-1,36,37,38,-1,38,37,39,-1,9,11,40,-1,40,11,41,-1,40,41,42,-1,42,41,43,-1,42,43,44,-1,4,45,15,-1,15,45,46,-1,15,46,47,-1,47,46,48,-1,47,48,9,-1,9,48,49,-1,9,49,10,-1,50,2,51,-1,51,2,1,-1,51,1,52,-1,52,1,23,-1,25,53,26,-1,26,53,54,-1,26,54,55,-1,55,54,56,-1,55,56,57,-1,57,56,58,-1,57,58,59,-1,59,58,21,-1,59,21,60,-1,60,21,31,-1,61,62,63,-1,63,62,64,-1,63,64,65,-1,65,64,66,-1,65,66,67,-1,67,66,68,-1,67,68,69,-1,69,68,70,-1,69,70,71,-1,37,72,39,-1,39,72,73,-1,39,73,74,-1,74,73,75,-1,74,75,76,-1,76,75,77,-1,76,77,78,-1,78,77,79,-1,78,79,80,-1,80,79,81,-1,80,81,82,-1,82,81,83,-1,82,83,61,-1,61,83,84,-1,61,84,62,-1,85,86,87,-1,87,86,88,-1,87,88,34,-1,34,88,89,-1,34,89,32,-1,90,91,92,-1,92,91,93,-1,92,93,94,-1,94,93,95,-1,94,95,96,-1,96,95,97,-1,96,97,98,-1,98,97,99,-1,98,99,12,-1,12,99,100,-1,12,100,13,-1,50,101,2,-1,2,101,102,-1,2,102,103,-1,103,102,104,-1,103,104,105,-1,105,104,106,-1,105,106,107,-1,107,106,108,-1,107,108,109,-1,109,108,110,-1,109,110,111,-1,111,110,112,-1,111,112,113,-1,113,112,114,-1,113,114,115,-1,115,114,116,-1,115,116,117,-1,117,116,118,-1,117,118,19,-1,19,118,119,-1,19,119,27,-1,44,43,120,-1,120,43,121,-1,120,121,122,-1,122,121,123,-1,122,123,124,-1,124,123,125,-1,124,125,126,-1,126,125,127,-1,126,127,85,-1,85,127,128,-1,85,128,86,-1,5,129,3,-1,3,129,130,-1,3,130,131,-1,131,130,132,-1,131,132,133,-1,133,132,134,-1,133,134,90,-1,90,134,135,-1,90,135,91,-1,136,137,138,-1,70,139,71,-1,71,139,136,-1,71,136,140,-1,140,136,138,-1,141,142,136,-1,136,142,143,-1,136,143,137,-1,144,145,146,-1,145,147,146,-1,146,147,148,-1,146,148,149,-1,141,136,146,-1,146,136,150,-1,146,150,144,-1,78,151,152,-1,153,39,74,-1,78,152,76,-1,76,152,154,-1,76,154,74,-1,74,154,155,-1,74,155,153,-1,153,156,39,-1,39,156,157,-1,39,157,38,-1,38,157,158,-1,38,158,36,-1,36,158,159,-1,36,159,34,-1,34,159,160,-1,34,160,87,-1,87,160,161,-1,87,161,85,-1,126,85,162,-1,162,85,161,-1,162,163,126,-1,126,163,164,-1,126,164,124,-1,124,164,165,-1,124,165,122,-1,166,42,167,-1,167,42,44,-1,167,44,168,-1,168,44,120,-1,168,120,169,-1,169,120,122,-1,169,122,165,-1,42,166,170,-1,42,170,40,-1,40,170,171,-1,40,171,9,-1,9,171,172,-1,9,172,47,-1,47,172,173,-1,47,173,15,-1,15,173,174,-1,15,174,5,-1,5,174,175,-1,5,175,129,-1,129,175,176,-1,129,176,130,-1,130,176,177,-1,130,177,132,-1,178,93,91,-1,132,177,179,-1,132,179,134,-1,134,179,180,-1,134,180,135,-1,180,181,135,-1,135,181,182,-1,135,182,91,-1,91,182,183,-1,91,183,178,-1,93,178,184,-1,93,184,95,-1,95,184,185,-1,95,185,97,-1,97,185,186,-1,97,186,99,-1,99,186,187,-1,99,187,100,-1,100,187,188,-1,100,188,13,-1,13,188,189,-1,13,189,14,-1,14,189,190,-1,14,190,0,-1,190,191,0,-1,0,191,192,-1,0,192,1,-1,1,192,193,-1,1,193,25,-1,25,193,194,-1,25,194,53,-1,194,195,53,-1,53,195,196,-1,53,196,54,-1,54,196,197,-1,54,197,56,-1,198,20,8,-1,56,197,199,-1,56,199,58,-1,58,199,200,-1,58,200,21,-1,200,201,21,-1,21,201,202,-1,21,202,22,-1,22,202,203,-1,22,203,6,-1,6,203,204,-1,6,204,7,-1,7,204,205,-1,7,205,8,-1,8,205,206,-1,8,206,198,-1,18,20,207,-1,207,20,198,-1,16,18,208,-1,208,18,207,-1,17,16,209,-1,209,16,208,-1,19,17,210,-1,210,17,209,-1,19,210,211,-1,19,211,117,-1,117,211,212,-1,117,212,115,-1,115,212,213,-1,115,213,113,-1,113,213,214,-1,113,214,111,-1,111,214,215,-1,111,215,109,-1,109,215,216,-1,109,216,107,-1,107,216,217,-1,107,217,105,-1,105,217,218,-1,105,218,103,-1,103,218,219,-1,103,219,2,-1,2,219,220,-1,2,220,12,-1,12,220,221,-1,12,221,98,-1,98,221,222,-1,98,222,96,-1,96,222,223,-1,96,223,94,-1,94,223,224,-1,94,224,92,-1,90,92,225,-1,225,92,224,-1,225,226,90,-1,90,226,227,-1,90,227,133,-1,133,227,228,-1,133,228,131,-1,228,229,131,-1,131,229,230,-1,131,230,3,-1,3,230,231,-1,3,231,4,-1,4,231,232,-1,4,232,45,-1,45,232,233,-1,45,233,46,-1,46,233,234,-1,46,234,48,-1,48,234,235,-1,48,235,49,-1,49,235,236,-1,49,236,10,-1,10,236,237,-1,10,237,11,-1,11,237,238,-1,11,238,41,-1,41,238,239,-1,41,239,43,-1,43,239,240,-1,43,240,121,-1,121,240,241,-1,121,241,123,-1,242,32,243,-1,243,32,89,-1,243,89,244,-1,244,89,88,-1,244,88,245,-1,245,88,86,-1,245,86,246,-1,246,86,128,-1,246,128,247,-1,247,128,127,-1,247,127,248,-1,248,127,125,-1,248,125,249,-1,249,125,123,-1,249,123,241,-1,33,32,250,-1,250,32,242,-1,33,250,251,-1,33,251,35,-1,35,251,252,-1,35,252,37,-1,37,252,253,-1,37,253,72,-1,72,253,254,-1,72,254,73,-1,73,254,255,-1,73,255,75,-1,255,256,75,-1,75,256,257,-1,75,257,77,-1,77,257,258,-1,77,258,79,-1,79,258,259,-1,79,259,81,-1,81,259,260,-1,81,260,83,-1,83,260,261,-1,83,261,84,-1,84,261,262,-1,84,262,62,-1,62,262,263,-1,62,263,64,-1,64,263,264,-1,64,264,66,-1,66,264,265,-1,66,265,68,-1,70,68,266,-1,266,68,265,-1,70,266,267,-1,70,267,139,-1,139,267,268,-1,139,268,136,-1,136,268,269,-1,136,269,150,-1,150,269,270,-1,150,270,144,-1,144,270,271,-1,144,271,145,-1,145,271,272,-1,145,272,147,-1,147,272,273,-1,147,273,148,-1,148,273,274,-1,148,274,149,-1,149,274,275,-1,149,275,146,-1,146,275,276,-1,146,276,141,-1,141,276,277,-1,141,277,142,-1,142,277,278,-1,142,278,143,-1,143,278,279,-1,143,279,137,-1,137,279,280,-1,137,280,138,-1,138,280,281,-1,138,281,140,-1,140,281,282,-1,140,282,71,-1,71,282,283,-1,71,283,69,-1,67,69,284,-1,284,69,283,-1,67,284,285,-1,67,285,65,-1,65,285,286,-1,65,286,63,-1,63,286,287,-1,63,287,61,-1,61,287,288,-1,61,288,82,-1,82,288,289,-1,82,289,80,-1,80,289,151,-1,80,151,78,-1,112,290,291,-1,112,291,114,-1,114,291,292,-1,114,292,116,-1,116,292,293,-1,116,293,118,-1,118,293,294,-1,118,294,119,-1,119,294,295,-1,119,295,27,-1,27,295,296,-1,27,296,28,-1,28,296,297,-1,28,297,29,-1,29,297,298,-1,29,298,30,-1,30,298,299,-1,30,299,31,-1,31,299,300,-1,31,300,60,-1,60,300,301,-1,60,301,59,-1,59,301,302,-1,59,302,57,-1,57,302,303,-1,57,303,55,-1,55,303,304,-1,55,304,26,-1,26,304,305,-1,26,305,24,-1,24,305,306,-1,24,306,23,-1,23,306,307,-1,23,307,52,-1,52,307,308,-1,52,308,51,-1,51,308,309,-1,51,309,50,-1,50,309,310,-1,50,310,101,-1,101,310,311,-1,101,311,102,-1,102,311,312,-1,102,312,104,-1,104,312,313,-1,104,313,106,-1,106,313,314,-1,106,314,108,-1,108,314,315,-1,108,315,110,-1,110,315,290,-1,110,290,112,-1,
        ]
    }
}
Shape{
    appearance Appearance {
        material  Material 	{
            diffuseColor 0.25098039215686274 0.25098039215686274 0.25098039215686274
            specularColor 0.12549019607843137 0.12549019607843137 0.12549019607843137
            ambientIntensity 0.251
            transparency 0.0
            shininess 0.5
        }
    }
    geometry IndexedFaceSet {
        ccw TRUE
        solid FALSE
        coord DEF co Coordinate {
            point [
                0.7308 -2.0077 0.7009, 0.7074 -2.0077 0.7621, 0.703 -2.0077 0.7574, 0.7308 -2.0077 0.7711, 0.7369 -2.0077 0.7706, 0.7394 -2.0077 0.702, 0.7223 -2.0077 0.7701, 0.7144 -2.0077 0.767, 0.7541 -2.0077 0.7098, 0.7589 -2.0077 0.7571, 0.7529 -2.0077 0.7633, 0.6978 -2.0077 0.7242, 0.7016 -2.0077 0.7167, 0.7072 -2.0077 0.7101, 0.7472 -2.0077 0.705, 0.7454 -2.0077 0.7679, 0.6986 -2.0077 0.7498, 0.6961 -2.0077 0.7413, 0.6959 -2.0077 0.7325, 0.7143 -2.0077 0.7051, 0.7226 -2.0077 0.7019, 0.7639 -2.0077 0.7242, 0.7658 -2.0077 0.7329, 0.7599 -2.0077 0.7164, 0.7655 -2.0077 0.7416, 0.7631 -2.0077 0.7498
            ]
        }
        coordIndex [
            0,1,2,-1,3,0,4,-1,4,0,5,-1,3,6,0,-1,0,6,7,-1,0,7,1,-1,8,9,10,-1,11,12,2,-1,2,12,13,-1,5,14,4,-1,4,14,8,-1,4,8,15,-1,15,8,10,-1,16,17,2,-1,2,17,18,-1,2,18,11,-1,13,19,2,-1,2,19,20,-1,2,20,0,-1,21,22,23,-1,23,22,24,-1,23,24,8,-1,8,24,25,-1,8,25,9,-1,
        ]
    }
}
Shape{
    appearance Appearance {
        material  Material 	{
            diffuseColor 1.0 1.0 1.0
            specularColor 0.5019607843137255 0.5019607843137255 0.5019607843137255
            ambientIntensity 1.0
            transparency 0.0
            shininess 0.5
        }
    }
    geometry IndexedFaceSet {
        ccw TRUE
        solid FALSE
        coord DEF co Coordinate {
            point [
                1.3089 0.3541 0.9931, 1.3089 0.3545 0.9931, 1.3147 0.3541 1.0366, 1.3147 0.3545 1.0366, 1.3314 0.3541 1.0771, 1.3314 0.3545 1.0771, 1.3582 0.3541 1.1119, 1.3582 0.3545 1.1119, 1.393 0.3541 1.1387, 1.393 0.3545 1.1387, 1.4335 0.3541 1.1554, 1.4335 0.3545 1.1554, 1.477 0.3541 1.1612, 1.477 0.3545 1.1612, 1.5205 0.3541 1.1554, 1.5205 0.3545 1.1554, 1.5611 0.3541 1.1387, 1.5611 0.3545 1.1387, 1.5959 0.3541 1.1119, 1.5959 0.3545 1.1119, 1.6226 0.3541 1.0771, 1.6226 0.3545 1.0771, 1.6394 0.3541 1.0366, 1.6394 0.3545 1.0366, 1.6451 0.3541 0.9931, 1.6451 0.3545 0.9931, 1.6394 0.3541 0.9496, 1.6394 0.3545 0.9496, 1.6226 0.3541 0.909, 1.6226 0.3545 0.909, 1.5959 0.3541 0.8742, 1.5959 0.3545 0.8742, 1.5611 0.3541 0.8475, 1.5611 0.3545 0.8475, 1.5205 0.3541 0.8307, 1.5205 0.3545 0.8307, 1.477 0.3541 0.825, 1.477 0.3545 0.825, 1.4335 0.3541 0.8307, 1.4335 0.3545 0.8307, 1.393 0.3541 0.8475, 1.393 0.3545 0.8475, 1.3582 0.3541 0.8742, 1.3582 0.3545 0.8742, 1.3314 0.3541 0.909, 1.3314 0.3545 0.909, 1.3147 0.3541 0.9496, 1.3147 0.3545 0.9496, 1.477 0.3541 0.9931
            ]
        }
        coordIndex [
            0,1,2,-1,2,1,3,-1,2,3,4,-1,4,3,5,-1,4,5,6,-1,6,5,7,-1,6,7,8,-1,8,7,9,-1,8,9,10,-1,10,9,11,-1,10,11,12,-1,12,11,13,-1,12,13,14,-1,14,13,15,-1,14,15,16,-1,16,15,17,-1,16,17,18,-1,18,17,19,-1,18,19,20,-1,20,19,21,-1,20,21,22,-1,22,21,23,-1,22,23,24,-1,24,23,25,-1,24,25,26,-1,26,25,27,-1,26,27,28,-1,28,27,29,-1,28,29,30,-1,30,29,31,-1,30,31,32,-1,32,31,33,-1,32,33,34,-1,34,33,35,-1,34,35,36,-1,36,35,37,-1,36,37,38,-1,38,37,39,-1,38,39,40,-1,40,39,41,-1,40,41,42,-1,42,41,43,-1,42,43,44,-1,44,43,45,-1,44,45,46,-1,46,45,47,-1,46,47,0,-1,0,47,1,-1,44,46,48,-1,48,46,0,-1,48,0,2,-1,38,40,48,-1,48,40,42,-1,48,42,44,-1,32,34,48,-1,48,34,36,-1,48,36,38,-1,26,28,48,-1,48,28,30,-1,48,30,32,-1,20,22,48,-1,48,22,24,-1,48,24,26,-1,14,16,48,-1,48,16,18,-1,48,18,20,-1,8,10,48,-1,48,10,12,-1,48,12,14,-1,2,4,48,-1,48,4,6,-1,48,6,8,-1,
        ]
    }
}