#VRML V2.0 utf8
# 3D model generated by easyeda2kicad.py (https://github.com/uPesy/easyeda2kicad.py)

Shape{
    appearance Appearance {
        material  Material 	{
            diffuseColor 0.8509803921568627 0.8509803921568627 0.8509803921568627
            specularColor 0.4235294117647059 0.4235294117647059 0.4235294117647059
            ambientIntensity 0.851
            transparency 0.0
            shininess 0.5
        }
    }
    geometry IndexedFaceSet {
        ccw TRUE
        solid FALSE
        coord DEF co Coordinate {
            point [
                1.8504 -1.0039 0.1378, 2.0866 -1.0039 0.1378, 1.8504 -0.9869 0.1396, 2.0866 -0.9869 0.1396, 1.8504 -0.9706 0.1449, 2.0866 -0.9706 0.1449, 1.8504 -0.9557 0.1534, 2.0866 -0.9557 0.1534, 1.8504 -0.9429 0.1648, 2.0866 -0.9429 0.1648, 1.8504 -0.9328 0.1787, 2.0866 -0.9328 0.1787, 1.8504 -0.9258 0.1943, 2.0866 -0.9258 0.1943, 1.8504 -0.8793 0.3349, 2.0866 -0.8793 0.3349, 2.0866 -0.689 0.4724, 1.8504 -0.689 0.4724, 1.8504 -0.7202 0.47, 2.0866 -0.7202 0.47, 1.8504 -0.7507 0.4627, 2.0866 -0.7507 0.4627, 1.8504 -0.7796 0.4508, 2.0866 -0.7796 0.4508, 1.8504 -0.8064 0.4345, 2.0866 -0.8064 0.4345, 1.8504 -0.8303 0.4142, 2.0866 -0.8303 0.4142, 1.8504 -0.8507 0.3904, 2.0866 -0.8507 0.3904, 1.8504 -0.8672 0.3638, 2.0866 -0.8672 0.3638, 1.8504 -0.8136 0.1572, 1.8504 -0.7671 0.2978, 2.0866 -0.8136 0.1572, 2.0866 -0.7671 0.2978, 2.0866 -0.8257 0.1283, 1.8504 -0.8257 0.1283, 2.0866 -0.8422 0.1017, 1.8504 -0.8422 0.1017, 2.0866 -0.8626 0.0779, 1.8504 -0.8626 0.0779, 2.0866 -0.8865 0.0577, 1.8504 -0.8865 0.0577, 2.0866 -0.9133 0.0414, 1.8504 -0.9133 0.0414, 2.0866 -0.9422 0.0294, 1.8504 -0.9422 0.0294, 2.0866 -0.9727 0.0221, 1.8504 -0.9727 0.0221, 2.0866 -1.0039 0.0197, 1.8504 -1.0039 0.0197, 1.8504 -1.4764 0.0197, 2.0866 -1.4764 0.0197, 1.8504 -1.4764 0.1378, 2.0866 -1.4764 0.1378, 1.8504 -0.5906 0.4724, 1.8504 -0.5906 0.3543, 1.8504 -0.689 0.3543, 1.8504 -0.706 0.3525, 1.8504 -0.7223 0.3473, 1.8504 -0.7372 0.3387, 1.8504 -0.75 0.3273, 1.8504 -0.7601 0.3135, 2.0866 -0.7601 0.3135, 2.0866 -0.75 0.3273, 2.0866 -0.7372 0.3387, 2.0866 -0.7223 0.3473, 2.0866 -0.706 0.3525, 2.0866 -0.689 0.3543, 2.0866 -0.5906 0.3543, 2.0866 -0.5906 0.4724, 1.063 -1.0039 0.1378, 1.2992 -1.0039 0.1378, 1.063 -0.9869 0.1396, 1.2992 -0.9869 0.1396, 1.063 -0.9706 0.1449, 1.2992 -0.9706 0.1449, 1.063 -0.9557 0.1534, 1.2992 -0.9557 0.1534, 1.063 -0.9429 0.1648, 1.2992 -0.9429 0.1648, 1.063 -0.9328 0.1787, 1.2992 -0.9328 0.1787, 1.063 -0.9258 0.1943, 1.2992 -0.9258 0.1943, 1.063 -0.8793 0.3349, 1.2992 -0.8793 0.3349, 1.2992 -0.689 0.4724, 1.063 -0.689 0.4724, 1.063 -0.7202 0.47, 1.2992 -0.7202 0.47, 1.063 -0.7507 0.4627, 1.2992 -0.7507 0.4627, 1.063 -0.7796 0.4508, 1.2992 -0.7796 0.4508, 1.063 -0.8064 0.4345, 1.2992 -0.8064 0.4345, 1.063 -0.8303 0.4142, 1.2992 -0.8303 0.4142, 1.063 -0.8507 0.3904, 1.2992 -0.8507 0.3904, 1.063 -0.8672 0.3638, 1.2992 -0.8672 0.3638, 1.063 -0.8136 0.1572, 1.063 -0.7671 0.2978, 1.2992 -0.8136 0.1572, 1.2992 -0.7671 0.2978, 1.2992 -0.8257 0.1283, 1.063 -0.8257 0.1283, 1.2992 -0.8422 0.1017, 1.063 -0.8422 0.1017, 1.2992 -0.8626 0.0779, 1.063 -0.8626 0.0779, 1.2992 -0.8865 0.0577, 1.063 -0.8865 0.0577, 1.2992 -0.9133 0.0414, 1.063 -0.9133 0.0414, 1.2992 -0.9422 0.0294, 1.063 -0.9422 0.0294, 1.2992 -0.9727 0.0221, 1.063 -0.9727 0.0221, 1.2992 -1.0039 0.0197, 1.063 -1.0039 0.0197, 1.063 -1.4764 0.0197, 1.2992 -1.4764 0.0197, 1.063 -1.4764 0.1378, 1.2992 -1.4764 0.1378, 1.063 -0.5906 0.4724, 1.063 -0.5906 0.3543, 1.063 -0.689 0.3543, 1.063 -0.706 0.3525, 1.063 -0.7223 0.3473, 1.063 -0.7372 0.3387, 1.063 -0.75 0.3273, 1.063 -0.7601 0.3135, 1.2992 -0.7601 0.3135, 1.2992 -0.75 0.3273, 1.2992 -0.7372 0.3387, 1.2992 -0.7223 0.3473, 1.2992 -0.706 0.3525, 1.2992 -0.689 0.3543, 1.2992 -0.5906 0.3543, 1.2992 -0.5906 0.4724, 0.5118 1.4764 0.0197, 0.2756 1.4764 0.0197, 0.5118 1.4764 0.1378, 0.2756 1.4764 0.1378, 0.2756 1.0039 0.0197, 0.5118 1.0039 0.0197, 0.5118 0.9727 0.0221, 0.2756 0.9727 0.0221, 0.5118 0.9422 0.0294, 0.2756 0.9422 0.0294, 0.5118 0.9133 0.0414, 0.2756 0.9133 0.0414, 0.5118 0.8865 0.0577, 0.2756 0.8865 0.0577, 0.5118 0.8626 0.0779, 0.2756 0.8626 0.0779, 0.5118 0.8422 0.1017, 0.2756 0.8422 0.1017, 0.5118 0.8257 0.1283, 0.2756 0.8257 0.1283, 0.5118 0.8136 0.1572, 0.2756 0.8136 0.1572, 0.2756 0.7671 0.2978, 0.5118 0.7671 0.2978, 0.5118 0.8793 0.3349, 0.2756 0.8793 0.3349, 0.2756 0.8672 0.3638, 0.5118 0.8672 0.3638, 0.2756 0.8507 0.3904, 0.5118 0.8507 0.3904, 0.2756 0.8303 0.4142, 0.5118 0.8303 0.4142, 0.2756 0.8064 0.4345, 0.5118 0.8064 0.4345, 0.2756 0.7796 0.4508, 0.5118 0.7796 0.4508, 0.2756 0.7507 0.4627, 0.5118 0.7507 0.4627, 0.2756 0.7202 0.47, 0.5118 0.7202 0.47, 0.2756 0.689 0.4724, 0.5118 0.689 0.4724, 0.5118 0.9258 0.1943, 0.2756 0.9258 0.1943, 0.2756 0.9328 0.1787, 0.5118 0.9328 0.1787, 0.2756 0.9429 0.1648, 0.5118 0.9429 0.1648, 0.2756 0.9557 0.1534, 0.5118 0.9557 0.1534, 0.2756 0.9706 0.1449, 0.5118 0.9706 0.1449, 0.2756 0.9869 0.1396, 0.5118 0.9869 0.1396, 0.2756 1.0039 0.1378, 0.5118 1.0039 0.1378, 0.5118 0.689 0.3543, 0.2756 0.689 0.3543, 0.5118 0.706 0.3525, 0.2756 0.706 0.3525, 0.5118 0.7223 0.3473, 0.2756 0.7223 0.3473, 0.5118 0.7372 0.3387, 0.2756 0.7372 0.3387, 0.5118 0.75 0.3273, 0.2756 0.75 0.3273, 0.5118 0.7601 0.3135, 0.2756 0.7601 0.3135, 0.2756 0.5906 0.3543, 0.2756 0.5906 0.4724, 0.5118 0.5906 0.4724, 0.5118 0.5906 0.3543, 0.2756 -1.0039 0.1378, 0.5118 -1.0039 0.1378, 0.2756 -0.9869 0.1396, 0.5118 -0.9869 0.1396, 0.2756 -0.9706 0.1449, 0.5118 -0.9706 0.1449, 0.2756 -0.9557 0.1534, 0.5118 -0.9557 0.1534, 0.2756 -0.9429 0.1648, 0.5118 -0.9429 0.1648, 0.2756 -0.9328 0.1787, 0.5118 -0.9328 0.1787, 0.2756 -0.9258 0.1943, 0.5118 -0.9258 0.1943, 0.2756 -0.8793 0.3349, 0.5118 -0.8793 0.3349, 0.5118 -0.689 0.4724, 0.2756 -0.689 0.4724, 0.2756 -0.7202 0.47, 0.5118 -0.7202 0.47, 0.2756 -0.7507 0.4627, 0.5118 -0.7507 0.4627, 0.2756 -0.7796 0.4508, 0.5118 -0.7796 0.4508, 0.2756 -0.8064 0.4345, 0.5118 -0.8064 0.4345, 0.2756 -0.8303 0.4142, 0.5118 -0.8303 0.4142, 0.2756 -0.8507 0.3904, 0.5118 -0.8507 0.3904, 0.2756 -0.8672 0.3638, 0.5118 -0.8672 0.3638, 0.2756 -0.8136 0.1572, 0.2756 -0.7671 0.2978, 0.5118 -0.8136 0.1572, 0.5118 -0.7671 0.2978, 0.5118 -0.8257 0.1283, 0.2756 -0.8257 0.1283, 0.5118 -0.8422 0.1017, 0.2756 -0.8422 0.1017, 0.5118 -0.8626 0.0779, 0.2756 -0.8626 0.0779, 0.5118 -0.8865 0.0577, 0.2756 -0.8865 0.0577, 0.5118 -0.9133 0.0414, 0.2756 -0.9133 0.0414, 0.5118 -0.9422 0.0294, 0.2756 -0.9422 0.0294, 0.5118 -0.9727 0.0221, 0.2756 -0.9727 0.0221, 0.5118 -1.0039 0.0197, 0.2756 -1.0039 0.0197, 0.2756 -1.4764 0.0197, 0.5118 -1.4764 0.0197, 0.2756 -1.4764 0.1378, 0.5118 -1.4764 0.1378, 0.2756 -0.5906 0.4724, 0.2756 -0.5906 0.3543, 0.2756 -0.689 0.3543, 0.2756 -0.706 0.3525, 0.2756 -0.7223 0.3473, 0.2756 -0.7372 0.3387, 0.2756 -0.75 0.3273, 0.2756 -0.7601 0.3135, 0.5118 -0.7601 0.3135, 0.5118 -0.75 0.3273, 0.5118 -0.7372 0.3387, 0.5118 -0.7223 0.3473, 0.5118 -0.706 0.3525, 0.5118 -0.689 0.3543, 0.5118 -0.5906 0.3543, 0.5118 -0.5906 0.4724, 0.689 -0.3051 1.378, 0.689 -0.3051 1.2992, -0.689 -0.3051 1.378, -0.689 -0.3051 1.2992, -0.2248 -0.6102 1.0039, -0.2248 -0.6102 1.1811, -0.2044 -0.6076 1.0039, -0.2044 -0.6076 1.1811, -0.1854 -0.5997 1.0039, -0.1854 -0.5997 1.1811, -0.1691 -0.5872 1.0039, -0.1691 -0.5872 1.1811, -0.1566 -0.5709 1.0039, -0.1566 -0.5709 1.1811, -0.0202 -0.4921 1.1811, -0.0202 -0.4921 1.0039, -0.061 -0.4975 1.0039, -0.061 -0.4975 1.1811, -0.0989 -0.5132 1.0039, -0.0989 -0.5132 1.1811, -0.1316 -0.5383 1.0039, -0.1316 -0.5383 1.1811, 0.0175 -0.4921 1.0039, 0.0175 -0.4921 1.1811, 0.1539 -0.5709 1.1811, 0.1539 -0.5709 1.0039, 0.1289 -0.5383 1.0039, 0.1289 -0.5383 1.1811, 0.0963 -0.5132 1.0039, 0.0963 -0.5132 1.1811, 0.0583 -0.4975 1.0039, 0.0583 -0.4975 1.1811, 0.1664 -0.5872 1.0039, 0.1664 -0.5872 1.1811, 0.1827 -0.5997 1.0039, 0.1827 -0.5997 1.1811, 0.2017 -0.6076 1.0039, 0.2017 -0.6076 1.1811, 0.2221 -0.6102 1.0039, 0.2221 -0.6102 1.1811, 0.2221 -0.689 1.0039, 0.2221 -0.689 1.1811, 0.1813 -0.6836 1.1811, 0.1813 -0.6836 1.0039, 0.1434 -0.6679 1.1811, 0.1434 -0.6679 1.0039, 0.1107 -0.6429 1.1811, 0.1107 -0.6429 1.0039, 0.0857 -0.6102 1.1811, 0.0857 -0.6102 1.0039, 0.0175 -0.5709 1.1811, 0.0175 -0.5709 1.0039, 0.0379 -0.5735 1.1811, 0.0379 -0.5735 1.0039, 0.0569 -0.5814 1.1811, 0.0569 -0.5814 1.0039, 0.0732 -0.5939 1.1811, 0.0732 -0.5939 1.0039, -0.0202 -0.5709 1.1811, -0.0202 -0.5709 1.0039, -0.0884 -0.6102 1.1811, -0.0884 -0.6102 1.0039, -0.0759 -0.5939 1.1811, -0.0759 -0.5939 1.0039, -0.0596 -0.5814 1.1811, -0.0596 -0.5814 1.0039, -0.0406 -0.5735 1.1811, -0.0406 -0.5735 1.0039, -0.1134 -0.6429 1.1811, -0.1134 -0.6429 1.0039, -0.146 -0.6679 1.1811, -0.146 -0.6679 1.0039, -0.184 -0.6836 1.1811, -0.184 -0.6836 1.0039, -0.2248 -0.689 1.1811, -0.2248 -0.689 1.0039, 1.9882 -0.689 1.1811, 1.9882 -0.6102 1.1811, -1.9882 -0.689 1.1811, -1.9882 -0.6102 1.1811, 2.8448 0.689 0.6353, 2.8692 0.689 0.5709, 2.8448 -0.689 0.6353, 2.8692 -0.689 0.5709, 2.9428 0.689 0.5988, 2.9428 -0.689 0.5988, 2.9187 0.689 0.6617, 2.9187 -0.689 0.6617, 2.9173 0.689 0.6693, 2.9173 -0.689 0.6693, 2.9177 0.689 0.6654, 2.9177 -0.689 0.6654, 2.9173 -0.689 0.9331, 2.8386 -0.689 0.9331, 2.8386 -0.689 0.6693, 2.8402 -0.689 0.652, 2.8402 0.689 0.652, 2.8386 0.689 0.6693, 2.9173 0.689 0.9331, 2.8386 0.689 0.9331, 2.9173 0.3642 0.9331, 2.8386 0.3642 0.9331, 2.9173 -0.3642 0.9331, 2.9173 0.3642 1.2984, 2.9173 -0.3642 1.2984, 2.8386 -0.3642 0.9331, 2.8386 -0.3642 1.2984, 2.8386 0.3642 1.2984, 2.0669 -0.689 1.2598, 2.0669 -0.6102 1.2598, 2.0642 -0.689 1.2395, 2.0642 -0.6102 1.2395, 2.0564 -0.689 1.2205, 2.0564 -0.6102 1.2205, 2.0439 -0.689 1.2042, 2.0439 -0.6102 1.2042, 2.0276 -0.689 1.1917, 2.0276 -0.6102 1.1917, 2.0086 -0.689 1.1838, 2.0086 -0.6102 1.1838, 2.0669 -0.6102 1.2984, 2.0669 -0.689 1.2984, 2.0669 -0.6102 1.2986, 2.0669 -0.6863 1.319, 2.0669 -0.6101 1.2988, 2.0669 -0.6783 1.3382, 2.0669 -0.61 1.299, 2.0669 -0.6657 1.3547, 2.0669 -0.6098 1.2991, 2.0669 -0.6492 1.3673, 2.0669 -0.6097 1.2992, 2.0669 -0.63 1.3752, 2.0669 -0.6094 1.2992, 2.0669 -0.6094 1.378, 2.3622 -0.6094 1.2992, 2.3622 -0.6097 1.2992, 2.3622 -0.6098 1.2991, 2.3622 -0.61 1.299, 2.3622 -0.6101 1.2988, 2.3622 -0.6102 1.2986, 2.3622 -0.6102 1.2984, 2.8378 -0.3642 1.2992, 2.8378 0.3642 1.2992, 2.838 -0.3642 1.2992, 2.838 0.3642 1.2992, 2.8382 -0.3642 1.2991, 2.8382 0.3642 1.2991, 2.8384 -0.3642 1.299, 2.8384 0.3642 1.299, 2.8385 -0.3642 1.2988, 2.8385 0.3642 1.2988, 2.8386 -0.3642 1.2986, 2.8386 0.3642 1.2986, 2.3622 0.689 1.2992, 2.3622 0.689 1.378, 2.3622 0.5531 1.2992, 2.3622 0.5531 1.378, 2.7677 0.5531 1.2992, 2.7677 0.5531 1.378, 2.7677 0.3642 1.2992, 2.7677 0.3642 1.378, 2.8378 0.3642 1.378, 2.8584 0.3642 1.3752, 2.8776 0.3642 1.3673, 2.894 0.3642 1.3547, 2.9067 0.3642 1.3382, 2.9146 0.3642 1.319, 2.9146 -0.3642 1.319, 2.9067 -0.3642 1.3382, 2.894 -0.3642 1.3547, 2.8776 -0.3642 1.3673, 2.8584 -0.3642 1.3752, 2.8378 -0.3642 1.378, 2.7677 -0.3642 1.2992, 2.7677 -0.3642 1.378, 2.7677 -0.5531 1.2992, 2.7677 -0.5531 1.378, 2.3622 -0.5531 1.2992, 2.3622 -0.5531 1.378, 2.3622 -0.6094 1.378, 2.3622 -0.689 1.2984, 2.3622 -0.6863 1.319, 2.3622 -0.6783 1.3382, 2.3622 -0.6657 1.3547, 2.3622 -0.6492 1.3673, 2.3622 -0.63 1.3752, 1.9882 -0.6094 1.378, 1.9882 -0.6094 1.2992, 2.3622 -0.6102 1.1614, 2.3622 -0.689 1.1614, 2.2047 -0.689 1.0039, 2.2047 -0.6102 1.0039, 2.2455 -0.6102 1.0093, 2.2455 -0.689 1.0093, 2.2835 -0.6102 1.025, 2.2835 -0.689 1.025, 2.3161 -0.6102 1.0501, 2.3161 -0.689 1.0501, 2.3411 -0.6102 1.0827, 2.3411 -0.689 1.0827, 2.3568 -0.6102 1.1207, 2.3568 -0.689 1.1207, 1.9882 -0.689 1.378, 1.9882 -0.689 1.2992, 0.689 0.3051 1.2992, 0.689 0.3051 1.378, -0.689 0.3051 1.378, -0.689 0.3051 1.2992, -1.9882 -0.689 1.378, -1.9882 -0.689 1.2992, -1.9882 -0.6094 1.2992, -1.9882 -0.6094 1.378, -2.8692 0.689 0.5709, -2.8448 0.689 0.6353, -2.8692 -0.689 0.5709, -2.8448 -0.689 0.6353, -2.9428 0.689 0.5988, -2.9428 -0.689 0.5988, -2.9187 0.689 0.6617, -2.9187 -0.689 0.6617, -2.9177 0.689 0.6654, -2.9177 -0.689 0.6654, -2.9173 0.689 0.6693, -2.9173 -0.689 0.6693, -2.9173 0.689 0.9331, -2.8386 0.689 0.9331, -2.8386 0.689 0.6693, -2.8402 0.689 0.652, -2.8386 -0.689 0.6693, -2.8402 -0.689 0.652, -2.9173 -0.689 0.9331, -2.8386 -0.689 0.9331, -2.9173 -0.3642 0.9331, -2.8386 -0.3642 0.9331, -2.9173 0.3642 0.9331, -2.9173 -0.3642 1.2984, -2.9173 0.3642 1.2984, -2.8386 0.3642 0.9331, -2.8386 0.3642 1.2984, -2.8386 -0.3642 1.2984, -2.8378 0.3642 1.2992, -2.8378 -0.3642 1.2992, -2.838 0.3642 1.2992, -2.838 -0.3642 1.2992, -2.8382 0.3642 1.2991, -2.8382 -0.3642 1.2991, -2.8384 0.3642 1.299, -2.8384 -0.3642 1.299, -2.8385 0.3642 1.2988, -2.8385 -0.3642 1.2988, -2.8386 0.3642 1.2986, -2.8386 -0.3642 1.2986, -2.3622 -0.6094 1.2992, -2.0669 -0.6094 1.2992, -2.3622 -0.6097 1.2992, -2.0669 -0.6097 1.2992, -2.3622 -0.6098 1.2991, -2.0669 -0.6098 1.2991, -2.3622 -0.61 1.299, -2.0669 -0.61 1.299, -2.3622 -0.6101 1.2988, -2.0669 -0.6101 1.2988, -2.3622 -0.6102 1.2986, -2.0669 -0.6102 1.2986, -2.3622 -0.6102 1.2984, -2.0669 -0.6102 1.2984, -2.0669 -0.6094 1.378, -2.3622 -0.689 1.2984, -2.0669 -0.689 1.2984, -2.0669 -0.6863 1.319, -2.3622 -0.6863 1.319, -2.0669 -0.6783 1.3382, -2.3622 -0.6783 1.3382, -2.0669 -0.6657 1.3547, -2.3622 -0.6657 1.3547, -2.0669 -0.6492 1.3673, -2.3622 -0.6492 1.3673, -2.0669 -0.63 1.3752, -2.3622 -0.63 1.3752, -2.3622 -0.6094 1.378, -2.3622 -0.6102 1.1614, -2.3622 -0.689 1.1614, -2.3622 -0.5531 1.2992, -2.3622 -0.5531 1.378, -2.7677 -0.5531 1.2992, -2.7677 -0.5531 1.378, -2.7677 -0.3642 1.2992, -2.7677 -0.3642 1.378, -2.8378 -0.3642 1.378, -2.8584 -0.3642 1.3752, -2.8776 -0.3642 1.3673, -2.894 -0.3642 1.3547, -2.9067 -0.3642 1.3382, -2.9146 -0.3642 1.319, -2.9146 0.3642 1.319, -2.9067 0.3642 1.3382, -2.894 0.3642 1.3547, -2.8776 0.3642 1.3673, -2.8584 0.3642 1.3752, -2.8378 0.3642 1.378, -2.7677 0.3642 1.2992, -2.7677 0.3642 1.378, -2.7677 0.5531 1.2992, -2.7677 0.5531 1.378, -2.3622 0.5531 1.2992, -2.3622 0.5531 1.378, -2.3622 0.689 1.378, -2.3622 0.689 1.2992, -2.3568 -0.6102 1.1207, -2.3568 -0.689 1.1207, -2.3411 -0.6102 1.0827, -2.3411 -0.689 1.0827, -2.3161 -0.6102 1.0501, -2.3161 -0.689 1.0501, -2.2835 -0.6102 1.025, -2.2835 -0.689 1.025, -2.2455 -0.6102 1.0093, -2.2455 -0.689 1.0093, -2.2047 -0.6102 1.0039, -2.2047 -0.689 1.0039, -2.0642 -0.689 1.2395, -2.0669 -0.689 1.2598, -2.0086 -0.689 1.1838, -2.0276 -0.689 1.1917, -2.0439 -0.689 1.2042, -2.0564 -0.689 1.2205, -2.0669 -0.6102 1.2598, -2.0642 -0.6102 1.2395, -2.0439 -0.6102 1.2042, -2.0276 -0.6102 1.1917, -2.0564 -0.6102 1.2205, -2.0086 -0.6102 1.1838, -1.063 1.4764 0.0197, -1.2992 1.4764 0.0197, -1.063 1.4764 0.1378, -1.2992 1.4764 0.1378, -1.2992 1.0039 0.0197, -1.063 1.0039 0.0197, -1.063 0.9727 0.0221, -1.2992 0.9727 0.0221, -1.063 0.9422 0.0294, -1.2992 0.9422 0.0294, -1.063 0.9133 0.0414, -1.2992 0.9133 0.0414, -1.063 0.8865 0.0577, -1.2992 0.8865 0.0577, -1.063 0.8626 0.0779, -1.2992 0.8626 0.0779, -1.063 0.8422 0.1017, -1.2992 0.8422 0.1017, -1.063 0.8257 0.1283, -1.2992 0.8257 0.1283, -1.063 0.8136 0.1572, -1.2992 0.8136 0.1572, -1.2992 0.7671 0.2978, -1.063 0.7671 0.2978, -1.063 0.8793 0.3349, -1.2992 0.8793 0.3349, -1.2992 0.8672 0.3638, -1.063 0.8672 0.3638, -1.2992 0.8507 0.3904, -1.063 0.8507 0.3904, -1.2992 0.8303 0.4142, -1.063 0.8303 0.4142, -1.2992 0.8064 0.4345, -1.063 0.8064 0.4345, -1.2992 0.7796 0.4508, -1.063 0.7796 0.4508, -1.2992 0.7507 0.4627, -1.063 0.7507 0.4627, -1.2992 0.7202 0.47, -1.063 0.7202 0.47, -1.2992 0.689 0.4724, -1.063 0.689 0.4724, -1.063 0.9258 0.1943, -1.2992 0.9258 0.1943, -1.2992 0.9328 0.1787, -1.063 0.9328 0.1787, -1.2992 0.9429 0.1648, -1.063 0.9429 0.1648, -1.2992 0.9557 0.1534, -1.063 0.9557 0.1534, -1.2992 0.9706 0.1449, -1.063 0.9706 0.1449, -1.2992 0.9869 0.1396, -1.063 0.9869 0.1396, -1.2992 1.0039 0.1378, -1.063 1.0039 0.1378, -1.063 0.689 0.3543, -1.2992 0.689 0.3543, -1.063 0.706 0.3525, -1.2992 0.706 0.3525, -1.063 0.7223 0.3473, -1.2992 0.7223 0.3473, -1.063 0.7372 0.3387, -1.2992 0.7372 0.3387, -1.063 0.75 0.3273, -1.2992 0.75 0.3273, -1.063 0.7601 0.3135, -1.2992 0.7601 0.3135, -1.2992 0.5906 0.3543, -1.2992 0.5906 0.4724, -1.063 0.5906 0.4724, -1.063 0.5906 0.3543
            ]
        }
        coordIndex [
            0,1,2,-1,2,1,3,-1,2,3,4,-1,4,3,5,-1,4,5,6,-1,6,5,7,-1,6,7,8,-1,8,7,9,-1,8,9,10,-1,10,9,11,-1,10,11,12,-1,12,11,13,-1,12,13,14,-1,14,13,15,-1,16,17,18,-1,16,18,19,-1,19,18,20,-1,19,20,21,-1,21,20,22,-1,21,22,23,-1,23,22,24,-1,23,24,25,-1,25,24,26,-1,25,26,27,-1,27,26,28,-1,27,28,29,-1,29,28,30,-1,29,30,31,-1,31,30,14,-1,31,14,15,-1,32,33,34,-1,34,33,35,-1,32,34,36,-1,32,36,37,-1,37,36,38,-1,37,38,39,-1,39,38,40,-1,39,40,41,-1,41,40,42,-1,41,42,43,-1,43,42,44,-1,43,44,45,-1,45,44,46,-1,45,46,47,-1,47,46,48,-1,47,48,49,-1,49,48,50,-1,49,50,51,-1,52,51,53,-1,53,51,50,-1,52,53,54,-1,54,53,55,-1,54,55,0,-1,0,55,1,-1,52,54,51,-1,51,54,0,-1,51,0,49,-1,49,0,2,-1,49,2,47,-1,47,2,4,-1,56,57,17,-1,17,57,58,-1,17,58,18,-1,18,58,59,-1,18,59,20,-1,20,59,60,-1,20,60,22,-1,10,39,8,-1,8,39,41,-1,8,41,6,-1,6,41,43,-1,6,43,4,-1,4,43,45,-1,4,45,47,-1,22,60,24,-1,24,60,61,-1,24,61,26,-1,26,61,62,-1,26,62,28,-1,28,62,63,-1,28,63,30,-1,30,63,14,-1,14,63,33,-1,14,33,12,-1,12,33,32,-1,12,32,10,-1,10,32,37,-1,10,37,39,-1,35,33,64,-1,64,33,63,-1,64,63,65,-1,65,63,62,-1,65,62,66,-1,66,62,61,-1,66,61,67,-1,67,61,60,-1,67,60,68,-1,68,60,59,-1,68,59,69,-1,69,59,58,-1,55,53,1,-1,1,53,50,-1,1,50,3,-1,50,48,3,-1,3,48,46,-1,3,46,5,-1,5,46,44,-1,5,44,7,-1,7,44,42,-1,7,42,9,-1,68,21,67,-1,67,21,23,-1,67,23,66,-1,66,23,25,-1,66,25,65,-1,70,71,69,-1,69,71,16,-1,69,16,68,-1,68,16,19,-1,68,19,21,-1,25,27,65,-1,65,27,29,-1,65,29,64,-1,64,29,31,-1,64,31,35,-1,35,31,15,-1,35,15,34,-1,34,15,13,-1,34,13,36,-1,36,13,11,-1,36,11,38,-1,38,11,9,-1,38,9,40,-1,40,9,42,-1,58,57,69,-1,69,57,70,-1,17,16,56,-1,56,16,71,-1,70,57,71,-1,71,57,56,-1,72,73,74,-1,74,73,75,-1,74,75,76,-1,76,75,77,-1,76,77,78,-1,78,77,79,-1,78,79,80,-1,80,79,81,-1,80,81,82,-1,82,81,83,-1,82,83,84,-1,84,83,85,-1,84,85,86,-1,86,85,87,-1,88,89,90,-1,88,90,91,-1,91,90,92,-1,91,92,93,-1,93,92,94,-1,93,94,95,-1,95,94,96,-1,95,96,97,-1,97,96,98,-1,97,98,99,-1,99,98,100,-1,99,100,101,-1,101,100,102,-1,101,102,103,-1,103,102,86,-1,103,86,87,-1,104,105,106,-1,106,105,107,-1,104,106,108,-1,104,108,109,-1,109,108,110,-1,109,110,111,-1,111,110,112,-1,111,112,113,-1,113,112,114,-1,113,114,115,-1,115,114,116,-1,115,116,117,-1,117,116,118,-1,117,118,119,-1,119,118,120,-1,119,120,121,-1,121,120,122,-1,121,122,123,-1,124,123,125,-1,125,123,122,-1,124,125,126,-1,126,125,127,-1,126,127,72,-1,72,127,73,-1,124,126,123,-1,123,126,72,-1,123,72,121,-1,121,72,74,-1,121,74,119,-1,119,74,76,-1,128,129,89,-1,89,129,130,-1,89,130,90,-1,90,130,131,-1,90,131,92,-1,92,131,132,-1,92,132,94,-1,82,111,80,-1,80,111,113,-1,80,113,78,-1,78,113,115,-1,78,115,76,-1,76,115,117,-1,76,117,119,-1,94,132,96,-1,96,132,133,-1,96,133,98,-1,98,133,134,-1,98,134,100,-1,100,134,135,-1,100,135,102,-1,102,135,86,-1,86,135,105,-1,86,105,84,-1,84,105,104,-1,84,104,82,-1,82,104,109,-1,82,109,111,-1,107,105,136,-1,136,105,135,-1,136,135,137,-1,137,135,134,-1,137,134,138,-1,138,134,133,-1,138,133,139,-1,139,133,132,-1,139,132,140,-1,140,132,131,-1,140,131,141,-1,141,131,130,-1,127,125,73,-1,73,125,122,-1,73,122,75,-1,122,120,75,-1,75,120,118,-1,75,118,77,-1,77,118,116,-1,77,116,79,-1,79,116,114,-1,79,114,81,-1,140,93,139,-1,139,93,95,-1,139,95,138,-1,138,95,97,-1,138,97,137,-1,142,143,141,-1,141,143,88,-1,141,88,140,-1,140,88,91,-1,140,91,93,-1,97,99,137,-1,137,99,101,-1,137,101,136,-1,136,101,103,-1,136,103,107,-1,107,103,87,-1,107,87,106,-1,106,87,85,-1,106,85,108,-1,108,85,83,-1,108,83,110,-1,110,83,81,-1,110,81,112,-1,112,81,114,-1,130,129,141,-1,141,129,142,-1,89,88,128,-1,128,88,143,-1,142,129,143,-1,143,129,128,-1,144,145,146,-1,146,145,147,-1,148,145,149,-1,149,145,144,-1,148,149,150,-1,148,150,151,-1,151,150,152,-1,151,152,153,-1,153,152,154,-1,153,154,155,-1,155,154,156,-1,155,156,157,-1,157,156,158,-1,157,158,159,-1,159,158,160,-1,159,160,161,-1,161,160,162,-1,161,162,163,-1,163,162,164,-1,163,164,165,-1,166,165,167,-1,167,165,164,-1,168,169,170,-1,168,170,171,-1,171,170,172,-1,171,172,173,-1,173,172,174,-1,173,174,175,-1,175,174,176,-1,175,176,177,-1,177,176,178,-1,177,178,179,-1,179,178,180,-1,179,180,181,-1,181,180,182,-1,181,182,183,-1,183,182,184,-1,183,184,185,-1,186,187,168,-1,168,187,169,-1,187,186,188,-1,188,186,189,-1,188,189,190,-1,190,189,191,-1,190,191,192,-1,192,191,193,-1,192,193,194,-1,194,193,195,-1,194,195,196,-1,196,195,197,-1,196,197,198,-1,198,197,199,-1,146,147,199,-1,199,147,198,-1,200,201,202,-1,202,201,203,-1,202,203,204,-1,204,203,205,-1,204,205,206,-1,206,205,207,-1,206,207,208,-1,208,207,209,-1,208,209,210,-1,210,209,211,-1,210,211,167,-1,167,211,166,-1,147,145,198,-1,198,145,148,-1,198,148,196,-1,203,180,205,-1,205,180,178,-1,205,178,207,-1,207,178,176,-1,207,176,209,-1,212,213,201,-1,201,213,184,-1,201,184,203,-1,203,184,182,-1,203,182,180,-1,148,151,196,-1,196,151,153,-1,196,153,194,-1,194,153,155,-1,194,155,192,-1,192,155,157,-1,192,157,190,-1,157,159,190,-1,190,159,161,-1,190,161,188,-1,188,161,163,-1,188,163,187,-1,187,163,165,-1,187,165,169,-1,169,165,166,-1,169,166,170,-1,170,166,211,-1,170,211,172,-1,172,211,209,-1,172,209,174,-1,174,209,176,-1,195,152,197,-1,197,152,150,-1,197,150,199,-1,199,150,149,-1,199,149,146,-1,146,149,144,-1,214,215,185,-1,185,215,200,-1,185,200,183,-1,183,200,202,-1,183,202,181,-1,181,202,204,-1,181,204,179,-1,189,160,191,-1,191,160,158,-1,191,158,193,-1,193,158,156,-1,193,156,195,-1,195,156,154,-1,195,154,152,-1,179,204,177,-1,177,204,206,-1,177,206,175,-1,175,206,208,-1,175,208,173,-1,173,208,210,-1,173,210,171,-1,171,210,168,-1,168,210,167,-1,168,167,186,-1,186,167,164,-1,186,164,189,-1,189,164,162,-1,189,162,160,-1,212,201,215,-1,215,201,200,-1,214,185,213,-1,213,185,184,-1,215,214,212,-1,212,214,213,-1,216,217,218,-1,218,217,219,-1,218,219,220,-1,220,219,221,-1,220,221,222,-1,222,221,223,-1,222,223,224,-1,224,223,225,-1,224,225,226,-1,226,225,227,-1,226,227,228,-1,228,227,229,-1,228,229,230,-1,230,229,231,-1,232,233,234,-1,232,234,235,-1,235,234,236,-1,235,236,237,-1,237,236,238,-1,237,238,239,-1,239,238,240,-1,239,240,241,-1,241,240,242,-1,241,242,243,-1,243,242,244,-1,243,244,245,-1,245,244,246,-1,245,246,247,-1,247,246,230,-1,247,230,231,-1,248,249,250,-1,250,249,251,-1,248,250,252,-1,248,252,253,-1,253,252,254,-1,253,254,255,-1,255,254,256,-1,255,256,257,-1,257,256,258,-1,257,258,259,-1,259,258,260,-1,259,260,261,-1,261,260,262,-1,261,262,263,-1,263,262,264,-1,263,264,265,-1,265,264,266,-1,265,266,267,-1,268,267,269,-1,269,267,266,-1,268,269,270,-1,270,269,271,-1,270,271,216,-1,216,271,217,-1,268,270,267,-1,267,270,216,-1,267,216,265,-1,265,216,218,-1,265,218,263,-1,263,218,220,-1,272,273,233,-1,233,273,274,-1,233,274,234,-1,234,274,275,-1,234,275,236,-1,236,275,276,-1,236,276,238,-1,226,255,224,-1,224,255,257,-1,224,257,222,-1,222,257,259,-1,222,259,220,-1,220,259,261,-1,220,261,263,-1,238,276,240,-1,240,276,277,-1,240,277,242,-1,242,277,278,-1,242,278,244,-1,244,278,279,-1,244,279,246,-1,246,279,230,-1,230,279,249,-1,230,249,228,-1,228,249,248,-1,228,248,226,-1,226,248,253,-1,226,253,255,-1,251,249,280,-1,280,249,279,-1,280,279,281,-1,281,279,278,-1,281,278,282,-1,282,278,277,-1,282,277,283,-1,283,277,276,-1,283,276,284,-1,284,276,275,-1,284,275,285,-1,285,275,274,-1,271,269,217,-1,217,269,266,-1,217,266,219,-1,266,264,219,-1,219,264,262,-1,219,262,221,-1,221,262,260,-1,221,260,223,-1,223,260,258,-1,223,258,225,-1,284,237,283,-1,283,237,239,-1,283,239,282,-1,282,239,241,-1,282,241,281,-1,286,287,285,-1,285,287,232,-1,285,232,284,-1,284,232,235,-1,284,235,237,-1,241,243,281,-1,281,243,245,-1,281,245,280,-1,280,245,247,-1,280,247,251,-1,251,247,231,-1,251,231,250,-1,250,231,229,-1,250,229,252,-1,252,229,227,-1,252,227,254,-1,254,227,225,-1,254,225,256,-1,256,225,258,-1,274,273,285,-1,285,273,286,-1,233,232,272,-1,272,232,287,-1,286,273,287,-1,287,273,272,-1,288,289,290,-1,290,289,291,-1,292,293,294,-1,294,293,295,-1,294,295,296,-1,296,295,297,-1,296,297,298,-1,298,297,299,-1,298,299,300,-1,300,299,301,-1,302,303,304,-1,302,304,305,-1,305,304,306,-1,305,306,307,-1,307,306,308,-1,307,308,309,-1,309,308,300,-1,309,300,301,-1,310,303,311,-1,311,303,302,-1,312,313,314,-1,312,314,315,-1,315,314,316,-1,315,316,317,-1,317,316,318,-1,317,318,319,-1,319,318,310,-1,319,310,311,-1,313,312,320,-1,320,312,321,-1,320,321,322,-1,322,321,323,-1,322,323,324,-1,324,323,325,-1,324,325,326,-1,326,325,327,-1,328,329,330,-1,328,330,331,-1,331,330,332,-1,331,332,333,-1,333,332,334,-1,333,334,335,-1,335,334,336,-1,335,336,337,-1,338,339,340,-1,340,339,341,-1,340,341,342,-1,342,341,343,-1,342,343,344,-1,344,343,345,-1,344,345,336,-1,336,345,337,-1,346,347,338,-1,338,347,339,-1,348,349,350,-1,350,349,351,-1,350,351,352,-1,352,351,353,-1,352,353,354,-1,354,353,355,-1,354,355,346,-1,346,355,347,-1,349,348,356,-1,349,356,357,-1,357,356,358,-1,357,358,359,-1,359,358,360,-1,359,360,361,-1,361,360,362,-1,361,362,363,-1,364,365,329,-1,329,365,327,-1,329,327,330,-1,330,327,325,-1,330,325,332,-1,332,325,323,-1,332,323,334,-1,334,323,321,-1,334,321,336,-1,336,321,312,-1,336,312,344,-1,344,312,315,-1,344,315,342,-1,342,315,317,-1,342,317,340,-1,340,317,319,-1,340,319,338,-1,338,319,311,-1,338,311,346,-1,346,311,302,-1,346,302,354,-1,354,302,305,-1,354,305,352,-1,352,305,307,-1,352,307,350,-1,350,307,309,-1,350,309,348,-1,348,309,301,-1,348,301,356,-1,356,301,299,-1,356,299,358,-1,358,299,297,-1,358,297,360,-1,360,297,295,-1,360,295,362,-1,362,295,293,-1,362,293,366,-1,366,293,367,-1,368,369,370,-1,370,369,371,-1,369,372,371,-1,371,372,373,-1,372,374,373,-1,373,374,375,-1,376,377,378,-1,378,377,379,-1,378,379,374,-1,374,379,375,-1,380,381,377,-1,377,381,382,-1,377,382,379,-1,379,382,383,-1,379,383,375,-1,375,383,370,-1,375,370,373,-1,373,370,371,-1,368,370,383,-1,368,383,384,-1,384,383,382,-1,384,382,385,-1,372,369,374,-1,374,369,368,-1,374,368,378,-1,378,368,384,-1,378,384,376,-1,376,384,385,-1,376,385,386,-1,386,385,387,-1,388,386,389,-1,389,386,387,-1,390,380,377,-1,376,386,388,-1,391,392,388,-1,388,392,390,-1,388,390,376,-1,376,390,377,-1,380,390,381,-1,381,390,393,-1,389,387,385,-1,382,381,393,-1,394,395,393,-1,393,395,389,-1,393,389,382,-1,382,389,385,-1,396,397,398,-1,398,397,399,-1,398,399,400,-1,400,399,401,-1,400,401,402,-1,402,401,403,-1,402,403,404,-1,404,403,405,-1,404,405,406,-1,406,405,407,-1,406,407,364,-1,364,407,365,-1,397,396,408,-1,408,396,409,-1,408,409,410,-1,410,409,411,-1,410,411,412,-1,412,411,413,-1,412,413,414,-1,414,413,415,-1,414,415,416,-1,416,415,417,-1,416,417,418,-1,418,417,419,-1,418,419,420,-1,420,419,421,-1,420,422,418,-1,418,422,423,-1,418,423,416,-1,416,423,424,-1,416,424,414,-1,414,424,425,-1,414,425,412,-1,412,425,426,-1,412,426,410,-1,410,426,427,-1,410,427,408,-1,408,427,428,-1,429,430,431,-1,431,430,432,-1,431,432,433,-1,433,432,434,-1,433,434,435,-1,435,434,436,-1,435,436,437,-1,437,436,438,-1,437,438,439,-1,439,438,440,-1,439,440,394,-1,394,440,395,-1,441,442,443,-1,443,442,444,-1,445,443,446,-1,446,443,444,-1,447,445,448,-1,448,445,446,-1,447,448,430,-1,430,448,449,-1,430,449,432,-1,432,449,450,-1,432,450,434,-1,434,450,451,-1,434,451,436,-1,436,451,452,-1,436,452,438,-1,438,452,453,-1,438,453,440,-1,440,453,454,-1,440,454,395,-1,395,454,391,-1,395,391,389,-1,389,391,388,-1,392,391,454,-1,392,454,455,-1,455,454,453,-1,455,453,456,-1,456,453,452,-1,456,452,457,-1,457,452,451,-1,457,451,458,-1,458,451,450,-1,458,450,459,-1,459,450,449,-1,459,449,460,-1,393,390,394,-1,394,390,392,-1,394,392,439,-1,439,392,455,-1,439,455,437,-1,437,455,456,-1,437,456,435,-1,435,456,457,-1,435,457,433,-1,433,457,458,-1,433,458,431,-1,431,458,459,-1,431,459,429,-1,429,459,460,-1,429,460,461,-1,461,460,462,-1,463,461,464,-1,464,461,462,-1,465,463,466,-1,466,463,464,-1,466,467,465,-1,465,467,422,-1,409,468,469,-1,409,469,411,-1,411,469,470,-1,411,470,413,-1,413,470,471,-1,413,471,415,-1,415,471,472,-1,415,472,417,-1,417,472,473,-1,417,473,419,-1,419,473,467,-1,419,467,421,-1,421,474,420,-1,420,474,475,-1,422,467,423,-1,423,467,473,-1,423,473,424,-1,424,473,472,-1,424,472,425,-1,425,472,471,-1,425,471,426,-1,426,471,470,-1,426,470,427,-1,427,470,469,-1,427,469,428,-1,428,469,468,-1,428,468,476,-1,476,468,477,-1,478,479,480,-1,478,480,481,-1,481,480,482,-1,481,482,483,-1,483,482,484,-1,483,484,485,-1,485,484,486,-1,485,486,487,-1,487,486,488,-1,487,488,489,-1,489,488,476,-1,489,476,477,-1,402,404,478,-1,485,400,483,-1,483,400,402,-1,483,402,481,-1,481,402,478,-1,485,487,400,-1,400,487,489,-1,400,489,398,-1,398,489,477,-1,398,477,396,-1,396,477,468,-1,396,468,409,-1,329,328,364,-1,364,328,478,-1,364,478,406,-1,406,478,404,-1,397,408,428,-1,326,327,479,-1,479,327,365,-1,365,407,479,-1,479,407,405,-1,479,405,480,-1,480,405,403,-1,480,403,482,-1,482,403,401,-1,482,401,484,-1,484,401,486,-1,397,428,399,-1,399,428,476,-1,399,476,401,-1,401,476,488,-1,401,488,486,-1,474,490,475,-1,475,490,491,-1,289,288,492,-1,492,288,493,-1,494,495,493,-1,493,495,492,-1,494,290,495,-1,495,290,291,-1,490,496,491,-1,491,496,497,-1,497,496,498,-1,498,496,499,-1,500,501,502,-1,502,501,503,-1,504,500,505,-1,505,500,502,-1,506,504,507,-1,507,504,505,-1,506,507,508,-1,508,507,509,-1,508,509,510,-1,510,509,511,-1,512,513,510,-1,510,513,514,-1,510,514,508,-1,508,514,515,-1,508,515,506,-1,506,515,501,-1,506,501,504,-1,504,501,500,-1,514,516,517,-1,514,517,515,-1,515,517,503,-1,515,503,501,-1,505,502,507,-1,507,502,503,-1,507,503,509,-1,509,503,517,-1,509,517,511,-1,511,517,516,-1,511,516,518,-1,518,516,519,-1,520,518,521,-1,521,518,519,-1,522,512,510,-1,511,518,520,-1,523,524,520,-1,520,524,522,-1,520,522,511,-1,511,522,510,-1,512,522,513,-1,513,522,525,-1,521,519,516,-1,514,513,525,-1,526,527,525,-1,525,527,521,-1,525,521,514,-1,514,521,516,-1,528,529,530,-1,530,529,531,-1,530,531,532,-1,532,531,533,-1,532,533,534,-1,534,533,535,-1,534,535,536,-1,536,535,537,-1,536,537,538,-1,538,537,539,-1,538,539,526,-1,526,539,527,-1,540,541,542,-1,542,541,543,-1,542,543,544,-1,544,543,545,-1,544,545,546,-1,546,545,547,-1,546,547,548,-1,548,547,549,-1,548,549,550,-1,550,549,551,-1,550,551,552,-1,552,551,553,-1,498,499,541,-1,541,499,554,-1,555,556,557,-1,555,557,558,-1,558,557,559,-1,558,559,560,-1,560,559,561,-1,560,561,562,-1,562,561,563,-1,562,563,564,-1,564,563,565,-1,564,565,566,-1,566,565,554,-1,566,554,567,-1,568,569,552,-1,552,569,555,-1,552,555,550,-1,550,555,558,-1,550,558,548,-1,548,558,560,-1,548,560,546,-1,546,560,562,-1,546,562,544,-1,544,562,564,-1,544,564,542,-1,542,564,566,-1,542,566,540,-1,540,566,567,-1,540,567,570,-1,570,567,571,-1,572,570,573,-1,573,570,571,-1,574,572,575,-1,575,572,573,-1,574,575,529,-1,529,575,576,-1,529,576,531,-1,531,576,577,-1,531,577,533,-1,533,577,578,-1,533,578,535,-1,535,578,579,-1,535,579,537,-1,537,579,580,-1,537,580,539,-1,539,580,581,-1,539,581,527,-1,527,581,523,-1,527,523,521,-1,521,523,520,-1,524,523,581,-1,524,581,582,-1,582,581,580,-1,582,580,583,-1,583,580,579,-1,583,579,584,-1,584,579,578,-1,584,578,585,-1,585,578,577,-1,585,577,586,-1,586,577,576,-1,586,576,587,-1,525,522,526,-1,526,522,524,-1,526,524,538,-1,538,524,582,-1,538,582,536,-1,536,582,583,-1,536,583,534,-1,534,583,584,-1,534,584,532,-1,532,584,585,-1,532,585,530,-1,530,585,586,-1,530,586,528,-1,528,586,587,-1,528,587,588,-1,588,587,589,-1,590,588,591,-1,591,588,589,-1,592,590,593,-1,593,590,591,-1,593,594,592,-1,592,594,595,-1,441,595,442,-1,442,595,594,-1,421,467,466,-1,594,494,442,-1,442,494,493,-1,442,493,444,-1,587,576,589,-1,589,576,575,-1,594,593,494,-1,494,593,499,-1,494,499,290,-1,290,499,496,-1,290,496,288,-1,288,496,490,-1,288,490,493,-1,493,490,474,-1,493,474,421,-1,499,571,554,-1,554,571,567,-1,466,464,462,-1,460,449,462,-1,462,449,448,-1,593,591,499,-1,499,591,589,-1,499,589,571,-1,571,589,575,-1,571,575,573,-1,421,466,493,-1,493,466,462,-1,493,462,444,-1,444,462,448,-1,444,448,446,-1,541,540,570,-1,495,498,541,-1,443,289,441,-1,441,289,492,-1,441,492,595,-1,595,492,495,-1,595,495,592,-1,422,420,465,-1,465,420,475,-1,465,475,447,-1,498,495,497,-1,497,495,291,-1,497,291,289,-1,463,465,461,-1,461,465,447,-1,461,447,429,-1,429,447,430,-1,445,447,443,-1,443,447,475,-1,443,475,289,-1,289,475,491,-1,289,491,497,-1,570,572,574,-1,529,528,574,-1,574,528,588,-1,541,570,495,-1,495,570,574,-1,495,574,592,-1,592,574,588,-1,592,588,590,-1,569,568,596,-1,569,596,597,-1,597,596,598,-1,597,598,599,-1,599,598,600,-1,599,600,601,-1,601,600,602,-1,601,602,603,-1,603,602,604,-1,603,604,605,-1,605,604,606,-1,605,606,607,-1,607,606,363,-1,363,606,292,-1,363,292,361,-1,361,292,294,-1,361,294,359,-1,359,294,296,-1,359,296,357,-1,357,296,298,-1,357,298,349,-1,349,298,300,-1,349,300,351,-1,351,300,308,-1,351,308,353,-1,353,308,306,-1,353,306,355,-1,355,306,304,-1,355,304,347,-1,347,304,303,-1,347,303,339,-1,339,303,310,-1,339,310,341,-1,341,310,318,-1,341,318,343,-1,343,318,316,-1,343,316,345,-1,345,316,314,-1,345,314,337,-1,337,314,313,-1,337,313,335,-1,335,313,320,-1,335,320,333,-1,333,320,322,-1,333,322,331,-1,331,322,324,-1,331,324,328,-1,328,324,326,-1,328,326,478,-1,478,326,479,-1,569,608,555,-1,555,608,609,-1,555,609,556,-1,363,362,607,-1,607,362,366,-1,366,610,607,-1,607,610,611,-1,607,611,605,-1,605,611,612,-1,605,612,603,-1,603,612,613,-1,569,597,608,-1,608,597,599,-1,608,599,613,-1,613,599,601,-1,613,601,603,-1,541,554,543,-1,543,554,565,-1,543,565,545,-1,545,565,563,-1,545,563,547,-1,547,563,561,-1,547,561,549,-1,549,561,559,-1,549,559,551,-1,551,559,557,-1,551,557,553,-1,553,557,556,-1,553,556,614,-1,614,556,609,-1,596,568,615,-1,616,617,606,-1,615,568,614,-1,614,568,552,-1,614,552,553,-1,606,604,616,-1,616,604,602,-1,616,602,618,-1,618,602,600,-1,618,600,615,-1,615,600,598,-1,615,598,596,-1,293,292,367,-1,367,292,606,-1,367,606,619,-1,619,606,617,-1,366,367,610,-1,610,367,619,-1,610,619,611,-1,611,619,617,-1,611,617,612,-1,612,617,616,-1,612,616,613,-1,613,616,618,-1,613,618,608,-1,608,618,615,-1,608,615,609,-1,609,615,614,-1,620,621,622,-1,622,621,623,-1,624,621,625,-1,625,621,620,-1,624,625,626,-1,624,626,627,-1,627,626,628,-1,627,628,629,-1,629,628,630,-1,629,630,631,-1,631,630,632,-1,631,632,633,-1,633,632,634,-1,633,634,635,-1,635,634,636,-1,635,636,637,-1,637,636,638,-1,637,638,639,-1,639,638,640,-1,639,640,641,-1,642,641,643,-1,643,641,640,-1,644,645,646,-1,644,646,647,-1,647,646,648,-1,647,648,649,-1,649,648,650,-1,649,650,651,-1,651,650,652,-1,651,652,653,-1,653,652,654,-1,653,654,655,-1,655,654,656,-1,655,656,657,-1,657,656,658,-1,657,658,659,-1,659,658,660,-1,659,660,661,-1,662,663,644,-1,644,663,645,-1,663,662,664,-1,664,662,665,-1,664,665,666,-1,666,665,667,-1,666,667,668,-1,668,667,669,-1,668,669,670,-1,670,669,671,-1,670,671,672,-1,672,671,673,-1,672,673,674,-1,674,673,675,-1,622,623,675,-1,675,623,674,-1,676,677,678,-1,678,677,679,-1,678,679,680,-1,680,679,681,-1,680,681,682,-1,682,681,683,-1,682,683,684,-1,684,683,685,-1,684,685,686,-1,686,685,687,-1,686,687,643,-1,643,687,642,-1,623,621,674,-1,674,621,624,-1,674,624,672,-1,679,656,681,-1,681,656,654,-1,681,654,683,-1,683,654,652,-1,683,652,685,-1,688,689,677,-1,677,689,660,-1,677,660,679,-1,679,660,658,-1,679,658,656,-1,624,627,672,-1,672,627,629,-1,672,629,670,-1,670,629,631,-1,670,631,668,-1,668,631,633,-1,668,633,666,-1,633,635,666,-1,666,635,637,-1,666,637,664,-1,664,637,639,-1,664,639,663,-1,663,639,641,-1,663,641,645,-1,645,641,642,-1,645,642,646,-1,646,642,687,-1,646,687,648,-1,648,687,685,-1,648,685,650,-1,650,685,652,-1,671,628,673,-1,673,628,626,-1,673,626,675,-1,675,626,625,-1,675,625,622,-1,622,625,620,-1,690,691,661,-1,661,691,676,-1,661,676,659,-1,659,676,678,-1,659,678,657,-1,657,678,680,-1,657,680,655,-1,665,636,667,-1,667,636,634,-1,667,634,669,-1,669,634,632,-1,669,632,671,-1,671,632,630,-1,671,630,628,-1,655,680,653,-1,653,680,682,-1,653,682,651,-1,651,682,684,-1,651,684,649,-1,649,684,686,-1,649,686,647,-1,647,686,644,-1,644,686,643,-1,644,643,662,-1,662,643,640,-1,662,640,665,-1,665,640,638,-1,665,638,636,-1,688,677,691,-1,691,677,676,-1,690,661,689,-1,689,661,660,-1,691,690,688,-1,688,690,689,-1,
        ]
    }
}
Shape{
    appearance Appearance {
        material  Material 	{
            diffuseColor 0.2235294117647059 0.2235294117647059 0.2235294117647059
            specularColor 0.11372549019607843 0.11372549019607843 0.11372549019607843
            ambientIntensity 0.2235
            transparency 0.0
            shininess 0.5
        }
    }
    geometry IndexedFaceSet {
        ccw TRUE
        solid FALSE
        coord DEF co Coordinate {
            point [
                1.2047 -0.3937 1.2598, -1.4567 -0.3937 1.2598, 1.2047 -0.3937 0.9843, -1.4567 -0.3937 0.9843, -1.4567 0.3937 1.2598, -1.4567 0.3937 0.9843, 1.2047 0.3937 1.2598, 1.2047 0.3937 0.9843, -0.689 0.2953 1.2598, -0.0984 0.2953 1.2598, -0.689 -0.2953 1.2598, -0.0984 -0.2953 1.2598, -0.689 0.2953 2.1654, -0.0984 0.2953 2.1654, -0.0984 -0.2953 2.1654, -0.689 -0.2953 2.1654
            ]
        }
        coordIndex [
            0,1,2,-1,2,1,3,-1,1,4,3,-1,3,4,5,-1,4,6,5,-1,5,6,7,-1,4,8,9,-1,8,4,10,-1,10,4,1,-1,10,1,11,-1,11,1,0,-1,11,0,9,-1,9,0,6,-1,9,6,4,-1,2,3,7,-1,7,3,5,-1,12,13,8,-1,8,13,9,-1,13,14,9,-1,9,14,11,-1,14,15,11,-1,11,15,10,-1,15,12,10,-1,10,12,8,-1,15,14,12,-1,12,14,13,-1,7,6,2,-1,2,6,0,-1,
        ]
    }
}
Shape{
    appearance Appearance {
        material  Material 	{
            diffuseColor 0.8509803921568627 0.8509803921568627 0.8509803921568627
            specularColor 0.4235294117647059 0.4235294117647059 0.4235294117647059
            ambientIntensity 0.851
            transparency 0.0
            shininess 0.5
        }
    }
    geometry IndexedFaceSet {
        ccw TRUE
        solid FALSE
        coord DEF co Coordinate {
            point [
                -0.2756 1.4764 0.0197, -0.5118 1.4764 0.0197, -0.2756 1.4764 0.1378, -0.5118 1.4764 0.1378, -0.5118 1.0039 0.0197, -0.2756 1.0039 0.0197, -0.2756 0.9727 0.0221, -0.5118 0.9727 0.0221, -0.2756 0.9422 0.0294, -0.5118 0.9422 0.0294, -0.2756 0.9133 0.0414, -0.5118 0.9133 0.0414, -0.2756 0.8865 0.0577, -0.5118 0.8865 0.0577, -0.2756 0.8626 0.0779, -0.5118 0.8626 0.0779, -0.2756 0.8422 0.1017, -0.5118 0.8422 0.1017, -0.2756 0.8257 0.1283, -0.5118 0.8257 0.1283, -0.2756 0.8136 0.1572, -0.5118 0.8136 0.1572, -0.5118 0.7671 0.2978, -0.2756 0.7671 0.2978, -0.2756 0.8793 0.3349, -0.5118 0.8793 0.3349, -0.5118 0.8672 0.3638, -0.2756 0.8672 0.3638, -0.5118 0.8507 0.3904, -0.2756 0.8507 0.3904, -0.5118 0.8303 0.4142, -0.2756 0.8303 0.4142, -0.5118 0.8064 0.4345, -0.2756 0.8064 0.4345, -0.5118 0.7796 0.4508, -0.2756 0.7796 0.4508, -0.5118 0.7507 0.4627, -0.2756 0.7507 0.4627, -0.5118 0.7202 0.47, -0.2756 0.7202 0.47, -0.5118 0.689 0.4724, -0.2756 0.689 0.4724, -0.2756 0.9258 0.1943, -0.5118 0.9258 0.1943, -0.5118 0.9328 0.1787, -0.2756 0.9328 0.1787, -0.5118 0.9429 0.1648, -0.2756 0.9429 0.1648, -0.5118 0.9557 0.1534, -0.2756 0.9557 0.1534, -0.5118 0.9706 0.1449, -0.2756 0.9706 0.1449, -0.5118 0.9869 0.1396, -0.2756 0.9869 0.1396, -0.5118 1.0039 0.1378, -0.2756 1.0039 0.1378, -0.2756 0.689 0.3543, -0.5118 0.689 0.3543, -0.2756 0.706 0.3525, -0.5118 0.706 0.3525, -0.2756 0.7223 0.3473, -0.5118 0.7223 0.3473, -0.2756 0.7372 0.3387, -0.5118 0.7372 0.3387, -0.2756 0.75 0.3273, -0.5118 0.75 0.3273, -0.2756 0.7601 0.3135, -0.5118 0.7601 0.3135, -0.5118 0.5906 0.3543, -0.5118 0.5906 0.4724, -0.2756 0.5906 0.4724, -0.2756 0.5906 0.3543, -1.2992 -1.0039 0.1378, -1.063 -1.0039 0.1378, -1.2992 -0.9869 0.1396, -1.063 -0.9869 0.1396, -1.2992 -0.9706 0.1449, -1.063 -0.9706 0.1449, -1.2992 -0.9557 0.1534, -1.063 -0.9557 0.1534, -1.2992 -0.9429 0.1648, -1.063 -0.9429 0.1648, -1.2992 -0.9328 0.1787, -1.063 -0.9328 0.1787, -1.2992 -0.9258 0.1943, -1.063 -0.9258 0.1943, -1.2992 -0.8793 0.3349, -1.063 -0.8793 0.3349, -1.063 -0.689 0.4724, -1.2992 -0.689 0.4724, -1.2992 -0.7202 0.47, -1.063 -0.7202 0.47, -1.2992 -0.7507 0.4627, -1.063 -0.7507 0.4627, -1.2992 -0.7796 0.4508, -1.063 -0.7796 0.4508, -1.2992 -0.8064 0.4345, -1.063 -0.8064 0.4345, -1.2992 -0.8303 0.4142, -1.063 -0.8303 0.4142, -1.2992 -0.8507 0.3904, -1.063 -0.8507 0.3904, -1.2992 -0.8672 0.3638, -1.063 -0.8672 0.3638, -1.2992 -0.8136 0.1572, -1.2992 -0.7671 0.2978, -1.063 -0.8136 0.1572, -1.063 -0.7671 0.2978, -1.063 -0.8257 0.1283, -1.2992 -0.8257 0.1283, -1.063 -0.8422 0.1017, -1.2992 -0.8422 0.1017, -1.063 -0.8626 0.0779, -1.2992 -0.8626 0.0779, -1.063 -0.8865 0.0577, -1.2992 -0.8865 0.0577, -1.063 -0.9133 0.0414, -1.2992 -0.9133 0.0414, -1.063 -0.9422 0.0294, -1.2992 -0.9422 0.0294, -1.063 -0.9727 0.0221, -1.2992 -0.9727 0.0221, -1.063 -1.0039 0.0197, -1.2992 -1.0039 0.0197, -1.2992 -1.4764 0.0197, -1.063 -1.4764 0.0197, -1.2992 -1.4764 0.1378, -1.063 -1.4764 0.1378, -1.2992 -0.5906 0.4724, -1.2992 -0.5906 0.3543, -1.2992 -0.689 0.3543, -1.2992 -0.706 0.3525, -1.2992 -0.7223 0.3473, -1.2992 -0.7372 0.3387, -1.2992 -0.75 0.3273, -1.2992 -0.7601 0.3135, -1.063 -0.7601 0.3135, -1.063 -0.75 0.3273, -1.063 -0.7372 0.3387, -1.063 -0.7223 0.3473, -1.063 -0.706 0.3525, -1.063 -0.689 0.3543, -1.063 -0.5906 0.3543, -1.063 -0.5906 0.4724, -0.5118 -1.0039 0.1378, -0.2756 -1.0039 0.1378, -0.5118 -0.9869 0.1396, -0.2756 -0.9869 0.1396, -0.5118 -0.9706 0.1449, -0.2756 -0.9706 0.1449, -0.5118 -0.9557 0.1534, -0.2756 -0.9557 0.1534, -0.5118 -0.9429 0.1648, -0.2756 -0.9429 0.1648, -0.5118 -0.9328 0.1787, -0.2756 -0.9328 0.1787, -0.5118 -0.9258 0.1943, -0.2756 -0.9258 0.1943, -0.5118 -0.8793 0.3349, -0.2756 -0.8793 0.3349, -0.2756 -0.689 0.4724, -0.5118 -0.689 0.4724, -0.5118 -0.7202 0.47, -0.2756 -0.7202 0.47, -0.5118 -0.7507 0.4627, -0.2756 -0.7507 0.4627, -0.5118 -0.7796 0.4508, -0.2756 -0.7796 0.4508, -0.5118 -0.8064 0.4345, -0.2756 -0.8064 0.4345, -0.5118 -0.8303 0.4142, -0.2756 -0.8303 0.4142, -0.5118 -0.8507 0.3904, -0.2756 -0.8507 0.3904, -0.5118 -0.8672 0.3638, -0.2756 -0.8672 0.3638, -0.5118 -0.8136 0.1572, -0.5118 -0.7671 0.2978, -0.2756 -0.8136 0.1572, -0.2756 -0.7671 0.2978, -0.2756 -0.8257 0.1283, -0.5118 -0.8257 0.1283, -0.2756 -0.8422 0.1017, -0.5118 -0.8422 0.1017, -0.2756 -0.8626 0.0779, -0.5118 -0.8626 0.0779, -0.2756 -0.8865 0.0577, -0.5118 -0.8865 0.0577, -0.2756 -0.9133 0.0414, -0.5118 -0.9133 0.0414, -0.2756 -0.9422 0.0294, -0.5118 -0.9422 0.0294, -0.2756 -0.9727 0.0221, -0.5118 -0.9727 0.0221, -0.2756 -1.0039 0.0197, -0.5118 -1.0039 0.0197, -0.5118 -1.4764 0.0197, -0.2756 -1.4764 0.0197, -0.5118 -1.4764 0.1378, -0.2756 -1.4764 0.1378, -0.5118 -0.5906 0.4724, -0.5118 -0.5906 0.3543, -0.5118 -0.689 0.3543, -0.5118 -0.706 0.3525, -0.5118 -0.7223 0.3473, -0.5118 -0.7372 0.3387, -0.5118 -0.75 0.3273, -0.5118 -0.7601 0.3135, -0.2756 -0.7601 0.3135, -0.2756 -0.75 0.3273, -0.2756 -0.7372 0.3387, -0.2756 -0.7223 0.3473, -0.2756 -0.706 0.3525, -0.2756 -0.689 0.3543, -0.2756 -0.5906 0.3543, -0.2756 -0.5906 0.4724, -2.0866 -1.0039 0.1378, -1.8504 -1.0039 0.1378, -2.0866 -0.9869 0.1396, -1.8504 -0.9869 0.1396, -2.0866 -0.9706 0.1449, -1.8504 -0.9706 0.1449, -2.0866 -0.9557 0.1534, -1.8504 -0.9557 0.1534, -2.0866 -0.9429 0.1648, -1.8504 -0.9429 0.1648, -2.0866 -0.9328 0.1787, -1.8504 -0.9328 0.1787, -2.0866 -0.9258 0.1943, -1.8504 -0.9258 0.1943, -2.0866 -0.8793 0.3349, -1.8504 -0.8793 0.3349, -1.8504 -0.689 0.4724, -2.0866 -0.689 0.4724, -2.0866 -0.7202 0.47, -1.8504 -0.7202 0.47, -2.0866 -0.7507 0.4627, -1.8504 -0.7507 0.4627, -2.0866 -0.7796 0.4508, -1.8504 -0.7796 0.4508, -2.0866 -0.8064 0.4345, -1.8504 -0.8064 0.4345, -2.0866 -0.8303 0.4142, -1.8504 -0.8303 0.4142, -2.0866 -0.8507 0.3904, -1.8504 -0.8507 0.3904, -2.0866 -0.8672 0.3638, -1.8504 -0.8672 0.3638, -2.0866 -0.8136 0.1572, -2.0866 -0.7671 0.2978, -1.8504 -0.8136 0.1572, -1.8504 -0.7671 0.2978, -1.8504 -0.8257 0.1283, -2.0866 -0.8257 0.1283, -1.8504 -0.8422 0.1017, -2.0866 -0.8422 0.1017, -1.8504 -0.8626 0.0779, -2.0866 -0.8626 0.0779, -1.8504 -0.8865 0.0577, -2.0866 -0.8865 0.0577, -1.8504 -0.9133 0.0414, -2.0866 -0.9133 0.0414, -1.8504 -0.9422 0.0294, -2.0866 -0.9422 0.0294, -1.8504 -0.9727 0.0221, -2.0866 -0.9727 0.0221, -1.8504 -1.0039 0.0197, -2.0866 -1.0039 0.0197, -2.0866 -1.4764 0.0197, -1.8504 -1.4764 0.0197, -2.0866 -1.4764 0.1378, -1.8504 -1.4764 0.1378, -2.0866 -0.5906 0.4724, -2.0866 -0.5906 0.3543, -2.0866 -0.689 0.3543, -2.0866 -0.706 0.3525, -2.0866 -0.7223 0.3473, -2.0866 -0.7372 0.3387, -2.0866 -0.75 0.3273, -2.0866 -0.7601 0.3135, -1.8504 -0.7601 0.3135, -1.8504 -0.75 0.3273, -1.8504 -0.7372 0.3387, -1.8504 -0.7223 0.3473, -1.8504 -0.706 0.3525, -1.8504 -0.689 0.3543, -1.8504 -0.5906 0.3543, -1.8504 -0.5906 0.4724, -1.8504 1.4764 0.0197, -2.0866 1.4764 0.0197, -1.8504 1.4764 0.1378, -2.0866 1.4764 0.1378, -2.0866 1.0039 0.0197, -1.8504 1.0039 0.0197, -1.8504 0.9727 0.0221, -2.0866 0.9727 0.0221, -1.8504 0.9422 0.0294, -2.0866 0.9422 0.0294, -1.8504 0.9133 0.0414, -2.0866 0.9133 0.0414, -1.8504 0.8865 0.0577, -2.0866 0.8865 0.0577, -1.8504 0.8626 0.0779, -2.0866 0.8626 0.0779, -1.8504 0.8422 0.1017, -2.0866 0.8422 0.1017, -1.8504 0.8257 0.1283, -2.0866 0.8257 0.1283, -1.8504 0.8136 0.1572, -2.0866 0.8136 0.1572, -2.0866 0.7671 0.2978, -1.8504 0.7671 0.2978, -1.8504 0.8793 0.3349, -2.0866 0.8793 0.3349, -2.0866 0.8672 0.3638, -1.8504 0.8672 0.3638, -2.0866 0.8507 0.3904, -1.8504 0.8507 0.3904, -2.0866 0.8303 0.4142, -1.8504 0.8303 0.4142, -2.0866 0.8064 0.4345, -1.8504 0.8064 0.4345, -2.0866 0.7796 0.4508, -1.8504 0.7796 0.4508, -2.0866 0.7507 0.4627, -1.8504 0.7507 0.4627, -2.0866 0.7202 0.47, -1.8504 0.7202 0.47, -2.0866 0.689 0.4724, -1.8504 0.689 0.4724, -1.8504 0.9258 0.1943, -2.0866 0.9258 0.1943, -2.0866 0.9328 0.1787, -1.8504 0.9328 0.1787, -2.0866 0.9429 0.1648, -1.8504 0.9429 0.1648, -2.0866 0.9557 0.1534, -1.8504 0.9557 0.1534, -2.0866 0.9706 0.1449, -1.8504 0.9706 0.1449, -2.0866 0.9869 0.1396, -1.8504 0.9869 0.1396, -2.0866 1.0039 0.1378, -1.8504 1.0039 0.1378, -1.8504 0.689 0.3543, -2.0866 0.689 0.3543, -1.8504 0.706 0.3525, -2.0866 0.706 0.3525, -1.8504 0.7223 0.3473, -2.0866 0.7223 0.3473, -1.8504 0.7372 0.3387, -2.0866 0.7372 0.3387, -1.8504 0.75 0.3273, -2.0866 0.75 0.3273, -1.8504 0.7601 0.3135, -2.0866 0.7601 0.3135, -2.0866 0.5906 0.3543, -2.0866 0.5906 0.4724, -1.8504 0.5906 0.4724, -1.8504 0.5906 0.3543, 1.2992 1.4764 0.0197, 1.063 1.4764 0.0197, 1.2992 1.4764 0.1378, 1.063 1.4764 0.1378, 1.063 1.0039 0.0197, 1.2992 1.0039 0.0197, 1.2992 0.9727 0.0221, 1.063 0.9727 0.0221, 1.2992 0.9422 0.0294, 1.063 0.9422 0.0294, 1.2992 0.9133 0.0414, 1.063 0.9133 0.0414, 1.2992 0.8865 0.0577, 1.063 0.8865 0.0577, 1.2992 0.8626 0.0779, 1.063 0.8626 0.0779, 1.2992 0.8422 0.1017, 1.063 0.8422 0.1017, 1.2992 0.8257 0.1283, 1.063 0.8257 0.1283, 1.2992 0.8136 0.1572, 1.063 0.8136 0.1572, 1.063 0.7671 0.2978, 1.2992 0.7671 0.2978, 1.2992 0.8793 0.3349, 1.063 0.8793 0.3349, 1.063 0.8672 0.3638, 1.2992 0.8672 0.3638, 1.063 0.8507 0.3904, 1.2992 0.8507 0.3904, 1.063 0.8303 0.4142, 1.2992 0.8303 0.4142, 1.063 0.8064 0.4345, 1.2992 0.8064 0.4345, 1.063 0.7796 0.4508, 1.2992 0.7796 0.4508, 1.063 0.7507 0.4627, 1.2992 0.7507 0.4627, 1.063 0.7202 0.47, 1.2992 0.7202 0.47, 1.063 0.689 0.4724, 1.2992 0.689 0.4724, 1.2992 0.9258 0.1943, 1.063 0.9258 0.1943, 1.063 0.9328 0.1787, 1.2992 0.9328 0.1787, 1.063 0.9429 0.1648, 1.2992 0.9429 0.1648, 1.063 0.9557 0.1534, 1.2992 0.9557 0.1534, 1.063 0.9706 0.1449, 1.2992 0.9706 0.1449, 1.063 0.9869 0.1396, 1.2992 0.9869 0.1396, 1.063 1.0039 0.1378, 1.2992 1.0039 0.1378, 1.2992 0.689 0.3543, 1.063 0.689 0.3543, 1.2992 0.706 0.3525, 1.063 0.706 0.3525, 1.2992 0.7223 0.3473, 1.063 0.7223 0.3473, 1.2992 0.7372 0.3387, 1.063 0.7372 0.3387, 1.2992 0.75 0.3273, 1.063 0.75 0.3273, 1.2992 0.7601 0.3135, 1.063 0.7601 0.3135, 1.063 0.5906 0.3543, 1.063 0.5906 0.4724, 1.2992 0.5906 0.4724, 1.2992 0.5906 0.3543, 2.0866 1.4764 0.0197, 1.8504 1.4764 0.0197, 2.0866 1.4764 0.1378, 1.8504 1.4764 0.1378, 1.8504 1.0039 0.0197, 2.0866 1.0039 0.0197, 2.0866 0.9727 0.0221, 1.8504 0.9727 0.0221, 2.0866 0.9422 0.0294, 1.8504 0.9422 0.0294, 2.0866 0.9133 0.0414, 1.8504 0.9133 0.0414, 2.0866 0.8865 0.0577, 1.8504 0.8865 0.0577, 2.0866 0.8626 0.0779, 1.8504 0.8626 0.0779, 2.0866 0.8422 0.1017, 1.8504 0.8422 0.1017, 2.0866 0.8257 0.1283, 1.8504 0.8257 0.1283, 2.0866 0.8136 0.1572, 1.8504 0.8136 0.1572, 1.8504 0.7671 0.2978, 2.0866 0.7671 0.2978, 2.0866 0.8793 0.3349, 1.8504 0.8793 0.3349, 1.8504 0.8672 0.3638, 2.0866 0.8672 0.3638, 1.8504 0.8507 0.3904, 2.0866 0.8507 0.3904, 1.8504 0.8303 0.4142, 2.0866 0.8303 0.4142, 1.8504 0.8064 0.4345, 2.0866 0.8064 0.4345, 1.8504 0.7796 0.4508, 2.0866 0.7796 0.4508, 1.8504 0.7507 0.4627, 2.0866 0.7507 0.4627, 1.8504 0.7202 0.47, 2.0866 0.7202 0.47, 1.8504 0.689 0.4724, 2.0866 0.689 0.4724, 2.0866 0.9258 0.1943, 1.8504 0.9258 0.1943, 1.8504 0.9328 0.1787, 2.0866 0.9328 0.1787, 1.8504 0.9429 0.1648, 2.0866 0.9429 0.1648, 1.8504 0.9557 0.1534, 2.0866 0.9557 0.1534, 1.8504 0.9706 0.1449, 2.0866 0.9706 0.1449, 1.8504 0.9869 0.1396, 2.0866 0.9869 0.1396, 1.8504 1.0039 0.1378, 2.0866 1.0039 0.1378, 2.0866 0.689 0.3543, 1.8504 0.689 0.3543, 2.0866 0.706 0.3525, 1.8504 0.706 0.3525, 2.0866 0.7223 0.3473, 1.8504 0.7223 0.3473, 2.0866 0.7372 0.3387, 1.8504 0.7372 0.3387, 2.0866 0.75 0.3273, 1.8504 0.75 0.3273, 2.0866 0.7601 0.3135, 1.8504 0.7601 0.3135, 1.8504 0.5906 0.3543, 1.8504 0.5906 0.4724, 2.0866 0.5906 0.4724, 2.0866 0.5906 0.3543
            ]
        }
        coordIndex [
            0,1,2,-1,2,1,3,-1,4,1,5,-1,5,1,0,-1,4,5,6,-1,4,6,7,-1,7,6,8,-1,7,8,9,-1,9,8,10,-1,9,10,11,-1,11,10,12,-1,11,12,13,-1,13,12,14,-1,13,14,15,-1,15,14,16,-1,15,16,17,-1,17,16,18,-1,17,18,19,-1,19,18,20,-1,19,20,21,-1,22,21,23,-1,23,21,20,-1,24,25,26,-1,24,26,27,-1,27,26,28,-1,27,28,29,-1,29,28,30,-1,29,30,31,-1,31,30,32,-1,31,32,33,-1,33,32,34,-1,33,34,35,-1,35,34,36,-1,35,36,37,-1,37,36,38,-1,37,38,39,-1,39,38,40,-1,39,40,41,-1,42,43,24,-1,24,43,25,-1,43,42,44,-1,44,42,45,-1,44,45,46,-1,46,45,47,-1,46,47,48,-1,48,47,49,-1,48,49,50,-1,50,49,51,-1,50,51,52,-1,52,51,53,-1,52,53,54,-1,54,53,55,-1,2,3,55,-1,55,3,54,-1,56,57,58,-1,58,57,59,-1,58,59,60,-1,60,59,61,-1,60,61,62,-1,62,61,63,-1,62,63,64,-1,64,63,65,-1,64,65,66,-1,66,65,67,-1,66,67,23,-1,23,67,22,-1,3,1,54,-1,54,1,4,-1,54,4,52,-1,59,36,61,-1,61,36,34,-1,61,34,63,-1,63,34,32,-1,63,32,65,-1,68,69,57,-1,57,69,40,-1,57,40,59,-1,59,40,38,-1,59,38,36,-1,4,7,52,-1,52,7,9,-1,52,9,50,-1,50,9,11,-1,50,11,48,-1,48,11,13,-1,48,13,46,-1,13,15,46,-1,46,15,17,-1,46,17,44,-1,44,17,19,-1,44,19,43,-1,43,19,21,-1,43,21,25,-1,25,21,22,-1,25,22,26,-1,26,22,67,-1,26,67,28,-1,28,67,65,-1,28,65,30,-1,30,65,32,-1,51,8,53,-1,53,8,6,-1,53,6,55,-1,55,6,5,-1,55,5,2,-1,2,5,0,-1,70,71,41,-1,41,71,56,-1,41,56,39,-1,39,56,58,-1,39,58,37,-1,37,58,60,-1,37,60,35,-1,45,16,47,-1,47,16,14,-1,47,14,49,-1,49,14,12,-1,49,12,51,-1,51,12,10,-1,51,10,8,-1,35,60,33,-1,33,60,62,-1,33,62,31,-1,31,62,64,-1,31,64,29,-1,29,64,66,-1,29,66,27,-1,27,66,24,-1,24,66,23,-1,24,23,42,-1,42,23,20,-1,42,20,45,-1,45,20,18,-1,45,18,16,-1,68,57,71,-1,71,57,56,-1,70,41,69,-1,69,41,40,-1,71,70,68,-1,68,70,69,-1,72,73,74,-1,74,73,75,-1,74,75,76,-1,76,75,77,-1,76,77,78,-1,78,77,79,-1,78,79,80,-1,80,79,81,-1,80,81,82,-1,82,81,83,-1,82,83,84,-1,84,83,85,-1,84,85,86,-1,86,85,87,-1,88,89,90,-1,88,90,91,-1,91,90,92,-1,91,92,93,-1,93,92,94,-1,93,94,95,-1,95,94,96,-1,95,96,97,-1,97,96,98,-1,97,98,99,-1,99,98,100,-1,99,100,101,-1,101,100,102,-1,101,102,103,-1,103,102,86,-1,103,86,87,-1,104,105,106,-1,106,105,107,-1,104,106,108,-1,104,108,109,-1,109,108,110,-1,109,110,111,-1,111,110,112,-1,111,112,113,-1,113,112,114,-1,113,114,115,-1,115,114,116,-1,115,116,117,-1,117,116,118,-1,117,118,119,-1,119,118,120,-1,119,120,121,-1,121,120,122,-1,121,122,123,-1,124,123,125,-1,125,123,122,-1,124,125,126,-1,126,125,127,-1,126,127,72,-1,72,127,73,-1,124,126,123,-1,123,126,72,-1,123,72,121,-1,121,72,74,-1,121,74,119,-1,119,74,76,-1,128,129,89,-1,89,129,130,-1,89,130,90,-1,90,130,131,-1,90,131,92,-1,92,131,132,-1,92,132,94,-1,82,111,80,-1,80,111,113,-1,80,113,78,-1,78,113,115,-1,78,115,76,-1,76,115,117,-1,76,117,119,-1,94,132,96,-1,96,132,133,-1,96,133,98,-1,98,133,134,-1,98,134,100,-1,100,134,135,-1,100,135,102,-1,102,135,86,-1,86,135,105,-1,86,105,84,-1,84,105,104,-1,84,104,82,-1,82,104,109,-1,82,109,111,-1,107,105,136,-1,136,105,135,-1,136,135,137,-1,137,135,134,-1,137,134,138,-1,138,134,133,-1,138,133,139,-1,139,133,132,-1,139,132,140,-1,140,132,131,-1,140,131,141,-1,141,131,130,-1,127,125,73,-1,73,125,122,-1,73,122,75,-1,122,120,75,-1,75,120,118,-1,75,118,77,-1,77,118,116,-1,77,116,79,-1,79,116,114,-1,79,114,81,-1,140,93,139,-1,139,93,95,-1,139,95,138,-1,138,95,97,-1,138,97,137,-1,142,143,141,-1,141,143,88,-1,141,88,140,-1,140,88,91,-1,140,91,93,-1,97,99,137,-1,137,99,101,-1,137,101,136,-1,136,101,103,-1,136,103,107,-1,107,103,87,-1,107,87,106,-1,106,87,85,-1,106,85,108,-1,108,85,83,-1,108,83,110,-1,110,83,81,-1,110,81,112,-1,112,81,114,-1,130,129,141,-1,141,129,142,-1,89,88,128,-1,128,88,143,-1,142,129,143,-1,143,129,128,-1,144,145,146,-1,146,145,147,-1,146,147,148,-1,148,147,149,-1,148,149,150,-1,150,149,151,-1,150,151,152,-1,152,151,153,-1,152,153,154,-1,154,153,155,-1,154,155,156,-1,156,155,157,-1,156,157,158,-1,158,157,159,-1,160,161,162,-1,160,162,163,-1,163,162,164,-1,163,164,165,-1,165,164,166,-1,165,166,167,-1,167,166,168,-1,167,168,169,-1,169,168,170,-1,169,170,171,-1,171,170,172,-1,171,172,173,-1,173,172,174,-1,173,174,175,-1,175,174,158,-1,175,158,159,-1,176,177,178,-1,178,177,179,-1,176,178,180,-1,176,180,181,-1,181,180,182,-1,181,182,183,-1,183,182,184,-1,183,184,185,-1,185,184,186,-1,185,186,187,-1,187,186,188,-1,187,188,189,-1,189,188,190,-1,189,190,191,-1,191,190,192,-1,191,192,193,-1,193,192,194,-1,193,194,195,-1,196,195,197,-1,197,195,194,-1,196,197,198,-1,198,197,199,-1,198,199,144,-1,144,199,145,-1,196,198,195,-1,195,198,144,-1,195,144,193,-1,193,144,146,-1,193,146,191,-1,191,146,148,-1,200,201,161,-1,161,201,202,-1,161,202,162,-1,162,202,203,-1,162,203,164,-1,164,203,204,-1,164,204,166,-1,154,183,152,-1,152,183,185,-1,152,185,150,-1,150,185,187,-1,150,187,148,-1,148,187,189,-1,148,189,191,-1,166,204,168,-1,168,204,205,-1,168,205,170,-1,170,205,206,-1,170,206,172,-1,172,206,207,-1,172,207,174,-1,174,207,158,-1,158,207,177,-1,158,177,156,-1,156,177,176,-1,156,176,154,-1,154,176,181,-1,154,181,183,-1,179,177,208,-1,208,177,207,-1,208,207,209,-1,209,207,206,-1,209,206,210,-1,210,206,205,-1,210,205,211,-1,211,205,204,-1,211,204,212,-1,212,204,203,-1,212,203,213,-1,213,203,202,-1,199,197,145,-1,145,197,194,-1,145,194,147,-1,194,192,147,-1,147,192,190,-1,147,190,149,-1,149,190,188,-1,149,188,151,-1,151,188,186,-1,151,186,153,-1,212,165,211,-1,211,165,167,-1,211,167,210,-1,210,167,169,-1,210,169,209,-1,214,215,213,-1,213,215,160,-1,213,160,212,-1,212,160,163,-1,212,163,165,-1,169,171,209,-1,209,171,173,-1,209,173,208,-1,208,173,175,-1,208,175,179,-1,179,175,159,-1,179,159,178,-1,178,159,157,-1,178,157,180,-1,180,157,155,-1,180,155,182,-1,182,155,153,-1,182,153,184,-1,184,153,186,-1,202,201,213,-1,213,201,214,-1,161,160,200,-1,200,160,215,-1,214,201,215,-1,215,201,200,-1,216,217,218,-1,218,217,219,-1,218,219,220,-1,220,219,221,-1,220,221,222,-1,222,221,223,-1,222,223,224,-1,224,223,225,-1,224,225,226,-1,226,225,227,-1,226,227,228,-1,228,227,229,-1,228,229,230,-1,230,229,231,-1,232,233,234,-1,232,234,235,-1,235,234,236,-1,235,236,237,-1,237,236,238,-1,237,238,239,-1,239,238,240,-1,239,240,241,-1,241,240,242,-1,241,242,243,-1,243,242,244,-1,243,244,245,-1,245,244,246,-1,245,246,247,-1,247,246,230,-1,247,230,231,-1,248,249,250,-1,250,249,251,-1,248,250,252,-1,248,252,253,-1,253,252,254,-1,253,254,255,-1,255,254,256,-1,255,256,257,-1,257,256,258,-1,257,258,259,-1,259,258,260,-1,259,260,261,-1,261,260,262,-1,261,262,263,-1,263,262,264,-1,263,264,265,-1,265,264,266,-1,265,266,267,-1,268,267,269,-1,269,267,266,-1,268,269,270,-1,270,269,271,-1,270,271,216,-1,216,271,217,-1,268,270,267,-1,267,270,216,-1,267,216,265,-1,265,216,218,-1,265,218,263,-1,263,218,220,-1,272,273,233,-1,233,273,274,-1,233,274,234,-1,234,274,275,-1,234,275,236,-1,236,275,276,-1,236,276,238,-1,226,255,224,-1,224,255,257,-1,224,257,222,-1,222,257,259,-1,222,259,220,-1,220,259,261,-1,220,261,263,-1,238,276,240,-1,240,276,277,-1,240,277,242,-1,242,277,278,-1,242,278,244,-1,244,278,279,-1,244,279,246,-1,246,279,230,-1,230,279,249,-1,230,249,228,-1,228,249,248,-1,228,248,226,-1,226,248,253,-1,226,253,255,-1,251,249,280,-1,280,249,279,-1,280,279,281,-1,281,279,278,-1,281,278,282,-1,282,278,277,-1,282,277,283,-1,283,277,276,-1,283,276,284,-1,284,276,275,-1,284,275,285,-1,285,275,274,-1,271,269,217,-1,217,269,266,-1,217,266,219,-1,266,264,219,-1,219,264,262,-1,219,262,221,-1,221,262,260,-1,221,260,223,-1,223,260,258,-1,223,258,225,-1,284,237,283,-1,283,237,239,-1,283,239,282,-1,282,239,241,-1,282,241,281,-1,286,287,285,-1,285,287,232,-1,285,232,284,-1,284,232,235,-1,284,235,237,-1,241,243,281,-1,281,243,245,-1,281,245,280,-1,280,245,247,-1,280,247,251,-1,251,247,231,-1,251,231,250,-1,250,231,229,-1,250,229,252,-1,252,229,227,-1,252,227,254,-1,254,227,225,-1,254,225,256,-1,256,225,258,-1,274,273,285,-1,285,273,286,-1,233,232,272,-1,272,232,287,-1,286,273,287,-1,287,273,272,-1,288,289,290,-1,290,289,291,-1,292,289,293,-1,293,289,288,-1,292,293,294,-1,292,294,295,-1,295,294,296,-1,295,296,297,-1,297,296,298,-1,297,298,299,-1,299,298,300,-1,299,300,301,-1,301,300,302,-1,301,302,303,-1,303,302,304,-1,303,304,305,-1,305,304,306,-1,305,306,307,-1,307,306,308,-1,307,308,309,-1,310,309,311,-1,311,309,308,-1,312,313,314,-1,312,314,315,-1,315,314,316,-1,315,316,317,-1,317,316,318,-1,317,318,319,-1,319,318,320,-1,319,320,321,-1,321,320,322,-1,321,322,323,-1,323,322,324,-1,323,324,325,-1,325,324,326,-1,325,326,327,-1,327,326,328,-1,327,328,329,-1,330,331,312,-1,312,331,313,-1,331,330,332,-1,332,330,333,-1,332,333,334,-1,334,333,335,-1,334,335,336,-1,336,335,337,-1,336,337,338,-1,338,337,339,-1,338,339,340,-1,340,339,341,-1,340,341,342,-1,342,341,343,-1,290,291,343,-1,343,291,342,-1,344,345,346,-1,346,345,347,-1,346,347,348,-1,348,347,349,-1,348,349,350,-1,350,349,351,-1,350,351,352,-1,352,351,353,-1,352,353,354,-1,354,353,355,-1,354,355,311,-1,311,355,310,-1,291,289,342,-1,342,289,292,-1,342,292,340,-1,347,324,349,-1,349,324,322,-1,349,322,351,-1,351,322,320,-1,351,320,353,-1,356,357,345,-1,345,357,328,-1,345,328,347,-1,347,328,326,-1,347,326,324,-1,292,295,340,-1,340,295,297,-1,340,297,338,-1,338,297,299,-1,338,299,336,-1,336,299,301,-1,336,301,334,-1,301,303,334,-1,334,303,305,-1,334,305,332,-1,332,305,307,-1,332,307,331,-1,331,307,309,-1,331,309,313,-1,313,309,310,-1,313,310,314,-1,314,310,355,-1,314,355,316,-1,316,355,353,-1,316,353,318,-1,318,353,320,-1,339,296,341,-1,341,296,294,-1,341,294,343,-1,343,294,293,-1,343,293,290,-1,290,293,288,-1,358,359,329,-1,329,359,344,-1,329,344,327,-1,327,344,346,-1,327,346,325,-1,325,346,348,-1,325,348,323,-1,333,304,335,-1,335,304,302,-1,335,302,337,-1,337,302,300,-1,337,300,339,-1,339,300,298,-1,339,298,296,-1,323,348,321,-1,321,348,350,-1,321,350,319,-1,319,350,352,-1,319,352,317,-1,317,352,354,-1,317,354,315,-1,315,354,312,-1,312,354,311,-1,312,311,330,-1,330,311,308,-1,330,308,333,-1,333,308,306,-1,333,306,304,-1,356,345,359,-1,359,345,344,-1,358,329,357,-1,357,329,328,-1,359,358,356,-1,356,358,357,-1,360,361,362,-1,362,361,363,-1,364,361,365,-1,365,361,360,-1,364,365,366,-1,364,366,367,-1,367,366,368,-1,367,368,369,-1,369,368,370,-1,369,370,371,-1,371,370,372,-1,371,372,373,-1,373,372,374,-1,373,374,375,-1,375,374,376,-1,375,376,377,-1,377,376,378,-1,377,378,379,-1,379,378,380,-1,379,380,381,-1,382,381,383,-1,383,381,380,-1,384,385,386,-1,384,386,387,-1,387,386,388,-1,387,388,389,-1,389,388,390,-1,389,390,391,-1,391,390,392,-1,391,392,393,-1,393,392,394,-1,393,394,395,-1,395,394,396,-1,395,396,397,-1,397,396,398,-1,397,398,399,-1,399,398,400,-1,399,400,401,-1,402,403,384,-1,384,403,385,-1,403,402,404,-1,404,402,405,-1,404,405,406,-1,406,405,407,-1,406,407,408,-1,408,407,409,-1,408,409,410,-1,410,409,411,-1,410,411,412,-1,412,411,413,-1,412,413,414,-1,414,413,415,-1,362,363,415,-1,415,363,414,-1,416,417,418,-1,418,417,419,-1,418,419,420,-1,420,419,421,-1,420,421,422,-1,422,421,423,-1,422,423,424,-1,424,423,425,-1,424,425,426,-1,426,425,427,-1,426,427,383,-1,383,427,382,-1,363,361,414,-1,414,361,364,-1,414,364,412,-1,419,396,421,-1,421,396,394,-1,421,394,423,-1,423,394,392,-1,423,392,425,-1,428,429,417,-1,417,429,400,-1,417,400,419,-1,419,400,398,-1,419,398,396,-1,364,367,412,-1,412,367,369,-1,412,369,410,-1,410,369,371,-1,410,371,408,-1,408,371,373,-1,408,373,406,-1,373,375,406,-1,406,375,377,-1,406,377,404,-1,404,377,379,-1,404,379,403,-1,403,379,381,-1,403,381,385,-1,385,381,382,-1,385,382,386,-1,386,382,427,-1,386,427,388,-1,388,427,425,-1,388,425,390,-1,390,425,392,-1,411,368,413,-1,413,368,366,-1,413,366,415,-1,415,366,365,-1,415,365,362,-1,362,365,360,-1,430,431,401,-1,401,431,416,-1,401,416,399,-1,399,416,418,-1,399,418,397,-1,397,418,420,-1,397,420,395,-1,405,376,407,-1,407,376,374,-1,407,374,409,-1,409,374,372,-1,409,372,411,-1,411,372,370,-1,411,370,368,-1,395,420,393,-1,393,420,422,-1,393,422,391,-1,391,422,424,-1,391,424,389,-1,389,424,426,-1,389,426,387,-1,387,426,384,-1,384,426,383,-1,384,383,402,-1,402,383,380,-1,402,380,405,-1,405,380,378,-1,405,378,376,-1,428,417,431,-1,431,417,416,-1,430,401,429,-1,429,401,400,-1,431,430,428,-1,428,430,429,-1,432,433,434,-1,434,433,435,-1,436,433,437,-1,437,433,432,-1,436,437,438,-1,436,438,439,-1,439,438,440,-1,439,440,441,-1,441,440,442,-1,441,442,443,-1,443,442,444,-1,443,444,445,-1,445,444,446,-1,445,446,447,-1,447,446,448,-1,447,448,449,-1,449,448,450,-1,449,450,451,-1,451,450,452,-1,451,452,453,-1,454,453,455,-1,455,453,452,-1,456,457,458,-1,456,458,459,-1,459,458,460,-1,459,460,461,-1,461,460,462,-1,461,462,463,-1,463,462,464,-1,463,464,465,-1,465,464,466,-1,465,466,467,-1,467,466,468,-1,467,468,469,-1,469,468,470,-1,469,470,471,-1,471,470,472,-1,471,472,473,-1,474,475,456,-1,456,475,457,-1,475,474,476,-1,476,474,477,-1,476,477,478,-1,478,477,479,-1,478,479,480,-1,480,479,481,-1,480,481,482,-1,482,481,483,-1,482,483,484,-1,484,483,485,-1,484,485,486,-1,486,485,487,-1,434,435,487,-1,487,435,486,-1,488,489,490,-1,490,489,491,-1,490,491,492,-1,492,491,493,-1,492,493,494,-1,494,493,495,-1,494,495,496,-1,496,495,497,-1,496,497,498,-1,498,497,499,-1,498,499,455,-1,455,499,454,-1,435,433,486,-1,486,433,436,-1,486,436,484,-1,491,468,493,-1,493,468,466,-1,493,466,495,-1,495,466,464,-1,495,464,497,-1,500,501,489,-1,489,501,472,-1,489,472,491,-1,491,472,470,-1,491,470,468,-1,436,439,484,-1,484,439,441,-1,484,441,482,-1,482,441,443,-1,482,443,480,-1,480,443,445,-1,480,445,478,-1,445,447,478,-1,478,447,449,-1,478,449,476,-1,476,449,451,-1,476,451,475,-1,475,451,453,-1,475,453,457,-1,457,453,454,-1,457,454,458,-1,458,454,499,-1,458,499,460,-1,460,499,497,-1,460,497,462,-1,462,497,464,-1,483,440,485,-1,485,440,438,-1,485,438,487,-1,487,438,437,-1,487,437,434,-1,434,437,432,-1,502,503,473,-1,473,503,488,-1,473,488,471,-1,471,488,490,-1,471,490,469,-1,469,490,492,-1,469,492,467,-1,477,448,479,-1,479,448,446,-1,479,446,481,-1,481,446,444,-1,481,444,483,-1,483,444,442,-1,483,442,440,-1,467,492,465,-1,465,492,494,-1,465,494,463,-1,463,494,496,-1,463,496,461,-1,461,496,498,-1,461,498,459,-1,459,498,456,-1,456,498,455,-1,456,455,474,-1,474,455,452,-1,474,452,477,-1,477,452,450,-1,477,450,448,-1,500,489,503,-1,503,489,488,-1,502,473,501,-1,501,473,472,-1,503,502,500,-1,500,502,501,-1,
        ]
    }
}
Shape{
    appearance Appearance {
        material  Material 	{
            diffuseColor 0.2235294117647059 0.2235294117647059 0.2235294117647059
            specularColor 0.11372549019607843 0.11372549019607843 0.11372549019607843
            ambientIntensity 0.2235
            transparency 0.0
            shininess 0.5
        }
    }
    geometry IndexedFaceSet {
        ccw TRUE
        solid FALSE
        coord DEF co Coordinate {
            point [
                -0.1629 0.689 0.9967, -0.1642 0.689 0.9858, -0.1663 0.689 1.0261, 0.1144 0.689 0.9448, 0.1144 0.689 0.9219, 0.037 0.689 0.9219, 0.0322 0.689 0.9219, 0.0322 0.689 0.8987, -0.021 0.689 0.8987, -0.0921 0.689 0.8079, -0.0966 0.689 0.8183, -0.0912 0.689 0.8325, -0.0145 0.689 0.9456, -0.0048 0.689 0.9448, -0.021 0.689 0.9448, 0.0054 0.689 1.026, 0.0042 0.689 1.0261, 0.0322 0.689 1.0261, 0.1472 0.689 0.8972, 0.1144 0.689 0.8972, 0.1144 0.689 0.8987, 0.3775 0.689 0.8972, 0.3077 0.689 0.8972, 0.3047 0.689 0.8987, 0.3648 0.689 1.0365, 0.3594 0.689 1.0385, 2.9104 0.689 1.0385, 2.7953 0.689 1.378, 2.8432 0.689 1.3395, 0.1831 0.689 0.9648, 0.1677 0.689 0.9517, 0.1144 0.689 1.0261, 0.2428 0.689 1.0261, 0.2331 0.689 1.0195, 0.2144 0.689 0.9975, 0.2027 0.689 0.9743, 0.2 0.689 0.9734, 0.2583 0.689 1.0367, 0.1144 0.689 1.0385, 0.2633 0.689 1.0385, 2.3819 0.689 1.378, 2.3819 0.689 1.2992, 0.1144 0.689 1.2992, 0.3103 0.689 1.0497, 0.2867 0.689 1.047, 0.3385 0.689 1.0464, 2.9132 0.689 1.0261, 0.381 0.689 1.0261, 0.3788 0.689 1.0279, 0.4396 0.689 1.0017, 0.4171 0.689 1.0043, 0.3923 0.689 1.0166, 0.4106 0.689 1.0039, 0.404 0.689 1.0031, 0.4828 0.689 0.9774, 0.4789 0.689 0.981, 0.4607 0.689 0.9936, 2.9313 0.689 0.9448, 2.9331 0.689 0.937, 2.8346 0.689 0.937, 2.8346 0.689 0.8972, 0.5084 0.689 0.8987, 2.8346 0.689 0.8987, 0.51 0.689 0.9127, 2.8346 0.689 0.9219, 0.5098 0.689 0.9182, 0.5091 0.689 0.9219, 0.5058 0.689 0.9395, 0.5035 0.689 0.9448, 0.4966 0.689 0.96, 0.2608 0.689 0.8536, 0.2569 0.689 0.8552, 0.25 0.689 0.8875, 0.4689 0.689 0.8352, 0.4865 0.689 0.8505, 2.8346 0.689 0.4724, 0.2644 0.689 0.8512, 0.4994 0.689 0.8691, 0.5074 0.689 0.8904, 0.5082 0.689 0.8972, 0.2525 0.689 0.8557, 0.252 0.689 0.8556, 0.2503 0.689 0.8553, 0.2703 0.689 0.8382, 0.2701 0.689 0.8404, 0.33 0.689 0.846, 0.2689 0.689 0.8447, 0.2667 0.689 0.8486, 0.2571 0.689 0.8209, 0.2609 0.689 0.8224, 0.3339 0.689 0.8203, 0.2645 0.689 0.8251, 0.2658 0.689 0.8265, 0.2683 0.689 0.83, 0.2698 0.689 0.8339, 0.3304 0.689 0.8343, 0.33 0.689 0.8403, 0.4271 0.689 0.8001, 0.4355 0.689 0.8106, 0.1569 0.689 0.8611, 0.1683 0.689 0.8454, 0.1144 0.689 0.4724, 0.194 0.689 0.869, 0.1876 0.689 0.8778, 0.1836 0.689 0.8879, 0.2556 0.689 0.8972, 0.4412 0.689 0.8229, 0.4484 0.689 0.8251, 0.1496 0.689 0.8791, 0.2491 0.689 0.8551, 0.2235 0.689 0.8549, 0.2132 0.689 0.8568, 0.3494 0.689 0.798, 0.3608 0.689 0.7902, 0.3736 0.689 0.7854, 0.3874 0.689 0.7838, 0.2031 0.689 0.8614, 0.1947 0.689 0.8682, 0.1839 0.689 0.8324, 0.2013 0.689 0.824, 0.2203 0.689 0.8202, 0.3895 0.689 0.7838, 0.403 0.689 0.786, 0.4161 0.689 0.7916, 0.3407 0.689 0.8076, 0.2539 0.689 0.8204, 0.1824 0.689 0.8972, 0.1822 0.689 0.8987, 0.2564 0.689 0.8987, 0.1822 0.689 0.899, 0.4718 0.689 0.8987, 0.4735 0.689 0.9048, 0.2674 0.689 0.9178, 0.4741 0.689 0.9136, 0.4731 0.689 0.9219, 0.1824 0.689 0.9041, 0.185 0.689 0.915, 0.1887 0.689 0.9219, 0.3659 0.689 0.8942, 0.3539 0.689 0.8877, 0.344 0.689 0.8785, 0.4128 0.689 0.8919, 0.4002 0.689 0.8966, 0.4713 0.689 0.8972, 0.3953 0.689 0.8972, 0.3866 0.689 0.8982, 0.3797 0.689 0.8977, 0.4695 0.689 0.8908, 0.434 0.689 0.8732, 0.4245 0.689 0.8839, 0.4628 0.689 0.8793, 0.4527 0.689 0.8687, 0.4403 0.689 0.861, 0.2308 0.689 0.9438, 0.4674 0.689 0.9401, 0.4723 0.689 0.9274, 0.2263 0.689 0.9437, 0.1903 0.689 0.9249, 0.1967 0.689 0.9322, 0.2055 0.689 0.9384, 0.2154 0.689 0.9423, 0.2429 0.689 0.9781, 0.2556 0.689 0.9935, 0.3867 0.689 0.9614, 0.257 0.689 0.9948, 0.2729 0.689 1.006, 0.3779 0.689 0.9793, 0.464 0.689 0.9448, 0.3906 0.689 0.9636, 0.231 0.689 0.9448, 0.2342 0.689 0.9597, 0.4034 0.689 0.9684, 0.4168 0.689 0.9701, 0.4228 0.689 0.9699, 0.365 0.689 0.9945, 0.2907 0.689 1.013, 0.3497 0.689 1.0055, 0.31 0.689 1.0155, 0.331 0.689 1.0129, 0.4369 0.689 0.9666, 0.4496 0.689 0.96, 0.4594 0.689 0.9513, 0.1494 0.689 0.918, 0.1469 0.689 0.8993, 0.147 0.689 0.8987, 0.1509 0.689 0.9219, 0.1562 0.689 0.9354, 0.1628 0.689 0.9448, -0.1905 0.689 0.8972, -0.1905 0.689 0.4724, -0.1981 0.689 0.8175, -0.2656 0.689 0.4724, -0.2609 0.689 0.8427, -0.2567 0.689 0.8346, -0.2201 0.689 0.8173, -0.2336 0.689 0.8188, -0.2656 0.689 0.8987, -0.2242 0.689 0.8972, -0.2656 0.689 0.8972, -0.2352 0.689 0.8956, -0.2446 0.689 0.8916, -0.2513 0.689 0.8283, -0.2427 0.689 0.8223, -0.2594 0.689 0.8767, -0.2623 0.689 0.869, -0.2635 0.689 0.8581, -0.2631 0.689 0.8519, -0.2517 0.689 0.8866, -0.2545 0.689 0.8837, -0.1986 0.689 0.8972, -0.1986 0.689 0.8975, -0.1905 0.689 0.8987, -0.2215 0.689 0.8974, -0.2231 0.689 0.8973, 0.0401 0.689 0.89, 0.071 0.689 0.8902, 0.0712 0.689 0.8646, 0.0388 0.689 0.8192, 0.0819 0.689 0.8195, 0.037 0.689 0.8972, 0.0426 0.689 0.8644, 0.0426 0.689 0.8552, 0.0713 0.689 0.8554, 0.0715 0.689 0.8285, 0.0387 0.689 0.8283, 0.037 0.689 0.4724, 0.0401 0.689 0.8972, 0.037 0.689 0.8987, 0.0401 0.689 0.8987, 0.0401 0.689 0.8992, 0.0813 0.689 0.8995, 0.0813 0.689 0.8987, 0.0813 0.689 0.8972, -0.1905 0.689 1.0261, -0.1994 0.689 1.0246, -0.2104 0.689 1.0245, -0.1683 0.689 0.9447, -0.1683 0.689 0.9448, -0.1663 0.689 0.9448, -0.1905 0.689 1.0018, -0.1663 0.689 0.9219, -0.1797 0.689 0.9446, -0.1905 0.689 0.9219, -0.1798 0.689 0.9448, -0.1905 0.689 0.9448, -0.1905 0.689 0.9665, -0.1876 0.689 0.9665, -0.2209 0.689 0.9662, -0.2288 0.689 0.9448, -0.2289 0.689 0.9443, -0.2404 0.689 0.9442, -0.2656 0.689 0.9219, -0.2402 0.689 0.9448, -0.2656 0.689 0.9448, -0.2656 0.689 1.0261, -0.0718 0.689 1.0261, -0.0718 0.689 1.0255, -0.0823 0.689 1.0254, -0.0718 0.689 0.9906, -0.0798 0.689 0.9906, -0.0822 0.689 1.0162, -0.0912 0.689 1.0261, -0.0912 0.689 0.9448, -0.0797 0.689 0.9814, -0.0718 0.689 1.0163, -0.0513 0.689 1.0164, -0.0512 0.689 0.9908, -0.0405 0.689 0.9456, -0.0354 0.689 0.9448, -0.0718 0.689 0.9448, -0.0511 0.689 0.9816, -0.0509 0.689 0.9547, -0.0718 0.689 0.9815, -0.0718 0.689 0.9545, -0.0836 0.689 0.9544, -0.0836 0.689 0.9453, -0.0718 0.689 0.9454, -0.0411 0.689 1.0257, -0.0354 0.689 1.0261, -0.021 0.689 1.0261, -0.021 0.689 1.0251, -0.025 0.689 1.0239, -0.025 0.689 1.0131, -0.0246 0.689 0.9589, -0.0231 0.689 1.014, -0.021 0.689 0.9573, -0.021 0.689 1.0148, -0.0149 0.689 1.017, -0.0084 0.689 0.9539, -0.0174 0.689 0.9557, 0.0243 0.689 0.9843, 0.0243 0.689 0.9852, -0.0061 0.689 1.0179, -0.0032 0.689 1.0179, 0.0038 0.689 1.0166, 0.0172 0.689 1.0076, 0.0209 0.689 1.0018, 0.0234 0.689 0.9945, 0.0231 0.689 0.9745, 0.0206 0.689 0.968, 0.0166 0.689 0.9623, 0.0097 0.689 0.9569, 0.0039 0.689 0.9547, -0.0039 0.689 0.9537, 0.0102 0.689 1.0138, 0.0158 0.689 1.0092, 0.0149 0.689 0.9606, -0.0061 0.689 1.0273, -0.0073 0.689 1.0273, -0.021 0.689 1.0385, -0.0176 0.689 1.0262, -0.0178 0.689 1.0261, 0.0138 0.689 1.0228, 0.0287 0.689 1.0091, 0.0234 0.689 1.0157, 0.0216 0.689 1.0174, 0.037 0.689 1.0261, 0.0328 0.689 1.0004, 0.0322 0.689 1.0017, 0.0322 0.689 0.9676, 0.0337 0.689 0.9718, 0.037 0.689 0.9448, 0.0352 0.689 0.9847, 0.0349 0.689 0.9902, 0.0117 0.689 0.9468, 0.0191 0.689 0.9505, 0.0322 0.689 0.9448, 0.0031 0.689 0.9449, 0.0251 0.689 0.9557, 0.0259 0.689 0.9565, 0.0306 0.689 0.9634, -0.021 0.689 0.9219, -0.0023 0.689 0.9445, 0.0014 0.689 0.9448, -0.0245 0.689 0.949, -0.0231 0.689 0.9484, -0.021 0.689 0.9477, 0.0701 0.689 1.0261, 0.0706 0.689 0.9555, 0.0387 0.689 0.9553, 0.0387 0.689 0.9462, 0.081 0.689 0.9465, -2.7953 0.689 1.378, -2.3819 0.689 1.378, -2.3819 0.689 1.2992, -2.9104 0.689 1.0385, -2.8432 0.689 1.3395, -1.6364 0.689 1.0261, -2.9132 0.689 1.0261, -1.6364 0.689 0.9448, -2.9313 0.689 0.9448, -1.6364 0.689 0.4724, -2.8346 0.689 0.4724, -1.6364 0.689 0.8972, -2.8346 0.689 0.8972, -1.6364 0.689 0.8987, -2.8346 0.689 0.8987, -1.6364 0.689 0.9219, -2.8346 0.689 0.9219, -2.8346 0.689 0.937, -2.9331 0.689 0.937, -1.6364 0.689 1.2992, -1.6364 0.689 1.0385, -0.2656 0.689 1.2992, -0.2656 0.689 1.0385, -0.1905 0.689 1.2992, -0.1905 0.689 1.0385, -0.1663 0.689 1.2992, -0.1663 0.689 1.0385, -0.0912 0.689 1.2992, -0.0912 0.689 1.0385, -0.0718 0.689 1.2992, -0.0718 0.689 1.0385, -0.0354 0.689 1.2992, -0.0354 0.689 1.0385, -0.021 0.689 1.2992, 0.0322 0.689 1.2992, 0.0322 0.689 1.0385, 0.037 0.689 1.2992, 0.037 0.689 1.0385, -0.0354 0.689 0.4724, -0.0354 0.689 0.8188, -0.021 0.689 0.4724, -0.0303 0.689 0.8207, -0.0307 0.689 0.8604, -0.0311 0.689 0.864, -0.021 0.689 0.8972, -0.0311 0.689 0.8565, -0.0304 0.689 0.831, -0.0322 0.689 0.8534, -0.0354 0.689 0.8282, -0.0354 0.689 0.8494, -0.0337 0.689 0.8289, -0.0351 0.689 0.8496, -0.0335 0.689 0.8513, -0.0658 0.689 0.8434, -0.0676 0.689 0.8406, -0.0665 0.689 0.8646, -0.0687 0.689 0.8377, -0.0372 0.689 0.8726, -0.0398 0.689 0.8741, -0.0354 0.689 0.8972, -0.0691 0.689 0.8339, -0.0718 0.689 0.4724, -0.0718 0.689 0.8972, -0.0323 0.689 0.8672, -0.0342 0.689 0.8699, -0.0354 0.689 0.871, -0.0593 0.689 0.8765, -0.0531 0.689 0.877, -0.0453 0.689 0.8761, -0.0666 0.689 0.8744, -0.0686 0.689 0.8299, -0.0673 0.689 0.8267, -0.0654 0.689 0.8241, -0.0625 0.689 0.8216, -0.0597 0.689 0.82, -0.0543 0.689 0.8181, -0.0458 0.689 0.8172, -0.0372 0.689 0.8182, -0.052 0.689 0.8689, -0.0491 0.689 0.8687, -0.041 0.689 0.8612, -0.0464 0.689 0.868, -0.0441 0.689 0.8668, -0.0411 0.689 0.8599, -0.0415 0.689 0.8583, -0.0422 0.689 0.857, -0.0432 0.689 0.8559, -0.0467 0.689 0.8537, -0.0592 0.689 0.8679, -0.0529 0.689 0.8509, -0.0648 0.689 0.8656, -0.0568 0.689 0.8493, -0.0634 0.689 0.8456, -0.0426 0.689 0.8655, -0.0417 0.689 0.8642, -0.0412 0.689 0.8628, -0.04 0.689 0.8263, -0.0458 0.689 0.8437, -0.0398 0.689 0.8465, -0.0469 0.689 0.8254, -0.0473 0.689 0.8254, -0.0523 0.689 0.8409, -0.0525 0.689 0.8259, -0.0588 0.689 0.833, -0.0587 0.689 0.8343, -0.0551 0.689 0.8268, -0.056 0.689 0.8274, -0.0571 0.689 0.8284, -0.058 0.689 0.8297, -0.0585 0.689 0.8311, -0.0582 0.689 0.8358, -0.0575 0.689 0.8372, -0.0562 0.689 0.8385, -0.0912 0.689 0.8597, -0.1004 0.689 0.8324, -0.1032 0.689 0.8323, -0.1016 0.689 0.8277, -0.1019 0.689 0.8277, -0.1024 0.689 0.8296, -0.0912 0.689 0.8972, -0.1191 0.689 0.8752, -0.1404 0.689 0.8972, -0.1295 0.689 0.8751, -0.1399 0.689 0.8179, -0.1031 0.689 0.8095, -0.0984 0.689 0.8007, -0.0947 0.689 0.7963, -0.0941 0.689 0.7957, -0.0912 0.689 0.7937, -0.0746 0.689 0.8755, -0.0858 0.689 0.8755, -0.1829 0.689 0.8176, -0.1663 0.689 0.8177, -0.1663 0.689 0.4724, -0.0912 0.689 0.4724, -0.0905 0.689 0.7933, -0.0761 0.689 0.8011, -0.0782 0.689 0.8005, -0.0866 0.689 0.7918, -0.0825 0.689 0.7914, -0.0761 0.689 0.7922, -0.0803 0.689 0.7914, -0.0864 0.689 0.801, -0.0883 0.689 0.8023, -0.0842 0.689 0.8002, -0.0818 0.689 0.8, -0.0901 0.689 0.8044, -0.0912 0.689 0.8062, -0.1817 0.689 0.8977, -0.1817 0.689 0.8972, -0.1816 0.689 0.8884, -0.1791 0.689 0.8537, -0.1792 0.689 0.8628, -0.1663 0.689 0.8629, -0.1505 0.689 0.8539, -0.1503 0.689 0.8269, -0.1663 0.689 0.8538, -0.1663 0.689 0.8268, -0.183 0.689 0.8267, -0.1663 0.689 0.8886, -0.1507 0.689 0.8887, -0.1505 0.689 0.863, -0.1663 0.689 0.8987, -0.1663 0.689 0.8978, -0.1404 0.689 0.898, -0.0912 0.689 0.8987, -0.0161 0.689 0.8637, -0.017 0.689 0.8556, -0.0167 0.689 0.8188, -0.0067 0.689 0.8188, 0.0322 0.689 0.4724, 0.0252 0.689 0.8461, 0.0222 0.689 0.8488, 0.0233 0.689 0.8625, 0.018 0.689 0.8509, 0.0166 0.689 0.8666, 0.01 0.689 0.8529, 0.0011 0.689 0.8689, 0.0045 0.689 0.8693, 0.0104 0.689 0.8687, 0.0232 0.689 0.8722, 0.0322 0.689 0.8972, 0.0209 0.689 0.8198, 0.0243 0.689 0.8222, 0.0254 0.689 0.8233, 0.0274 0.689 0.8264, 0.0286 0.689 0.8298, 0.0291 0.689 0.8344, 0.0286 0.689 0.8392, 0.0273 0.689 0.8429, -0.0069 0.689 0.8754, -0.0102 0.689 0.8735, -0.007 0.689 0.8552, -0.0067 0.689 0.8596, -0.0056 0.689 0.8632, -0.0045 0.689 0.8653, -0.0027 0.689 0.8768, -0.0125 0.689 0.8713, -0.0146 0.689 0.8681, -0.0068 0.689 0.8277, -0.0065 0.689 0.8277, 0.0059 0.689 0.8181, 0.0111 0.689 0.8176, 0.0171 0.689 0.8183, -0.003 0.689 0.8669, -0.0012 0.689 0.8681, -0.0049 0.689 0.8253, -0.0017 0.689 0.8219, 0.0018 0.689 0.8196, 0.0201 0.689 0.874, 0.0124 0.689 0.8765, 0.0035 0.689 0.8774, -0.3283 0.689 0.8165, -0.3397 0.689 0.8165, -0.3098 0.689 0.8967, -0.3203 0.689 0.8385, -0.287 0.689 0.8387, -0.2791 0.689 0.8169, -0.2988 0.689 0.8968, -0.2677 0.689 0.817, -0.0718 0.689 0.8987, -0.0354 0.689 0.8987, -0.0354 0.689 0.9219, -0.0718 0.689 0.9219, -0.0912 0.689 0.9219, 0.0701 0.689 1.0265, 0.0804 0.689 1.0265, 0.0804 0.689 1.0261, -0.1638 0.689 0.9796, -0.1616 0.689 0.9704, -0.1601 0.689 1.0044, -0.1574 0.689 0.9623, -0.1519 0.689 0.956, -0.1434 0.689 0.95, -0.1358 0.689 1.0233, -0.1452 0.689 1.0194, -0.1221 0.689 1.0251, -0.1237 0.689 1.0251, -0.1342 0.689 0.9466, -0.1207 0.689 0.945, -0.0987 0.689 0.9452, -0.0993 0.689 1.0253, -0.1523 0.689 1.0143, -0.1552 0.689 1.0114, 1.8504 0.3937 1.2598, 1.8504 0.3937 0.9843, 1.8504 0.2953 1.2598, 1.8504 0.2953 0.9843, 2.7756 -0.374 1.2992, 2.7756 -0.5512 1.2992, 2.7756 -0.374 1.378, 2.7756 -0.5512 1.378, 2.3819 -0.5512 1.2992, 2.3819 -0.5512 1.378, 2.7756 0.5512 1.2992, 2.7756 0.374 1.2992, 2.7756 0.5512 1.378, 2.7756 0.374 1.378, 2.3819 0.5512 1.2992, 2.3819 0.5512 1.378, 2.8432 -0.374 1.3395, 2.9331 -0.374 0.937, 2.8346 -0.374 1.2992, 2.8346 -0.374 0.937, 2.7953 -0.374 1.378, 2.8346 0.374 1.2992, 2.8346 0.374 0.937, 2.9331 0.374 0.937, 2.7953 0.374 1.378, 2.8432 0.374 1.3395, 2.8346 -0.689 0.937, 2.9331 -0.689 0.937, 2.8346 -0.689 0.4724, 2.5 0.3937 0.0, 2.5 0.5906 0.0, 2.7362 0.3937 0.0, 2.7362 0.5906 0.0, 2.5 0.3937 0.0984, 2.7362 0.3937 0.0984, 2.5 0.5906 0.0984, 2.7362 0.5906 0.4724, 2.7362 -0.3937 0.0984, 2.7362 -0.5906 0.4724, 2.7362 -0.3937 0.0, 2.7362 -0.5906 0.0, 2.5 -0.3937 0.0984, 2.5 -0.3937 0.0, 2.5 -0.5906 0.0, 2.5 -0.5906 0.0984, 2.3819 0.2953 1.2992, 2.3819 0.2953 0.9843, 2.3819 -0.689 0.9843, 2.3819 -0.689 1.378, 2.7953 -0.689 1.378, 2.8432 -0.689 1.3395, -2.5 0.3937 0.0, -2.7362 0.3937 0.0, -2.5 0.5906 0.0, -2.7362 0.5906 0.0, -2.5 -0.3937 0.0, -2.5 -0.5906 0.0, -2.7362 -0.3937 0.0, -2.7362 -0.5906 0.0, -2.3819 -0.3937 1.2598, -2.5984 -0.3937 1.2598, -2.3819 0.2953 1.2598, -2.5984 0.3937 1.2598, -2.3819 -0.5512 1.2992, -2.7756 -0.5512 1.2992, -2.3819 -0.5512 1.378, -2.7756 -0.5512 1.378, -2.7756 -0.374 1.2992, -2.7756 -0.374 1.378, -2.8346 -0.374 1.2992, -2.8346 -0.374 0.937, -2.9331 -0.374 0.937, -2.7953 -0.374 1.378, -2.8432 -0.374 1.3395, -2.8432 0.374 1.3395, -2.9331 0.374 0.937, -2.8346 0.374 1.2992, -2.8346 0.374 0.937, -2.7953 0.374 1.378, -2.7756 0.374 1.2992, -2.7756 0.374 1.378, -2.7756 0.5512 1.2992, -2.7756 0.5512 1.378, -2.3819 0.5512 1.2992, -2.3819 0.5512 1.378, -2.3819 0.2953 1.2992, -2.5984 -0.3937 0.9843, -2.3819 -0.3937 0.9843, -2.5984 0.3937 0.9843, -2.7362 0.5906 0.4724, -2.7362 -0.5906 0.4724, -2.8346 -0.689 0.4724, -2.8346 -0.689 0.937, -2.9331 -0.689 0.937, -2.8432 -0.689 1.3395, -2.7953 -0.689 1.378, -2.3819 -0.689 1.378, -2.3819 -0.689 0.9843, -2.5 0.3937 0.0984, -2.5 0.5906 0.0984, -2.7362 0.3937 0.0984, -2.7362 -0.3937 0.0984, -2.5 -0.3937 0.0984, -2.5 -0.5906 0.0984
            ]
        }
        coordIndex [
            0,1,2,-1,3,4,5,-1,6,7,8,-1,9,10,11,-1,12,13,14,-1,15,16,17,-1,18,19,20,-1,21,22,23,-1,24,25,26,-1,27,28,26,-1,29,30,31,-1,31,30,3,-1,32,33,31,-1,31,33,34,-1,34,35,31,-1,31,35,36,-1,31,36,29,-1,32,31,37,-1,37,31,38,-1,37,38,39,-1,40,27,41,-1,41,27,26,-1,41,26,42,-1,43,44,42,-1,26,25,42,-1,42,25,45,-1,42,45,43,-1,46,47,26,-1,26,47,48,-1,26,48,24,-1,46,49,47,-1,47,49,50,-1,47,50,51,-1,51,50,52,-1,51,52,53,-1,54,55,46,-1,46,55,56,-1,46,56,49,-1,57,58,59,-1,60,61,62,-1,62,61,63,-1,62,63,64,-1,63,65,64,-1,64,65,66,-1,64,66,59,-1,59,66,67,-1,59,67,57,-1,57,67,68,-1,57,68,46,-1,46,68,69,-1,46,69,54,-1,70,71,72,-1,73,74,75,-1,70,72,76,-1,74,77,75,-1,75,77,78,-1,75,78,60,-1,60,78,79,-1,60,79,61,-1,71,80,72,-1,72,80,81,-1,72,81,82,-1,83,84,85,-1,85,84,86,-1,85,86,72,-1,72,86,87,-1,72,87,76,-1,88,89,90,-1,90,89,91,-1,90,91,92,-1,92,93,90,-1,90,93,94,-1,90,94,95,-1,95,94,83,-1,95,83,96,-1,96,83,85,-1,97,98,75,-1,99,100,101,-1,102,103,72,-1,72,103,104,-1,72,104,105,-1,98,106,75,-1,75,106,107,-1,75,107,73,-1,99,101,108,-1,82,109,72,-1,72,109,110,-1,72,110,111,-1,112,113,101,-1,101,113,114,-1,101,114,115,-1,111,116,72,-1,72,116,117,-1,72,117,102,-1,100,118,101,-1,101,118,119,-1,101,119,120,-1,115,121,101,-1,101,121,122,-1,101,122,75,-1,75,122,123,-1,75,123,97,-1,112,101,124,-1,124,101,120,-1,124,120,90,-1,90,120,125,-1,90,125,88,-1,104,126,105,-1,105,126,127,-1,105,127,128,-1,128,127,129,-1,130,23,131,-1,131,23,132,-1,131,132,133,-1,133,132,134,-1,129,135,128,-1,128,135,136,-1,128,136,132,-1,132,136,137,-1,132,137,134,-1,21,138,22,-1,22,138,139,-1,22,139,140,-1,141,142,143,-1,143,142,144,-1,143,144,130,-1,130,144,145,-1,130,145,23,-1,23,145,146,-1,23,146,21,-1,147,148,143,-1,143,148,149,-1,143,149,141,-1,147,150,148,-1,148,150,151,-1,148,151,152,-1,153,154,155,-1,155,134,153,-1,153,134,137,-1,153,137,156,-1,156,137,157,-1,157,158,156,-1,156,158,159,-1,156,159,160,-1,161,162,163,-1,162,164,163,-1,163,164,165,-1,163,165,166,-1,167,163,168,-1,154,153,167,-1,167,153,169,-1,167,169,163,-1,163,169,170,-1,163,170,161,-1,168,171,167,-1,167,171,172,-1,167,172,173,-1,166,165,174,-1,174,165,175,-1,174,175,176,-1,176,175,177,-1,176,177,178,-1,179,180,173,-1,173,180,181,-1,173,181,167,-1,182,183,20,-1,20,183,184,-1,20,184,18,-1,185,4,186,-1,186,4,3,-1,186,3,187,-1,187,3,30,-1,188,189,190,-1,191,192,193,-1,190,189,194,-1,194,189,191,-1,194,191,195,-1,196,197,198,-1,198,197,199,-1,198,199,200,-1,193,201,191,-1,191,201,202,-1,191,202,195,-1,203,204,198,-1,198,204,205,-1,198,205,191,-1,191,205,206,-1,191,206,192,-1,200,207,198,-1,198,207,208,-1,198,208,203,-1,209,210,211,-1,211,210,212,-1,211,212,196,-1,196,212,213,-1,196,213,197,-1,214,215,216,-1,217,218,101,-1,101,218,19,-1,101,19,108,-1,108,19,18,-1,219,220,221,-1,222,223,221,-1,221,223,224,-1,221,224,219,-1,219,224,217,-1,219,217,225,-1,225,217,101,-1,216,220,214,-1,214,220,219,-1,214,219,226,-1,226,219,227,-1,226,227,228,-1,228,227,229,-1,229,227,5,-1,229,5,230,-1,230,5,4,-1,230,4,231,-1,218,232,19,-1,19,232,231,-1,19,231,20,-1,20,231,4,-1,20,4,182,-1,182,4,185,-1,233,234,235,-1,236,237,238,-1,238,237,239,-1,236,240,241,-1,241,240,242,-1,241,242,243,-1,242,244,243,-1,243,244,245,-1,243,245,246,-1,247,245,248,-1,248,245,244,-1,248,244,249,-1,249,244,242,-1,249,242,250,-1,250,242,251,-1,250,251,252,-1,252,251,253,-1,252,253,235,-1,235,253,254,-1,235,254,233,-1,255,256,257,-1,258,259,260,-1,255,257,261,-1,261,257,260,-1,261,260,262,-1,262,260,259,-1,262,259,263,-1,260,264,258,-1,258,264,265,-1,258,265,266,-1,267,268,269,-1,270,271,272,-1,272,271,273,-1,272,273,263,-1,263,273,274,-1,263,274,262,-1,262,274,275,-1,262,275,269,-1,269,275,276,-1,269,276,267,-1,256,255,277,-1,277,255,278,-1,277,278,267,-1,279,280,278,-1,278,280,281,-1,278,281,282,-1,267,278,268,-1,268,278,282,-1,268,282,283,-1,283,282,284,-1,283,284,285,-1,285,284,286,-1,285,286,287,-1,288,289,290,-1,290,289,285,-1,290,285,291,-1,287,292,285,-1,285,292,293,-1,285,293,294,-1,295,296,285,-1,285,296,297,-1,285,297,291,-1,298,299,300,-1,301,302,290,-1,290,302,303,-1,290,303,288,-1,294,304,285,-1,285,304,305,-1,285,305,295,-1,298,300,290,-1,290,300,306,-1,290,306,301,-1,307,308,309,-1,309,308,310,-1,309,310,311,-1,15,17,312,-1,313,314,17,-1,17,314,315,-1,17,315,312,-1,316,317,17,-1,17,317,318,-1,17,318,313,-1,319,320,321,-1,321,320,322,-1,321,322,316,-1,316,322,323,-1,316,323,317,-1,324,325,326,-1,324,326,327,-1,325,328,326,-1,326,328,329,-1,326,329,330,-1,331,332,333,-1,327,326,333,-1,333,326,6,-1,333,6,331,-1,283,334,268,-1,268,334,335,-1,268,335,14,-1,14,335,336,-1,14,336,12,-1,337,338,316,-1,316,338,339,-1,316,339,321,-1,321,339,340,-1,321,340,341,-1,342,343,344,-1,345,346,342,-1,345,347,348,-1,348,347,349,-1,348,349,350,-1,351,352,353,-1,353,352,354,-1,353,354,355,-1,355,354,356,-1,355,356,357,-1,357,356,358,-1,357,358,349,-1,349,358,359,-1,349,359,350,-1,350,359,360,-1,344,361,362,-1,362,361,363,-1,362,363,364,-1,364,363,365,-1,364,365,366,-1,366,365,367,-1,366,367,368,-1,368,367,369,-1,368,369,370,-1,370,369,371,-1,370,371,372,-1,372,371,373,-1,372,373,374,-1,374,373,375,-1,374,375,309,-1,309,375,376,-1,309,376,377,-1,377,376,378,-1,377,378,379,-1,379,378,42,-1,379,42,38,-1,38,42,44,-1,38,44,39,-1,380,381,382,-1,382,381,383,-1,384,385,386,-1,384,386,387,-1,387,386,388,-1,387,388,389,-1,390,391,392,-1,392,391,393,-1,392,393,388,-1,388,393,394,-1,388,394,389,-1,395,396,397,-1,397,396,398,-1,399,400,401,-1,402,403,404,-1,385,405,386,-1,386,405,406,-1,386,406,401,-1,401,406,407,-1,401,407,399,-1,408,404,409,-1,409,404,401,-1,409,401,410,-1,410,401,400,-1,408,411,404,-1,404,411,397,-1,404,397,402,-1,402,397,398,-1,402,412,403,-1,403,412,413,-1,403,413,380,-1,380,413,414,-1,414,415,380,-1,380,415,416,-1,380,416,417,-1,417,418,380,-1,380,418,419,-1,380,419,381,-1,420,421,422,-1,422,421,423,-1,422,423,424,-1,422,425,420,-1,420,425,426,-1,420,426,427,-1,427,428,420,-1,420,428,429,-1,420,429,430,-1,430,429,431,-1,430,431,432,-1,432,431,433,-1,432,433,397,-1,397,433,434,-1,397,434,395,-1,435,436,424,-1,424,436,437,-1,424,437,422,-1,438,439,390,-1,390,439,440,-1,390,440,391,-1,438,441,439,-1,439,441,442,-1,439,442,443,-1,443,442,444,-1,443,445,446,-1,444,447,443,-1,443,447,448,-1,443,448,449,-1,449,450,443,-1,443,450,451,-1,443,451,445,-1,446,452,443,-1,443,452,453,-1,443,453,454,-1,455,456,457,-1,458,459,456,-1,456,459,460,-1,456,460,457,-1,461,462,463,-1,463,462,464,-1,463,464,465,-1,465,464,466,-1,465,466,467,-1,467,468,465,-1,465,468,469,-1,465,469,470,-1,461,404,471,-1,457,462,455,-1,455,462,461,-1,455,461,472,-1,472,461,471,-1,473,474,475,-1,475,474,465,-1,475,465,476,-1,476,465,470,-1,476,470,477,-1,478,479,11,-1,477,480,476,-1,476,480,481,-1,476,481,403,-1,11,471,478,-1,478,471,404,-1,478,404,482,-1,482,404,403,-1,482,403,483,-1,483,403,481,-1,484,485,486,-1,486,485,487,-1,487,485,479,-1,479,485,488,-1,479,488,11,-1,11,488,489,-1,11,489,9,-1,490,491,188,-1,188,491,492,-1,493,188,494,-1,494,188,492,-1,494,492,495,-1,496,497,498,-1,498,497,499,-1,498,499,493,-1,493,499,500,-1,493,500,188,-1,188,500,473,-1,188,473,189,-1,189,473,475,-1,492,501,495,-1,495,501,502,-1,495,502,503,-1,190,209,188,-1,188,209,211,-1,188,211,490,-1,490,211,504,-1,490,504,505,-1,505,504,506,-1,506,504,507,-1,506,507,463,-1,508,509,386,-1,386,509,510,-1,511,512,510,-1,510,512,382,-1,510,382,386,-1,386,382,383,-1,386,383,388,-1,513,514,515,-1,515,514,516,-1,515,516,517,-1,517,516,518,-1,519,520,518,-1,518,520,521,-1,518,521,517,-1,515,522,523,-1,524,525,512,-1,512,525,526,-1,512,526,527,-1,527,528,512,-1,512,528,529,-1,512,529,523,-1,523,529,530,-1,523,530,515,-1,515,530,531,-1,515,531,513,-1,532,533,386,-1,534,535,518,-1,518,535,536,-1,518,536,537,-1,532,386,538,-1,533,539,386,-1,386,539,540,-1,386,540,508,-1,511,541,542,-1,543,544,512,-1,512,544,545,-1,512,545,524,-1,537,546,518,-1,518,546,547,-1,518,547,519,-1,542,548,511,-1,511,548,549,-1,511,549,512,-1,512,549,550,-1,512,550,543,-1,522,551,523,-1,523,551,552,-1,523,552,386,-1,386,552,553,-1,386,553,538,-1,554,191,555,-1,555,191,351,-1,555,351,556,-1,556,351,353,-1,557,558,559,-1,560,198,561,-1,561,198,191,-1,561,191,559,-1,559,191,554,-1,559,554,557,-1,463,507,461,-1,461,507,562,-1,461,562,404,-1,404,562,563,-1,404,563,401,-1,401,563,8,-1,401,8,386,-1,386,8,7,-1,386,7,523,-1,6,8,331,-1,331,8,563,-1,331,563,564,-1,564,563,562,-1,564,562,565,-1,565,562,507,-1,565,507,566,-1,566,507,504,-1,566,504,240,-1,240,504,211,-1,240,211,242,-1,242,211,196,-1,242,196,251,-1,567,379,568,-1,568,379,38,-1,568,38,569,-1,569,38,31,-1,569,31,341,-1,341,31,3,-1,341,3,321,-1,321,3,5,-1,225,512,219,-1,219,512,523,-1,219,523,227,-1,227,523,7,-1,227,7,5,-1,5,7,6,-1,5,6,321,-1,321,6,326,-1,321,326,319,-1,319,326,330,-1,236,238,240,-1,240,238,262,-1,240,262,566,-1,566,262,269,-1,566,269,565,-1,565,269,268,-1,565,268,564,-1,564,268,14,-1,564,14,331,-1,331,14,13,-1,331,13,332,-1,570,571,238,-1,0,2,572,-1,234,233,239,-1,239,233,2,-1,239,2,238,-1,238,2,1,-1,238,1,570,-1,571,573,238,-1,238,573,574,-1,238,574,575,-1,2,576,577,-1,261,578,2,-1,2,578,579,-1,2,579,576,-1,575,580,238,-1,238,580,581,-1,238,581,262,-1,262,581,582,-1,262,582,261,-1,261,582,583,-1,261,583,578,-1,577,584,2,-1,2,584,585,-1,2,585,572,-1,560,556,198,-1,198,556,353,-1,198,353,196,-1,196,353,355,-1,196,355,251,-1,251,355,357,-1,251,357,253,-1,253,357,349,-1,253,349,254,-1,254,349,347,-1,307,309,16,-1,16,309,377,-1,16,377,17,-1,17,377,379,-1,17,379,316,-1,316,379,567,-1,316,567,337,-1,342,344,345,-1,345,344,362,-1,345,362,347,-1,347,362,364,-1,347,364,254,-1,254,364,366,-1,254,366,233,-1,233,366,368,-1,233,368,2,-1,2,368,370,-1,2,370,261,-1,261,370,372,-1,261,372,255,-1,255,372,374,-1,255,374,278,-1,278,374,309,-1,278,309,279,-1,279,309,311,-1,279,311,280,-1,586,587,588,-1,588,587,589,-1,590,591,592,-1,592,591,593,-1,591,594,593,-1,593,594,595,-1,596,597,598,-1,598,597,599,-1,600,596,601,-1,601,596,598,-1,602,603,604,-1,604,603,605,-1,602,604,606,-1,606,604,590,-1,606,590,592,-1,607,608,609,-1,599,597,610,-1,610,597,607,-1,610,607,611,-1,611,607,609,-1,605,603,612,-1,612,603,613,-1,41,600,40,-1,40,600,601,-1,614,75,608,-1,608,75,60,-1,612,614,605,-1,605,614,608,-1,605,608,604,-1,604,608,607,-1,60,62,608,-1,608,62,64,-1,608,64,59,-1,609,608,58,-1,58,608,59,-1,609,58,57,-1,28,611,26,-1,26,611,609,-1,26,609,46,-1,46,609,57,-1,610,611,27,-1,27,611,28,-1,599,610,598,-1,598,610,27,-1,598,27,601,-1,601,27,40,-1,615,616,617,-1,617,616,618,-1,615,617,619,-1,619,617,620,-1,619,621,615,-1,615,621,616,-1,617,618,620,-1,620,618,622,-1,620,622,623,-1,623,622,624,-1,623,624,625,-1,625,624,626,-1,627,623,628,-1,628,623,625,-1,628,629,627,-1,627,629,630,-1,628,625,629,-1,629,625,626,-1,631,632,594,-1,594,632,633,-1,594,633,595,-1,595,633,634,-1,606,592,593,-1,595,634,593,-1,593,634,635,-1,593,635,606,-1,635,636,606,-1,606,636,602,-1,636,613,602,-1,602,613,603,-1,637,638,639,-1,639,638,640,-1,641,642,643,-1,643,642,644,-1,645,646,647,-1,647,646,648,-1,647,648,588,-1,588,648,586,-1,649,650,651,-1,651,650,652,-1,650,653,652,-1,652,653,654,-1,655,656,657,-1,654,653,658,-1,658,653,655,-1,658,655,659,-1,659,655,657,-1,660,661,662,-1,662,661,663,-1,660,662,664,-1,664,662,665,-1,664,665,666,-1,665,667,666,-1,666,667,668,-1,667,669,668,-1,668,669,670,-1,671,647,588,-1,589,632,588,-1,588,632,631,-1,588,631,671,-1,653,650,649,-1,597,596,631,-1,631,596,600,-1,631,600,671,-1,361,344,669,-1,665,662,655,-1,594,591,631,-1,631,591,590,-1,631,590,597,-1,597,590,604,-1,597,604,607,-1,655,653,665,-1,665,653,649,-1,665,649,667,-1,667,649,671,-1,667,671,669,-1,669,671,600,-1,669,369,367,-1,41,42,600,-1,600,42,378,-1,600,378,669,-1,669,378,376,-1,669,376,375,-1,367,365,669,-1,669,365,363,-1,669,363,361,-1,375,373,669,-1,669,373,371,-1,669,371,369,-1,669,344,670,-1,670,344,343,-1,664,666,668,-1,670,343,668,-1,668,343,342,-1,668,342,664,-1,342,346,664,-1,664,346,660,-1,660,346,661,-1,661,346,345,-1,345,348,661,-1,661,348,350,-1,661,350,360,-1,663,661,359,-1,359,661,360,-1,672,646,673,-1,673,646,645,-1,648,646,674,-1,674,646,672,-1,586,648,587,-1,587,648,674,-1,380,622,675,-1,380,382,622,-1,622,382,512,-1,622,512,225,-1,351,191,675,-1,675,191,189,-1,675,189,475,-1,225,101,622,-1,622,101,75,-1,622,75,624,-1,624,75,614,-1,624,614,676,-1,676,614,677,-1,676,677,675,-1,675,677,352,-1,675,352,351,-1,475,476,675,-1,675,476,403,-1,675,403,380,-1,352,677,678,-1,655,662,656,-1,656,662,663,-1,359,358,663,-1,663,358,356,-1,678,656,352,-1,352,656,663,-1,352,663,354,-1,354,663,356,-1,657,656,679,-1,679,656,678,-1,659,657,680,-1,680,657,679,-1,658,659,681,-1,681,659,680,-1,654,658,652,-1,652,658,681,-1,652,681,651,-1,651,681,682,-1,647,671,645,-1,645,671,649,-1,651,682,649,-1,649,682,683,-1,649,683,645,-1,645,683,673,-1,683,633,589,-1,589,633,632,-1,674,672,673,-1,683,589,673,-1,673,589,587,-1,673,587,674,-1,612,613,636,-1,636,635,612,-1,612,635,634,-1,612,634,614,-1,614,634,633,-1,614,633,677,-1,677,633,683,-1,677,683,678,-1,680,679,681,-1,681,679,678,-1,681,678,682,-1,682,678,683,-1,637,639,684,-1,684,639,685,-1,684,686,637,-1,637,686,638,-1,643,644,687,-1,687,644,676,-1,687,676,686,-1,686,676,675,-1,686,675,638,-1,638,675,640,-1,641,643,688,-1,688,643,687,-1,688,689,641,-1,641,689,642,-1,629,626,630,-1,630,626,624,-1,630,624,689,-1,689,624,676,-1,689,676,642,-1,642,676,644,-1,639,640,685,-1,685,640,675,-1,685,675,621,-1,621,675,622,-1,621,622,616,-1,616,622,618,-1,627,630,689,-1,684,685,621,-1,619,620,623,-1,688,687,686,-1,686,684,688,-1,688,684,621,-1,688,621,689,-1,689,621,619,-1,689,619,627,-1,627,619,623,-1,
        ]
    }
}
Shape{
    appearance Appearance {
        material  Material 	{
            diffuseColor 1.0 1.0 1.0
            specularColor 0.5019607843137255 0.5019607843137255 0.5019607843137255
            ambientIntensity 1.0
            transparency 0.0
            shininess 0.5
        }
    }
    geometry IndexedFaceSet {
        ccw TRUE
        solid FALSE
        coord DEF co Coordinate {
            point [
                0.0387 0.6894 0.9553, 0.0387 0.6894 0.9462, 0.0387 0.689 0.9553, 0.0387 0.689 0.9462, 0.0706 0.6894 0.9555, 0.0706 0.689 0.9555, 0.0701 0.6894 1.0265, 0.0701 0.689 1.0261, 0.0701 0.689 1.0265, 0.0804 0.6894 1.0265, 0.0804 0.689 1.0265, 0.081 0.689 0.9465, 0.081 0.6894 0.9465, 0.0804 0.689 1.0261, -0.0245 0.689 0.949, -0.0245 0.6894 0.949, -0.0231 0.6894 0.9484, -0.0023 0.6894 0.9445, -0.0023 0.689 0.9445, -0.0048 0.689 0.9448, -0.0145 0.6894 0.9456, -0.0145 0.689 0.9456, -0.021 0.689 0.9477, -0.0231 0.689 0.9484, -0.0246 0.6894 0.9589, -0.0246 0.689 0.9589, -0.021 0.689 0.9573, -0.0174 0.6894 0.9557, -0.0174 0.689 0.9557, -0.0084 0.689 0.9539, -0.0084 0.6894 0.9539, -0.0039 0.689 0.9537, -0.0039 0.6894 0.9537, 0.0039 0.689 0.9547, 0.0039 0.6894 0.9547, 0.0097 0.689 0.9569, 0.0097 0.6894 0.9569, 0.0149 0.689 0.9606, 0.0149 0.6894 0.9606, 0.0166 0.689 0.9623, 0.0166 0.6894 0.9623, 0.0206 0.689 0.968, 0.0206 0.6894 0.968, 0.0231 0.689 0.9745, 0.0231 0.6894 0.9745, 0.0243 0.689 0.9843, 0.0243 0.6894 0.9843, 0.0243 0.689 0.9852, 0.0243 0.6894 0.9852, 0.0234 0.689 0.9945, 0.0234 0.6894 0.9945, 0.0209 0.689 1.0018, 0.0209 0.6894 1.0018, 0.0172 0.689 1.0076, 0.0172 0.6894 1.0076, 0.0158 0.689 1.0092, 0.0158 0.6894 1.0092, 0.0102 0.689 1.0138, 0.0102 0.6894 1.0138, 0.0038 0.689 1.0166, 0.0038 0.6894 1.0166, -0.0032 0.689 1.0179, -0.0032 0.6894 1.0179, -0.0061 0.689 1.0179, -0.0061 0.6894 1.0179, -0.025 0.689 1.0131, -0.025 0.6894 1.0131, -0.0231 0.6894 1.014, -0.0149 0.689 1.017, -0.0149 0.6894 1.017, -0.021 0.689 1.0148, -0.0231 0.689 1.014, -0.025 0.6894 1.0239, -0.025 0.689 1.0239, -0.0178 0.689 1.0261, -0.0176 0.6894 1.0262, -0.021 0.689 1.0251, -0.0176 0.689 1.0262, -0.0073 0.689 1.0273, -0.0073 0.6894 1.0273, -0.0061 0.689 1.0273, -0.0061 0.6894 1.0273, 0.0054 0.6894 1.026, 0.0042 0.689 1.0261, 0.0054 0.689 1.026, 0.0138 0.689 1.0228, 0.0138 0.6894 1.0228, 0.0216 0.689 1.0174, 0.0216 0.6894 1.0174, 0.0234 0.689 1.0157, 0.0234 0.6894 1.0157, 0.0287 0.689 1.0091, 0.0287 0.6894 1.0091, 0.0322 0.689 1.0017, 0.0328 0.6894 1.0004, 0.0328 0.689 1.0004, 0.0349 0.689 0.9902, 0.0349 0.6894 0.9902, 0.0352 0.689 0.9847, 0.0352 0.6894 0.9847, 0.0337 0.689 0.9718, 0.0337 0.6894 0.9718, 0.0322 0.689 0.9676, 0.0306 0.6894 0.9634, 0.0306 0.689 0.9634, 0.0259 0.689 0.9565, 0.0259 0.6894 0.9565, 0.0251 0.689 0.9557, 0.0251 0.6894 0.9557, 0.0014 0.689 0.9448, 0.0031 0.6894 0.9449, 0.0031 0.689 0.9449, 0.0117 0.6894 0.9468, 0.0117 0.689 0.9468, 0.0191 0.6894 0.9505, 0.0191 0.689 0.9505, -0.0836 0.6894 0.9544, -0.0836 0.6894 0.9453, -0.0836 0.689 0.9544, -0.0836 0.689 0.9453, -0.0509 0.689 0.9547, -0.0509 0.6894 0.9547, -0.0718 0.689 0.9545, -0.0511 0.6894 0.9816, -0.0511 0.689 0.9816, -0.0797 0.689 0.9814, -0.0797 0.6894 0.9814, -0.0718 0.689 0.9815, -0.0798 0.6894 0.9906, -0.0798 0.689 0.9906, -0.0512 0.689 0.9908, -0.0512 0.6894 0.9908, -0.0718 0.689 0.9906, -0.0513 0.6894 1.0164, -0.0513 0.689 1.0164, -0.0822 0.689 1.0162, -0.0822 0.6894 1.0162, -0.0718 0.689 1.0163, -0.0823 0.6894 1.0254, -0.0823 0.689 1.0254, -0.0411 0.689 1.0257, -0.0411 0.6894 1.0257, -0.0718 0.689 1.0255, -0.0405 0.6894 0.9456, -0.0405 0.689 0.9456, -0.0718 0.689 0.9454, -0.1318 0.6894 1.0147, -0.1237 0.6894 1.0251, -0.1216 0.6894 1.0159, -0.1221 0.6894 1.0251, -0.1095 0.6894 1.016, -0.0993 0.6894 1.0253, -0.1091 0.6894 0.9543, -0.0987 0.6894 0.9452, -0.1207 0.6894 0.9542, -0.1207 0.6894 0.945, -0.1301 0.6894 0.955, -0.1342 0.6894 0.9466, -0.1372 0.6894 0.9573, -0.1434 0.6894 0.95, -0.1426 0.6894 0.9607, -0.1519 0.6894 0.956, -0.1446 0.6894 0.9624, -0.1488 0.6894 0.9676, -0.1574 0.6894 0.9623, -0.1515 0.6894 0.9736, -0.1616 0.6894 0.9704, -0.1531 0.6894 0.981, -0.1638 0.6894 0.9796, -0.1533 0.6894 0.9856, -0.1642 0.6894 0.9858, -0.1524 0.6894 0.9945, -0.1629 0.6894 0.9967, -0.1504 0.6894 1.0007, -0.1601 0.6894 1.0044, -0.1474 0.6894 1.0053, -0.1552 0.6894 1.0114, -0.1447 0.6894 1.0082, -0.1523 0.6894 1.0143, -0.1388 0.6894 1.0122, -0.1452 0.6894 1.0194, -0.1358 0.6894 1.0233, -0.1207 0.689 0.945, -0.0987 0.689 0.9452, -0.1342 0.689 0.9466, -0.1434 0.689 0.95, -0.1519 0.689 0.956, -0.1574 0.689 0.9623, -0.1616 0.689 0.9704, -0.1638 0.689 0.9796, -0.1642 0.689 0.9858, -0.1629 0.689 0.9967, -0.1601 0.689 1.0044, -0.1552 0.689 1.0114, -0.1523 0.689 1.0143, -0.1452 0.689 1.0194, -0.1358 0.689 1.0233, -0.1237 0.689 1.0251, -0.1221 0.689 1.0251, -0.0993 0.689 1.0253, -0.1216 0.689 1.0159, -0.1095 0.689 1.016, -0.1091 0.689 0.9543, -0.1207 0.689 0.9542, -0.1446 0.689 0.9624, -0.1426 0.689 0.9607, -0.1372 0.689 0.9573, -0.1301 0.689 0.955, -0.1533 0.689 0.9856, -0.1531 0.689 0.981, -0.1515 0.689 0.9736, -0.1488 0.689 0.9676, -0.1447 0.689 1.0082, -0.1474 0.689 1.0053, -0.1504 0.689 1.0007, -0.1524 0.689 0.9945, -0.1318 0.689 1.0147, -0.1388 0.689 1.0122
            ]
        }
        coordIndex [
            0,1,2,-1,2,1,3,-1,4,0,5,-1,5,0,2,-1,4,5,6,-1,6,5,7,-1,6,7,8,-1,9,6,10,-1,10,6,8,-1,11,12,13,-1,13,12,9,-1,13,9,10,-1,1,12,3,-1,3,12,11,-1,6,9,4,-1,4,9,12,-1,4,12,0,-1,0,12,1,-1,14,15,16,-1,17,18,19,-1,17,19,20,-1,19,21,20,-1,20,21,22,-1,20,22,16,-1,16,22,23,-1,16,23,14,-1,24,15,25,-1,25,15,14,-1,24,25,26,-1,24,26,27,-1,26,28,27,-1,27,28,29,-1,27,29,30,-1,30,29,31,-1,30,31,32,-1,32,31,33,-1,32,33,34,-1,34,33,35,-1,34,35,36,-1,36,35,37,-1,36,37,38,-1,38,37,39,-1,38,39,40,-1,40,39,41,-1,40,41,42,-1,42,41,43,-1,42,43,44,-1,44,43,45,-1,44,45,46,-1,46,45,47,-1,46,47,48,-1,48,47,49,-1,48,49,50,-1,50,49,51,-1,50,51,52,-1,52,51,53,-1,52,53,54,-1,54,53,55,-1,54,55,56,-1,56,55,57,-1,56,57,58,-1,58,57,59,-1,58,59,60,-1,60,59,61,-1,60,61,62,-1,62,61,63,-1,62,63,64,-1,65,66,67,-1,64,63,68,-1,64,68,69,-1,69,68,70,-1,69,70,67,-1,67,70,71,-1,67,71,65,-1,72,66,73,-1,73,66,65,-1,74,75,76,-1,76,75,72,-1,76,72,73,-1,74,77,75,-1,75,77,78,-1,75,78,79,-1,79,78,80,-1,79,80,81,-1,81,80,82,-1,82,80,83,-1,83,84,82,-1,82,84,85,-1,82,85,86,-1,86,85,87,-1,86,87,88,-1,88,87,89,-1,88,89,90,-1,90,89,91,-1,90,91,92,-1,92,91,93,-1,92,93,94,-1,93,95,94,-1,94,95,96,-1,94,96,97,-1,97,96,98,-1,97,98,99,-1,99,98,100,-1,99,100,101,-1,101,100,102,-1,101,102,103,-1,102,104,103,-1,103,104,105,-1,103,105,106,-1,106,105,107,-1,106,107,108,-1,18,17,109,-1,109,17,110,-1,109,110,111,-1,111,110,112,-1,111,112,113,-1,113,112,114,-1,113,114,115,-1,115,114,108,-1,115,108,107,-1,67,66,72,-1,58,60,82,-1,82,60,81,-1,50,52,92,-1,67,72,69,-1,60,62,81,-1,81,62,64,-1,81,64,79,-1,79,64,69,-1,79,69,75,-1,75,69,72,-1,15,24,16,-1,16,24,27,-1,16,27,20,-1,20,27,30,-1,20,30,17,-1,17,30,32,-1,17,32,110,-1,110,32,34,-1,110,34,112,-1,112,34,36,-1,112,36,114,-1,114,36,38,-1,114,38,108,-1,108,38,40,-1,108,40,106,-1,106,40,42,-1,106,42,103,-1,103,42,101,-1,101,42,44,-1,101,44,99,-1,92,52,90,-1,82,86,58,-1,58,86,88,-1,58,88,56,-1,56,88,90,-1,56,90,54,-1,54,90,52,-1,44,46,99,-1,99,46,48,-1,99,48,97,-1,97,48,50,-1,97,50,94,-1,94,50,92,-1,116,117,118,-1,118,117,119,-1,120,121,122,-1,122,121,116,-1,122,116,118,-1,123,121,124,-1,124,121,120,-1,125,126,127,-1,127,126,123,-1,127,123,124,-1,128,126,129,-1,129,126,125,-1,130,131,132,-1,132,131,128,-1,132,128,129,-1,133,131,134,-1,134,131,130,-1,135,136,137,-1,137,136,133,-1,137,133,134,-1,138,136,139,-1,139,136,135,-1,140,141,142,-1,142,141,138,-1,142,138,139,-1,143,141,144,-1,144,141,140,-1,119,117,145,-1,145,117,143,-1,145,143,144,-1,143,117,116,-1,116,121,143,-1,143,121,123,-1,143,123,141,-1,136,138,133,-1,133,138,141,-1,133,141,131,-1,131,141,123,-1,131,123,128,-1,128,123,126,-1,146,147,148,-1,148,147,149,-1,148,149,150,-1,150,149,151,-1,150,151,152,-1,152,151,153,-1,152,153,154,-1,154,153,155,-1,154,155,156,-1,156,155,157,-1,156,157,158,-1,158,157,159,-1,158,159,160,-1,160,159,161,-1,160,161,162,-1,162,161,163,-1,163,161,164,-1,163,164,165,-1,165,164,166,-1,165,166,167,-1,167,166,168,-1,167,168,169,-1,169,168,170,-1,169,170,171,-1,171,170,172,-1,171,172,173,-1,173,172,174,-1,173,174,175,-1,175,174,176,-1,175,176,177,-1,177,176,178,-1,177,178,179,-1,179,178,180,-1,179,180,146,-1,146,180,181,-1,146,181,147,-1,155,153,182,-1,182,153,183,-1,155,182,184,-1,155,184,157,-1,157,184,185,-1,157,185,159,-1,159,185,186,-1,159,186,161,-1,161,186,187,-1,161,187,164,-1,164,187,188,-1,164,188,166,-1,166,188,189,-1,166,189,168,-1,168,189,190,-1,168,190,170,-1,170,190,191,-1,170,191,172,-1,172,191,192,-1,172,192,174,-1,174,192,193,-1,174,193,176,-1,176,193,194,-1,176,194,178,-1,178,194,195,-1,178,195,180,-1,180,195,196,-1,180,196,181,-1,181,196,197,-1,181,197,147,-1,147,197,198,-1,147,198,149,-1,151,149,199,-1,199,149,198,-1,153,151,183,-1,183,151,199,-1,148,150,200,-1,200,150,201,-1,150,152,201,-1,201,152,202,-1,152,154,202,-1,202,154,203,-1,162,204,205,-1,162,205,160,-1,160,205,206,-1,160,206,158,-1,158,206,207,-1,158,207,156,-1,156,207,203,-1,156,203,154,-1,169,208,209,-1,169,209,167,-1,167,209,210,-1,167,210,165,-1,165,210,211,-1,165,211,163,-1,163,211,204,-1,163,204,162,-1,177,212,213,-1,177,213,175,-1,175,213,214,-1,175,214,173,-1,173,214,215,-1,173,215,171,-1,171,215,208,-1,171,208,169,-1,148,200,216,-1,148,216,146,-1,146,216,217,-1,146,217,179,-1,179,217,212,-1,179,212,177,-1,
        ]
    }
}
Shape{
    appearance Appearance {
        material  Material 	{
            diffuseColor 0.2235294117647059 0.2235294117647059 0.2235294117647059
            specularColor 0.11372549019607843 0.11372549019607843 0.11372549019607843
            ambientIntensity 0.2235
            transparency 0.0
            shininess 0.5
        }
    }
    geometry IndexedFaceSet {
        ccw TRUE
        solid FALSE
        coord DEF co Coordinate {
            point [
                -0.1095 0.689 1.016, -0.1091 0.689 0.9543, -0.1216 0.689 1.0159, -0.1207 0.689 0.9542, -0.1533 0.689 0.9856, -0.1524 0.689 0.9945, -0.1504 0.689 1.0007, -0.1474 0.689 1.0053, -0.1447 0.689 1.0082, -0.1531 0.689 0.981, -0.1301 0.689 0.955, -0.1372 0.689 0.9573, -0.1426 0.689 0.9607, -0.1446 0.689 0.9624, -0.1515 0.689 0.9736, -0.1488 0.689 0.9676, -0.1388 0.689 1.0122, -0.1318 0.689 1.0147
            ]
        }
        coordIndex [
            0,1,2,-1,2,1,3,-1,3,4,5,-1,5,6,3,-1,3,6,7,-1,3,7,8,-1,4,3,9,-1,9,3,10,-1,9,10,11,-1,11,12,9,-1,9,12,13,-1,9,13,14,-1,14,13,15,-1,8,16,3,-1,3,16,17,-1,3,17,2,-1,
        ]
    }
}
Shape{
    appearance Appearance {
        material  Material 	{
            diffuseColor 1.0 1.0 1.0
            specularColor 0.5019607843137255 0.5019607843137255 0.5019607843137255
            ambientIntensity 1.0
            transparency 0.0
            shininess 0.5
        }
    }
    geometry IndexedFaceSet {
        ccw TRUE
        solid FALSE
        coord DEF co Coordinate {
            point [
                -0.1909 0.6894 0.9755, -0.2031 0.6894 1.0087, -0.1994 0.6894 1.0246, -0.1683 0.6894 0.9447, -0.1797 0.6894 0.9446, -0.1876 0.6894 0.9665, -0.2039 0.6894 1.0111, -0.2045 0.6894 1.0143, -0.2104 0.6894 1.0245, -0.2047 0.6894 1.0143, -0.2054 0.6894 1.0109, -0.2059 0.6894 1.0087, -0.2178 0.6894 0.9753, -0.2404 0.6894 0.9442, -0.2289 0.6894 0.9443, -0.2209 0.6894 0.9662, -0.2104 0.689 1.0245, -0.2402 0.689 0.9448, -0.2404 0.689 0.9442, -0.1994 0.689 1.0246, -0.1683 0.689 0.9448, -0.1683 0.689 0.9447, -0.1905 0.689 1.0018, -0.1797 0.689 0.9446, -0.1876 0.689 0.9665, -0.1798 0.689 0.9448, -0.2209 0.689 0.9662, -0.1905 0.689 0.9665, -0.2288 0.689 0.9448, -0.2289 0.689 0.9443, -0.1909 0.689 0.9755, -0.2178 0.689 0.9753, -0.2059 0.689 1.0087, -0.2047 0.689 1.0143, -0.2054 0.689 1.0109, -0.2045 0.689 1.0143, -0.2031 0.689 1.0087, -0.2039 0.689 1.0111
            ]
        }
        coordIndex [
            0,1,2,-1,3,4,5,-1,1,6,2,-1,2,6,7,-1,2,7,8,-1,8,7,9,-1,8,9,10,-1,10,11,8,-1,8,11,12,-1,8,12,13,-1,14,13,15,-1,15,13,12,-1,15,12,5,-1,5,12,0,-1,5,0,3,-1,3,0,2,-1,16,8,17,-1,17,8,13,-1,17,13,18,-1,2,8,19,-1,19,8,16,-1,20,21,3,-1,20,3,22,-1,22,3,2,-1,22,2,19,-1,4,3,23,-1,23,3,21,-1,24,5,25,-1,25,5,4,-1,25,4,23,-1,26,15,27,-1,27,15,5,-1,27,5,24,-1,15,26,14,-1,14,26,28,-1,14,28,29,-1,13,14,18,-1,18,14,29,-1,0,12,30,-1,30,12,31,-1,12,11,31,-1,31,11,32,-1,9,33,34,-1,9,34,10,-1,10,34,32,-1,10,32,11,-1,9,7,33,-1,33,7,35,-1,1,36,37,-1,1,37,6,-1,6,37,35,-1,6,35,7,-1,1,0,36,-1,36,0,30,-1,
        ]
    }
}
Shape{
    appearance Appearance {
        material  Material 	{
            diffuseColor 0.2235294117647059 0.2235294117647059 0.2235294117647059
            specularColor 0.11372549019607843 0.11372549019607843 0.11372549019607843
            ambientIntensity 0.2235
            transparency 0.0
            shininess 0.5
        }
    }
    geometry IndexedFaceSet {
        ccw TRUE
        solid FALSE
        coord DEF co Coordinate {
            point [
                -0.2047 0.689 1.0143, -0.2045 0.689 1.0143, -0.2054 0.689 1.0109, -0.2039 0.689 1.0111, -0.2059 0.689 1.0087, -0.2031 0.689 1.0087, -0.2178 0.689 0.9753, -0.1909 0.689 0.9755
            ]
        }
        coordIndex [
            0,1,2,-1,2,1,3,-1,2,3,4,-1,4,3,5,-1,4,5,6,-1,6,5,7,-1,
        ]
    }
}
Shape{
    appearance Appearance {
        material  Material 	{
            diffuseColor 1.0 1.0 1.0
            specularColor 0.5019607843137255 0.5019607843137255 0.5019607843137255
            ambientIntensity 1.0
            transparency 0.0
            shininess 0.5
        }
    }
    geometry IndexedFaceSet {
        ccw TRUE
        solid FALSE
        coord DEF co Coordinate {
            point [
                0.0387 0.6894 0.8283, 0.0388 0.6894 0.8192, 0.0387 0.689 0.8283, 0.0388 0.689 0.8192, 0.0715 0.6894 0.8285, 0.0715 0.689 0.8285, 0.0713 0.6894 0.8554, 0.0713 0.689 0.8554, 0.0426 0.6894 0.8552, 0.0426 0.689 0.8552, 0.0426 0.6894 0.8644, 0.0426 0.689 0.8644, 0.0712 0.6894 0.8646, 0.0712 0.689 0.8646, 0.071 0.6894 0.8902, 0.071 0.689 0.8902, 0.0401 0.6894 0.89, 0.0401 0.689 0.89, 0.0401 0.689 0.8972, 0.0401 0.6894 0.8992, 0.0401 0.689 0.8987, 0.0401 0.689 0.8992, 0.0813 0.6894 0.8995, 0.0813 0.689 0.8995, 0.0819 0.689 0.8195, 0.0819 0.6894 0.8195, 0.0813 0.689 0.8972, 0.0813 0.689 0.8987, -0.0067 0.6894 0.8188, -0.0167 0.6894 0.8188, -0.0068 0.6894 0.8277, -0.017 0.6894 0.8556, -0.007 0.6894 0.8552, 0.0148 0.6894 0.8434, 0.0124 0.6894 0.8445, 0.0065 0.6894 0.8458, -0.0069 0.6894 0.8475, -0.0069 0.6894 0.842, -0.0067 0.6894 0.8596, -0.0161 0.6894 0.8637, -0.0056 0.6894 0.8632, -0.0146 0.6894 0.8681, -0.0045 0.6894 0.8653, -0.0125 0.6894 0.8713, -0.003 0.6894 0.8669, -0.0102 0.6894 0.8735, -0.0012 0.6894 0.8681, -0.0069 0.6894 0.8754, 0.0011 0.6894 0.8689, -0.0027 0.6894 0.8768, 0.0045 0.6894 0.8693, 0.0035 0.6894 0.8774, 0.0104 0.6894 0.8687, 0.0124 0.6894 0.8765, 0.0166 0.6894 0.8666, 0.0201 0.6894 0.874, 0.0233 0.6894 0.8625, 0.0232 0.6894 0.8722, -0.0069 0.6894 0.8414, -0.0062 0.6894 0.8369, -0.0047 0.6894 0.8333, -0.0065 0.6894 0.8277, -0.0025 0.6894 0.8304, -0.0049 0.6894 0.8253, -0.0012 0.6894 0.8292, -0.0017 0.6894 0.8219, 0.0016 0.6894 0.8273, 0.0018 0.6894 0.8196, 0.0047 0.6894 0.8262, 0.0059 0.6894 0.8181, 0.0084 0.6894 0.8258, 0.0111 0.6894 0.8176, 0.0118 0.6894 0.8262, 0.0171 0.6894 0.8183, 0.0141 0.6894 0.8271, 0.0209 0.6894 0.8198, 0.0161 0.6894 0.8284, 0.0243 0.6894 0.8222, 0.0169 0.6894 0.8293, 0.01 0.6894 0.8529, 0.018 0.6894 0.8509, 0.0162 0.6894 0.8424, 0.0222 0.6894 0.8488, 0.0174 0.6894 0.8409, 0.0252 0.6894 0.8461, 0.0183 0.6894 0.839, 0.0273 0.6894 0.8429, 0.0188 0.6894 0.8367, 0.0286 0.6894 0.8392, 0.0189 0.6894 0.8351, 0.0291 0.6894 0.8344, 0.0187 0.6894 0.8328, 0.0286 0.6894 0.8298, 0.018 0.6894 0.831, 0.0274 0.6894 0.8264, 0.0254 0.6894 0.8233, 0.0035 0.689 0.8774, 0.0124 0.689 0.8765, 0.0201 0.689 0.874, 0.0232 0.689 0.8722, 0.0233 0.689 0.8625, 0.0166 0.689 0.8666, 0.0104 0.689 0.8687, 0.0045 0.689 0.8693, 0.0011 0.689 0.8689, -0.0012 0.689 0.8681, -0.003 0.689 0.8669, -0.0045 0.689 0.8653, -0.0056 0.689 0.8632, -0.0067 0.689 0.8596, -0.007 0.689 0.8552, 0.01 0.689 0.8529, 0.018 0.689 0.8509, 0.0222 0.689 0.8488, 0.0252 0.689 0.8461, 0.0273 0.689 0.8429, 0.0286 0.689 0.8392, 0.0291 0.689 0.8344, 0.0286 0.689 0.8298, 0.0274 0.689 0.8264, 0.0254 0.689 0.8233, 0.0243 0.689 0.8222, 0.0209 0.689 0.8198, 0.0171 0.689 0.8183, 0.0111 0.689 0.8176, 0.0059 0.689 0.8181, 0.0018 0.689 0.8196, -0.0017 0.689 0.8219, -0.0049 0.689 0.8253, -0.0065 0.689 0.8277, -0.0068 0.689 0.8277, -0.0067 0.689 0.8188, -0.0167 0.689 0.8188, -0.017 0.689 0.8556, -0.0161 0.689 0.8637, -0.0146 0.689 0.8681, -0.0125 0.689 0.8713, -0.0102 0.689 0.8735, -0.0069 0.689 0.8754, -0.0027 0.689 0.8768, 0.0162 0.689 0.8424, 0.0148 0.689 0.8434, 0.0124 0.689 0.8445, 0.0065 0.689 0.8458, 0.0189 0.689 0.8351, 0.0188 0.689 0.8367, 0.0183 0.689 0.839, 0.0174 0.689 0.8409, 0.0161 0.689 0.8284, 0.0169 0.689 0.8293, 0.018 0.689 0.831, 0.0187 0.689 0.8328, 0.0084 0.689 0.8258, 0.0118 0.689 0.8262, 0.0141 0.689 0.8271, -0.0025 0.689 0.8304, -0.0012 0.689 0.8292, 0.0016 0.689 0.8273, 0.0047 0.689 0.8262, -0.0069 0.689 0.842, -0.0069 0.689 0.8414, -0.0062 0.689 0.8369, -0.0047 0.689 0.8333, -0.0069 0.689 0.8475
            ]
        }
        coordIndex [
            0,1,2,-1,2,1,3,-1,4,0,5,-1,5,0,2,-1,6,4,7,-1,7,4,5,-1,8,6,9,-1,9,6,7,-1,10,8,11,-1,11,8,9,-1,12,10,13,-1,13,10,11,-1,14,12,15,-1,15,12,13,-1,16,14,17,-1,17,14,15,-1,16,17,18,-1,16,18,19,-1,19,18,20,-1,19,20,21,-1,22,19,23,-1,23,19,21,-1,24,25,26,-1,26,25,22,-1,26,22,27,-1,27,22,23,-1,1,25,3,-1,3,25,24,-1,25,1,0,-1,0,4,25,-1,25,4,6,-1,25,6,22,-1,16,19,14,-1,14,19,22,-1,14,22,12,-1,12,22,6,-1,12,6,10,-1,10,6,8,-1,28,29,30,-1,30,29,31,-1,32,33,34,-1,35,36,31,-1,31,36,37,-1,34,35,32,-1,32,35,31,-1,32,31,38,-1,38,31,39,-1,38,39,40,-1,40,39,41,-1,40,41,42,-1,42,41,43,-1,42,43,44,-1,44,43,45,-1,44,45,46,-1,46,45,47,-1,46,47,48,-1,48,47,49,-1,48,49,50,-1,50,49,51,-1,50,51,52,-1,52,51,53,-1,52,53,54,-1,54,53,55,-1,54,55,56,-1,56,55,57,-1,37,58,31,-1,31,58,59,-1,31,59,30,-1,30,59,60,-1,30,60,61,-1,61,60,62,-1,61,62,63,-1,63,62,64,-1,63,64,65,-1,65,64,66,-1,65,66,67,-1,67,66,68,-1,67,68,69,-1,69,68,70,-1,69,70,71,-1,71,70,72,-1,71,72,73,-1,73,72,74,-1,73,74,75,-1,75,74,76,-1,75,76,77,-1,77,76,78,-1,32,79,33,-1,33,79,80,-1,33,80,81,-1,81,80,82,-1,81,82,83,-1,83,82,84,-1,83,84,85,-1,85,84,86,-1,85,86,87,-1,87,86,88,-1,87,88,89,-1,89,88,90,-1,89,90,91,-1,91,90,92,-1,91,92,93,-1,93,92,94,-1,93,94,78,-1,78,94,95,-1,78,95,77,-1,51,96,97,-1,51,97,53,-1,53,97,98,-1,53,98,55,-1,55,98,99,-1,55,99,57,-1,56,57,100,-1,100,57,99,-1,56,100,101,-1,56,101,54,-1,54,101,102,-1,54,102,52,-1,52,102,103,-1,52,103,50,-1,50,103,104,-1,50,104,48,-1,48,104,105,-1,48,105,46,-1,46,105,106,-1,46,106,44,-1,44,106,107,-1,44,107,42,-1,42,107,108,-1,42,108,40,-1,40,108,109,-1,40,109,38,-1,38,109,110,-1,38,110,32,-1,79,32,111,-1,111,32,110,-1,79,111,112,-1,79,112,80,-1,80,112,113,-1,80,113,82,-1,82,113,114,-1,82,114,84,-1,84,114,115,-1,84,115,86,-1,86,115,116,-1,86,116,88,-1,88,116,117,-1,88,117,90,-1,90,117,118,-1,90,118,92,-1,92,118,119,-1,92,119,94,-1,94,119,120,-1,94,120,95,-1,95,120,121,-1,95,121,77,-1,77,121,122,-1,77,122,75,-1,75,122,123,-1,75,123,73,-1,73,123,124,-1,73,124,71,-1,71,124,125,-1,71,125,69,-1,69,125,126,-1,69,126,67,-1,67,126,127,-1,67,127,65,-1,65,127,128,-1,65,128,63,-1,63,128,129,-1,63,129,61,-1,30,61,130,-1,130,61,129,-1,28,30,131,-1,131,30,130,-1,29,28,132,-1,132,28,131,-1,31,29,133,-1,133,29,132,-1,31,133,134,-1,31,134,39,-1,39,134,135,-1,39,135,41,-1,41,135,136,-1,41,136,43,-1,43,136,137,-1,43,137,45,-1,45,137,138,-1,45,138,47,-1,47,138,139,-1,47,139,49,-1,49,139,96,-1,49,96,51,-1,81,140,141,-1,81,141,33,-1,33,141,142,-1,33,142,34,-1,34,142,143,-1,34,143,35,-1,89,144,145,-1,89,145,87,-1,87,145,146,-1,87,146,85,-1,85,146,147,-1,85,147,83,-1,83,147,140,-1,83,140,81,-1,76,148,149,-1,76,149,78,-1,78,149,150,-1,78,150,93,-1,93,150,151,-1,93,151,91,-1,91,151,144,-1,91,144,89,-1,70,152,153,-1,70,153,72,-1,72,153,154,-1,72,154,74,-1,74,154,148,-1,74,148,76,-1,62,155,156,-1,62,156,64,-1,64,156,157,-1,64,157,66,-1,66,157,158,-1,66,158,68,-1,68,158,152,-1,68,152,70,-1,37,159,160,-1,37,160,58,-1,58,160,161,-1,58,161,59,-1,59,161,162,-1,59,162,60,-1,60,162,155,-1,60,155,62,-1,37,36,159,-1,159,36,163,-1,36,35,163,-1,163,35,143,-1,
        ]
    }
}
Shape{
    appearance Appearance {
        material  Material 	{
            diffuseColor 0.2235294117647059 0.2235294117647059 0.2235294117647059
            specularColor 0.11372549019607843 0.11372549019607843 0.11372549019607843
            ambientIntensity 0.2235
            transparency 0.0
            shininess 0.5
        }
    }
    geometry IndexedFaceSet {
        ccw TRUE
        solid FALSE
        coord DEF co Coordinate {
            point [
                -0.0069 0.689 0.8475, 0.0065 0.689 0.8458, -0.0069 0.689 0.842, 0.0124 0.689 0.8445, 0.0148 0.689 0.8434, 0.0162 0.689 0.8424, -0.0069 0.689 0.8414, -0.0062 0.689 0.8369, 0.0174 0.689 0.8409, -0.0047 0.689 0.8333, 0.0169 0.689 0.8293, 0.0161 0.689 0.8284, -0.0012 0.689 0.8292, 0.018 0.689 0.831, 0.0016 0.689 0.8273, 0.0047 0.689 0.8262, 0.0084 0.689 0.8258, 0.0183 0.689 0.839, 0.0188 0.689 0.8367, -0.0025 0.689 0.8304, 0.0189 0.689 0.8351, 0.0187 0.689 0.8328, 0.0141 0.689 0.8271, 0.0118 0.689 0.8262
            ]
        }
        coordIndex [
            0,1,2,-1,2,1,3,-1,3,4,2,-1,2,4,5,-1,2,5,6,-1,6,5,7,-1,7,5,8,-1,7,8,9,-1,10,11,12,-1,10,12,13,-1,14,12,15,-1,15,12,16,-1,8,17,9,-1,9,17,18,-1,9,18,19,-1,19,18,20,-1,19,20,12,-1,12,20,21,-1,12,21,13,-1,11,22,12,-1,12,22,23,-1,12,23,16,-1,
        ]
    }
}
Shape{
    appearance Appearance {
        material  Material 	{
            diffuseColor 1.0 1.0 1.0
            specularColor 0.5019607843137255 0.5019607843137255 0.5019607843137255
            ambientIntensity 1.0
            transparency 0.0
            shininess 0.5
        }
    }
    geometry IndexedFaceSet {
        ccw TRUE
        solid FALSE
        coord DEF co Coordinate {
            point [
                -0.0304 0.689 0.831, -0.0304 0.6894 0.831, -0.0337 0.6894 0.8289, -0.0469 0.6894 0.8254, -0.0469 0.689 0.8254, -0.04 0.689 0.8263, -0.04 0.6894 0.8263, -0.0354 0.689 0.8282, -0.0337 0.689 0.8289, -0.0303 0.6894 0.8207, -0.0303 0.689 0.8207, -0.0458 0.689 0.8172, -0.0458 0.6894 0.8172, -0.0372 0.6894 0.8182, -0.0354 0.689 0.8188, -0.0372 0.689 0.8182, -0.0543 0.689 0.8181, -0.0543 0.6894 0.8181, -0.0597 0.689 0.82, -0.0597 0.6894 0.82, -0.0625 0.689 0.8216, -0.0625 0.6894 0.8216, -0.0654 0.689 0.8241, -0.0654 0.6894 0.8241, -0.0673 0.689 0.8267, -0.0673 0.6894 0.8267, -0.0686 0.689 0.8299, -0.0686 0.6894 0.8299, -0.0691 0.689 0.8339, -0.0691 0.6894 0.8339, -0.0687 0.689 0.8377, -0.0687 0.6894 0.8377, -0.0676 0.689 0.8406, -0.0676 0.6894 0.8406, -0.0658 0.689 0.8434, -0.0658 0.6894 0.8434, -0.0634 0.689 0.8456, -0.0634 0.6894 0.8456, -0.0568 0.689 0.8493, -0.0568 0.6894 0.8493, -0.0529 0.689 0.8509, -0.0529 0.6894 0.8509, -0.0467 0.689 0.8537, -0.0467 0.6894 0.8537, -0.0432 0.689 0.8559, -0.0432 0.6894 0.8559, -0.0422 0.689 0.857, -0.0422 0.6894 0.857, -0.0415 0.689 0.8583, -0.0415 0.6894 0.8583, -0.0411 0.689 0.8599, -0.0411 0.6894 0.8599, -0.041 0.689 0.8612, -0.041 0.6894 0.8612, -0.0412 0.689 0.8628, -0.0412 0.6894 0.8628, -0.0417 0.689 0.8642, -0.0417 0.6894 0.8642, -0.0426 0.689 0.8655, -0.0426 0.6894 0.8655, -0.0441 0.689 0.8668, -0.0441 0.6894 0.8668, -0.0464 0.689 0.868, -0.0464 0.6894 0.868, -0.0491 0.689 0.8687, -0.0491 0.6894 0.8687, -0.052 0.689 0.8689, -0.052 0.6894 0.8689, -0.0592 0.689 0.8679, -0.0592 0.6894 0.8679, -0.0648 0.689 0.8656, -0.0648 0.6894 0.8656, -0.0665 0.689 0.8646, -0.0665 0.6894 0.8646, -0.0666 0.6894 0.8744, -0.0666 0.689 0.8744, -0.0593 0.689 0.8765, -0.0593 0.6894 0.8765, -0.0531 0.689 0.877, -0.0531 0.6894 0.877, -0.0453 0.689 0.8761, -0.0453 0.6894 0.8761, -0.0398 0.689 0.8741, -0.0398 0.6894 0.8741, -0.0372 0.689 0.8726, -0.0372 0.6894 0.8726, -0.0342 0.6894 0.8699, -0.0354 0.689 0.871, -0.0342 0.689 0.8699, -0.0323 0.689 0.8672, -0.0323 0.6894 0.8672, -0.0311 0.689 0.864, -0.0311 0.6894 0.864, -0.0307 0.689 0.8604, -0.0307 0.6894 0.8604, -0.0311 0.689 0.8565, -0.0311 0.6894 0.8565, -0.0322 0.689 0.8534, -0.0322 0.6894 0.8534, -0.0335 0.689 0.8513, -0.0335 0.6894 0.8513, -0.0458 0.689 0.8437, -0.0458 0.6894 0.8437, -0.0398 0.6894 0.8465, -0.0351 0.689 0.8496, -0.0351 0.6894 0.8496, -0.0354 0.689 0.8494, -0.0398 0.689 0.8465, -0.0523 0.689 0.8409, -0.0523 0.6894 0.8409, -0.0562 0.689 0.8385, -0.0562 0.6894 0.8385, -0.0575 0.689 0.8372, -0.0575 0.6894 0.8372, -0.0582 0.689 0.8358, -0.0582 0.6894 0.8358, -0.0587 0.689 0.8343, -0.0587 0.6894 0.8343, -0.0588 0.689 0.833, -0.0588 0.6894 0.833, -0.0585 0.689 0.8311, -0.0585 0.6894 0.8311, -0.058 0.689 0.8297, -0.058 0.6894 0.8297, -0.0571 0.689 0.8284, -0.0571 0.6894 0.8284, -0.056 0.689 0.8274, -0.056 0.6894 0.8274, -0.0551 0.689 0.8268, -0.0551 0.6894 0.8268, -0.0525 0.689 0.8259, -0.0525 0.6894 0.8259, -0.0473 0.689 0.8254, -0.0473 0.6894 0.8254, -0.1191 0.6894 0.8752, -0.1295 0.6894 0.8751, -0.1191 0.689 0.8752, -0.1295 0.689 0.8751, -0.1032 0.6894 0.8323, -0.1032 0.689 0.8323, -0.1024 0.689 0.8296, -0.1024 0.6894 0.8296, -0.1019 0.689 0.8277, -0.1019 0.6894 0.8277, -0.1016 0.6894 0.8277, -0.1016 0.689 0.8277, -0.1004 0.6894 0.8324, -0.1004 0.689 0.8324, -0.0858 0.689 0.8755, -0.0858 0.6894 0.8755, -0.0912 0.689 0.8597, -0.0746 0.6894 0.8755, -0.0746 0.689 0.8755, -0.0966 0.689 0.8183, -0.0966 0.6894 0.8183, -0.0912 0.689 0.8325, -0.0921 0.6894 0.8079, -0.0921 0.689 0.8079, -0.0912 0.689 0.8062, -0.0901 0.6894 0.8044, -0.0901 0.689 0.8044, -0.0883 0.689 0.8023, -0.0883 0.6894 0.8023, -0.0864 0.689 0.801, -0.0864 0.6894 0.801, -0.0842 0.689 0.8002, -0.0842 0.6894 0.8002, -0.0818 0.689 0.8, -0.0818 0.6894 0.8, -0.0782 0.689 0.8005, -0.0782 0.6894 0.8005, -0.0761 0.689 0.8011, -0.0761 0.6894 0.8011, -0.0761 0.6894 0.7922, -0.0761 0.689 0.7922, -0.0803 0.689 0.7914, -0.0803 0.6894 0.7914, -0.0825 0.689 0.7914, -0.0825 0.6894 0.7914, -0.0866 0.689 0.7918, -0.0866 0.6894 0.7918, -0.0905 0.689 0.7933, -0.0905 0.6894 0.7933, -0.0912 0.689 0.7937, -0.0941 0.6894 0.7957, -0.0941 0.689 0.7957, -0.0947 0.689 0.7963, -0.0947 0.6894 0.7963, -0.0984 0.689 0.8007, -0.0984 0.6894 0.8007, -0.1031 0.689 0.8095, -0.1031 0.6894 0.8095, -0.183 0.6894 0.8267, -0.1829 0.6894 0.8176, -0.183 0.689 0.8267, -0.1829 0.689 0.8176, -0.1503 0.689 0.8269, -0.1503 0.6894 0.8269, -0.1663 0.689 0.8268, -0.1505 0.6894 0.8539, -0.1505 0.689 0.8539, -0.1791 0.689 0.8537, -0.1791 0.6894 0.8537, -0.1663 0.689 0.8538, -0.1792 0.6894 0.8628, -0.1792 0.689 0.8628, -0.1505 0.689 0.863, -0.1505 0.6894 0.863, -0.1663 0.689 0.8629, -0.1507 0.6894 0.8887, -0.1507 0.689 0.8887, -0.1816 0.689 0.8884, -0.1816 0.6894 0.8884, -0.1663 0.689 0.8886, -0.1817 0.6894 0.8977, -0.1817 0.689 0.8972, -0.1817 0.689 0.8977, -0.1404 0.689 0.898, -0.1404 0.6894 0.898, -0.1663 0.689 0.8978, -0.1399 0.689 0.8179, -0.1399 0.6894 0.8179, -0.1404 0.689 0.8972, -0.1663 0.689 0.8177, -0.2312 0.6894 0.887, -0.2231 0.6894 0.8973, -0.221 0.6894 0.8882, -0.2215 0.6894 0.8974, -0.2089 0.6894 0.8883, -0.1986 0.6894 0.8975, -0.2085 0.6894 0.8265, -0.1981 0.6894 0.8175, -0.2201 0.6894 0.8264, -0.2201 0.6894 0.8173, -0.2295 0.6894 0.8273, -0.2336 0.6894 0.8188, -0.2366 0.6894 0.8296, -0.2427 0.6894 0.8223, -0.242 0.6894 0.8329, -0.2513 0.6894 0.8283, -0.2439 0.6894 0.8346, -0.2482 0.6894 0.8399, -0.2567 0.6894 0.8346, -0.2509 0.6894 0.8459, -0.2609 0.6894 0.8427, -0.2524 0.6894 0.8533, -0.2631 0.6894 0.8519, -0.2527 0.6894 0.8579, -0.2635 0.6894 0.8581, -0.2518 0.6894 0.8668, -0.2623 0.6894 0.869, -0.2497 0.6894 0.8729, -0.2594 0.6894 0.8767, -0.2468 0.6894 0.8776, -0.2545 0.6894 0.8837, -0.244 0.6894 0.8805, -0.2517 0.6894 0.8866, -0.2381 0.6894 0.8844, -0.2446 0.6894 0.8916, -0.2352 0.6894 0.8956, -0.2201 0.689 0.8173, -0.1981 0.689 0.8175, -0.2336 0.689 0.8188, -0.2427 0.689 0.8223, -0.2513 0.689 0.8283, -0.2567 0.689 0.8346, -0.2609 0.689 0.8427, -0.2631 0.689 0.8519, -0.2635 0.689 0.8581, -0.2623 0.689 0.869, -0.2594 0.689 0.8767, -0.2545 0.689 0.8837, -0.2517 0.689 0.8866, -0.2352 0.689 0.8956, -0.2446 0.689 0.8916, -0.2242 0.689 0.8972, -0.2231 0.689 0.8973, -0.2215 0.689 0.8974, -0.1986 0.689 0.8975, -0.1986 0.689 0.8972, -0.221 0.689 0.8882, -0.2089 0.689 0.8883, -0.2085 0.689 0.8265, -0.2201 0.689 0.8264, -0.2439 0.689 0.8346, -0.242 0.689 0.8329, -0.2366 0.689 0.8296, -0.2295 0.689 0.8273, -0.2527 0.689 0.8579, -0.2524 0.689 0.8533, -0.2509 0.689 0.8459, -0.2482 0.689 0.8399, -0.244 0.689 0.8805, -0.2468 0.689 0.8776, -0.2497 0.689 0.8729, -0.2518 0.689 0.8668, -0.2312 0.689 0.887, -0.2381 0.689 0.8844
            ]
        }
        coordIndex [
            0,1,2,-1,3,4,5,-1,3,5,6,-1,6,5,7,-1,6,7,2,-1,2,7,8,-1,2,8,0,-1,9,1,10,-1,10,1,0,-1,11,12,13,-1,9,10,14,-1,9,14,13,-1,13,14,15,-1,13,15,11,-1,12,11,16,-1,12,16,17,-1,17,16,18,-1,17,18,19,-1,19,18,20,-1,19,20,21,-1,21,20,22,-1,21,22,23,-1,23,22,24,-1,23,24,25,-1,25,24,26,-1,25,26,27,-1,27,26,28,-1,27,28,29,-1,29,28,30,-1,29,30,31,-1,31,30,32,-1,31,32,33,-1,33,32,34,-1,33,34,35,-1,35,34,36,-1,35,36,37,-1,37,36,38,-1,37,38,39,-1,39,38,40,-1,39,40,41,-1,41,40,42,-1,41,42,43,-1,43,42,44,-1,43,44,45,-1,45,44,46,-1,45,46,47,-1,47,46,48,-1,47,48,49,-1,49,48,50,-1,49,50,51,-1,51,50,52,-1,51,52,53,-1,53,52,54,-1,53,54,55,-1,55,54,56,-1,55,56,57,-1,57,56,58,-1,57,58,59,-1,59,58,60,-1,59,60,61,-1,61,60,62,-1,61,62,63,-1,63,62,64,-1,63,64,65,-1,65,64,66,-1,65,66,67,-1,67,66,68,-1,67,68,69,-1,69,68,70,-1,69,70,71,-1,71,70,72,-1,71,72,73,-1,74,73,75,-1,75,73,72,-1,74,75,76,-1,74,76,77,-1,77,76,78,-1,77,78,79,-1,79,78,80,-1,79,80,81,-1,81,80,82,-1,81,82,83,-1,83,82,84,-1,83,84,85,-1,86,85,87,-1,87,85,84,-1,87,88,86,-1,86,88,89,-1,86,89,90,-1,90,89,91,-1,90,91,92,-1,92,91,93,-1,92,93,94,-1,94,93,95,-1,94,95,96,-1,96,95,97,-1,96,97,98,-1,98,97,99,-1,98,99,100,-1,101,102,103,-1,100,99,104,-1,100,104,105,-1,105,104,106,-1,105,106,103,-1,103,106,107,-1,103,107,101,-1,102,101,108,-1,102,108,109,-1,109,108,110,-1,109,110,111,-1,111,110,112,-1,111,112,113,-1,113,112,114,-1,113,114,115,-1,115,114,116,-1,115,116,117,-1,117,116,118,-1,117,118,119,-1,119,118,120,-1,119,120,121,-1,121,120,122,-1,121,122,123,-1,123,122,124,-1,123,124,125,-1,125,124,126,-1,125,126,127,-1,127,126,128,-1,127,128,129,-1,129,128,130,-1,129,130,131,-1,131,130,132,-1,131,132,133,-1,133,132,4,-1,133,4,3,-1,59,61,83,-1,83,61,81,-1,109,41,102,-1,102,41,43,-1,12,3,13,-1,13,3,6,-1,13,6,9,-1,9,6,2,-1,9,2,1,-1,61,63,81,-1,81,63,65,-1,81,65,79,-1,79,65,67,-1,79,67,77,-1,77,67,69,-1,77,69,74,-1,74,69,71,-1,74,71,73,-1,19,21,125,-1,125,21,23,-1,125,23,123,-1,123,23,25,-1,123,25,121,-1,121,25,27,-1,121,27,119,-1,119,27,29,-1,119,29,117,-1,117,29,31,-1,117,31,115,-1,115,31,33,-1,115,33,113,-1,113,33,35,-1,113,35,111,-1,111,35,37,-1,111,37,109,-1,109,37,39,-1,109,39,41,-1,125,127,19,-1,19,127,129,-1,19,129,17,-1,17,129,131,-1,17,131,12,-1,12,131,133,-1,12,133,3,-1,83,85,59,-1,59,85,86,-1,59,86,57,-1,57,86,90,-1,57,90,55,-1,55,90,92,-1,55,92,53,-1,53,92,94,-1,53,94,51,-1,51,94,96,-1,51,96,49,-1,49,96,98,-1,49,98,47,-1,47,98,100,-1,47,100,45,-1,45,100,105,-1,45,105,43,-1,43,105,103,-1,43,103,102,-1,134,135,136,-1,136,135,137,-1,138,134,139,-1,139,134,136,-1,138,139,140,-1,138,140,141,-1,141,140,142,-1,141,142,143,-1,144,143,145,-1,145,143,142,-1,146,144,147,-1,147,144,145,-1,148,149,150,-1,150,149,146,-1,150,146,147,-1,151,149,152,-1,152,149,148,-1,153,154,155,-1,155,154,151,-1,155,151,152,-1,156,154,157,-1,157,154,153,-1,156,157,158,-1,156,158,159,-1,158,160,159,-1,159,160,161,-1,159,161,162,-1,162,161,163,-1,162,163,164,-1,164,163,165,-1,164,165,166,-1,166,165,167,-1,166,167,168,-1,168,167,169,-1,168,169,170,-1,170,169,171,-1,170,171,172,-1,173,172,174,-1,174,172,171,-1,173,174,175,-1,173,175,176,-1,176,175,177,-1,176,177,178,-1,178,177,179,-1,178,179,180,-1,180,179,181,-1,180,181,182,-1,182,181,183,-1,182,183,184,-1,183,185,184,-1,184,185,186,-1,184,186,187,-1,187,186,188,-1,187,188,189,-1,189,188,190,-1,189,190,191,-1,135,191,137,-1,137,191,190,-1,141,143,191,-1,135,134,191,-1,191,134,138,-1,191,138,141,-1,149,151,146,-1,146,151,154,-1,146,154,144,-1,189,159,187,-1,187,159,162,-1,172,173,170,-1,170,173,176,-1,170,176,168,-1,168,176,178,-1,168,178,166,-1,166,178,180,-1,166,180,164,-1,164,180,182,-1,164,182,162,-1,162,182,184,-1,162,184,187,-1,143,144,191,-1,191,144,154,-1,191,154,189,-1,189,154,156,-1,189,156,159,-1,192,193,194,-1,194,193,195,-1,196,197,198,-1,198,197,192,-1,198,192,194,-1,199,197,200,-1,200,197,196,-1,201,202,203,-1,203,202,199,-1,203,199,200,-1,204,202,205,-1,205,202,201,-1,206,207,208,-1,208,207,204,-1,208,204,205,-1,209,207,210,-1,210,207,206,-1,211,212,213,-1,213,212,209,-1,213,209,210,-1,212,211,214,-1,214,211,215,-1,214,215,216,-1,217,218,219,-1,219,218,214,-1,219,214,216,-1,220,221,222,-1,222,221,218,-1,222,218,217,-1,195,193,223,-1,223,193,221,-1,223,221,220,-1,221,193,192,-1,192,197,221,-1,221,197,199,-1,221,199,218,-1,212,214,209,-1,209,214,218,-1,209,218,207,-1,207,218,199,-1,207,199,204,-1,204,199,202,-1,224,225,226,-1,226,225,227,-1,226,227,228,-1,228,227,229,-1,228,229,230,-1,230,229,231,-1,230,231,232,-1,232,231,233,-1,232,233,234,-1,234,233,235,-1,234,235,236,-1,236,235,237,-1,236,237,238,-1,238,237,239,-1,238,239,240,-1,240,239,241,-1,241,239,242,-1,241,242,243,-1,243,242,244,-1,243,244,245,-1,245,244,246,-1,245,246,247,-1,247,246,248,-1,247,248,249,-1,249,248,250,-1,249,250,251,-1,251,250,252,-1,251,252,253,-1,253,252,254,-1,253,254,255,-1,255,254,256,-1,255,256,257,-1,257,256,258,-1,257,258,224,-1,224,258,259,-1,224,259,225,-1,233,231,260,-1,260,231,261,-1,233,260,262,-1,233,262,235,-1,235,262,263,-1,235,263,237,-1,237,263,264,-1,237,264,239,-1,239,264,265,-1,239,265,242,-1,242,265,266,-1,242,266,244,-1,244,266,267,-1,244,267,246,-1,246,267,268,-1,246,268,248,-1,248,268,269,-1,248,269,250,-1,250,269,270,-1,250,270,252,-1,252,270,271,-1,252,271,254,-1,254,271,272,-1,254,272,256,-1,273,258,274,-1,274,258,256,-1,274,256,272,-1,275,225,273,-1,273,225,259,-1,273,259,258,-1,275,276,225,-1,225,276,277,-1,225,277,227,-1,229,227,278,-1,278,227,277,-1,261,231,279,-1,279,231,229,-1,279,229,278,-1,226,228,280,-1,280,228,281,-1,228,230,281,-1,281,230,282,-1,230,232,282,-1,282,232,283,-1,240,284,285,-1,240,285,238,-1,238,285,286,-1,238,286,236,-1,236,286,287,-1,236,287,234,-1,234,287,283,-1,234,283,232,-1,247,288,289,-1,247,289,245,-1,245,289,290,-1,245,290,243,-1,243,290,291,-1,243,291,241,-1,241,291,284,-1,241,284,240,-1,255,292,293,-1,255,293,253,-1,253,293,294,-1,253,294,251,-1,251,294,295,-1,251,295,249,-1,249,295,288,-1,249,288,247,-1,226,280,296,-1,226,296,224,-1,224,296,297,-1,224,297,257,-1,257,297,292,-1,257,292,255,-1,
        ]
    }
}
Shape{
    appearance Appearance {
        material  Material 	{
            diffuseColor 0.2235294117647059 0.2235294117647059 0.2235294117647059
            specularColor 0.11372549019607843 0.11372549019607843 0.11372549019607843
            ambientIntensity 0.2235
            transparency 0.0
            shininess 0.5
        }
    }
    geometry IndexedFaceSet {
        ccw TRUE
        solid FALSE
        coord DEF co Coordinate {
            point [
                -0.2089 0.689 0.8883, -0.2085 0.689 0.8265, -0.221 0.689 0.8882, -0.2201 0.689 0.8264, -0.2527 0.689 0.8579, -0.2518 0.689 0.8668, -0.2497 0.689 0.8729, -0.2468 0.689 0.8776, -0.244 0.689 0.8805, -0.2524 0.689 0.8533, -0.2295 0.689 0.8273, -0.2366 0.689 0.8296, -0.242 0.689 0.8329, -0.2439 0.689 0.8346, -0.2509 0.689 0.8459, -0.2482 0.689 0.8399, -0.2381 0.689 0.8844, -0.2312 0.689 0.887
            ]
        }
        coordIndex [
            0,1,2,-1,2,1,3,-1,3,4,5,-1,5,6,3,-1,3,6,7,-1,3,7,8,-1,4,3,9,-1,9,3,10,-1,9,10,11,-1,11,12,9,-1,9,12,13,-1,9,13,14,-1,14,13,15,-1,8,16,3,-1,3,16,17,-1,3,17,2,-1,
        ]
    }
}
Shape{
    appearance Appearance {
        material  Material 	{
            diffuseColor 1.0 1.0 1.0
            specularColor 0.5019607843137255 0.5019607843137255 0.5019607843137255
            ambientIntensity 1.0
            transparency 0.0
            shininess 0.5
        }
    }
    geometry IndexedFaceSet {
        ccw TRUE
        solid FALSE
        coord DEF co Coordinate {
            point [
                -0.2903 0.6894 0.8478, -0.3025 0.6894 0.881, -0.2988 0.6894 0.8968, -0.2677 0.6894 0.817, -0.2791 0.6894 0.8169, -0.287 0.6894 0.8387, -0.3032 0.6894 0.8833, -0.3039 0.6894 0.8866, -0.3098 0.6894 0.8967, -0.3041 0.6894 0.8866, -0.3047 0.6894 0.8832, -0.3053 0.6894 0.8809, -0.3172 0.6894 0.8476, -0.3397 0.6894 0.8165, -0.3283 0.6894 0.8165, -0.3203 0.6894 0.8385, -0.3098 0.689 0.8967, -0.3397 0.689 0.8165, -0.2988 0.689 0.8968, -0.2677 0.689 0.817, -0.2791 0.689 0.8169, -0.287 0.689 0.8387, -0.3203 0.689 0.8385, -0.3283 0.689 0.8165, -0.2903 0.689 0.8478, -0.3172 0.689 0.8476, -0.3053 0.689 0.8809, -0.3041 0.689 0.8866, -0.3047 0.689 0.8832, -0.3039 0.689 0.8866, -0.3025 0.689 0.881, -0.3032 0.689 0.8833
            ]
        }
        coordIndex [
            0,1,2,-1,3,4,5,-1,1,6,2,-1,2,6,7,-1,2,7,8,-1,8,7,9,-1,8,9,10,-1,10,11,8,-1,8,11,12,-1,8,12,13,-1,14,13,15,-1,15,13,12,-1,15,12,5,-1,5,12,0,-1,5,0,3,-1,3,0,2,-1,8,13,16,-1,16,13,17,-1,2,8,18,-1,18,8,16,-1,3,2,19,-1,19,2,18,-1,4,3,20,-1,20,3,19,-1,5,4,21,-1,21,4,20,-1,15,5,22,-1,22,5,21,-1,14,15,23,-1,23,15,22,-1,13,14,17,-1,17,14,23,-1,0,12,24,-1,24,12,25,-1,12,11,25,-1,25,11,26,-1,9,27,28,-1,9,28,10,-1,10,28,26,-1,10,26,11,-1,9,7,27,-1,27,7,29,-1,1,30,31,-1,1,31,6,-1,6,31,29,-1,6,29,7,-1,1,0,30,-1,30,0,24,-1,
        ]
    }
}
Shape{
    appearance Appearance {
        material  Material 	{
            diffuseColor 0.2235294117647059 0.2235294117647059 0.2235294117647059
            specularColor 0.11372549019607843 0.11372549019607843 0.11372549019607843
            ambientIntensity 0.2235
            transparency 0.0
            shininess 0.5
        }
    }
    geometry IndexedFaceSet {
        ccw TRUE
        solid FALSE
        coord DEF co Coordinate {
            point [
                -0.3041 0.689 0.8866, -0.3039 0.689 0.8866, -0.3047 0.689 0.8832, -0.3032 0.689 0.8833, -0.3053 0.689 0.8809, -0.3025 0.689 0.881, -0.3172 0.689 0.8476, -0.2903 0.689 0.8478
            ]
        }
        coordIndex [
            0,1,2,-1,2,1,3,-1,2,3,4,-1,4,3,5,-1,4,5,6,-1,6,5,7,-1,
        ]
    }
}
Shape{
    appearance Appearance {
        material  Material 	{
            diffuseColor 1.0 1.0 1.0
            specularColor 0.5019607843137255 0.5019607843137255 0.5019607843137255
            ambientIntensity 1.0
            transparency 0.0
            shininess 0.5
        }
    }
    geometry IndexedFaceSet {
        ccw TRUE
        solid FALSE
        coord DEF co Coordinate {
            point [
                0.4355 0.6894 0.8106, 0.4271 0.6894 0.8001, 0.4403 0.6894 0.861, 0.25 0.6894 0.8875, 0.2674 0.6894 0.9178, 0.344 0.6894 0.8785, 0.3827 0.6894 0.8618, 0.3774 0.6894 0.8599, 0.4496 0.6894 0.96, 0.4369 0.6894 0.9666, 0.4396 0.6894 1.0017, 0.404 0.6894 1.0031, 0.3867 0.6894 0.9614, 0.3779 0.6894 0.9793, 0.4527 0.6894 0.8687, 0.4484 0.6894 0.8251, 0.4412 0.6894 0.8229, 0.4171 0.6894 1.0043, 0.3728 0.6894 0.8567, 0.3692 0.6894 0.8526, 0.33 0.6894 0.846, 0.393 0.6894 0.8617, 0.4002 0.6894 0.8966, 0.3979 0.6894 0.8597, 0.4128 0.6894 0.8919, 0.4024 0.6894 0.8566, 0.4245 0.6894 0.8839, 0.4047 0.6894 0.8542, 0.434 0.6894 0.8732, 0.4077 0.6894 0.8495, 0.4094 0.6894 0.8442, 0.4097 0.6894 0.8387, 0.3659 0.6894 0.8942, 0.3797 0.6894 0.8977, 0.3866 0.6894 0.8982, 0.2308 0.6894 0.9438, 0.2263 0.6894 0.9437, 0.2027 0.6894 0.9743, 0.2154 0.6894 0.9423, 0.2 0.6894 0.9734, 0.2055 0.6894 0.9384, 0.1831 0.6894 0.9648, 0.1677 0.6894 0.9517, 0.3923 0.6894 1.0166, 0.365 0.6894 0.9945, 0.3788 0.6894 1.0279, 0.3497 0.6894 1.0055, 0.3648 0.6894 1.0365, 0.4228 0.6894 0.9699, 0.4168 0.6894 0.9701, 0.4106 0.6894 1.0039, 0.4034 0.6894 0.9684, 0.3906 0.6894 0.9636, 0.3667 0.6894 0.8479, 0.3655 0.6894 0.8426, 0.33 0.6894 0.8403, 0.3655 0.6894 0.8374, 0.3304 0.6894 0.8343, 0.1683 0.6894 0.8454, 0.1947 0.6894 0.8682, 0.1839 0.6894 0.8324, 0.2031 0.6894 0.8614, 0.2013 0.6894 0.824, 0.2132 0.6894 0.8568, 0.2203 0.6894 0.8202, 0.2235 0.6894 0.8549, 0.2539 0.6894 0.8204, 0.2491 0.6894 0.8551, 0.2571 0.6894 0.8209, 0.3874 0.6894 0.8623, 0.3539 0.6894 0.8877, 0.1967 0.6894 0.9322, 0.1903 0.6894 0.9249, 0.1562 0.6894 0.9354, 0.185 0.6894 0.915, 0.1494 0.6894 0.918, 0.1824 0.6894 0.9041, 0.1469 0.6894 0.8993, 0.1822 0.6894 0.899, 0.1496 0.6894 0.8791, 0.1836 0.6894 0.8879, 0.1569 0.6894 0.8611, 0.1876 0.6894 0.8778, 0.194 0.6894 0.869, 0.2331 0.6894 1.0195, 0.2556 0.6894 0.9935, 0.2144 0.6894 0.9975, 0.2429 0.6894 0.9781, 0.2342 0.6894 0.9597, 0.4723 0.6894 0.9274, 0.5098 0.6894 0.9182, 0.4741 0.6894 0.9136, 0.51 0.6894 0.9127, 0.4735 0.6894 0.9048, 0.5074 0.6894 0.8904, 0.4695 0.6894 0.8908, 0.4994 0.6894 0.8691, 0.4628 0.6894 0.8793, 0.4865 0.6894 0.8505, 0.4689 0.6894 0.8352, 0.4087 0.6894 0.8333, 0.4065 0.6894 0.8285, 0.3385 0.6894 1.0464, 0.331 0.6894 1.0129, 0.3103 0.6894 1.0497, 0.31 0.6894 1.0155, 0.2867 0.6894 1.047, 0.2907 0.6894 1.013, 0.2583 0.6894 1.0367, 0.2729 0.6894 1.006, 0.257 0.6894 0.9948, 0.4607 0.6894 0.9936, 0.4789 0.6894 0.981, 0.4594 0.6894 0.9513, 0.4828 0.6894 0.9774, 0.4674 0.6894 0.9401, 0.4966 0.6894 0.96, 0.5058 0.6894 0.9395, 0.3339 0.6894 0.8203, 0.3669 0.6894 0.832, 0.3407 0.6894 0.8076, 0.3696 0.6894 0.8271, 0.3494 0.6894 0.798, 0.3727 0.6894 0.8236, 0.3608 0.6894 0.7902, 0.3771 0.6894 0.8206, 0.3736 0.6894 0.7854, 0.382 0.6894 0.8186, 0.3874 0.6894 0.7838, 0.3877 0.6894 0.8179, 0.3895 0.6894 0.7838, 0.3887 0.6894 0.818, 0.403 0.6894 0.786, 0.3938 0.6894 0.8188, 0.4161 0.6894 0.7916, 0.3989 0.6894 0.8211, 0.4032 0.6894 0.8244, 0.252 0.6894 0.8556, 0.2658 0.6894 0.8265, 0.2645 0.6894 0.8251, 0.2503 0.6894 0.8553, 0.2609 0.6894 0.8224, 0.2703 0.6894 0.8382, 0.2698 0.6894 0.8339, 0.2683 0.6894 0.83, 0.2569 0.6894 0.8552, 0.2608 0.6894 0.8536, 0.2701 0.6894 0.8404, 0.2644 0.6894 0.8512, 0.2667 0.6894 0.8486, 0.2689 0.6894 0.8447, 0.2525 0.6894 0.8557, 0.1469 0.689 0.8993, 0.1494 0.689 0.918, 0.1628 0.689 0.9448, 0.1509 0.689 0.9219, 0.1562 0.689 0.9354, 0.1677 0.689 0.9517, 0.1831 0.689 0.9648, 0.2 0.689 0.9734, 0.2027 0.689 0.9743, 0.2144 0.689 0.9975, 0.2331 0.689 1.0195, 0.3103 0.689 1.0497, 0.2428 0.689 1.0261, 0.2583 0.689 1.0367, 0.2633 0.689 1.0385, 0.2867 0.689 1.047, 0.3788 0.689 1.0279, 0.3385 0.689 1.0464, 0.3594 0.689 1.0385, 0.3648 0.689 1.0365, 0.404 0.689 1.0031, 0.381 0.689 1.0261, 0.3923 0.689 1.0166, 0.4106 0.689 1.0039, 0.4171 0.689 1.0043, 0.4396 0.689 1.0017, 0.4607 0.689 0.9936, 0.4789 0.689 0.981, 0.4828 0.689 0.9774, 0.51 0.689 0.9127, 0.4966 0.689 0.96, 0.5035 0.689 0.9448, 0.5058 0.689 0.9395, 0.5091 0.689 0.9219, 0.5098 0.689 0.9182, 0.5082 0.689 0.8972, 0.5084 0.689 0.8987, 0.5074 0.689 0.8904, 0.4994 0.689 0.8691, 0.4865 0.689 0.8505, 0.4689 0.689 0.8352, 0.4484 0.689 0.8251, 0.4412 0.689 0.8229, 0.4355 0.689 0.8106, 0.4271 0.689 0.8001, 0.4161 0.689 0.7916, 0.403 0.689 0.786, 0.3895 0.689 0.7838, 0.3874 0.689 0.7838, 0.3736 0.689 0.7854, 0.3608 0.689 0.7902, 0.3494 0.689 0.798, 0.3407 0.689 0.8076, 0.3339 0.689 0.8203, 0.3304 0.689 0.8343, 0.33 0.689 0.8403, 0.33 0.689 0.846, 0.25 0.689 0.8875, 0.2556 0.689 0.8972, 0.2564 0.689 0.8987, 0.2674 0.689 0.9178, 0.3077 0.689 0.8972, 0.344 0.689 0.8785, 0.3047 0.689 0.8987, 0.3866 0.689 0.8982, 0.3539 0.689 0.8877, 0.3659 0.689 0.8942, 0.3775 0.689 0.8972, 0.3797 0.689 0.8977, 0.3953 0.689 0.8972, 0.4002 0.689 0.8966, 0.4128 0.689 0.8919, 0.4245 0.689 0.8839, 0.434 0.689 0.8732, 0.4403 0.689 0.861, 0.4718 0.689 0.8987, 0.4713 0.689 0.8972, 0.4695 0.689 0.8908, 0.4628 0.689 0.8793, 0.4527 0.689 0.8687, 0.4735 0.689 0.9048, 0.4741 0.689 0.9136, 0.4731 0.689 0.9219, 0.4723 0.689 0.9274, 0.4674 0.689 0.9401, 0.464 0.689 0.9448, 0.4594 0.689 0.9513, 0.4496 0.689 0.96, 0.4369 0.689 0.9666, 0.4228 0.689 0.9699, 0.4168 0.689 0.9701, 0.4034 0.689 0.9684, 0.3906 0.689 0.9636, 0.3867 0.689 0.9614, 0.3779 0.689 0.9793, 0.365 0.689 0.9945, 0.3497 0.689 1.0055, 0.331 0.689 1.0129, 0.31 0.689 1.0155, 0.2907 0.689 1.013, 0.2729 0.689 1.006, 0.257 0.689 0.9948, 0.2556 0.689 0.9935, 0.2429 0.689 0.9781, 0.2342 0.689 0.9597, 0.231 0.689 0.9448, 0.2308 0.689 0.9438, 0.2263 0.689 0.9437, 0.2154 0.689 0.9423, 0.2055 0.689 0.9384, 0.1967 0.689 0.9322, 0.1903 0.689 0.9249, 0.1887 0.689 0.9219, 0.185 0.689 0.915, 0.1824 0.689 0.9041, 0.1822 0.689 0.899, 0.1822 0.689 0.8987, 0.1824 0.689 0.8972, 0.1836 0.689 0.8879, 0.1876 0.689 0.8778, 0.194 0.689 0.869, 0.1947 0.689 0.8682, 0.2031 0.689 0.8614, 0.2132 0.689 0.8568, 0.2235 0.689 0.8549, 0.2491 0.689 0.8551, 0.2503 0.689 0.8553, 0.252 0.689 0.8556, 0.2525 0.689 0.8557, 0.2569 0.689 0.8552, 0.2608 0.689 0.8536, 0.2644 0.689 0.8512, 0.2667 0.689 0.8486, 0.2689 0.689 0.8447, 0.2701 0.689 0.8404, 0.2703 0.689 0.8382, 0.2698 0.689 0.8339, 0.2683 0.689 0.83, 0.2658 0.689 0.8265, 0.2645 0.689 0.8251, 0.2609 0.689 0.8224, 0.2571 0.689 0.8209, 0.2539 0.689 0.8204, 0.2203 0.689 0.8202, 0.2013 0.689 0.824, 0.1839 0.689 0.8324, 0.1683 0.689 0.8454, 0.1569 0.689 0.8611, 0.1496 0.689 0.8791, 0.1472 0.689 0.8972, 0.147 0.689 0.8987, 0.3874 0.689 0.8623, 0.3827 0.689 0.8618, 0.3774 0.689 0.8599, 0.3728 0.689 0.8567, 0.3692 0.689 0.8526, 0.3667 0.689 0.8479, 0.3655 0.689 0.8426, 0.3655 0.689 0.8374, 0.3669 0.689 0.832, 0.3696 0.689 0.8271, 0.3727 0.689 0.8236, 0.3771 0.689 0.8206, 0.382 0.689 0.8186, 0.3877 0.689 0.8179, 0.3887 0.689 0.818, 0.3938 0.689 0.8188, 0.3989 0.689 0.8211, 0.4032 0.689 0.8244, 0.4065 0.689 0.8285, 0.4087 0.689 0.8333, 0.4097 0.689 0.8387, 0.4094 0.689 0.8442, 0.4077 0.689 0.8495, 0.4047 0.689 0.8542, 0.4024 0.689 0.8566, 0.3979 0.689 0.8597, 0.393 0.689 0.8617
            ]
        }
        coordIndex [
            0,1,2,-1,3,4,5,-1,6,7,3,-1,8,9,10,-1,11,12,13,-1,14,15,2,-1,2,15,16,-1,2,16,0,-1,10,9,17,-1,7,18,3,-1,3,18,19,-1,3,19,20,-1,21,22,23,-1,23,22,24,-1,23,24,25,-1,25,24,26,-1,25,26,27,-1,27,26,28,-1,27,28,29,-1,29,28,2,-1,29,2,30,-1,30,2,31,-1,32,33,21,-1,21,33,34,-1,21,34,22,-1,35,36,37,-1,37,36,38,-1,37,38,39,-1,39,38,40,-1,39,40,41,-1,41,40,42,-1,11,13,43,-1,43,13,44,-1,43,44,45,-1,45,44,46,-1,45,46,47,-1,9,48,17,-1,17,48,49,-1,17,49,50,-1,50,49,51,-1,50,51,11,-1,11,51,52,-1,11,52,12,-1,19,53,20,-1,20,53,54,-1,20,54,55,-1,55,54,56,-1,55,56,57,-1,58,59,60,-1,60,59,61,-1,60,61,62,-1,62,61,63,-1,62,63,64,-1,64,63,65,-1,64,65,66,-1,66,65,67,-1,66,67,68,-1,6,3,69,-1,69,3,5,-1,69,5,21,-1,21,5,70,-1,21,70,32,-1,40,71,42,-1,42,71,72,-1,42,72,73,-1,73,72,74,-1,73,74,75,-1,75,74,76,-1,75,76,77,-1,77,76,78,-1,77,78,79,-1,79,78,80,-1,79,80,81,-1,81,80,82,-1,81,82,58,-1,58,82,83,-1,58,83,59,-1,84,85,86,-1,86,85,87,-1,86,87,37,-1,37,87,88,-1,37,88,35,-1,89,90,91,-1,91,90,92,-1,91,92,93,-1,93,92,94,-1,93,94,95,-1,95,94,96,-1,95,96,97,-1,97,96,98,-1,97,98,14,-1,14,98,99,-1,14,99,15,-1,31,2,100,-1,100,2,1,-1,100,1,101,-1,47,46,102,-1,102,46,103,-1,102,103,104,-1,104,103,105,-1,104,105,106,-1,106,105,107,-1,106,107,108,-1,108,107,109,-1,108,109,84,-1,84,109,110,-1,84,110,85,-1,10,111,8,-1,8,111,112,-1,8,112,113,-1,113,112,114,-1,113,114,115,-1,115,114,116,-1,115,116,89,-1,89,116,117,-1,89,117,90,-1,57,56,118,-1,118,56,119,-1,118,119,120,-1,120,119,121,-1,120,121,122,-1,122,121,123,-1,122,123,124,-1,124,123,125,-1,124,125,126,-1,126,125,127,-1,126,127,128,-1,128,127,129,-1,128,129,130,-1,130,129,131,-1,130,131,132,-1,132,131,133,-1,132,133,134,-1,134,133,135,-1,134,135,1,-1,1,135,136,-1,1,136,101,-1,137,138,139,-1,67,140,68,-1,68,140,137,-1,68,137,141,-1,141,137,139,-1,142,143,137,-1,137,143,144,-1,137,144,138,-1,145,146,147,-1,146,148,147,-1,147,148,149,-1,147,149,150,-1,142,137,147,-1,147,137,151,-1,147,151,145,-1,77,152,153,-1,154,42,73,-1,77,153,75,-1,75,153,155,-1,75,155,73,-1,73,155,156,-1,73,156,154,-1,154,157,42,-1,42,157,158,-1,42,158,41,-1,41,158,159,-1,41,159,39,-1,39,159,160,-1,39,160,37,-1,37,160,161,-1,37,161,86,-1,86,161,162,-1,86,162,84,-1,163,104,106,-1,84,162,164,-1,84,164,108,-1,164,165,108,-1,108,165,166,-1,108,166,106,-1,106,166,167,-1,106,167,163,-1,168,45,47,-1,104,163,169,-1,104,169,102,-1,102,169,170,-1,102,170,47,-1,47,170,171,-1,47,171,168,-1,172,11,43,-1,45,168,173,-1,45,173,43,-1,43,173,174,-1,43,174,172,-1,11,172,175,-1,11,175,50,-1,50,175,176,-1,50,176,17,-1,17,176,177,-1,17,177,10,-1,10,177,178,-1,10,178,111,-1,111,178,179,-1,111,179,112,-1,112,179,180,-1,112,180,114,-1,181,92,90,-1,114,180,182,-1,114,182,116,-1,116,182,183,-1,116,183,117,-1,183,184,117,-1,117,184,185,-1,117,185,90,-1,90,185,186,-1,90,186,181,-1,187,94,188,-1,188,94,92,-1,188,92,181,-1,187,189,94,-1,94,189,190,-1,94,190,96,-1,96,190,191,-1,96,191,98,-1,98,191,192,-1,98,192,99,-1,99,192,193,-1,99,193,15,-1,15,193,194,-1,15,194,16,-1,16,194,195,-1,16,195,0,-1,0,195,196,-1,0,196,1,-1,1,196,197,-1,1,197,134,-1,134,197,198,-1,134,198,132,-1,132,198,199,-1,132,199,130,-1,130,199,200,-1,130,200,128,-1,128,200,201,-1,128,201,126,-1,126,201,202,-1,126,202,124,-1,124,202,203,-1,124,203,122,-1,122,203,204,-1,122,204,120,-1,120,204,205,-1,120,205,118,-1,118,205,206,-1,118,206,57,-1,57,206,207,-1,57,207,55,-1,20,55,208,-1,208,55,207,-1,3,20,209,-1,209,20,208,-1,209,210,3,-1,3,210,211,-1,3,211,4,-1,4,211,212,-1,213,214,5,-1,213,5,215,-1,215,5,4,-1,215,4,212,-1,216,34,33,-1,5,214,217,-1,5,217,70,-1,70,217,218,-1,70,218,32,-1,32,218,219,-1,32,219,33,-1,33,219,220,-1,33,220,216,-1,22,34,221,-1,221,34,216,-1,221,222,22,-1,22,222,223,-1,22,223,24,-1,24,223,224,-1,24,224,26,-1,26,224,225,-1,26,225,28,-1,28,225,226,-1,28,226,2,-1,227,93,228,-1,228,93,95,-1,228,95,229,-1,229,95,97,-1,229,97,230,-1,230,97,14,-1,230,14,231,-1,231,14,2,-1,231,2,226,-1,227,232,93,-1,93,232,233,-1,93,233,91,-1,89,91,234,-1,234,91,233,-1,234,235,89,-1,89,235,236,-1,89,236,115,-1,115,236,237,-1,115,237,113,-1,237,238,113,-1,113,238,239,-1,113,239,8,-1,8,239,240,-1,8,240,9,-1,9,240,241,-1,9,241,48,-1,48,241,242,-1,48,242,49,-1,49,242,243,-1,49,243,51,-1,51,243,244,-1,51,244,52,-1,52,244,245,-1,52,245,12,-1,12,245,246,-1,12,246,13,-1,13,246,247,-1,13,247,44,-1,44,247,248,-1,44,248,46,-1,46,248,249,-1,46,249,103,-1,103,249,250,-1,103,250,105,-1,105,250,251,-1,105,251,107,-1,107,251,252,-1,107,252,109,-1,109,252,253,-1,109,253,110,-1,110,253,254,-1,110,254,85,-1,85,254,255,-1,85,255,87,-1,87,255,256,-1,87,256,88,-1,88,256,35,-1,35,256,257,-1,35,257,258,-1,36,35,259,-1,259,35,258,-1,36,259,260,-1,36,260,38,-1,38,260,261,-1,38,261,40,-1,40,261,262,-1,40,262,71,-1,71,262,263,-1,71,263,72,-1,72,263,264,-1,72,264,74,-1,264,265,74,-1,74,265,266,-1,74,266,76,-1,76,266,267,-1,76,267,78,-1,267,268,78,-1,78,268,269,-1,78,269,80,-1,269,270,80,-1,80,270,271,-1,80,271,82,-1,82,271,272,-1,82,272,83,-1,83,272,273,-1,83,273,59,-1,59,273,274,-1,59,274,61,-1,61,274,275,-1,61,275,63,-1,63,275,276,-1,63,276,65,-1,67,65,277,-1,277,65,276,-1,67,277,278,-1,67,278,140,-1,140,278,279,-1,140,279,137,-1,137,279,280,-1,137,280,151,-1,151,280,281,-1,151,281,145,-1,145,281,282,-1,145,282,146,-1,146,282,283,-1,146,283,148,-1,148,283,284,-1,148,284,149,-1,149,284,285,-1,149,285,150,-1,150,285,286,-1,150,286,147,-1,147,286,287,-1,147,287,142,-1,142,287,288,-1,142,288,143,-1,143,288,289,-1,143,289,144,-1,144,289,290,-1,144,290,138,-1,138,290,291,-1,138,291,139,-1,139,291,292,-1,139,292,141,-1,141,292,293,-1,141,293,68,-1,68,293,294,-1,68,294,66,-1,64,66,295,-1,295,66,294,-1,64,295,296,-1,64,296,62,-1,62,296,297,-1,62,297,60,-1,60,297,298,-1,60,298,58,-1,58,298,299,-1,58,299,81,-1,81,299,300,-1,81,300,79,-1,79,300,301,-1,79,301,77,-1,77,301,302,-1,77,302,152,-1,69,303,304,-1,69,304,6,-1,6,304,305,-1,6,305,7,-1,7,305,306,-1,7,306,18,-1,18,306,307,-1,18,307,19,-1,19,307,308,-1,19,308,53,-1,53,308,309,-1,53,309,54,-1,54,309,310,-1,54,310,56,-1,56,310,311,-1,56,311,119,-1,119,311,312,-1,119,312,121,-1,121,312,313,-1,121,313,123,-1,123,313,314,-1,123,314,125,-1,125,314,315,-1,125,315,127,-1,127,315,316,-1,127,316,129,-1,129,316,317,-1,129,317,131,-1,131,317,318,-1,131,318,133,-1,133,318,319,-1,133,319,135,-1,135,319,320,-1,135,320,136,-1,136,320,321,-1,136,321,101,-1,101,321,322,-1,101,322,100,-1,100,322,323,-1,100,323,31,-1,31,323,324,-1,31,324,30,-1,30,324,325,-1,30,325,29,-1,29,325,326,-1,29,326,27,-1,27,326,327,-1,27,327,25,-1,25,327,328,-1,25,328,23,-1,23,328,329,-1,23,329,21,-1,21,329,303,-1,21,303,69,-1,
        ]
    }
}
Shape{
    appearance Appearance {
        material  Material 	{
            diffuseColor 0.2235294117647059 0.2235294117647059 0.2235294117647059
            specularColor 0.11372549019607843 0.11372549019607843 0.11372549019607843
            ambientIntensity 0.2235
            transparency 0.0
            shininess 0.5
        }
    }
    geometry IndexedFaceSet {
        ccw TRUE
        solid FALSE
        coord DEF co Coordinate {
            point [
                0.3887 0.689 0.818, 0.4024 0.689 0.8566, 0.4047 0.689 0.8542, 0.382 0.689 0.8186, 0.3771 0.689 0.8206, 0.3827 0.689 0.8618, 0.3874 0.689 0.8623, 0.393 0.689 0.8617, 0.3979 0.689 0.8597, 0.4087 0.689 0.8333, 0.4065 0.689 0.8285, 0.4032 0.689 0.8244, 0.3877 0.689 0.8179, 0.4077 0.689 0.8495, 0.4094 0.689 0.8442, 0.4097 0.689 0.8387, 0.3989 0.689 0.8211, 0.3938 0.689 0.8188, 0.3727 0.689 0.8236, 0.3696 0.689 0.8271, 0.3669 0.689 0.832, 0.3655 0.689 0.8374, 0.3655 0.689 0.8426, 0.3667 0.689 0.8479, 0.3692 0.689 0.8526, 0.3728 0.689 0.8567, 0.3774 0.689 0.8599
            ]
        }
        coordIndex [
            0,1,2,-1,3,4,5,-1,6,7,0,-1,0,7,8,-1,0,8,1,-1,9,10,2,-1,2,10,11,-1,6,0,5,-1,5,0,12,-1,5,12,3,-1,13,14,2,-1,2,14,15,-1,2,15,9,-1,11,16,2,-1,2,16,17,-1,2,17,0,-1,4,18,5,-1,5,18,19,-1,5,19,20,-1,20,21,5,-1,5,21,22,-1,5,22,23,-1,23,24,5,-1,5,24,25,-1,5,25,26,-1,
        ]
    }
}