#VRML V2.0 utf8
# 3D model generated by easyeda2kicad.py (https://github.com/uPesy/easyeda2kicad.py)

Shape{
    appearance Appearance {
        material  Material 	{
            diffuseColor 0.7529411764705882 0.7529411764705882 0.7529411764705882
            specularColor 0.3764705882352941 0.3764705882352941 0.3764705882352941
            ambientIntensity 0.7529
            transparency 0.0
            shininess 0.5
        }
    }
    geometry IndexedFaceSet {
        ccw TRUE
        solid FALSE
        coord DEF co Coordinate {
            point [
                -1.2874 -0.5039 0.58, -1.2967 -0.5038 0.5846, -1.3681 -0.4946 1.7717, -1.3064 -0.5034 0.5879, -1.3165 -0.5027 0.5899, -1.3268 -0.5017 0.5906, -1.3681 -0.4946 0.5906, -1.6417 -0.1496 1.7717, -1.6417 -0.1496 3.8976, -1.6297 -0.2413 1.7717, -1.6297 -0.2413 3.8976, -1.5943 -0.3268 1.7717, -1.5943 -0.3268 3.8976, -1.538 -0.4002 1.7717, -1.538 -0.4002 3.8976, -1.4646 -0.4565 1.7717, -1.4646 -0.4565 3.8976, -1.3791 -0.4919 1.7717, -1.3791 -0.4919 3.8976, -1.2874 -0.5039 3.8976, 1.3681 -0.4946 1.7717, 1.3681 -0.4946 0.5906, 1.3662 -0.4951 0.5906, 1.4411 -0.4688 1.7717, 1.4402 -0.4666 3.8976, 1.4646 -0.4565 3.8976, 1.5083 -0.4266 1.7717, 1.5065 -0.4243 3.8976, 1.538 -0.4002 3.8976, 1.5644 -0.3705 1.7717, 1.5621 -0.3687 3.8976, 1.5943 -0.3268 3.8976, 1.6066 -0.3033 1.7717, 1.6417 -0.1496 3.8976, 1.6417 -0.1496 1.7717, 1.6314 -0.2283 3.8976, 1.6328 -0.2285 1.7717, 1.6297 -0.2413 3.8976, 1.6044 -0.3024 3.8976, 1.3165 -0.5027 0.5899, 1.3064 -0.5034 0.5879, 1.2874 -0.5039 3.8976, 1.2966 -0.5038 0.5846, 1.2874 -0.5039 0.58, 1.3791 -0.4919 3.8976, 1.3661 -0.4936 3.8976, 1.3268 -0.5017 0.5906, -1.3681 0.4946 1.7717, -1.3681 0.4946 0.5906, -1.3662 0.4951 0.5906, -1.4411 0.4688 1.7717, -1.4402 0.4666 3.8976, -1.4646 0.4565 3.8976, -1.5083 0.4266 1.7717, -1.5065 0.4243 3.8976, -1.538 0.4002 3.8976, -1.5644 0.3705 1.7717, -1.5621 0.3687 3.8976, -1.5943 0.3268 3.8976, -1.6066 0.3033 1.7717, -1.6417 0.1496 3.8976, -1.6417 0.1496 1.7717, -1.6314 0.2283 3.8976, -1.6328 0.2285 1.7717, -1.6297 0.2413 3.8976, -1.6044 0.3024 3.8976, -1.3165 0.5027 0.5899, -1.3064 0.5034 0.5879, -1.2874 0.5039 3.8976, -1.2966 0.5038 0.5846, -1.2874 0.5039 0.58, -1.3791 0.4919 3.8976, -1.3661 0.4936 3.8976, -1.3268 0.5017 0.5906, 1.2874 0.5039 0.58, 1.2967 0.5038 0.5846, 1.3681 0.4946 1.7717, 1.3064 0.5034 0.5879, 1.3165 0.5027 0.5899, 1.3268 0.5017 0.5906, 1.3681 0.4946 0.5906, 1.6417 0.1496 1.7717, 1.6417 0.1496 3.8976, 1.6297 0.2413 1.7717, 1.6297 0.2413 3.8976, 1.5943 0.3268 1.7717, 1.5943 0.3268 3.8976, 1.538 0.4002 1.7717, 1.538 0.4002 3.8976, 1.4646 0.4565 1.7717, 1.4646 0.4565 3.8976, 1.3791 0.4919 1.7717, 1.3791 0.4919 3.8976, 1.2874 0.5039 3.8976, 0.224 0.4567 1.2598, 0.1984 0.5066 1.2598, 0.224 0.4567 1.0236, 0.1984 0.5066 1.0236, 0.3601 0.4567 1.0236, 0.4354 0.4953 1.0236, 0.3601 0.4567 1.2598, 0.4354 0.4953 1.2598, 0.5906 0.5039 1.2598, 0.5906 0.622 1.2598, 0.4713 0.5039 1.2598, 0.4713 0.622 1.2598, 0.4528 0.5017 1.2598, 0.4251 0.6166 1.2598, 0.3815 0.6004 1.2598, 0.5906 0.622 1.0236, 0.5906 0.5039 1.0236, 0.4713 0.622 1.0236, 0.4713 0.5039 1.0236, 0.4251 0.6166 1.0236, 0.4528 0.5017 1.0236, 0.3815 0.6004 1.0236, -0.4354 0.4953 1.2598, -0.4354 0.4953 1.0236, -0.3601 0.4567 1.2598, -0.3601 0.4567 1.0236, -0.1984 0.5066 1.0236, -0.1984 0.5066 1.2598, -0.224 0.4567 1.0236, -0.224 0.4567 1.2598, -0.4713 0.5039 1.2598, -0.4528 0.5017 1.2598, -0.4251 0.6166 1.2598, -0.3815 0.6004 1.2598, -0.5906 0.622 1.2598, -0.5906 0.5039 1.2598, -0.5283 0.622 1.2598, -0.4713 0.622 1.2598, -0.3815 0.6004 1.0236, -0.4251 0.6166 1.0236, -0.4528 0.5017 1.0236, -0.4713 0.622 1.0236, -0.4713 0.5039 1.0236, -0.5283 0.622 1.0236, -0.5906 0.5039 1.0236, -0.5906 0.622 1.0236, -0.224 -0.4567 1.2598, -0.1984 -0.5066 1.2598, -0.224 -0.4567 1.0236, -0.1984 -0.5066 1.0236, -0.3601 -0.4567 1.0236, -0.4354 -0.4953 1.0236, -0.3601 -0.4567 1.2598, -0.4354 -0.4953 1.2598, -0.5906 -0.5039 1.2598, -0.5906 -0.622 1.2598, -0.4713 -0.5039 1.2598, -0.4713 -0.622 1.2598, -0.4528 -0.5017 1.2598, -0.4251 -0.6166 1.2598, -0.3815 -0.6004 1.2598, -0.5906 -0.622 1.0236, -0.5906 -0.5039 1.0236, -0.4713 -0.622 1.0236, -0.4713 -0.5039 1.0236, -0.4251 -0.6166 1.0236, -0.4528 -0.5017 1.0236, -0.3815 -0.6004 1.0236, 0.4354 -0.4953 1.2598, 0.4354 -0.4953 1.0236, 0.3601 -0.4567 1.2598, 0.3601 -0.4567 1.0236, 0.1984 -0.5066 1.0236, 0.1984 -0.5066 1.2598, 0.224 -0.4567 1.0236, 0.224 -0.4567 1.2598, 0.5906 -0.622 1.2598, 0.5906 -0.5039 1.2598, 0.4713 -0.622 1.2598, 0.4713 -0.5039 1.2598, 0.4251 -0.6166 1.2598, 0.4528 -0.5017 1.2598, 0.3815 -0.6004 1.2598, 0.5906 -0.5039 1.0236, 0.5906 -0.622 1.0236, 0.4713 -0.5039 1.0236, 0.4713 -0.622 1.0236, 0.4528 -0.5017 1.0236, 0.4251 -0.6166 1.0236, 0.3815 -0.6004 1.0236, -0.4355 0.622 2.0893, -0.4396 0.622 2.0786, -0.5283 0.622 2.0786, -0.2765 0.622 2.0453, -0.2765 0.622 2.0184, -0.2915 0.622 2.0184, 0.5315 0.622 0.9055, 0.5468 0.622 0.9075, 1.0236 0.622 0.4331, -0.1194 0.622 2.2163, -0.1253 0.622 2.217, -0.0887 0.622 2.217, -0.3243 0.622 2.0093, -0.3243 0.622 2.0786, -0.3168 0.622 2.0786, 0.2281 0.622 2.0756, 0.2182 0.622 2.0665, 0.1951 0.622 2.0786, 0.1214 0.622 2.217, 0.1083 0.622 2.2083, -0.0116 0.622 2.217, 0.0894 0.622 2.1864, 0.0578 0.622 2.1539, 0.0424 0.622 2.1409, 0.0308 0.622 2.1247, -0.0116 0.622 2.1122, 0.0775 0.622 2.1633, 0.0748 0.622 2.1623, 0.1622 0.622 2.2354, 0.1337 0.622 2.2253, -0.0116 0.622 3.937, 0.2401 0.622 2.2243, 0.2139 0.622 2.2344, 1.2874 0.622 3.937, 0.1857 0.622 2.2379, 0.2518 0.622 2.217, 1.2874 0.622 2.217, 0.254 0.622 2.2157, 0.3713 0.622 2.1469, 0.3576 0.622 2.1644, 0.3146 0.622 2.189, 0.2922 0.622 2.1917, 0.2674 0.622 2.2042, 0.2856 0.622 2.1914, 0.2791 0.622 2.1906, 0.3538 0.622 2.168, 0.3357 0.622 2.1808, 1.2874 0.622 2.1122, 1.2874 0.622 2.0786, 0.3844 0.622 2.0995, 0.3842 0.622 2.105, 0.3829 0.622 2.1122, 0.3804 0.622 2.1264, 0.3427 0.622 2.0223, 0.3605 0.622 2.0375, 1.2874 0.622 2.0086, 0.3222 0.622 2.0123, 0.3735 0.622 2.056, 0.3816 0.622 2.0772, 0.3818 0.622 2.0786, 0.3149 0.622 2.0101, 0.3142 0.622 2.0086, 0.3092 0.622 1.9979, 1.2874 0.622 1.6747, 0.3007 0.622 1.9875, 0.2896 0.622 1.9791, 0.2075 0.622 2.0086, 0.2076 0.622 2.0083, -0.0116 0.622 1.6747, 0.2143 0.622 1.9956, 0.223 0.622 1.9859, 0.2344 0.622 1.978, 0.247 0.622 1.9731, 0.2609 0.622 1.9714, 0.263 0.622 1.9715, 0.2765 0.622 1.9736, -0.0116 0.622 2.0786, 0.0225 0.622 2.0786, 0.0238 0.622 2.0684, 0.1348 0.622 2.0422, 0.1309 0.622 2.0437, 0.1242 0.622 2.0762, 0.1383 0.622 2.0397, 0.1265 0.622 2.0443, 0.1259 0.622 2.0443, 0.1242 0.622 2.0439, -0.0116 0.622 2.0086, 0.0309 0.622 2.0504, 0.0422 0.622 2.0346, 0.0577 0.622 2.0215, 0.0751 0.622 2.013, 0.0941 0.622 2.009, 0.1442 0.622 2.0267, 0.144 0.622 2.0289, 0.2039 0.622 2.0341, 0.1429 0.622 2.0332, 0.1407 0.622 2.0371, 0.068 0.622 2.058, 0.0618 0.622 2.0669, 0.1276 0.622 2.009, 0.1308 0.622 2.0095, 0.1346 0.622 2.011, 0.1383 0.622 2.0136, 0.1396 0.622 2.015, 0.1421 0.622 2.0185, 0.1436 0.622 2.0224, 0.2042 0.622 2.0224, 0.2039 0.622 2.0284, 0.1231 0.622 2.0437, 0.0975 0.622 2.0437, 0.0872 0.622 2.0457, 0.0772 0.622 2.0504, 0.0687 0.622 2.0573, 0.0579 0.622 2.077, 0.0577 0.622 2.0786, 0.1256 0.622 2.0786, 0.0565 0.622 2.0881, 0.287 0.622 2.0794, 0.2745 0.622 2.0842, 0.3471 0.622 2.1122, 0.0568 0.622 2.0932, 0.0595 0.622 2.1041, 0.1419 0.622 2.1063, 0.2609 0.622 2.0859, 0.0638 0.622 2.1122, 0.3439 0.622 2.0786, 0.2882 0.622 2.0786, 0.3478 0.622 2.0918, 0.3485 0.622 2.1007, 0.254 0.622 2.0854, 0.2402 0.622 2.082, 0.2337 0.622 2.0786, 0.3437 0.622 2.0779, 0.3081 0.622 2.0605, 0.2987 0.622 2.0713, 0.337 0.622 2.0664, 0.3268 0.622 2.0559, 0.3144 0.622 2.0483, 0.1178 0.622 2.1668, 0.1306 0.622 2.1821, 0.2614 0.622 2.149, 0.132 0.622 2.1834, 0.148 0.622 2.1945, 0.2527 0.622 2.1671, 0.2654 0.622 2.1512, 0.2781 0.622 2.1559, 0.0648 0.622 2.1139, 0.0713 0.622 2.1212, 0.1009 0.622 2.1325, 0.0801 0.622 2.1274, 0.09 0.622 2.1312, 0.1054 0.622 2.1325, 0.109 0.622 2.1485, 0.3117 0.622 2.1539, 0.3243 0.622 2.1472, 0.2976 0.622 2.1573, 0.334 0.622 2.1385, 0.3419 0.622 2.1272, 0.2399 0.622 2.1823, 0.1658 0.622 2.2013, 0.2247 0.622 2.1935, 0.1851 0.622 2.2037, 0.2061 0.622 2.201, 0.2916 0.622 2.1576, 0.3468 0.622 2.1145, 0.0257 0.622 2.1122, 0.0238 0.622 2.1073, 0.0212 0.622 2.0887, -0.3774 0.622 2.0205, -0.369 0.622 2.0144, -0.3776 0.622 2.0086, -0.3598 0.622 2.0109, -0.4054 0.622 2.0093, -0.394 0.622 2.0093, -0.4203 0.622 2.0786, -0.3859 0.622 2.0676, -0.3886 0.622 2.0597, -0.5283 0.622 2.0086, -0.466 0.622 2.0093, -0.4546 0.622 2.0093, -0.3829 0.622 2.0268, -0.3776 0.622 2.0207, -0.3895 0.622 2.0503, -0.3892 0.622 2.0442, -0.387 0.622 2.035, -0.3487 0.622 2.0893, -0.3608 0.622 2.0876, -0.3776 0.622 2.1122, -0.3703 0.622 2.0838, -0.3168 0.622 2.1122, -0.3243 0.622 2.0893, -0.3472 0.622 2.0893, -0.0875 0.622 2.0184, -0.0875 0.622 2.0093, -0.0887 0.622 2.0086, -0.0444 0.622 2.0093, -0.0547 0.622 2.0545, -0.0834 0.622 2.0545, -0.0887 0.622 2.0786, -0.0834 0.622 2.0453, -0.0547 0.622 2.0786, -0.0856 0.622 2.0801, -0.0547 0.622 2.0801, -0.3168 0.622 2.1969, -0.3242 0.622 2.2164, -0.3168 0.622 2.217, -0.3352 0.622 2.2164, -0.3776 0.622 2.217, -0.3657 0.622 2.1363, -0.2937 0.622 2.1363, -0.2915 0.622 2.1122, -0.3051 0.622 2.1363, -0.3128 0.622 2.1582, -0.3168 0.622 2.1582, -0.1762 0.622 2.1454, -0.1978 0.622 2.1454, -0.1762 0.622 2.1724, -0.1978 0.622 2.1724, -0.2071 0.622 2.2072, -0.2165 0.622 2.217, -0.2071 0.622 2.2164, -0.1978 0.622 2.217, -0.1978 0.622 2.2164, -0.2048 0.622 2.1724, -0.2089 0.622 2.1454, -0.2048 0.622 2.1815, -0.1978 0.622 2.2072, -0.1978 0.622 2.1815, -0.1762 0.622 2.2072, -0.1762 0.622 2.1815, -0.1659 0.622 2.1363, -0.1532 0.622 2.1122, -0.1978 0.622 2.1363, -0.1978 0.622 2.1122, -0.2089 0.622 2.1363, -0.2165 0.622 2.1122, -0.1659 0.622 2.2164, -0.1532 0.622 2.217, -0.1464 0.622 2.1383, -0.1464 0.622 2.1122, -0.1485 0.622 2.1389, -0.1498 0.622 2.1396, -0.1498 0.622 2.1495, -0.1498 0.622 2.2036, -0.148 0.622 2.2046, -0.1464 0.622 2.148, -0.1464 0.622 2.2051, -0.1398 0.622 2.2075, -0.1337 0.622 2.1444, -0.1426 0.622 2.1462, -0.1007 0.622 2.1746, -0.1007 0.622 2.1754, -0.131 0.622 2.2084, -0.1281 0.622 2.2083, -0.1211 0.622 2.207, -0.1078 0.622 2.1979, -0.1041 0.622 2.1921, -0.1017 0.622 2.1848, -0.102 0.622 2.1648, -0.1046 0.622 2.1583, -0.1086 0.622 2.1526, -0.1156 0.622 2.1472, -0.1213 0.622 2.1451, -0.1292 0.622 2.1442, -0.1148 0.622 2.2041, -0.1092 0.622 2.1995, -0.1103 0.622 2.1509, -0.1389 0.622 2.217, -0.1423 0.622 2.2167, -0.1464 0.622 2.217, -0.1464 0.622 2.2155, -0.1498 0.622 2.2144, -0.1309 0.622 2.2177, -0.0887 0.622 3.937, -0.1464 0.622 3.937, -0.1321 0.622 2.2177, -0.1137 0.622 2.1371, -0.1062 0.622 2.1408, -0.0887 0.622 2.1122, -0.111 0.622 2.2131, -0.0922 0.622 2.1905, -0.0962 0.622 2.1993, -0.1002 0.622 2.1459, -0.0994 0.622 2.1467, -0.0947 0.622 2.1535, -0.1015 0.622 2.2059, -0.1033 0.622 2.2077, -0.1399 0.622 2.1361, -0.1277 0.622 2.135, -0.1223 0.622 2.1352, -0.0914 0.622 2.1619, -0.0899 0.622 2.1748, -0.0901 0.622 2.1803, 1.2874 0.622 0.58, 1.2711 0.622 0.5675, 0.5906 0.622 0.9646, -0.0116 0.622 0.9055, 0.5512 0.622 0.4331, 0.5512 0.622 0.3271, 1.0236 0.622 0.3271, 0.5906 0.622 1.3189, 0.5885 0.622 1.3342, 1.2507 0.622 0.5322, 1.248 0.622 0.5118, 1.248 0.622 0.4331, 0.5826 0.622 1.3484, 0.5733 0.622 1.3607, 0.561 0.622 1.37, 0.5468 0.622 1.3759, 0.5315 0.622 1.378, -0.0116 0.622 1.378, -0.0887 0.622 1.378, 0.561 0.622 0.9134, 0.5733 0.622 0.9228, 1.2586 0.622 0.5512, 0.5826 0.622 0.935, 0.5885 0.622 0.9493, -0.5283 0.622 0.4331, -0.3776 0.622 0.9055, -0.3776 0.622 0.4331, -0.3168 0.622 0.9055, -0.3168 0.622 0.4331, -0.2915 0.622 0.9055, -0.2915 0.622 0.4331, -0.2165 0.622 0.9055, -0.2165 0.622 0.4331, -0.1978 0.622 0.9055, -0.1978 0.622 0.4331, -0.1532 0.622 0.9055, -0.1532 0.622 0.4331, -0.1464 0.622 0.9055, -0.1464 0.622 0.4331, -0.0887 0.622 0.9055, -0.0887 0.622 0.4331, -0.0116 0.622 0.4331, -0.5468 0.622 1.3759, -0.5283 0.622 1.6747, -0.5315 0.622 1.378, -0.5283 0.622 1.378, -0.5512 0.622 0.4331, -0.5315 0.622 0.9055, -0.5283 0.622 0.9055, -1.248 0.622 0.4331, -1.248 0.622 0.5118, -1.0236 0.622 0.4331, -1.0236 0.622 0.3271, -0.5512 0.622 0.3271, -1.2507 0.622 0.5322, -1.2586 0.622 0.5512, -1.2874 0.622 1.6747, -1.2711 0.622 0.5675, -1.2874 0.622 0.58, -0.561 0.622 1.37, -0.5733 0.622 1.3607, -0.5826 0.622 1.3484, -0.5826 0.622 0.935, -0.5733 0.622 0.9228, -0.5885 0.622 0.9493, -0.5906 0.622 0.9646, -0.561 0.622 0.9134, -0.5468 0.622 0.9075, -0.5885 0.622 1.3342, -0.5906 0.622 1.3189, -0.2165 0.622 1.378, -0.2915 0.622 1.378, -0.2165 0.622 1.6747, -0.2915 0.622 1.6747, -0.1464 0.622 1.378, -0.1532 0.622 1.378, -0.1464 0.622 1.6747, -0.1532 0.622 1.6747, -0.0887 0.622 1.6747, -0.0988 0.622 2.033, -0.1009 0.622 2.0363, -0.1026 0.622 2.0527, -0.1026 0.622 2.0625, -0.1464 0.622 2.0086, -0.143 0.622 2.0093, -0.133 0.622 2.0093, -0.128 0.622 2.0123, -0.1244 0.622 2.01, -0.1206 0.622 2.0086, -0.1053 0.622 2.0101, -0.1092 0.622 2.0086, -0.1094 0.622 2.0086, -0.1464 0.622 2.0786, -0.1421 0.622 2.0543, -0.143 0.622 2.0461, -0.102 0.622 2.0124, -0.1008 0.622 2.0136, -0.0988 0.622 2.0167, -0.1039 0.622 2.039, -0.108 0.622 2.0412, -0.1093 0.622 2.057, -0.116 0.622 2.0433, -0.1248 0.622 2.0593, -0.1214 0.622 2.0596, -0.1156 0.622 2.059, -0.0975 0.622 2.02, -0.0971 0.622 2.0246, -0.0975 0.622 2.0294, -0.0547 0.622 2.0453, -0.0547 0.622 2.0184, -0.133 0.622 2.0181, -0.1327 0.622 2.0181, -0.1311 0.622 2.0157, -0.1287 0.622 2.0672, -0.1329 0.622 2.0658, -0.1361 0.622 2.0639, -0.133 0.622 2.0456, -0.1326 0.622 2.0501, -0.1316 0.622 2.0536, -0.1304 0.622 2.0557, -0.1383 0.622 2.0618, -0.1404 0.622 2.0587, -0.1058 0.622 2.0642, -0.1134 0.622 2.0668, -0.1223 0.622 2.0678, -0.1289 0.622 2.0573, -0.1271 0.622 2.0585, -0.1204 0.622 2.0085, -0.1152 0.622 2.0079, -0.1657 0.622 2.0086, -0.1635 0.622 2.0088, -0.1532 0.622 2.0086, -0.1566 0.622 2.0113, -0.1566 0.622 2.0216, -0.1851 0.622 2.0673, -0.1925 0.622 2.0652, -0.1978 0.622 2.0786, -0.1925 0.622 2.0555, -0.1919 0.622 2.0343, -0.1937 0.622 2.0315, -0.1567 0.622 2.051, -0.1571 0.622 2.0546, -0.1532 0.622 2.0786, -0.1582 0.622 2.0441, -0.1571 0.622 2.0471, -0.1948 0.622 2.0286, -0.1952 0.622 2.0248, -0.1978 0.622 2.0086, -0.1947 0.622 2.0208, -0.1935 0.622 2.0176, -0.1595 0.622 2.042, -0.1582 0.622 2.0578, -0.1601 0.622 2.0606, -0.1631 0.622 2.0632, -0.1657 0.622 2.0648, -0.1711 0.622 2.0669, -0.1789 0.622 2.0678, -0.1916 0.622 2.015, -0.1888 0.622 2.0125, -0.186 0.622 2.0108, -0.1661 0.622 2.017, -0.1718 0.622 2.0344, -0.1599 0.622 2.0196, -0.1659 0.622 2.0372, -0.1611 0.622 2.0403, -0.1779 0.622 2.0596, -0.175 0.622 2.0594, -0.167 0.622 2.0519, -0.1723 0.622 2.0587, -0.17 0.622 2.0575, -0.1671 0.622 2.0506, -0.1675 0.622 2.049, -0.1682 0.622 2.0477, -0.1731 0.622 2.0161, -0.1735 0.622 2.0161, -0.1784 0.622 2.0317, -0.1787 0.622 2.0167, -0.1849 0.622 2.0239, -0.1848 0.622 2.0251, -0.1692 0.622 2.0466, -0.1727 0.622 2.0444, -0.1851 0.622 2.0587, -0.1789 0.622 2.0417, -0.1908 0.622 2.0565, -0.1828 0.622 2.0401, -0.1895 0.622 2.0364, -0.1813 0.622 2.0176, -0.1822 0.622 2.0182, -0.1833 0.622 2.0192, -0.1685 0.622 2.0562, -0.1677 0.622 2.0549, -0.1672 0.622 2.0535, -0.1842 0.622 2.0205, -0.1847 0.622 2.0219, -0.1844 0.622 2.0267, -0.1836 0.622 2.028, -0.1823 0.622 2.0293, -0.1783 0.622 2.0086, -0.1721 0.622 2.0079, -0.1806 0.622 2.0089, -0.1978 0.622 1.6747, -0.1978 0.622 1.378, -0.3092 0.622 2.0093, -0.2915 0.622 2.0093, -0.2915 0.622 2.0086, -0.2661 0.622 2.0093, -0.2266 0.622 2.0235, -0.2278 0.622 2.0188, -0.2281 0.622 2.0188, -0.2449 0.622 2.0665, -0.2165 0.622 2.0525, -0.2293 0.622 2.0234, -0.2285 0.622 2.0207, -0.2165 0.622 2.0256, -0.2004 0.622 2.0665, -0.2165 0.622 2.0786, -0.2117 0.622 2.0665, -0.2165 0.622 2.0086, -0.2225 0.622 2.0086, -0.2229 0.622 2.0094, -0.2165 0.622 1.9954, -0.2165 0.622 1.9954, -0.2185 0.622 1.999, -0.213 0.622 1.9828, -0.209 0.622 1.9823, -0.2082 0.622 1.9909, -0.2106 0.622 1.9912, -0.2068 0.622 1.9824, -0.2025 0.622 1.9832, -0.2025 0.622 1.9921, -0.2046 0.622 1.9914, -0.2128 0.622 1.992, -0.2146 0.622 1.9933, -0.2661 0.622 2.0786, -0.2553 0.622 2.0665, -0.2325 0.622 2.0086, -0.2294 0.622 2.0006, -0.2248 0.622 1.9918, -0.2212 0.622 1.9874, -0.2205 0.622 1.9868, -0.217 0.622 1.9843, -0.2165 0.622 1.9841, -0.2915 0.622 2.0786, -0.2915 0.622 2.0545, -0.3051 0.622 2.0545, -0.3051 0.622 2.0453, -0.3464 0.622 2.0093, -0.3168 0.622 2.0086, -0.3092 0.622 2.0184, -0.2915 0.622 2.0453, -0.2765 0.622 2.0545, -0.2765 0.622 2.0786, -0.2765 0.622 2.0801, -0.2915 0.622 2.0801, -0.3074 0.622 2.0801, -0.3074 0.622 2.0893, -0.2915 0.622 2.0893, -0.2661 0.622 2.0893, -0.3774 0.622 2.0787, -0.3776 0.622 2.0786, -0.3812 0.622 2.0749, -0.4245 0.622 2.0893, -0.5283 0.622 2.1122, -0.0856 0.622 2.0893, -0.0444 0.622 2.0893, -0.0444 0.622 2.0786, -0.3168 0.622 1.378, -0.3168 0.622 1.6747, -0.3776 0.622 1.378, -0.3776 0.622 1.6747, -0.4131 0.622 2.0312, -0.4464 0.622 2.0312, -0.0547 0.622 2.2164, -0.0547 0.622 2.1454, -0.0866 0.622 2.1454, -0.0866 0.622 2.1363, -0.0444 0.622 2.1363, -0.0444 0.622 2.2164, -0.2461 0.622 2.1363, -0.2241 0.622 2.1363, -0.2889 0.622 2.1713, -0.2868 0.622 2.162, -0.2826 0.622 2.1539, -0.2595 0.622 2.1379, -0.2772 0.622 2.1475, -0.2687 0.622 2.1415, -0.2241 0.622 2.2164, -0.2469 0.622 2.2164, -0.2915 0.622 2.217, -0.2485 0.622 2.2164, -0.2606 0.622 2.2147, -0.27 0.622 2.2108, -0.2772 0.622 2.2058, -0.2809 0.622 2.2019, -0.2856 0.622 2.1946, -0.2883 0.622 2.1867, -0.2892 0.622 2.1774, -0.3461 0.622 2.1582, -0.3543 0.622 2.1363, -0.5283 0.622 2.217, -1.2874 0.622 2.0086, -1.2874 0.622 2.0786, -1.2874 0.622 2.1122, -1.2874 0.622 2.217, -0.1532 0.622 3.937, -0.1978 0.622 3.937, -0.2165 0.622 3.937, -0.2915 0.622 3.937, -0.3168 0.622 3.937, -0.3776 0.622 3.937, -0.5283 0.622 3.937, -1.2874 0.622 3.937, 0.5906 -0.5039 0.9646, 0.5906 -0.622 0.9646, 0.561 -0.622 0.9134, 0.5468 -0.622 0.9075, 1.2507 -0.622 0.5322, -0.5906 -0.622 1.3189, -0.5885 -0.622 1.3342, -1.2874 -0.622 3.937, -1.0236 -0.622 0.3271, -0.5512 -0.622 0.3271, -1.0236 -0.622 0.4331, -0.5512 -0.622 0.4331, 0.5512 -0.622 0.3271, 1.0236 -0.622 0.3271, 0.5512 -0.622 0.4331, 1.0236 -0.622 0.4331, -0.5468 -0.622 0.9075, -0.561 -0.622 0.9134, -0.5733 -0.622 0.9228, -0.5315 -0.622 0.9055, 0.5315 -0.622 0.9055, 1.248 -0.622 0.4331, 1.248 -0.622 0.5118, -1.2874 -0.622 0.58, -0.5906 -0.622 0.9646, 1.2711 -0.622 0.5675, 0.5906 -0.622 1.3189, 1.2874 -0.622 0.58, 0.5885 -0.622 1.3342, 1.2874 -0.622 3.937, 0.5826 -0.622 1.3484, 0.5885 -0.622 0.9493, 1.2586 -0.622 0.5512, 0.5826 -0.622 0.935, 0.5733 -0.622 0.9228, -0.5885 -0.622 0.9493, -1.2711 -0.622 0.5675, -0.5826 -0.622 0.935, -1.2586 -0.622 0.5512, -1.2507 -0.622 0.5322, -1.248 -0.622 0.5118, -1.248 -0.622 0.4331, -0.5826 -0.622 1.3484, -0.5733 -0.622 1.3607, -0.561 -0.622 1.37, 0.5468 -0.622 1.3759, 0.561 -0.622 1.37, 0.5733 -0.622 1.3607, -0.5468 -0.622 1.3759, -0.5315 -0.622 1.378, 0.5315 -0.622 1.378, 0.5826 -0.5039 1.3484, 0.5733 -0.5039 1.3607, 0.561 -0.5039 1.37, 1.2711 -0.5039 0.5675, 0.5906 -0.5039 1.3189, 0.5885 -0.5039 1.3342, 0.561 -0.5039 0.9134, 0.5733 -0.5039 0.9228, 1.0236 -0.5039 0.4331, 1.0236 -0.5039 0.3271, 0.5512 -0.5039 0.3271, 0.5512 -0.5039 0.4331, -0.5468 -0.5039 1.3759, -0.561 -0.5039 1.37, -0.5733 -0.5039 1.3607, -0.5826 -0.5039 1.3484, 0.5468 -0.5039 1.3759, 0.5315 -0.5039 1.378, -0.5315 -0.5039 1.378, -0.5885 -0.5039 1.3342, -0.5906 -0.5039 1.3189, 0.5885 -0.5039 0.9493, -0.5826 -0.5039 0.935, -0.5733 -0.5039 0.9228, -0.5512 -0.5039 0.4331, -0.561 -0.5039 0.9134, -0.5906 -0.5039 0.9646, -0.5885 -0.5039 0.9493, -1.248 -0.5039 0.5118, -1.2507 -0.5039 0.5322, -1.2586 -0.5039 0.5512, -1.2711 -0.5039 0.5675, 0.5826 -0.5039 0.935, 1.2586 -0.5039 0.5512, 1.2507 -0.5039 0.5322, 1.248 -0.5039 0.5118, 1.248 -0.5039 0.4331, -0.5468 -0.5039 0.9075, -0.5315 -0.5039 0.9055, 0.5315 -0.5039 0.9055, 0.5468 -0.5039 0.9075, -1.248 -0.5039 0.4331, -1.0236 -0.5039 0.4331, -1.0236 -0.5039 0.3271, -0.5512 -0.5039 0.3271, -0.5906 0.5039 0.9646, 0.5512 0.5039 0.4331, 0.5512 0.5039 0.3271, 1.0236 0.5039 0.3271, -1.0236 0.5039 0.3271, -0.5512 0.5039 0.3271, -1.0236 0.5039 0.4331, -0.5512 0.5039 0.4331, 1.0236 0.5039 0.4331, 0.5468 0.5039 0.9075, 0.5315 0.5039 0.9055, -0.5315 0.5039 0.9055, -1.2711 0.5039 0.5675, -0.5885 0.5039 0.9493, -0.5468 0.5039 0.9075, -0.561 0.5039 0.9134, -0.5733 0.5039 0.9228, 0.5826 0.5039 1.3484, 0.5885 0.5039 1.3342, 1.2711 0.5039 0.5675, -0.5885 0.5039 1.3342, -0.5906 0.5039 1.3189, -0.5826 0.5039 1.3484, -0.5733 0.5039 1.3607, -0.561 0.5039 1.37, 0.5468 0.5039 1.3759, 0.561 0.5039 1.37, 0.5733 0.5039 1.3607, 0.5906 0.5039 1.3189, 1.248 0.5039 0.4331, 1.248 0.5039 0.5118, -0.5826 0.5039 0.935, -1.2586 0.5039 0.5512, -1.2507 0.5039 0.5322, -1.248 0.5039 0.5118, -1.248 0.5039 0.4331, 0.561 0.5039 0.9134, 1.2507 0.5039 0.5322, -0.5468 0.5039 1.3759, -0.5315 0.5039 1.378, 0.5315 0.5039 1.378, 0.5906 0.5039 0.9646, 0.5885 0.5039 0.9493, 1.2586 0.5039 0.5512, 0.5826 0.5039 0.935, 0.5733 0.5039 0.9228, -0.4724 0.2461 -0.4528, -0.5094 0.2461 -0.5905, -0.4724 0.3051 -0.4528, -0.5094 0.3051 -0.5905, -0.5536 0.3051 -0.5905, -0.5536 0.2461 -0.5905, -0.5906 0.3051 -0.4528, -0.5906 0.2461 -0.4528, -0.5906 0.3051 0.1181, -0.4724 0.3051 0.1181, -0.5906 0.2461 0.1181, -0.4724 0.2461 0.1181, -0.1181 0.2461 -0.4528, -0.155 0.2461 -0.5905, -0.1181 0.3051 -0.4528, -0.155 0.3051 -0.5905, -0.1993 0.3051 -0.5905, -0.1993 0.2461 -0.5905, -0.2362 0.3051 -0.4528, -0.2362 0.2461 -0.4528, -0.2362 0.3051 0.1181, -0.1181 0.3051 0.1181, -0.2362 0.2461 0.1181, -0.1181 0.2461 0.1181, 0.2362 0.2461 -0.4528, 0.1993 0.2461 -0.5905, 0.2362 0.3051 -0.4528, 0.1993 0.3051 -0.5905, 0.155 0.3051 -0.5905, 0.155 0.2461 -0.5905, 0.1181 0.3051 -0.4528, 0.1181 0.2461 -0.4528, 0.1181 0.3051 0.1181, 0.2362 0.3051 0.1181, 0.1181 0.2461 0.1181, 0.2362 0.2461 0.1181, -0.1181 -0.3051 -0.4528, -0.155 -0.3051 -0.5905, -0.1181 -0.2461 -0.4528, -0.155 -0.2461 -0.5905, -0.1993 -0.2461 -0.5905, -0.1993 -0.3051 -0.5905, -0.2362 -0.2461 -0.4528, -0.2362 -0.3051 -0.4528, -0.2362 -0.2461 0.1181, -0.1181 -0.2461 0.1181, -0.2362 -0.3051 0.1181, -0.1181 -0.3051 0.1181
            ]
        }
        coordIndex [
            0,1,2,-1,2,1,3,-1,3,4,2,-1,2,4,5,-1,2,5,6,-1,7,8,9,-1,9,8,10,-1,9,10,11,-1,11,10,12,-1,11,12,13,-1,13,12,14,-1,13,14,15,-1,15,14,16,-1,15,16,17,-1,17,16,18,-1,17,18,2,-1,2,18,19,-1,2,19,0,-1,20,21,22,-1,23,24,25,-1,23,25,26,-1,25,27,26,-1,26,27,28,-1,26,28,29,-1,28,30,29,-1,29,30,31,-1,29,31,32,-1,33,34,35,-1,35,34,36,-1,35,36,37,-1,37,36,32,-1,37,32,38,-1,38,32,31,-1,39,40,41,-1,41,40,42,-1,41,42,43,-1,24,23,44,-1,44,23,20,-1,44,20,45,-1,45,20,22,-1,45,22,41,-1,41,22,46,-1,41,46,39,-1,47,48,49,-1,50,51,52,-1,50,52,53,-1,52,54,53,-1,53,54,55,-1,53,55,56,-1,55,57,56,-1,56,57,58,-1,56,58,59,-1,60,61,62,-1,62,61,63,-1,62,63,64,-1,64,63,59,-1,64,59,65,-1,65,59,58,-1,66,67,68,-1,68,67,69,-1,68,69,70,-1,51,50,71,-1,71,50,47,-1,71,47,72,-1,72,47,49,-1,72,49,68,-1,68,49,73,-1,68,73,66,-1,74,75,76,-1,76,75,77,-1,77,78,76,-1,76,78,79,-1,76,79,80,-1,81,82,83,-1,83,82,84,-1,83,84,85,-1,85,84,86,-1,85,86,87,-1,87,86,88,-1,87,88,89,-1,89,88,90,-1,89,90,91,-1,91,90,92,-1,91,92,76,-1,76,92,93,-1,76,93,74,-1,94,95,96,-1,96,95,97,-1,98,99,100,-1,100,99,101,-1,102,103,104,-1,104,103,105,-1,104,105,106,-1,106,105,107,-1,106,107,101,-1,101,107,108,-1,101,108,100,-1,100,108,95,-1,100,95,94,-1,109,110,111,-1,111,110,112,-1,111,112,113,-1,113,112,114,-1,113,114,115,-1,96,97,98,-1,98,97,115,-1,98,115,99,-1,99,115,114,-1,116,117,118,-1,118,117,119,-1,120,121,122,-1,122,121,123,-1,124,125,126,-1,126,125,127,-1,128,129,130,-1,130,129,124,-1,130,124,131,-1,131,124,126,-1,123,121,118,-1,118,121,127,-1,118,127,116,-1,116,127,125,-1,120,122,119,-1,120,119,132,-1,132,119,117,-1,132,117,133,-1,133,117,134,-1,133,134,135,-1,135,134,136,-1,135,136,137,-1,137,136,138,-1,137,138,139,-1,140,141,142,-1,142,141,143,-1,144,145,146,-1,146,145,147,-1,148,149,150,-1,150,149,151,-1,150,151,152,-1,152,151,153,-1,152,153,147,-1,147,153,154,-1,147,154,146,-1,146,154,141,-1,146,141,140,-1,155,156,157,-1,157,156,158,-1,157,158,159,-1,159,158,160,-1,159,160,161,-1,142,143,144,-1,144,143,161,-1,144,161,145,-1,145,161,160,-1,162,163,164,-1,164,163,165,-1,166,167,168,-1,168,167,169,-1,170,171,172,-1,172,171,173,-1,172,173,174,-1,174,173,175,-1,174,175,176,-1,169,167,164,-1,164,167,176,-1,164,176,162,-1,162,176,175,-1,177,178,179,-1,179,178,180,-1,179,180,181,-1,181,180,182,-1,181,182,163,-1,163,182,183,-1,163,183,165,-1,165,183,166,-1,165,166,168,-1,184,185,186,-1,187,188,189,-1,131,135,137,-1,190,191,192,-1,193,194,195,-1,196,197,198,-1,199,200,201,-1,202,203,204,-1,204,203,205,-1,206,207,204,-1,204,207,208,-1,204,208,209,-1,205,210,204,-1,204,210,211,-1,204,211,206,-1,212,213,214,-1,215,216,217,-1,217,216,214,-1,214,216,218,-1,214,218,212,-1,215,217,219,-1,219,217,220,-1,219,220,221,-1,220,222,223,-1,220,224,221,-1,221,224,225,-1,221,225,226,-1,226,225,227,-1,226,227,228,-1,223,229,220,-1,220,229,230,-1,220,230,224,-1,231,232,233,-1,233,234,231,-1,231,234,235,-1,231,235,220,-1,220,235,236,-1,220,236,222,-1,237,238,239,-1,237,239,240,-1,238,241,239,-1,239,241,242,-1,239,242,232,-1,232,242,243,-1,232,243,233,-1,244,240,245,-1,245,240,239,-1,245,239,246,-1,246,239,247,-1,246,247,248,-1,248,247,249,-1,250,251,252,-1,252,251,253,-1,253,254,252,-1,252,254,255,-1,252,255,256,-1,256,257,252,-1,252,257,258,-1,252,258,247,-1,247,258,259,-1,247,259,249,-1,260,261,262,-1,263,264,265,-1,263,265,266,-1,264,267,265,-1,265,267,268,-1,265,268,269,-1,260,262,270,-1,270,262,271,-1,270,271,272,-1,272,273,270,-1,270,273,274,-1,270,274,275,-1,276,277,278,-1,278,277,279,-1,278,279,265,-1,265,279,280,-1,265,280,266,-1,265,281,282,-1,283,284,250,-1,283,250,275,-1,284,285,250,-1,250,285,286,-1,250,286,287,-1,287,288,250,-1,250,288,289,-1,250,289,290,-1,290,289,276,-1,290,276,291,-1,291,276,278,-1,269,292,265,-1,265,292,293,-1,265,293,294,-1,294,295,265,-1,265,295,296,-1,265,296,281,-1,282,297,265,-1,265,297,298,-1,265,298,299,-1,299,298,300,-1,301,302,303,-1,300,304,299,-1,299,304,305,-1,299,305,306,-1,302,307,303,-1,303,307,306,-1,303,306,308,-1,308,306,305,-1,309,310,311,-1,311,310,301,-1,311,301,312,-1,312,301,303,-1,307,313,306,-1,306,313,314,-1,306,314,201,-1,201,314,315,-1,201,315,199,-1,316,317,309,-1,309,317,318,-1,309,318,310,-1,316,319,317,-1,317,319,320,-1,317,320,321,-1,322,323,324,-1,323,325,324,-1,324,325,326,-1,324,326,327,-1,308,324,303,-1,303,324,328,-1,303,328,329,-1,330,331,332,-1,332,331,333,-1,332,333,334,-1,330,332,308,-1,308,332,335,-1,308,335,324,-1,324,335,336,-1,324,336,322,-1,337,338,339,-1,339,338,340,-1,339,340,341,-1,327,326,342,-1,342,326,343,-1,342,343,344,-1,344,343,345,-1,344,345,346,-1,329,347,303,-1,303,347,339,-1,303,339,348,-1,348,339,341,-1,208,349,209,-1,209,349,350,-1,209,350,260,-1,260,350,351,-1,260,351,261,-1,352,353,354,-1,354,353,355,-1,356,357,354,-1,358,359,360,-1,186,185,361,-1,361,185,362,-1,361,362,363,-1,357,364,354,-1,354,364,365,-1,354,365,352,-1,360,366,358,-1,358,366,367,-1,358,367,357,-1,357,367,368,-1,357,368,364,-1,369,370,371,-1,371,370,372,-1,198,197,373,-1,373,197,374,-1,373,374,371,-1,371,374,375,-1,371,375,369,-1,376,377,378,-1,378,377,379,-1,380,381,382,-1,382,381,383,-1,380,382,384,-1,384,382,385,-1,384,385,386,-1,387,388,389,-1,389,388,390,-1,389,390,391,-1,391,390,392,-1,393,394,395,-1,395,394,373,-1,395,373,396,-1,396,373,397,-1,398,399,400,-1,400,399,401,-1,402,403,404,-1,404,403,405,-1,404,405,406,-1,401,399,407,-1,407,399,408,-1,407,408,409,-1,402,410,411,-1,411,410,412,-1,411,412,413,-1,414,415,416,-1,416,415,417,-1,416,417,418,-1,418,417,419,-1,418,419,408,-1,406,405,420,-1,420,405,421,-1,420,421,414,-1,422,423,424,-1,424,423,415,-1,424,415,425,-1,425,415,426,-1,414,421,415,-1,415,421,427,-1,415,427,426,-1,426,427,428,-1,426,428,429,-1,429,428,430,-1,429,430,431,-1,432,433,434,-1,434,433,429,-1,434,429,435,-1,431,436,429,-1,429,436,437,-1,429,437,438,-1,439,440,429,-1,429,440,441,-1,429,441,435,-1,442,443,444,-1,445,446,434,-1,434,446,447,-1,434,447,432,-1,438,448,429,-1,429,448,449,-1,429,449,439,-1,442,444,434,-1,434,444,450,-1,434,450,445,-1,451,452,453,-1,453,452,454,-1,453,454,421,-1,421,454,455,-1,421,455,427,-1,194,456,457,-1,457,456,458,-1,458,456,459,-1,458,459,451,-1,460,461,462,-1,193,195,463,-1,464,465,195,-1,461,466,462,-1,462,466,467,-1,462,467,468,-1,465,469,195,-1,195,469,470,-1,195,470,463,-1,422,471,423,-1,423,471,472,-1,423,472,462,-1,462,472,473,-1,462,473,460,-1,468,474,462,-1,462,474,475,-1,462,475,195,-1,195,475,476,-1,195,476,464,-1,247,477,109,-1,109,477,478,-1,109,478,479,-1,480,190,481,-1,481,190,192,-1,481,192,482,-1,482,192,483,-1,111,105,109,-1,109,105,103,-1,109,103,247,-1,247,103,484,-1,247,484,485,-1,191,486,192,-1,192,486,487,-1,192,487,488,-1,485,489,247,-1,247,489,490,-1,247,490,491,-1,491,492,247,-1,247,492,493,-1,247,493,252,-1,252,493,494,-1,252,494,495,-1,191,496,486,-1,486,496,497,-1,486,497,498,-1,498,497,499,-1,498,499,478,-1,478,499,500,-1,478,500,479,-1,501,502,503,-1,503,502,504,-1,503,504,505,-1,505,504,506,-1,505,506,507,-1,507,506,508,-1,507,508,509,-1,509,508,510,-1,509,510,511,-1,511,510,512,-1,511,512,513,-1,513,512,514,-1,513,514,515,-1,515,514,516,-1,515,516,517,-1,517,516,480,-1,517,480,518,-1,518,480,481,-1,519,520,521,-1,521,520,522,-1,523,524,501,-1,501,524,525,-1,501,525,502,-1,526,527,528,-1,528,527,523,-1,528,523,529,-1,529,523,530,-1,527,531,523,-1,523,531,532,-1,523,532,533,-1,533,532,534,-1,533,534,535,-1,536,537,533,-1,533,537,538,-1,523,539,540,-1,539,523,541,-1,541,523,533,-1,541,533,542,-1,540,543,523,-1,523,543,544,-1,523,544,524,-1,538,545,533,-1,533,545,546,-1,533,546,128,-1,542,533,139,-1,139,533,128,-1,139,128,137,-1,137,128,130,-1,137,130,131,-1,547,548,549,-1,549,548,550,-1,551,552,553,-1,553,552,554,-1,275,250,270,-1,270,250,252,-1,270,252,555,-1,555,252,495,-1,555,495,551,-1,556,557,558,-1,558,559,382,-1,560,561,562,-1,563,564,562,-1,562,564,565,-1,562,565,560,-1,566,378,567,-1,567,378,568,-1,569,570,571,-1,566,572,378,-1,378,572,573,-1,378,573,574,-1,557,575,558,-1,558,575,576,-1,558,576,577,-1,577,576,578,-1,579,580,578,-1,578,580,581,-1,578,581,577,-1,574,582,378,-1,378,582,583,-1,378,583,584,-1,585,586,383,-1,383,586,376,-1,383,376,382,-1,382,376,378,-1,382,378,558,-1,558,378,584,-1,558,584,556,-1,587,588,562,-1,562,588,589,-1,562,589,563,-1,590,591,569,-1,569,591,592,-1,593,594,578,-1,578,594,595,-1,578,595,596,-1,592,597,569,-1,569,597,598,-1,569,598,570,-1,559,599,382,-1,382,599,600,-1,382,600,569,-1,569,600,601,-1,569,601,590,-1,596,602,578,-1,578,602,603,-1,578,603,579,-1,551,553,555,-1,555,553,604,-1,555,604,605,-1,606,607,608,-1,608,607,609,-1,608,609,610,-1,611,612,613,-1,613,612,614,-1,615,616,614,-1,617,618,619,-1,620,621,610,-1,622,623,624,-1,624,623,625,-1,624,625,626,-1,620,610,627,-1,618,628,619,-1,619,628,629,-1,619,629,630,-1,630,631,619,-1,619,631,632,-1,619,632,613,-1,613,632,633,-1,613,633,611,-1,626,634,624,-1,624,634,635,-1,624,635,636,-1,637,638,639,-1,639,638,640,-1,639,640,610,-1,610,640,641,-1,610,641,627,-1,642,643,644,-1,644,643,645,-1,644,645,646,-1,644,647,642,-1,642,647,648,-1,642,648,649,-1,637,650,638,-1,638,650,651,-1,638,651,652,-1,652,651,653,-1,652,654,655,-1,649,656,642,-1,642,656,657,-1,642,657,658,-1,658,657,659,-1,658,659,660,-1,660,659,661,-1,660,661,614,-1,614,661,662,-1,614,662,615,-1,653,663,652,-1,652,663,664,-1,652,664,665,-1,666,667,646,-1,646,667,668,-1,646,668,644,-1,665,669,652,-1,652,669,670,-1,652,670,654,-1,655,671,652,-1,652,671,672,-1,652,672,673,-1,674,675,554,-1,554,675,606,-1,636,676,624,-1,624,676,674,-1,624,674,677,-1,677,674,554,-1,677,554,678,-1,678,554,552,-1,679,680,681,-1,681,680,682,-1,683,684,685,-1,686,687,688,-1,688,687,683,-1,688,683,689,-1,689,683,685,-1,690,691,624,-1,616,622,614,-1,614,622,624,-1,614,624,613,-1,613,624,691,-1,613,691,692,-1,692,691,693,-1,624,694,690,-1,690,694,695,-1,690,695,696,-1,697,698,694,-1,694,698,699,-1,694,699,695,-1,700,701,549,-1,549,701,677,-1,549,677,547,-1,547,677,678,-1,694,702,703,-1,701,704,677,-1,677,704,705,-1,677,705,624,-1,624,705,706,-1,624,706,694,-1,694,706,707,-1,694,707,702,-1,703,708,694,-1,694,708,709,-1,694,709,697,-1,693,687,692,-1,692,687,686,-1,692,686,710,-1,710,686,711,-1,710,711,682,-1,682,711,712,-1,682,712,681,-1,681,712,713,-1,681,713,550,-1,550,713,714,-1,550,714,715,-1,715,716,550,-1,550,716,717,-1,550,717,549,-1,549,717,718,-1,549,718,700,-1,719,720,198,-1,198,720,721,-1,198,721,722,-1,723,196,724,-1,724,196,198,-1,724,198,725,-1,725,198,722,-1,725,722,189,-1,189,722,726,-1,189,726,187,-1,727,720,728,-1,728,720,719,-1,728,719,729,-1,729,719,730,-1,730,719,731,-1,731,719,198,-1,731,198,732,-1,732,198,373,-1,732,373,733,-1,733,373,394,-1,733,394,734,-1,710,734,419,-1,372,735,371,-1,371,735,736,-1,371,736,358,-1,358,736,737,-1,358,737,359,-1,358,738,371,-1,371,738,184,-1,371,184,739,-1,739,184,186,-1,740,462,741,-1,741,462,209,-1,741,209,742,-1,742,209,260,-1,742,260,379,-1,379,260,270,-1,379,270,378,-1,378,270,555,-1,378,555,568,-1,568,555,605,-1,606,608,554,-1,554,608,560,-1,554,560,553,-1,553,560,565,-1,553,565,604,-1,548,743,550,-1,550,743,744,-1,550,744,681,-1,681,744,724,-1,681,724,679,-1,679,724,725,-1,743,745,744,-1,744,745,746,-1,744,746,724,-1,724,746,354,-1,724,354,723,-1,723,354,355,-1,745,522,746,-1,746,522,520,-1,746,520,354,-1,354,520,361,-1,354,361,356,-1,356,361,363,-1,356,363,747,-1,747,363,748,-1,621,617,610,-1,610,617,619,-1,610,619,608,-1,608,619,569,-1,608,569,560,-1,560,569,571,-1,560,571,561,-1,710,419,692,-1,692,419,417,-1,692,417,613,-1,613,417,415,-1,613,415,619,-1,619,415,423,-1,619,423,569,-1,569,423,462,-1,569,462,382,-1,382,462,740,-1,382,740,385,-1,749,195,204,-1,749,750,195,-1,195,750,751,-1,195,751,462,-1,462,751,752,-1,462,752,209,-1,209,752,753,-1,209,753,204,-1,204,753,754,-1,204,754,749,-1,755,756,419,-1,419,756,403,-1,419,403,408,-1,408,403,402,-1,408,402,409,-1,409,402,411,-1,757,758,394,-1,394,758,759,-1,734,394,419,-1,419,394,760,-1,419,760,755,-1,759,761,394,-1,394,761,762,-1,394,762,760,-1,756,763,403,-1,403,763,764,-1,403,764,765,-1,765,764,766,-1,765,766,767,-1,767,768,765,-1,765,768,769,-1,765,769,770,-1,770,771,765,-1,765,771,772,-1,765,772,773,-1,387,389,393,-1,393,389,765,-1,393,765,394,-1,394,765,773,-1,394,773,757,-1,774,397,775,-1,775,397,373,-1,775,373,392,-1,392,373,371,-1,392,371,391,-1,391,371,739,-1,391,739,776,-1,519,536,520,-1,520,536,533,-1,520,533,361,-1,361,533,777,-1,361,777,186,-1,186,777,778,-1,186,778,739,-1,739,778,779,-1,739,779,776,-1,776,779,780,-1,194,457,195,-1,195,457,214,-1,195,214,204,-1,204,214,213,-1,204,213,202,-1,451,453,458,-1,458,453,421,-1,458,421,781,-1,781,421,405,-1,781,405,782,-1,782,405,403,-1,782,403,783,-1,783,403,765,-1,783,765,784,-1,784,765,389,-1,784,389,785,-1,785,389,391,-1,785,391,786,-1,786,391,776,-1,786,776,787,-1,787,776,780,-1,787,780,788,-1,177,789,178,-1,178,789,790,-1,791,792,793,-1,170,172,180,-1,157,151,155,-1,155,151,149,-1,794,795,796,-1,797,798,799,-1,799,798,800,-1,794,796,149,-1,801,802,803,-1,803,802,804,-1,805,806,799,-1,799,806,807,-1,805,799,808,-1,808,799,800,-1,808,800,809,-1,804,810,811,-1,149,796,155,-1,155,796,812,-1,155,812,813,-1,180,178,170,-1,170,178,814,-1,170,814,815,-1,815,814,816,-1,815,816,817,-1,817,816,818,-1,817,818,819,-1,800,803,809,-1,809,803,804,-1,809,804,792,-1,792,804,811,-1,792,811,793,-1,178,790,814,-1,814,790,820,-1,814,820,821,-1,821,820,822,-1,821,822,793,-1,793,822,823,-1,793,823,791,-1,813,812,824,-1,824,812,825,-1,824,825,826,-1,826,825,827,-1,826,827,807,-1,807,827,828,-1,807,828,799,-1,799,828,829,-1,799,829,830,-1,795,831,796,-1,796,831,832,-1,796,832,833,-1,834,835,818,-1,818,835,836,-1,818,836,819,-1,833,837,796,-1,796,837,838,-1,796,838,818,-1,818,838,839,-1,818,839,834,-1,177,179,173,-1,840,841,41,-1,41,841,842,-1,843,171,43,-1,43,171,844,-1,43,844,41,-1,41,844,845,-1,41,845,840,-1,846,847,848,-1,849,850,848,-1,848,850,851,-1,852,853,19,-1,19,853,854,-1,19,854,855,-1,842,856,41,-1,41,856,857,-1,41,857,19,-1,19,857,858,-1,19,858,852,-1,855,859,19,-1,19,859,860,-1,19,860,148,-1,173,171,177,-1,177,171,843,-1,177,843,789,-1,789,843,861,-1,862,863,864,-1,864,863,865,-1,150,158,148,-1,148,158,156,-1,148,156,19,-1,19,156,866,-1,19,866,864,-1,864,866,867,-1,864,867,862,-1,868,869,864,-1,864,869,870,-1,864,870,19,-1,19,870,871,-1,19,871,0,-1,861,843,872,-1,872,843,873,-1,872,873,847,-1,847,873,874,-1,847,874,848,-1,848,874,875,-1,848,875,876,-1,865,877,864,-1,864,877,878,-1,864,878,851,-1,851,878,879,-1,851,879,848,-1,848,879,880,-1,848,880,846,-1,881,868,882,-1,882,868,864,-1,882,864,883,-1,883,864,884,-1,813,866,155,-1,155,866,156,-1,138,885,139,-1,139,885,542,-1,102,104,112,-1,886,887,888,-1,136,124,138,-1,138,124,129,-1,889,890,891,-1,891,890,892,-1,893,894,895,-1,888,893,886,-1,886,893,895,-1,886,895,892,-1,892,895,896,-1,892,896,891,-1,897,898,885,-1,896,899,891,-1,891,899,900,-1,891,900,901,-1,902,903,93,-1,74,93,904,-1,904,93,110,-1,905,68,906,-1,906,68,70,-1,906,70,129,-1,129,70,897,-1,129,897,138,-1,138,897,885,-1,905,907,68,-1,68,907,908,-1,68,908,909,-1,910,911,93,-1,93,911,912,-1,93,912,902,-1,112,110,102,-1,102,110,93,-1,102,93,913,-1,913,93,903,-1,893,914,915,-1,898,897,916,-1,916,897,917,-1,916,917,901,-1,901,917,918,-1,901,918,891,-1,891,918,919,-1,891,919,920,-1,894,893,921,-1,921,893,915,-1,921,915,922,-1,909,923,68,-1,68,923,924,-1,68,924,93,-1,93,924,925,-1,93,925,910,-1,110,926,904,-1,904,926,927,-1,904,927,928,-1,928,927,929,-1,928,929,922,-1,922,929,930,-1,922,930,921,-1,479,926,109,-1,109,926,110,-1,931,932,933,-1,933,932,934,-1,935,934,936,-1,936,934,932,-1,937,935,938,-1,938,935,936,-1,939,940,937,-1,937,940,933,-1,937,933,935,-1,935,933,934,-1,938,941,937,-1,937,941,939,-1,936,932,938,-1,938,932,931,-1,938,931,941,-1,941,931,942,-1,933,940,931,-1,931,940,942,-1,943,944,945,-1,945,944,946,-1,947,946,948,-1,948,946,944,-1,949,947,950,-1,950,947,948,-1,951,952,949,-1,949,952,945,-1,949,945,947,-1,947,945,946,-1,950,953,949,-1,949,953,951,-1,948,944,950,-1,950,944,943,-1,950,943,953,-1,953,943,954,-1,945,952,943,-1,943,952,954,-1,955,956,957,-1,957,956,958,-1,959,958,960,-1,960,958,956,-1,961,959,962,-1,962,959,960,-1,963,964,961,-1,961,964,957,-1,961,957,959,-1,959,957,958,-1,962,965,961,-1,961,965,963,-1,960,956,962,-1,962,956,955,-1,962,955,965,-1,965,955,966,-1,957,964,955,-1,955,964,966,-1,967,968,969,-1,969,968,970,-1,971,970,972,-1,972,970,968,-1,973,971,974,-1,974,971,972,-1,975,976,973,-1,973,976,969,-1,973,969,971,-1,971,969,970,-1,974,977,973,-1,973,977,975,-1,972,968,974,-1,974,968,967,-1,974,967,977,-1,977,967,978,-1,969,976,967,-1,967,976,978,-1,
        ]
    }
}
Shape{
    appearance Appearance {
        material  Material 	{
            diffuseColor 0.25098039215686274 0.25098039215686274 0.25098039215686274
            specularColor 0.12549019607843137 0.12549019607843137 0.12549019607843137
            ambientIntensity 0.251
            transparency 0.0
            shininess 0.5
        }
    }
    geometry IndexedFaceSet {
        ccw TRUE
        solid FALSE
        coord DEF co Coordinate {
            point [
                -1.3681 0.3809 0.1181, -1.3681 0.4567 0.1181, -1.3533 0.4567 0.1181, -1.3681 0.0 0.1181, -1.3533 0.0 0.1181, -1.3681 -0.4567 0.1181, -1.3533 -0.4567 0.1181, -1.3386 -0.3051 0.1181, -1.3386 -0.2461 0.1181, -1.2205 -0.2461 0.1181, -1.0925 0.0 0.1181, -1.2205 -0.3051 0.1181, -1.0925 -0.4567 0.1181, -1.3533 0.3809 0.1181, -1.3386 0.3051 0.1181, -1.3386 0.2461 0.1181, -1.2205 0.3051 0.1181, -1.0925 0.3809 0.1181, -1.2205 0.2461 0.1181, -0.8465 -0.3051 0.1181, -0.7185 -0.4567 0.1181, -0.9646 -0.3051 0.1181, -0.9646 -0.2461 0.1181, -0.8465 -0.2461 0.1181, -0.7185 0.0 0.1181, -0.9646 0.2461 0.1181, -0.9646 0.3051 0.1181, -0.8465 0.3051 0.1181, -0.7185 0.3809 0.1181, -0.8465 0.2461 0.1181, -0.3543 0.0 0.1181, -0.3543 -0.4567 0.1181, -0.4724 0.2461 0.1181, -0.5906 0.2461 0.1181, -0.5906 0.3051 0.1181, -0.4724 0.3051 0.1181, -0.3543 0.3809 0.1181, -0.2362 -0.3051 0.1181, -0.2362 -0.2461 0.1181, -0.1181 -0.2461 0.1181, 0.0 0.0 0.1181, -0.1181 -0.3051 0.1181, 0.0 -0.4567 0.1181, -0.2362 0.2461 0.1181, -0.2362 0.3051 0.1181, -0.1181 0.3051 0.1181, 0.0 0.3809 0.1181, -0.1181 0.2461 0.1181, 0.1181 -0.3051 0.1181, 0.1181 -0.2461 0.1181, 0.2362 -0.2461 0.1181, 0.3543 0.0 0.1181, 0.2362 -0.3051 0.1181, 0.3543 -0.4567 0.1181, 0.2362 0.2461 0.1181, 0.1181 0.2461 0.1181, 0.1181 0.3051 0.1181, 0.2362 0.3051 0.1181, 0.3543 0.3809 0.1181, 0.5906 -0.2461 0.1181, 0.4724 -0.2461 0.1181, 0.4724 -0.3051 0.1181, 0.7185 -0.4567 0.1181, 0.5906 -0.3051 0.1181, 0.7185 0.0 0.1181, 0.7185 0.3809 0.1181, 0.9646 -0.2461 0.1181, 1.0925 0.0 0.1181, 0.9646 -0.3051 0.1181, 1.0925 -0.4567 0.1181, 0.8465 -0.3051 0.1181, 0.8465 -0.2461 0.1181, 0.9646 0.3051 0.1181, 1.0925 0.3809 0.1181, 0.9646 0.2461 0.1181, 0.8465 0.2461 0.1181, 0.8465 0.3051 0.1181, 1.3681 -0.4567 0.1181, 1.3386 -0.3051 0.1181, 1.3386 -0.2461 0.1181, 1.2205 -0.3051 0.1181, 1.2205 -0.2461 0.1181, 1.3681 0.0 0.1181, 1.3386 0.3051 0.1181, 1.3681 0.3809 0.1181, 1.3386 0.2461 0.1181, 1.2205 0.2461 0.1181, 1.2205 0.3051 0.1181, -1.0925 0.4567 0.1181, -0.7185 0.4567 0.1181, -0.3543 0.4567 0.1181, 0.0 0.4567 0.1181, 0.3543 0.4567 0.1181, 0.7185 0.4567 0.1181, 1.0925 0.4567 0.1181, 1.3681 0.4567 0.1181
            ]
        }
        coordIndex [
            0,1,2,-1,3,4,5,-1,5,4,6,-1,7,6,8,-1,8,6,4,-1,8,4,9,-1,9,4,10,-1,9,10,11,-1,11,10,12,-1,11,12,7,-1,7,12,6,-1,13,14,15,-1,14,13,16,-1,16,13,17,-1,16,17,18,-1,18,17,10,-1,18,10,15,-1,15,10,4,-1,15,4,13,-1,13,4,3,-1,13,3,0,-1,19,20,21,-1,21,20,12,-1,21,12,22,-1,22,12,10,-1,22,10,23,-1,23,10,24,-1,23,24,19,-1,25,10,26,-1,26,10,17,-1,26,17,27,-1,27,17,28,-1,27,28,29,-1,29,28,24,-1,29,24,25,-1,25,24,10,-1,19,24,20,-1,20,24,30,-1,20,30,31,-1,32,30,33,-1,33,30,24,-1,33,24,34,-1,34,24,28,-1,34,28,35,-1,35,28,36,-1,35,36,32,-1,32,36,30,-1,37,31,38,-1,38,31,30,-1,38,30,39,-1,39,30,40,-1,39,40,41,-1,41,40,42,-1,41,42,37,-1,37,42,31,-1,43,30,44,-1,44,30,36,-1,44,36,45,-1,45,36,46,-1,45,46,47,-1,47,46,40,-1,47,40,43,-1,43,40,30,-1,48,42,49,-1,49,42,40,-1,49,40,50,-1,50,40,51,-1,50,51,52,-1,52,51,53,-1,52,53,48,-1,48,53,42,-1,54,51,55,-1,55,51,40,-1,55,40,56,-1,56,40,46,-1,56,46,57,-1,57,46,58,-1,57,58,54,-1,54,58,51,-1,59,60,51,-1,51,60,53,-1,53,60,61,-1,53,61,62,-1,62,61,63,-1,62,63,64,-1,58,65,51,-1,51,65,64,-1,51,64,59,-1,59,64,63,-1,66,67,68,-1,68,67,69,-1,68,69,70,-1,70,69,62,-1,70,62,71,-1,71,62,64,-1,71,64,66,-1,66,64,67,-1,72,73,74,-1,74,73,67,-1,74,67,75,-1,75,67,64,-1,75,64,76,-1,76,64,65,-1,76,65,72,-1,72,65,73,-1,77,78,79,-1,78,77,80,-1,80,77,69,-1,80,69,81,-1,81,69,67,-1,81,67,79,-1,79,67,82,-1,79,82,77,-1,83,84,85,-1,85,84,82,-1,85,82,86,-1,86,82,67,-1,86,67,87,-1,87,67,73,-1,87,73,83,-1,83,73,84,-1,0,2,13,-1,13,2,88,-1,13,88,17,-1,17,88,89,-1,17,89,28,-1,28,89,90,-1,28,90,36,-1,36,90,91,-1,36,91,46,-1,46,91,92,-1,46,92,58,-1,58,92,93,-1,58,93,65,-1,65,93,94,-1,65,94,73,-1,73,94,95,-1,73,95,84,-1,
        ]
    }
}
Shape{
    appearance Appearance {
        material  Material 	{
            diffuseColor 0.7529411764705882 0.7529411764705882 0.7529411764705882
            specularColor 0.3764705882352941 0.3764705882352941 0.3764705882352941
            ambientIntensity 0.7529
            transparency 0.0
            shininess 0.5
        }
    }
    geometry IndexedFaceSet {
        ccw TRUE
        solid FALSE
        coord DEF co Coordinate {
            point [
                -0.9276 0.2461 -0.5905, -0.9646 0.2461 -0.4528, -0.9276 0.3051 -0.5905, -0.9646 0.3051 -0.4528, -0.8834 0.3051 -0.5905, -0.8834 0.2461 -0.5905, -0.8465 0.3051 -0.4528, -0.8465 0.2461 -0.4528, -0.9646 0.2461 0.1181, -0.8465 0.2461 0.1181, -0.9646 0.3051 0.1181, -0.8465 0.3051 0.1181, 0.9646 0.2461 -0.4528, 0.9276 0.2461 -0.5905, 0.9646 0.3051 -0.4528, 0.9276 0.3051 -0.5905, 0.8834 0.3051 -0.5905, 0.8834 0.2461 -0.5905, 0.8465 0.3051 -0.4528, 0.8465 0.2461 -0.4528, 0.8465 0.2461 0.1181, 0.9646 0.2461 0.1181, 0.9646 0.3051 0.1181, 0.8465 0.3051 0.1181, 0.9276 -0.2461 -0.5905, 0.9646 -0.2461 -0.4528, 0.9276 -0.3051 -0.5905, 0.9646 -0.3051 -0.4528, 0.8834 -0.3051 -0.5905, 0.8834 -0.2461 -0.5905, 0.8465 -0.3051 -0.4528, 0.8465 -0.2461 -0.4528, 0.9646 -0.2461 0.1181, 0.8465 -0.2461 0.1181, 0.9646 -0.3051 0.1181, 0.8465 -0.3051 0.1181, 1.3268 -0.6204 0.5906, 1.3268 -0.5017 0.5906, 1.3681 -0.6151 0.5906, 1.3662 -0.4951 0.5906, 1.3681 -0.4946 0.5906, 1.3268 0.5017 0.5906, 1.3268 0.6204 0.5906, 1.3681 0.4946 0.5906, 1.3681 0.6151 0.5906, -1.3268 0.6204 0.5906, -1.3268 0.5017 0.5906, -1.3681 0.6151 0.5906, -1.3662 0.4951 0.5906, -1.3681 0.4946 0.5906, -1.3268 -0.5017 0.5906, -1.3268 -0.6204 0.5906, -1.3681 -0.4946 0.5906, -1.3681 -0.6151 0.5906, 1.7598 0.1496 3.937, 1.7598 -0.1496 3.937, 1.7598 0.1496 0.5906, 1.7598 -0.1496 0.5906, 1.5658 -0.428 3.937, 1.6568 -0.4442 3.937, 1.6284 -0.3465 3.937, 1.7131 -0.3546 3.937, 1.6677 -0.2515 3.937, 1.748 -0.2547 3.937, 1.6811 -0.1496 3.937, 1.6811 0.1496 3.937, 1.6677 0.2515 3.937, 1.748 0.2547 3.937, 1.6284 0.3465 3.937, 1.7131 0.3546 3.937, 1.5658 0.428 3.937, -1.5658 -0.428 3.937, -1.582 -0.519 3.937, -1.4843 -0.4906 3.937, -1.4924 -0.5753 3.937, -1.3893 -0.5299 3.937, -1.3925 -0.6102 3.937, -1.2874 -0.5433 3.937, -1.2874 -0.622 3.937, 1.2874 -0.5433 3.937, 1.2874 -0.622 3.937, 1.3893 -0.5299 3.937, 1.3925 -0.6102 3.937, 1.4843 -0.4906 3.937, 1.4924 -0.5753 3.937, 1.582 -0.519 3.937, -1.5658 0.428 3.937, -1.6568 0.4442 3.937, -1.6284 0.3465 3.937, -1.7131 0.3546 3.937, -1.6677 0.2515 3.937, -1.748 0.2547 3.937, -1.6811 0.1496 3.937, -1.7598 0.1496 3.937, -1.6811 -0.1496 3.937, -1.7598 -0.1496 3.937, -1.6677 -0.2515 3.937, -1.748 -0.2547 3.937, -1.6284 -0.3465 3.937, -1.7131 -0.3546 3.937, -1.6568 -0.4442 3.937, 1.6568 0.4442 3.937, 1.582 0.519 3.937, 1.4843 0.4906 3.937, 1.4924 0.5753 3.937, 1.3893 0.5299 3.937, 1.3925 0.6102 3.937, 1.2874 0.5433 3.937, 1.2874 0.622 3.937, -0.0116 0.622 3.937, -1.2874 0.5433 3.937, -0.0887 0.622 3.937, -0.3168 0.622 3.937, -0.3776 0.622 3.937, -0.1464 0.622 3.937, -0.1532 0.622 3.937, -0.1978 0.622 3.937, -0.5283 0.622 3.937, -1.2874 0.622 3.937, -1.3893 0.5299 3.937, -1.3925 0.6102 3.937, -1.4843 0.4906 3.937, -1.4924 0.5753 3.937, -1.582 0.519 3.937, -0.2165 0.622 3.937, -0.2915 0.622 3.937, -1.7598 0.1496 0.5906, -1.7598 -0.1496 0.5906, -1.6417 0.1496 1.7717, -1.6417 0.1496 3.8976, -1.6417 -0.1496 1.7717, -1.6417 -0.1496 3.8976, 1.6417 -0.1496 1.7717, 1.6417 -0.1496 3.8976, 1.6417 0.1496 1.7717, 1.6417 0.1496 3.8976, -0.603 -0.8189 -0.9843, -0.7244 -0.8189 -0.9843, -0.603 -0.7008 -0.9843, -0.7244 -0.7008 -0.9843, -0.9718 -0.7008 -0.9843, -0.8504 -0.7008 -0.9843, -0.9718 -0.8189 -0.9843, -0.8504 -0.8189 -0.9843, 0.5512 -0.5039 0.4331, 0.5512 -0.622 0.4331, -0.5512 -0.5039 0.4331, -0.5512 -0.622 0.4331, 0.603 -0.7008 -0.9843, 0.7244 -0.7008 -0.9843, 0.603 -0.8189 -0.9843, 0.7244 -0.8189 -0.9843, 1.0236 -0.8189 -0.3422, 1.0236 -0.7008 -0.3422, 1.0236 -0.8189 0.0998, 1.0236 -0.7008 0.0998, 1.0236 -0.8135 0.1406, 1.0236 -0.6999 0.108, 1.0236 -0.7978 0.1786, 1.0236 -0.5039 0.4331, 1.0236 -0.622 0.4331, 1.0236 -0.5039 0.3271, 1.0236 -0.622 0.3271, 1.0236 -0.5093 0.2864, 1.0236 -0.6229 0.319, 1.0236 -0.525 0.2484, 1.0236 -0.6255 0.3111, 1.0236 -0.6296 0.304, 1.0236 -0.5501 0.2158, 1.0236 -0.6351 0.2979, 1.0236 -0.5827 0.1908, 1.0236 -0.6417 0.293, 1.0236 -0.6811 0.1339, 1.0236 -0.7402 0.2362, 1.0236 -0.6878 0.1291, 1.0236 -0.7728 0.2112, 1.0236 -0.6933 0.123, 1.0236 -0.6974 0.1159, 0.5512 -0.7008 -0.3422, 0.5512 -0.8189 -0.3422, 0.5512 -0.7008 0.0998, 0.5512 -0.8189 0.0998, 0.5512 -0.6999 0.108, 0.5512 -0.8135 0.1406, 0.5512 -0.6974 0.1159, 0.5512 -0.7978 0.1786, 0.5512 -0.6933 0.123, 0.5512 -0.622 0.3271, 0.5512 -0.5039 0.3271, 0.5512 -0.6229 0.319, 0.5512 -0.5093 0.2864, 0.5512 -0.6255 0.3111, 0.5512 -0.525 0.2484, 0.5512 -0.6878 0.1291, 0.5512 -0.7728 0.2112, 0.5512 -0.6811 0.1339, 0.5512 -0.7402 0.2362, 0.5512 -0.5827 0.1908, 0.5512 -0.6417 0.293, 0.5512 -0.5501 0.2158, 0.5512 -0.6351 0.2979, 0.5512 -0.6296 0.304, 1.248 -0.5039 0.4331, 1.248 -0.622 0.4331, 1.2874 -0.622 0.58, 1.2967 -0.622 0.5846, 1.3064 -0.6217 0.5879, 1.3165 -0.6212 0.5899, 1.3925 -0.6102 0.5906, 1.4924 -0.5753 0.5906, 1.582 -0.519 0.5906, 1.6568 -0.4442 0.5906, 1.7131 -0.3546 0.5906, 1.748 -0.2547 0.5906, -1.2966 -0.622 0.5846, -1.2874 -0.622 0.58, -1.3165 -0.6212 0.5899, -1.3064 -0.6217 0.5879, -1.3925 -0.6102 0.5906, -1.4924 -0.5753 0.5906, -1.582 -0.519 0.5906, -1.6568 -0.4442 0.5906, -1.7131 -0.3546 0.5906, -1.748 -0.2547 0.5906, 1.248 -0.622 0.5118, 1.248 -0.5039 0.5118, -1.248 -0.5039 0.5118, -1.248 -0.5039 0.4331, -1.248 -0.622 0.5118, -1.248 -0.622 0.4331, -1.0236 -0.622 0.4331, -1.0236 -0.5039 0.4331, 0.7466 -0.7008 -0.2885, 0.7373 -0.7008 -0.2978, 0.7303 -0.7008 -0.309, 0.8045 -0.7008 -0.2771, 0.7913 -0.7008 -0.2756, 0.8445 -0.7008 -0.309, 0.8375 -0.7008 -0.2978, 0.8282 -0.7008 -0.2885, 0.817 -0.7008 -0.2814, 0.7835 -0.7008 -0.2756, 0.7703 -0.7008 -0.2771, 0.7578 -0.7008 -0.2814, 0.4823 -0.7008 -0.7214, 0.4823 -0.7008 -0.5384, 1.0901 -0.7008 -0.525, 0.8504 -0.7008 -0.3346, 0.8489 -0.7008 -0.3215, 0.4829 -0.7008 -0.7282, 0.7259 -0.7008 -0.3215, 0.7244 -0.7008 -0.3346, 0.4847 -0.7008 -0.525, 0.4829 -0.7008 -0.5316, 1.0919 -0.7008 -0.5316, 1.0925 -0.7008 -0.5384, 0.8504 -0.7008 -0.9843, 1.0925 -0.7008 -0.7214, 0.566 -0.7008 -0.9583, 0.5935 -0.7008 -0.9831, 0.4847 -0.7008 -0.7349, 0.5845 -0.7008 -0.9796, 0.5766 -0.7008 -0.9741, 0.5704 -0.7008 -0.9669, 1.0919 -0.7008 -0.7282, 1.0901 -0.7008 -0.7349, 0.9718 -0.7008 -0.9843, 1.0088 -0.7008 -0.9583, 1.0044 -0.7008 -0.9669, 0.9982 -0.7008 -0.9741, 0.9903 -0.7008 -0.9796, 0.9813 -0.7008 -0.9831, 0.8282 -0.8189 -0.2885, 0.8375 -0.8189 -0.2978, 0.8445 -0.8189 -0.309, 0.8489 -0.8189 -0.3215, 0.8504 -0.8189 -0.3346, 0.566 -0.8189 -0.9583, 0.7259 -0.8189 -0.3215, 0.7303 -0.8189 -0.309, 0.7373 -0.8189 -0.2978, 0.7466 -0.8189 -0.2885, 0.7578 -0.8189 -0.2814, 0.7703 -0.8189 -0.2771, 0.7835 -0.8189 -0.2756, 0.7913 -0.8189 -0.2756, 0.8045 -0.8189 -0.2771, 0.817 -0.8189 -0.2814, 0.8504 -0.8189 -0.9843, 0.9718 -0.8189 -0.9843, 1.0925 -0.8189 -0.5384, 1.0919 -0.8189 -0.5316, 1.0901 -0.8189 -0.525, 0.4847 -0.8189 -0.525, 0.7244 -0.8189 -0.3346, 1.0901 -0.8189 -0.7349, 1.0919 -0.8189 -0.7282, 1.0925 -0.8189 -0.7214, 0.4829 -0.8189 -0.5316, 0.4823 -0.8189 -0.5384, 0.4823 -0.8189 -0.7214, 0.9982 -0.8189 -0.9741, 1.0044 -0.8189 -0.9669, 1.0088 -0.8189 -0.9583, 0.4829 -0.8189 -0.7282, 0.4847 -0.8189 -0.7349, 0.5766 -0.8189 -0.9741, 0.5845 -0.8189 -0.9796, 0.5935 -0.8189 -0.9831, 0.9813 -0.8189 -0.9831, 0.9903 -0.8189 -0.9796, 0.5704 -0.8189 -0.9669, -1.0236 -0.7008 0.0998, -0.5512 -0.7008 0.0998, -0.5512 -0.7008 -0.3422, -0.8445 -0.7008 -0.309, -1.0236 -0.7008 -0.3422, -0.8375 -0.7008 -0.2978, -0.8282 -0.7008 -0.2885, -0.7303 -0.7008 -0.309, -0.7373 -0.7008 -0.2978, -0.7466 -0.7008 -0.2885, -0.7578 -0.7008 -0.2814, -0.7703 -0.7008 -0.2771, -0.7835 -0.7008 -0.2756, -0.8489 -0.7008 -0.3215, -0.8504 -0.7008 -0.3346, -1.0901 -0.7008 -0.525, -1.0919 -0.7008 -0.5316, -0.7913 -0.7008 -0.2756, -0.8045 -0.7008 -0.2771, -0.817 -0.7008 -0.2814, -0.4847 -0.7008 -0.525, -0.7244 -0.7008 -0.3346, -0.7259 -0.7008 -0.3215, -1.0901 -0.7008 -0.7349, -1.0919 -0.7008 -0.7282, -1.0925 -0.7008 -0.7214, -1.0925 -0.7008 -0.5384, -0.4829 -0.7008 -0.5316, -0.4823 -0.7008 -0.5384, -0.4823 -0.7008 -0.7214, -0.4829 -0.7008 -0.7282, -0.4847 -0.7008 -0.7349, -0.566 -0.7008 -0.9583, -0.9982 -0.7008 -0.9741, -0.9903 -0.7008 -0.9796, -0.9813 -0.7008 -0.9831, -1.0044 -0.7008 -0.9669, -1.0088 -0.7008 -0.9583, -0.5704 -0.7008 -0.9669, -0.5766 -0.7008 -0.9741, -0.5845 -0.7008 -0.9796, -0.5935 -0.7008 -0.9831, -0.8282 -0.8189 -0.2885, -0.817 -0.8189 -0.2814, -1.0236 -0.8189 0.0998, -0.8504 -0.8189 -0.3346, -1.0236 -0.8189 -0.3422, -1.0901 -0.8189 -0.525, -0.5512 -0.8189 0.0998, -0.7703 -0.8189 -0.2771, -0.5512 -0.8189 -0.3422, -0.7578 -0.8189 -0.2814, -1.0919 -0.8189 -0.5316, -1.0925 -0.8189 -0.5384, -1.0925 -0.8189 -0.7214, -1.0919 -0.8189 -0.7282, -1.0901 -0.8189 -0.7349, -1.0088 -0.8189 -0.9583, -0.7466 -0.8189 -0.2885, -0.7373 -0.8189 -0.2978, -0.7303 -0.8189 -0.309, -0.8489 -0.8189 -0.3215, -0.8445 -0.8189 -0.309, -0.8375 -0.8189 -0.2978, -1.0044 -0.8189 -0.9669, -0.9982 -0.8189 -0.9741, -0.9903 -0.8189 -0.9796, -0.8045 -0.8189 -0.2771, -0.7913 -0.8189 -0.2756, -0.7835 -0.8189 -0.2756, -0.9813 -0.8189 -0.9831, -0.4823 -0.8189 -0.7214, -0.4823 -0.8189 -0.5384, -0.7259 -0.8189 -0.3215, -0.7244 -0.8189 -0.3346, -0.4847 -0.8189 -0.525, -0.4829 -0.8189 -0.5316, -0.5704 -0.8189 -0.9669, -0.566 -0.8189 -0.9583, -0.4847 -0.8189 -0.7349, -0.4829 -0.8189 -0.7282, -0.5935 -0.8189 -0.9831, -0.5845 -0.8189 -0.9796, -0.5766 -0.8189 -0.9741, -0.5512 -0.7402 0.2362, -0.5512 -0.6417 0.293, -1.0236 -0.7402 0.2362, -1.0236 -0.6417 0.293, -0.5512 -0.5827 0.1908, -0.5512 -0.6811 0.1339, -1.0236 -0.5827 0.1908, -1.0236 -0.6811 0.1339, -1.0236 -0.622 0.3271, -1.0236 -0.5039 0.3271, -1.0236 -0.6229 0.319, -1.0236 -0.5093 0.2864, -1.0236 -0.6255 0.3111, -1.0236 -0.525 0.2484, -1.0236 -0.6999 0.108, -1.0236 -0.8135 0.1406, -1.0236 -0.6974 0.1159, -1.0236 -0.7978 0.1786, -1.0236 -0.6933 0.123, -1.0236 -0.6878 0.1291, -1.0236 -0.7728 0.2112, -1.0236 -0.5501 0.2158, -1.0236 -0.6351 0.2979, -1.0236 -0.6296 0.304, -0.5512 -0.5039 0.3271, -0.5512 -0.622 0.3271, -0.5512 -0.5093 0.2864, -0.5512 -0.6229 0.319, -0.5512 -0.525 0.2484, -0.5512 -0.8135 0.1406, -0.5512 -0.6999 0.108, -0.5512 -0.7978 0.1786, -0.5512 -0.6974 0.1159, -0.5512 -0.6933 0.123, -0.5512 -0.7728 0.2112, -0.5512 -0.6878 0.1291, -0.5512 -0.6351 0.2979, -0.5512 -0.5501 0.2158, -0.5512 -0.6296 0.304, -0.5512 -0.6255 0.3111, -0.7244 0.8189 -0.9843, -0.603 0.8189 -0.9843, -0.7244 0.7008 -0.9843, -0.603 0.7008 -0.9843, -0.8504 0.7008 -0.9843, -0.9718 0.7008 -0.9843, -0.8504 0.8189 -0.9843, -0.9718 0.8189 -0.9843, -0.5512 0.622 0.4331, -0.5283 0.622 0.4331, -0.5512 0.5039 0.4331, -0.3776 0.622 0.4331, -0.3168 0.622 0.4331, -0.2915 0.622 0.4331, -0.2165 0.622 0.4331, -0.1978 0.622 0.4331, -0.0116 0.622 0.4331, 0.5512 0.622 0.4331, 0.5512 0.5039 0.4331, -0.1532 0.622 0.4331, -0.1464 0.622 0.4331, -0.0887 0.622 0.4331, 0.7244 0.7008 -0.9843, 0.603 0.7008 -0.9843, 0.7244 0.8189 -0.9843, 0.603 0.8189 -0.9843, 1.0236 0.622 0.4331, 1.0236 0.5039 0.4331, 1.0236 0.622 0.3271, 1.0236 0.5039 0.3271, 1.0236 0.6229 0.319, 1.0236 0.5074 0.2944, 1.0236 0.6255 0.3111, 1.0236 0.5176 0.2631, 1.0236 0.6296 0.304, 1.0236 0.534 0.2346, 1.0236 0.6351 0.2979, 1.0236 0.556 0.2101, 1.0236 0.6417 0.293, 1.0236 0.5827 0.1908, 1.0236 0.7402 0.2362, 1.0236 0.6811 0.1339, 1.0236 0.7728 0.2112, 1.0236 0.6893 0.1277, 1.0236 0.7978 0.1786, 1.0236 0.6955 0.1195, 1.0236 0.8135 0.1406, 1.0236 0.6994 0.11, 1.0236 0.8189 0.0998, 1.0236 0.7008 0.0998, 1.0236 0.8189 -0.3422, 1.0236 0.7008 -0.3422, 0.5512 0.8189 -0.3422, 0.5512 0.7008 -0.3422, 0.5512 0.8189 0.0998, 0.5512 0.7008 0.0998, 0.5512 0.8135 0.1406, 0.5512 0.6994 0.11, 0.5512 0.7978 0.1786, 0.5512 0.6955 0.1195, 0.5512 0.7728 0.2112, 0.5512 0.6893 0.1277, 0.5512 0.7402 0.2362, 0.5512 0.6811 0.1339, 0.5512 0.6417 0.293, 0.5512 0.5827 0.1908, 0.5512 0.6351 0.2979, 0.5512 0.556 0.2101, 0.5512 0.6296 0.304, 0.5512 0.534 0.2346, 0.5512 0.6255 0.3111, 0.5512 0.5176 0.2631, 0.5512 0.6229 0.319, 0.5512 0.5074 0.2944, 0.5512 0.622 0.3271, 0.5512 0.5039 0.3271, 1.248 0.622 0.4331, 1.248 0.5039 0.4331, 1.3165 0.6212 0.5899, 1.3064 0.6217 0.5879, 1.2874 0.622 1.6747, 1.2966 0.622 0.5846, 1.2874 0.622 0.58, 1.2874 0.622 2.217, 1.2874 0.622 2.0086, 1.2874 0.622 2.0786, 1.2874 0.622 2.1122, 1.3925 0.6102 0.5906, 1.4924 0.5753 0.5906, 1.582 0.519 0.5906, 1.6568 0.4442 0.5906, 1.7131 0.3546 0.5906, 1.748 0.2547 0.5906, -1.2874 0.622 0.58, -1.2967 0.622 0.5846, -1.2874 0.622 1.6747, -1.3064 0.6217 0.5879, -1.3165 0.6212 0.5899, -1.2874 0.622 2.217, -1.748 0.2547 0.5906, -1.7131 0.3546 0.5906, -1.6568 0.4442 0.5906, -1.582 0.519 0.5906, -1.4924 0.5753 0.5906, -1.3925 0.6102 0.5906, -1.2874 0.622 2.1122, -1.2874 0.622 2.0786, -1.2874 0.622 2.0086, 1.248 0.5039 0.5118, 1.248 0.622 0.5118, -1.248 0.622 0.5118, -1.248 0.622 0.4331, -1.248 0.5039 0.5118, -1.248 0.5039 0.4331, -1.0236 0.622 0.4331, -1.0236 0.5039 0.4331, 0.8045 0.7008 -0.2771, 0.817 0.7008 -0.2814, 0.7244 0.7008 -0.3346, 0.4847 0.7008 -0.525, 0.4823 0.7008 -0.7214, 0.4829 0.7008 -0.7282, 0.4847 0.7008 -0.7349, 0.566 0.7008 -0.9583, 0.8282 0.7008 -0.2885, 0.8375 0.7008 -0.2978, 0.8445 0.7008 -0.309, 0.7466 0.7008 -0.2885, 0.7578 0.7008 -0.2814, 0.4829 0.7008 -0.5316, 0.4823 0.7008 -0.5384, 0.5704 0.7008 -0.9669, 0.5766 0.7008 -0.9741, 0.5845 0.7008 -0.9796, 0.7703 0.7008 -0.2771, 0.7835 0.7008 -0.2756, 0.7913 0.7008 -0.2756, 0.5935 0.7008 -0.9831, 0.7259 0.7008 -0.3215, 0.7303 0.7008 -0.309, 0.7373 0.7008 -0.2978, 1.0088 0.7008 -0.9583, 1.0901 0.7008 -0.7349, 0.9718 0.7008 -0.9843, 0.8504 0.7008 -0.9843, 1.0919 0.7008 -0.7282, 1.0925 0.7008 -0.7214, 1.0925 0.7008 -0.5384, 0.8489 0.7008 -0.3215, 0.8504 0.7008 -0.3346, 1.0901 0.7008 -0.525, 1.0919 0.7008 -0.5316, 0.9813 0.7008 -0.9831, 0.9903 0.7008 -0.9796, 0.9982 0.7008 -0.9741, 1.0044 0.7008 -0.9669, 0.8489 0.8189 -0.3215, 0.8445 0.8189 -0.309, 0.7466 0.8189 -0.2885, 0.7373 0.8189 -0.2978, 0.7303 0.8189 -0.309, 0.8504 0.8189 -0.3346, 0.8045 0.8189 -0.2771, 0.7913 0.8189 -0.2756, 1.0925 0.8189 -0.5384, 1.0925 0.8189 -0.7214, 0.8504 0.8189 -0.9843, 0.8375 0.8189 -0.2978, 0.8282 0.8189 -0.2885, 0.817 0.8189 -0.2814, 0.7835 0.8189 -0.2756, 0.7703 0.8189 -0.2771, 0.7578 0.8189 -0.2814, 0.4847 0.8189 -0.7349, 0.4829 0.8189 -0.7282, 0.4823 0.8189 -0.7214, 0.4823 0.8189 -0.5384, 0.7259 0.8189 -0.3215, 0.7244 0.8189 -0.3346, 0.4847 0.8189 -0.525, 0.4829 0.8189 -0.5316, 1.0919 0.8189 -0.5316, 1.0901 0.8189 -0.525, 1.0919 0.8189 -0.7282, 1.0901 0.8189 -0.7349, 0.9718 0.8189 -0.9843, 1.0088 0.8189 -0.9583, 1.0044 0.8189 -0.9669, 0.5766 0.8189 -0.9741, 0.5845 0.8189 -0.9796, 0.5935 0.8189 -0.9831, 0.5704 0.8189 -0.9669, 0.566 0.8189 -0.9583, 0.9982 0.8189 -0.9741, 0.9903 0.8189 -0.9796, 0.9813 0.8189 -0.9831, -1.0925 0.7008 -0.5384, -1.0925 0.7008 -0.7214, -0.5512 0.7008 0.0998, -0.7703 0.7008 -0.2771, -0.5512 0.7008 -0.3422, -0.7578 0.7008 -0.2814, -1.0919 0.7008 -0.5316, -0.8504 0.7008 -0.3346, -0.8489 0.7008 -0.3215, -1.0236 0.7008 -0.3422, -0.8445 0.7008 -0.309, -1.0236 0.7008 0.0998, -1.0901 0.7008 -0.525, -0.7466 0.7008 -0.2885, -0.7373 0.7008 -0.2978, -0.7303 0.7008 -0.309, -0.8375 0.7008 -0.2978, -0.8282 0.7008 -0.2885, -0.817 0.7008 -0.2814, -0.8045 0.7008 -0.2771, -0.7913 0.7008 -0.2756, -0.7835 0.7008 -0.2756, -1.0919 0.7008 -0.7282, -1.0901 0.7008 -0.7349, -1.0088 0.7008 -0.9583, -1.0044 0.7008 -0.9669, -0.9982 0.7008 -0.9741, -0.9903 0.7008 -0.9796, -0.9813 0.7008 -0.9831, -0.4847 0.7008 -0.7349, -0.4829 0.7008 -0.7282, -0.4823 0.7008 -0.7214, -0.4823 0.7008 -0.5384, -0.7259 0.7008 -0.3215, -0.7244 0.7008 -0.3346, -0.4847 0.7008 -0.525, -0.4829 0.7008 -0.5316, -0.5766 0.7008 -0.9741, -0.5845 0.7008 -0.9796, -0.5935 0.7008 -0.9831, -0.5704 0.7008 -0.9669, -0.566 0.7008 -0.9583, -1.0236 0.8189 0.0998, -0.5512 0.8189 0.0998, -0.5512 0.8189 -0.3422, -0.8445 0.8189 -0.309, -1.0236 0.8189 -0.3422, -0.8375 0.8189 -0.2978, -0.8282 0.8189 -0.2885, -0.7244 0.8189 -0.3346, -0.7259 0.8189 -0.3215, -0.7303 0.8189 -0.309, -0.4823 0.8189 -0.5384, -0.4823 0.8189 -0.7214, -0.7703 0.8189 -0.2771, -0.7835 0.8189 -0.2756, -0.7913 0.8189 -0.2756, -0.8045 0.8189 -0.2771, -0.817 0.8189 -0.2814, -1.0901 0.8189 -0.7349, -1.0919 0.8189 -0.7282, -1.0925 0.8189 -0.7214, -1.0925 0.8189 -0.5384, -0.4829 0.8189 -0.5316, -0.7373 0.8189 -0.2978, -0.7466 0.8189 -0.2885, -0.7578 0.8189 -0.2814, -0.8489 0.8189 -0.3215, -0.8504 0.8189 -0.3346, -1.0901 0.8189 -0.525, -1.0919 0.8189 -0.5316, -0.4847 0.8189 -0.525, -0.9982 0.8189 -0.9741, -0.9903 0.8189 -0.9796, -0.9813 0.8189 -0.9831, -1.0044 0.8189 -0.9669, -1.0088 0.8189 -0.9583, -0.4829 0.8189 -0.7282, -0.4847 0.8189 -0.7349, -0.566 0.8189 -0.9583, -0.5704 0.8189 -0.9669, -0.5766 0.8189 -0.9741, -0.5845 0.8189 -0.9796, -0.5935 0.8189 -0.9831, -0.5512 0.6417 0.293, -0.5512 0.7402 0.2362, -1.0236 0.6417 0.293, -1.0236 0.7402 0.2362, -0.5512 0.6811 0.1339, -0.5512 0.5827 0.1908, -1.0236 0.6811 0.1339, -1.0236 0.5827 0.1908, -1.0236 0.8135 0.1406, -1.0236 0.6994 0.11, -1.0236 0.7978 0.1786, -1.0236 0.6955 0.1195, -1.0236 0.7728 0.2112, -1.0236 0.6893 0.1277, -1.0236 0.6351 0.2979, -1.0236 0.556 0.2101, -1.0236 0.6296 0.304, -1.0236 0.534 0.2346, -1.0236 0.6255 0.3111, -1.0236 0.5176 0.2631, -1.0236 0.6229 0.319, -1.0236 0.5074 0.2944, -1.0236 0.622 0.3271, -1.0236 0.5039 0.3271, -0.5512 0.622 0.3271, -0.5512 0.5039 0.3271, -0.5512 0.6229 0.319, -0.5512 0.5074 0.2944, -0.5512 0.6255 0.3111, -0.5512 0.5176 0.2631, -0.5512 0.6296 0.304, -0.5512 0.534 0.2346, -0.5512 0.6351 0.2979, -0.5512 0.556 0.2101, -0.5512 0.7728 0.2112, -0.5512 0.6893 0.1277, -0.5512 0.7978 0.1786, -0.5512 0.6955 0.1195, -0.5512 0.8135 0.1406, -0.5512 0.6994 0.11, 1.3064 0.5034 0.5879, 1.3165 0.5027 0.5899, 1.2507 0.5039 0.5322, 1.2507 0.622 0.5322, 1.2586 0.5039 0.5512, 1.2586 0.622 0.5512, 1.2711 0.5039 0.5675, 1.2711 0.622 0.5675, 1.2874 0.5039 0.58, 1.2967 0.5038 0.5846, 1.2507 -0.622 0.5322, 1.2507 -0.5039 0.5322, 1.2586 -0.622 0.5512, 1.2586 -0.5039 0.5512, 1.2711 -0.622 0.5675, 1.2711 -0.5039 0.5675, 1.2874 -0.5039 0.58, 1.2966 -0.5038 0.5846, 1.3064 -0.5034 0.5879, 1.3165 -0.5027 0.5899, -1.2507 0.622 0.5322, -1.2507 0.5039 0.5322, -1.2586 0.622 0.5512, -1.2586 0.5039 0.5512, -1.2711 0.622 0.5675, -1.2711 0.5039 0.5675, -1.2874 0.5039 0.58, -1.2966 0.5038 0.5846, -1.3064 0.5034 0.5879, -1.3165 0.5027 0.5899, -1.3064 -0.5034 0.5879, -1.3165 -0.5027 0.5899, -1.2507 -0.5039 0.5322, -1.2507 -0.622 0.5322, -1.2586 -0.5039 0.5512, -1.2586 -0.622 0.5512, -1.2711 -0.5039 0.5675, -1.2711 -0.622 0.5675, -1.2874 -0.5039 0.58, -1.2967 -0.5038 0.5846, 1.2874 0.5039 3.8976, -1.2874 0.5039 3.8976, 1.6297 0.2413 3.8976, 1.5943 0.3268 3.8976, 1.538 0.4002 3.8976, 1.4646 0.4565 3.8976, 1.3791 0.4919 3.8976, -1.6314 0.2283 3.8976, -1.6297 0.2413 3.8976, -1.6044 0.3024 3.8976, -1.5943 0.3268 3.8976, -1.5621 0.3687 3.8976, -1.538 0.4002 3.8976, -1.5065 0.4243 3.8976, -1.4646 0.4565 3.8976, -1.4402 0.4666 3.8976, -1.3661 0.4936 3.8976, -1.3791 0.4919 3.8976, 1.6314 -0.2283 3.8976, 1.6297 -0.2413 3.8976, 1.6044 -0.3024 3.8976, 1.5943 -0.3268 3.8976, 1.5621 -0.3687 3.8976, 1.538 -0.4002 3.8976, 1.5065 -0.4243 3.8976, 1.4646 -0.4565 3.8976, 1.4402 -0.4666 3.8976, 1.2874 -0.5039 3.8976, 1.3661 -0.4936 3.8976, 1.3791 -0.4919 3.8976, -1.6297 -0.2413 3.8976, -1.5943 -0.3268 3.8976, -1.538 -0.4002 3.8976, -1.4646 -0.4565 3.8976, -1.3791 -0.4919 3.8976, -1.2874 -0.5039 3.8976
            ]
        }
        coordIndex [
            0,1,2,-1,2,1,3,-1,2,4,0,-1,0,4,5,-1,4,6,5,-1,5,6,7,-1,0,5,1,-1,1,5,7,-1,1,7,8,-1,8,7,9,-1,10,3,8,-1,8,3,1,-1,10,11,3,-1,3,11,6,-1,3,6,2,-1,2,6,4,-1,9,7,11,-1,11,7,6,-1,12,13,14,-1,14,13,15,-1,16,15,17,-1,17,15,13,-1,18,16,19,-1,19,16,17,-1,17,13,19,-1,19,13,12,-1,19,12,20,-1,20,12,21,-1,14,22,12,-1,12,22,21,-1,23,22,18,-1,18,22,14,-1,18,14,16,-1,16,14,15,-1,19,20,18,-1,18,20,23,-1,24,25,26,-1,26,25,27,-1,26,28,24,-1,24,28,29,-1,28,30,29,-1,29,30,31,-1,24,29,25,-1,25,29,31,-1,25,31,32,-1,32,31,33,-1,34,27,32,-1,32,27,25,-1,34,35,27,-1,27,35,30,-1,27,30,26,-1,26,30,28,-1,33,31,35,-1,35,31,30,-1,36,37,38,-1,38,37,39,-1,38,39,40,-1,41,42,43,-1,43,42,44,-1,45,46,47,-1,47,46,48,-1,47,48,49,-1,50,51,52,-1,52,51,53,-1,54,55,56,-1,56,55,57,-1,58,59,60,-1,60,59,61,-1,60,61,62,-1,62,61,63,-1,62,63,64,-1,64,63,55,-1,64,55,65,-1,65,55,54,-1,65,54,66,-1,66,54,67,-1,66,67,68,-1,68,67,69,-1,68,69,70,-1,71,72,73,-1,73,72,74,-1,73,74,75,-1,75,74,76,-1,75,76,77,-1,77,76,78,-1,77,78,79,-1,79,78,80,-1,79,80,81,-1,81,80,82,-1,81,82,83,-1,83,82,84,-1,83,84,58,-1,58,84,85,-1,58,85,59,-1,86,87,88,-1,88,87,89,-1,88,89,90,-1,90,89,91,-1,90,91,92,-1,92,91,93,-1,92,93,94,-1,94,93,95,-1,94,95,96,-1,96,95,97,-1,96,97,98,-1,98,97,99,-1,98,99,71,-1,71,99,100,-1,71,100,72,-1,69,101,70,-1,70,101,102,-1,70,102,103,-1,103,102,104,-1,103,104,105,-1,105,104,106,-1,105,106,107,-1,106,108,107,-1,107,108,109,-1,107,109,110,-1,110,109,111,-1,112,113,110,-1,111,114,110,-1,110,114,115,-1,110,115,116,-1,113,117,110,-1,110,117,118,-1,110,118,119,-1,119,118,120,-1,119,120,121,-1,121,120,122,-1,121,122,86,-1,86,122,123,-1,86,123,87,-1,116,124,110,-1,110,124,125,-1,110,125,112,-1,126,127,93,-1,93,127,95,-1,128,129,130,-1,130,129,131,-1,132,133,134,-1,134,133,135,-1,136,137,138,-1,138,137,139,-1,140,141,142,-1,142,141,143,-1,144,145,146,-1,146,145,147,-1,148,149,150,-1,150,149,151,-1,152,153,154,-1,154,153,155,-1,154,155,156,-1,156,155,157,-1,156,157,158,-1,159,160,161,-1,161,160,162,-1,161,162,163,-1,163,162,164,-1,163,164,165,-1,164,166,165,-1,165,166,167,-1,165,167,168,-1,168,167,169,-1,168,169,170,-1,170,169,171,-1,170,171,172,-1,172,171,173,-1,172,173,174,-1,174,173,175,-1,174,175,176,-1,176,175,158,-1,176,158,177,-1,177,158,157,-1,178,179,180,-1,180,179,181,-1,180,181,182,-1,182,181,183,-1,182,183,184,-1,184,183,185,-1,184,185,186,-1,145,144,187,-1,187,144,188,-1,187,188,189,-1,189,188,190,-1,189,190,191,-1,191,190,192,-1,186,185,193,-1,193,185,194,-1,193,194,195,-1,195,194,196,-1,195,196,197,-1,197,196,198,-1,197,198,199,-1,199,198,200,-1,199,200,192,-1,192,200,201,-1,192,201,191,-1,202,203,159,-1,159,203,160,-1,80,204,82,-1,82,204,205,-1,82,205,206,-1,206,207,82,-1,82,207,36,-1,82,36,38,-1,38,208,82,-1,82,208,209,-1,82,209,84,-1,84,209,210,-1,84,210,85,-1,85,210,211,-1,85,211,59,-1,59,211,212,-1,59,212,61,-1,61,212,213,-1,61,213,63,-1,63,213,57,-1,63,57,55,-1,214,215,78,-1,51,216,78,-1,78,216,217,-1,78,217,214,-1,51,78,53,-1,53,78,76,-1,53,76,218,-1,218,76,74,-1,218,74,219,-1,219,74,72,-1,219,72,220,-1,220,72,100,-1,220,100,221,-1,221,100,99,-1,221,99,222,-1,222,99,97,-1,222,97,223,-1,223,97,95,-1,223,95,127,-1,224,203,225,-1,225,203,202,-1,226,227,228,-1,228,227,229,-1,230,229,231,-1,231,229,227,-1,180,155,153,-1,232,233,178,-1,178,233,234,-1,180,235,236,-1,237,238,153,-1,153,238,239,-1,153,239,180,-1,180,239,240,-1,180,240,235,-1,236,241,180,-1,180,241,242,-1,180,242,178,-1,178,242,243,-1,178,243,232,-1,244,245,149,-1,246,247,153,-1,153,247,248,-1,153,248,237,-1,244,149,249,-1,234,250,178,-1,178,250,251,-1,178,251,252,-1,252,251,149,-1,252,149,253,-1,253,149,245,-1,246,254,247,-1,247,254,255,-1,247,255,256,-1,256,255,257,-1,258,148,259,-1,148,258,149,-1,149,258,260,-1,149,260,249,-1,261,262,259,-1,259,262,263,-1,259,263,258,-1,257,264,256,-1,256,264,265,-1,256,265,266,-1,266,265,267,-1,266,267,268,-1,268,269,266,-1,266,269,270,-1,266,270,271,-1,170,172,197,-1,197,172,195,-1,173,171,196,-1,196,171,198,-1,154,181,179,-1,152,272,273,-1,273,274,152,-1,152,274,275,-1,152,275,276,-1,150,151,277,-1,179,278,279,-1,279,280,179,-1,179,280,281,-1,179,281,154,-1,281,282,154,-1,154,282,283,-1,154,283,284,-1,284,285,154,-1,154,285,286,-1,154,286,152,-1,152,286,287,-1,152,287,272,-1,276,288,289,-1,290,291,276,-1,276,291,292,-1,276,292,152,-1,293,151,179,-1,179,151,294,-1,179,294,278,-1,295,296,276,-1,276,296,297,-1,276,297,290,-1,293,298,151,-1,151,298,299,-1,151,299,300,-1,301,302,276,-1,276,302,303,-1,276,303,295,-1,300,304,151,-1,151,304,305,-1,151,305,277,-1,306,307,308,-1,289,309,276,-1,276,309,310,-1,276,310,301,-1,150,277,308,-1,308,277,311,-1,308,311,306,-1,289,288,266,-1,266,288,256,-1,195,172,193,-1,193,172,174,-1,193,174,186,-1,186,174,176,-1,186,176,184,-1,184,176,177,-1,184,177,182,-1,182,177,157,-1,182,157,180,-1,180,157,155,-1,162,187,164,-1,164,187,189,-1,164,189,166,-1,166,189,191,-1,166,191,167,-1,167,191,201,-1,167,201,169,-1,169,201,200,-1,169,200,171,-1,171,200,198,-1,173,196,194,-1,173,194,175,-1,175,194,185,-1,175,185,158,-1,158,185,183,-1,158,183,156,-1,156,183,181,-1,156,181,154,-1,188,161,163,-1,188,163,190,-1,190,163,165,-1,190,165,192,-1,192,165,168,-1,192,168,199,-1,199,168,170,-1,199,170,197,-1,245,244,299,-1,299,244,300,-1,290,297,255,-1,255,297,257,-1,246,153,292,-1,292,153,152,-1,295,303,265,-1,265,303,267,-1,293,179,252,-1,252,179,178,-1,260,258,305,-1,305,258,277,-1,294,151,251,-1,251,151,149,-1,247,256,276,-1,276,256,288,-1,241,284,242,-1,242,284,283,-1,242,283,243,-1,243,283,282,-1,243,282,232,-1,232,282,281,-1,232,281,233,-1,233,281,280,-1,233,280,234,-1,234,280,279,-1,234,279,250,-1,250,279,278,-1,250,278,251,-1,251,278,294,-1,241,236,284,-1,284,236,285,-1,247,276,248,-1,248,276,275,-1,248,275,237,-1,237,275,274,-1,237,274,238,-1,238,274,273,-1,238,273,239,-1,239,273,272,-1,239,272,240,-1,240,272,287,-1,240,287,235,-1,235,287,286,-1,235,286,236,-1,236,286,285,-1,246,292,291,-1,246,291,254,-1,254,291,290,-1,254,290,255,-1,295,265,264,-1,295,264,296,-1,296,264,257,-1,296,257,297,-1,267,303,302,-1,267,302,268,-1,268,302,301,-1,268,301,269,-1,269,301,310,-1,269,310,270,-1,270,310,309,-1,270,309,271,-1,271,309,289,-1,271,289,266,-1,293,252,253,-1,293,253,298,-1,298,253,245,-1,298,245,299,-1,260,305,304,-1,260,304,249,-1,249,304,300,-1,249,300,244,-1,148,150,308,-1,148,308,259,-1,259,308,307,-1,259,307,261,-1,261,307,306,-1,261,306,262,-1,262,306,311,-1,262,311,263,-1,263,311,277,-1,263,277,258,-1,312,313,314,-1,315,316,317,-1,317,316,318,-1,319,320,314,-1,314,320,321,-1,314,321,312,-1,321,322,312,-1,312,322,323,-1,312,323,324,-1,315,325,316,-1,316,325,326,-1,316,326,327,-1,327,326,328,-1,324,329,312,-1,312,329,330,-1,312,330,316,-1,316,330,331,-1,316,331,318,-1,332,333,314,-1,314,333,334,-1,314,334,319,-1,335,141,140,-1,335,336,141,-1,141,336,337,-1,141,337,326,-1,326,337,338,-1,326,338,328,-1,332,339,333,-1,333,339,340,-1,333,340,341,-1,341,342,333,-1,333,342,343,-1,333,343,344,-1,345,140,346,-1,346,140,347,-1,345,348,140,-1,140,348,349,-1,140,349,335,-1,344,350,333,-1,333,350,351,-1,333,351,352,-1,352,353,333,-1,333,353,138,-1,333,138,139,-1,354,355,356,-1,357,358,359,-1,360,361,362,-1,362,361,363,-1,359,364,357,-1,357,364,365,-1,357,365,366,-1,366,367,357,-1,357,367,368,-1,357,368,369,-1,363,370,362,-1,362,370,371,-1,362,371,372,-1,357,373,358,-1,358,373,374,-1,358,374,356,-1,356,374,375,-1,356,375,354,-1,369,376,357,-1,357,376,377,-1,357,377,378,-1,355,379,356,-1,356,379,380,-1,356,380,360,-1,360,380,381,-1,360,381,361,-1,378,382,357,-1,357,382,142,-1,357,142,143,-1,383,384,137,-1,372,385,362,-1,362,385,386,-1,362,386,387,-1,387,386,137,-1,387,137,388,-1,388,137,384,-1,389,390,136,-1,136,390,391,-1,136,391,137,-1,137,391,392,-1,137,392,383,-1,393,394,136,-1,136,394,395,-1,136,395,389,-1,396,397,398,-1,398,397,399,-1,400,401,402,-1,402,401,403,-1,230,231,404,-1,404,231,405,-1,404,405,406,-1,406,405,407,-1,406,407,408,-1,408,407,409,-1,316,358,312,-1,312,358,356,-1,312,356,410,-1,410,356,411,-1,410,411,412,-1,412,411,413,-1,412,413,414,-1,414,413,415,-1,415,413,416,-1,415,416,403,-1,403,416,398,-1,403,398,402,-1,402,398,399,-1,402,399,417,-1,417,399,418,-1,417,418,409,-1,409,418,419,-1,409,419,408,-1,146,147,420,-1,420,147,421,-1,420,421,422,-1,422,421,423,-1,422,423,424,-1,362,314,360,-1,360,314,313,-1,360,313,425,-1,425,313,426,-1,425,426,427,-1,426,428,427,-1,427,428,429,-1,427,429,430,-1,430,429,431,-1,430,431,396,-1,396,431,401,-1,396,401,397,-1,397,401,400,-1,397,400,432,-1,432,400,433,-1,432,433,434,-1,434,433,424,-1,434,424,435,-1,435,424,423,-1,313,312,426,-1,426,312,410,-1,426,410,428,-1,428,410,412,-1,428,412,429,-1,429,412,414,-1,429,414,431,-1,431,414,415,-1,431,415,401,-1,401,415,403,-1,421,404,423,-1,423,404,406,-1,423,406,435,-1,435,406,408,-1,435,408,434,-1,434,408,419,-1,434,419,432,-1,432,419,418,-1,432,418,397,-1,397,418,399,-1,356,360,425,-1,356,425,411,-1,411,425,427,-1,411,427,413,-1,413,427,430,-1,413,430,416,-1,416,430,396,-1,416,396,398,-1,405,420,422,-1,405,422,407,-1,407,422,424,-1,407,424,409,-1,409,424,433,-1,409,433,417,-1,417,433,400,-1,417,400,402,-1,384,383,340,-1,340,383,341,-1,338,337,365,-1,365,337,366,-1,359,358,327,-1,327,358,316,-1,335,349,368,-1,368,349,369,-1,332,314,387,-1,387,314,362,-1,391,390,343,-1,343,390,344,-1,333,139,386,-1,386,139,137,-1,357,143,326,-1,326,143,141,-1,329,380,330,-1,330,380,379,-1,330,379,331,-1,331,379,355,-1,331,355,318,-1,318,355,354,-1,318,354,317,-1,317,354,375,-1,317,375,315,-1,315,375,374,-1,315,374,325,-1,325,374,373,-1,325,373,326,-1,326,373,357,-1,329,324,380,-1,380,324,381,-1,333,386,334,-1,334,386,385,-1,334,385,319,-1,319,385,372,-1,319,372,320,-1,320,372,371,-1,320,371,321,-1,321,371,370,-1,321,370,322,-1,322,370,363,-1,322,363,323,-1,323,363,361,-1,323,361,324,-1,324,361,381,-1,338,365,364,-1,338,364,328,-1,328,364,359,-1,328,359,327,-1,366,337,336,-1,366,336,367,-1,367,336,335,-1,367,335,368,-1,369,349,348,-1,369,348,376,-1,376,348,345,-1,376,345,377,-1,377,345,346,-1,377,346,378,-1,378,346,347,-1,378,347,382,-1,382,347,140,-1,382,140,142,-1,384,340,339,-1,384,339,388,-1,388,339,332,-1,388,332,387,-1,341,383,392,-1,341,392,342,-1,342,392,391,-1,342,391,343,-1,136,138,353,-1,136,353,393,-1,393,353,352,-1,393,352,394,-1,394,352,351,-1,394,351,395,-1,395,351,350,-1,395,350,389,-1,389,350,344,-1,389,344,390,-1,436,437,438,-1,438,437,439,-1,440,441,442,-1,442,441,443,-1,444,445,446,-1,446,445,447,-1,446,447,448,-1,448,449,446,-1,446,449,450,-1,446,450,451,-1,452,453,454,-1,451,455,446,-1,446,455,456,-1,446,456,454,-1,454,456,457,-1,454,457,452,-1,458,459,460,-1,460,459,461,-1,462,463,464,-1,464,463,465,-1,464,465,466,-1,466,465,467,-1,466,467,468,-1,468,467,469,-1,468,469,470,-1,470,469,471,-1,470,471,472,-1,472,471,473,-1,472,473,474,-1,474,473,475,-1,474,475,476,-1,476,475,477,-1,476,477,478,-1,478,477,479,-1,478,479,480,-1,480,479,481,-1,480,481,482,-1,482,481,483,-1,482,483,484,-1,484,483,485,-1,484,485,486,-1,486,485,487,-1,488,489,490,-1,490,489,491,-1,490,491,492,-1,492,491,493,-1,492,493,494,-1,494,493,495,-1,494,495,496,-1,496,495,497,-1,496,497,498,-1,498,497,499,-1,498,499,500,-1,500,499,501,-1,500,501,502,-1,502,501,503,-1,502,503,504,-1,504,503,505,-1,504,505,506,-1,506,505,507,-1,506,507,508,-1,508,507,509,-1,508,509,510,-1,510,509,511,-1,510,511,453,-1,453,511,454,-1,512,513,462,-1,462,513,463,-1,514,515,516,-1,516,515,517,-1,516,517,518,-1,519,108,106,-1,520,521,44,-1,520,44,516,-1,516,44,42,-1,516,42,514,-1,521,522,44,-1,44,522,519,-1,44,519,523,-1,519,106,523,-1,523,106,104,-1,523,104,524,-1,524,104,102,-1,524,102,525,-1,525,102,101,-1,525,101,526,-1,526,101,69,-1,526,69,527,-1,527,69,67,-1,527,67,528,-1,528,67,54,-1,528,54,56,-1,126,93,91,-1,529,530,531,-1,531,530,532,-1,531,532,533,-1,120,118,534,-1,126,91,535,-1,535,91,89,-1,535,89,536,-1,536,89,87,-1,536,87,537,-1,537,87,123,-1,537,123,538,-1,538,123,122,-1,538,122,539,-1,539,122,120,-1,539,120,540,-1,540,120,534,-1,540,534,541,-1,541,542,540,-1,540,542,543,-1,540,543,47,-1,47,543,531,-1,47,531,45,-1,45,531,533,-1,544,513,545,-1,545,513,512,-1,546,547,548,-1,548,547,549,-1,547,550,549,-1,549,550,551,-1,485,552,487,-1,487,552,553,-1,554,489,555,-1,556,557,554,-1,554,557,558,-1,554,558,559,-1,553,560,487,-1,487,560,561,-1,487,561,562,-1,491,563,564,-1,555,565,554,-1,554,565,566,-1,554,566,556,-1,559,567,554,-1,554,567,568,-1,554,568,569,-1,564,570,491,-1,491,570,571,-1,491,571,485,-1,485,571,572,-1,485,572,552,-1,569,573,554,-1,554,573,459,-1,554,459,458,-1,554,574,489,-1,489,574,575,-1,489,575,491,-1,491,575,576,-1,491,576,563,-1,577,578,579,-1,579,578,580,-1,578,581,580,-1,580,581,582,-1,580,582,583,-1,562,584,487,-1,487,584,585,-1,487,585,586,-1,586,585,580,-1,586,580,587,-1,587,580,583,-1,579,588,589,-1,589,590,579,-1,579,590,591,-1,579,591,577,-1,477,475,499,-1,499,475,501,-1,474,476,500,-1,500,476,498,-1,490,484,486,-1,592,593,486,-1,594,595,488,-1,488,595,596,-1,592,486,597,-1,490,598,599,-1,600,601,602,-1,593,603,486,-1,486,603,604,-1,486,604,490,-1,490,604,605,-1,490,605,598,-1,599,606,490,-1,490,606,607,-1,490,607,488,-1,488,607,608,-1,488,608,594,-1,609,460,461,-1,609,610,460,-1,460,610,611,-1,460,611,612,-1,596,613,488,-1,488,613,614,-1,488,614,615,-1,615,614,460,-1,615,460,616,-1,616,460,612,-1,600,602,617,-1,597,486,602,-1,602,486,618,-1,602,618,617,-1,601,619,602,-1,602,619,620,-1,602,620,621,-1,621,620,622,-1,621,622,623,-1,624,461,625,-1,625,461,626,-1,624,627,461,-1,461,627,628,-1,461,628,609,-1,623,629,621,-1,621,629,630,-1,621,630,631,-1,602,621,580,-1,580,621,579,-1,491,485,493,-1,493,485,483,-1,493,483,495,-1,495,483,481,-1,495,481,497,-1,497,481,479,-1,497,479,499,-1,499,479,477,-1,474,500,472,-1,472,500,502,-1,472,502,470,-1,470,502,504,-1,470,504,468,-1,468,504,506,-1,468,506,466,-1,466,506,508,-1,466,508,464,-1,464,508,510,-1,484,490,492,-1,484,492,482,-1,482,492,494,-1,482,494,480,-1,480,494,496,-1,480,496,478,-1,478,496,498,-1,478,498,476,-1,501,475,473,-1,501,473,503,-1,503,473,471,-1,503,471,505,-1,505,471,469,-1,505,469,507,-1,507,469,467,-1,507,467,509,-1,509,467,465,-1,509,465,511,-1,556,566,611,-1,611,566,612,-1,601,600,582,-1,582,600,583,-1,487,586,486,-1,486,586,618,-1,622,620,577,-1,577,620,578,-1,488,615,489,-1,489,615,555,-1,559,558,628,-1,628,558,609,-1,460,614,458,-1,458,614,554,-1,580,585,602,-1,602,585,597,-1,554,614,574,-1,574,614,613,-1,574,613,575,-1,575,613,596,-1,575,596,576,-1,576,596,595,-1,576,595,563,-1,563,595,594,-1,563,594,564,-1,564,594,608,-1,564,608,570,-1,570,608,607,-1,570,607,571,-1,571,607,606,-1,572,571,599,-1,599,571,606,-1,572,599,552,-1,552,599,598,-1,552,598,553,-1,553,598,605,-1,553,605,560,-1,560,605,604,-1,560,604,561,-1,561,604,603,-1,561,603,562,-1,562,603,593,-1,562,593,584,-1,584,593,592,-1,584,592,585,-1,585,592,597,-1,583,600,617,-1,583,617,587,-1,587,617,618,-1,587,618,586,-1,601,582,581,-1,601,581,619,-1,619,581,578,-1,619,578,620,-1,579,621,631,-1,579,631,588,-1,588,631,630,-1,588,630,589,-1,589,630,629,-1,589,629,590,-1,590,629,623,-1,590,623,591,-1,591,623,622,-1,591,622,577,-1,612,566,565,-1,612,565,616,-1,616,565,555,-1,616,555,615,-1,556,611,610,-1,556,610,557,-1,557,610,609,-1,557,609,558,-1,559,628,627,-1,559,627,567,-1,567,627,624,-1,567,624,568,-1,568,624,625,-1,568,625,569,-1,569,625,626,-1,569,626,573,-1,573,626,461,-1,573,461,459,-1,632,633,440,-1,634,635,636,-1,636,635,637,-1,632,440,638,-1,639,640,641,-1,641,640,642,-1,641,642,643,-1,639,641,440,-1,440,641,644,-1,440,644,638,-1,637,645,636,-1,636,645,646,-1,636,646,647,-1,642,648,643,-1,643,648,649,-1,643,649,650,-1,650,651,643,-1,643,651,652,-1,643,652,634,-1,634,652,653,-1,634,653,635,-1,633,654,440,-1,440,654,655,-1,440,655,441,-1,441,655,656,-1,441,656,657,-1,657,658,441,-1,441,658,659,-1,441,659,660,-1,661,438,439,-1,661,662,438,-1,438,662,663,-1,438,663,664,-1,647,665,636,-1,636,665,666,-1,636,666,667,-1,667,666,438,-1,667,438,668,-1,668,438,664,-1,669,439,670,-1,670,439,671,-1,669,672,439,-1,439,672,673,-1,439,673,661,-1,674,675,676,-1,677,678,679,-1,679,678,680,-1,681,682,676,-1,676,682,683,-1,684,685,436,-1,674,686,687,-1,687,688,674,-1,674,688,689,-1,674,689,678,-1,678,689,690,-1,678,690,680,-1,691,442,443,-1,691,692,442,-1,442,692,693,-1,442,693,694,-1,684,436,695,-1,683,696,676,-1,676,696,697,-1,676,697,674,-1,674,697,698,-1,674,698,686,-1,677,699,678,-1,678,699,700,-1,678,700,701,-1,701,700,442,-1,701,442,702,-1,702,442,694,-1,681,676,436,-1,436,676,703,-1,436,703,695,-1,704,443,705,-1,705,443,706,-1,704,707,443,-1,443,707,708,-1,443,708,691,-1,685,709,436,-1,436,709,710,-1,436,710,437,-1,437,710,711,-1,437,711,712,-1,712,713,437,-1,437,713,714,-1,437,714,715,-1,716,717,718,-1,718,717,719,-1,720,721,722,-1,722,721,723,-1,678,641,674,-1,674,641,643,-1,674,643,724,-1,724,643,725,-1,724,725,726,-1,726,725,727,-1,726,727,728,-1,728,727,729,-1,728,729,719,-1,719,729,722,-1,719,722,718,-1,718,722,723,-1,718,723,730,-1,730,723,731,-1,730,731,732,-1,732,731,733,-1,732,733,734,-1,734,733,735,-1,734,735,736,-1,736,735,737,-1,736,737,738,-1,738,737,739,-1,738,739,550,-1,550,739,551,-1,444,446,740,-1,740,446,741,-1,740,741,742,-1,742,741,743,-1,742,743,744,-1,744,743,745,-1,744,745,746,-1,746,745,747,-1,746,747,748,-1,748,747,749,-1,748,749,716,-1,716,749,721,-1,716,721,717,-1,717,721,720,-1,717,720,750,-1,750,720,751,-1,750,751,752,-1,752,751,753,-1,752,753,754,-1,754,753,755,-1,754,755,675,-1,675,755,634,-1,675,634,676,-1,676,634,636,-1,720,722,751,-1,751,722,729,-1,751,729,753,-1,753,729,727,-1,753,727,755,-1,755,727,725,-1,755,725,634,-1,634,725,643,-1,716,718,748,-1,748,718,730,-1,748,730,746,-1,746,730,732,-1,746,732,744,-1,744,732,734,-1,744,734,742,-1,742,734,736,-1,742,736,740,-1,740,736,738,-1,719,717,750,-1,719,750,728,-1,728,750,752,-1,728,752,726,-1,726,752,754,-1,726,754,724,-1,724,754,675,-1,724,675,674,-1,723,721,749,-1,723,749,731,-1,731,749,747,-1,731,747,733,-1,733,747,745,-1,733,745,735,-1,735,745,743,-1,735,743,737,-1,737,743,741,-1,737,741,739,-1,685,684,663,-1,663,684,664,-1,633,632,693,-1,693,632,694,-1,678,701,641,-1,641,701,644,-1,656,655,708,-1,708,655,691,-1,636,667,676,-1,676,667,703,-1,711,710,673,-1,673,710,661,-1,438,666,436,-1,436,666,681,-1,442,700,440,-1,440,700,639,-1,639,700,640,-1,640,700,699,-1,640,699,642,-1,642,699,677,-1,642,677,648,-1,648,677,679,-1,648,679,649,-1,649,679,680,-1,649,680,650,-1,650,680,690,-1,650,690,651,-1,651,690,689,-1,651,689,652,-1,652,689,688,-1,653,652,687,-1,687,652,688,-1,653,687,635,-1,635,687,686,-1,635,686,637,-1,637,686,698,-1,637,698,645,-1,645,698,697,-1,645,697,646,-1,646,697,696,-1,646,696,647,-1,647,696,683,-1,647,683,665,-1,665,683,682,-1,665,682,666,-1,666,682,681,-1,644,701,702,-1,644,702,638,-1,638,702,694,-1,638,694,632,-1,691,655,654,-1,691,654,692,-1,692,654,633,-1,692,633,693,-1,443,441,660,-1,443,660,706,-1,706,660,659,-1,706,659,705,-1,705,659,658,-1,705,658,704,-1,704,658,657,-1,704,657,707,-1,707,657,656,-1,707,656,708,-1,703,667,668,-1,703,668,695,-1,695,668,664,-1,695,664,684,-1,661,710,709,-1,661,709,662,-1,662,709,685,-1,662,685,663,-1,711,673,672,-1,711,672,712,-1,712,672,669,-1,712,669,713,-1,713,669,670,-1,713,670,714,-1,714,670,671,-1,714,671,715,-1,715,671,439,-1,715,439,437,-1,756,514,757,-1,757,514,42,-1,757,42,41,-1,544,545,758,-1,758,545,759,-1,758,759,760,-1,760,759,761,-1,760,761,762,-1,762,761,763,-1,762,763,764,-1,764,763,518,-1,764,518,765,-1,765,518,517,-1,765,517,756,-1,756,517,515,-1,756,515,514,-1,224,225,766,-1,766,225,767,-1,766,767,768,-1,768,767,769,-1,768,769,770,-1,770,769,771,-1,770,771,204,-1,204,771,772,-1,204,772,205,-1,205,772,773,-1,205,773,206,-1,206,773,774,-1,206,774,207,-1,207,774,775,-1,207,775,36,-1,36,775,37,-1,546,548,776,-1,776,548,777,-1,776,777,778,-1,778,777,779,-1,778,779,780,-1,780,779,781,-1,780,781,529,-1,529,781,782,-1,529,782,530,-1,530,782,783,-1,530,783,532,-1,532,783,784,-1,532,784,533,-1,533,784,785,-1,533,785,45,-1,45,785,46,-1,786,216,787,-1,787,216,51,-1,787,51,50,-1,226,228,788,-1,788,228,789,-1,788,789,790,-1,790,789,791,-1,790,791,792,-1,792,791,793,-1,792,793,794,-1,794,793,215,-1,794,215,795,-1,795,215,214,-1,795,214,786,-1,786,214,217,-1,786,217,216,-1,796,107,797,-1,797,107,110,-1,135,65,798,-1,798,65,66,-1,798,66,799,-1,799,66,68,-1,799,68,800,-1,800,68,70,-1,800,70,801,-1,801,70,103,-1,801,103,802,-1,802,103,105,-1,802,105,796,-1,796,105,107,-1,129,803,92,-1,92,803,90,-1,803,804,90,-1,90,804,805,-1,90,805,88,-1,88,805,806,-1,88,806,86,-1,86,806,807,-1,807,808,86,-1,86,808,809,-1,86,809,121,-1,809,810,121,-1,121,810,811,-1,121,811,119,-1,797,110,812,-1,812,110,119,-1,812,119,813,-1,813,119,811,-1,133,64,135,-1,135,64,65,-1,94,131,92,-1,92,131,129,-1,133,814,64,-1,64,814,62,-1,814,815,62,-1,62,815,816,-1,62,816,60,-1,60,816,817,-1,60,817,58,-1,58,817,818,-1,818,819,58,-1,58,819,820,-1,58,820,83,-1,820,821,83,-1,83,821,822,-1,83,822,81,-1,823,79,824,-1,824,79,81,-1,824,81,825,-1,825,81,822,-1,131,94,826,-1,826,94,96,-1,826,96,827,-1,827,96,98,-1,827,98,828,-1,828,98,71,-1,828,71,829,-1,829,71,73,-1,829,73,830,-1,830,73,75,-1,830,75,831,-1,831,75,77,-1,831,77,823,-1,823,77,79,-1,
        ]
    }
}
Shape{
    appearance Appearance {
        material  Material 	{
            diffuseColor 0.25098039215686274 0.25098039215686274 0.25098039215686274
            specularColor 0.12549019607843137 0.12549019607843137 0.12549019607843137
            ambientIntensity 0.251
            transparency 0.0
            shininess 0.5
        }
    }
    geometry IndexedFaceSet {
        ccw TRUE
        solid FALSE
        coord DEF co Coordinate {
            point [
                -1.582 0.519 0.5906, -1.4924 0.5753 0.5906, -1.6831 0.6693 0.5906, -1.748 -0.2547 0.5906, -1.7618 -0.5906 0.5906, -1.7131 -0.3546 0.5906, -1.6568 -0.4442 0.5906, -1.582 -0.519 0.5906, -1.7513 -0.6299 0.5906, -1.7387 -0.6462 0.5906, -1.3681 0.6693 0.5906, -1.3925 0.6102 0.5906, -1.3681 0.6151 0.5906, -1.7591 -0.6109 0.5906, -1.7224 -0.6587 0.5906, -1.7035 -0.6666 0.5906, -1.4924 -0.5753 0.5906, -1.6831 -0.6693 0.5906, -1.3925 -0.6102 0.5906, -1.3681 -0.6693 0.5906, -1.3681 -0.6151 0.5906, -1.748 0.2547 0.5906, -1.7618 0.5906 0.5906, -1.7598 0.1496 0.5906, -1.7598 -0.1496 0.5906, -1.7035 0.6666 0.5906, -1.7224 0.6587 0.5906, -1.7387 0.6462 0.5906, -1.7131 0.3546 0.5906, -1.6568 0.4442 0.5906, -1.7591 0.6109 0.5906, -1.7513 0.6299 0.5906, 1.7618 0.5906 0.5906, 1.6568 0.4442 0.5906, 1.7131 0.3546 0.5906, 1.582 0.519 0.5906, 1.7035 0.6666 0.5906, 1.4924 0.5753 0.5906, 1.6831 0.6693 0.5906, 1.3925 0.6102 0.5906, 1.3681 0.6693 0.5906, 1.3681 0.6151 0.5906, 1.748 0.2547 0.5906, 1.7598 0.1496 0.5906, 1.7618 -0.5906 0.5906, 1.7598 -0.1496 0.5906, 1.748 -0.2547 0.5906, 1.7591 0.6109 0.5906, 1.7513 0.6299 0.5906, 1.7387 0.6462 0.5906, 1.7224 0.6587 0.5906, 1.7035 -0.6666 0.5906, 1.7224 -0.6587 0.5906, 1.582 -0.519 0.5906, 1.7387 -0.6462 0.5906, 1.7131 -0.3546 0.5906, 1.6568 -0.4442 0.5906, 1.7591 -0.6109 0.5906, 1.7513 -0.6299 0.5906, 1.6831 -0.6693 0.5906, 1.4924 -0.5753 0.5906, 1.3681 -0.6693 0.5906, 1.3925 -0.6102 0.5906, 1.3681 -0.6151 0.5906, -1.3681 -0.6693 0.0, -1.3681 -0.4567 0.1181, -1.3681 -0.4567 1.7717, -1.3681 -0.4946 0.5906, -1.3681 -0.4946 1.7717, -1.3681 0.4946 1.7717, -1.3681 0.4567 1.7717, -1.3681 0.4946 0.5906, -1.3681 0.4567 0.1181, -1.3681 0.6693 0.0, -1.3681 0.0 0.1181, -1.3681 0.3809 0.1181, -1.7618 0.5906 0.0, -1.7618 -0.5906 0.0, -1.6831 0.6693 0.0, -1.6831 -0.6693 0.0, -1.7591 0.6109 0.0, -1.7513 0.6299 0.0, -1.7387 0.6462 0.0, -1.7224 0.6587 0.0, -1.7035 0.6666 0.0, -1.7224 -0.6587 0.0, -1.7387 -0.6462 0.0, -1.7035 -0.6666 0.0, -1.7513 -0.6299 0.0, -1.7591 -0.6109 0.0, 0.3601 -0.4567 1.0236, 0.224 -0.4567 1.0236, 0.7185 -0.4567 0.1181, 0.3543 -0.4567 0.1181, -0.224 -0.4567 1.0236, -0.224 -0.4567 1.2598, 0.224 -0.4567 1.2598, -1.3533 -0.4567 0.1181, -1.0925 -0.4567 0.1181, -0.7185 -0.4567 0.1181, -0.3601 -0.4567 1.0236, -0.3543 -0.4567 0.1181, 0.0 -0.4567 0.1181, -0.3601 -0.4567 1.2598, 1.0925 -0.4567 0.1181, 1.3681 -0.4567 0.1181, 0.3601 -0.4567 1.2598, 1.3681 -0.4567 1.7717, 0.224 0.4567 1.2598, -0.224 0.4567 1.0236, -0.224 0.4567 1.2598, -0.3543 0.4567 0.1181, -0.7185 0.4567 0.1181, 0.224 0.4567 1.0236, 0.3601 0.4567 1.2598, 1.3681 0.4567 1.7717, 0.3601 0.4567 1.0236, 1.3681 0.4567 0.1181, 1.0925 0.4567 0.1181, -0.3601 0.4567 1.2598, -0.3601 0.4567 1.0236, -1.3533 0.4567 0.1181, -1.0925 0.4567 0.1181, 0.7185 0.4567 0.1181, 0.3543 0.4567 0.1181, 0.0 0.4567 0.1181, 1.3681 0.3809 0.1181, 1.3681 0.6693 0.0, 1.3681 0.4946 0.5906, 1.3681 0.4946 1.7717, 1.3681 -0.6693 0.0, 1.3681 -0.4946 1.7717, 1.3681 -0.4946 0.5906, 1.3681 0.0 0.1181, 1.7618 -0.5906 0.0, 1.7618 0.5906 0.0, 1.6831 0.6693 0.0, 1.6831 -0.6693 0.0, 1.7591 0.6109 0.0, 1.7224 0.6587 0.0, 1.7387 0.6462 0.0, 1.7513 0.6299 0.0, 1.7591 -0.6109 0.0, 1.7513 -0.6299 0.0, 1.7387 -0.6462 0.0, 1.7224 -0.6587 0.0, 1.7035 -0.6666 0.0, 1.7035 0.6666 0.0
            ]
        }
        coordIndex [
            0,1,2,-1,3,4,5,-1,5,4,6,-1,7,8,9,-1,2,1,10,-1,10,1,11,-1,10,11,12,-1,6,4,7,-1,7,4,13,-1,7,13,8,-1,9,14,7,-1,7,14,15,-1,7,15,16,-1,16,15,17,-1,16,17,18,-1,18,17,19,-1,18,19,20,-1,21,22,23,-1,23,22,4,-1,23,4,24,-1,24,4,3,-1,2,25,0,-1,0,25,26,-1,0,26,27,-1,21,28,22,-1,22,28,29,-1,22,29,30,-1,30,29,0,-1,30,0,31,-1,31,0,27,-1,32,33,34,-1,35,36,37,-1,37,36,38,-1,37,38,39,-1,39,38,40,-1,39,40,41,-1,34,42,32,-1,32,42,43,-1,32,43,44,-1,44,43,45,-1,44,45,46,-1,33,32,35,-1,35,32,47,-1,35,47,48,-1,48,49,35,-1,35,49,50,-1,35,50,36,-1,51,52,53,-1,53,52,54,-1,46,55,44,-1,44,55,56,-1,44,56,57,-1,57,56,53,-1,57,53,58,-1,58,53,54,-1,51,53,59,-1,59,53,60,-1,59,60,61,-1,61,60,62,-1,61,62,63,-1,20,19,64,-1,65,66,67,-1,67,66,68,-1,69,70,71,-1,71,70,72,-1,71,72,12,-1,12,72,73,-1,12,73,10,-1,67,20,65,-1,65,20,64,-1,65,64,74,-1,74,64,73,-1,74,73,75,-1,75,73,72,-1,76,77,22,-1,22,77,4,-1,2,10,78,-1,78,10,73,-1,79,64,17,-1,17,64,19,-1,77,64,79,-1,64,77,73,-1,73,77,76,-1,73,76,78,-1,78,76,80,-1,78,80,81,-1,82,83,81,-1,81,83,84,-1,81,84,78,-1,85,86,87,-1,87,86,88,-1,87,88,79,-1,79,88,89,-1,79,89,77,-1,90,91,92,-1,93,92,94,-1,94,92,91,-1,94,91,95,-1,95,91,96,-1,66,65,97,-1,98,99,100,-1,100,99,101,-1,100,101,94,-1,94,101,102,-1,94,102,93,-1,98,100,97,-1,97,100,103,-1,97,103,66,-1,92,104,90,-1,90,104,105,-1,90,105,106,-1,106,105,107,-1,106,107,96,-1,96,107,66,-1,96,66,95,-1,95,66,103,-1,108,109,110,-1,111,112,113,-1,114,115,116,-1,116,115,117,-1,116,117,118,-1,119,70,110,-1,110,70,115,-1,110,115,108,-1,108,115,114,-1,119,120,70,-1,70,120,121,-1,70,121,72,-1,108,113,109,-1,109,113,112,-1,109,112,120,-1,120,112,122,-1,120,122,121,-1,118,123,116,-1,116,123,124,-1,116,124,113,-1,113,124,125,-1,113,125,111,-1,126,117,127,-1,40,127,41,-1,41,127,117,-1,41,117,128,-1,128,117,115,-1,128,115,129,-1,130,61,63,-1,131,107,132,-1,132,107,105,-1,126,127,133,-1,133,127,130,-1,133,130,105,-1,105,130,63,-1,105,63,132,-1,134,135,44,-1,44,135,32,-1,136,127,38,-1,38,127,40,-1,59,61,137,-1,137,61,130,-1,138,135,136,-1,136,135,127,-1,139,140,141,-1,127,135,130,-1,130,135,134,-1,130,134,137,-1,137,134,142,-1,137,142,143,-1,144,145,143,-1,143,145,146,-1,143,146,137,-1,138,136,141,-1,141,136,147,-1,141,147,139,-1,134,44,57,-1,134,57,142,-1,142,57,58,-1,142,58,143,-1,143,58,54,-1,143,54,144,-1,144,54,52,-1,144,52,145,-1,145,52,51,-1,145,51,146,-1,146,51,59,-1,146,59,137,-1,136,38,36,-1,136,36,147,-1,147,36,50,-1,147,50,139,-1,139,50,49,-1,139,49,140,-1,140,49,48,-1,140,48,141,-1,141,48,47,-1,141,47,138,-1,138,47,32,-1,138,32,135,-1,76,22,30,-1,76,30,80,-1,80,30,31,-1,80,31,81,-1,81,31,27,-1,81,27,82,-1,82,27,26,-1,82,26,83,-1,83,26,25,-1,83,25,84,-1,84,25,2,-1,84,2,78,-1,79,17,15,-1,79,15,87,-1,87,15,14,-1,87,14,85,-1,85,14,9,-1,85,9,86,-1,86,9,8,-1,86,8,88,-1,88,8,13,-1,88,13,89,-1,89,13,4,-1,89,4,77,-1,
        ]
    }
}
Shape{
    appearance Appearance {
        material  Material 	{
            diffuseColor 0.7529411764705882 0.7529411764705882 0.7529411764705882
            specularColor 0.3764705882352941 0.3764705882352941 0.3764705882352941
            ambientIntensity 0.7529
            transparency 0.0
            shininess 0.5
        }
    }
    geometry IndexedFaceSet {
        ccw TRUE
        solid FALSE
        coord DEF co Coordinate {
            point [
                -1.2205 -0.2461 -0.4528, -1.2205 -0.2461 0.1181, -1.2205 -0.3051 -0.4528, -1.2205 -0.3051 0.1181, -1.3386 -0.3051 0.1181, -1.3386 -0.3051 -0.4528, -1.2574 -0.3051 -0.5905, -1.3017 -0.3051 -0.5905, -1.3386 -0.2461 -0.4528, -1.3386 -0.2461 0.1181, -1.2574 -0.2461 -0.5905, -1.3017 -0.2461 -0.5905, -0.8465 -0.2461 -0.4528, -0.8465 -0.2461 0.1181, -0.8465 -0.3051 -0.4528, -0.8465 -0.3051 0.1181, -0.9646 -0.3051 0.1181, -0.9646 -0.3051 -0.4528, -0.8834 -0.3051 -0.5905, -0.9276 -0.3051 -0.5905, -0.9646 -0.2461 -0.4528, -0.9646 -0.2461 0.1181, -0.9276 -0.2461 -0.5905, -0.8834 -0.2461 -0.5905, 1.2205 -0.2461 0.1181, 1.2205 -0.2461 -0.4528, 1.2205 -0.3051 0.1181, 1.2205 -0.3051 -0.4528, 1.3386 -0.3051 0.1181, 1.3386 -0.3051 -0.4528, 1.3017 -0.3051 -0.5905, 1.2574 -0.3051 -0.5905, 1.3386 -0.2461 0.1181, 1.3386 -0.2461 -0.4528, 1.3017 -0.2461 -0.5905, 1.2574 -0.2461 -0.5905, 1.2205 0.2461 -0.4528, 1.2205 0.2461 0.1181, 1.2205 0.3051 -0.4528, 1.2205 0.3051 0.1181, 1.3386 0.3051 0.1181, 1.3386 0.3051 -0.4528, 1.2574 0.3051 -0.5905, 1.3017 0.3051 -0.5905, 1.3386 0.2461 -0.4528, 1.3386 0.2461 0.1181, 1.2574 0.2461 -0.5905, 1.3017 0.2461 -0.5905, -1.2205 0.2461 0.1181, -1.2205 0.2461 -0.4528, -1.2205 0.3051 0.1181, -1.2205 0.3051 -0.4528, -1.3386 0.3051 0.1181, -1.3386 0.3051 -0.4528, -1.3017 0.3051 -0.5905, -1.2574 0.3051 -0.5905, -1.3386 0.2461 0.1181, -1.3386 0.2461 -0.4528, -1.3017 0.2461 -0.5905, -1.2574 0.2461 -0.5905, 0.5906 -0.2461 -0.4528, 0.5906 -0.2461 0.1181, 0.5906 -0.3051 -0.4528, 0.5906 -0.3051 0.1181, 0.5094 -0.3051 -0.5905, 0.5536 -0.3051 -0.5905, 0.4724 -0.3051 -0.4528, 0.4724 -0.3051 0.1181, 0.4724 -0.2461 -0.4528, 0.4724 -0.2461 0.1181, 0.5094 -0.2461 -0.5905, 0.5536 -0.2461 -0.5905, 0.2362 -0.2461 -0.4528, 0.2362 -0.2461 0.1181, 0.2362 -0.3051 -0.4528, 0.2362 -0.3051 0.1181, 0.155 -0.3051 -0.5905, 0.1993 -0.3051 -0.5905, 0.1181 -0.3051 -0.4528, 0.1181 -0.3051 0.1181, 0.1181 -0.2461 -0.4528, 0.1181 -0.2461 0.1181, 0.155 -0.2461 -0.5905, 0.1993 -0.2461 -0.5905, -0.0887 0.622 0.9055, -0.5315 0.5039 0.9055, -0.0116 0.622 0.9055, 0.5315 0.5039 0.9055, 0.5315 0.622 0.9055, -0.1464 0.622 0.9055, -0.1532 0.622 0.9055, -0.1978 0.622 0.9055, -0.2165 0.622 0.9055, -0.2915 0.622 0.9055, -0.3168 0.622 0.9055, -0.3776 0.622 0.9055, -0.5283 0.622 0.9055, -0.5315 0.622 0.9055, 0.5906 0.5039 0.9646, 0.5906 0.622 0.9646, 0.5885 0.5039 0.9493, 0.5885 0.622 0.9493, 0.5826 0.5039 0.935, 0.5826 0.622 0.935, 0.5733 0.5039 0.9228, 0.5733 0.622 0.9228, 0.561 0.5039 0.9134, 0.561 0.622 0.9134, 0.5468 0.5039 0.9075, 0.5468 0.622 0.9075, 0.5906 0.5039 1.2598, 0.5906 0.5039 1.3189, 0.5906 0.622 1.2598, 0.5906 0.622 1.3189, 0.5315 0.5039 1.378, 0.5315 0.622 1.378, 0.5468 0.5039 1.3759, 0.5468 0.622 1.3759, 0.561 0.5039 1.37, 0.561 0.622 1.37, 0.5733 0.5039 1.3607, 0.5733 0.622 1.3607, 0.5826 0.5039 1.3484, 0.5826 0.622 1.3484, 0.5885 0.5039 1.3342, 0.5885 0.622 1.3342, -0.5315 0.622 1.378, -0.5283 0.622 1.378, -0.5315 0.5039 1.378, -0.3776 0.622 1.378, -0.3168 0.622 1.378, -0.2915 0.622 1.378, -0.2165 0.622 1.378, -0.1978 0.622 1.378, -0.1532 0.622 1.378, -0.1464 0.622 1.378, -0.0116 0.622 1.378, -0.0887 0.622 1.378, 0.1984 0.5066 1.2598, 0.3815 0.6004 1.2598, 0.1984 0.5066 1.0236, 0.3815 0.6004 1.0236, 0.4354 0.4953 1.2598, 0.4354 0.4953 1.0236, 0.4528 0.5017 1.2598, 0.4528 0.5017 1.0236, 0.4713 0.5039 1.2598, 0.4713 0.5039 1.0236, 0.4713 0.622 1.2598, 0.4713 0.622 1.0236, 0.4251 0.6166 1.0236, 0.4251 0.6166 1.2598, -0.5906 0.5039 1.3189, -0.5906 0.622 1.3189, -0.5885 0.5039 1.3342, -0.5885 0.622 1.3342, -0.5826 0.5039 1.3484, -0.5826 0.622 1.3484, -0.5733 0.5039 1.3607, -0.5733 0.622 1.3607, -0.561 0.5039 1.37, -0.561 0.622 1.37, -0.5468 0.5039 1.3759, -0.5468 0.622 1.3759, -0.5906 0.622 1.2598, -0.5906 0.5039 1.2598, -0.5468 0.5039 0.9075, -0.5468 0.622 0.9075, -0.561 0.5039 0.9134, -0.561 0.622 0.9134, -0.5733 0.5039 0.9228, -0.5733 0.622 0.9228, -0.5826 0.5039 0.935, -0.5826 0.622 0.935, -0.5885 0.5039 0.9493, -0.5885 0.622 0.9493, -0.5906 0.5039 0.9646, -0.5906 0.622 0.9646, -0.3815 0.6004 1.2598, -0.1984 0.5066 1.2598, -0.3815 0.6004 1.0236, -0.1984 0.5066 1.0236, -0.4251 0.6166 1.0236, -0.4251 0.6166 1.2598, -0.4713 0.622 1.0236, -0.4713 0.622 1.2598, -0.4713 0.5039 1.2598, -0.4713 0.5039 1.0236, -0.4528 0.5017 1.2598, -0.4528 0.5017 1.0236, -0.4354 0.4953 1.2598, -0.4354 0.4953 1.0236, 0.5315 -0.5039 0.9055, -0.5315 -0.5039 0.9055, 0.5315 -0.622 0.9055, -0.5315 -0.622 0.9055, -0.5906 -0.5039 0.9646, -0.5906 -0.622 0.9646, -0.5885 -0.5039 0.9493, -0.5885 -0.622 0.9493, -0.5826 -0.5039 0.935, -0.5826 -0.622 0.935, -0.5733 -0.5039 0.9228, -0.5733 -0.622 0.9228, -0.561 -0.5039 0.9134, -0.561 -0.622 0.9134, -0.5468 -0.5039 0.9075, -0.5468 -0.622 0.9075, -0.5906 -0.5039 1.2598, -0.5906 -0.5039 1.3189, -0.5906 -0.622 1.2598, -0.5906 -0.622 1.3189, -0.5315 -0.5039 1.378, -0.5315 -0.622 1.378, -0.5468 -0.5039 1.3759, -0.5468 -0.622 1.3759, -0.561 -0.5039 1.37, -0.561 -0.622 1.37, -0.5733 -0.5039 1.3607, -0.5733 -0.622 1.3607, -0.5826 -0.5039 1.3484, -0.5826 -0.622 1.3484, -0.5885 -0.5039 1.3342, -0.5885 -0.622 1.3342, 0.5315 -0.5039 1.378, 0.5315 -0.622 1.378, -0.1984 -0.5066 1.2598, -0.3815 -0.6004 1.2598, -0.1984 -0.5066 1.0236, -0.3815 -0.6004 1.0236, -0.4354 -0.4953 1.2598, -0.4354 -0.4953 1.0236, -0.4528 -0.5017 1.2598, -0.4528 -0.5017 1.0236, -0.4713 -0.5039 1.2598, -0.4713 -0.5039 1.0236, -0.4713 -0.622 1.2598, -0.4713 -0.622 1.0236, -0.4251 -0.6166 1.0236, -0.4251 -0.6166 1.2598, 0.5906 -0.5039 1.3189, 0.5906 -0.622 1.3189, 0.5885 -0.5039 1.3342, 0.5885 -0.622 1.3342, 0.5826 -0.5039 1.3484, 0.5826 -0.622 1.3484, 0.5733 -0.5039 1.3607, 0.5733 -0.622 1.3607, 0.561 -0.5039 1.37, 0.561 -0.622 1.37, 0.5468 -0.5039 1.3759, 0.5468 -0.622 1.3759, 0.5906 -0.622 1.2598, 0.5906 -0.5039 1.2598, 0.5468 -0.5039 0.9075, 0.5468 -0.622 0.9075, 0.561 -0.5039 0.9134, 0.561 -0.622 0.9134, 0.5733 -0.5039 0.9228, 0.5733 -0.622 0.9228, 0.5826 -0.5039 0.935, 0.5826 -0.622 0.935, 0.5885 -0.5039 0.9493, 0.5885 -0.622 0.9493, 0.5906 -0.5039 0.9646, 0.5906 -0.622 0.9646, 0.3815 -0.6004 1.2598, 0.1984 -0.5066 1.2598, 0.3815 -0.6004 1.0236, 0.1984 -0.5066 1.0236, 0.4251 -0.6166 1.0236, 0.4251 -0.6166 1.2598, 0.4713 -0.622 1.0236, 0.4713 -0.622 1.2598, 0.4713 -0.5039 1.2598, 0.4713 -0.5039 1.0236, 0.4528 -0.5017 1.2598, 0.4528 -0.5017 1.0236, 0.4354 -0.4953 1.2598, 0.4354 -0.4953 1.0236
            ]
        }
        coordIndex [
            0,1,2,-1,2,1,3,-1,3,4,2,-1,2,4,5,-1,2,5,6,-1,6,5,7,-1,5,4,8,-1,8,4,9,-1,10,11,0,-1,0,11,8,-1,0,8,1,-1,1,8,9,-1,6,7,10,-1,10,7,11,-1,2,6,0,-1,0,6,10,-1,8,11,5,-1,5,11,7,-1,12,13,14,-1,14,13,15,-1,15,16,14,-1,14,16,17,-1,14,17,18,-1,18,17,19,-1,17,16,20,-1,20,16,21,-1,21,13,20,-1,20,13,12,-1,20,12,22,-1,22,12,23,-1,14,18,12,-1,12,18,23,-1,18,19,23,-1,23,19,22,-1,20,22,17,-1,17,22,19,-1,24,25,26,-1,26,25,27,-1,28,26,29,-1,29,26,27,-1,29,27,30,-1,30,27,31,-1,28,29,32,-1,32,29,33,-1,34,35,33,-1,33,35,25,-1,33,25,32,-1,32,25,24,-1,31,27,35,-1,35,27,25,-1,30,31,34,-1,34,31,35,-1,34,33,30,-1,30,33,29,-1,36,37,38,-1,38,37,39,-1,39,40,38,-1,38,40,41,-1,38,41,42,-1,42,41,43,-1,41,40,44,-1,44,40,45,-1,46,47,36,-1,36,47,44,-1,36,44,37,-1,37,44,45,-1,38,42,36,-1,36,42,46,-1,42,43,46,-1,46,43,47,-1,44,47,41,-1,41,47,43,-1,48,49,50,-1,50,49,51,-1,52,50,53,-1,53,50,51,-1,53,51,54,-1,54,51,55,-1,52,53,56,-1,56,53,57,-1,58,59,57,-1,57,59,49,-1,57,49,56,-1,56,49,48,-1,55,51,59,-1,59,51,49,-1,54,55,58,-1,58,55,59,-1,58,57,54,-1,54,57,53,-1,60,61,62,-1,62,61,63,-1,64,65,66,-1,66,65,62,-1,66,62,67,-1,67,62,63,-1,66,67,68,-1,68,67,69,-1,69,61,68,-1,68,61,60,-1,68,60,70,-1,70,60,71,-1,70,71,64,-1,64,71,65,-1,68,70,66,-1,66,70,64,-1,62,65,60,-1,60,65,71,-1,72,73,74,-1,74,73,75,-1,76,77,78,-1,78,77,74,-1,78,74,79,-1,79,74,75,-1,78,79,80,-1,80,79,81,-1,81,73,80,-1,80,73,72,-1,80,72,82,-1,82,72,83,-1,80,82,78,-1,78,82,76,-1,82,83,76,-1,76,83,77,-1,74,77,72,-1,72,77,83,-1,84,85,86,-1,86,85,87,-1,86,87,88,-1,84,89,85,-1,85,89,90,-1,85,90,91,-1,91,92,85,-1,85,92,93,-1,85,93,94,-1,94,95,85,-1,85,95,96,-1,85,96,97,-1,98,99,100,-1,100,99,101,-1,100,101,102,-1,102,101,103,-1,102,103,104,-1,104,103,105,-1,104,105,106,-1,106,105,107,-1,106,107,108,-1,108,107,109,-1,108,109,87,-1,87,109,88,-1,110,111,112,-1,112,111,113,-1,114,115,116,-1,116,115,117,-1,116,117,118,-1,118,117,119,-1,118,119,120,-1,120,119,121,-1,120,121,122,-1,122,121,123,-1,122,123,124,-1,124,123,125,-1,124,125,111,-1,111,125,113,-1,126,127,128,-1,128,127,129,-1,129,130,128,-1,128,130,131,-1,128,131,132,-1,132,133,128,-1,128,133,134,-1,128,134,135,-1,115,114,136,-1,136,114,128,-1,136,128,137,-1,137,128,135,-1,138,139,140,-1,140,139,141,-1,142,143,144,-1,144,143,145,-1,144,145,146,-1,146,145,147,-1,148,149,150,-1,148,150,151,-1,151,150,141,-1,151,141,139,-1,152,153,154,-1,154,153,155,-1,154,155,156,-1,156,155,157,-1,156,157,158,-1,158,157,159,-1,158,159,160,-1,160,159,161,-1,160,161,162,-1,162,161,163,-1,162,163,128,-1,128,163,126,-1,153,152,164,-1,164,152,165,-1,85,97,166,-1,166,97,167,-1,166,167,168,-1,168,167,169,-1,168,169,170,-1,170,169,171,-1,170,171,172,-1,172,171,173,-1,172,173,174,-1,174,173,175,-1,174,175,176,-1,176,175,177,-1,178,179,180,-1,180,179,181,-1,178,180,182,-1,178,182,183,-1,183,182,184,-1,183,184,185,-1,186,187,188,-1,188,187,189,-1,188,189,190,-1,190,189,191,-1,192,193,194,-1,194,193,195,-1,196,197,198,-1,198,197,199,-1,198,199,200,-1,200,199,201,-1,200,201,202,-1,202,201,203,-1,202,203,204,-1,204,203,205,-1,204,205,206,-1,206,205,207,-1,206,207,193,-1,193,207,195,-1,208,209,210,-1,210,209,211,-1,212,213,214,-1,214,213,215,-1,214,215,216,-1,216,215,217,-1,216,217,218,-1,218,217,219,-1,218,219,220,-1,220,219,221,-1,220,221,222,-1,222,221,223,-1,222,223,209,-1,209,223,211,-1,212,224,213,-1,213,224,225,-1,226,227,228,-1,228,227,229,-1,230,231,232,-1,232,231,233,-1,232,233,234,-1,234,233,235,-1,236,237,238,-1,236,238,239,-1,239,238,229,-1,239,229,227,-1,240,241,242,-1,242,241,243,-1,242,243,244,-1,244,243,245,-1,244,245,246,-1,246,245,247,-1,246,247,248,-1,248,247,249,-1,248,249,250,-1,250,249,251,-1,250,251,224,-1,224,251,225,-1,241,240,252,-1,252,240,253,-1,192,194,254,-1,254,194,255,-1,254,255,256,-1,256,255,257,-1,256,257,258,-1,258,257,259,-1,258,259,260,-1,260,259,261,-1,260,261,262,-1,262,261,263,-1,262,263,264,-1,264,263,265,-1,266,267,268,-1,268,267,269,-1,266,268,270,-1,266,270,271,-1,271,270,272,-1,271,272,273,-1,274,275,276,-1,276,275,277,-1,276,277,278,-1,278,277,279,-1,
        ]
    }
}
Shape{
    appearance Appearance {
        material  Material 	{
            diffuseColor 0.0 0.0 0.0
            specularColor 0.0 0.0 0.0
            ambientIntensity 0.0
            transparency 0.0
            shininess 0.5
        }
    }
    geometry IndexedFaceSet {
        ccw TRUE
        solid FALSE
        coord DEF co Coordinate {
            point [
                -0.0866 0.626 2.1454, -0.0866 0.626 2.1363, -0.0866 0.622 2.1454, -0.0866 0.622 2.1363, -0.0547 0.626 2.1454, -0.0547 0.622 2.1454, -0.0547 0.626 2.2164, -0.0547 0.622 2.2164, -0.0444 0.626 2.2164, -0.0444 0.622 2.2164, -0.0444 0.626 2.1363, -0.0444 0.622 2.1363, -0.1498 0.622 2.1396, -0.1498 0.626 2.1396, -0.1485 0.626 2.1389, -0.1277 0.626 2.135, -0.1277 0.622 2.135, -0.1399 0.622 2.1361, -0.1399 0.626 2.1361, -0.1464 0.622 2.1383, -0.1485 0.622 2.1389, -0.1498 0.626 2.1495, -0.1498 0.622 2.1495, -0.1464 0.622 2.148, -0.1426 0.626 2.1462, -0.1426 0.622 2.1462, -0.1337 0.622 2.1444, -0.1337 0.626 2.1444, -0.1292 0.622 2.1442, -0.1292 0.626 2.1442, -0.1213 0.622 2.1451, -0.1213 0.626 2.1451, -0.1156 0.622 2.1472, -0.1156 0.626 2.1472, -0.1103 0.622 2.1509, -0.1103 0.626 2.1509, -0.1086 0.622 2.1526, -0.1086 0.626 2.1526, -0.1046 0.622 2.1583, -0.1046 0.626 2.1583, -0.102 0.622 2.1648, -0.102 0.626 2.1648, -0.1007 0.622 2.1746, -0.1007 0.626 2.1746, -0.1007 0.622 2.1754, -0.1007 0.626 2.1754, -0.1017 0.622 2.1848, -0.1017 0.626 2.1848, -0.1041 0.622 2.1921, -0.1041 0.626 2.1921, -0.1078 0.622 2.1979, -0.1078 0.626 2.1979, -0.1092 0.622 2.1995, -0.1092 0.626 2.1995, -0.1148 0.622 2.2041, -0.1148 0.626 2.2041, -0.1211 0.622 2.207, -0.1211 0.626 2.207, -0.1281 0.622 2.2083, -0.1281 0.626 2.2083, -0.131 0.622 2.2084, -0.131 0.626 2.2084, -0.1498 0.622 2.2036, -0.1498 0.626 2.2036, -0.148 0.626 2.2046, -0.1398 0.622 2.2075, -0.1398 0.626 2.2075, -0.1464 0.622 2.2051, -0.148 0.622 2.2046, -0.1498 0.626 2.2144, -0.1498 0.622 2.2144, -0.1309 0.622 2.2177, -0.1309 0.626 2.2177, -0.1321 0.626 2.2177, -0.1464 0.622 2.2155, -0.1423 0.626 2.2167, -0.1423 0.622 2.2167, -0.1389 0.622 2.217, -0.1321 0.622 2.2177, -0.1253 0.622 2.217, -0.1194 0.626 2.2163, -0.1194 0.622 2.2163, -0.111 0.622 2.2131, -0.111 0.626 2.2131, -0.1033 0.622 2.2077, -0.1033 0.626 2.2077, -0.1015 0.622 2.2059, -0.1015 0.626 2.2059, -0.0962 0.622 2.1993, -0.0962 0.626 2.1993, -0.0922 0.622 2.1905, -0.0922 0.626 2.1905, -0.0901 0.622 2.1803, -0.0901 0.626 2.1803, -0.0899 0.622 2.1748, -0.0899 0.626 2.1748, -0.0914 0.622 2.1619, -0.0914 0.626 2.1619, -0.0947 0.622 2.1535, -0.0947 0.626 2.1535, -0.0994 0.622 2.1467, -0.0994 0.626 2.1467, -0.1002 0.622 2.1459, -0.1002 0.626 2.1459, -0.1062 0.622 2.1408, -0.1062 0.626 2.1408, -0.1137 0.622 2.1371, -0.1137 0.626 2.1371, -0.1223 0.622 2.1352, -0.1223 0.626 2.1352, -0.2089 0.626 2.1454, -0.2089 0.626 2.1363, -0.2089 0.622 2.1454, -0.2089 0.622 2.1363, -0.1762 0.622 2.1454, -0.1762 0.626 2.1454, -0.1978 0.622 2.1454, -0.1762 0.626 2.1724, -0.1762 0.622 2.1724, -0.2048 0.626 2.1724, -0.1978 0.622 2.1724, -0.2048 0.622 2.1724, -0.2048 0.626 2.1815, -0.2048 0.622 2.1815, -0.1762 0.622 2.1815, -0.1762 0.626 2.1815, -0.1978 0.622 2.1815, -0.1762 0.626 2.2072, -0.1762 0.622 2.2072, -0.2071 0.626 2.2072, -0.1978 0.622 2.2072, -0.2071 0.622 2.2072, -0.2071 0.626 2.2164, -0.2071 0.622 2.2164, -0.1659 0.622 2.2164, -0.1659 0.626 2.2164, -0.1978 0.622 2.2164, -0.1659 0.626 2.1363, -0.1659 0.622 2.1363, -0.1978 0.622 2.1363, -0.2567 0.626 2.2061, -0.2485 0.626 2.2164, -0.2465 0.626 2.2072, -0.2469 0.626 2.2164, -0.2344 0.626 2.2072, -0.2241 0.626 2.2164, -0.2344 0.626 2.1454, -0.2241 0.626 2.1363, -0.246 0.626 2.1454, -0.2461 0.626 2.1363, -0.2555 0.626 2.1464, -0.2595 0.626 2.1379, -0.2625 0.626 2.1487, -0.2687 0.626 2.1415, -0.2679 0.626 2.1521, -0.2772 0.626 2.1475, -0.2698 0.626 2.1538, -0.274 0.626 2.1591, -0.2826 0.626 2.1539, -0.2767 0.626 2.1651, -0.2868 0.626 2.162, -0.2782 0.626 2.1725, -0.2889 0.626 2.1713, -0.2784 0.626 2.1771, -0.2892 0.626 2.1774, -0.2774 0.626 2.186, -0.2883 0.626 2.1867, -0.2753 0.626 2.1922, -0.2856 0.626 2.1946, -0.2723 0.626 2.1968, -0.2809 0.626 2.2019, -0.2696 0.626 2.1996, -0.2772 0.626 2.2058, -0.2636 0.626 2.2036, -0.27 0.626 2.2108, -0.2606 0.626 2.2147, -0.2461 0.622 2.1363, -0.2241 0.622 2.1363, -0.2595 0.622 2.1379, -0.2687 0.622 2.1415, -0.2772 0.622 2.1475, -0.2826 0.622 2.1539, -0.2868 0.622 2.162, -0.2889 0.622 2.1713, -0.2892 0.622 2.1774, -0.2883 0.622 2.1867, -0.2856 0.622 2.1946, -0.2809 0.622 2.2019, -0.2772 0.622 2.2058, -0.27 0.622 2.2108, -0.2606 0.622 2.2147, -0.2485 0.622 2.2164, -0.2469 0.622 2.2164, -0.2241 0.622 2.2164, -0.2465 0.622 2.2072, -0.2344 0.622 2.2072, -0.2344 0.622 2.1454, -0.246 0.622 2.1454, -0.2698 0.622 2.1538, -0.2679 0.622 2.1521, -0.2625 0.622 2.1487, -0.2555 0.622 2.1464, -0.2784 0.622 2.1771, -0.2782 0.622 2.1725, -0.2767 0.622 2.1651, -0.274 0.622 2.1591, -0.2696 0.622 2.1996, -0.2723 0.622 2.1968, -0.2753 0.622 2.1922, -0.2774 0.622 2.186, -0.2567 0.622 2.2061, -0.2636 0.622 2.2036
            ]
        }
        coordIndex [
            0,1,2,-1,2,1,3,-1,4,0,5,-1,5,0,2,-1,6,4,7,-1,7,4,5,-1,8,6,9,-1,9,6,7,-1,10,8,11,-1,11,8,9,-1,1,10,3,-1,3,10,11,-1,6,8,4,-1,4,8,10,-1,4,10,0,-1,0,10,1,-1,12,13,14,-1,15,16,17,-1,15,17,18,-1,18,17,19,-1,18,19,14,-1,14,19,20,-1,14,20,12,-1,21,13,22,-1,22,13,12,-1,21,22,23,-1,21,23,24,-1,23,25,24,-1,24,25,26,-1,24,26,27,-1,27,26,28,-1,27,28,29,-1,29,28,30,-1,29,30,31,-1,31,30,32,-1,31,32,33,-1,33,32,34,-1,33,34,35,-1,35,34,36,-1,35,36,37,-1,37,36,38,-1,37,38,39,-1,39,38,40,-1,39,40,41,-1,41,40,42,-1,41,42,43,-1,43,42,44,-1,43,44,45,-1,45,44,46,-1,45,46,47,-1,47,46,48,-1,47,48,49,-1,49,48,50,-1,49,50,51,-1,51,50,52,-1,51,52,53,-1,53,52,54,-1,53,54,55,-1,55,54,56,-1,55,56,57,-1,57,56,58,-1,57,58,59,-1,59,58,60,-1,59,60,61,-1,62,63,64,-1,61,60,65,-1,61,65,66,-1,66,65,67,-1,66,67,64,-1,64,67,68,-1,64,68,62,-1,69,63,70,-1,70,63,62,-1,71,72,73,-1,69,70,74,-1,69,74,75,-1,74,76,75,-1,75,76,77,-1,75,77,73,-1,73,77,78,-1,73,78,71,-1,72,71,79,-1,72,79,80,-1,79,81,80,-1,80,81,82,-1,80,82,83,-1,83,82,84,-1,83,84,85,-1,85,84,86,-1,85,86,87,-1,87,86,88,-1,87,88,89,-1,89,88,90,-1,89,90,91,-1,91,90,92,-1,91,92,93,-1,93,92,94,-1,93,94,95,-1,95,94,96,-1,95,96,97,-1,97,96,98,-1,97,98,99,-1,99,98,100,-1,99,100,101,-1,101,100,102,-1,101,102,103,-1,103,102,104,-1,103,104,105,-1,105,104,106,-1,105,106,107,-1,107,106,108,-1,107,108,109,-1,109,108,16,-1,109,16,15,-1,64,63,69,-1,55,57,80,-1,39,41,97,-1,47,49,89,-1,80,57,72,-1,64,69,66,-1,97,41,95,-1,89,49,87,-1,57,59,72,-1,72,59,61,-1,72,61,73,-1,73,61,66,-1,73,66,75,-1,75,66,69,-1,80,83,55,-1,55,83,85,-1,55,85,53,-1,53,85,87,-1,53,87,51,-1,51,87,49,-1,97,99,39,-1,39,99,101,-1,39,101,37,-1,37,101,103,-1,37,103,35,-1,35,103,105,-1,35,105,33,-1,33,105,107,-1,33,107,31,-1,31,107,109,-1,31,109,29,-1,29,109,15,-1,29,15,27,-1,27,15,18,-1,27,18,24,-1,24,18,14,-1,24,14,21,-1,21,14,13,-1,41,43,95,-1,95,43,45,-1,95,45,93,-1,93,45,47,-1,93,47,91,-1,91,47,89,-1,110,111,112,-1,112,111,113,-1,114,115,116,-1,116,115,110,-1,116,110,112,-1,117,115,118,-1,118,115,114,-1,117,118,119,-1,119,118,120,-1,119,120,121,-1,122,119,123,-1,123,119,121,-1,124,125,126,-1,126,125,122,-1,126,122,123,-1,127,125,128,-1,128,125,124,-1,127,128,129,-1,129,128,130,-1,129,130,131,-1,132,129,133,-1,133,129,131,-1,134,135,136,-1,136,135,132,-1,136,132,133,-1,137,135,138,-1,138,135,134,-1,137,138,111,-1,111,138,139,-1,111,139,113,-1,137,111,110,-1,110,115,137,-1,137,115,117,-1,137,117,135,-1,129,132,127,-1,127,132,135,-1,127,135,125,-1,125,135,117,-1,125,117,122,-1,122,117,119,-1,140,141,142,-1,142,141,143,-1,142,143,144,-1,144,143,145,-1,144,145,146,-1,146,145,147,-1,146,147,148,-1,148,147,149,-1,148,149,150,-1,150,149,151,-1,150,151,152,-1,152,151,153,-1,152,153,154,-1,154,153,155,-1,154,155,156,-1,156,155,157,-1,157,155,158,-1,157,158,159,-1,159,158,160,-1,159,160,161,-1,161,160,162,-1,161,162,163,-1,163,162,164,-1,163,164,165,-1,165,164,166,-1,165,166,167,-1,167,166,168,-1,167,168,169,-1,169,168,170,-1,169,170,171,-1,171,170,172,-1,171,172,173,-1,173,172,174,-1,173,174,140,-1,140,174,175,-1,140,175,141,-1,149,147,176,-1,176,147,177,-1,149,176,178,-1,149,178,151,-1,151,178,179,-1,151,179,153,-1,153,179,180,-1,153,180,155,-1,155,180,181,-1,155,181,158,-1,158,181,182,-1,158,182,160,-1,160,182,183,-1,160,183,162,-1,162,183,184,-1,162,184,164,-1,164,184,185,-1,164,185,166,-1,166,185,186,-1,166,186,168,-1,168,186,187,-1,168,187,170,-1,170,187,188,-1,170,188,172,-1,172,188,189,-1,172,189,174,-1,174,189,190,-1,174,190,175,-1,175,190,191,-1,175,191,141,-1,141,191,192,-1,141,192,143,-1,145,143,193,-1,193,143,192,-1,147,145,177,-1,177,145,193,-1,142,144,194,-1,194,144,195,-1,144,146,195,-1,195,146,196,-1,146,148,196,-1,196,148,197,-1,156,198,199,-1,156,199,154,-1,154,199,200,-1,154,200,152,-1,152,200,201,-1,152,201,150,-1,150,201,197,-1,150,197,148,-1,163,202,203,-1,163,203,161,-1,161,203,204,-1,161,204,159,-1,159,204,205,-1,159,205,157,-1,157,205,198,-1,157,198,156,-1,171,206,207,-1,171,207,169,-1,169,207,208,-1,169,208,167,-1,167,208,209,-1,167,209,165,-1,165,209,202,-1,165,202,163,-1,142,194,210,-1,142,210,140,-1,140,210,211,-1,140,211,173,-1,173,211,206,-1,173,206,171,-1,
        ]
    }
}
Shape{
    appearance Appearance {
        material  Material 	{
            diffuseColor 0.7529411764705882 0.7529411764705882 0.7529411764705882
            specularColor 0.3764705882352941 0.3764705882352941 0.3764705882352941
            ambientIntensity 0.7529
            transparency 0.0
            shininess 0.5
        }
    }
    geometry IndexedFaceSet {
        ccw TRUE
        solid FALSE
        coord DEF co Coordinate {
            point [
                -0.2344 0.622 2.2072, -0.2344 0.622 2.1454, -0.2465 0.622 2.2072, -0.246 0.622 2.1454, -0.2555 0.622 2.1464, -0.2625 0.622 2.1487, -0.2679 0.622 2.1521, -0.2698 0.622 2.1538, -0.274 0.622 2.1591, -0.2767 0.622 2.1651, -0.2782 0.622 2.1725, -0.2784 0.622 2.1771, -0.2774 0.622 2.186, -0.2753 0.622 2.1922, -0.2723 0.622 2.1968, -0.2696 0.622 2.1996, -0.2567 0.622 2.2061, -0.2636 0.622 2.2036
            ]
        }
        coordIndex [
            0,1,2,-1,2,1,3,-1,2,3,4,-1,4,5,2,-1,2,5,6,-1,2,6,7,-1,7,8,2,-1,2,8,9,-1,2,9,10,-1,10,11,2,-1,2,11,12,-1,2,12,13,-1,13,14,2,-1,2,14,15,-1,2,15,16,-1,16,15,17,-1,
        ]
    }
}
Shape{
    appearance Appearance {
        material  Material 	{
            diffuseColor 0.0 0.0 0.0
            specularColor 0.0 0.0 0.0
            ambientIntensity 0.0
            transparency 0.0
            shininess 0.5
        }
    }
    geometry IndexedFaceSet {
        ccw TRUE
        solid FALSE
        coord DEF co Coordinate {
            point [
                -0.3161 0.626 2.1672, -0.3281 0.626 2.2005, -0.3242 0.626 2.2164, -0.2937 0.626 2.1363, -0.3051 0.626 2.1363, -0.3128 0.626 2.1582, -0.3287 0.626 2.2029, -0.3294 0.626 2.2061, -0.3352 0.626 2.2164, -0.3296 0.626 2.2061, -0.3303 0.626 2.2028, -0.3309 0.626 2.2005, -0.343 0.626 2.1672, -0.3657 0.626 2.1363, -0.3543 0.626 2.1363, -0.3461 0.626 2.1582, -0.3352 0.622 2.2164, -0.3657 0.622 2.1363, -0.3242 0.622 2.2164, -0.2937 0.622 2.1363, -0.3168 0.622 2.1969, -0.3051 0.622 2.1363, -0.3128 0.622 2.1582, -0.3461 0.622 2.1582, -0.3168 0.622 2.1582, -0.3543 0.622 2.1363, -0.3161 0.622 2.1672, -0.343 0.622 2.1672, -0.3309 0.622 2.2005, -0.3296 0.622 2.2061, -0.3303 0.622 2.2028, -0.3294 0.622 2.2061, -0.3281 0.622 2.2005, -0.3287 0.622 2.2029
            ]
        }
        coordIndex [
            0,1,2,-1,3,4,5,-1,1,6,2,-1,2,6,7,-1,2,7,8,-1,8,7,9,-1,8,9,10,-1,10,11,8,-1,8,11,12,-1,8,12,13,-1,14,13,15,-1,15,13,12,-1,15,12,5,-1,5,12,0,-1,5,0,3,-1,3,0,2,-1,8,13,16,-1,16,13,17,-1,2,8,18,-1,18,8,16,-1,19,3,20,-1,20,3,2,-1,20,2,18,-1,4,3,21,-1,21,3,19,-1,5,4,22,-1,22,4,21,-1,23,15,24,-1,24,15,5,-1,24,5,22,-1,14,15,25,-1,25,15,23,-1,13,14,17,-1,17,14,25,-1,0,12,26,-1,26,12,27,-1,12,11,27,-1,27,11,28,-1,9,29,30,-1,9,30,10,-1,10,30,28,-1,10,28,11,-1,9,7,29,-1,29,7,31,-1,1,32,33,-1,1,33,6,-1,6,33,31,-1,6,31,7,-1,1,0,32,-1,32,0,26,-1,
        ]
    }
}
Shape{
    appearance Appearance {
        material  Material 	{
            diffuseColor 0.7529411764705882 0.7529411764705882 0.7529411764705882
            specularColor 0.3764705882352941 0.3764705882352941 0.3764705882352941
            ambientIntensity 0.7529
            transparency 0.0
            shininess 0.5
        }
    }
    geometry IndexedFaceSet {
        ccw TRUE
        solid FALSE
        coord DEF co Coordinate {
            point [
                -0.3296 0.622 2.2061, -0.3294 0.622 2.2061, -0.3303 0.622 2.2028, -0.3287 0.622 2.2029, -0.3309 0.622 2.2005, -0.3281 0.622 2.2005, -0.343 0.622 2.1672, -0.3161 0.622 2.1672
            ]
        }
        coordIndex [
            0,1,2,-1,2,1,3,-1,2,3,4,-1,4,3,5,-1,4,5,6,-1,6,5,7,-1,
        ]
    }
}
Shape{
    appearance Appearance {
        material  Material 	{
            diffuseColor 0.0 0.0 0.0
            specularColor 0.0 0.0 0.0
            ambientIntensity 0.0
            transparency 0.0
            shininess 0.5
        }
    }
    geometry IndexedFaceSet {
        ccw TRUE
        solid FALSE
        coord DEF co Coordinate {
            point [
                -0.0875 0.626 2.0184, -0.0875 0.626 2.0093, -0.0875 0.622 2.0184, -0.0875 0.622 2.0093, -0.0547 0.626 2.0184, -0.0547 0.622 2.0184, -0.0547 0.626 2.0453, -0.0547 0.622 2.0453, -0.0834 0.626 2.0453, -0.0834 0.622 2.0453, -0.0834 0.626 2.0545, -0.0834 0.622 2.0545, -0.0547 0.626 2.0545, -0.0547 0.622 2.0545, -0.0547 0.622 2.0801, -0.0547 0.626 2.0801, -0.0547 0.622 2.0786, -0.0856 0.626 2.0801, -0.0856 0.622 2.0801, -0.0856 0.626 2.0893, -0.0856 0.622 2.0893, -0.0444 0.626 2.0893, -0.0444 0.622 2.0893, -0.0444 0.622 2.0093, -0.0444 0.626 2.0093, -0.0444 0.622 2.0786, -0.133 0.626 2.0093, -0.143 0.626 2.0093, -0.133 0.626 2.0181, -0.143 0.626 2.0461, -0.133 0.626 2.0456, -0.1113 0.626 2.0337, -0.1137 0.626 2.0348, -0.1196 0.626 2.0362, -0.133 0.626 2.038, -0.133 0.626 2.0325, -0.1326 0.626 2.0501, -0.1421 0.626 2.0543, -0.1316 0.626 2.0536, -0.1404 0.626 2.0587, -0.1304 0.626 2.0557, -0.1383 0.626 2.0618, -0.1289 0.626 2.0573, -0.1361 0.626 2.0639, -0.1271 0.626 2.0585, -0.1329 0.626 2.0658, -0.1248 0.626 2.0593, -0.1287 0.626 2.0672, -0.1214 0.626 2.0596, -0.1223 0.626 2.0678, -0.1156 0.626 2.059, -0.1134 0.626 2.0668, -0.1093 0.626 2.057, -0.1058 0.626 2.0642, -0.1026 0.626 2.0527, -0.1026 0.626 2.0625, -0.133 0.626 2.0318, -0.1323 0.626 2.0273, -0.1308 0.626 2.0238, -0.1327 0.626 2.0181, -0.1287 0.626 2.0208, -0.1311 0.626 2.0157, -0.1274 0.626 2.0196, -0.128 0.626 2.0123, -0.1246 0.626 2.0177, -0.1244 0.626 2.01, -0.1215 0.626 2.0166, -0.1204 0.626 2.0085, -0.1178 0.626 2.0162, -0.1152 0.626 2.0079, -0.1144 0.626 2.0165, -0.1092 0.626 2.0086, -0.1121 0.626 2.0174, -0.1053 0.626 2.0101, -0.1101 0.626 2.0187, -0.102 0.626 2.0124, -0.1093 0.626 2.0196, -0.116 0.626 2.0433, -0.108 0.626 2.0412, -0.1099 0.626 2.0327, -0.1039 0.626 2.039, -0.1087 0.626 2.0312, -0.1009 0.626 2.0363, -0.1078 0.626 2.0293, -0.0988 0.626 2.033, -0.1073 0.626 2.027, -0.0975 0.626 2.0294, -0.1072 0.626 2.0254, -0.0971 0.626 2.0246, -0.1075 0.626 2.0231, -0.0975 0.626 2.02, -0.1081 0.626 2.0213, -0.0988 0.626 2.0167, -0.1008 0.626 2.0136, -0.1223 0.622 2.0678, -0.1134 0.622 2.0668, -0.1058 0.622 2.0642, -0.1026 0.622 2.0625, -0.1026 0.622 2.0527, -0.1093 0.622 2.057, -0.1156 0.622 2.059, -0.1214 0.622 2.0596, -0.1248 0.622 2.0593, -0.1271 0.622 2.0585, -0.1289 0.622 2.0573, -0.1304 0.622 2.0557, -0.1316 0.622 2.0536, -0.1326 0.622 2.0501, -0.133 0.622 2.0456, -0.116 0.622 2.0433, -0.108 0.622 2.0412, -0.1039 0.622 2.039, -0.1009 0.622 2.0363, -0.0988 0.622 2.033, -0.0975 0.622 2.0294, -0.0971 0.622 2.0246, -0.0975 0.622 2.02, -0.0988 0.622 2.0167, -0.1008 0.622 2.0136, -0.102 0.622 2.0124, -0.1152 0.622 2.0079, -0.1094 0.622 2.0086, -0.1092 0.622 2.0086, -0.1053 0.622 2.0101, -0.1204 0.622 2.0085, -0.1206 0.622 2.0086, -0.1244 0.622 2.01, -0.128 0.622 2.0123, -0.1311 0.622 2.0157, -0.1327 0.622 2.0181, -0.133 0.622 2.0181, -0.133 0.622 2.0093, -0.143 0.622 2.0093, -0.143 0.622 2.0461, -0.1421 0.622 2.0543, -0.1404 0.622 2.0587, -0.1383 0.622 2.0618, -0.1361 0.622 2.0639, -0.1329 0.622 2.0658, -0.1287 0.622 2.0672, -0.1099 0.622 2.0327, -0.1113 0.622 2.0337, -0.1137 0.622 2.0348, -0.1196 0.622 2.0362, -0.1072 0.622 2.0254, -0.1073 0.622 2.027, -0.1078 0.622 2.0293, -0.1087 0.622 2.0312, -0.1101 0.622 2.0187, -0.1093 0.622 2.0196, -0.1081 0.622 2.0213, -0.1075 0.622 2.0231, -0.1178 0.622 2.0162, -0.1144 0.622 2.0165, -0.1121 0.622 2.0174, -0.1287 0.622 2.0208, -0.1274 0.622 2.0196, -0.1246 0.622 2.0177, -0.1215 0.622 2.0166, -0.133 0.622 2.0325, -0.133 0.622 2.0318, -0.1323 0.622 2.0273, -0.1308 0.622 2.0238, -0.133 0.622 2.038
            ]
        }
        coordIndex [
            0,1,2,-1,2,1,3,-1,4,0,5,-1,5,0,2,-1,6,4,7,-1,7,4,5,-1,8,6,9,-1,9,6,7,-1,10,8,11,-1,11,8,9,-1,12,10,13,-1,13,10,11,-1,14,15,16,-1,16,15,12,-1,16,12,13,-1,17,15,18,-1,18,15,14,-1,19,17,20,-1,20,17,18,-1,21,19,22,-1,22,19,20,-1,23,24,25,-1,25,24,21,-1,25,21,22,-1,1,24,3,-1,3,24,23,-1,24,1,0,-1,0,4,24,-1,24,4,6,-1,24,6,21,-1,17,19,15,-1,15,19,21,-1,15,21,12,-1,12,21,6,-1,12,6,10,-1,10,6,8,-1,26,27,28,-1,28,27,29,-1,30,31,32,-1,33,34,29,-1,29,34,35,-1,32,33,30,-1,30,33,29,-1,30,29,36,-1,36,29,37,-1,36,37,38,-1,38,37,39,-1,38,39,40,-1,40,39,41,-1,40,41,42,-1,42,41,43,-1,42,43,44,-1,44,43,45,-1,44,45,46,-1,46,45,47,-1,46,47,48,-1,48,47,49,-1,48,49,50,-1,50,49,51,-1,50,51,52,-1,52,51,53,-1,52,53,54,-1,54,53,55,-1,35,56,29,-1,29,56,57,-1,29,57,28,-1,28,57,58,-1,28,58,59,-1,59,58,60,-1,59,60,61,-1,61,60,62,-1,61,62,63,-1,63,62,64,-1,63,64,65,-1,65,64,66,-1,65,66,67,-1,67,66,68,-1,67,68,69,-1,69,68,70,-1,69,70,71,-1,71,70,72,-1,71,72,73,-1,73,72,74,-1,73,74,75,-1,75,74,76,-1,30,77,31,-1,31,77,78,-1,31,78,79,-1,79,78,80,-1,79,80,81,-1,81,80,82,-1,81,82,83,-1,83,82,84,-1,83,84,85,-1,85,84,86,-1,85,86,87,-1,87,86,88,-1,87,88,89,-1,89,88,90,-1,89,90,91,-1,91,90,92,-1,91,92,76,-1,76,92,93,-1,76,93,75,-1,49,94,95,-1,49,95,51,-1,51,95,96,-1,51,96,53,-1,53,96,97,-1,53,97,55,-1,54,55,98,-1,98,55,97,-1,54,98,99,-1,54,99,52,-1,52,99,100,-1,52,100,50,-1,50,100,101,-1,50,101,48,-1,48,101,102,-1,48,102,46,-1,46,102,103,-1,46,103,44,-1,44,103,104,-1,44,104,42,-1,42,104,105,-1,42,105,40,-1,40,105,106,-1,40,106,38,-1,38,106,107,-1,38,107,36,-1,36,107,108,-1,36,108,30,-1,77,30,109,-1,109,30,108,-1,77,109,110,-1,77,110,78,-1,78,110,111,-1,78,111,80,-1,80,111,112,-1,80,112,82,-1,82,112,113,-1,82,113,84,-1,84,113,114,-1,84,114,86,-1,86,114,115,-1,86,115,88,-1,88,115,116,-1,88,116,90,-1,90,116,117,-1,90,117,92,-1,92,117,118,-1,92,118,93,-1,93,118,119,-1,93,119,75,-1,120,69,121,-1,121,69,71,-1,121,71,122,-1,122,71,73,-1,122,73,123,-1,123,73,75,-1,123,75,119,-1,69,120,124,-1,69,124,67,-1,67,124,125,-1,67,125,65,-1,125,126,65,-1,65,126,127,-1,65,127,63,-1,63,127,128,-1,63,128,61,-1,61,128,129,-1,61,129,59,-1,28,59,130,-1,130,59,129,-1,26,28,131,-1,131,28,130,-1,27,26,132,-1,132,26,131,-1,29,27,133,-1,133,27,132,-1,29,133,134,-1,29,134,37,-1,37,134,135,-1,37,135,39,-1,39,135,136,-1,39,136,41,-1,41,136,137,-1,41,137,43,-1,43,137,138,-1,43,138,45,-1,45,138,139,-1,45,139,47,-1,47,139,94,-1,47,94,49,-1,79,140,141,-1,79,141,31,-1,31,141,142,-1,31,142,32,-1,32,142,143,-1,32,143,33,-1,87,144,145,-1,87,145,85,-1,85,145,146,-1,85,146,83,-1,83,146,147,-1,83,147,81,-1,81,147,140,-1,81,140,79,-1,74,148,149,-1,74,149,76,-1,76,149,150,-1,76,150,91,-1,91,150,151,-1,91,151,89,-1,89,151,144,-1,89,144,87,-1,68,152,153,-1,68,153,70,-1,70,153,154,-1,70,154,72,-1,72,154,148,-1,72,148,74,-1,60,155,156,-1,60,156,62,-1,62,156,157,-1,62,157,64,-1,64,157,158,-1,64,158,66,-1,66,158,152,-1,66,152,68,-1,35,159,160,-1,35,160,56,-1,56,160,161,-1,56,161,57,-1,57,161,162,-1,57,162,58,-1,58,162,155,-1,58,155,60,-1,35,34,159,-1,159,34,163,-1,34,33,163,-1,163,33,143,-1,
        ]
    }
}
Shape{
    appearance Appearance {
        material  Material 	{
            diffuseColor 0.7529411764705882 0.7529411764705882 0.7529411764705882
            specularColor 0.3764705882352941 0.3764705882352941 0.3764705882352941
            ambientIntensity 0.7529
            transparency 0.0
            shininess 0.5
        }
    }
    geometry IndexedFaceSet {
        ccw TRUE
        solid FALSE
        coord DEF co Coordinate {
            point [
                -0.133 0.622 2.038, -0.1196 0.622 2.0362, -0.133 0.622 2.0325, -0.1137 0.622 2.0348, -0.1113 0.622 2.0337, -0.1099 0.622 2.0327, -0.133 0.622 2.0318, -0.1323 0.622 2.0273, -0.1087 0.622 2.0312, -0.1308 0.622 2.0238, -0.1093 0.622 2.0196, -0.1101 0.622 2.0187, -0.1274 0.622 2.0196, -0.1081 0.622 2.0213, -0.1246 0.622 2.0177, -0.1215 0.622 2.0166, -0.1178 0.622 2.0162, -0.1078 0.622 2.0293, -0.1073 0.622 2.027, -0.1287 0.622 2.0208, -0.1072 0.622 2.0254, -0.1075 0.622 2.0231, -0.1121 0.622 2.0174, -0.1144 0.622 2.0165
            ]
        }
        coordIndex [
            0,1,2,-1,2,1,3,-1,3,4,2,-1,2,4,5,-1,2,5,6,-1,6,5,7,-1,7,5,8,-1,7,8,9,-1,10,11,12,-1,10,12,13,-1,14,12,15,-1,15,12,16,-1,8,17,9,-1,9,17,18,-1,9,18,19,-1,19,18,20,-1,19,20,12,-1,12,20,21,-1,12,21,13,-1,11,22,12,-1,12,22,23,-1,12,23,16,-1,
        ]
    }
}
Shape{
    appearance Appearance {
        material  Material 	{
            diffuseColor 0.0 0.0 0.0
            specularColor 0.0 0.0 0.0
            ambientIntensity 0.0
            transparency 0.0
            shininess 0.5
        }
    }
    geometry IndexedFaceSet {
        ccw TRUE
        solid FALSE
        coord DEF co Coordinate {
            point [
                -0.1731 0.626 2.0161, -0.1731 0.622 2.0161, -0.1661 0.622 2.017, -0.1661 0.626 2.017, -0.1599 0.622 2.0196, -0.1599 0.626 2.0196, -0.1566 0.622 2.0216, -0.1566 0.626 2.0216, -0.1566 0.626 2.0113, -0.1566 0.622 2.0113, -0.1721 0.622 2.0079, -0.1721 0.626 2.0079, -0.1657 0.622 2.0086, -0.1635 0.626 2.0088, -0.1635 0.622 2.0088, -0.1806 0.626 2.0089, -0.1783 0.622 2.0086, -0.1806 0.622 2.0089, -0.186 0.622 2.0108, -0.186 0.626 2.0108, -0.1888 0.622 2.0125, -0.1888 0.626 2.0125, -0.1916 0.622 2.015, -0.1916 0.626 2.015, -0.1935 0.622 2.0176, -0.1935 0.626 2.0176, -0.1947 0.622 2.0208, -0.1947 0.626 2.0208, -0.1952 0.622 2.0248, -0.1952 0.626 2.0248, -0.1948 0.622 2.0286, -0.1948 0.626 2.0286, -0.1937 0.622 2.0315, -0.1937 0.626 2.0315, -0.1919 0.622 2.0343, -0.1919 0.626 2.0343, -0.1895 0.622 2.0364, -0.1895 0.626 2.0364, -0.1828 0.622 2.0401, -0.1828 0.626 2.0401, -0.1789 0.622 2.0417, -0.1789 0.626 2.0417, -0.1727 0.622 2.0444, -0.1727 0.626 2.0444, -0.1692 0.622 2.0466, -0.1692 0.626 2.0466, -0.1682 0.622 2.0477, -0.1682 0.626 2.0477, -0.1675 0.622 2.049, -0.1675 0.626 2.049, -0.1671 0.622 2.0506, -0.1671 0.626 2.0506, -0.167 0.622 2.0519, -0.167 0.626 2.0519, -0.1672 0.622 2.0535, -0.1672 0.626 2.0535, -0.1677 0.622 2.0549, -0.1677 0.626 2.0549, -0.1685 0.622 2.0562, -0.1685 0.626 2.0562, -0.17 0.622 2.0575, -0.17 0.626 2.0575, -0.1723 0.622 2.0587, -0.1723 0.626 2.0587, -0.175 0.622 2.0594, -0.175 0.626 2.0594, -0.1779 0.622 2.0596, -0.1779 0.626 2.0596, -0.1851 0.622 2.0587, -0.1851 0.626 2.0587, -0.1908 0.622 2.0565, -0.1908 0.626 2.0565, -0.1925 0.622 2.0555, -0.1925 0.626 2.0555, -0.1925 0.626 2.0652, -0.1925 0.622 2.0652, -0.1851 0.622 2.0673, -0.1851 0.626 2.0673, -0.1789 0.622 2.0678, -0.1789 0.626 2.0678, -0.1711 0.622 2.0669, -0.1711 0.626 2.0669, -0.1657 0.622 2.0648, -0.1657 0.626 2.0648, -0.1631 0.622 2.0632, -0.1631 0.626 2.0632, -0.1601 0.622 2.0606, -0.1601 0.626 2.0606, -0.1582 0.622 2.0578, -0.1582 0.626 2.0578, -0.1571 0.622 2.0546, -0.1571 0.626 2.0546, -0.1567 0.622 2.051, -0.1567 0.626 2.051, -0.1571 0.622 2.0471, -0.1571 0.626 2.0471, -0.1582 0.622 2.0441, -0.1582 0.626 2.0441, -0.1595 0.622 2.042, -0.1595 0.626 2.042, -0.1611 0.622 2.0403, -0.1611 0.626 2.0403, -0.1659 0.622 2.0372, -0.1659 0.626 2.0372, -0.1718 0.622 2.0344, -0.1718 0.626 2.0344, -0.1784 0.622 2.0317, -0.1784 0.626 2.0317, -0.1823 0.622 2.0293, -0.1823 0.626 2.0293, -0.1836 0.622 2.028, -0.1836 0.626 2.028, -0.1844 0.622 2.0267, -0.1844 0.626 2.0267, -0.1848 0.622 2.0251, -0.1848 0.626 2.0251, -0.1849 0.622 2.0239, -0.1849 0.626 2.0239, -0.1847 0.622 2.0219, -0.1847 0.626 2.0219, -0.1842 0.622 2.0205, -0.1842 0.626 2.0205, -0.1833 0.622 2.0192, -0.1833 0.626 2.0192, -0.1822 0.622 2.0182, -0.1822 0.626 2.0182, -0.1813 0.622 2.0176, -0.1813 0.626 2.0176, -0.1787 0.622 2.0167, -0.1787 0.626 2.0167, -0.1735 0.622 2.0161, -0.1735 0.626 2.0161, -0.2449 0.626 2.0665, -0.2553 0.626 2.0665, -0.2449 0.622 2.0665, -0.2553 0.622 2.0665, -0.2293 0.626 2.0234, -0.2293 0.622 2.0234, -0.2285 0.622 2.0207, -0.2285 0.626 2.0207, -0.2281 0.622 2.0188, -0.2281 0.626 2.0188, -0.2278 0.626 2.0188, -0.2278 0.622 2.0188, -0.2266 0.626 2.0235, -0.2266 0.622 2.0235, -0.2117 0.622 2.0665, -0.2117 0.626 2.0665, -0.2165 0.622 2.0525, -0.2004 0.626 2.0665, -0.2004 0.622 2.0665, -0.2229 0.622 2.0094, -0.2229 0.626 2.0094, -0.2165 0.622 2.0256, -0.2185 0.622 1.999, -0.2185 0.626 1.999, -0.2225 0.622 2.0086, -0.2165 0.622 1.9954, -0.2165 0.626 1.9954, -0.2165 0.622 1.9954, -0.2146 0.626 1.9933, -0.2146 0.622 1.9933, -0.2128 0.622 1.992, -0.2128 0.626 1.992, -0.2106 0.622 1.9912, -0.2106 0.626 1.9912, -0.2082 0.622 1.9909, -0.2082 0.626 1.9909, -0.2046 0.622 1.9914, -0.2046 0.626 1.9914, -0.2025 0.622 1.9921, -0.2025 0.626 1.9921, -0.2025 0.626 1.9832, -0.2025 0.622 1.9832, -0.2068 0.622 1.9824, -0.2068 0.626 1.9824, -0.209 0.622 1.9823, -0.209 0.626 1.9823, -0.213 0.622 1.9828, -0.213 0.626 1.9828, -0.2165 0.622 1.9841, -0.217 0.626 1.9843, -0.217 0.622 1.9843, -0.2205 0.622 1.9868, -0.2205 0.626 1.9868, -0.2212 0.622 1.9874, -0.2212 0.626 1.9874, -0.2248 0.622 1.9918, -0.2248 0.626 1.9918, -0.2294 0.622 2.0006, -0.2294 0.626 2.0006, -0.2325 0.622 2.0086, -0.3092 0.626 2.0184, -0.3092 0.626 2.0093, -0.3092 0.622 2.0184, -0.3092 0.622 2.0093, -0.2765 0.622 2.0184, -0.2765 0.626 2.0184, -0.2915 0.622 2.0184, -0.2765 0.626 2.0453, -0.2765 0.622 2.0453, -0.3051 0.622 2.0453, -0.3051 0.626 2.0453, -0.2915 0.622 2.0453, -0.3051 0.626 2.0545, -0.3051 0.622 2.0545, -0.2765 0.622 2.0545, -0.2765 0.626 2.0545, -0.2915 0.622 2.0545, -0.2765 0.622 2.0801, -0.2765 0.626 2.0801, -0.2765 0.622 2.0786, -0.3074 0.622 2.0801, -0.3074 0.626 2.0801, -0.2915 0.622 2.0801, -0.3074 0.626 2.0893, -0.3074 0.622 2.0893, -0.2661 0.622 2.0893, -0.2661 0.626 2.0893, -0.2915 0.622 2.0893, -0.2661 0.622 2.0093, -0.2661 0.626 2.0093, -0.2661 0.622 2.0786, -0.2915 0.622 2.0093, -0.3569 0.626 2.079, -0.3487 0.626 2.0893, -0.3468 0.626 2.0801, -0.3472 0.626 2.0893, -0.3347 0.626 2.0801, -0.3243 0.626 2.0893, -0.3347 0.626 2.0184, -0.3243 0.626 2.0093, -0.3463 0.626 2.0184, -0.3464 0.626 2.0093, -0.3557 0.626 2.0193, -0.3598 0.626 2.0109, -0.3628 0.626 2.0217, -0.369 0.626 2.0144, -0.3682 0.626 2.0251, -0.3774 0.626 2.0205, -0.3701 0.626 2.0268, -0.3743 0.626 2.032, -0.3829 0.626 2.0268, -0.377 0.626 2.038, -0.387 0.626 2.035, -0.3784 0.626 2.0455, -0.3892 0.626 2.0442, -0.3786 0.626 2.0501, -0.3895 0.626 2.0503, -0.3777 0.626 2.059, -0.3886 0.626 2.0597, -0.3756 0.626 2.0652, -0.3859 0.626 2.0676, -0.3726 0.626 2.0698, -0.3812 0.626 2.0749, -0.3699 0.626 2.0726, -0.3774 0.626 2.0787, -0.3639 0.626 2.0766, -0.3703 0.626 2.0838, -0.3608 0.626 2.0876, -0.3464 0.622 2.0093, -0.3243 0.622 2.0093, -0.3598 0.622 2.0109, -0.369 0.622 2.0144, -0.3774 0.622 2.0205, -0.3776 0.622 2.0207, -0.3829 0.622 2.0268, -0.387 0.622 2.035, -0.3892 0.622 2.0442, -0.3895 0.622 2.0503, -0.3774 0.622 2.0787, -0.3776 0.622 2.0786, -0.3812 0.622 2.0749, -0.3859 0.622 2.0676, -0.3886 0.622 2.0597, -0.3703 0.622 2.0838, -0.3608 0.622 2.0876, -0.3487 0.622 2.0893, -0.3472 0.622 2.0893, -0.3243 0.622 2.0893, -0.3243 0.622 2.0786, -0.3468 0.622 2.0801, -0.3347 0.622 2.0801, -0.3347 0.622 2.0184, -0.3463 0.622 2.0184, -0.3701 0.622 2.0268, -0.3682 0.622 2.0251, -0.3628 0.622 2.0217, -0.3557 0.622 2.0193, -0.3786 0.622 2.0501, -0.3784 0.622 2.0455, -0.377 0.622 2.038, -0.3743 0.622 2.032, -0.3699 0.622 2.0726, -0.3726 0.622 2.0698, -0.3756 0.622 2.0652, -0.3777 0.622 2.059, -0.3569 0.622 2.079, -0.3639 0.622 2.0766
            ]
        }
        coordIndex [
            0,1,2,-1,0,2,3,-1,3,2,4,-1,3,4,5,-1,5,4,6,-1,5,6,7,-1,8,7,9,-1,9,7,6,-1,10,11,12,-1,12,11,13,-1,12,13,14,-1,14,13,8,-1,14,8,9,-1,11,10,15,-1,15,10,16,-1,16,17,15,-1,15,17,18,-1,15,18,19,-1,19,18,20,-1,19,20,21,-1,21,20,22,-1,21,22,23,-1,23,22,24,-1,23,24,25,-1,25,24,26,-1,25,26,27,-1,27,26,28,-1,27,28,29,-1,29,28,30,-1,29,30,31,-1,31,30,32,-1,31,32,33,-1,33,32,34,-1,33,34,35,-1,35,34,36,-1,35,36,37,-1,37,36,38,-1,37,38,39,-1,39,38,40,-1,39,40,41,-1,41,40,42,-1,41,42,43,-1,43,42,44,-1,43,44,45,-1,45,44,46,-1,45,46,47,-1,47,46,48,-1,47,48,49,-1,49,48,50,-1,49,50,51,-1,51,50,52,-1,51,52,53,-1,53,52,54,-1,53,54,55,-1,55,54,56,-1,55,56,57,-1,57,56,58,-1,57,58,59,-1,59,58,60,-1,59,60,61,-1,61,60,62,-1,61,62,63,-1,63,62,64,-1,63,64,65,-1,65,64,66,-1,65,66,67,-1,67,66,68,-1,67,68,69,-1,69,68,70,-1,69,70,71,-1,71,70,72,-1,71,72,73,-1,74,73,75,-1,75,73,72,-1,74,75,76,-1,74,76,77,-1,77,76,78,-1,77,78,79,-1,79,78,80,-1,79,80,81,-1,81,80,82,-1,81,82,83,-1,83,82,84,-1,83,84,85,-1,85,84,86,-1,85,86,87,-1,87,86,88,-1,87,88,89,-1,89,88,90,-1,89,90,91,-1,91,90,92,-1,91,92,93,-1,93,92,94,-1,93,94,95,-1,95,94,96,-1,95,96,97,-1,97,96,98,-1,97,98,99,-1,99,98,100,-1,99,100,101,-1,101,100,102,-1,101,102,103,-1,103,102,104,-1,103,104,105,-1,105,104,106,-1,105,106,107,-1,107,106,108,-1,107,108,109,-1,109,108,110,-1,109,110,111,-1,111,110,112,-1,111,112,113,-1,113,112,114,-1,113,114,115,-1,115,114,116,-1,115,116,117,-1,117,116,118,-1,117,118,119,-1,119,118,120,-1,119,120,121,-1,121,120,122,-1,121,122,123,-1,123,122,124,-1,123,124,125,-1,125,124,126,-1,125,126,127,-1,127,126,128,-1,127,128,129,-1,129,128,130,-1,129,130,131,-1,131,130,1,-1,131,1,0,-1,59,61,83,-1,83,61,81,-1,107,41,105,-1,105,41,43,-1,11,0,13,-1,13,0,3,-1,13,3,8,-1,8,3,5,-1,8,5,7,-1,61,63,81,-1,81,63,65,-1,81,65,79,-1,79,65,67,-1,79,67,77,-1,77,67,69,-1,77,69,74,-1,74,69,71,-1,74,71,73,-1,19,21,123,-1,123,21,23,-1,123,23,121,-1,121,23,25,-1,121,25,119,-1,119,25,27,-1,119,27,117,-1,117,27,29,-1,117,29,115,-1,115,29,31,-1,115,31,113,-1,113,31,33,-1,113,33,111,-1,111,33,35,-1,111,35,109,-1,109,35,37,-1,109,37,107,-1,107,37,39,-1,107,39,41,-1,123,125,19,-1,19,125,127,-1,19,127,15,-1,15,127,129,-1,15,129,11,-1,11,129,131,-1,11,131,0,-1,83,85,59,-1,59,85,87,-1,59,87,57,-1,57,87,89,-1,57,89,55,-1,55,89,91,-1,55,91,53,-1,53,91,93,-1,53,93,51,-1,51,93,95,-1,51,95,49,-1,49,95,97,-1,49,97,47,-1,47,97,99,-1,47,99,45,-1,45,99,101,-1,45,101,43,-1,43,101,103,-1,43,103,105,-1,132,133,134,-1,134,133,135,-1,136,132,137,-1,137,132,134,-1,136,137,138,-1,136,138,139,-1,139,138,140,-1,139,140,141,-1,142,141,143,-1,143,141,140,-1,144,142,145,-1,145,142,143,-1,146,147,148,-1,148,147,144,-1,148,144,145,-1,149,147,150,-1,150,147,146,-1,151,152,153,-1,153,152,149,-1,153,149,150,-1,154,155,156,-1,156,155,152,-1,156,152,151,-1,155,154,157,-1,155,157,158,-1,158,157,159,-1,158,159,160,-1,159,161,160,-1,160,161,162,-1,160,162,163,-1,163,162,164,-1,163,164,165,-1,165,164,166,-1,165,166,167,-1,167,166,168,-1,167,168,169,-1,169,168,170,-1,169,170,171,-1,172,171,173,-1,173,171,170,-1,172,173,174,-1,172,174,175,-1,175,174,176,-1,175,176,177,-1,177,176,178,-1,177,178,179,-1,179,178,180,-1,179,180,181,-1,180,182,181,-1,181,182,183,-1,181,183,184,-1,184,183,185,-1,184,185,186,-1,186,185,187,-1,186,187,188,-1,188,187,189,-1,188,189,190,-1,135,133,191,-1,191,133,190,-1,191,190,189,-1,139,141,190,-1,133,132,190,-1,190,132,136,-1,190,136,139,-1,147,149,144,-1,144,149,152,-1,144,152,142,-1,188,158,186,-1,186,158,160,-1,171,172,169,-1,169,172,175,-1,169,175,167,-1,167,175,177,-1,167,177,165,-1,165,177,179,-1,165,179,163,-1,163,179,181,-1,163,181,160,-1,160,181,184,-1,160,184,186,-1,141,142,190,-1,190,142,152,-1,190,152,188,-1,188,152,155,-1,188,155,158,-1,192,193,194,-1,194,193,195,-1,196,197,198,-1,198,197,192,-1,198,192,194,-1,199,197,200,-1,200,197,196,-1,201,202,203,-1,203,202,199,-1,203,199,200,-1,204,202,205,-1,205,202,201,-1,206,207,208,-1,208,207,204,-1,208,204,205,-1,209,210,211,-1,211,210,207,-1,211,207,206,-1,212,213,214,-1,214,213,210,-1,214,210,209,-1,215,213,216,-1,216,213,212,-1,217,218,219,-1,219,218,215,-1,219,215,216,-1,220,221,222,-1,222,221,218,-1,222,218,217,-1,195,193,223,-1,223,193,221,-1,223,221,220,-1,221,193,192,-1,192,197,221,-1,221,197,199,-1,221,199,218,-1,213,215,210,-1,210,215,218,-1,210,218,207,-1,207,218,199,-1,207,199,204,-1,204,199,202,-1,224,225,226,-1,226,225,227,-1,226,227,228,-1,228,227,229,-1,228,229,230,-1,230,229,231,-1,230,231,232,-1,232,231,233,-1,232,233,234,-1,234,233,235,-1,234,235,236,-1,236,235,237,-1,236,237,238,-1,238,237,239,-1,238,239,240,-1,240,239,241,-1,241,239,242,-1,241,242,243,-1,243,242,244,-1,243,244,245,-1,245,244,246,-1,245,246,247,-1,247,246,248,-1,247,248,249,-1,249,248,250,-1,249,250,251,-1,251,250,252,-1,251,252,253,-1,253,252,254,-1,253,254,255,-1,255,254,256,-1,255,256,257,-1,257,256,258,-1,257,258,224,-1,224,258,259,-1,224,259,225,-1,233,231,260,-1,260,231,261,-1,233,260,262,-1,233,262,235,-1,235,262,263,-1,235,263,237,-1,237,263,264,-1,237,264,239,-1,239,264,265,-1,239,265,242,-1,265,266,242,-1,242,266,267,-1,242,267,244,-1,244,267,268,-1,244,268,246,-1,246,268,269,-1,246,269,248,-1,270,256,271,-1,271,256,254,-1,271,254,272,-1,272,254,252,-1,272,252,273,-1,273,252,250,-1,273,250,274,-1,274,250,248,-1,274,248,269,-1,256,270,275,-1,256,275,258,-1,258,275,276,-1,258,276,259,-1,259,276,277,-1,259,277,225,-1,225,277,278,-1,225,278,227,-1,229,227,279,-1,279,227,278,-1,261,231,280,-1,280,231,229,-1,280,229,279,-1,226,228,281,-1,281,228,282,-1,228,230,282,-1,282,230,283,-1,230,232,283,-1,283,232,284,-1,240,285,286,-1,240,286,238,-1,238,286,287,-1,238,287,236,-1,236,287,288,-1,236,288,234,-1,234,288,284,-1,234,284,232,-1,247,289,290,-1,247,290,245,-1,245,290,291,-1,245,291,243,-1,243,291,292,-1,243,292,241,-1,241,292,285,-1,241,285,240,-1,255,293,294,-1,255,294,253,-1,253,294,295,-1,253,295,251,-1,251,295,296,-1,251,296,249,-1,249,296,289,-1,249,289,247,-1,226,281,297,-1,226,297,224,-1,224,297,298,-1,224,298,257,-1,257,298,293,-1,257,293,255,-1,
        ]
    }
}
Shape{
    appearance Appearance {
        material  Material 	{
            diffuseColor 0.7529411764705882 0.7529411764705882 0.7529411764705882
            specularColor 0.3764705882352941 0.3764705882352941 0.3764705882352941
            ambientIntensity 0.7529
            transparency 0.0
            shininess 0.5
        }
    }
    geometry IndexedFaceSet {
        ccw TRUE
        solid FALSE
        coord DEF co Coordinate {
            point [
                -0.3347 0.622 2.0801, -0.3347 0.622 2.0184, -0.3468 0.622 2.0801, -0.3463 0.622 2.0184, -0.3557 0.622 2.0193, -0.3628 0.622 2.0217, -0.3682 0.622 2.0251, -0.3701 0.622 2.0268, -0.3743 0.622 2.032, -0.377 0.622 2.038, -0.3784 0.622 2.0455, -0.3786 0.622 2.0501, -0.3777 0.622 2.059, -0.3756 0.622 2.0652, -0.3726 0.622 2.0698, -0.3699 0.622 2.0726, -0.3569 0.622 2.079, -0.3639 0.622 2.0766
            ]
        }
        coordIndex [
            0,1,2,-1,2,1,3,-1,2,3,4,-1,4,5,2,-1,2,5,6,-1,2,6,7,-1,7,8,2,-1,2,8,9,-1,2,9,10,-1,10,11,2,-1,2,11,12,-1,2,12,13,-1,13,14,2,-1,2,14,15,-1,2,15,16,-1,16,15,17,-1,
        ]
    }
}
Shape{
    appearance Appearance {
        material  Material 	{
            diffuseColor 0.0 0.0 0.0
            specularColor 0.0 0.0 0.0
            ambientIntensity 0.0
            transparency 0.0
            shininess 0.5
        }
    }
    geometry IndexedFaceSet {
        ccw TRUE
        solid FALSE
        coord DEF co Coordinate {
            point [
                -0.4163 0.626 2.0402, -0.4283 0.626 2.0735, -0.4245 0.626 2.0893, -0.394 0.626 2.0093, -0.4054 0.626 2.0093, -0.4131 0.626 2.0312, -0.429 0.626 2.0759, -0.4296 0.626 2.0791, -0.4355 0.626 2.0893, -0.4299 0.626 2.0791, -0.4305 0.626 2.0757, -0.4311 0.626 2.0735, -0.4432 0.626 2.0402, -0.466 0.626 2.0093, -0.4546 0.626 2.0093, -0.4464 0.626 2.0312, -0.466 0.622 2.0093, -0.4396 0.622 2.0786, -0.4355 0.622 2.0893, -0.4245 0.622 2.0893, -0.394 0.622 2.0093, -0.4203 0.622 2.0786, -0.4054 0.622 2.0093, -0.4131 0.622 2.0312, -0.4464 0.622 2.0312, -0.4546 0.622 2.0093, -0.4163 0.622 2.0402, -0.4432 0.622 2.0402, -0.4311 0.622 2.0735, -0.4299 0.622 2.0791, -0.4305 0.622 2.0757, -0.4296 0.622 2.0791, -0.4283 0.622 2.0735, -0.429 0.622 2.0759
            ]
        }
        coordIndex [
            0,1,2,-1,3,4,5,-1,1,6,2,-1,2,6,7,-1,2,7,8,-1,8,7,9,-1,8,9,10,-1,10,11,8,-1,8,11,12,-1,8,12,13,-1,14,13,15,-1,15,13,12,-1,15,12,5,-1,5,12,0,-1,5,0,3,-1,3,0,2,-1,13,16,8,-1,8,16,17,-1,8,17,18,-1,2,8,19,-1,19,8,18,-1,20,3,21,-1,21,3,2,-1,21,2,19,-1,4,3,22,-1,22,3,20,-1,5,4,23,-1,23,4,22,-1,15,5,24,-1,24,5,23,-1,14,15,25,-1,25,15,24,-1,13,14,16,-1,16,14,25,-1,0,12,26,-1,26,12,27,-1,12,11,27,-1,27,11,28,-1,9,29,30,-1,9,30,10,-1,10,30,28,-1,10,28,11,-1,9,7,29,-1,29,7,31,-1,1,32,33,-1,1,33,6,-1,6,33,31,-1,6,31,7,-1,1,0,32,-1,32,0,26,-1,
        ]
    }
}
Shape{
    appearance Appearance {
        material  Material 	{
            diffuseColor 0.7529411764705882 0.7529411764705882 0.7529411764705882
            specularColor 0.3764705882352941 0.3764705882352941 0.3764705882352941
            ambientIntensity 0.7529
            transparency 0.0
            shininess 0.5
        }
    }
    geometry IndexedFaceSet {
        ccw TRUE
        solid FALSE
        coord DEF co Coordinate {
            point [
                -0.4299 0.622 2.0791, -0.4296 0.622 2.0791, -0.4305 0.622 2.0757, -0.429 0.622 2.0759, -0.4311 0.622 2.0735, -0.4283 0.622 2.0735, -0.4432 0.622 2.0402, -0.4163 0.622 2.0402
            ]
        }
        coordIndex [
            0,1,2,-1,2,1,3,-1,2,3,4,-1,4,3,5,-1,4,5,6,-1,6,5,7,-1,
        ]
    }
}
Shape{
    appearance Appearance {
        material  Material 	{
            diffuseColor 0.0 0.0 0.0
            specularColor 0.0 0.0 0.0
            ambientIntensity 0.0
            transparency 0.0
            shininess 0.5
        }
    }
    geometry IndexedFaceSet {
        ccw TRUE
        solid FALSE
        coord DEF co Coordinate {
            point [
                0.3092 0.626 1.9979, 0.3007 0.626 1.9875, 0.3144 0.626 2.0483, 0.1242 0.626 2.0762, 0.1419 0.626 2.1063, 0.2182 0.626 2.0665, 0.2567 0.626 2.0495, 0.2514 0.626 2.0476, 0.3243 0.626 2.1472, 0.3117 0.626 2.1539, 0.3146 0.626 2.189, 0.2791 0.626 2.1906, 0.2614 0.626 2.149, 0.2527 0.626 2.1671, 0.3268 0.626 2.0559, 0.3222 0.626 2.0123, 0.3149 0.626 2.0101, 0.2922 0.626 2.1917, 0.2468 0.626 2.0445, 0.2431 0.626 2.0404, 0.2039 0.626 2.0341, 0.267 0.626 2.0493, 0.2745 0.626 2.0842, 0.272 0.626 2.0473, 0.287 0.626 2.0794, 0.2764 0.626 2.0441, 0.2987 0.626 2.0713, 0.2787 0.626 2.0418, 0.3081 0.626 2.0605, 0.2816 0.626 2.0371, 0.2833 0.626 2.0317, 0.2836 0.626 2.0262, 0.2402 0.626 2.082, 0.254 0.626 2.0854, 0.2609 0.626 2.0859, 0.1054 0.626 2.1325, 0.1009 0.626 2.1325, 0.0775 0.626 2.1633, 0.09 0.626 2.1312, 0.0748 0.626 2.1623, 0.0801 0.626 2.1274, 0.0578 0.626 2.1539, 0.0424 0.626 2.1409, 0.2674 0.626 2.2042, 0.2399 0.626 2.1823, 0.254 0.626 2.2157, 0.2247 0.626 2.1935, 0.2401 0.626 2.2243, 0.2976 0.626 2.1573, 0.2916 0.626 2.1576, 0.2856 0.626 2.1914, 0.2781 0.626 2.1559, 0.2654 0.626 2.1512, 0.2407 0.626 2.0357, 0.2394 0.626 2.0304, 0.2039 0.626 2.0284, 0.2394 0.626 2.0252, 0.2042 0.626 2.0224, 0.0422 0.626 2.0346, 0.0687 0.626 2.0573, 0.0577 0.626 2.0215, 0.0772 0.626 2.0504, 0.0751 0.626 2.013, 0.0872 0.626 2.0457, 0.0941 0.626 2.009, 0.0975 0.626 2.0437, 0.1276 0.626 2.009, 0.1231 0.626 2.0437, 0.1308 0.626 2.0095, 0.2614 0.626 2.05, 0.2281 0.626 2.0756, 0.0713 0.626 2.1212, 0.0648 0.626 2.1139, 0.0308 0.626 2.1247, 0.0595 0.626 2.1041, 0.0238 0.626 2.1073, 0.0568 0.626 2.0932, 0.0212 0.626 2.0887, 0.0565 0.626 2.0881, 0.0238 0.626 2.0684, 0.0579 0.626 2.077, 0.0309 0.626 2.0504, 0.0618 0.626 2.0669, 0.068 0.626 2.058, 0.1083 0.626 2.2083, 0.1306 0.626 2.1821, 0.0894 0.626 2.1864, 0.1178 0.626 2.1668, 0.109 0.626 2.1485, 0.3468 0.626 2.1145, 0.3842 0.626 2.105, 0.3485 0.626 2.1007, 0.3844 0.626 2.0995, 0.3478 0.626 2.0918, 0.3816 0.626 2.0772, 0.3437 0.626 2.0779, 0.3735 0.626 2.056, 0.337 0.626 2.0664, 0.3605 0.626 2.0375, 0.3427 0.626 2.0223, 0.2825 0.626 2.0208, 0.2803 0.626 2.016, 0.2139 0.626 2.2344, 0.2061 0.626 2.201, 0.1857 0.626 2.2379, 0.1851 0.626 2.2037, 0.1622 0.626 2.2354, 0.1658 0.626 2.2013, 0.1337 0.626 2.2253, 0.148 0.626 2.1945, 0.132 0.626 2.1834, 0.3357 0.626 2.1808, 0.3538 0.626 2.168, 0.334 0.626 2.1385, 0.3576 0.626 2.1644, 0.3419 0.626 2.1272, 0.3713 0.626 2.1469, 0.3804 0.626 2.1264, 0.2076 0.626 2.0083, 0.2407 0.626 2.0198, 0.2143 0.626 1.9956, 0.2434 0.626 2.0149, 0.223 0.626 1.9859, 0.2465 0.626 2.0114, 0.2344 0.626 1.978, 0.2508 0.626 2.0083, 0.247 0.626 1.9731, 0.2557 0.626 2.0063, 0.2609 0.626 1.9714, 0.2614 0.626 2.0056, 0.263 0.626 1.9715, 0.2624 0.626 2.0056, 0.2765 0.626 1.9736, 0.2675 0.626 2.0064, 0.2896 0.626 1.9791, 0.2727 0.626 2.0087, 0.277 0.626 2.012, 0.1259 0.626 2.0443, 0.1396 0.626 2.015, 0.1383 0.626 2.0136, 0.1242 0.626 2.0439, 0.1346 0.626 2.011, 0.1442 0.626 2.0267, 0.1436 0.626 2.0224, 0.1421 0.626 2.0185, 0.1309 0.626 2.0437, 0.1348 0.626 2.0422, 0.144 0.626 2.0289, 0.1383 0.626 2.0397, 0.1407 0.626 2.0371, 0.1429 0.626 2.0332, 0.1265 0.626 2.0443, 0.0212 0.622 2.0887, 0.0238 0.622 2.1073, 0.0257 0.622 2.1122, 0.0308 0.622 2.1247, 0.0424 0.622 2.1409, 0.0578 0.622 2.1539, 0.0748 0.622 2.1623, 0.0775 0.622 2.1633, 0.0894 0.622 2.1864, 0.1083 0.622 2.2083, 0.1214 0.622 2.217, 0.1337 0.622 2.2253, 0.1622 0.622 2.2354, 0.1857 0.622 2.2379, 0.2139 0.622 2.2344, 0.2401 0.622 2.2243, 0.2518 0.622 2.217, 0.254 0.622 2.2157, 0.2674 0.622 2.2042, 0.2791 0.622 2.1906, 0.2856 0.622 2.1914, 0.2922 0.622 2.1917, 0.3146 0.622 2.189, 0.3357 0.622 2.1808, 0.3538 0.622 2.168, 0.3576 0.622 2.1644, 0.3804 0.622 2.1264, 0.3713 0.622 2.1469, 0.3829 0.622 2.1122, 0.3842 0.622 2.105, 0.3844 0.622 2.0995, 0.3818 0.622 2.0786, 0.3816 0.622 2.0772, 0.3735 0.622 2.056, 0.3605 0.622 2.0375, 0.3427 0.622 2.0223, 0.3222 0.622 2.0123, 0.3149 0.622 2.0101, 0.3142 0.622 2.0086, 0.3092 0.622 1.9979, 0.3007 0.622 1.9875, 0.2896 0.622 1.9791, 0.2765 0.622 1.9736, 0.263 0.622 1.9715, 0.2609 0.622 1.9714, 0.2039 0.622 2.0284, 0.247 0.622 1.9731, 0.2344 0.622 1.978, 0.223 0.622 1.9859, 0.2143 0.622 1.9956, 0.2076 0.622 2.0083, 0.2075 0.622 2.0086, 0.2042 0.622 2.0224, 0.2039 0.622 2.0341, 0.1242 0.622 2.0762, 0.1419 0.622 2.1063, 0.1256 0.622 2.0786, 0.2182 0.622 2.0665, 0.1951 0.622 2.0786, 0.2281 0.622 2.0756, 0.2337 0.622 2.0786, 0.2402 0.622 2.082, 0.254 0.622 2.0854, 0.2609 0.622 2.0859, 0.2745 0.622 2.0842, 0.287 0.622 2.0794, 0.2882 0.622 2.0786, 0.2987 0.622 2.0713, 0.3081 0.622 2.0605, 0.3144 0.622 2.0483, 0.3485 0.622 2.1007, 0.3268 0.622 2.0559, 0.337 0.622 2.0664, 0.3437 0.622 2.0779, 0.3439 0.622 2.0786, 0.3478 0.622 2.0918, 0.3471 0.622 2.1122, 0.3468 0.622 2.1145, 0.3419 0.622 2.1272, 0.334 0.622 2.1385, 0.3243 0.622 2.1472, 0.3117 0.622 2.1539, 0.2976 0.622 2.1573, 0.2916 0.622 2.1576, 0.2781 0.622 2.1559, 0.2654 0.622 2.1512, 0.2614 0.622 2.149, 0.2527 0.622 2.1671, 0.2399 0.622 2.1823, 0.2247 0.622 2.1935, 0.2061 0.622 2.201, 0.1851 0.622 2.2037, 0.1658 0.622 2.2013, 0.148 0.622 2.1945, 0.132 0.622 2.1834, 0.1306 0.622 2.1821, 0.1178 0.622 2.1668, 0.109 0.622 2.1485, 0.1054 0.622 2.1325, 0.1009 0.622 2.1325, 0.09 0.622 2.1312, 0.0801 0.622 2.1274, 0.0713 0.622 2.1212, 0.0648 0.622 2.1139, 0.0638 0.622 2.1122, 0.0595 0.622 2.1041, 0.0568 0.622 2.0932, 0.0565 0.622 2.0881, 0.0577 0.622 2.0786, 0.0579 0.622 2.077, 0.0618 0.622 2.0669, 0.068 0.622 2.058, 0.0687 0.622 2.0573, 0.0772 0.622 2.0504, 0.0872 0.622 2.0457, 0.0975 0.622 2.0437, 0.1231 0.622 2.0437, 0.1242 0.622 2.0439, 0.1259 0.622 2.0443, 0.1265 0.622 2.0443, 0.1309 0.622 2.0437, 0.1348 0.622 2.0422, 0.1383 0.622 2.0397, 0.1407 0.622 2.0371, 0.1429 0.622 2.0332, 0.144 0.622 2.0289, 0.1442 0.622 2.0267, 0.1436 0.622 2.0224, 0.1421 0.622 2.0185, 0.1396 0.622 2.015, 0.1383 0.622 2.0136, 0.1346 0.622 2.011, 0.1308 0.622 2.0095, 0.1276 0.622 2.009, 0.0941 0.622 2.009, 0.0751 0.622 2.013, 0.0577 0.622 2.0215, 0.0422 0.622 2.0346, 0.0309 0.622 2.0504, 0.0238 0.622 2.0684, 0.0225 0.622 2.0786, 0.2614 0.622 2.05, 0.2567 0.622 2.0495, 0.2514 0.622 2.0476, 0.2468 0.622 2.0445, 0.2431 0.622 2.0404, 0.2407 0.622 2.0357, 0.2394 0.622 2.0304, 0.2394 0.622 2.0252, 0.2407 0.622 2.0198, 0.2434 0.622 2.0149, 0.2465 0.622 2.0114, 0.2508 0.622 2.0083, 0.2557 0.622 2.0063, 0.2614 0.622 2.0056, 0.2624 0.622 2.0056, 0.2675 0.622 2.0064, 0.2727 0.622 2.0087, 0.277 0.622 2.012, 0.2803 0.622 2.016, 0.2825 0.622 2.0208, 0.2836 0.622 2.0262, 0.2833 0.622 2.0317, 0.2816 0.622 2.0371, 0.2787 0.622 2.0418, 0.2764 0.622 2.0441, 0.272 0.622 2.0473, 0.267 0.622 2.0493
            ]
        }
        coordIndex [
            0,1,2,-1,3,4,5,-1,6,7,3,-1,8,9,10,-1,11,12,13,-1,14,15,2,-1,2,15,16,-1,2,16,0,-1,10,9,17,-1,7,18,3,-1,3,18,19,-1,3,19,20,-1,21,22,23,-1,23,22,24,-1,23,24,25,-1,25,24,26,-1,25,26,27,-1,27,26,28,-1,27,28,29,-1,29,28,2,-1,29,2,30,-1,30,2,31,-1,32,33,21,-1,21,33,34,-1,21,34,22,-1,35,36,37,-1,37,36,38,-1,37,38,39,-1,39,38,40,-1,39,40,41,-1,41,40,42,-1,11,13,43,-1,43,13,44,-1,43,44,45,-1,45,44,46,-1,45,46,47,-1,9,48,17,-1,17,48,49,-1,17,49,50,-1,50,49,51,-1,50,51,11,-1,11,51,52,-1,11,52,12,-1,19,53,20,-1,20,53,54,-1,20,54,55,-1,55,54,56,-1,55,56,57,-1,58,59,60,-1,60,59,61,-1,60,61,62,-1,62,61,63,-1,62,63,64,-1,64,63,65,-1,64,65,66,-1,66,65,67,-1,66,67,68,-1,6,3,69,-1,69,3,5,-1,69,5,21,-1,21,5,70,-1,21,70,32,-1,40,71,42,-1,42,71,72,-1,42,72,73,-1,73,72,74,-1,73,74,75,-1,75,74,76,-1,75,76,77,-1,77,76,78,-1,77,78,79,-1,79,78,80,-1,79,80,81,-1,81,80,82,-1,81,82,58,-1,58,82,83,-1,58,83,59,-1,84,85,86,-1,86,85,87,-1,86,87,37,-1,37,87,88,-1,37,88,35,-1,89,90,91,-1,91,90,92,-1,91,92,93,-1,93,92,94,-1,93,94,95,-1,95,94,96,-1,95,96,97,-1,97,96,98,-1,97,98,14,-1,14,98,99,-1,14,99,15,-1,31,2,100,-1,100,2,1,-1,100,1,101,-1,47,46,102,-1,102,46,103,-1,102,103,104,-1,104,103,105,-1,104,105,106,-1,106,105,107,-1,106,107,108,-1,108,107,109,-1,108,109,84,-1,84,109,110,-1,84,110,85,-1,10,111,8,-1,8,111,112,-1,8,112,113,-1,113,112,114,-1,113,114,115,-1,115,114,116,-1,115,116,89,-1,89,116,117,-1,89,117,90,-1,57,56,118,-1,118,56,119,-1,118,119,120,-1,120,119,121,-1,120,121,122,-1,122,121,123,-1,122,123,124,-1,124,123,125,-1,124,125,126,-1,126,125,127,-1,126,127,128,-1,128,127,129,-1,128,129,130,-1,130,129,131,-1,130,131,132,-1,132,131,133,-1,132,133,134,-1,134,133,135,-1,134,135,1,-1,1,135,136,-1,1,136,101,-1,137,138,139,-1,67,140,68,-1,68,140,137,-1,68,137,141,-1,141,137,139,-1,142,143,137,-1,137,143,144,-1,137,144,138,-1,145,146,147,-1,146,148,147,-1,147,148,149,-1,147,149,150,-1,142,137,147,-1,147,137,151,-1,147,151,145,-1,77,152,153,-1,77,153,75,-1,75,153,154,-1,75,154,73,-1,154,155,73,-1,73,155,156,-1,73,156,42,-1,42,156,157,-1,42,157,41,-1,41,157,158,-1,41,158,39,-1,39,158,159,-1,39,159,37,-1,37,159,160,-1,37,160,86,-1,86,160,161,-1,86,161,84,-1,108,84,162,-1,162,84,161,-1,162,163,108,-1,108,163,164,-1,108,164,106,-1,106,164,165,-1,106,165,104,-1,104,165,166,-1,104,166,102,-1,102,166,167,-1,102,167,47,-1,47,167,45,-1,45,167,168,-1,45,168,169,-1,45,169,170,-1,45,170,43,-1,43,170,171,-1,43,171,11,-1,11,171,172,-1,11,172,50,-1,50,172,173,-1,50,173,17,-1,17,173,174,-1,17,174,10,-1,10,174,175,-1,10,175,111,-1,111,175,176,-1,111,176,112,-1,112,176,177,-1,112,177,114,-1,178,116,179,-1,179,116,114,-1,179,114,177,-1,180,90,178,-1,178,90,117,-1,178,117,116,-1,180,181,90,-1,90,181,182,-1,90,182,92,-1,182,183,92,-1,92,183,94,-1,183,184,94,-1,94,184,185,-1,94,185,96,-1,96,185,186,-1,96,186,98,-1,98,186,187,-1,98,187,99,-1,99,187,188,-1,99,188,15,-1,15,188,189,-1,15,189,16,-1,16,189,190,-1,16,190,0,-1,190,191,0,-1,0,191,192,-1,0,192,1,-1,1,192,193,-1,1,193,134,-1,134,193,194,-1,134,194,132,-1,132,194,195,-1,132,195,130,-1,130,195,196,-1,130,196,128,-1,197,55,57,-1,128,196,198,-1,128,198,126,-1,126,198,199,-1,126,199,124,-1,124,199,200,-1,124,200,122,-1,122,200,201,-1,122,201,120,-1,120,201,202,-1,120,202,118,-1,118,202,203,-1,118,203,57,-1,57,203,204,-1,57,204,197,-1,20,55,205,-1,205,55,197,-1,3,20,206,-1,206,20,205,-1,207,4,208,-1,208,4,3,-1,208,3,206,-1,209,5,210,-1,210,5,4,-1,210,4,207,-1,5,209,211,-1,5,211,70,-1,70,211,212,-1,70,212,32,-1,212,213,32,-1,32,213,214,-1,32,214,33,-1,33,214,215,-1,33,215,34,-1,34,215,216,-1,34,216,22,-1,22,216,217,-1,22,217,24,-1,24,217,218,-1,24,218,26,-1,218,219,26,-1,26,219,220,-1,26,220,28,-1,28,220,221,-1,28,221,2,-1,222,91,93,-1,2,221,223,-1,2,223,14,-1,14,223,224,-1,14,224,97,-1,97,224,225,-1,97,225,95,-1,95,225,226,-1,95,226,93,-1,93,226,227,-1,93,227,222,-1,91,222,89,-1,89,222,228,-1,228,229,89,-1,89,229,230,-1,89,230,115,-1,115,230,231,-1,115,231,113,-1,113,231,232,-1,113,232,8,-1,8,232,233,-1,8,233,9,-1,9,233,234,-1,9,234,48,-1,48,234,235,-1,48,235,49,-1,49,235,236,-1,49,236,51,-1,51,236,237,-1,51,237,52,-1,52,237,238,-1,52,238,12,-1,12,238,239,-1,12,239,13,-1,13,239,240,-1,13,240,44,-1,44,240,241,-1,44,241,46,-1,46,241,242,-1,46,242,103,-1,103,242,243,-1,103,243,105,-1,105,243,244,-1,105,244,107,-1,107,244,245,-1,107,245,109,-1,109,245,246,-1,109,246,110,-1,110,246,247,-1,110,247,85,-1,85,247,248,-1,85,248,87,-1,87,248,249,-1,87,249,88,-1,88,249,250,-1,88,250,35,-1,36,35,251,-1,251,35,250,-1,36,251,252,-1,36,252,38,-1,38,252,253,-1,38,253,40,-1,40,253,254,-1,40,254,71,-1,71,254,255,-1,71,255,72,-1,72,255,256,-1,72,256,74,-1,256,257,74,-1,74,257,258,-1,74,258,76,-1,76,258,259,-1,76,259,78,-1,259,260,78,-1,78,260,80,-1,260,261,80,-1,80,261,262,-1,80,262,82,-1,82,262,263,-1,82,263,83,-1,83,263,264,-1,83,264,59,-1,59,264,265,-1,59,265,61,-1,61,265,266,-1,61,266,63,-1,63,266,267,-1,63,267,65,-1,67,65,268,-1,268,65,267,-1,67,268,269,-1,67,269,140,-1,140,269,270,-1,140,270,137,-1,137,270,271,-1,137,271,151,-1,151,271,272,-1,151,272,145,-1,145,272,273,-1,145,273,146,-1,146,273,274,-1,146,274,148,-1,148,274,275,-1,148,275,149,-1,149,275,276,-1,149,276,150,-1,150,276,277,-1,150,277,147,-1,147,277,278,-1,147,278,142,-1,142,278,279,-1,142,279,143,-1,143,279,280,-1,143,280,144,-1,144,280,281,-1,144,281,138,-1,138,281,282,-1,138,282,139,-1,139,282,283,-1,139,283,141,-1,141,283,284,-1,141,284,68,-1,68,284,285,-1,68,285,66,-1,64,66,286,-1,286,66,285,-1,64,286,287,-1,64,287,62,-1,62,287,288,-1,62,288,60,-1,60,288,289,-1,60,289,58,-1,58,289,290,-1,58,290,81,-1,81,290,291,-1,81,291,79,-1,79,291,77,-1,77,291,292,-1,77,292,152,-1,69,293,294,-1,69,294,6,-1,6,294,295,-1,6,295,7,-1,7,295,296,-1,7,296,18,-1,18,296,297,-1,18,297,19,-1,19,297,298,-1,19,298,53,-1,53,298,299,-1,53,299,54,-1,54,299,300,-1,54,300,56,-1,56,300,301,-1,56,301,119,-1,119,301,302,-1,119,302,121,-1,121,302,303,-1,121,303,123,-1,123,303,304,-1,123,304,125,-1,125,304,305,-1,125,305,127,-1,127,305,306,-1,127,306,129,-1,129,306,307,-1,129,307,131,-1,131,307,308,-1,131,308,133,-1,133,308,309,-1,133,309,135,-1,135,309,310,-1,135,310,136,-1,136,310,311,-1,136,311,101,-1,101,311,312,-1,101,312,100,-1,100,312,313,-1,100,313,31,-1,31,313,314,-1,31,314,30,-1,30,314,315,-1,30,315,29,-1,29,315,316,-1,29,316,27,-1,27,316,317,-1,27,317,25,-1,25,317,318,-1,25,318,23,-1,23,318,319,-1,23,319,21,-1,21,319,293,-1,21,293,69,-1,
        ]
    }
}
Shape{
    appearance Appearance {
        material  Material 	{
            diffuseColor 0.7529411764705882 0.7529411764705882 0.7529411764705882
            specularColor 0.3764705882352941 0.3764705882352941 0.3764705882352941
            ambientIntensity 0.7529
            transparency 0.0
            shininess 0.5
        }
    }
    geometry IndexedFaceSet {
        ccw TRUE
        solid FALSE
        coord DEF co Coordinate {
            point [
                0.2624 0.622 2.0056, 0.2764 0.622 2.0441, 0.2787 0.622 2.0418, 0.2557 0.622 2.0063, 0.2508 0.622 2.0083, 0.2567 0.622 2.0495, 0.2614 0.622 2.05, 0.267 0.622 2.0493, 0.272 0.622 2.0473, 0.2825 0.622 2.0208, 0.2803 0.622 2.016, 0.277 0.622 2.012, 0.2614 0.622 2.0056, 0.2816 0.622 2.0371, 0.2833 0.622 2.0317, 0.2836 0.622 2.0262, 0.2727 0.622 2.0087, 0.2675 0.622 2.0064, 0.2465 0.622 2.0114, 0.2434 0.622 2.0149, 0.2407 0.622 2.0198, 0.2394 0.622 2.0252, 0.2394 0.622 2.0304, 0.2407 0.622 2.0357, 0.2431 0.622 2.0404, 0.2468 0.622 2.0445, 0.2514 0.622 2.0476
            ]
        }
        coordIndex [
            0,1,2,-1,3,4,5,-1,6,7,0,-1,0,7,8,-1,0,8,1,-1,9,10,2,-1,2,10,11,-1,6,0,5,-1,5,0,12,-1,5,12,3,-1,13,14,2,-1,2,14,15,-1,2,15,9,-1,11,16,2,-1,2,16,17,-1,2,17,0,-1,4,18,5,-1,5,18,19,-1,5,19,20,-1,20,21,5,-1,5,21,22,-1,5,22,23,-1,23,24,5,-1,5,24,25,-1,5,25,26,-1,
        ]
    }
}
Shape{
    appearance Appearance {
        material  Material 	{
            diffuseColor 0.25098039215686274 0.25098039215686274 0.25098039215686274
            specularColor 0.12549019607843137 0.12549019607843137 0.12549019607843137
            ambientIntensity 0.251
            transparency 0.0
            shininess 0.5
        }
    }
    geometry IndexedFaceSet {
        ccw TRUE
        solid FALSE
        coord DEF co Coordinate {
            point [
                -1.6328 0.2285 1.7717, -1.6417 0.1496 1.7717, -1.3681 0.4567 1.7717, -1.0335 0.2205 1.7717, -1.0335 0.1969 1.7717, -0.935 0.1969 1.7717, 1.6328 -0.2285 1.7717, 1.6417 -0.1496 1.7717, 1.3681 -0.4567 1.7717, -0.935 0.2205 1.7717, -0.8366 0.2205 1.7717, 1.3681 0.4567 1.7717, -1.3681 0.4946 1.7717, -1.4411 0.4688 1.7717, -1.5083 0.4266 1.7717, -1.3681 -0.4567 1.7717, 1.0335 -0.2205 1.7717, 1.1319 -0.2205 1.7717, 1.3681 -0.4946 1.7717, 1.4411 -0.4688 1.7717, 1.5083 -0.4266 1.7717, -1.5644 0.3705 1.7717, -1.6066 0.3033 1.7717, -0.6398 0.2205 1.7717, -0.7382 0.2205 1.7717, -0.7382 0.1969 1.7717, -0.8366 0.1969 1.7717, 1.2622 -0.1796 1.7717, 1.25 -0.1889 1.7717, 1.5644 -0.3705 1.7717, 1.6066 -0.3033 1.7717, 1.2716 -0.1673 1.7717, 1.2775 -0.1531 1.7717, 0.8366 -0.2205 1.7717, 0.8366 -0.1969 1.7717, 0.7382 -0.1969 1.7717, -0.4429 0.2205 1.7717, -0.4429 0.1969 1.7717, -0.3445 0.1969 1.7717, 0.7382 -0.2205 1.7717, 0.6398 -0.2205 1.7717, -0.3445 0.2205 1.7717, -0.2461 0.2205 1.7717, 1.1319 -0.1969 1.7717, 1.2205 -0.1969 1.7717, 1.2358 -0.1948 1.7717, 0.935 -0.2205 1.7717, 0.935 -0.1969 1.7717, 1.0335 -0.1969 1.7717, -0.5413 0.2205 1.7717, -0.5413 0.1969 1.7717, -0.6398 0.1969 1.7717, 0.4429 -0.2205 1.7717, 0.4429 -0.1969 1.7717, 0.3445 -0.1969 1.7717, -0.0492 0.2205 1.7717, -0.0492 0.1969 1.7717, 0.0492 0.1969 1.7717, 0.3445 -0.2205 1.7717, 0.2461 -0.2205 1.7717, 0.0492 0.2205 1.7717, 0.1476 0.2205 1.7717, 0.5413 -0.2205 1.7717, 0.5413 -0.1969 1.7717, 0.6398 -0.1969 1.7717, -0.1476 0.2205 1.7717, -0.1476 0.1969 1.7717, -0.2461 0.1969 1.7717, 0.0492 -0.2205 1.7717, 0.0492 -0.1969 1.7717, -0.0492 -0.1969 1.7717, 0.3445 0.2205 1.7717, 0.3445 0.1969 1.7717, 0.4429 0.1969 1.7717, -0.0492 -0.2205 1.7717, -0.1476 -0.2205 1.7717, 0.4429 0.2205 1.7717, 0.5413 0.2205 1.7717, 0.1476 -0.2205 1.7717, 0.1476 -0.1969 1.7717, 0.2461 -0.1969 1.7717, 0.2461 0.2205 1.7717, 0.2461 0.1969 1.7717, 0.1476 0.1969 1.7717, -0.3445 -0.2205 1.7717, -0.3445 -0.1969 1.7717, -0.4429 -0.1969 1.7717, 0.935 0.2205 1.7717, 0.935 0.1969 1.7717, 1.0335 0.1969 1.7717, -0.4429 -0.2205 1.7717, -0.5413 -0.2205 1.7717, -0.2461 -0.2205 1.7717, -0.2461 -0.1969 1.7717, -0.1476 -0.1969 1.7717, 1.0335 0.2205 1.7717, 0.8366 0.2205 1.7717, 0.8366 0.1969 1.7717, 0.5413 0.1969 1.7717, -0.935 -0.2205 1.7717, -0.935 -0.1969 1.7717, -1.0335 -0.1969 1.7717, 1.538 0.4002 1.7717, 1.4646 0.4565 1.7717, 1.3791 0.4919 1.7717, 1.3681 0.4946 1.7717, -1.0335 -0.2205 1.7717, -0.8366 -0.2205 1.7717, -0.8366 -0.1969 1.7717, -0.5413 -0.1969 1.7717, -1.2205 0.1969 1.7717, -1.1319 0.1969 1.7717, -1.1319 0.2205 1.7717, 1.1319 0.2205 1.7717, 1.1319 0.1969 1.7717, 1.2205 0.1969 1.7717, 1.2358 0.1948 1.7717, 1.25 0.1889 1.7717, 1.2622 0.1796 1.7717, 1.5943 0.3268 1.7717, 1.2716 0.1673 1.7717, 1.6297 0.2413 1.7717, 1.2775 0.1531 1.7717, 1.6417 0.1496 1.7717, 1.2795 0.1378 1.7717, 1.2795 -0.1378 1.7717, -1.538 -0.4002 1.7717, -1.4646 -0.4565 1.7717, -1.3791 -0.4919 1.7717, -1.3681 -0.4946 1.7717, -1.2622 0.1796 1.7717, -1.25 0.1889 1.7717, -1.2358 0.1948 1.7717, -1.2716 0.1673 1.7717, -1.2775 0.1531 1.7717, -1.1319 -0.2205 1.7717, -1.1319 -0.1969 1.7717, -1.2205 -0.1969 1.7717, -1.2358 -0.1948 1.7717, -1.25 -0.1889 1.7717, -1.2622 -0.1796 1.7717, -1.5943 -0.3268 1.7717, -1.2716 -0.1673 1.7717, -1.6297 -0.2413 1.7717, -1.2775 -0.1531 1.7717, -1.6417 -0.1496 1.7717, -1.2795 -0.1378 1.7717, -1.2795 0.1378 1.7717, 1.2402 -0.1378 3.7402, 1.2402 0.1378 3.7402, -1.2402 -0.1378 3.7402, -1.2395 0.1429 3.7402, -1.2402 0.1378 3.7402, -1.2205 0.1575 3.7402, 1.2205 0.1575 3.7402, -1.2256 0.1568 3.7402, -1.2303 0.1548 3.7402, -1.2344 0.1517 3.7402, -1.2303 -0.1548 3.7402, -1.2344 -0.1517 3.7402, -1.2395 -0.1429 3.7402, -1.2375 -0.1476 3.7402, -1.2256 -0.1568 3.7402, -1.2205 -0.1575 3.7402, 1.2205 -0.1575 3.7402, 1.2344 0.1517 3.7402, 1.2375 0.1476 3.7402, 1.2395 0.1429 3.7402, 1.2303 0.1548 3.7402, 1.2256 0.1568 3.7402, -1.2375 0.1476 3.7402, 1.2303 -0.1548 3.7402, 1.2344 -0.1517 3.7402, 1.2375 -0.1476 3.7402, 1.2256 -0.1568 3.7402, 1.2395 -0.1429 3.7402, 1.2205 0.1969 3.7008, -1.2205 0.1969 3.7008, -1.2205 0.1955 3.711, 1.2205 0.1955 3.711, -1.2205 0.1916 3.7205, 1.2205 0.1916 3.7205, -1.2205 0.1853 3.7286, 1.2205 0.1853 3.7286, -1.2205 0.1772 3.7349, 1.2205 0.1772 3.7349, -1.2205 0.1677 3.7388, 1.2205 0.1677 3.7388, 1.2795 0.1378 3.7008, 1.2775 0.1531 3.7008, 1.2782 0.1378 3.711, 1.2762 0.1527 3.711, 1.2743 0.1378 3.7205, 1.2724 0.1517 3.7205, 1.268 0.1378 3.7286, 1.2664 0.1501 3.7286, 1.2598 0.1378 3.7349, 1.2585 0.148 3.7349, 1.2503 0.1378 3.7388, 1.2493 0.1455 3.7388, 1.2716 0.1673 3.7008, 1.2705 0.1667 3.711, 1.267 0.1647 3.7205, 1.2616 0.1616 3.7286, 1.2546 0.1575 3.7349, 1.2463 0.1527 3.7388, 1.2622 0.1796 3.7008, 1.2613 0.1786 3.711, 1.2585 0.1758 3.7205, 1.2541 0.1714 3.7286, 1.2483 0.1656 3.7349, 1.2416 0.1589 3.7388, 1.25 0.1889 3.7008, 1.2493 0.1878 3.711, 1.2474 0.1844 3.7205, 1.2442 0.179 3.7286, 1.2402 0.1719 3.7349, 1.2354 0.1637 3.7388, 1.2358 0.1948 3.7008, 1.2354 0.1935 3.711, 1.2344 0.1897 3.7205, 1.2328 0.1837 3.7286, 1.2307 0.1758 3.7349, 1.2282 0.1667 3.7388, -1.2358 0.1948 3.7008, -1.2354 0.1935 3.711, -1.2344 0.1897 3.7205, -1.2328 0.1837 3.7286, -1.2307 0.1758 3.7349, -1.2282 0.1667 3.7388, -1.25 0.1889 3.7008, -1.2493 0.1878 3.711, -1.2474 0.1844 3.7205, -1.2442 0.179 3.7286, -1.2402 0.1719 3.7349, -1.2354 0.1637 3.7388, -1.2622 0.1796 3.7008, -1.2613 0.1786 3.711, -1.2585 0.1758 3.7205, -1.2541 0.1714 3.7286, -1.2483 0.1656 3.7349, -1.2416 0.1589 3.7388, -1.2716 0.1673 3.7008, -1.2705 0.1667 3.711, -1.267 0.1647 3.7205, -1.2616 0.1616 3.7286, -1.2546 0.1575 3.7349, -1.2463 0.1527 3.7388, -1.2775 0.1531 3.7008, -1.2762 0.1527 3.711, -1.2724 0.1517 3.7205, -1.2664 0.1501 3.7286, -1.2585 0.148 3.7349, -1.2493 0.1455 3.7388, -1.2795 0.1378 3.7008, -1.2782 0.1378 3.711, -1.2743 0.1378 3.7205, -1.268 0.1378 3.7286, -1.2598 0.1378 3.7349, -1.2503 0.1378 3.7388, -1.2795 -0.1378 3.7008, -1.2785 -0.1378 3.7096, -1.2781 -0.1378 3.7109, -1.2756 -0.1378 3.7179, -1.2741 -0.1378 3.7204, -1.2709 -0.1378 3.7253, -1.2678 -0.1378 3.7285, -1.2647 -0.1378 3.7316, -1.2597 -0.1378 3.7347, -1.2572 -0.1378 3.7363, -1.2489 -0.1378 3.7392, -1.2503 -0.1378 3.7387, -1.2355 -0.1939 3.7096, -1.2358 -0.1948 3.7008, -1.2205 -0.1969 3.7008, -1.2775 -0.1531 3.7008, -1.2766 -0.1528 3.7096, -1.2737 -0.1521 3.7179, -1.2205 -0.1959 3.7096, -1.2205 -0.1954 3.7109, -1.2347 -0.1911 3.7179, -1.2692 -0.1509 3.7253, -1.2205 -0.193 3.7179, -1.2205 -0.1914 3.7204, -1.2335 -0.1865 3.7253, -1.2632 -0.1492 3.7316, -1.2205 -0.1883 3.7253, -1.2205 -0.1851 3.7285, -1.2319 -0.1805 3.7316, -1.256 -0.1473 3.7363, -1.2716 -0.1673 3.7008, -1.2708 -0.1668 3.7096, -1.2682 -0.1654 3.7179, -1.2642 -0.163 3.7253, -1.2588 -0.1599 3.7316, -1.2523 -0.1562 3.7363, -1.2622 -0.1796 3.7008, -1.2615 -0.1789 3.7096, -1.2595 -0.1768 3.7179, -1.2562 -0.1735 3.7253, -1.2517 -0.1691 3.7316, -1.2465 -0.1638 3.7363, -1.25 -0.1889 3.7008, -1.2495 -0.1881 3.7096, -1.2481 -0.1856 3.7179, -1.2457 -0.1815 3.7253, -1.2426 -0.1761 3.7316, -1.2389 -0.1696 3.7363, -1.23 -0.1733 3.7363, -1.2479 -0.1452 3.7392, -1.2205 -0.182 3.7316, -1.2205 -0.177 3.7347, -1.2205 -0.1746 3.7363, -1.2205 -0.1676 3.7387, -1.2451 -0.152 3.7392, -1.2406 -0.1579 3.7392, -1.2347 -0.1624 3.7392, -1.2278 -0.1653 3.7392, -1.2205 -0.1662 3.7392, 1.2205 -0.1662 3.7392, 1.2205 -0.1676 3.7387, 1.2205 -0.1746 3.7363, 1.2205 -0.177 3.7347, 1.2205 -0.182 3.7316, 1.2205 -0.1851 3.7285, 1.2205 -0.1883 3.7253, 1.2205 -0.1914 3.7204, 1.2205 -0.193 3.7179, 1.2205 -0.1954 3.7109, 1.2205 -0.1959 3.7096, 1.2205 -0.1969 3.7008, 1.2766 -0.1528 3.7096, 1.2775 -0.1531 3.7008, 1.2795 -0.1378 3.7008, 1.2358 -0.1948 3.7008, 1.2355 -0.1939 3.7096, 1.2347 -0.1911 3.7179, 1.2785 -0.1378 3.7096, 1.2781 -0.1378 3.7109, 1.2737 -0.1521 3.7179, 1.2335 -0.1865 3.7253, 1.2756 -0.1378 3.7179, 1.2741 -0.1378 3.7204, 1.2692 -0.1509 3.7253, 1.2319 -0.1805 3.7316, 1.2709 -0.1378 3.7253, 1.2678 -0.1378 3.7285, 1.2632 -0.1492 3.7316, 1.23 -0.1733 3.7363, 1.25 -0.1889 3.7008, 1.2495 -0.1881 3.7096, 1.2481 -0.1856 3.7179, 1.2457 -0.1815 3.7253, 1.2426 -0.1761 3.7316, 1.2389 -0.1696 3.7363, 1.2622 -0.1796 3.7008, 1.2615 -0.1789 3.7096, 1.2595 -0.1768 3.7179, 1.2562 -0.1735 3.7253, 1.2517 -0.1691 3.7316, 1.2465 -0.1638 3.7363, 1.2716 -0.1673 3.7008, 1.2708 -0.1668 3.7096, 1.2682 -0.1654 3.7179, 1.2642 -0.163 3.7253, 1.2588 -0.1599 3.7316, 1.2523 -0.1562 3.7363, 1.256 -0.1473 3.7363, 1.2278 -0.1653 3.7392, 1.2647 -0.1378 3.7316, 1.2597 -0.1378 3.7347, 1.2572 -0.1378 3.7363, 1.2503 -0.1378 3.7387, 1.2347 -0.1624 3.7392, 1.2406 -0.1579 3.7392, 1.2451 -0.152 3.7392, 1.2479 -0.1452 3.7392, 1.2489 -0.1378 3.7392
            ]
        }
        coordIndex [
            0,1,2,-1,3,4,5,-1,6,7,8,-1,9,10,11,-1,12,13,2,-1,2,13,14,-1,15,8,16,-1,16,8,17,-1,18,19,8,-1,8,19,20,-1,14,21,2,-1,2,21,22,-1,2,22,0,-1,23,11,24,-1,24,11,10,-1,24,10,25,-1,25,10,26,-1,8,27,28,-1,20,29,8,-1,8,29,30,-1,8,30,6,-1,27,8,31,-1,31,8,7,-1,31,7,32,-1,33,34,35,-1,36,37,38,-1,39,40,15,-1,41,42,11,-1,43,17,44,-1,44,17,8,-1,44,8,45,-1,45,8,28,-1,35,39,33,-1,33,39,15,-1,33,15,46,-1,46,15,16,-1,46,16,47,-1,47,16,48,-1,38,41,36,-1,36,41,11,-1,36,11,49,-1,49,11,23,-1,49,23,50,-1,50,23,51,-1,52,53,54,-1,55,56,57,-1,58,59,15,-1,60,61,11,-1,54,58,52,-1,52,58,15,-1,52,15,62,-1,62,15,40,-1,62,40,63,-1,63,40,64,-1,57,60,55,-1,55,60,11,-1,55,11,65,-1,65,11,42,-1,65,42,66,-1,66,42,67,-1,68,69,70,-1,71,72,73,-1,74,75,15,-1,76,77,11,-1,70,74,68,-1,68,74,15,-1,68,15,78,-1,78,15,59,-1,78,59,79,-1,79,59,80,-1,73,76,71,-1,71,76,11,-1,71,11,81,-1,81,11,61,-1,81,61,82,-1,82,61,83,-1,84,85,86,-1,87,88,89,-1,90,91,15,-1,86,90,84,-1,84,90,15,-1,84,15,92,-1,92,15,75,-1,92,75,93,-1,93,75,94,-1,89,95,87,-1,87,95,11,-1,87,11,96,-1,96,11,77,-1,96,77,97,-1,97,77,98,-1,99,100,101,-1,102,103,11,-1,11,103,104,-1,11,104,105,-1,101,106,99,-1,99,106,15,-1,99,15,107,-1,107,15,91,-1,107,91,108,-1,108,91,109,-1,110,111,112,-1,95,113,11,-1,11,113,114,-1,11,114,115,-1,115,116,11,-1,11,116,117,-1,11,117,102,-1,102,117,118,-1,102,118,119,-1,119,118,120,-1,119,120,121,-1,121,120,122,-1,121,122,123,-1,123,122,124,-1,123,124,7,-1,7,124,125,-1,7,125,32,-1,126,127,15,-1,15,127,128,-1,15,128,129,-1,130,131,2,-1,2,131,132,-1,130,2,133,-1,133,2,1,-1,133,1,134,-1,132,110,2,-1,2,110,112,-1,2,112,11,-1,11,112,3,-1,11,3,9,-1,9,3,5,-1,106,135,15,-1,15,135,136,-1,15,136,137,-1,137,138,15,-1,15,138,139,-1,15,139,126,-1,126,139,140,-1,126,140,141,-1,141,140,142,-1,141,142,143,-1,143,142,144,-1,143,144,145,-1,145,144,146,-1,145,146,1,-1,1,146,147,-1,1,147,134,-1,148,149,150,-1,151,152,153,-1,153,152,150,-1,153,150,154,-1,154,150,149,-1,155,156,157,-1,158,150,159,-1,159,150,160,-1,159,160,161,-1,158,162,150,-1,150,162,163,-1,150,163,148,-1,148,163,164,-1,165,149,166,-1,166,149,167,-1,165,168,149,-1,149,168,169,-1,149,169,154,-1,155,157,153,-1,153,157,170,-1,153,170,151,-1,171,172,173,-1,164,174,148,-1,148,174,171,-1,148,171,175,-1,175,171,173,-1,176,177,178,-1,176,178,179,-1,179,178,180,-1,179,180,181,-1,181,180,182,-1,181,182,183,-1,183,182,184,-1,183,184,185,-1,185,184,186,-1,185,186,187,-1,187,186,153,-1,187,153,154,-1,188,189,190,-1,190,189,191,-1,190,191,192,-1,192,191,193,-1,192,193,194,-1,194,193,195,-1,194,195,196,-1,196,195,197,-1,196,197,198,-1,198,197,199,-1,198,199,149,-1,149,199,167,-1,189,200,191,-1,191,200,201,-1,191,201,193,-1,193,201,202,-1,193,202,195,-1,195,202,203,-1,195,203,197,-1,197,203,204,-1,197,204,199,-1,199,204,205,-1,199,205,167,-1,167,205,166,-1,200,206,201,-1,201,206,207,-1,201,207,202,-1,202,207,208,-1,202,208,203,-1,203,208,209,-1,203,209,204,-1,204,209,210,-1,204,210,205,-1,205,210,211,-1,205,211,166,-1,166,211,165,-1,206,212,207,-1,207,212,213,-1,207,213,208,-1,208,213,214,-1,208,214,209,-1,209,214,215,-1,209,215,210,-1,210,215,216,-1,210,216,211,-1,211,216,217,-1,211,217,165,-1,165,217,168,-1,212,218,213,-1,213,218,219,-1,213,219,214,-1,214,219,220,-1,214,220,215,-1,215,220,221,-1,215,221,216,-1,216,221,222,-1,216,222,217,-1,217,222,223,-1,217,223,168,-1,168,223,169,-1,218,176,219,-1,219,176,179,-1,219,179,220,-1,220,179,181,-1,220,181,221,-1,221,181,183,-1,221,183,222,-1,222,183,185,-1,222,185,223,-1,223,185,187,-1,223,187,169,-1,169,187,154,-1,177,224,178,-1,178,224,225,-1,178,225,180,-1,180,225,226,-1,180,226,182,-1,182,226,227,-1,182,227,184,-1,184,227,228,-1,184,228,186,-1,186,228,229,-1,186,229,153,-1,153,229,155,-1,224,230,225,-1,225,230,231,-1,225,231,226,-1,226,231,232,-1,226,232,227,-1,227,232,233,-1,227,233,228,-1,228,233,234,-1,228,234,229,-1,229,234,235,-1,229,235,155,-1,155,235,156,-1,230,236,231,-1,231,236,237,-1,231,237,232,-1,232,237,238,-1,232,238,233,-1,233,238,239,-1,233,239,234,-1,234,239,240,-1,234,240,235,-1,235,240,241,-1,235,241,156,-1,156,241,157,-1,236,242,237,-1,237,242,243,-1,237,243,238,-1,238,243,244,-1,238,244,239,-1,239,244,245,-1,239,245,240,-1,240,245,246,-1,240,246,241,-1,241,246,247,-1,241,247,157,-1,157,247,170,-1,242,248,243,-1,243,248,249,-1,243,249,244,-1,244,249,250,-1,244,250,245,-1,245,250,251,-1,245,251,246,-1,246,251,252,-1,246,252,247,-1,247,252,253,-1,247,253,170,-1,170,253,151,-1,248,254,249,-1,249,254,255,-1,249,255,250,-1,250,255,256,-1,250,256,251,-1,251,256,257,-1,251,257,252,-1,252,257,258,-1,252,258,253,-1,253,258,259,-1,253,259,151,-1,151,259,152,-1,260,261,254,-1,254,261,255,-1,261,262,255,-1,255,262,263,-1,255,263,256,-1,263,264,256,-1,256,264,265,-1,256,265,257,-1,265,266,257,-1,257,266,267,-1,257,267,258,-1,267,268,258,-1,258,268,269,-1,258,269,259,-1,150,152,270,-1,270,152,259,-1,270,259,271,-1,271,259,269,-1,272,273,274,-1,260,275,261,-1,261,275,276,-1,261,276,262,-1,262,276,277,-1,274,278,272,-1,272,278,279,-1,272,279,280,-1,281,264,277,-1,277,264,263,-1,277,263,262,-1,279,282,280,-1,280,282,283,-1,280,283,284,-1,285,266,281,-1,281,266,265,-1,281,265,264,-1,283,286,284,-1,284,286,287,-1,284,287,288,-1,271,269,289,-1,289,269,268,-1,289,268,285,-1,285,268,267,-1,285,267,266,-1,275,290,276,-1,276,290,291,-1,276,291,277,-1,277,291,292,-1,277,292,281,-1,281,292,293,-1,281,293,285,-1,285,293,294,-1,285,294,289,-1,289,294,295,-1,290,296,291,-1,291,296,297,-1,291,297,292,-1,292,297,298,-1,292,298,293,-1,293,298,299,-1,293,299,294,-1,294,299,300,-1,294,300,295,-1,295,300,301,-1,296,302,297,-1,297,302,303,-1,297,303,298,-1,298,303,304,-1,298,304,299,-1,299,304,305,-1,299,305,300,-1,300,305,306,-1,300,306,301,-1,301,306,307,-1,302,273,303,-1,303,273,272,-1,303,272,304,-1,304,272,280,-1,304,280,305,-1,305,280,284,-1,305,284,306,-1,306,284,288,-1,306,288,307,-1,307,288,308,-1,150,270,309,-1,309,270,271,-1,287,310,288,-1,288,310,311,-1,288,311,308,-1,308,311,312,-1,308,312,313,-1,271,289,309,-1,309,289,295,-1,309,295,314,-1,314,295,301,-1,314,301,315,-1,315,301,307,-1,315,307,316,-1,316,307,308,-1,316,308,317,-1,317,308,313,-1,317,313,318,-1,150,309,160,-1,160,309,314,-1,160,314,161,-1,161,314,315,-1,161,315,159,-1,159,315,316,-1,159,316,158,-1,158,316,317,-1,158,317,162,-1,162,317,318,-1,162,318,163,-1,164,163,319,-1,319,163,318,-1,319,318,320,-1,320,318,313,-1,320,313,321,-1,321,313,312,-1,321,312,322,-1,322,312,311,-1,322,311,323,-1,323,311,310,-1,323,310,324,-1,324,310,287,-1,324,287,325,-1,325,287,286,-1,325,286,326,-1,326,286,283,-1,326,283,327,-1,327,283,282,-1,327,282,328,-1,328,282,279,-1,328,279,329,-1,329,279,278,-1,329,278,330,-1,330,278,274,-1,331,332,333,-1,330,334,329,-1,329,334,335,-1,329,335,328,-1,328,335,336,-1,333,337,331,-1,331,337,338,-1,331,338,339,-1,340,326,336,-1,336,326,327,-1,336,327,328,-1,338,341,339,-1,339,341,342,-1,339,342,343,-1,344,324,340,-1,340,324,325,-1,340,325,326,-1,342,345,343,-1,343,345,346,-1,343,346,347,-1,320,321,348,-1,348,321,322,-1,348,322,344,-1,344,322,323,-1,344,323,324,-1,334,349,335,-1,335,349,350,-1,335,350,336,-1,336,350,351,-1,336,351,340,-1,340,351,352,-1,340,352,344,-1,344,352,353,-1,344,353,348,-1,348,353,354,-1,349,355,350,-1,350,355,356,-1,350,356,351,-1,351,356,357,-1,351,357,352,-1,352,357,358,-1,352,358,353,-1,353,358,359,-1,353,359,354,-1,354,359,360,-1,355,361,356,-1,356,361,362,-1,356,362,357,-1,357,362,363,-1,357,363,358,-1,358,363,364,-1,358,364,359,-1,359,364,365,-1,359,365,360,-1,360,365,366,-1,361,332,362,-1,362,332,331,-1,362,331,363,-1,363,331,339,-1,363,339,364,-1,364,339,343,-1,364,343,365,-1,365,343,347,-1,365,347,366,-1,366,347,367,-1,164,319,368,-1,368,319,320,-1,346,369,347,-1,347,369,370,-1,347,370,367,-1,367,370,371,-1,367,371,372,-1,320,348,368,-1,368,348,354,-1,368,354,373,-1,373,354,360,-1,373,360,374,-1,374,360,366,-1,374,366,375,-1,375,366,367,-1,375,367,376,-1,376,367,372,-1,376,372,377,-1,164,368,174,-1,174,368,373,-1,174,373,171,-1,171,373,374,-1,171,374,172,-1,172,374,375,-1,172,375,173,-1,173,375,376,-1,173,376,175,-1,175,376,377,-1,175,377,148,-1,333,188,337,-1,337,188,190,-1,337,190,338,-1,338,190,341,-1,341,190,192,-1,341,192,342,-1,342,192,345,-1,345,192,194,-1,345,194,346,-1,346,194,369,-1,369,194,196,-1,369,196,370,-1,370,196,371,-1,371,196,198,-1,371,198,372,-1,372,198,377,-1,377,198,149,-1,377,149,148,-1,
        ]
    }
}
Shape{
    appearance Appearance {
        material  Material 	{
            diffuseColor 0.9882352941176471 0.7372549019607844 0.5176470588235295
            specularColor 0.49411764705882355 0.3686274509803922 0.25882352941176473
            ambientIntensity 0.7873
            transparency 0.0
            shininess 0.5
        }
    }
    geometry IndexedFaceSet {
        ccw TRUE
        solid FALSE
        coord DEF co Coordinate {
            point [
                -1.0335 0.2205 3.6614, -1.1319 0.2205 3.6614, -1.0335 0.1969 3.6614, -1.1319 0.1969 3.6614, -0.8366 0.2205 3.6614, -0.935 0.2205 3.6614, -0.8366 0.1969 3.6614, -0.935 0.1969 3.6614, -0.6398 0.2205 3.6614, -0.7382 0.2205 3.6614, -0.6398 0.1969 3.6614, -0.7382 0.1969 3.6614, -0.4429 0.2205 3.6614, -0.5413 0.2205 3.6614, -0.4429 0.1969 3.6614, -0.5413 0.1969 3.6614, -0.2461 0.2205 3.6614, -0.3445 0.2205 3.6614, -0.2461 0.1969 3.6614, -0.3445 0.1969 3.6614, -0.0492 0.2205 3.6614, -0.1476 0.2205 3.6614, -0.0492 0.1969 3.6614, -0.1476 0.1969 3.6614, 0.1476 0.2205 3.6614, 0.0492 0.2205 3.6614, 0.1476 0.1969 3.6614, 0.0492 0.1969 3.6614, 0.3445 0.2205 3.6614, 0.2461 0.2205 3.6614, 0.3445 0.1969 3.6614, 0.2461 0.1969 3.6614, 0.5413 0.2205 3.6614, 0.4429 0.2205 3.6614, 0.5413 0.1969 3.6614, 0.4429 0.1969 3.6614, 0.935 0.2205 3.6614, 0.8366 0.2205 3.6614, 0.935 0.1969 3.6614, 0.8366 0.1969 3.6614, 1.1319 0.2205 3.6614, 1.0335 0.2205 3.6614, 1.1319 0.1969 3.6614, 1.0335 0.1969 3.6614, 1.0335 -0.2205 3.6614, 1.1319 -0.2205 3.6614, 1.0335 -0.1969 3.6614, 1.1319 -0.1969 3.6614, 0.8366 -0.2205 3.6614, 0.935 -0.2205 3.6614, 0.8366 -0.1969 3.6614, 0.935 -0.1969 3.6614, 0.6398 -0.2205 3.6614, 0.7382 -0.2205 3.6614, 0.6398 -0.1969 3.6614, 0.7382 -0.1969 3.6614, 0.4429 -0.2205 3.6614, 0.5413 -0.2205 3.6614, 0.4429 -0.1969 3.6614, 0.5413 -0.1969 3.6614, 0.2461 -0.2205 3.6614, 0.3445 -0.2205 3.6614, 0.2461 -0.1969 3.6614, 0.3445 -0.1969 3.6614, 0.0492 -0.2205 3.6614, 0.1476 -0.2205 3.6614, 0.0492 -0.1969 3.6614, 0.1476 -0.1969 3.6614, -0.1476 -0.2205 3.6614, -0.0492 -0.2205 3.6614, -0.1476 -0.1969 3.6614, -0.0492 -0.1969 3.6614, -0.3445 -0.2205 3.6614, -0.2461 -0.2205 3.6614, -0.3445 -0.1969 3.6614, -0.2461 -0.1969 3.6614, -0.5413 -0.2205 3.6614, -0.4429 -0.2205 3.6614, -0.5413 -0.1969 3.6614, -0.4429 -0.1969 3.6614, -0.935 -0.2205 3.6614, -0.8366 -0.2205 3.6614, -0.935 -0.1969 3.6614, -0.8366 -0.1969 3.6614, -1.1319 -0.2205 3.6614, -1.0335 -0.2205 3.6614, -1.1319 -0.1969 3.6614, -1.0335 -0.1969 3.6614, -1.1319 0.2205 1.7717, -1.0335 0.2205 1.7717, -1.1319 0.1969 1.7717, -1.0335 0.1969 1.7717, -0.935 0.2205 1.7717, -0.8366 0.2205 1.7717, -0.935 0.1969 1.7717, -0.8366 0.1969 1.7717, -0.7382 0.2205 1.7717, -0.6398 0.2205 1.7717, -0.7382 0.1969 1.7717, -0.6398 0.1969 1.7717, -0.5413 0.2205 1.7717, -0.4429 0.2205 1.7717, -0.5413 0.1969 1.7717, -0.4429 0.1969 1.7717, -0.3445 0.2205 1.7717, -0.2461 0.2205 1.7717, -0.3445 0.1969 1.7717, -0.2461 0.1969 1.7717, -0.1476 0.2205 1.7717, -0.0492 0.2205 1.7717, -0.1476 0.1969 1.7717, -0.0492 0.1969 1.7717, 0.0492 0.2205 1.7717, 0.1476 0.2205 1.7717, 0.0492 0.1969 1.7717, 0.1476 0.1969 1.7717, 0.2461 0.2205 1.7717, 0.3445 0.2205 1.7717, 0.2461 0.1969 1.7717, 0.3445 0.1969 1.7717, 0.4429 0.2205 1.7717, 0.5413 0.2205 1.7717, 0.4429 0.1969 1.7717, 0.5413 0.1969 1.7717, 0.8366 0.2205 1.7717, 0.935 0.2205 1.7717, 0.8366 0.1969 1.7717, 0.935 0.1969 1.7717, 1.0335 0.2205 1.7717, 1.1319 0.2205 1.7717, 1.0335 0.1969 1.7717, 1.1319 0.1969 1.7717
            ]
        }
        coordIndex [
            0,1,2,-1,2,1,3,-1,4,5,6,-1,6,5,7,-1,8,9,10,-1,10,9,11,-1,12,13,14,-1,14,13,15,-1,16,17,18,-1,18,17,19,-1,20,21,22,-1,22,21,23,-1,24,25,26,-1,26,25,27,-1,28,29,30,-1,30,29,31,-1,32,33,34,-1,34,33,35,-1,36,37,38,-1,38,37,39,-1,40,41,42,-1,42,41,43,-1,44,45,46,-1,46,45,47,-1,48,49,50,-1,50,49,51,-1,52,53,54,-1,54,53,55,-1,56,57,58,-1,58,57,59,-1,60,61,62,-1,62,61,63,-1,64,65,66,-1,66,65,67,-1,68,69,70,-1,70,69,71,-1,72,73,74,-1,74,73,75,-1,76,77,78,-1,78,77,79,-1,80,81,82,-1,82,81,83,-1,84,85,86,-1,86,85,87,-1,1,0,88,-1,88,0,89,-1,3,1,90,-1,90,1,88,-1,0,2,89,-1,89,2,91,-1,5,4,92,-1,92,4,93,-1,7,5,94,-1,94,5,92,-1,4,6,93,-1,93,6,95,-1,9,8,96,-1,96,8,97,-1,11,9,98,-1,98,9,96,-1,8,10,97,-1,97,10,99,-1,13,12,100,-1,100,12,101,-1,15,13,102,-1,102,13,100,-1,12,14,101,-1,101,14,103,-1,17,16,104,-1,104,16,105,-1,19,17,106,-1,106,17,104,-1,16,18,105,-1,105,18,107,-1,21,20,108,-1,108,20,109,-1,23,21,110,-1,110,21,108,-1,20,22,109,-1,109,22,111,-1,25,24,112,-1,112,24,113,-1,27,25,114,-1,114,25,112,-1,24,26,113,-1,113,26,115,-1,29,28,116,-1,116,28,117,-1,31,29,118,-1,118,29,116,-1,28,30,117,-1,117,30,119,-1,33,32,120,-1,120,32,121,-1,35,33,122,-1,122,33,120,-1,32,34,121,-1,121,34,123,-1,37,36,124,-1,124,36,125,-1,39,37,126,-1,126,37,124,-1,36,38,125,-1,125,38,127,-1,41,40,128,-1,128,40,129,-1,43,41,130,-1,130,41,128,-1,40,42,129,-1,129,42,131,-1,
        ]
    }
}
Shape{
    appearance Appearance {
        material  Material 	{
            diffuseColor 0.25098039215686274 0.25098039215686274 0.25098039215686274
            specularColor 0.12549019607843137 0.12549019607843137 0.12549019607843137
            ambientIntensity 0.251
            transparency 0.0
            shininess 0.5
        }
    }
    geometry IndexedFaceSet {
        ccw TRUE
        solid FALSE
        coord DEF co Coordinate {
            point [
                1.2795 0.1378 1.7717, 1.2795 0.1378 3.7008, 1.2795 -0.1378 1.7717, 1.2795 -0.1378 3.7008, 1.2205 -0.1969 3.7008, 1.2205 -0.1969 1.7717, 1.2358 -0.1948 1.7717, 1.2358 -0.1948 3.7008, 1.25 -0.1889 1.7717, 1.25 -0.1889 3.7008, 1.2622 -0.1796 1.7717, 1.2622 -0.1796 3.7008, 1.2716 -0.1673 1.7717, 1.2716 -0.1673 3.7008, 1.2775 -0.1531 1.7717, 1.2775 -0.1531 3.7008
            ]
        }
        coordIndex [
            0,1,2,-1,2,1,3,-1,4,5,6,-1,4,6,7,-1,7,6,8,-1,7,8,9,-1,9,8,10,-1,9,10,11,-1,11,10,12,-1,11,12,13,-1,13,12,14,-1,13,14,15,-1,15,14,2,-1,15,2,3,-1,
        ]
    }
}
Shape{
    appearance Appearance {
        material  Material 	{
            diffuseColor 0.9882352941176471 0.7372549019607844 0.5176470588235295
            specularColor 0.49411764705882355 0.3686274509803922 0.25882352941176473
            ambientIntensity 0.7873
            transparency 0.0
            shininess 0.5
        }
    }
    geometry IndexedFaceSet {
        ccw TRUE
        solid FALSE
        coord DEF co Coordinate {
            point [
                1.0335 -0.2205 3.6614, 1.0335 -0.1969 3.6614, 1.0335 -0.2205 1.7717, 1.0335 -0.1969 1.7717, 1.1319 -0.2205 3.6614, 1.1319 -0.2205 1.7717, 1.1319 -0.1969 3.6614, 1.1319 -0.1969 1.7717, 0.8366 -0.2205 3.6614, 0.8366 -0.1969 3.6614, 0.8366 -0.2205 1.7717, 0.8366 -0.1969 1.7717, 0.935 -0.2205 3.6614, 0.935 -0.2205 1.7717, 0.935 -0.1969 3.6614, 0.935 -0.1969 1.7717, 0.6398 -0.2205 3.6614, 0.6398 -0.1969 3.6614, 0.6398 -0.2205 1.7717, 0.6398 -0.1969 1.7717, 0.7382 -0.2205 3.6614, 0.7382 -0.2205 1.7717, 0.7382 -0.1969 3.6614, 0.7382 -0.1969 1.7717, 0.4429 -0.2205 3.6614, 0.4429 -0.1969 3.6614, 0.4429 -0.2205 1.7717, 0.4429 -0.1969 1.7717, 0.5413 -0.2205 3.6614, 0.5413 -0.2205 1.7717, 0.5413 -0.1969 3.6614, 0.5413 -0.1969 1.7717, 0.2461 -0.2205 3.6614, 0.2461 -0.1969 3.6614, 0.2461 -0.2205 1.7717, 0.2461 -0.1969 1.7717, 0.3445 -0.2205 3.6614, 0.3445 -0.2205 1.7717, 0.3445 -0.1969 3.6614, 0.3445 -0.1969 1.7717, 0.0492 -0.2205 3.6614, 0.0492 -0.1969 3.6614, 0.0492 -0.2205 1.7717, 0.0492 -0.1969 1.7717, 0.1476 -0.2205 3.6614, 0.1476 -0.2205 1.7717, 0.1476 -0.1969 3.6614, 0.1476 -0.1969 1.7717, -0.1476 -0.2205 3.6614, -0.1476 -0.1969 3.6614, -0.1476 -0.2205 1.7717, -0.1476 -0.1969 1.7717, -0.0492 -0.2205 3.6614, -0.0492 -0.2205 1.7717, -0.0492 -0.1969 3.6614, -0.0492 -0.1969 1.7717, -0.3445 -0.2205 3.6614, -0.3445 -0.1969 3.6614, -0.3445 -0.2205 1.7717, -0.3445 -0.1969 1.7717, -0.2461 -0.2205 3.6614, -0.2461 -0.2205 1.7717, -0.2461 -0.1969 3.6614, -0.2461 -0.1969 1.7717, -0.5413 -0.2205 3.6614, -0.5413 -0.1969 3.6614, -0.5413 -0.2205 1.7717, -0.5413 -0.1969 1.7717, -0.4429 -0.2205 3.6614, -0.4429 -0.2205 1.7717, -0.4429 -0.1969 3.6614, -0.4429 -0.1969 1.7717, -0.935 -0.2205 3.6614, -0.935 -0.1969 3.6614, -0.935 -0.2205 1.7717, -0.935 -0.1969 1.7717, -0.8366 -0.2205 3.6614, -0.8366 -0.2205 1.7717, -0.8366 -0.1969 3.6614, -0.8366 -0.1969 1.7717, -1.1319 -0.2205 3.6614, -1.1319 -0.1969 3.6614, -1.1319 -0.2205 1.7717, -1.1319 -0.1969 1.7717, -1.0335 -0.2205 3.6614, -1.0335 -0.2205 1.7717, -1.0335 -0.1969 3.6614, -1.0335 -0.1969 1.7717
            ]
        }
        coordIndex [
            0,1,2,-1,2,1,3,-1,4,0,5,-1,5,0,2,-1,6,4,7,-1,7,4,5,-1,8,9,10,-1,10,9,11,-1,12,8,13,-1,13,8,10,-1,14,12,15,-1,15,12,13,-1,16,17,18,-1,18,17,19,-1,20,16,21,-1,21,16,18,-1,22,20,23,-1,23,20,21,-1,24,25,26,-1,26,25,27,-1,28,24,29,-1,29,24,26,-1,30,28,31,-1,31,28,29,-1,32,33,34,-1,34,33,35,-1,36,32,37,-1,37,32,34,-1,38,36,39,-1,39,36,37,-1,40,41,42,-1,42,41,43,-1,44,40,45,-1,45,40,42,-1,46,44,47,-1,47,44,45,-1,48,49,50,-1,50,49,51,-1,52,48,53,-1,53,48,50,-1,54,52,55,-1,55,52,53,-1,56,57,58,-1,58,57,59,-1,60,56,61,-1,61,56,58,-1,62,60,63,-1,63,60,61,-1,64,65,66,-1,66,65,67,-1,68,64,69,-1,69,64,66,-1,70,68,71,-1,71,68,69,-1,72,73,74,-1,74,73,75,-1,76,72,77,-1,77,72,74,-1,78,76,79,-1,79,76,77,-1,80,81,82,-1,82,81,83,-1,84,80,85,-1,85,80,82,-1,86,84,87,-1,87,84,85,-1,
        ]
    }
}
Shape{
    appearance Appearance {
        material  Material 	{
            diffuseColor 0.25098039215686274 0.25098039215686274 0.25098039215686274
            specularColor 0.12549019607843137 0.12549019607843137 0.12549019607843137
            ambientIntensity 0.251
            transparency 0.0
            shininess 0.5
        }
    }
    geometry IndexedFaceSet {
        ccw TRUE
        solid FALSE
        coord DEF co Coordinate {
            point [
                -1.2205 -0.1969 3.7008, -1.2205 -0.1969 1.7717, -1.1319 -0.1969 1.7717, -1.1319 -0.1969 3.6614, -1.0335 -0.1969 3.6614, 1.2205 -0.1969 3.7008, -0.8366 -0.1969 3.6614, -0.8366 -0.1969 1.7717, -0.5413 -0.1969 1.7717, -0.5413 -0.1969 3.6614, -0.4429 -0.1969 3.6614, -0.935 -0.1969 3.6614, -0.935 -0.1969 1.7717, -1.0335 -0.1969 1.7717, -0.0492 -0.1969 3.6614, -0.0492 -0.1969 1.7717, 0.0492 -0.1969 1.7717, 0.0492 -0.1969 3.6614, 0.1476 -0.1969 3.6614, -0.4429 -0.1969 1.7717, -0.3445 -0.1969 1.7717, -0.3445 -0.1969 3.6614, -0.2461 -0.1969 3.6614, -0.1476 -0.1969 3.6614, -0.1476 -0.1969 1.7717, -0.2461 -0.1969 1.7717, 0.3445 -0.1969 3.6614, 0.3445 -0.1969 1.7717, 0.4429 -0.1969 1.7717, 0.4429 -0.1969 3.6614, 0.5413 -0.1969 3.6614, 0.2461 -0.1969 3.6614, 0.2461 -0.1969 1.7717, 0.1476 -0.1969 1.7717, 0.7382 -0.1969 3.6614, 0.7382 -0.1969 1.7717, 0.8366 -0.1969 1.7717, 0.8366 -0.1969 3.6614, 0.935 -0.1969 3.6614, 0.6398 -0.1969 3.6614, 0.6398 -0.1969 1.7717, 0.5413 -0.1969 1.7717, 1.1319 -0.1969 1.7717, 1.2205 -0.1969 1.7717, 1.1319 -0.1969 3.6614, 1.0335 -0.1969 3.6614, 1.0335 -0.1969 1.7717, 0.935 -0.1969 1.7717, -1.2795 -0.1378 3.7008, -1.2795 -0.1378 1.7717, -1.2775 -0.1531 1.7717, -1.2775 -0.1531 3.7008, -1.2716 -0.1673 1.7717, -1.2716 -0.1673 3.7008, -1.2622 -0.1796 1.7717, -1.2622 -0.1796 3.7008, -1.25 -0.1889 1.7717, -1.25 -0.1889 3.7008, -1.2358 -0.1948 1.7717, -1.2358 -0.1948 3.7008, -1.2795 0.1378 1.7717, -1.2795 0.1378 3.7008, -1.2205 0.1969 3.7008, -1.2205 0.1969 1.7717, -1.2358 0.1948 1.7717, -1.2358 0.1948 3.7008, -1.25 0.1889 1.7717, -1.25 0.1889 3.7008, -1.2622 0.1796 1.7717, -1.2622 0.1796 3.7008, -1.2716 0.1673 1.7717, -1.2716 0.1673 3.7008, -1.2775 0.1531 1.7717, -1.2775 0.1531 3.7008, 1.2795 0.1378 3.7008, 1.2795 0.1378 1.7717, 1.2775 0.1531 1.7717, 1.2775 0.1531 3.7008, 1.2716 0.1673 1.7717, 1.2716 0.1673 3.7008, 1.2622 0.1796 1.7717, 1.2622 0.1796 3.7008, 1.25 0.1889 1.7717, 1.25 0.1889 3.7008, 1.2358 0.1948 1.7717, 1.2358 0.1948 3.7008, 1.2205 0.1969 1.7717, 1.2205 0.1969 3.7008, 1.1319 0.1969 1.7717, 1.1319 0.1969 3.6614, 1.0335 0.1969 3.6614, 0.8366 0.1969 3.6614, 0.8366 0.1969 1.7717, 0.5413 0.1969 1.7717, 0.5413 0.1969 3.6614, 0.4429 0.1969 3.6614, 0.935 0.1969 3.6614, 0.935 0.1969 1.7717, 1.0335 0.1969 1.7717, 0.0492 0.1969 3.6614, 0.0492 0.1969 1.7717, -0.0492 0.1969 1.7717, -0.0492 0.1969 3.6614, -0.1476 0.1969 3.6614, 0.4429 0.1969 1.7717, 0.3445 0.1969 1.7717, 0.3445 0.1969 3.6614, 0.2461 0.1969 3.6614, 0.1476 0.1969 3.6614, 0.1476 0.1969 1.7717, 0.2461 0.1969 1.7717, -0.3445 0.1969 3.6614, -0.3445 0.1969 1.7717, -0.4429 0.1969 1.7717, -0.4429 0.1969 3.6614, -0.5413 0.1969 3.6614, -0.2461 0.1969 3.6614, -0.2461 0.1969 1.7717, -0.1476 0.1969 1.7717, -0.7382 0.1969 3.6614, -0.7382 0.1969 1.7717, -0.8366 0.1969 1.7717, -0.8366 0.1969 3.6614, -0.935 0.1969 3.6614, -0.6398 0.1969 3.6614, -0.6398 0.1969 1.7717, -0.5413 0.1969 1.7717, -1.1319 0.1969 1.7717, -1.1319 0.1969 3.6614, -1.0335 0.1969 3.6614, -1.0335 0.1969 1.7717, -0.935 0.1969 1.7717
            ]
        }
        coordIndex [
            0,1,2,-1,2,3,0,-1,0,3,4,-1,0,4,5,-1,6,7,8,-1,9,10,5,-1,8,9,6,-1,6,9,5,-1,6,5,11,-1,11,5,4,-1,11,4,12,-1,12,4,13,-1,14,15,16,-1,17,18,5,-1,19,20,10,-1,10,20,21,-1,10,21,5,-1,5,21,22,-1,16,17,14,-1,14,17,5,-1,14,5,23,-1,23,5,22,-1,23,22,24,-1,24,22,25,-1,26,27,28,-1,29,30,5,-1,28,29,26,-1,26,29,5,-1,26,5,31,-1,31,5,18,-1,31,18,32,-1,32,18,33,-1,34,35,36,-1,37,38,5,-1,36,37,34,-1,34,37,5,-1,34,5,39,-1,39,5,30,-1,39,30,40,-1,40,30,41,-1,42,43,44,-1,44,43,5,-1,44,5,45,-1,45,5,38,-1,45,38,46,-1,46,38,47,-1,48,49,50,-1,48,50,51,-1,51,50,52,-1,51,52,53,-1,53,52,54,-1,53,54,55,-1,55,54,56,-1,55,56,57,-1,57,56,58,-1,57,58,59,-1,59,58,1,-1,59,1,0,-1,49,48,60,-1,60,48,61,-1,62,63,64,-1,62,64,65,-1,65,64,66,-1,65,66,67,-1,67,66,68,-1,67,68,69,-1,69,68,70,-1,69,70,71,-1,71,70,72,-1,71,72,73,-1,73,72,60,-1,73,60,61,-1,74,75,76,-1,74,76,77,-1,77,76,78,-1,77,78,79,-1,79,78,80,-1,79,80,81,-1,81,80,82,-1,81,82,83,-1,83,82,84,-1,83,84,85,-1,85,84,86,-1,85,86,87,-1,87,86,88,-1,88,89,87,-1,87,89,90,-1,87,90,62,-1,91,92,93,-1,94,95,62,-1,93,94,91,-1,91,94,62,-1,91,62,96,-1,96,62,90,-1,96,90,97,-1,97,90,98,-1,99,100,101,-1,102,103,62,-1,104,105,95,-1,95,105,106,-1,95,106,62,-1,62,106,107,-1,101,102,99,-1,99,102,62,-1,99,62,108,-1,108,62,107,-1,108,107,109,-1,109,107,110,-1,111,112,113,-1,114,115,62,-1,113,114,111,-1,111,114,62,-1,111,62,116,-1,116,62,103,-1,116,103,117,-1,117,103,118,-1,119,120,121,-1,122,123,62,-1,121,122,119,-1,119,122,62,-1,119,62,124,-1,124,62,115,-1,124,115,125,-1,125,115,126,-1,127,63,128,-1,128,63,62,-1,128,62,129,-1,129,62,123,-1,129,123,130,-1,130,123,131,-1,
        ]
    }
}