#VRML V2.0 utf8
# 3D model generated by easyeda2kicad.py (https://github.com/uPesy/easyeda2kicad.py)

Shape{
    appearance Appearance {
        material  Material 	{
            diffuseColor 1.0 1.0 0.5019607843137255
            specularColor 0.5019607843137255 0.5019607843137255 0.25098039215686274
            ambientIntensity 0.9432
            transparency 0.0
            shininess 0.5
        }
    }
    geometry IndexedFaceSet {
        ccw TRUE
        solid FALSE
        coord DEF co Coordinate {
            point [
                -0.3323 -1.7273 0.7205, -0.3323 -0.8611 0.7205, -0.2339 -1.7273 0.7205, -0.2339 -0.8611 0.7205, -0.2339 -0.8611 0.7598, -0.3323 -0.8611 0.7598, -0.2339 -1.7273 0.7598, -0.3323 -1.7273 0.7598, -1.3382 0.6881 0.0394, -1.3382 0.6487 0.0394, -1.2595 0.6881 0.0394, -1.2595 0.6487 0.0394, -1.3382 0.6881 0.0236, -1.2595 0.6881 0.0236, -1.3382 0.9755 0.0236, -1.2595 0.9755 0.0236, -1.3382 0.9755 -0.0157, -1.2595 0.9755 -0.0157, -1.3382 0.6684 -0.0157, -1.2595 0.6684 -0.0157, -1.2595 0.6633 -0.0151, -1.3382 0.6633 -0.0151, -1.2595 0.6585 -0.0131, -1.3382 0.6585 -0.0131, -1.2595 0.6545 -0.01, -1.3382 0.6545 -0.01, -1.2595 0.6513 -0.0059, -1.3382 0.6513 -0.0059, -1.2595 0.6494 -0.0012, -1.3382 0.6494 -0.0012, -1.2595 0.6487 0.0039, -1.3382 0.6487 0.0039, 0.15 0.6881 0.0236, 0.15 0.9755 0.0236, 0.0713 0.6881 0.0236, 0.0713 0.9755 0.0236, 0.15 0.9755 -0.0157, 0.0713 0.9755 -0.0157, 0.15 0.6684 -0.0157, 0.0713 0.6684 -0.0157, 0.15 0.6487 0.0039, 0.0713 0.6487 0.0039, 0.0713 0.6494 -0.0012, 0.15 0.6494 -0.0012, 0.0713 0.6513 -0.0059, 0.15 0.6513 -0.0059, 0.0713 0.6545 -0.01, 0.15 0.6545 -0.01, 0.0713 0.6585 -0.0131, 0.15 0.6585 -0.0131, 0.0713 0.6633 -0.0151, 0.15 0.6633 -0.0151, 0.15 0.6487 0.0394, 0.0713 0.6487 0.0394, 0.15 0.6881 0.0394, 0.0713 0.6881 0.0394, 0.9689 0.6881 0.0236, 0.9689 0.6881 0.0394, 1.0476 0.6881 0.0236, 1.0476 0.6881 0.0394, 0.9689 0.6487 0.0394, 1.0476 0.6487 0.0394, 0.9689 0.6487 0.0039, 1.0476 0.6487 0.0039, 0.9689 0.6684 -0.0157, 1.0476 0.6684 -0.0157, 1.0476 0.6633 -0.0151, 0.9689 0.6633 -0.0151, 1.0476 0.6585 -0.0131, 0.9689 0.6585 -0.0131, 1.0476 0.6545 -0.01, 0.9689 0.6545 -0.01, 1.0476 0.6513 -0.0059, 0.9689 0.6513 -0.0059, 1.0476 0.6494 -0.0012, 0.9689 0.6494 -0.0012, 0.9689 0.9755 -0.0157, 1.0476 0.9755 -0.0157, 0.9689 0.9755 0.0236, 1.0476 0.9755 0.0236, -1.2358 0.6881 0.0394, -1.2358 0.6487 0.0394, -1.1571 0.6881 0.0394, -1.1571 0.6487 0.0394, -1.2358 0.6881 0.0236, -1.1571 0.6881 0.0236, -1.2358 0.9755 0.0236, -1.1571 0.9755 0.0236, -1.2358 0.9755 -0.0157, -1.1571 0.9755 -0.0157, -1.2358 0.6684 -0.0157, -1.1571 0.6684 -0.0157, -1.1571 0.6633 -0.0151, -1.2358 0.6633 -0.0151, -1.1571 0.6585 -0.0131, -1.2358 0.6585 -0.0131, -1.1571 0.6545 -0.01, -1.2358 0.6545 -0.01, -1.1571 0.6513 -0.0059, -1.2358 0.6513 -0.0059, -1.1571 0.6494 -0.0012, -1.2358 0.6494 -0.0012, -1.1571 0.6487 0.0039, -1.2358 0.6487 0.0039, -0.1551 -1.7273 0.7205, -0.1551 -0.8611 0.7205, -0.0567 -1.7273 0.7205, -0.0567 -0.8611 0.7205, -0.0567 -0.8611 0.7598, -0.1551 -0.8611 0.7598, -0.0567 -1.7273 0.7598, -0.1551 -1.7273 0.7598, -0.7161 0.9755 0.0236, -0.7161 0.6881 0.0236, -0.6374 0.9755 0.0236, -0.6374 0.6881 0.0236, -0.7161 0.9755 -0.0157, -0.6374 0.9755 -0.0157, -0.7161 0.6684 -0.0157, -0.6374 0.6684 -0.0157, -0.6374 0.6633 -0.0151, -0.7161 0.6633 -0.0151, -0.6374 0.6585 -0.0131, -0.7161 0.6585 -0.0131, -0.6374 0.6545 -0.01, -0.7161 0.6545 -0.01, -0.6374 0.6513 -0.0059, -0.7161 0.6513 -0.0059, -0.6374 0.6494 -0.0012, -0.7161 0.6494 -0.0012, -0.6374 0.6487 0.0039, -0.7161 0.6487 0.0039, -0.7161 0.6487 0.0394, -0.6374 0.6487 0.0394, -0.7161 0.6881 0.0394, -0.6374 0.6881 0.0394, -0.9445 0.6881 0.0394, -0.9445 0.6881 0.0236, -1.0232 0.6881 0.0394, -1.0232 0.6881 0.0236, -0.9445 0.6487 0.0394, -1.0232 0.6487 0.0394, -0.9445 0.6487 0.0039, -1.0232 0.6487 0.0039, -1.0232 0.6494 -0.0012, -0.9445 0.6494 -0.0012, -1.0232 0.6513 -0.0059, -0.9445 0.6513 -0.0059, -1.0232 0.6545 -0.01, -0.9445 0.6545 -0.01, -1.0232 0.6585 -0.0131, -0.9445 0.6585 -0.0131, -1.0232 0.6633 -0.0151, -0.9445 0.6633 -0.0151, -1.0232 0.6684 -0.0157, -0.9445 0.6684 -0.0157, -0.9445 0.9755 -0.0157, -1.0232 0.9755 -0.0157, -0.9445 0.9755 0.0236, -1.0232 0.9755 0.0236, -0.5193 0.9755 0.0236, -0.5193 0.6881 0.0236, -0.4406 0.9755 0.0236, -0.4406 0.6881 0.0236, -0.5193 0.9755 -0.0157, -0.4406 0.9755 -0.0157, -0.5193 0.6684 -0.0157, -0.4406 0.6684 -0.0157, -0.4406 0.6633 -0.0151, -0.5193 0.6633 -0.0151, -0.4406 0.6585 -0.0131, -0.5193 0.6585 -0.0131, -0.4406 0.6545 -0.01, -0.5193 0.6545 -0.01, -0.4406 0.6513 -0.0059, -0.5193 0.6513 -0.0059, -0.4406 0.6494 -0.0012, -0.5193 0.6494 -0.0012, -0.4406 0.6487 0.0039, -0.5193 0.6487 0.0039, -0.5193 0.6487 0.0394, -0.4406 0.6487 0.0394, -0.5193 0.6881 0.0394, -0.4406 0.6881 0.0394, 0.8665 0.6881 0.0236, 0.8665 0.6881 0.0394, 0.9453 0.6881 0.0236, 0.9453 0.6881 0.0394, 0.8665 0.6487 0.0394, 0.9453 0.6487 0.0394, 0.8665 0.6487 0.0039, 0.9453 0.6487 0.0039, 0.8665 0.6684 -0.0157, 0.9453 0.6684 -0.0157, 0.9453 0.6633 -0.0151, 0.8665 0.6633 -0.0151, 0.9453 0.6585 -0.0131, 0.8665 0.6585 -0.0131, 0.9453 0.6545 -0.01, 0.8665 0.6545 -0.01, 0.9453 0.6513 -0.0059, 0.8665 0.6513 -0.0059, 0.9453 0.6494 -0.0012, 0.8665 0.6494 -0.0012, 0.8665 0.9755 -0.0157, 0.9453 0.9755 -0.0157, 0.8665 0.9755 0.0236, 0.9453 0.9755 0.0236, 0.3468 0.6881 0.0236, 0.3468 0.9755 0.0236, 0.2681 0.6881 0.0236, 0.2681 0.9755 0.0236, 0.3468 0.9755 -0.0157, 0.2681 0.9755 -0.0157, 0.3468 0.6684 -0.0157, 0.2681 0.6684 -0.0157, 0.3468 0.6487 0.0039, 0.2681 0.6487 0.0039, 0.2681 0.6494 -0.0012, 0.3468 0.6494 -0.0012, 0.2681 0.6513 -0.0059, 0.3468 0.6513 -0.0059, 0.2681 0.6545 -0.01, 0.3468 0.6545 -0.01, 0.2681 0.6585 -0.0131, 0.3468 0.6585 -0.0131, 0.2681 0.6633 -0.0151, 0.3468 0.6633 -0.0151, 0.3468 0.6487 0.0394, 0.2681 0.6487 0.0394, 0.3468 0.6881 0.0394, 0.2681 0.6881 0.0394, 0.7405 0.6881 0.0236, 0.7405 0.9755 0.0236, 0.6618 0.6881 0.0236, 0.6618 0.9755 0.0236, 0.7405 0.9755 -0.0157, 0.6618 0.9755 -0.0157, 0.7405 0.6684 -0.0157, 0.6618 0.6684 -0.0157, 0.7405 0.6487 0.0039, 0.6618 0.6487 0.0039, 0.6618 0.6494 -0.0012, 0.7405 0.6494 -0.0012, 0.6618 0.6513 -0.0059, 0.7405 0.6513 -0.0059, 0.6618 0.6545 -0.01, 0.7405 0.6545 -0.01, 0.6618 0.6585 -0.0131, 0.7405 0.6585 -0.0131, 0.6618 0.6633 -0.0151, 0.7405 0.6633 -0.0151, 0.7405 0.6487 0.0394, 0.6618 0.6487 0.0394, 0.7405 0.6881 0.0394, 0.6618 0.6881 0.0394, -0.8421 0.6881 0.0394, -0.8421 0.6881 0.0236, -0.9209 0.6881 0.0394, -0.9209 0.6881 0.0236, -0.8421 0.6487 0.0394, -0.9209 0.6487 0.0394, -0.8421 0.6487 0.0039, -0.9209 0.6487 0.0039, -0.9209 0.6494 -0.0012, -0.8421 0.6494 -0.0012, -0.9209 0.6513 -0.0059, -0.8421 0.6513 -0.0059, -0.9209 0.6545 -0.01, -0.8421 0.6545 -0.01, -0.9209 0.6585 -0.0131, -0.8421 0.6585 -0.0131, -0.9209 0.6633 -0.0151, -0.8421 0.6633 -0.0151, -0.9209 0.6684 -0.0157, -0.8421 0.6684 -0.0157, -0.8421 0.9755 -0.0157, -0.9209 0.9755 -0.0157, -0.8421 0.9755 0.0236, -0.9209 0.9755 0.0236, -0.1256 0.9755 0.0236, -0.1256 0.6881 0.0236, -0.0469 0.9755 0.0236, -0.0469 0.6881 0.0236, -0.1256 0.9755 -0.0157, -0.0469 0.9755 -0.0157, -0.1256 0.6684 -0.0157, -0.0469 0.6684 -0.0157, -0.0469 0.6633 -0.0151, -0.1256 0.6633 -0.0151, -0.0469 0.6585 -0.0131, -0.1256 0.6585 -0.0131, -0.0469 0.6545 -0.01, -0.1256 0.6545 -0.01, -0.0469 0.6513 -0.0059, -0.1256 0.6513 -0.0059, -0.0469 0.6494 -0.0012, -0.1256 0.6494 -0.0012, -0.0469 0.6487 0.0039, -0.1256 0.6487 0.0039, -0.1256 0.6487 0.0394, -0.0469 0.6487 0.0394, -0.1256 0.6881 0.0394, -0.0469 0.6881 0.0394, 1.2602 0.6487 0.0394, 1.2602 0.6881 0.0394, 1.1815 0.6487 0.0394, 1.1815 0.6881 0.0394, 1.2602 0.6881 0.0236, 1.1815 0.6881 0.0236, 1.2602 0.9755 0.0236, 1.1815 0.9755 0.0236, 1.2602 0.9755 -0.0157, 1.1815 0.9755 -0.0157, 1.2602 0.6684 -0.0157, 1.1815 0.6684 -0.0157, 1.2602 0.6487 0.0039, 1.1815 0.6487 0.0039, 1.1815 0.6494 -0.0012, 1.2602 0.6494 -0.0012, 1.1815 0.6513 -0.0059, 1.2602 0.6513 -0.0059, 1.1815 0.6545 -0.01, 1.2602 0.6545 -0.01, 1.1815 0.6585 -0.0131, 1.2602 0.6585 -0.0131, 1.1815 0.6633 -0.0151, 1.2602 0.6633 -0.0151, -0.3224 0.9755 0.0236, -0.3224 0.6881 0.0236, -0.2437 0.9755 0.0236, -0.2437 0.6881 0.0236, -0.3224 0.9755 -0.0157, -0.2437 0.9755 -0.0157, -0.3224 0.6684 -0.0157, -0.2437 0.6684 -0.0157, -0.2437 0.6633 -0.0151, -0.3224 0.6633 -0.0151, -0.2437 0.6585 -0.0131, -0.3224 0.6585 -0.0131, -0.2437 0.6545 -0.01, -0.3224 0.6545 -0.01, -0.2437 0.6513 -0.0059, -0.3224 0.6513 -0.0059, -0.2437 0.6494 -0.0012, -0.3224 0.6494 -0.0012, -0.2437 0.6487 0.0039, -0.3224 0.6487 0.0039, -0.3224 0.6487 0.0394, -0.2437 0.6487 0.0394, -0.3224 0.6881 0.0394, -0.2437 0.6881 0.0394, 1.3626 0.6487 0.0394, 1.3626 0.6881 0.0394, 1.2839 0.6487 0.0394, 1.2839 0.6881 0.0394, 1.3626 0.6881 0.0236, 1.2839 0.6881 0.0236, 1.3626 0.9755 0.0236, 1.2839 0.9755 0.0236, 1.3626 0.9755 -0.0157, 1.2839 0.9755 -0.0157, 1.3626 0.6684 -0.0157, 1.2839 0.6684 -0.0157, 1.3626 0.6487 0.0039, 1.2839 0.6487 0.0039, 1.2839 0.6494 -0.0012, 1.3626 0.6494 -0.0012, 1.2839 0.6513 -0.0059, 1.3626 0.6513 -0.0059, 1.2839 0.6545 -0.01, 1.3626 0.6545 -0.01, 1.2839 0.6585 -0.0131, 1.3626 0.6585 -0.0131, 1.2839 0.6633 -0.0151, 1.3626 0.6633 -0.0151, 0.5437 0.6881 0.0236, 0.5437 0.9755 0.0236, 0.465 0.6881 0.0236, 0.465 0.9755 0.0236, 0.5437 0.9755 -0.0157, 0.465 0.9755 -0.0157, 0.5437 0.6684 -0.0157, 0.465 0.6684 -0.0157, 0.5437 0.6487 0.0039, 0.465 0.6487 0.0039, 0.465 0.6494 -0.0012, 0.5437 0.6494 -0.0012, 0.465 0.6513 -0.0059, 0.5437 0.6513 -0.0059, 0.465 0.6545 -0.01, 0.5437 0.6545 -0.01, 0.465 0.6585 -0.0131, 0.5437 0.6585 -0.0131, 0.465 0.6633 -0.0151, 0.5437 0.6633 -0.0151, 0.5437 0.6487 0.0394, 0.465 0.6487 0.0394, 0.5437 0.6881 0.0394, 0.465 0.6881 0.0394, 0.2583 -0.8611 0.5236, 0.3567 -0.8611 0.5236, 0.2583 -0.8611 0.4843, 0.3567 -0.8611 0.4843, 0.2583 -1.7273 0.5236, 0.2583 -1.7273 0.4843, 0.3567 -1.7273 0.5236, 0.3567 -1.7273 0.4843, 0.1795 -0.8611 0.4843, 0.0811 -0.8611 0.4843, 0.1795 -0.8611 0.5236, 0.0811 -0.8611 0.5236, 0.1795 -1.7273 0.4843, 0.1795 -1.7273 0.5236, 0.0811 -1.7273 0.4843, 0.0811 -1.7273 0.5236, -0.0567 -0.8611 0.5236, -0.0567 -0.8611 0.4843, -0.1551 -0.8611 0.5236, -0.1551 -0.8611 0.4843, -0.0567 -1.7273 0.5236, -0.1551 -1.7273 0.5236, -0.0567 -1.7273 0.4843, -0.1551 -1.7273 0.4843, -0.2339 -0.8611 0.5236, -0.2339 -0.8611 0.4843, -0.3323 -0.8611 0.5236, -0.3323 -0.8611 0.4843, -0.2339 -1.7273 0.5236, -0.3323 -1.7273 0.5236, -0.2339 -1.7273 0.4843, -0.3323 -1.7273 0.4843, -0.5095 -1.9005 0.7205, -0.5095 -0.8611 0.7205, -0.411 -1.9005 0.7205, -0.411 -0.8611 0.7205, -0.411 -0.8611 0.7598, -0.5095 -0.8611 0.7598, -0.411 -1.9005 0.7598, -0.5095 -1.9005 0.7598, 1.0063 -0.8611 0.5236, 1.1047 -0.8611 0.5236, 1.0063 -0.8611 0.4843, 1.1047 -0.8611 0.4843, 1.0063 -1.9005 0.5236, 1.0063 -1.9005 0.4843, 1.1047 -1.9005 0.5236, 1.1047 -1.9005 0.4843, 0.4354 -0.8611 0.5236, 0.5339 -0.8611 0.5236, 0.4354 -0.8611 0.4843, 0.5339 -0.8611 0.4843, 0.4354 -1.9005 0.5236, 0.4354 -1.9005 0.4843, 0.5339 -1.9005 0.5236, 0.5339 -1.9005 0.4843, -0.411 -0.8611 0.5236, -0.411 -0.8611 0.4843, -0.5095 -0.8611 0.5236, -0.5095 -0.8611 0.4843, -0.411 -1.9005 0.5236, -0.5095 -1.9005 0.5236, -0.411 -1.9005 0.4843, -0.5095 -1.9005 0.4843, -0.9819 -0.8611 0.5236, -0.9819 -0.8611 0.4843, -1.0803 -0.8611 0.5236, -1.0803 -0.8611 0.4843, -0.9819 -1.9005 0.5236, -1.0803 -1.9005 0.5236, -0.9819 -1.9005 0.4843, -1.0803 -1.9005 0.4843
            ]
        }
        coordIndex [
            0,1,2,-1,2,1,3,-1,4,5,6,-1,6,5,7,-1,1,5,3,-1,3,5,4,-1,7,5,0,-1,0,5,1,-1,3,4,2,-1,2,4,6,-1,7,0,6,-1,6,0,2,-1,8,9,10,-1,10,9,11,-1,12,8,13,-1,13,8,10,-1,14,12,15,-1,15,12,13,-1,16,14,17,-1,17,14,15,-1,18,16,19,-1,19,16,17,-1,18,19,20,-1,18,20,21,-1,21,20,22,-1,21,22,23,-1,23,22,24,-1,23,24,25,-1,25,24,26,-1,25,26,27,-1,27,26,28,-1,27,28,29,-1,29,28,30,-1,29,30,31,-1,9,31,11,-1,11,31,30,-1,12,25,27,-1,14,16,12,-1,12,16,18,-1,9,8,31,-1,31,8,12,-1,31,12,29,-1,29,12,27,-1,18,21,12,-1,12,21,23,-1,12,23,25,-1,13,24,22,-1,10,11,13,-1,13,11,30,-1,17,15,19,-1,19,15,13,-1,19,13,20,-1,20,13,22,-1,30,28,13,-1,13,28,26,-1,13,26,24,-1,32,33,34,-1,34,33,35,-1,33,36,35,-1,35,36,37,-1,36,38,37,-1,37,38,39,-1,40,41,42,-1,40,42,43,-1,43,42,44,-1,43,44,45,-1,45,44,46,-1,45,46,47,-1,47,46,48,-1,47,48,49,-1,49,48,50,-1,49,50,51,-1,51,50,39,-1,51,39,38,-1,40,52,41,-1,41,52,53,-1,52,54,53,-1,53,54,55,-1,54,32,55,-1,55,32,34,-1,32,47,49,-1,54,52,32,-1,32,52,40,-1,36,33,38,-1,38,33,32,-1,38,32,51,-1,51,32,49,-1,40,43,32,-1,32,43,45,-1,32,45,47,-1,53,55,41,-1,41,55,34,-1,35,37,34,-1,34,37,39,-1,46,44,34,-1,34,44,42,-1,34,42,41,-1,39,50,34,-1,34,50,48,-1,34,48,46,-1,56,57,58,-1,58,57,59,-1,57,60,59,-1,59,60,61,-1,60,62,61,-1,61,62,63,-1,64,65,66,-1,64,66,67,-1,67,66,68,-1,67,68,69,-1,69,68,70,-1,69,70,71,-1,71,70,72,-1,71,72,73,-1,73,72,74,-1,73,74,75,-1,75,74,63,-1,75,63,62,-1,64,76,65,-1,65,76,77,-1,76,78,77,-1,77,78,79,-1,78,56,79,-1,79,56,58,-1,56,71,73,-1,78,76,56,-1,56,76,64,-1,60,57,62,-1,62,57,56,-1,62,56,75,-1,75,56,73,-1,64,67,56,-1,56,67,69,-1,56,69,71,-1,58,70,68,-1,59,61,58,-1,58,61,63,-1,77,79,65,-1,65,79,58,-1,65,58,66,-1,66,58,68,-1,63,74,58,-1,58,74,72,-1,58,72,70,-1,80,81,82,-1,82,81,83,-1,84,80,85,-1,85,80,82,-1,86,84,87,-1,87,84,85,-1,88,86,89,-1,89,86,87,-1,90,88,91,-1,91,88,89,-1,90,91,92,-1,90,92,93,-1,93,92,94,-1,93,94,95,-1,95,94,96,-1,95,96,97,-1,97,96,98,-1,97,98,99,-1,99,98,100,-1,99,100,101,-1,101,100,102,-1,101,102,103,-1,81,103,83,-1,83,103,102,-1,84,97,99,-1,86,88,84,-1,84,88,90,-1,81,80,103,-1,103,80,84,-1,103,84,101,-1,101,84,99,-1,90,93,84,-1,84,93,95,-1,84,95,97,-1,85,96,94,-1,82,83,85,-1,85,83,102,-1,89,87,91,-1,91,87,85,-1,91,85,92,-1,92,85,94,-1,102,100,85,-1,85,100,98,-1,85,98,96,-1,104,105,106,-1,106,105,107,-1,108,109,110,-1,110,109,111,-1,105,109,107,-1,107,109,108,-1,111,109,104,-1,104,109,105,-1,107,108,106,-1,106,108,110,-1,111,104,110,-1,110,104,106,-1,112,113,114,-1,114,113,115,-1,116,112,117,-1,117,112,114,-1,118,116,119,-1,119,116,117,-1,118,119,120,-1,118,120,121,-1,121,120,122,-1,121,122,123,-1,123,122,124,-1,123,124,125,-1,125,124,126,-1,125,126,127,-1,127,126,128,-1,127,128,129,-1,129,128,130,-1,129,130,131,-1,132,131,133,-1,133,131,130,-1,134,132,135,-1,135,132,133,-1,113,134,115,-1,115,134,135,-1,113,125,127,-1,112,116,113,-1,113,116,118,-1,132,134,131,-1,131,134,113,-1,131,113,129,-1,129,113,127,-1,118,121,113,-1,113,121,123,-1,113,123,125,-1,115,124,122,-1,135,133,115,-1,115,133,130,-1,117,114,119,-1,119,114,115,-1,119,115,120,-1,120,115,122,-1,130,128,115,-1,115,128,126,-1,115,126,124,-1,136,137,138,-1,138,137,139,-1,140,136,141,-1,141,136,138,-1,142,140,143,-1,143,140,141,-1,142,143,144,-1,142,144,145,-1,145,144,146,-1,145,146,147,-1,147,146,148,-1,147,148,149,-1,149,148,150,-1,149,150,151,-1,151,150,152,-1,151,152,153,-1,153,152,154,-1,153,154,155,-1,156,155,157,-1,157,155,154,-1,158,156,159,-1,159,156,157,-1,137,158,139,-1,139,158,159,-1,137,149,151,-1,136,140,137,-1,137,140,142,-1,156,158,155,-1,155,158,137,-1,155,137,153,-1,153,137,151,-1,142,145,137,-1,137,145,147,-1,137,147,149,-1,139,148,146,-1,159,157,139,-1,139,157,154,-1,141,138,143,-1,143,138,139,-1,143,139,144,-1,144,139,146,-1,154,152,139,-1,139,152,150,-1,139,150,148,-1,160,161,162,-1,162,161,163,-1,164,160,165,-1,165,160,162,-1,166,164,167,-1,167,164,165,-1,166,167,168,-1,166,168,169,-1,169,168,170,-1,169,170,171,-1,171,170,172,-1,171,172,173,-1,173,172,174,-1,173,174,175,-1,175,174,176,-1,175,176,177,-1,177,176,178,-1,177,178,179,-1,180,179,181,-1,181,179,178,-1,182,180,183,-1,183,180,181,-1,161,182,163,-1,163,182,183,-1,161,173,175,-1,160,164,161,-1,161,164,166,-1,180,182,179,-1,179,182,161,-1,179,161,177,-1,177,161,175,-1,166,169,161,-1,161,169,171,-1,161,171,173,-1,163,172,170,-1,183,181,163,-1,163,181,178,-1,165,162,167,-1,167,162,163,-1,167,163,168,-1,168,163,170,-1,178,176,163,-1,163,176,174,-1,163,174,172,-1,184,185,186,-1,186,185,187,-1,185,188,187,-1,187,188,189,-1,188,190,189,-1,189,190,191,-1,192,193,194,-1,192,194,195,-1,195,194,196,-1,195,196,197,-1,197,196,198,-1,197,198,199,-1,199,198,200,-1,199,200,201,-1,201,200,202,-1,201,202,203,-1,203,202,191,-1,203,191,190,-1,192,204,193,-1,193,204,205,-1,204,206,205,-1,205,206,207,-1,206,184,207,-1,207,184,186,-1,184,199,201,-1,206,204,184,-1,184,204,192,-1,188,185,190,-1,190,185,184,-1,190,184,203,-1,203,184,201,-1,192,195,184,-1,184,195,197,-1,184,197,199,-1,186,198,196,-1,187,189,186,-1,186,189,191,-1,205,207,193,-1,193,207,186,-1,193,186,194,-1,194,186,196,-1,191,202,186,-1,186,202,200,-1,186,200,198,-1,208,209,210,-1,210,209,211,-1,209,212,211,-1,211,212,213,-1,212,214,213,-1,213,214,215,-1,216,217,218,-1,216,218,219,-1,219,218,220,-1,219,220,221,-1,221,220,222,-1,221,222,223,-1,223,222,224,-1,223,224,225,-1,225,224,226,-1,225,226,227,-1,227,226,215,-1,227,215,214,-1,216,228,217,-1,217,228,229,-1,228,230,229,-1,229,230,231,-1,230,208,231,-1,231,208,210,-1,208,223,225,-1,230,228,208,-1,208,228,216,-1,212,209,214,-1,214,209,208,-1,214,208,227,-1,227,208,225,-1,216,219,208,-1,208,219,221,-1,208,221,223,-1,229,231,217,-1,217,231,210,-1,211,213,210,-1,210,213,215,-1,222,220,210,-1,210,220,218,-1,210,218,217,-1,215,226,210,-1,210,226,224,-1,210,224,222,-1,232,233,234,-1,234,233,235,-1,233,236,235,-1,235,236,237,-1,236,238,237,-1,237,238,239,-1,240,241,242,-1,240,242,243,-1,243,242,244,-1,243,244,245,-1,245,244,246,-1,245,246,247,-1,247,246,248,-1,247,248,249,-1,249,248,250,-1,249,250,251,-1,251,250,239,-1,251,239,238,-1,240,252,241,-1,241,252,253,-1,252,254,253,-1,253,254,255,-1,254,232,255,-1,255,232,234,-1,232,247,249,-1,254,252,232,-1,232,252,240,-1,236,233,238,-1,238,233,232,-1,238,232,251,-1,251,232,249,-1,240,243,232,-1,232,243,245,-1,232,245,247,-1,234,246,244,-1,235,237,234,-1,234,237,239,-1,253,255,241,-1,241,255,234,-1,241,234,242,-1,242,234,244,-1,239,250,234,-1,234,250,248,-1,234,248,246,-1,256,257,258,-1,258,257,259,-1,260,256,261,-1,261,256,258,-1,262,260,263,-1,263,260,261,-1,262,263,264,-1,262,264,265,-1,265,264,266,-1,265,266,267,-1,267,266,268,-1,267,268,269,-1,269,268,270,-1,269,270,271,-1,271,270,272,-1,271,272,273,-1,273,272,274,-1,273,274,275,-1,276,275,277,-1,277,275,274,-1,278,276,279,-1,279,276,277,-1,257,278,259,-1,259,278,279,-1,257,269,271,-1,256,260,257,-1,257,260,262,-1,276,278,275,-1,275,278,257,-1,275,257,273,-1,273,257,271,-1,262,265,257,-1,257,265,267,-1,257,267,269,-1,259,268,266,-1,279,277,259,-1,259,277,274,-1,261,258,263,-1,263,258,259,-1,263,259,264,-1,264,259,266,-1,274,272,259,-1,259,272,270,-1,259,270,268,-1,280,281,282,-1,282,281,283,-1,284,280,285,-1,285,280,282,-1,286,284,287,-1,287,284,285,-1,286,287,288,-1,286,288,289,-1,289,288,290,-1,289,290,291,-1,291,290,292,-1,291,292,293,-1,293,292,294,-1,293,294,295,-1,295,294,296,-1,295,296,297,-1,297,296,298,-1,297,298,299,-1,300,299,301,-1,301,299,298,-1,302,300,303,-1,303,300,301,-1,281,302,283,-1,283,302,303,-1,281,293,295,-1,280,284,281,-1,281,284,286,-1,300,302,299,-1,299,302,281,-1,299,281,297,-1,297,281,295,-1,286,289,281,-1,281,289,291,-1,281,291,293,-1,283,292,290,-1,303,301,283,-1,283,301,298,-1,285,282,287,-1,287,282,283,-1,287,283,288,-1,288,283,290,-1,298,296,283,-1,283,296,294,-1,283,294,292,-1,304,305,306,-1,306,305,307,-1,305,308,307,-1,307,308,309,-1,308,310,309,-1,309,310,311,-1,310,312,311,-1,311,312,313,-1,312,314,313,-1,313,314,315,-1,316,317,318,-1,316,318,319,-1,319,318,320,-1,319,320,321,-1,321,320,322,-1,321,322,323,-1,323,322,324,-1,323,324,325,-1,325,324,326,-1,325,326,327,-1,327,326,315,-1,327,315,314,-1,316,304,317,-1,317,304,306,-1,308,323,325,-1,305,304,308,-1,308,304,316,-1,312,310,314,-1,314,310,308,-1,314,308,327,-1,327,308,325,-1,316,319,308,-1,308,319,321,-1,308,321,323,-1,309,322,320,-1,311,313,309,-1,309,313,315,-1,306,307,317,-1,317,307,309,-1,317,309,318,-1,318,309,320,-1,315,326,309,-1,309,326,324,-1,309,324,322,-1,328,329,330,-1,330,329,331,-1,332,328,333,-1,333,328,330,-1,334,332,335,-1,335,332,333,-1,334,335,336,-1,334,336,337,-1,337,336,338,-1,337,338,339,-1,339,338,340,-1,339,340,341,-1,341,340,342,-1,341,342,343,-1,343,342,344,-1,343,344,345,-1,345,344,346,-1,345,346,347,-1,348,347,349,-1,349,347,346,-1,350,348,351,-1,351,348,349,-1,329,350,331,-1,331,350,351,-1,329,341,343,-1,328,332,329,-1,329,332,334,-1,348,350,347,-1,347,350,329,-1,347,329,345,-1,345,329,343,-1,334,337,329,-1,329,337,339,-1,329,339,341,-1,331,340,338,-1,351,349,331,-1,331,349,346,-1,333,330,335,-1,335,330,331,-1,335,331,336,-1,336,331,338,-1,346,344,331,-1,331,344,342,-1,331,342,340,-1,352,353,354,-1,354,353,355,-1,353,356,355,-1,355,356,357,-1,356,358,357,-1,357,358,359,-1,358,360,359,-1,359,360,361,-1,360,362,361,-1,361,362,363,-1,364,365,366,-1,364,366,367,-1,367,366,368,-1,367,368,369,-1,369,368,370,-1,369,370,371,-1,371,370,372,-1,371,372,373,-1,373,372,374,-1,373,374,375,-1,375,374,363,-1,375,363,362,-1,364,352,365,-1,365,352,354,-1,356,371,373,-1,353,352,356,-1,356,352,364,-1,360,358,362,-1,362,358,356,-1,362,356,375,-1,375,356,373,-1,364,367,356,-1,356,367,369,-1,356,369,371,-1,357,370,368,-1,359,361,357,-1,357,361,363,-1,354,355,365,-1,365,355,357,-1,365,357,366,-1,366,357,368,-1,363,374,357,-1,357,374,372,-1,357,372,370,-1,376,377,378,-1,378,377,379,-1,377,380,379,-1,379,380,381,-1,380,382,381,-1,381,382,383,-1,384,385,386,-1,384,386,387,-1,387,386,388,-1,387,388,389,-1,389,388,390,-1,389,390,391,-1,391,390,392,-1,391,392,393,-1,393,392,394,-1,393,394,395,-1,395,394,383,-1,395,383,382,-1,384,396,385,-1,385,396,397,-1,396,398,397,-1,397,398,399,-1,398,376,399,-1,399,376,378,-1,376,391,393,-1,398,396,376,-1,376,396,384,-1,380,377,382,-1,382,377,376,-1,382,376,395,-1,395,376,393,-1,384,387,376,-1,376,387,389,-1,376,389,391,-1,378,390,388,-1,379,381,378,-1,378,381,383,-1,397,399,385,-1,385,399,378,-1,385,378,386,-1,386,378,388,-1,383,394,378,-1,378,394,392,-1,378,392,390,-1,400,401,402,-1,402,401,403,-1,404,400,405,-1,405,400,402,-1,406,401,404,-1,404,401,400,-1,407,403,406,-1,406,403,401,-1,405,402,407,-1,407,402,403,-1,404,405,406,-1,406,405,407,-1,408,409,410,-1,410,409,411,-1,412,408,413,-1,413,408,410,-1,414,409,412,-1,412,409,408,-1,415,411,414,-1,414,411,409,-1,413,410,415,-1,415,410,411,-1,412,413,414,-1,414,413,415,-1,416,417,418,-1,418,417,419,-1,420,416,421,-1,421,416,418,-1,422,417,420,-1,420,417,416,-1,423,419,422,-1,422,419,417,-1,421,418,423,-1,423,418,419,-1,420,421,422,-1,422,421,423,-1,424,425,426,-1,426,425,427,-1,428,424,429,-1,429,424,426,-1,430,425,428,-1,428,425,424,-1,431,427,430,-1,430,427,425,-1,429,426,431,-1,431,426,427,-1,428,429,430,-1,430,429,431,-1,432,433,434,-1,434,433,435,-1,436,437,438,-1,438,437,439,-1,433,437,435,-1,435,437,436,-1,439,437,432,-1,432,437,433,-1,435,436,434,-1,434,436,438,-1,439,432,438,-1,438,432,434,-1,440,441,442,-1,442,441,443,-1,444,440,445,-1,445,440,442,-1,446,441,444,-1,444,441,440,-1,447,443,446,-1,446,443,441,-1,445,442,447,-1,447,442,443,-1,444,445,446,-1,446,445,447,-1,448,449,450,-1,450,449,451,-1,452,448,453,-1,453,448,450,-1,454,449,452,-1,452,449,448,-1,455,451,454,-1,454,451,449,-1,453,450,455,-1,455,450,451,-1,452,453,454,-1,454,453,455,-1,456,457,458,-1,458,457,459,-1,460,456,461,-1,461,456,458,-1,462,457,460,-1,460,457,456,-1,463,459,462,-1,462,459,457,-1,461,458,463,-1,463,458,459,-1,460,461,462,-1,462,461,463,-1,464,465,466,-1,466,465,467,-1,468,464,469,-1,469,464,466,-1,470,465,468,-1,468,465,464,-1,471,467,470,-1,470,467,465,-1,469,466,471,-1,471,466,467,-1,468,469,470,-1,470,469,471,-1,
        ]
    }
}
Shape{
    appearance Appearance {
        material  Material 	{
            diffuseColor 0.7529411764705882 0.7529411764705882 0.7529411764705882
            specularColor 0.3764705882352941 0.3764705882352941 0.3764705882352941
            ambientIntensity 0.7529
            transparency 0.0
            shininess 0.5
        }
    }
    geometry IndexedFaceSet {
        ccw TRUE
        solid FALSE
        coord DEF co Coordinate {
            point [
                -0.3499 0.818 1.126, 0.3743 0.818 1.126, 0.2955 0.503 1.126, 0.3743 0.5818 1.126, 0.4453 0.5818 1.126, 0.4351 0.5804 1.126, 0.4256 0.5765 1.126, 0.4174 0.5702 1.126, -0.2711 0.0896 1.126, 1.3783 -2.056 1.126, -0.8539 0.0896 1.126, -1.3539 -2.056 1.126, 0.9124 0.4833 1.126, 1.3783 0.818 1.126, 0.9164 0.4928 1.126, -0.8818 0.4752 1.126, -0.8736 0.4689 1.126, -0.2711 0.503 1.126, -0.3815 0.503 1.126, -0.3815 0.5424 1.126, 0.8885 0.465 1.126, 0.898 0.4689 1.126, 0.9062 0.4752 1.126, -0.3868 0.5621 1.126, -0.393 0.5702 1.126, -0.3499 0.5818 1.126, 0.2955 0.0896 1.126, 0.8783 0.0896 1.126, 0.8783 0.4637 1.126, 0.9177 0.503 1.126, 0.9177 0.7786 1.126, 0.9571 0.818 1.126, 0.9483 0.817 1.126, 0.4112 0.5621 1.126, 0.4072 0.5526 1.126, 0.4059 0.5424 1.126, 0.4059 0.503 1.126, -0.8641 0.465 1.126, -0.8539 0.4637 1.126, -0.3828 0.5526 1.126, -0.4012 0.5765 1.126, -0.4107 0.5804 1.126, -0.4209 0.5818 1.126, -0.9239 0.817 1.126, -0.8933 0.7786 1.126, -0.9327 0.818 1.126, -0.8933 0.503 1.126, -1.3539 0.818 1.126, -0.892 0.4928 1.126, -0.888 0.4833 1.126, 0.9263 0.8032 1.126, 0.9216 0.7957 1.126, 0.9187 0.7874 1.126, 0.9325 0.8094 1.126, 0.94 0.8141 1.126, -0.9156 0.8141 1.126, -0.9081 0.8094 1.126, -0.8943 0.7874 1.126, -0.9019 0.8032 1.126, -0.8972 0.7957 1.126, -1.5256 0.0896 0.0394, -1.4642 0.0896 0.0394, -1.5248 0.0896 0.039, -1.4642 0.0896 0.0157, 1.4886 0.0896 0.0157, 1.4886 0.0896 0.0394, 1.5492 0.0896 0.039, 1.55 0.0896 0.0394, 0.5043 0.0896 0.0394, 0.5043 0.0896 0.0, -0.4799 0.0896 0.0394, -0.4799 0.0896 0.0, -1.6256 0.0896 0.1087, -1.6295 0.0896 0.1125, -1.6256 0.0896 0.3473, -1.6295 0.0896 0.3937, 1.6539 0.0896 0.3937, 1.6539 0.0896 0.1125, 1.65 0.0896 0.3473, 1.65 0.0896 0.1087, 0.2343 0.2624 1.2441, 0.2357 0.2514 1.2441, 0.2379 0.2911 1.2441, 0.0011 0.2904 1.2441, 0.0011 0.2195 1.2441, 0.033 0.2195 1.2441, 0.0996 -0.0112 1.2441, 0.0996 -2.056 1.2441, 0.1442 -2.056 1.2441, 0.2229 0.1526 1.2441, 0.2229 0.1286 1.2441, 0.2379 0.1286 1.2441, 0.2229 0.1194 1.2441, 0.2229 0.0925 1.2441, 0.2379 0.0925 1.2441, 0.1581 0.1405 1.2441, 0.1629 0.1266 1.2441, 0.1629 0.1526 1.2441, 0.1275 0.0831 1.2441, 0.1243 0.0827 1.2441, 0.1442 0.0827 1.2441, 0.4059 0.5424 1.2441, 0.4059 0.818 1.2441, 0.324 0.818 1.2441, 0.0657 0.2904 1.2441, 0.0717 0.2911 1.2441, 0.0351 0.2911 1.2441, 0.0878 0.291 1.2441, 0.0928 0.2895 1.2441, 0.0928 0.2911 1.2441, 0.1226 0.2464 1.2441, 0.1226 0.2195 1.2441, 0.1442 0.2195 1.2441, 0.2707 0.0833 1.2441, 0.2707 0.1526 1.2441, 0.2632 0.1526 1.2441, -0.2817 0.1496 1.2441, -0.2717 0.1406 1.2441, -0.2486 0.1526 1.2441, -0.1745 0.2911 1.2441, -0.1619 0.2823 1.2441, -0.042 0.2911 1.2441, -0.1422 0.2592 1.2441, -0.1114 0.228 1.2441, -0.0959 0.2149 1.2441, -0.0843 0.1987 1.2441, -0.042 0.1862 1.2441, -0.1311 0.2373 1.2441, -0.1283 0.2364 1.2441, -0.265 0.309 1.2441, -0.2393 0.3119 1.2441, -0.393 0.4752 1.2441, -0.3828 0.4928 1.2441, -0.3868 0.4833 1.2441, -0.3053 0.2911 1.2441, -0.4012 0.4689 1.2441, -0.4107 0.465 1.2441, -0.3815 0.503 1.2441, -0.042 0.818 1.2441, -0.3815 0.818 1.2441, -0.3815 0.5424 1.2441, -0.2123 0.3087 1.2441, -0.1841 0.2977 1.2441, -0.2914 0.2995 1.2441, -0.5082 0.2911 1.2441, -0.3682 0.263 1.2441, -0.3457 0.2658 1.2441, -0.5082 0.1862 1.2441, -0.434 0.2005 1.2441, -0.4249 0.221 1.2441, -0.4112 0.2385 1.2441, -0.4209 0.4637 1.2441, -0.3076 0.2897 1.2441, -0.321 0.2783 1.2441, -0.3392 0.2655 1.2441, -0.3327 0.2647 1.2441, -0.4074 0.2421 1.2441, -0.3893 0.2549 1.2441, -0.5082 0.1526 1.2441, -0.4354 0.1526 1.2441, -0.438 0.1736 1.2441, -0.4378 0.1791 1.2441, -0.4365 0.1862 1.2441, -0.3757 0.0864 1.2441, -0.3963 0.0964 1.2441, -0.5082 0.0827 1.2441, -0.3685 0.0842 1.2441, -0.4141 0.1115 1.2441, -0.4271 0.1301 1.2441, -0.4352 0.1513 1.2441, -0.3301 0.0476 1.2441, -0.3432 0.0532 1.2441, -0.5082 -0.0112 1.2441, -0.3543 0.0615 1.2441, -0.3628 0.072 1.2441, -0.3678 0.0827 1.2441, -0.2611 0.0825 1.2441, -0.2679 0.0698 1.2441, -0.042 -0.0112 1.2441, -0.2766 0.06 1.2441, -0.288 0.0521 1.2441, -0.3007 0.0472 1.2441, -0.3144 0.0455 1.2441, -0.3166 0.0455 1.2441, -0.042 0.1526 1.2441, -0.0761 0.1526 1.2441, -0.0774 0.1424 1.2441, -0.1884 0.1163 1.2441, -0.1845 0.1178 1.2441, -0.1778 0.1502 1.2441, -0.0958 0.1087 1.2441, -0.1113 0.0956 1.2441, -0.042 0.0827 1.2441, -0.1919 0.1138 1.2441, -0.1801 0.1184 1.2441, -0.1795 0.1183 1.2441, -0.1778 0.1179 1.2441, -0.0845 0.1244 1.2441, -0.1977 0.1007 1.2441, -0.1976 0.103 1.2441, -0.2575 0.1081 1.2441, -0.1964 0.1073 1.2441, -0.1943 0.1112 1.2441, -0.1216 0.1321 1.2441, -0.1154 0.141 1.2441, -0.1844 0.0836 1.2441, -0.1882 0.0851 1.2441, -0.2611 0.0827 1.2441, -0.1919 0.0877 1.2441, -0.1932 0.089 1.2441, -0.1957 0.0926 1.2441, -0.1972 0.0965 1.2441, -0.2578 0.0965 1.2441, -0.2575 0.1024 1.2441, -0.1287 0.0871 1.2441, -0.1476 0.0831 1.2441, -0.1812 0.0831 1.2441, -0.1767 0.1178 1.2441, -0.1511 0.1178 1.2441, -0.1408 0.1198 1.2441, -0.1308 0.1244 1.2441, -0.1224 0.1313 1.2441, -0.1114 0.1511 1.2441, -0.1112 0.1526 1.2441, -0.1792 0.1526 1.2441, -0.1101 0.1622 1.2441, -0.3406 0.1534 1.2441, -0.328 0.1583 1.2441, -0.4007 0.1862 1.2441, -0.1103 0.1672 1.2441, -0.113 0.1781 1.2441, -0.1955 0.1804 1.2441, -0.3144 0.1599 1.2441, -0.1174 0.1862 1.2441, -0.3975 0.1526 1.2441, -0.3418 0.1526 1.2441, -0.4014 0.166 1.2441, -0.4021 0.1747 1.2441, -0.3075 0.1595 1.2441, -0.2938 0.1561 1.2441, -0.2873 0.1526 1.2441, -0.3973 0.152 1.2441, -0.3617 0.1346 1.2441, -0.3522 0.1454 1.2441, -0.3906 0.1405 1.2441, -0.3804 0.13 1.2441, -0.368 0.1224 1.2441, -0.1713 0.2408 1.2441, -0.1841 0.2561 1.2441, -0.315 0.2231 1.2441, -0.1856 0.2575 1.2441, -0.2016 0.2686 1.2441, -0.3063 0.2411 1.2441, -0.3191 0.2253 1.2441, -0.3318 0.23 1.2441, -0.1183 0.1879 1.2441, -0.1249 0.1953 1.2441, -0.1545 0.2066 1.2441, -0.1337 0.2014 1.2441, -0.1436 0.2053 1.2441, -0.159 0.2066 1.2441, -0.1625 0.2225 1.2441, -0.3651 0.228 1.2441, -0.3778 0.2213 1.2441, -0.3511 0.2313 1.2441, -0.3876 0.2125 1.2441, -0.3955 0.2012 1.2441, -0.2935 0.2564 1.2441, -0.2194 0.2754 1.2441, -0.2783 0.2675 1.2441, -0.2387 0.2778 1.2441, -0.2597 0.2751 1.2441, -0.3452 0.2317 1.2441, -0.4004 0.1885 1.2441, -0.0793 0.1862 1.2441, -0.0774 0.1813 1.2441, -0.0748 0.1628 1.2441, 0.324 0.0827 1.2441, 0.3239 0.0946 1.2441, 0.3155 0.0886 1.2441, 0.3063 0.085 1.2441, 0.2928 0.0833 1.2441, 0.2632 0.0827 1.2441, 0.3518 0.0833 1.2441, 0.3404 0.0833 1.2441, 0.401 0.0833 1.2441, 0.3928 0.1052 1.2441, 0.3595 0.1052 1.2441, 0.3316 0.1431 1.2441, 0.3346 0.1354 1.2441, 0.3668 0.1526 1.2441, 0.3298 0.1016 1.2441, 0.324 0.0948 1.2441, 0.4124 0.0833 1.2441, 0.5076 0.0827 1.2441, 0.386 0.1526 1.2441, 0.5076 0.1526 1.2441, 0.3819 0.1634 1.2441, 0.3359 0.1244 1.2441, 0.3357 0.1193 1.2441, 0.3338 0.1099 1.2441, 0.3058 0.1621 1.2441, 0.3155 0.1585 1.2441, 0.324 0.1862 1.2441, 0.2632 0.1862 1.2441, 0.2707 0.1634 1.2441, 0.2936 0.1634 1.2441, 0.0011 0.1526 1.2441, 0.0011 0.1286 1.2441, 0.0335 0.1526 1.2441, 0.0298 0.1286 1.2441, 0.0298 0.1194 1.2441, 0.0011 0.1542 1.2441, 0.032 0.1542 1.2441, 0.032 0.1634 1.2441, 0.0335 0.1862 1.2441, -0.0092 0.1634 1.2441, -0.0092 0.1526 1.2441, -0.0092 0.0833 1.2441, 0.0335 0.0827 1.2441, 0.0351 0.0827 1.2441, 0.0339 0.0833 1.2441, 0.0335 0.0833 1.2441, 0.0335 0.0925 1.2441, 0.0339 0.0925 1.2441, 0.0351 0.1526 1.2441, 0.2632 0.271 1.2441, 0.2706 0.2904 1.2441, 0.2632 0.2911 1.2441, 0.2817 0.2904 1.2441, 0.324 0.2911 1.2441, 0.3121 0.2104 1.2441, 0.2401 0.2104 1.2441, 0.2379 0.1862 1.2441, 0.2515 0.2104 1.2441, 0.2592 0.2323 1.2441, 0.2632 0.2323 1.2441, 0.1535 0.2812 1.2441, 0.1629 0.2911 1.2441, 0.1535 0.2904 1.2441, 0.1442 0.2911 1.2441, 0.1442 0.2904 1.2441, 0.1553 0.2195 1.2441, 0.1513 0.2464 1.2441, 0.1442 0.2464 1.2441, 0.1442 0.2556 1.2441, 0.1513 0.2556 1.2441, 0.1442 0.2812 1.2441, 0.1226 0.2812 1.2441, 0.1226 0.2556 1.2441, 0.1442 0.2104 1.2441, 0.1123 0.2104 1.2441, 0.0996 0.1862 1.2441, 0.1123 0.2904 1.2441, 0.0996 0.2911 1.2441, 0.0963 0.2885 1.2441, 0.0963 0.2777 1.2441, 0.0963 0.2236 1.2441, 0.0963 0.2137 1.2441, 0.0774 0.2825 1.2441, 0.0736 0.2823 1.2441, 0.0928 0.2221 1.2441, 0.0872 0.2813 1.2441, 0.0954 0.2782 1.2441, 0.0928 0.2792 1.2441, 0.0667 0.2808 1.2441, 0.0605 0.2777 1.2441, 0.0556 0.2736 1.2441, 0.055 0.273 1.2441, 0.0512 0.2674 1.2441, 0.0485 0.2605 1.2441, 0.0472 0.2495 1.2441, 0.0473 0.2459 1.2441, 0.0884 0.2201 1.2441, 0.0793 0.2184 1.2441, 0.0756 0.2182 1.2441, 0.0487 0.238 1.2441, 0.0514 0.2316 1.2441, 0.055 0.2267 1.2441, 0.0573 0.2245 1.2441, 0.0686 0.2189 1.2441, 0.0627 0.221 1.2441, 0.0928 0.818 1.2441, 0.0773 0.2918 1.2441, 0.0859 0.2911 1.2441, 0.0351 0.818 1.2441, 0.0949 0.213 1.2441, 0.0928 0.2123 1.2441, 0.0928 0.1862 1.2441, 0.0863 0.2102 1.2441, 0.0741 0.209 1.2441, 0.0692 0.2092 1.2441, 0.0351 0.1862 1.2441, 0.0606 0.211 1.2441, 0.053 0.2146 1.2441, 0.0466 0.22 1.2441, 0.0459 0.2207 1.2441, 0.0411 0.2275 1.2441, 0.0383 0.2635 1.2441, 0.0421 0.2724 1.2441, 0.0479 0.28 1.2441, 0.0379 0.2359 1.2441, 0.0363 0.2489 1.2441, 0.0364 0.2531 1.2441, 0.0499 0.2819 1.2441, 0.0574 0.2871 1.2441, -0.888 0.4833 1.2441, -1.3539 0.2911 1.2441, -0.8818 0.4752 1.2441, -0.8736 0.4689 1.2441, -0.5082 0.4637 1.2441, -0.8539 0.4637 1.2441, -0.8641 0.465 1.2441, -0.9019 0.8032 1.2441, -0.9081 0.8094 1.2441, -0.9156 0.8141 1.2441, -0.892 0.4928 1.2441, -0.8933 0.503 1.2441, -1.3539 0.818 1.2441, -0.8933 0.7786 1.2441, -0.9327 0.818 1.2441, -0.8943 0.7874 1.2441, -0.8972 0.7957 1.2441, -0.9239 0.817 1.2441, 0.4256 0.4689 1.2441, 0.4174 0.4752 1.2441, 0.4112 0.4833 1.2441, 0.4072 0.4928 1.2441, 0.4059 0.503 1.2441, 0.8783 0.4637 1.2441, 0.5076 0.4637 1.2441, 0.5076 0.2911 1.2441, 0.4453 0.4637 1.2441, 0.4351 0.465 1.2441, 0.9164 0.4928 1.2441, 0.9124 0.4833 1.2441, 1.1874 0.2911 1.2441, 0.9062 0.4752 1.2441, 0.898 0.4689 1.2441, 0.8885 0.465 1.2441, 0.9177 0.7786 1.2441, 0.9177 0.503 1.2441, 0.9571 0.818 1.2441, 1.1874 0.818 1.2441, 0.9483 0.817 1.2441, 0.94 0.8141 1.2441, 0.9187 0.7874 1.2441, 0.9325 0.8094 1.2441, 0.9216 0.7957 1.2441, 0.9263 0.8032 1.2441, 0.0794 0.0833 1.2441, 0.0671 0.0827 1.2441, 0.0928 0.0827 1.2441, 0.0558 0.0827 1.2441, 0.0556 0.0827 1.2441, 0.0518 0.0841 1.2441, 0.0484 0.0865 1.2441, 0.0473 0.0876 1.2441, 0.0491 0.1268 1.2441, 0.0794 0.0922 1.2441, 0.0791 0.0922 1.2441, 0.0765 0.0885 1.2441, 0.0732 0.0855 1.2441, 0.0491 0.1365 1.2441, 0.0511 0.1377 1.2441, 0.0586 0.1406 1.2441, 0.0713 0.0843 1.2441, 0.0673 0.0827 1.2441, 0.0452 0.0907 1.2441, 0.044 0.0941 1.2441, 0.0435 0.0987 1.2441, 0.0435 0.1002 1.2441, 0.0442 0.1044 1.2441, 0.0456 0.1079 1.2441, 0.0477 0.1108 1.2441, 0.0508 0.1134 1.2441, 0.0552 0.1156 1.2441, 0.0549 0.1306 1.2441, 0.0624 0.1173 1.2441, 0.0712 0.1333 1.2441, 0.0678 0.1337 1.2441, 0.0612 0.1329 1.2441, 0.0825 0.138 1.2441, 0.0851 0.1354 1.2441, 0.0928 0.1526 1.2441, 0.0872 0.1322 1.2441, 0.0687 0.1418 1.2441, 0.075 0.1413 1.2441, 0.0792 0.14 1.2441, 0.0794 0.1197 1.2441, 0.079 0.1241 1.2441, 0.078 0.1277 1.2441, 0.0768 0.1298 1.2441, 0.0887 0.1275 1.2441, 0.0894 0.1201 1.2441, 0.0894 0.0833 1.2441, 0.0753 0.1314 1.2441, 0.0735 0.1325 1.2441, 0.0351 -0.0112 1.2441, 0.0616 0.082 1.2441, 0.0928 -0.0112 1.2441, 0.1091 0.0831 1.2441, 0.103 0.0854 1.2441, 0.0996 0.0827 1.2441, 0.103 0.0957 1.2441, 0.0996 0.1526 1.2441, 0.1442 0.1526 1.2441, 0.1389 0.1296 1.2441, 0.1389 0.1393 1.2441, 0.1412 0.0949 1.2441, 0.1399 0.0917 1.2441, 0.1381 0.0891 1.2441, 0.1383 0.1084 1.2441, 0.1401 0.1056 1.2441, 0.1412 0.1026 1.2441, 0.1416 0.0989 1.2441, 0.1059 0.1161 1.2441, 0.1046 0.1181 1.2441, 0.1035 0.1212 1.2441, 0.1031 0.1251 1.2441, 0.1035 0.1287 1.2441, 0.1047 0.1319 1.2441, 0.1065 0.1346 1.2441, 0.1095 0.1373 1.2441, 0.1128 0.1392 1.2441, 0.1352 0.0865 1.2441, 0.1328 0.0851 1.2441, 0.1183 0.1411 1.2441, 0.1253 0.1418 1.2441, 0.1324 0.1412 1.2441, 0.1133 0.0909 1.2441, 0.1183 0.1085 1.2441, 0.107 0.0932 1.2441, 0.1123 0.1112 1.2441, 0.1076 0.1143 1.2441, 0.1244 0.1337 1.2441, 0.1214 0.1335 1.2441, 0.1134 0.126 1.2441, 0.1187 0.1328 1.2441, 0.1165 0.1316 1.2441, 0.1135 0.1247 1.2441, 0.1139 0.1231 1.2441, 0.1146 0.1218 1.2441, 0.1195 0.0902 1.2441, 0.12 0.0902 1.2441, 0.1248 0.1057 1.2441, 0.1251 0.0908 1.2441, 0.1313 0.0979 1.2441, 0.1312 0.0992 1.2441, 0.1156 0.1207 1.2441, 0.1191 0.1185 1.2441, 0.1308 0.133 1.2441, 0.1253 0.1158 1.2441, 0.1365 0.131 1.2441, 0.1292 0.1142 1.2441, 0.1359 0.1105 1.2441, 0.1277 0.0917 1.2441, 0.1286 0.0923 1.2441, 0.1297 0.0933 1.2441, 0.1149 0.1302 1.2441, 0.1141 0.129 1.2441, 0.1136 0.1276 1.2441, 0.1306 0.0946 1.2441, 0.1311 0.096 1.2441, 0.1308 0.1007 1.2441, 0.13 0.1021 1.2441, 0.1288 0.1034 1.2441, 0.1128 0.0827 1.2441, 0.1185 0.082 1.2441, 0.1442 -0.0112 1.2441, 0.1913 0.1405 1.2441, 0.2017 0.1405 1.2441, 0.2126 0.1526 1.2441, 0.2379 0.0827 1.2441, 0.2379 0.0833 1.2441, 0.2126 0.0833 1.2441, 0.1789 0.0827 1.2441, 0.173 0.0976 1.2441, 0.1742 0.0928 1.2441, 0.1745 0.0928 1.2441, 0.1469 0.1405 1.2441, 0.1689 0.0827 1.2441, 0.1693 0.0835 1.2441, 0.1629 0.0997 1.2441, 0.1629 -0.0112 1.2441, 0.1594 0.0569 1.2441, 0.1554 0.0564 1.2441, 0.161 0.0674 1.2441, 0.1629 0.0694 1.2441, 0.1629 0.0827 1.2441, 0.1629 0.0695 1.2441, 0.1649 0.0731 1.2441, 0.1532 0.0565 1.2441, 0.1489 0.0572 1.2441, 0.1489 0.0662 1.2441, 0.151 0.0655 1.2441, 0.1546 0.065 1.2441, 0.1571 0.0653 1.2441, 0.1593 0.0662 1.2441, 0.1758 0.0747 1.2441, 0.2379 -0.0112 1.2441, 0.1713 0.0659 1.2441, 0.1676 0.0615 1.2441, 0.1669 0.0608 1.2441, 0.1634 0.0584 1.2441, 0.1629 0.0582 1.2441, 0.2515 0.1194 1.2441, 0.2556 0.0833 1.2441, 0.2556 0.0925 1.2441, 0.2379 0.1194 1.2441, 0.2229 0.1542 1.2441, 0.2379 0.1526 1.2441, 0.2515 0.1286 1.2441, 0.175 0.0948 1.2441, 0.1757 0.0975 1.2441, 0.1629 0.1862 1.2441, 0.2126 0.1634 1.2441, 0.2379 0.1634 1.2441, 0.2538 0.1634 1.2441, 0.2538 0.1542 1.2441, 0.2379 0.1542 1.2441, 0.3239 0.1528 1.2441, 0.324 0.1526 1.2441, 0.3267 0.15 1.2441, 0.3709 0.1634 1.2441, 0.5076 0.1862 1.2441, -0.9668 -0.0875 1.2441, -0.9605 -0.0794 1.2441, -1.3539 -0.0112 1.2441, -0.9524 -0.0731 1.2441, -0.9429 -0.0692 1.2441, -0.598 -0.0731 1.2441, -0.5899 -0.0794 1.2441, -0.5836 -0.0875 1.2441, -0.5797 -0.097 1.2441, -1.3539 -2.056 1.2441, -0.9429 -0.2633 1.2441, -0.9524 -0.2594 1.2441, -0.9605 -0.2532 1.2441, -0.9668 -0.245 1.2441, -0.9707 -0.2355 1.2441, -0.9721 -0.2253 1.2441, -0.5784 -0.1072 1.2441, -0.5784 -0.2253 1.2441, -0.5797 -0.2355 1.2441, -0.5836 -0.245 1.2441, -0.5082 -2.056 1.2441, -0.5899 -0.2532 1.2441, -0.598 -0.2594 1.2441, -0.9721 -0.1072 1.2441, -0.9707 -0.097 1.2441, -0.9327 -0.0678 1.2441, -0.6177 -0.0678 1.2441, -0.6075 -0.0692 1.2441, -0.6075 -0.2633 1.2441, -0.6177 -0.2647 1.2441, -0.9327 -0.2647 1.2441, -0.042 -2.056 1.2441, 0.0335 -2.056 1.2441, 0.0335 -0.0112 1.2441, 0.0351 -2.056 1.2441, 0.0928 -2.056 1.2441, 0.1629 -2.056 1.2441, 0.2379 -2.056 1.2441, 0.2632 -2.056 1.2441, 0.2632 -0.0112 1.2441, 0.324 -2.056 1.2441, 0.324 -0.0112 1.2441, 0.5076 -2.056 1.2441, 0.5076 -0.0112 1.2441, 0.9849 -0.2532 1.2441, 0.9768 -0.2594 1.2441, 1.1874 -2.056 1.2441, 0.9849 -0.0794 1.2441, 0.9912 -0.0875 1.2441, 1.1874 -0.0112 1.2441, 0.9951 -0.097 1.2441, 0.9965 -0.1072 1.2441, 0.9965 -0.2253 1.2441, 0.9951 -0.2355 1.2441, 0.9912 -0.245 1.2441, 0.9571 -0.0678 1.2441, 0.9673 -0.0692 1.2441, 0.9768 -0.0731 1.2441, 0.6319 -0.2633 1.2441, 0.6224 -0.2594 1.2441, 0.6143 -0.2532 1.2441, 0.6028 -0.1072 1.2441, 0.6041 -0.097 1.2441, 0.608 -0.0875 1.2441, 0.6143 -0.0794 1.2441, 0.6224 -0.0731 1.2441, 0.6319 -0.0692 1.2441, 0.6421 -0.0678 1.2441, 0.608 -0.245 1.2441, 0.6041 -0.2355 1.2441, 0.6028 -0.2253 1.2441, 0.9673 -0.2633 1.2441, 0.9571 -0.2647 1.2441, 0.6421 -0.2647 1.2441, 0.1442 0.1862 1.2441, 0.1553 0.2104 1.2441, -1.3539 0.0827 1.2441, -1.3539 0.1526 1.2441, -1.3539 0.1862 1.2441, -0.0092 0.2904 1.2441, 0.0335 0.2911 1.2441, 0.033 0.2104 1.2441, -0.0092 0.2104 1.2441, 0.2314 0.2701 1.2441, 0.1705 0.2104 1.2441, 0.2354 0.2463 1.2441, 0.2335 0.237 1.2441, 0.2295 0.2287 1.2441, 0.2236 0.2216 1.2441, 0.2152 0.2156 1.2441, 0.2061 0.212 1.2441, 0.1925 0.2104 1.2441, 0.1705 0.2904 1.2441, 0.1933 0.2904 1.2441, 0.2055 0.2891 1.2441, 0.2152 0.2856 1.2441, 0.2236 0.2798 1.2441, 0.2264 0.2771 1.2441, 0.2926 0.2323 1.2441, 0.3007 0.2104 1.2441, 1.1874 0.0827 1.2441, 1.1874 0.1526 1.2441, 1.1874 0.1862 1.2441, 0.0335 0.818 1.2441, 0.0011 0.1194 1.2441, 0.0011 0.0925 1.2441, 0.2632 0.818 1.2441, 0.2379 0.818 1.2441, 0.1629 0.818 1.2441, 0.1442 0.818 1.2441, 0.0996 0.818 1.2441, 1.3783 -2.056 1.2441, 1.3783 -0.0112 1.2441, 1.3783 0.0827 1.2441, 1.3783 0.1526 1.2441, 1.3783 0.1862 1.2441, 1.3783 0.2911 1.2441, 1.3783 0.818 1.2441, -1.6295 0.818 0.8504, -1.7476 0.818 0.8504, -1.6201 0.818 0.9217, -1.7378 0.818 0.938, -1.5926 0.818 0.9882, -1.4415 0.818 1.2342, -1.4253 0.818 1.1166, -1.5248 0.818 1.2051, -1.4917 0.818 1.0891, -1.5994 0.818 1.1582, -1.5488 0.818 1.0453, -1.6617 0.818 1.0959, -1.7087 0.818 1.0212, -1.7476 -1.3296 0.7629, -1.7476 -1.3414 0.7469, -1.7476 -2.056 0.8504, -1.7476 -1.3142 0.7755, -1.7476 -0.6793 0.729, -1.7476 -0.8474 -0.0105, -1.7476 -0.8637 -0.0231, -1.7476 -1.3513 0.3937, -1.7476 -2.056 0.3937, -1.7476 -1.3513 0.7087, -1.7476 -1.3488 0.7284, -1.7476 0.6211 0.8504, -1.7476 0.6008 0.8477, -1.7476 0.3822 0.5164, -1.7476 0.8153 0.6346, -1.7476 0.3849 0.4961, -1.7476 0.818 0.6142, -1.7476 0.3849 -0.2756, -1.7476 -0.6847 0.0584, -1.7476 -0.6926 0.0394, -1.7476 -0.682 0.0787, -1.7476 -0.682 0.7087, -1.7476 0.5818 0.8398, -1.7476 0.5655 0.8273, -1.7476 0.5529 0.811, -1.7476 -0.6236 0.7847, -1.7476 -0.6033 0.7874, -1.7476 -0.5829 0.7847, -1.7476 0.5451 0.792, -1.7476 -0.5639 0.7769, -1.7476 0.5424 0.7717, -1.7476 -0.5476 0.7643, -1.7476 -0.6426 0.7769, -1.7476 -0.6589 0.7643, -1.7476 -0.6715 0.748, -1.7476 -0.5351 0.748, -1.7476 0.238 0.5354, -1.7476 -0.5272 0.729, -1.7476 0.2301 0.5164, -1.7476 -0.5245 0.7087, -1.7476 -0.7051 0.0231, -1.7476 -0.7214 0.0106, -1.7476 -0.7404 0.0027, -1.7476 0.818 -0.2756, -1.7476 0.6999 -0.3937, -1.7476 0.503 -0.3937, -1.7476 0.815 -0.3019, -1.7476 0.8063 -0.3268, -1.7476 0.7922 -0.3492, -1.7476 0.7735 -0.3679, -1.7476 0.7511 -0.382, -1.7476 0.7262 -0.3907, -1.7476 0.5451 0.7513, -1.7476 0.5529 0.7323, -1.7476 0.3455 0.5643, -1.7476 0.3266 0.5721, -1.7476 0.3062 0.5748, -1.7476 -0.5245 0.3937, -1.7476 0.2274 0.4961, -1.7476 0.2274 0.3937, -1.7476 -0.7607 0.0, -1.7476 -0.808 0.0, -1.7476 -0.8284 -0.0027, -1.7476 -1.2234 0.7629, -1.7476 -1.2388 0.7755, -1.7476 -1.2569 0.7838, -1.7476 -1.2765 0.7873, -1.7476 -1.2961 0.7838, -1.7476 0.444 -0.3779, -1.7476 0.4195 -0.3591, -1.7476 0.4725 -0.3897, -1.7476 0.4007 -0.3346, -1.7476 0.3889 -0.3062, -1.7476 0.2858 0.5721, -1.7476 0.2668 0.5643, -1.7476 0.2505 0.5517, -1.7476 0.5818 0.7035, -1.7476 0.5655 0.716, -1.7476 0.3744 0.5354, -1.7476 0.3619 0.5517, -1.7476 0.6008 0.6956, -1.7476 0.6211 0.6929, -1.7476 0.7393 0.6929, -1.7476 0.7596 0.6902, -1.7476 0.7786 0.6824, -1.7476 0.7949 0.6699, -1.7476 0.8074 0.6535, -1.7476 -1.2017 -0.2953, -1.7476 -1.2017 0.7087, -1.7476 -1.2042 0.7284, -1.7476 -1.2116 0.7469, -1.7476 -0.8762 -0.0394, -1.7476 -0.8841 -0.0584, -1.7476 -0.8867 -0.0787, -1.7476 -1.1983 -0.3207, -1.7476 -0.8867 -0.2953, -1.7476 -1.1033 -0.3937, -1.7476 -1.1287 -0.3903, -1.7476 -1.1525 -0.3805, -1.7476 -1.1729 -0.3649, -1.7476 -1.1885 -0.3445, -1.7476 -0.8901 -0.3207, -1.7476 -0.9597 -0.3903, -1.7476 -0.9852 -0.3937, -1.7476 -0.8999 -0.3445, -1.7476 -0.9156 -0.3649, -1.7476 -0.9359 -0.3805, -1.6295 -2.056 0.3937, -1.6295 -1.3513 0.3937, -1.6295 -2.056 0.8504, -1.6295 -1.3513 0.7087, -1.6295 -1.3488 0.7284, -1.6295 -1.2765 0.7873, -1.6295 -1.2961 0.7838, -1.6295 -1.3142 0.7755, -1.6295 0.2274 0.1125, -1.6295 0.2274 0.4961, -1.6295 0.2301 0.5164, -1.6295 -1.3414 0.7469, -1.6295 -1.3296 0.7629, -1.6295 -1.1983 -0.3207, -1.6295 -1.1885 -0.3445, -1.6295 -1.2017 -0.2953, -1.6295 -1.2017 0.7087, -1.6295 -1.2042 0.7284, -1.6295 -0.9359 -0.3805, -1.6295 -0.9156 -0.3649, -1.6295 0.6008 0.8477, -1.6295 0.6211 0.8504, -1.6295 -1.1729 -0.3649, -1.6295 -1.1525 -0.3805, -1.6295 -1.1287 -0.3903, -1.6295 -0.5245 0.3937, -1.6295 -0.5245 0.7087, -1.6295 -0.5272 0.729, -1.6295 -0.8867 -0.2953, -1.6295 -0.8867 -0.0787, -1.6295 -0.8841 -0.0584, -1.6295 -1.2116 0.7469, -1.6295 -0.8762 -0.0394, -1.6295 -0.8637 -0.0231, -1.6295 -0.5639 0.7769, -1.6295 -0.5476 0.7643, -1.6295 -0.5351 0.748, -1.6295 -1.1033 -0.3937, -1.6295 -0.9852 -0.3937, -1.6295 -0.9597 -0.3903, -1.6295 -0.6589 0.7643, -1.6295 -0.6426 0.7769, -1.6295 -0.8999 -0.3445, -1.6295 -0.8901 -0.3207, -1.6295 0.503 -0.3937, -1.6295 0.3849 0.4961, -1.6295 0.3849 -0.2756, -1.6295 0.238 0.5354, -1.6295 0.2505 0.5517, -1.6295 0.2668 0.5643, -1.6295 -0.5829 0.7847, -1.6295 0.2858 0.5721, -1.6295 0.5451 0.792, -1.6295 0.5529 0.811, -1.6295 0.8153 0.6346, -1.6295 0.3822 0.5164, -1.6295 0.818 0.6142, -1.6295 0.818 -0.2756, -1.6295 0.5655 0.8273, -1.6295 0.5818 0.8398, -1.6295 0.7786 0.6824, -1.6295 0.7949 0.6699, -1.6295 0.8074 0.6535, -1.6295 0.6211 0.6929, -1.6295 0.7393 0.6929, -1.6295 0.7596 0.6902, -1.6295 -1.2388 0.7755, -1.6295 -1.2234 0.7629, -1.6295 -0.6793 0.729, -1.6295 -0.682 0.7087, -1.6295 0.5424 0.7717, -1.6295 -0.6033 0.7874, -1.6295 0.5451 0.7513, -1.6295 0.3062 0.5748, -1.6295 0.6008 0.6956, -1.6295 0.5818 0.7035, -1.6295 0.3744 0.5354, -1.6295 0.5655 0.716, -1.6295 0.3619 0.5517, -1.6295 0.5529 0.7323, -1.6295 0.3455 0.5643, -1.6295 0.3266 0.5721, -1.6295 -0.6236 0.7847, -1.6295 0.3889 -0.3062, -1.6295 0.4007 -0.3346, -1.6295 0.4725 -0.3897, -1.6295 0.4195 -0.3591, -1.6295 0.444 -0.3779, -1.6295 -0.6715 0.748, -1.6295 -1.2569 0.7838, -1.6295 0.8022 -0.3346, -1.6295 0.7304 -0.3897, -1.6295 0.7834 -0.3591, -1.6295 0.7589 -0.3779, -1.6295 0.6999 -0.3937, -1.6295 0.814 -0.3062, -1.6295 -0.8474 -0.0105, -1.6295 -0.8284 -0.0027, -1.6295 -0.808 0.0, -1.6295 -0.7607 0.0, -1.6295 -0.7404 0.0027, -1.6295 -0.6847 0.0584, -1.6295 -0.682 0.0787, -1.6295 -0.7214 0.0106, -1.6295 -0.7051 0.0231, -1.6295 -0.6926 0.0394, -1.3539 -0.5245 0.0, -1.4415 -0.5245 0.0099, -1.3539 0.0896 0.0, -1.4415 0.0896 0.0099, -1.5248 -0.5245 0.039, -1.5994 -0.5245 0.0859, -1.5994 0.0896 0.0859, -1.6617 0.2274 0.1482, -1.6617 -0.5245 0.1482, -1.7087 -0.5245 0.2229, -1.7087 0.2274 0.2229, -1.7378 -0.5245 0.3061, -1.7378 0.2274 0.3061, -1.4415 -2.056 1.2342, -1.5248 -2.056 1.2051, -1.5994 -2.056 1.1582, -1.6617 -2.056 1.0959, -1.7087 -2.056 1.0212, -1.7378 -2.056 0.938, -0.6648 0.818 0.9629, -0.6648 0.818 1.0805, 0.6892 0.818 0.9629, 0.6811 0.818 0.9488, 0.6892 0.818 1.0805, -0.6567 0.818 0.9488, -1.3539 -1.3513 0.0, -1.3539 -2.056 0.0, -1.4415 -2.056 0.0099, -1.4415 -1.3513 0.0099, -1.5248 -2.056 0.039, -1.5248 -1.3513 0.039, -1.5994 -2.056 0.0859, -1.5994 -1.3513 0.0859, -1.6617 -2.056 0.1482, -1.6617 -1.3513 0.1482, -1.7087 -2.056 0.2229, -1.7087 -1.3513 0.2229, -1.7378 -2.056 0.3061, -1.7378 -1.3513 0.3061, -1.6201 -1.3513 0.3224, -1.6201 -2.056 0.3224, -1.5926 -1.3513 0.2559, -1.5926 -2.056 0.2559, -1.5488 -1.3513 0.1988, -1.5488 -2.056 0.1988, -1.4917 -1.3513 0.155, -1.4917 -2.056 0.155, -1.4253 -1.3513 0.1275, -1.4253 -2.056 0.1275, -1.3539 -1.3513 0.1181, -1.3539 -2.056 0.1181, 1.5871 -2.0757 1.0592, 1.6115 -2.0757 1.1428, 1.526 -2.0757 1.1061, 1.5406 -2.0757 1.1874, 1.4548 -2.0757 1.1356, 1.4616 -2.0757 1.215, 1.3783 -2.0757 1.1457, 1.3783 -2.0757 1.2244, -1.3539 -2.0757 1.1457, -1.3539 -2.0757 1.2244, -1.4304 -2.0757 1.1356, -1.4372 -2.0757 1.215, -1.5016 -2.0757 1.1061, -1.5162 -2.0757 1.1874, -1.5627 -2.0757 1.0592, 1.5871 -2.0757 0.1849, 1.6708 -2.0757 0.1605, 1.6341 -2.0757 0.2461, 1.7153 -2.0757 0.2314, 1.6636 -2.0757 0.3173, 1.743 -2.0757 0.3105, 1.6736 -2.0757 0.3937, 1.7524 -2.0757 0.3937, 1.6736 -2.0757 0.8504, 1.7524 -2.0757 0.8504, 1.6636 -2.0757 0.9268, 1.743 -2.0757 0.9336, 1.6341 -2.0757 0.998, 1.7153 -2.0757 1.0127, 1.6708 -2.0757 1.0836, -1.5871 -2.0757 1.1428, -1.6464 -2.0757 1.0836, -1.6097 -2.0757 0.998, -1.6909 -2.0757 1.0127, -1.6392 -2.0757 0.9268, -1.7186 -2.0757 0.9336, -1.6492 -2.0757 0.8504, -1.728 -2.0757 0.8504, -1.6492 -2.0757 0.3937, -1.728 -2.0757 0.3937, -1.6392 -2.0757 0.3173, -1.7186 -2.0757 0.3105, -1.6097 -2.0757 0.2461, -1.6909 -2.0757 0.2314, -1.5627 -2.0757 0.1849, -1.6464 -2.0757 0.1605, -1.5871 -2.0757 0.1013, -1.5016 -2.0757 0.138, -1.5162 -2.0757 0.0567, -1.4304 -2.0757 0.1085, -1.4372 -2.0757 0.0291, -1.3539 -2.0757 0.0984, -1.3539 -2.0757 0.0197, 1.3783 -2.0757 0.0984, 1.3783 -2.0757 0.0197, 1.4548 -2.0757 0.1085, 1.4616 -2.0757 0.0291, 1.526 -2.0757 0.138, 1.5406 -2.0757 0.0567, 1.6115 -2.0757 0.1013
            ]
        }
        coordIndex [
            0,1,2,-1,2,1,3,-1,4,5,3,-1,3,5,6,-1,3,6,7,-1,8,9,10,-1,10,9,11,-1,9,12,13,-1,13,12,14,-1,15,16,11,-1,17,18,19,-1,20,21,9,-1,9,21,22,-1,9,22,12,-1,23,24,25,-1,25,0,17,-1,17,0,2,-1,17,2,8,-1,8,2,26,-1,8,26,9,-1,9,26,27,-1,9,27,20,-1,20,27,28,-1,14,29,13,-1,13,29,30,-1,13,30,31,-1,31,30,32,-1,7,33,3,-1,3,33,34,-1,3,34,2,-1,2,34,35,-1,2,35,36,-1,11,16,10,-1,10,16,37,-1,10,37,38,-1,17,19,25,-1,25,19,39,-1,25,39,23,-1,24,40,25,-1,25,40,41,-1,25,41,42,-1,43,44,45,-1,45,44,46,-1,45,46,47,-1,47,46,48,-1,47,48,11,-1,11,48,49,-1,11,49,15,-1,50,30,51,-1,51,30,52,-1,50,53,30,-1,30,53,54,-1,30,54,32,-1,43,55,44,-1,44,55,56,-1,44,56,57,-1,57,56,58,-1,57,58,59,-1,60,61,62,-1,62,61,63,-1,64,65,66,-1,66,65,67,-1,68,69,70,-1,70,69,71,-1,72,73,74,-1,74,73,75,-1,76,77,78,-1,78,77,79,-1,80,81,82,-1,83,84,85,-1,86,87,88,-1,89,90,91,-1,92,93,94,-1,95,96,97,-1,98,99,100,-1,101,102,103,-1,104,105,106,-1,107,108,109,-1,110,111,112,-1,113,114,115,-1,116,117,118,-1,119,120,121,-1,121,120,122,-1,123,124,121,-1,121,124,125,-1,121,125,126,-1,122,127,121,-1,121,127,128,-1,121,128,123,-1,129,130,131,-1,132,133,121,-1,134,135,136,-1,132,121,137,-1,138,139,121,-1,121,139,140,-1,121,140,137,-1,131,130,133,-1,133,130,141,-1,133,141,121,-1,121,141,142,-1,121,142,119,-1,135,134,131,-1,131,134,143,-1,131,143,129,-1,144,145,146,-1,147,148,144,-1,144,148,149,-1,144,149,150,-1,136,151,134,-1,134,151,144,-1,134,144,152,-1,152,144,146,-1,152,146,153,-1,153,146,154,-1,153,154,155,-1,150,156,144,-1,144,156,157,-1,144,157,145,-1,158,159,147,-1,147,159,160,-1,160,161,147,-1,147,161,162,-1,147,162,148,-1,163,164,165,-1,163,165,166,-1,164,167,165,-1,165,167,168,-1,165,168,158,-1,158,168,169,-1,158,169,159,-1,170,171,172,-1,171,173,172,-1,172,173,174,-1,172,174,165,-1,165,174,175,-1,165,175,166,-1,176,177,178,-1,178,177,179,-1,178,179,180,-1,180,181,178,-1,178,181,182,-1,178,182,172,-1,172,182,183,-1,172,183,170,-1,184,185,186,-1,187,188,189,-1,190,191,192,-1,187,189,193,-1,188,194,189,-1,189,194,195,-1,189,195,196,-1,184,186,192,-1,192,186,197,-1,192,197,190,-1,198,199,200,-1,200,199,201,-1,200,201,189,-1,189,201,202,-1,189,202,193,-1,189,203,204,-1,205,206,207,-1,207,206,208,-1,207,208,209,-1,209,210,207,-1,207,210,211,-1,207,211,212,-1,212,211,198,-1,212,198,213,-1,213,198,200,-1,191,214,192,-1,192,214,215,-1,192,215,207,-1,207,215,216,-1,207,216,205,-1,196,217,189,-1,189,217,218,-1,189,218,219,-1,219,220,189,-1,189,220,221,-1,189,221,203,-1,204,222,189,-1,189,222,223,-1,189,223,224,-1,224,223,225,-1,226,227,228,-1,225,229,224,-1,224,229,230,-1,224,230,231,-1,227,232,228,-1,228,232,231,-1,228,231,233,-1,233,231,230,-1,234,235,236,-1,236,235,226,-1,236,226,237,-1,237,226,228,-1,232,238,231,-1,231,238,239,-1,231,239,118,-1,118,239,240,-1,118,240,116,-1,241,242,234,-1,234,242,243,-1,234,243,235,-1,241,244,242,-1,242,244,245,-1,242,245,246,-1,247,248,249,-1,248,250,249,-1,249,250,251,-1,249,251,252,-1,233,249,228,-1,228,249,253,-1,228,253,254,-1,255,256,257,-1,257,256,258,-1,257,258,259,-1,255,257,233,-1,233,257,260,-1,233,260,249,-1,249,260,261,-1,249,261,247,-1,262,263,264,-1,264,263,265,-1,264,265,266,-1,252,251,267,-1,267,251,268,-1,267,268,269,-1,269,268,270,-1,269,270,271,-1,254,272,228,-1,228,272,264,-1,228,264,273,-1,273,264,266,-1,125,274,126,-1,126,274,275,-1,126,275,184,-1,184,275,276,-1,184,276,185,-1,277,278,279,-1,279,280,277,-1,277,280,281,-1,277,281,282,-1,283,284,277,-1,285,286,287,-1,288,289,290,-1,284,291,277,-1,277,291,292,-1,277,292,278,-1,287,283,285,-1,285,283,277,-1,285,277,293,-1,293,277,294,-1,293,294,295,-1,295,294,296,-1,295,296,297,-1,289,298,290,-1,290,298,299,-1,290,299,284,-1,284,299,300,-1,284,300,291,-1,301,302,303,-1,115,114,304,-1,304,114,305,-1,304,305,303,-1,303,305,306,-1,303,306,301,-1,307,308,309,-1,309,308,310,-1,309,310,311,-1,312,307,313,-1,313,307,309,-1,313,309,314,-1,314,309,315,-1,314,315,316,-1,316,315,126,-1,316,126,317,-1,317,126,184,-1,317,184,318,-1,318,184,192,-1,318,192,319,-1,320,321,319,-1,319,321,322,-1,319,322,318,-1,323,324,325,-1,326,327,328,-1,328,327,329,-1,328,329,330,-1,330,329,331,-1,332,333,334,-1,334,333,304,-1,334,304,335,-1,335,304,336,-1,337,338,339,-1,339,338,340,-1,339,340,341,-1,342,343,112,-1,112,343,344,-1,112,344,110,-1,345,346,337,-1,337,347,345,-1,345,347,348,-1,345,348,349,-1,350,351,352,-1,341,340,353,-1,353,340,354,-1,353,354,351,-1,109,108,354,-1,354,108,355,-1,354,355,356,-1,357,358,352,-1,359,360,361,-1,359,361,362,-1,351,354,352,-1,352,354,356,-1,352,356,357,-1,357,356,363,-1,357,363,361,-1,361,363,364,-1,361,364,362,-1,360,365,361,-1,361,365,366,-1,361,366,367,-1,367,368,361,-1,361,368,369,-1,361,369,370,-1,370,371,361,-1,361,371,372,-1,361,372,373,-1,373,372,374,-1,374,372,375,-1,375,372,376,-1,375,376,377,-1,377,378,375,-1,375,378,379,-1,375,379,380,-1,380,379,381,-1,382,383,384,-1,383,382,105,-1,105,382,385,-1,105,385,106,-1,386,387,388,-1,388,387,389,-1,390,391,392,-1,392,391,393,-1,392,393,394,-1,394,395,392,-1,392,395,396,-1,392,396,397,-1,398,399,106,-1,106,399,400,-1,397,401,392,-1,392,401,402,-1,392,402,106,-1,106,402,403,-1,106,403,398,-1,400,404,106,-1,106,404,405,-1,106,405,104,-1,406,407,408,-1,408,407,409,-1,410,411,407,-1,407,411,412,-1,407,412,409,-1,413,414,415,-1,406,416,407,-1,407,416,417,-1,407,417,418,-1,418,417,419,-1,418,419,420,-1,420,419,421,-1,421,422,420,-1,420,422,413,-1,420,413,423,-1,423,413,415,-1,424,425,330,-1,330,425,426,-1,426,427,330,-1,330,427,428,-1,330,428,101,-1,429,430,431,-1,431,430,432,-1,431,432,330,-1,330,432,433,-1,330,433,424,-1,434,435,436,-1,435,437,436,-1,436,437,438,-1,436,438,439,-1,440,441,442,-1,434,436,441,-1,441,436,443,-1,441,443,442,-1,442,444,440,-1,440,444,445,-1,440,445,446,-1,446,445,447,-1,446,447,448,-1,448,447,449,-1,450,451,452,-1,320,453,454,-1,454,455,320,-1,320,455,456,-1,320,456,457,-1,458,325,320,-1,320,325,324,-1,320,324,321,-1,459,460,450,-1,450,460,461,-1,450,461,462,-1,458,463,325,-1,325,463,464,-1,325,464,465,-1,462,466,450,-1,450,466,467,-1,450,467,451,-1,457,468,320,-1,320,468,469,-1,320,469,470,-1,470,471,320,-1,320,471,472,-1,320,472,458,-1,458,472,473,-1,458,473,474,-1,474,475,458,-1,458,475,476,-1,458,476,477,-1,477,476,478,-1,479,480,478,-1,478,480,481,-1,478,481,477,-1,482,483,484,-1,484,483,485,-1,486,487,484,-1,484,487,488,-1,484,488,482,-1,489,490,478,-1,478,490,491,-1,478,491,492,-1,485,493,484,-1,484,493,494,-1,484,494,452,-1,452,494,495,-1,452,495,450,-1,492,496,478,-1,478,496,497,-1,478,497,479,-1,498,499,453,-1,499,498,451,-1,451,498,500,-1,451,500,452,-1,501,502,503,-1,503,502,504,-1,503,504,505,-1,100,506,507,-1,507,506,508,-1,509,510,100,-1,100,510,511,-1,512,513,507,-1,507,513,514,-1,507,514,100,-1,100,514,515,-1,100,515,509,-1,516,517,504,-1,517,518,504,-1,504,518,519,-1,504,519,505,-1,505,519,520,-1,505,520,521,-1,521,522,505,-1,505,522,523,-1,505,523,524,-1,511,525,100,-1,100,525,526,-1,100,526,98,-1,527,528,506,-1,506,528,529,-1,506,529,508,-1,530,531,532,-1,532,531,533,-1,532,533,504,-1,504,533,534,-1,504,534,516,-1,535,536,537,-1,537,536,538,-1,537,538,539,-1,537,540,535,-1,535,540,541,-1,535,541,542,-1,530,543,531,-1,531,543,544,-1,531,544,545,-1,545,544,546,-1,545,547,548,-1,542,549,535,-1,535,549,550,-1,535,550,551,-1,551,550,552,-1,551,552,553,-1,553,552,554,-1,553,554,507,-1,507,554,555,-1,507,555,512,-1,546,556,545,-1,545,556,557,-1,545,557,558,-1,559,560,539,-1,539,560,561,-1,539,561,537,-1,558,562,545,-1,545,562,563,-1,545,563,547,-1,548,564,545,-1,545,564,565,-1,545,565,566,-1,501,503,567,-1,567,503,86,-1,567,86,568,-1,568,86,99,-1,99,86,569,-1,99,569,100,-1,570,571,572,-1,573,574,575,-1,572,571,575,-1,575,571,576,-1,575,576,573,-1,577,578,579,-1,95,97,580,-1,581,582,583,-1,584,585,586,-1,587,588,589,-1,589,588,590,-1,589,590,591,-1,584,586,569,-1,586,592,569,-1,569,592,593,-1,569,593,100,-1,100,593,594,-1,100,594,589,-1,589,594,595,-1,589,595,596,-1,596,597,589,-1,589,597,598,-1,589,598,587,-1,576,599,600,-1,600,599,601,-1,600,601,602,-1,602,603,600,-1,600,603,604,-1,600,604,584,-1,584,604,605,-1,584,605,585,-1,281,113,282,-1,282,113,115,-1,282,115,606,-1,574,573,607,-1,607,573,282,-1,607,282,608,-1,608,282,606,-1,608,606,94,-1,94,606,609,-1,94,609,92,-1,610,89,611,-1,611,89,91,-1,611,91,115,-1,115,91,612,-1,115,612,606,-1,579,613,577,-1,577,613,614,-1,577,614,96,-1,96,614,570,-1,96,570,97,-1,97,570,572,-1,97,572,615,-1,615,572,616,-1,615,616,333,-1,333,616,617,-1,333,617,304,-1,304,617,618,-1,304,618,115,-1,115,618,619,-1,115,619,611,-1,611,619,620,-1,611,620,610,-1,302,621,303,-1,303,621,622,-1,303,622,290,-1,290,622,623,-1,290,623,288,-1,290,624,303,-1,303,624,297,-1,303,297,625,-1,625,297,296,-1,626,627,628,-1,628,627,629,-1,628,629,630,-1,631,632,172,-1,172,632,633,-1,172,633,634,-1,635,636,637,-1,637,638,635,-1,635,638,639,-1,635,639,628,-1,628,639,640,-1,628,640,641,-1,634,642,172,-1,172,642,643,-1,172,643,644,-1,644,645,646,-1,646,645,647,-1,646,647,648,-1,641,649,628,-1,628,649,650,-1,628,650,626,-1,651,652,172,-1,172,652,653,-1,172,653,631,-1,648,654,646,-1,646,654,655,-1,646,655,635,-1,635,655,656,-1,635,656,636,-1,644,646,172,-1,172,646,657,-1,172,657,178,-1,178,657,658,-1,178,658,659,-1,659,658,660,-1,659,660,498,-1,498,660,661,-1,498,661,500,-1,86,88,569,-1,569,88,662,-1,569,662,584,-1,584,662,663,-1,584,663,600,-1,600,663,664,-1,600,664,665,-1,665,664,666,-1,665,666,667,-1,667,666,668,-1,667,668,669,-1,670,671,672,-1,673,674,675,-1,675,674,676,-1,675,676,677,-1,677,678,675,-1,675,678,679,-1,675,679,672,-1,672,679,680,-1,672,680,670,-1,681,682,675,-1,675,682,683,-1,675,683,673,-1,684,685,668,-1,668,685,686,-1,687,688,669,-1,669,688,689,-1,669,689,690,-1,690,691,669,-1,669,691,692,-1,669,692,693,-1,686,694,668,-1,668,694,695,-1,668,695,669,-1,669,695,696,-1,669,696,687,-1,671,697,672,-1,672,697,698,-1,672,698,668,-1,668,698,699,-1,668,699,684,-1,453,320,498,-1,498,320,319,-1,498,319,659,-1,659,319,192,-1,659,192,178,-1,178,192,207,-1,178,207,176,-1,576,600,573,-1,573,600,665,-1,573,665,282,-1,282,665,667,-1,282,667,277,-1,277,667,669,-1,277,669,294,-1,465,486,325,-1,325,486,484,-1,325,484,392,-1,392,484,388,-1,392,388,390,-1,390,388,389,-1,661,87,500,-1,500,87,86,-1,500,86,452,-1,452,86,503,-1,452,503,484,-1,484,503,505,-1,484,505,388,-1,388,505,352,-1,388,352,386,-1,386,352,358,-1,524,527,505,-1,505,527,506,-1,505,506,352,-1,352,506,700,-1,352,700,350,-1,350,700,701,-1,591,581,589,-1,589,581,583,-1,589,583,100,-1,100,583,580,-1,100,580,506,-1,506,580,97,-1,506,97,700,-1,700,97,615,-1,700,615,701,-1,701,615,342,-1,630,651,628,-1,628,651,172,-1,628,172,702,-1,702,172,165,-1,702,165,703,-1,703,165,158,-1,703,158,704,-1,704,158,147,-1,704,147,407,-1,407,147,144,-1,407,144,410,-1,410,144,151,-1,705,83,706,-1,706,83,85,-1,706,85,315,-1,315,85,707,-1,315,707,126,-1,126,707,708,-1,126,708,121,-1,80,82,709,-1,710,338,615,-1,615,338,337,-1,615,337,342,-1,342,337,346,-1,342,346,343,-1,711,712,333,-1,333,712,713,-1,333,713,714,-1,326,328,332,-1,332,328,82,-1,332,82,333,-1,333,82,81,-1,333,81,711,-1,714,715,333,-1,333,715,716,-1,333,716,615,-1,615,716,717,-1,615,717,710,-1,710,718,338,-1,338,718,719,-1,338,719,82,-1,82,719,720,-1,82,720,721,-1,721,722,82,-1,82,722,723,-1,82,723,709,-1,724,336,725,-1,725,336,304,-1,725,304,331,-1,331,304,303,-1,331,303,330,-1,330,303,625,-1,330,625,431,-1,693,681,669,-1,669,681,675,-1,669,675,294,-1,294,675,726,-1,294,726,296,-1,296,726,727,-1,296,727,625,-1,625,727,728,-1,625,728,431,-1,431,728,436,-1,431,436,429,-1,429,436,439,-1,708,705,121,-1,121,705,706,-1,121,706,138,-1,138,706,729,-1,730,731,311,-1,311,731,323,-1,311,323,309,-1,309,323,325,-1,309,325,315,-1,315,325,392,-1,315,392,706,-1,706,392,106,-1,706,106,729,-1,729,106,385,-1,101,103,330,-1,330,103,732,-1,330,732,328,-1,328,732,733,-1,328,733,82,-1,82,733,734,-1,82,734,338,-1,338,734,735,-1,338,735,340,-1,340,735,736,-1,340,736,354,-1,354,736,382,-1,354,382,109,-1,109,382,384,-1,109,384,107,-1,672,737,675,-1,675,737,738,-1,675,738,726,-1,726,738,739,-1,726,739,727,-1,727,739,740,-1,727,740,728,-1,728,740,741,-1,728,741,436,-1,436,741,742,-1,436,742,443,-1,443,742,743,-1,19,18,140,-1,140,18,137,-1,744,745,746,-1,746,745,747,-1,746,747,748,-1,420,45,418,-1,418,45,47,-1,418,47,749,-1,749,47,750,-1,749,750,751,-1,751,750,752,-1,751,752,753,-1,753,752,754,-1,753,754,755,-1,755,754,748,-1,755,748,756,-1,756,748,747,-1,757,758,759,-1,757,759,760,-1,761,762,763,-1,764,765,766,-1,766,765,759,-1,766,759,767,-1,767,759,758,-1,759,768,769,-1,770,771,772,-1,772,771,773,-1,772,773,774,-1,775,776,777,-1,777,776,778,-1,769,779,759,-1,759,779,780,-1,759,780,781,-1,782,759,783,-1,783,759,781,-1,783,781,784,-1,784,781,785,-1,784,785,786,-1,786,785,787,-1,786,787,788,-1,782,789,759,-1,759,789,790,-1,759,790,791,-1,792,793,794,-1,794,793,795,-1,794,795,796,-1,776,797,778,-1,778,797,798,-1,778,798,799,-1,773,800,774,-1,774,800,801,-1,774,801,802,-1,803,804,800,-1,800,804,805,-1,800,805,806,-1,806,807,800,-1,800,807,808,-1,800,808,801,-1,788,787,792,-1,792,787,809,-1,792,809,810,-1,811,812,810,-1,810,812,813,-1,796,795,814,-1,814,795,815,-1,814,815,816,-1,799,817,778,-1,778,817,818,-1,778,818,761,-1,761,818,819,-1,761,819,762,-1,791,820,821,-1,821,822,791,-1,791,822,823,-1,791,823,759,-1,759,823,824,-1,759,824,760,-1,825,826,827,-1,827,826,828,-1,827,828,802,-1,802,828,829,-1,802,829,774,-1,813,830,810,-1,810,830,831,-1,810,831,792,-1,792,831,832,-1,792,832,793,-1,833,770,834,-1,834,770,835,-1,834,835,810,-1,810,835,836,-1,810,836,811,-1,833,837,770,-1,770,837,838,-1,770,838,771,-1,771,838,839,-1,771,839,840,-1,840,841,771,-1,771,841,842,-1,771,842,843,-1,844,845,761,-1,761,845,846,-1,761,846,791,-1,791,846,847,-1,791,847,820,-1,763,848,761,-1,761,848,849,-1,761,849,844,-1,844,849,850,-1,844,850,851,-1,852,853,850,-1,850,853,854,-1,850,854,855,-1,855,856,850,-1,850,856,857,-1,850,857,851,-1,858,859,852,-1,852,859,860,-1,852,860,853,-1,858,861,859,-1,859,861,862,-1,859,862,863,-1,864,865,866,-1,866,865,867,-1,866,867,868,-1,869,866,870,-1,870,866,871,-1,73,872,75,-1,75,872,873,-1,75,873,874,-1,868,875,866,-1,866,875,876,-1,866,876,871,-1,877,878,879,-1,879,878,880,-1,881,882,883,-1,884,885,866,-1,878,886,880,-1,880,886,887,-1,880,887,888,-1,889,75,890,-1,890,75,891,-1,892,893,881,-1,881,893,894,-1,881,894,895,-1,895,894,896,-1,895,896,897,-1,898,899,75,-1,75,899,900,-1,75,900,891,-1,888,901,880,-1,880,901,902,-1,880,902,881,-1,881,902,903,-1,881,903,882,-1,904,905,866,-1,883,906,881,-1,881,906,907,-1,881,907,892,-1,908,909,910,-1,874,911,75,-1,75,911,912,-1,75,912,898,-1,898,912,913,-1,898,913,914,-1,914,913,915,-1,866,916,917,-1,918,919,920,-1,920,919,909,-1,920,909,921,-1,921,909,908,-1,917,922,866,-1,866,922,923,-1,866,923,884,-1,924,918,925,-1,925,918,926,-1,927,919,928,-1,928,919,918,-1,928,918,929,-1,929,918,924,-1,930,931,932,-1,932,931,895,-1,932,895,933,-1,934,935,936,-1,936,935,914,-1,936,914,937,-1,937,914,915,-1,927,938,919,-1,919,938,939,-1,919,939,940,-1,940,939,941,-1,940,941,942,-1,942,941,943,-1,942,943,944,-1,944,943,936,-1,944,936,945,-1,945,936,937,-1,905,946,866,-1,866,946,935,-1,866,935,916,-1,916,935,934,-1,910,947,908,-1,908,947,948,-1,908,948,949,-1,949,948,950,-1,949,950,951,-1,904,866,952,-1,952,866,869,-1,952,869,932,-1,932,869,953,-1,932,953,930,-1,954,955,956,-1,956,955,957,-1,908,958,921,-1,921,958,955,-1,921,955,959,-1,959,955,954,-1,897,960,895,-1,895,960,961,-1,895,961,933,-1,933,961,962,-1,933,962,963,-1,964,965,963,-1,963,965,966,-1,963,966,933,-1,964,967,965,-1,965,967,968,-1,965,968,969,-1,970,971,972,-1,972,971,973,-1,973,971,63,-1,63,971,974,-1,63,974,62,-1,62,974,60,-1,60,974,975,-1,60,975,976,-1,977,872,73,-1,976,975,72,-1,72,975,978,-1,72,978,73,-1,73,978,977,-1,977,978,979,-1,977,979,980,-1,980,979,981,-1,980,981,982,-1,982,981,814,-1,982,814,816,-1,800,773,921,-1,921,773,920,-1,635,418,749,-1,747,745,768,-1,635,749,983,-1,983,749,751,-1,983,751,984,-1,984,751,753,-1,984,753,985,-1,985,753,755,-1,985,755,986,-1,986,755,756,-1,986,756,987,-1,987,756,747,-1,987,747,988,-1,988,747,768,-1,988,768,759,-1,989,990,139,-1,991,992,1,-1,991,1,993,-1,994,989,0,-1,0,989,139,-1,0,139,1,-1,1,139,102,-1,1,102,993,-1,995,996,997,-1,995,997,998,-1,998,997,999,-1,998,999,1000,-1,1000,999,1001,-1,1000,1001,1002,-1,1002,1001,1003,-1,1002,1003,1004,-1,1004,1003,1005,-1,1004,1005,1006,-1,1006,1005,1007,-1,1006,1007,1008,-1,1008,1007,765,-1,1008,765,764,-1,865,864,1009,-1,1009,864,1010,-1,1009,1010,1011,-1,1011,1010,1012,-1,1011,1012,1013,-1,1013,1012,1014,-1,1013,1014,1015,-1,1015,1014,1016,-1,1015,1016,1017,-1,1017,1016,1018,-1,1017,1018,1019,-1,1019,1018,1020,-1,1021,1022,1023,-1,1023,1022,1024,-1,1023,1024,1025,-1,1025,1024,1026,-1,1025,1026,1027,-1,1027,1026,1028,-1,1027,1028,1029,-1,1029,1028,1030,-1,1029,1030,1031,-1,1031,1030,1032,-1,1031,1032,1033,-1,1033,1032,1034,-1,1033,1034,1035,-1,1036,1037,1038,-1,1038,1037,1039,-1,1038,1039,1040,-1,1040,1039,1041,-1,1040,1041,1042,-1,1042,1041,1043,-1,1042,1043,1044,-1,1044,1043,1045,-1,1044,1045,1046,-1,1046,1045,1047,-1,1046,1047,1048,-1,1048,1047,1049,-1,1048,1049,1021,-1,1021,1049,1050,-1,1021,1050,1022,-1,1034,1051,1035,-1,1035,1051,1052,-1,1035,1052,1053,-1,1053,1052,1054,-1,1053,1054,1055,-1,1055,1054,1056,-1,1055,1056,1057,-1,1057,1056,1058,-1,1057,1058,1059,-1,1059,1058,1060,-1,1059,1060,1061,-1,1061,1060,1062,-1,1061,1062,1063,-1,1063,1062,1064,-1,1063,1064,1065,-1,1064,1066,1065,-1,1065,1066,1067,-1,1065,1067,1068,-1,1068,1067,1069,-1,1068,1069,1070,-1,1070,1069,1071,-1,1070,1071,1072,-1,1072,1071,1073,-1,1072,1073,1074,-1,1074,1073,1075,-1,1074,1075,1076,-1,1076,1075,1077,-1,1076,1077,1078,-1,1078,1077,1079,-1,1078,1079,1036,-1,1036,1079,1080,-1,1036,1080,1037,-1,
        ]
    }
}
Shape{
    appearance Appearance {
        material  Material 	{
            diffuseColor 0.25098039215686274 0.25098039215686274 0.25098039215686274
            specularColor 0.12549019607843137 0.12549019607843137 0.12549019607843137
            ambientIntensity 0.251
            transparency 0.0
            shininess 0.5
        }
    }
    geometry IndexedFaceSet {
        ccw TRUE
        solid FALSE
        coord DEF co Coordinate {
            point [
                1.1008 0.4898 0.0, 1.0804 0.4742 0.0, 0.5043 0.5621 0.0, 1.2451 0.4301 0.0, 1.2352 0.4538 0.0, 1.4886 0.5621 0.0, 1.2196 0.4742 0.0, 1.1992 0.4898 0.0, 1.0804 0.335 0.0, 1.1008 0.3194 0.0, 1.3783 0.0896 0.0, 1.1245 0.3095 0.0, 1.15 0.3062 0.0, 1.2352 0.3554 0.0, 1.2451 0.3791 0.0, 1.4886 0.0896 0.0, 1.1755 0.4997 0.0, 1.15 0.503 0.0, 1.1245 0.4997 0.0, 1.0648 0.4538 0.0, 1.0549 0.4301 0.0, 0.5043 0.0896 0.0, -1.4642 0.5621 0.0, -1.224 0.4046 0.0, -1.2207 0.3791 0.0, -1.1748 0.4898 0.0, -1.1952 0.4742 0.0, -0.5797 -0.097 0.0, -0.5836 -0.0875 0.0, 1.3783 -1.3513 0.0, 1.3783 -2.056 0.0, 0.9846 -1.3513 0.0, -1.3539 -2.056 0.0, -1.1511 0.3095 0.0, -1.1256 0.3062 0.0, -0.9721 -0.1072 0.0, -1.1001 0.3095 0.0, -0.9711 -0.0984 0.0, 0.608 -0.0875 0.0, 0.6041 -0.097 0.0, 0.6028 -0.1072 0.0, 0.6028 -0.2253 0.0, 1.2484 0.4046 0.0, -1.2108 0.3554 0.0, -1.1952 0.335 0.0, -1.1748 0.3194 0.0, -1.0305 0.4301 0.0, -1.0404 0.4538 0.0, -0.4799 0.5621 0.0, -1.056 0.4742 0.0, -1.0764 0.4898 0.0, -1.2108 0.4538 0.0, -1.2207 0.4301 0.0, -1.3539 -1.3513 0.0, -0.9602 -1.3513 0.0, -0.9602 -0.5245 0.0, -1.3539 -0.5245 0.0, -0.9524 -0.2594 0.0, 1.1755 0.3095 0.0, 1.1992 0.3194 0.0, 1.2196 0.335 0.0, -1.0764 0.3194 0.0, -1.056 0.335 0.0, -0.6177 -0.0678 0.0, -0.4799 0.0896 0.0, -0.6075 -0.0692 0.0, -0.598 -0.0731 0.0, -0.6177 -0.2647 0.0, -0.6075 -0.2633 0.0, -0.598 -0.2594 0.0, -0.5899 -0.2532 0.0, -0.5836 -0.245 0.0, 1.3783 -0.5245 0.0, 0.9849 -0.2532 0.0, 0.9912 -0.245 0.0, -0.9429 -0.2633 0.0, -0.9327 -0.2647 0.0, -1.0404 0.3554 0.0, -1.0305 0.3791 0.0, -1.0272 0.4046 0.0, -1.1001 0.4997 0.0, -1.1256 0.503 0.0, -1.1511 0.4997 0.0, -0.5899 -0.0794 0.0, 0.6041 -0.2355 0.0, 0.608 -0.245 0.0, 0.6143 -0.2532 0.0, 0.6224 -0.2594 0.0, -1.4642 0.0896 0.0, -1.3539 0.0896 0.0, -0.9721 -0.2253 0.0, -0.9707 -0.2355 0.0, -0.9668 -0.245 0.0, -0.9605 -0.2532 0.0, -0.9327 -0.0678 0.0, -0.9414 -0.0688 0.0, -0.9498 -0.0717 0.0, -0.9572 -0.0764 0.0, -0.9635 -0.0827 0.0, -0.9682 -0.0901 0.0, 0.9951 -0.097 0.0, 0.9912 -0.0875 0.0, 0.9849 -0.0794 0.0, -0.5797 -0.2355 0.0, -0.5784 -0.2253 0.0, -0.5784 -0.1072 0.0, 0.6421 -0.2647 0.0, 0.9571 -0.2647 0.0, 0.9846 -0.5245 0.0, 0.9673 -0.2633 0.0, 0.9768 -0.2594 0.0, 0.6319 -0.2633 0.0, 1.0516 0.4046 0.0, 1.0549 0.3791 0.0, 1.0648 0.3554 0.0, 0.6319 -0.0692 0.0, 0.6224 -0.0731 0.0, 0.6143 -0.0794 0.0, 0.9951 -0.2355 0.0, 0.9965 -0.2253 0.0, 0.9965 -0.1072 0.0, 0.9768 -0.0731 0.0, 0.9673 -0.0692 0.0, 0.9571 -0.0678 0.0, 0.6421 -0.0678 0.0
            ]
        }
        coordIndex [
            0,1,2,-1,3,4,5,-1,5,4,6,-1,5,6,7,-1,8,9,10,-1,10,9,11,-1,10,11,12,-1,13,14,15,-1,7,16,5,-1,5,16,17,-1,5,17,2,-1,2,17,18,-1,2,18,0,-1,1,19,2,-1,2,19,20,-1,2,20,21,-1,22,23,24,-1,25,26,22,-1,27,28,21,-1,29,30,31,-1,31,30,32,-1,33,34,35,-1,35,34,36,-1,35,36,37,-1,38,39,21,-1,21,39,40,-1,21,40,41,-1,15,14,5,-1,5,14,42,-1,5,42,3,-1,24,43,22,-1,22,43,44,-1,22,44,35,-1,35,44,45,-1,35,45,33,-1,46,47,48,-1,48,47,49,-1,48,49,50,-1,26,51,22,-1,22,51,52,-1,22,52,23,-1,32,53,54,-1,55,56,57,-1,12,58,10,-1,10,58,59,-1,10,59,15,-1,15,59,60,-1,15,60,13,-1,61,62,63,-1,63,62,64,-1,63,64,65,-1,65,64,66,-1,41,67,68,-1,68,69,41,-1,41,69,70,-1,41,70,71,-1,72,73,74,-1,57,75,55,-1,55,75,76,-1,55,76,67,-1,62,77,64,-1,64,77,78,-1,64,78,48,-1,48,78,79,-1,48,79,46,-1,50,80,48,-1,48,80,81,-1,48,81,22,-1,22,81,82,-1,22,82,25,-1,21,28,64,-1,64,28,83,-1,64,83,66,-1,67,41,55,-1,55,41,84,-1,55,84,54,-1,84,85,54,-1,54,85,86,-1,54,86,87,-1,88,22,89,-1,89,22,35,-1,89,35,56,-1,56,35,90,-1,56,90,91,-1,91,92,56,-1,56,92,93,-1,56,93,57,-1,63,94,61,-1,61,94,95,-1,61,95,36,-1,36,95,96,-1,36,96,97,-1,97,98,36,-1,36,98,99,-1,36,99,37,-1,100,101,10,-1,10,101,102,-1,10,102,8,-1,71,103,41,-1,41,103,104,-1,41,104,21,-1,21,104,105,-1,21,105,27,-1,106,107,108,-1,108,107,109,-1,108,109,72,-1,72,109,110,-1,72,110,73,-1,32,54,31,-1,31,54,87,-1,31,87,108,-1,108,87,111,-1,108,111,106,-1,20,112,21,-1,21,112,113,-1,21,113,114,-1,115,116,21,-1,21,116,117,-1,21,117,38,-1,74,118,72,-1,72,118,119,-1,72,119,10,-1,10,119,120,-1,10,120,100,-1,102,121,8,-1,8,121,122,-1,8,122,114,-1,114,122,123,-1,114,123,21,-1,21,123,124,-1,21,124,115,-1,
        ]
    }
}
Shape{
    appearance Appearance {
        material  Material 	{
            diffuseColor 0.7529411764705882 0.7529411764705882 0.7529411764705882
            specularColor 0.3764705882352941 0.3764705882352941 0.3764705882352941
            ambientIntensity 0.7529
            transparency 0.0
            shininess 0.5
        }
    }
    geometry IndexedFaceSet {
        ccw TRUE
        solid FALSE
        coord DEF co Coordinate {
            point [
                0.9846 -0.5245 0.1181, 1.3783 -0.5245 0.1181, 1.3783 0.0896 0.1181, -0.9602 -1.3513 0.1181, -1.3539 -1.3513 0.1181, -1.3539 -2.056 0.1181, -1.3539 0.0896 0.1181, -1.3539 -0.5245 0.1181, -0.9602 -0.5245 0.1181, 1.3783 -2.056 0.1181, 1.3783 -1.3513 0.1181, 0.9846 -1.3513 0.1181, -1.6295 0.0896 0.3937, -1.6295 -0.5245 0.3937, -1.6256 0.0896 0.3473, -1.6201 -0.5245 0.3224, -1.4253 -0.5245 0.1275, -1.4253 0.0896 0.1275, -1.4917 -0.5245 0.155, -1.4917 0.0896 0.155, -1.5488 -0.5245 0.1988, -1.5488 0.0896 0.1988, -1.5926 -0.5245 0.2559, -1.5926 0.0896 0.2559, -1.6201 0.0896 0.3224, -1.3539 0.818 1.126, -1.3539 -2.056 1.126, -1.4253 0.818 1.1166, -1.4253 -2.056 1.1166, -1.4917 0.818 1.0891, -1.4917 -2.056 1.0891, -1.5488 0.818 1.0453, -1.5488 -2.056 1.0453, -1.5926 0.818 0.9882, -1.5926 -2.056 0.9882, -1.6201 0.818 0.9217, -1.6201 -2.056 0.9217, -1.6295 -2.056 0.8504, -1.6295 0.6211 0.8504, -1.6295 0.818 0.8504, -0.9602 -1.3513 0.0, -0.9602 -0.5245 0.0, -1.3539 -1.3513 0.0, -1.4253 -1.3513 0.1275, -1.4415 -1.3513 0.0099, -1.4917 -1.3513 0.155, -1.5248 -1.3513 0.039, -1.5488 -1.3513 0.1988, -1.7476 -1.3513 0.7087, -1.6295 -1.3513 0.7087, -1.7476 -1.3513 0.3937, -1.6295 -1.3513 0.3937, -1.7378 -1.3513 0.3061, -1.6201 -1.3513 0.3224, -1.7087 -1.3513 0.2229, -1.5926 -1.3513 0.2559, -1.6617 -1.3513 0.1482, -1.5994 -1.3513 0.0859, -1.6617 -0.5245 0.1482, -1.5994 -0.5245 0.0859, -1.5248 -0.5245 0.039, -1.4415 -0.5245 0.0099, -1.3539 -0.5245 0.0, -1.6295 -0.5245 0.7087, -1.7476 -0.5245 0.7087, -1.7476 -0.5245 0.3937, -1.7378 -0.5245 0.3061, -1.7087 -0.5245 0.2229, -1.7476 -1.1033 -0.3937, -1.7476 -0.9852 -0.3937, -1.6295 -1.1033 -0.3937, -1.6295 -0.9852 -0.3937, -1.6295 -1.2017 -0.2953, -1.6295 -1.2017 0.7087, -1.7476 -1.2017 -0.2953, -1.7476 -1.2017 0.7087, -1.7476 -0.8867 -0.2953, -1.7476 -0.8867 -0.0787, -1.6295 -0.8867 -0.2953, -1.6295 -0.8867 -0.0787, -0.6571 -0.1466 0.0787, -0.6571 -0.1859 0.0787, -0.8933 -0.1466 0.0787, -0.8933 -0.1859 0.0787, -1.6295 -0.7607 0.0, -1.6295 -0.808 0.0, -1.7476 -0.7607 0.0, -1.7476 -0.808 0.0, -1.7476 -0.682 0.0787, -1.7476 -0.682 0.7087, -1.6295 -0.682 0.0787, -1.6295 -0.682 0.7087, -0.647 -0.2061 0.075, -0.9034 -0.2061 0.075, -0.9073 -0.2138 0.0736, -0.6431 -0.2138 0.0736, -0.9127 -0.2248 0.0673, -0.6192 -0.2617 0.0203, -0.9298 -0.2588 0.0298, -0.6206 -0.2588 0.0298, -0.9272 -0.2537 0.0391, -0.6232 -0.2537 0.0391, -0.9255 -0.2502 0.0455, -0.6249 -0.2502 0.0455, -0.9209 -0.2411 0.0552, -0.6295 -0.2411 0.0552, -0.9182 -0.2357 0.061, -0.6322 -0.2357 0.061, -0.6377 -0.2248 0.0673, -0.6177 -0.2647 0.0, -0.9327 -0.2647 0.0, -0.6184 -0.2633 0.0147, -0.932 -0.2633 0.0147, -0.9312 -0.2617 0.0203, -0.9418 -0.2617 0.0162, -0.9324 -0.2472 0.0483, -0.923 -0.2326 0.063, -0.9168 -0.2047 0.0747, -0.919 -0.2023 0.0743, -0.9121 -0.2094 0.0747, -0.9145 -0.2071 0.0748, -0.9097 -0.2117 0.0743, -0.9212 -0.1999 0.0736, -0.9135 -0.196 0.075, -0.9399 -0.2156 0.063, -0.9431 -0.2108 0.061, -0.9322 -0.2054 0.0673, -0.9277 -0.2289 0.0642, -0.9321 -0.2248 0.0646, -0.9363 -0.2203 0.0642, -0.9546 -0.225 0.0483, -0.9576 -0.2181 0.0455, -0.9485 -0.2135 0.0552, -0.9391 -0.243 0.05, -0.9451 -0.2378 0.0506, -0.9504 -0.2317 0.05, -0.9639 -0.2311 0.0324, -0.9662 -0.2224 0.0298, -0.9611 -0.2198 0.0391, -0.9384 -0.2566 0.0324, -0.9466 -0.2524 0.034, -0.9539 -0.2465 0.0346, -0.9598 -0.2393 0.034, -0.9691 -0.2344 0.0162, -0.9707 -0.2246 0.0147, -0.969 -0.2238 0.0203, -0.951 -0.2577 0.0172, -0.9589 -0.2515 0.0175, -0.9651 -0.2436 0.0172, -0.9721 -0.2253 0.0, -0.9707 -0.2355 0.0, -0.9668 -0.245 0.0, -0.9605 -0.2532 0.0, -0.9524 -0.2594 0.0, -0.9429 -0.2633 0.0, -0.5814 -0.2238 0.0203, -0.5797 -0.2246 0.0147, -0.5813 -0.2344 0.0162, -0.6019 -0.2135 0.0552, -0.5928 -0.2181 0.0455, -0.5958 -0.225 0.0483, -0.6182 -0.2054 0.0673, -0.6073 -0.2108 0.061, -0.6105 -0.2156 0.063, -0.6383 -0.2094 0.0747, -0.6407 -0.2117 0.0743, -0.6336 -0.2047 0.0747, -0.6359 -0.2071 0.0748, -0.6292 -0.1999 0.0736, -0.6314 -0.2023 0.0743, -0.6369 -0.196 0.075, -0.6274 -0.2326 0.063, -0.6142 -0.2203 0.0642, -0.6183 -0.2248 0.0646, -0.6227 -0.2289 0.0642, -0.618 -0.2472 0.0483, -0.6 -0.2317 0.05, -0.6053 -0.2378 0.0506, -0.6113 -0.243 0.05, -0.612 -0.2566 0.0324, -0.5865 -0.2311 0.0324, -0.5907 -0.2393 0.034, -0.5965 -0.2465 0.0346, -0.6038 -0.2524 0.034, -0.5893 -0.2198 0.0391, -0.5842 -0.2224 0.0298, -0.6086 -0.2617 0.0162, -0.5853 -0.2436 0.0172, -0.5915 -0.2515 0.0175, -0.5994 -0.2577 0.0172, -0.6075 -0.2633 0.0, -0.598 -0.2594 0.0, -0.5899 -0.2532 0.0, -0.5836 -0.245 0.0, -0.5797 -0.2355 0.0, -0.5784 -0.2253 0.0, -0.9662 -0.1101 0.0298, -0.9611 -0.1127 0.0391, -0.9576 -0.1144 0.0455, -0.9485 -0.119 0.0552, -0.9431 -0.1217 0.061, -0.9322 -0.1271 0.0673, -0.9212 -0.1326 0.0736, -0.9135 -0.1365 0.075, -0.9721 -0.1072 0.0, -0.9707 -0.1079 0.0147, -0.969 -0.1087 0.0203, -0.5784 -0.1072 0.0, -0.5797 -0.1079 0.0147, -0.5814 -0.1087 0.0203, -0.5842 -0.1101 0.0298, -0.5893 -0.1127 0.0391, -0.5928 -0.1144 0.0455, -0.6019 -0.119 0.0552, -0.6073 -0.1217 0.061, -0.6182 -0.1271 0.0673, -0.6292 -0.1326 0.0736, -0.6369 -0.1365 0.075, -0.9691 -0.0981 0.0162, -0.9546 -0.1075 0.0483, -0.9399 -0.1169 0.063, -0.9121 -0.1231 0.0747, -0.9097 -0.1208 0.0743, -0.9168 -0.1278 0.0747, -0.9145 -0.1254 0.0748, -0.919 -0.1302 0.0743, -0.9073 -0.1187 0.0736, -0.9034 -0.1264 0.075, -0.923 -0.0999 0.063, -0.9182 -0.0968 0.061, -0.9127 -0.1077 0.0673, -0.9363 -0.1122 0.0642, -0.9321 -0.1078 0.0646, -0.9277 -0.1036 0.0642, -0.9324 -0.0853 0.0483, -0.9255 -0.0823 0.0455, -0.9209 -0.0914 0.0552, -0.9504 -0.1008 0.05, -0.9451 -0.0947 0.0506, -0.9391 -0.0895 0.05, -0.9384 -0.0759 0.0324, -0.9298 -0.0737 0.0298, -0.9272 -0.0788 0.0391, -0.9639 -0.1014 0.0324, -0.9598 -0.0933 0.034, -0.9539 -0.086 0.0346, -0.9466 -0.0801 0.034, -0.9418 -0.0708 0.0162, -0.932 -0.0692 0.0147, -0.9312 -0.0709 0.0203, -0.9651 -0.0889 0.0172, -0.9589 -0.081 0.0175, -0.951 -0.0748 0.0172, -0.9327 -0.0678 0.0, -0.9429 -0.0692 0.0, -0.9524 -0.0731 0.0, -0.9605 -0.0794 0.0, -0.9668 -0.0875 0.0, -0.9707 -0.097 0.0, -0.6192 -0.0709 0.0203, -0.6184 -0.0692 0.0147, -0.6086 -0.0708 0.0162, -0.6295 -0.0914 0.0552, -0.6249 -0.0823 0.0455, -0.618 -0.0853 0.0483, -0.6377 -0.1077 0.0673, -0.6322 -0.0968 0.061, -0.6274 -0.0999 0.063, -0.6336 -0.1278 0.0747, -0.6314 -0.1302 0.0743, -0.6383 -0.1231 0.0747, -0.6359 -0.1254 0.0748, -0.6431 -0.1187 0.0736, -0.6407 -0.1208 0.0743, -0.647 -0.1264 0.075, -0.6105 -0.1169 0.063, -0.6227 -0.1036 0.0642, -0.6183 -0.1078 0.0646, -0.6142 -0.1122 0.0642, -0.5958 -0.1075 0.0483, -0.6113 -0.0895 0.05, -0.6053 -0.0947 0.0506, -0.6 -0.1008 0.05, -0.5865 -0.1014 0.0324, -0.612 -0.0759 0.0324, -0.6038 -0.0801 0.034, -0.5965 -0.086 0.0346, -0.5907 -0.0933 0.034, -0.6232 -0.0788 0.0391, -0.6206 -0.0737 0.0298, -0.5813 -0.0981 0.0162, -0.5994 -0.0748 0.0172, -0.5915 -0.081 0.0175, -0.5853 -0.0889 0.0172, -0.5797 -0.097 0.0, -0.5836 -0.0875 0.0, -0.5899 -0.0794 0.0, -0.598 -0.0731 0.0, -0.6075 -0.0692 0.0, -0.6177 -0.0678 0.0, -1.7476 0.7393 0.6929, -1.7476 0.6211 0.6929, -1.6295 0.7393 0.6929, -1.6295 0.6211 0.6929, -1.6295 0.2274 0.1125, -1.6617 0.2274 0.1482, -1.6295 0.2274 0.4961, -1.7087 0.2274 0.2229, -1.7378 0.2274 0.3061, -1.7476 0.2274 0.3937, -1.7476 0.2274 0.4961, -1.6295 0.3849 -0.2756, -1.6295 0.3849 0.4961, -1.7476 0.3849 -0.2756, -1.7476 0.3849 0.4961, -1.7476 0.503 -0.3937, -1.7476 0.6999 -0.3937, -1.6295 0.503 -0.3937, -1.6295 0.6999 -0.3937, -1.6295 0.7596 0.6902, -1.7476 0.7596 0.6902, -1.6295 0.7786 0.6824, -1.7476 0.7786 0.6824, -1.6295 0.7949 0.6699, -1.7476 0.7949 0.6699, -1.6295 0.8074 0.6535, -1.7476 0.8074 0.6535, -1.6295 0.8153 0.6346, -1.7476 0.8153 0.6346, -1.6295 0.818 0.6142, -1.7476 0.818 0.6142, -1.6295 0.6008 0.6956, -1.7476 0.6008 0.6956, -1.6295 0.5818 0.7035, -1.7476 0.5818 0.7035, -1.6295 0.5655 0.716, -1.7476 0.5655 0.716, -1.6295 0.5529 0.7323, -1.7476 0.5529 0.7323, -1.6295 0.5451 0.7513, -1.7476 0.5451 0.7513, -1.6295 0.5424 0.7717, -1.7476 0.5424 0.7717, -1.7476 0.3062 0.5748, -1.6295 0.3062 0.5748, -1.7476 0.2858 0.5721, -1.6295 0.2858 0.5721, -1.7476 0.2668 0.5643, -1.6295 0.2668 0.5643, -1.7476 0.2505 0.5517, -1.6295 0.2505 0.5517, -1.7476 0.238 0.5354, -1.6295 0.238 0.5354, -1.7476 0.2301 0.5164, -1.6295 0.2301 0.5164, -1.7476 0.3822 0.5164, -1.6295 0.3822 0.5164, -1.7476 0.3744 0.5354, -1.6295 0.3744 0.5354, -1.7476 0.3619 0.5517, -1.6295 0.3619 0.5517, -1.7476 0.3455 0.5643, -1.6295 0.3455 0.5643, -1.7476 0.3266 0.5721, -1.6295 0.3266 0.5721, -1.7476 -1.2042 0.7284, -1.6295 -1.2042 0.7284, -1.7476 -1.2116 0.7469, -1.6295 -1.2116 0.7469, -1.7476 -1.2234 0.7629, -1.6295 -1.2234 0.7629, -1.7476 -1.2388 0.7755, -1.6295 -1.2388 0.7755, -1.7476 -1.2569 0.7838, -1.6295 -1.2569 0.7838, -1.7476 -1.2765 0.7873, -1.6295 -1.2765 0.7873, -1.6295 -1.3488 0.7284, -1.7476 -1.3488 0.7284, -1.6295 -1.3414 0.7469, -1.7476 -1.3414 0.7469, -1.6295 -1.3296 0.7629, -1.7476 -1.3296 0.7629, -1.6295 -1.3142 0.7755, -1.7476 -1.3142 0.7755, -1.6295 -1.2961 0.7838, -1.7476 -1.2961 0.7838, -1.7476 -0.5272 0.729, -1.6295 -0.5272 0.729, -1.7476 -0.5351 0.748, -1.6295 -0.5351 0.748, -1.7476 -0.5476 0.7643, -1.6295 -0.5476 0.7643, -1.7476 -0.5639 0.7769, -1.6295 -0.5639 0.7769, -1.7476 -0.5829 0.7847, -1.6295 -0.5829 0.7847, -1.7476 -0.6033 0.7874, -1.6295 -0.6033 0.7874, -1.7476 -0.6236 0.7847, -1.6295 -0.6236 0.7847, -1.7476 -0.6426 0.7769, -1.6295 -0.6426 0.7769, -1.7476 -0.6589 0.7643, -1.6295 -0.6589 0.7643, -1.7476 -0.6715 0.748, -1.6295 -0.6715 0.748, -1.7476 -0.6793 0.729, -1.6295 -0.6793 0.729, -0.8539 0.4637 1.2441, -0.4209 0.4637 1.2441, -0.8539 0.4637 1.126, -0.4209 0.4637 1.126, -0.8933 0.7786 1.2441, -0.8933 0.503 1.2441, -0.8933 0.7786 1.126, -0.8933 0.503 1.126, -0.4107 0.5804 1.2272, -0.4012 0.5765 1.2327, -0.3815 0.818 1.2441, -0.393 0.5702 1.2374, -0.6648 0.818 1.0805, -0.6648 0.5818 1.0805, -0.4209 0.5818 1.2214, -0.3845 0.5575 1.2424, -0.3828 0.5526 1.2433, -0.3818 0.5475 1.2439, -0.3815 0.5424 1.2441, -0.3896 0.5664 1.2394, -0.3868 0.5621 1.241, -0.6648 0.5829 0.9441, -0.6648 0.8169 0.9441, -0.6567 0.5818 0.9488, -0.6567 0.818 0.9488, -0.3499 0.5818 1.126, -0.3499 0.818 1.126, -0.4209 0.5818 1.126, -0.6648 0.5818 0.9629, -0.6648 0.818 0.9629, -0.9327 0.818 1.126, -0.9327 0.818 1.2441, -0.9239 0.817 1.2441, -0.9239 0.817 1.126, -0.9156 0.8141 1.2441, -0.9156 0.8141 1.126, -0.9081 0.8094 1.2441, -0.9081 0.8094 1.126, -0.9019 0.8032 1.2441, -0.9019 0.8032 1.126, -0.8972 0.7957 1.2441, -0.8972 0.7957 1.126, -0.8943 0.7874 1.2441, -0.8943 0.7874 1.126, -0.8641 0.465 1.2441, -0.8641 0.465 1.126, -0.8736 0.4689 1.2441, -0.8736 0.4689 1.126, -0.8818 0.4752 1.2441, -0.8818 0.4752 1.126, -0.888 0.4833 1.2441, -0.888 0.4833 1.126, -0.892 0.4928 1.2441, -0.892 0.4928 1.126, -0.4107 0.5804 1.126, -0.4012 0.5765 1.126, -0.393 0.5702 1.126, -0.3868 0.5621 1.126, -0.3828 0.5526 1.126, -0.3815 0.5424 1.126, -0.3815 0.503 1.2441, -0.3815 0.503 1.126, -0.3828 0.4928 1.2441, -0.3828 0.4928 1.126, -0.3868 0.4833 1.2441, -0.3868 0.4833 1.126, -0.393 0.4752 1.2441, -0.393 0.4752 1.126, -0.4012 0.4689 1.2441, -0.4012 0.4689 1.126, -0.4107 0.465 1.2441, -0.4107 0.465 1.126, -0.6571 -0.1466 1.1654, -0.8933 -0.1466 1.1654, -0.6571 -0.1859 1.1654, -0.8933 -0.1859 1.1654, -0.9121 -0.2094 1.1694, -0.9097 -0.2117 1.1698, -0.923 -0.2326 1.1811, -0.9272 -0.2537 1.205, -0.9255 -0.2502 1.1986, -0.9324 -0.2472 1.1958, -0.9312 -0.2617 1.2238, -0.9298 -0.2588 1.2143, -0.9384 -0.2566 1.2117, -0.9691 -0.2344 1.2279, -0.9707 -0.2246 1.2294, -0.9721 -0.2253 1.2441, -0.9327 -0.2647 1.2441, -0.932 -0.2633 1.2294, -0.9429 -0.2633 1.2441, -0.9418 -0.2617 1.2279, -0.9524 -0.2594 1.2441, -0.9605 -0.2532 1.2441, -0.951 -0.2577 1.2269, -0.9466 -0.2524 1.2101, -0.969 -0.2238 1.2238, -0.9639 -0.2311 1.2117, -0.9662 -0.2224 1.2143, -0.9668 -0.245 1.2441, -0.9589 -0.2515 1.2266, -0.9539 -0.2465 1.2095, -0.9451 -0.2378 1.1935, -0.9707 -0.2355 1.2441, -0.9651 -0.2436 1.2269, -0.9598 -0.2393 1.2101, -0.9504 -0.2317 1.1941, -0.9363 -0.2203 1.1799, -0.9546 -0.225 1.1958, -0.9399 -0.2156 1.1811, -0.9431 -0.2108 1.1831, -0.9485 -0.2135 1.1889, -0.9576 -0.2181 1.1986, -0.9611 -0.2198 1.205, -0.9073 -0.2138 1.1705, -0.9127 -0.2248 1.1768, -0.9182 -0.2357 1.1831, -0.9209 -0.2411 1.1889, -0.9277 -0.2289 1.1799, -0.9145 -0.2071 1.1693, -0.919 -0.2023 1.1698, -0.9034 -0.2061 1.1691, -0.9135 -0.196 1.1691, -0.9212 -0.1999 1.1705, -0.9322 -0.2054 1.1768, -0.9391 -0.243 1.1941, -0.9321 -0.2248 1.1795, -0.9168 -0.2047 1.1694, -0.6249 -0.2502 1.1986, -0.6295 -0.2411 1.1889, -0.6322 -0.2357 1.1831, -0.6377 -0.2248 1.1768, -0.6431 -0.2138 1.1705, -0.647 -0.2061 1.1691, -0.6177 -0.2647 1.2441, -0.6184 -0.2633 1.2294, -0.6192 -0.2617 1.2238, -0.6206 -0.2588 1.2143, -0.6232 -0.2537 1.205, -0.9721 -0.1072 1.2441, -0.9707 -0.1079 1.2294, -0.969 -0.1087 1.2238, -0.9662 -0.1101 1.2143, -0.9611 -0.1127 1.205, -0.9576 -0.1144 1.1986, -0.9485 -0.119 1.1889, -0.9431 -0.1217 1.1831, -0.9322 -0.1271 1.1768, -0.9212 -0.1326 1.1705, -0.9135 -0.1365 1.1691, -0.6336 -0.2047 1.1694, -0.6314 -0.2023 1.1698, -0.6105 -0.2156 1.1811, -0.5893 -0.2198 1.205, -0.5928 -0.2181 1.1986, -0.5958 -0.225 1.1958, -0.5814 -0.2238 1.2238, -0.5842 -0.2224 1.2143, -0.5865 -0.2311 1.2117, -0.6086 -0.2617 1.2279, -0.5784 -0.2253 1.2441, -0.5797 -0.2246 1.2294, -0.5797 -0.2355 1.2441, -0.5813 -0.2344 1.2279, -0.5836 -0.245 1.2441, -0.5899 -0.2532 1.2441, -0.5853 -0.2436 1.2269, -0.5907 -0.2393 1.2101, -0.612 -0.2566 1.2117, -0.598 -0.2594 1.2441, -0.5915 -0.2515 1.2266, -0.5965 -0.2465 1.2095, -0.6053 -0.2378 1.1935, -0.6075 -0.2633 1.2441, -0.5994 -0.2577 1.2269, -0.6038 -0.2524 1.2101, -0.6113 -0.243 1.1941, -0.6227 -0.2289 1.1799, -0.618 -0.2472 1.1958, -0.6274 -0.2326 1.1811, -0.6292 -0.1999 1.1705, -0.6182 -0.2054 1.1768, -0.6073 -0.2108 1.1831, -0.6019 -0.2135 1.1889, -0.6142 -0.2203 1.1799, -0.6359 -0.2071 1.1693, -0.6407 -0.2117 1.1698, -0.6369 -0.196 1.1691, -0.6 -0.2317 1.1941, -0.6183 -0.2248 1.1795, -0.6383 -0.2094 1.1694, -0.9168 -0.1278 1.1694, -0.919 -0.1302 1.1698, -0.9399 -0.1169 1.1811, -0.9546 -0.1075 1.1958, -0.9639 -0.1014 1.2117, -0.9418 -0.0708 1.2279, -0.932 -0.0692 1.2294, -0.9327 -0.0678 1.2441, -0.9707 -0.097 1.2441, -0.9691 -0.0981 1.2279, -0.9668 -0.0875 1.2441, -0.9605 -0.0794 1.2441, -0.9651 -0.0889 1.2269, -0.9598 -0.0933 1.2101, -0.9312 -0.0709 1.2238, -0.9384 -0.0759 1.2117, -0.9298 -0.0737 1.2143, -0.9524 -0.0731 1.2441, -0.9589 -0.081 1.2266, -0.9539 -0.086 1.2095, -0.9451 -0.0947 1.1935, -0.9429 -0.0692 1.2441, -0.951 -0.0748 1.2269, -0.9466 -0.0801 1.2101, -0.9391 -0.0895 1.1941, -0.9277 -0.1036 1.1799, -0.9324 -0.0853 1.1958, -0.923 -0.0999 1.1811, -0.9182 -0.0968 1.1831, -0.9209 -0.0914 1.1889, -0.9255 -0.0823 1.1986, -0.9272 -0.0788 1.205, -0.9363 -0.1122 1.1799, -0.9145 -0.1254 1.1693, -0.9097 -0.1208 1.1698, -0.9034 -0.1264 1.1691, -0.9073 -0.1187 1.1705, -0.9127 -0.1077 1.1768, -0.9504 -0.1008 1.1941, -0.9321 -0.1078 1.1795, -0.9121 -0.1231 1.1694, -0.6369 -0.1365 1.1691, -0.6292 -0.1326 1.1705, -0.6182 -0.1271 1.1768, -0.6073 -0.1217 1.1831, -0.6019 -0.119 1.1889, -0.5928 -0.1144 1.1986, -0.5893 -0.1127 1.205, -0.5842 -0.1101 1.2143, -0.5784 -0.1072 1.2441, -0.5797 -0.1079 1.2294, -0.5814 -0.1087 1.2238, -0.6177 -0.0678 1.2441, -0.6184 -0.0692 1.2294, -0.6192 -0.0709 1.2238, -0.6206 -0.0737 1.2143, -0.6232 -0.0788 1.205, -0.6249 -0.0823 1.1986, -0.6295 -0.0914 1.1889, -0.6322 -0.0968 1.1831, -0.6377 -0.1077 1.1768, -0.6431 -0.1187 1.1705, -0.647 -0.1264 1.1691, -0.6383 -0.1231 1.1694, -0.6407 -0.1208 1.1698, -0.6274 -0.0999 1.1811, -0.618 -0.0853 1.1958, -0.612 -0.0759 1.2117, -0.5813 -0.0981 1.2279, -0.6075 -0.0692 1.2441, -0.6086 -0.0708 1.2279, -0.598 -0.0731 1.2441, -0.5899 -0.0794 1.2441, -0.5994 -0.0748 1.2269, -0.6038 -0.0801 1.2101, -0.5865 -0.1014 1.2117, -0.5836 -0.0875 1.2441, -0.5915 -0.081 1.2266, -0.5965 -0.086 1.2095, -0.6053 -0.0947 1.1935, -0.5797 -0.097 1.2441, -0.5853 -0.0889 1.2269, -0.5907 -0.0933 1.2101, -0.6 -0.1008 1.1941, -0.6142 -0.1122 1.1799, -0.5958 -0.1075 1.1958, -0.6105 -0.1169 1.1811, -0.6227 -0.1036 1.1799, -0.6359 -0.1254 1.1693, -0.6314 -0.1302 1.1698, -0.6113 -0.0895 1.1941, -0.6183 -0.1078 1.1795, -0.6336 -0.1278 1.1694, 0.4059 0.503 1.126, 0.4059 0.5424 1.126, 0.4059 0.503 1.2441, 0.4059 0.5424 1.2441, 1.772 0.818 0.8504, 1.6539 0.818 0.8504, 1.7622 0.818 0.938, 1.6445 0.818 0.9217, 1.7331 0.818 1.0212, 1.617 0.818 0.9882, 1.6861 0.818 1.0959, 1.5732 0.818 1.0453, 0.9571 0.818 1.126, 0.9571 0.818 1.2441, 1.3783 0.818 1.126, 1.3783 0.818 1.2441, 1.4497 0.818 1.1166, 1.4659 0.818 1.2342, 1.5161 0.818 1.0891, 1.5492 0.818 1.2051, 1.6238 0.818 1.1582, 1.772 -1.3488 0.7284, 1.772 -1.3414 0.7469, 1.772 -2.056 0.8504, 1.772 -1.3296 0.7629, 1.772 0.5451 0.792, 1.772 0.5529 0.811, 1.772 0.5655 0.8273, 1.772 -2.056 0.3937, 1.772 -1.3513 0.3937, 1.772 -1.3513 0.7087, 1.772 -1.3142 0.7755, 1.772 -1.2961 0.7838, 1.772 -1.2765 0.7873, 1.772 -0.5639 0.7769, 1.772 0.5424 0.7717, 1.772 -0.5829 0.7847, 1.772 -0.6033 0.7874, 1.772 0.503 -0.3937, 1.772 0.6999 -0.3937, 1.772 0.818 -0.2756, 1.772 0.5818 0.8398, 1.772 0.6008 0.8477, 1.772 0.6211 0.8504, 1.772 0.3062 0.5748, 1.772 0.3266 0.5721, 1.772 0.5529 0.7323, 1.772 -1.1983 -0.3207, 1.772 -1.1885 -0.3445, 1.772 -1.2017 -0.2953, 1.772 -1.2017 0.7087, 1.772 0.3889 -0.3062, 1.772 0.4007 -0.3346, 1.772 -1.2042 0.7284, 1.772 -0.9359 -0.3805, 1.772 -0.9156 -0.3649, 1.772 -0.6589 0.7643, 1.772 -0.6426 0.7769, 1.772 -0.5351 0.748, 1.772 -0.5272 0.729, 1.772 0.2301 0.5164, 1.772 -0.5245 0.7087, 1.772 0.2274 0.4961, 1.772 -0.5245 0.3937, 1.772 0.2274 0.3937, 1.772 0.7393 0.6929, 1.772 0.6211 0.6929, 1.772 0.3822 0.5164, 1.772 0.6008 0.6956, 1.772 0.3744 0.5354, 1.772 0.238 0.5354, 1.772 0.2505 0.5517, 1.772 0.2668 0.5643, 1.772 0.7262 -0.3907, 1.772 0.7511 -0.382, 1.772 0.7735 -0.3679, 1.772 0.7922 -0.3492, 1.772 0.8063 -0.3268, 1.772 0.815 -0.3019, 1.772 -1.1729 -0.3649, 1.772 -1.1525 -0.3805, 1.772 -1.1287 -0.3903, 1.772 -0.6236 0.7847, 1.772 -0.5476 0.7643, 1.772 0.5451 0.7513, 1.772 0.2858 0.5721, 1.772 0.4725 -0.3897, 1.772 0.4195 -0.3591, 1.772 0.444 -0.3779, 1.772 -0.8867 -0.2953, 1.772 -0.8867 -0.0787, 1.772 -0.8841 -0.0584, 1.772 -1.2116 0.7469, 1.772 -0.8762 -0.0394, 1.772 -0.8637 -0.0231, 1.772 -1.2388 0.7755, 1.772 -1.2234 0.7629, 1.772 -0.6793 0.729, 1.772 0.3849 -0.2756, 1.772 0.3849 0.4961, 1.772 0.818 0.6142, 1.772 0.8153 0.6346, 1.772 -1.1033 -0.3937, 1.772 -0.9852 -0.3937, 1.772 -0.9597 -0.3903, 1.772 -0.6715 0.748, 1.772 -1.2569 0.7838, 1.772 0.8074 0.6535, 1.772 0.7949 0.6699, 1.772 -0.8999 -0.3445, 1.772 -0.8901 -0.3207, 1.772 0.7786 0.6824, 1.772 0.7596 0.6902, 1.772 0.3455 0.5643, 1.772 0.3619 0.5517, 1.772 0.5655 0.716, 1.772 0.5818 0.7035, 1.772 -0.8474 -0.0105, 1.772 -0.8284 -0.0027, 1.772 -0.808 0.0, 1.772 -0.682 0.7087, 1.772 -0.7607 0.0, 1.772 -0.682 0.0787, 1.772 -0.6847 0.0584, 1.772 -0.7404 0.0027, 1.772 -0.7214 0.0106, 1.772 -0.7051 0.0231, 1.772 -0.6926 0.0394, 1.6539 0.0896 0.3937, 1.6539 0.2505 0.5517, 1.6539 0.238 0.5354, 1.6539 -0.8474 -0.0105, 1.6539 -0.8637 -0.0231, 1.6539 -0.6793 0.729, 1.6539 0.2274 0.1125, 1.6539 0.0896 0.1125, 1.6539 0.2274 0.4961, 1.6539 0.2301 0.5164, 1.6539 -2.056 0.8504, 1.6539 0.6211 0.8504, 1.6539 0.6008 0.8477, 1.6539 -1.3142 0.7755, 1.6539 -1.3296 0.7629, 1.6539 -1.3513 0.3937, 1.6539 -2.056 0.3937, 1.6539 -1.3513 0.7087, 1.6539 -1.3414 0.7469, 1.6539 -1.3488 0.7284, 1.6539 -0.6847 0.0584, 1.6539 -0.6926 0.0394, 1.6539 -0.682 0.0787, 1.6539 -0.682 0.7087, 1.6539 -0.5351 0.748, 1.6539 -0.5476 0.7643, 1.6539 0.2668 0.5643, 1.6539 0.3849 0.4961, 1.6539 0.3822 0.5164, 1.6539 0.6008 0.6956, 1.6539 0.5818 0.8398, 1.6539 0.5655 0.8273, 1.6539 0.5529 0.811, 1.6539 -0.6715 0.748, 1.6539 -0.6589 0.7643, 1.6539 -0.6426 0.7769, 1.6539 -1.2234 0.7629, 1.6539 -1.2388 0.7755, 1.6539 -1.2569 0.7838, 1.6539 -1.2765 0.7873, 1.6539 -1.2961 0.7838, 1.6539 -0.5245 0.3937, 1.6539 -0.5245 0.7087, 1.6539 -0.5272 0.729, 1.6539 -0.7051 0.0231, 1.6539 -0.7214 0.0106, 1.6539 -0.7404 0.0027, 1.6539 0.5451 0.792, 1.6539 0.5424 0.7717, 1.6539 0.5451 0.7513, 1.6539 -0.7607 0.0, 1.6539 -0.808 0.0, 1.6539 -0.8284 -0.0027, 1.6539 0.4725 -0.3897, 1.6539 0.444 -0.3779, 1.6539 0.6211 0.6929, 1.6539 0.4195 -0.3591, 1.6539 0.7589 -0.3779, 1.6539 0.7304 -0.3897, 1.6539 0.7834 -0.3591, 1.6539 0.6999 -0.3937, 1.6539 0.8022 -0.3346, 1.6539 -1.2017 -0.2953, 1.6539 -1.2017 0.7087, 1.6539 -1.2042 0.7284, 1.6539 -1.2116 0.7469, 1.6539 0.4007 -0.3346, 1.6539 0.3889 -0.3062, 1.6539 0.3849 -0.2756, 1.6539 0.7596 0.6902, 1.6539 0.818 0.6142, 1.6539 0.7393 0.6929, 1.6539 0.818 -0.2756, 1.6539 0.503 -0.3937, 1.6539 0.814 -0.3062, 1.6539 0.3455 0.5643, 1.6539 0.3619 0.5517, 1.6539 0.5529 0.7323, 1.6539 0.3744 0.5354, 1.6539 0.5655 0.716, 1.6539 0.5818 0.7035, 1.6539 -0.5639 0.7769, 1.6539 -0.5829 0.7847, 1.6539 0.2858 0.5721, 1.6539 -0.8762 -0.0394, 1.6539 -0.8841 -0.0584, 1.6539 -0.8867 -0.0787, 1.6539 -1.1983 -0.3207, 1.6539 0.7786 0.6824, 1.6539 0.7949 0.6699, 1.6539 0.8153 0.6346, 1.6539 0.8074 0.6535, 1.6539 -0.9852 -0.3937, 1.6539 -1.1033 -0.3937, 1.6539 -1.1287 -0.3903, 1.6539 -1.1525 -0.3805, 1.6539 0.3266 0.5721, 1.6539 0.3062 0.5748, 1.6539 -1.1729 -0.3649, 1.6539 -1.1885 -0.3445, 1.6539 -0.6033 0.7874, 1.6539 -0.6236 0.7847, 1.6539 -0.9156 -0.3649, 1.6539 -0.9359 -0.3805, 1.6539 -0.8999 -0.3445, 1.6539 -0.8901 -0.3207, 1.6539 -0.8867 -0.2953, 1.6539 -0.9597 -0.3903, 1.6861 0.2274 0.1482, 1.6861 -0.5245 0.1482, 1.65 0.0896 0.1087, 1.6238 -0.5245 0.0859, 1.6238 0.0896 0.0859, 1.55 0.0896 0.0394, 1.5492 0.0896 0.039, 1.5492 -0.5245 0.039, 1.4886 0.0896 0.0157, 1.4659 -0.5245 0.0099, 1.4659 0.0896 0.0099, 1.3783 -0.5245 0.0, 1.3783 0.0896 0.0, 1.7331 0.2274 0.2229, 1.7331 -0.5245 0.2229, 1.7622 0.2274 0.3061, 1.7622 -0.5245 0.3061, 1.7622 -2.056 0.938, 1.7331 -2.056 1.0212, 1.6861 -2.056 1.0959, 1.6238 -2.056 1.1582, 1.5492 -2.056 1.2051, 1.4659 -2.056 1.2342, 1.3783 -2.056 1.2441, 1.7622 -2.056 0.3061, 1.7622 -1.3513 0.3061, 1.7331 -2.056 0.2229, 1.7331 -1.3513 0.2229, 1.6861 -2.056 0.1482, 1.6861 -1.3513 0.1482, 1.6238 -2.056 0.0859, 1.6238 -1.3513 0.0859, 1.5492 -2.056 0.039, 1.5492 -1.3513 0.039, 1.4659 -2.056 0.0099, 1.4659 -1.3513 0.0099, 1.3783 -2.056 0.0, 1.3783 -1.3513 0.0, 1.4497 -1.3513 0.1275, 1.4497 -2.056 0.1275, 1.5161 -1.3513 0.155, 1.5161 -2.056 0.155, 1.5732 -1.3513 0.1988, 1.5732 -2.056 0.1988, 1.617 -1.3513 0.2559, 1.617 -2.056 0.2559, 1.6445 -1.3513 0.3224, 1.6445 -2.056 0.3224, 1.4497 0.0896 0.1275, 1.4497 -0.5245 0.1275, 1.5161 0.0896 0.155, 1.5161 -0.5245 0.155, 1.5732 0.0896 0.1988, 1.5732 -0.5245 0.1988, 1.617 0.0896 0.2559, 1.617 -0.5245 0.2559, 1.6445 0.0896 0.3224, 1.6445 -0.5245 0.3224, 1.65 0.0896 0.3473, 1.6445 -2.056 0.9217, 1.617 -2.056 0.9882, 1.5732 -2.056 1.0453, 1.5161 -2.056 1.0891, 1.4497 -2.056 1.1166, 1.3783 -2.056 1.126, 0.9846 -1.3513 0.0, 0.9846 -0.5245 0.0, 0.6815 -0.1859 0.0787, 0.6815 -0.1466 0.0787, 0.9177 -0.1859 0.0787, 0.9177 -0.1466 0.0787, 0.9571 -0.2647 0.0, 0.6421 -0.2647 0.0, 0.9564 -0.2633 0.0147, 0.6428 -0.2633 0.0147, 0.9556 -0.2617 0.0203, 0.6436 -0.2617 0.0203, 0.645 -0.2588 0.0298, 0.9542 -0.2588 0.0298, 0.6476 -0.2537 0.0391, 0.9516 -0.2537 0.0391, 0.9499 -0.2502 0.0455, 0.6493 -0.2502 0.0455, 0.9453 -0.2411 0.0552, 0.6539 -0.2411 0.0552, 0.6566 -0.2357 0.061, 0.9426 -0.2357 0.061, 0.6621 -0.2248 0.0673, 0.9371 -0.2248 0.0673, 0.9317 -0.2138 0.0736, 0.6675 -0.2138 0.0736, 0.9278 -0.2061 0.075, 0.6714 -0.2061 0.075, 0.9934 -0.2238 0.0203, 0.9951 -0.2246 0.0147, 0.9935 -0.2344 0.0162, 0.9729 -0.2135 0.0552, 0.982 -0.2181 0.0455, 0.979 -0.225 0.0483, 0.9566 -0.2054 0.0673, 0.9675 -0.2108 0.061, 0.9643 -0.2156 0.063, 0.9365 -0.2094 0.0747, 0.9341 -0.2117 0.0743, 0.9412 -0.2047 0.0747, 0.9389 -0.2071 0.0748, 0.9456 -0.1999 0.0736, 0.9434 -0.2023 0.0743, 0.9379 -0.196 0.075, 0.9474 -0.2326 0.063, 0.9607 -0.2203 0.0642, 0.9565 -0.2248 0.0646, 0.9521 -0.2289 0.0642, 0.9568 -0.2472 0.0483, 0.9748 -0.2317 0.05, 0.9695 -0.2378 0.0506, 0.9635 -0.243 0.05, 0.9628 -0.2566 0.0324, 0.9883 -0.2311 0.0324, 0.9842 -0.2393 0.034, 0.9783 -0.2465 0.0346, 0.971 -0.2524 0.034, 0.9855 -0.2198 0.0391, 0.9906 -0.2224 0.0298, 0.9662 -0.2617 0.0162, 0.9895 -0.2436 0.0172, 0.9833 -0.2515 0.0175, 0.9754 -0.2577 0.0172, 0.9673 -0.2633 0.0, 0.9768 -0.2594 0.0, 0.9849 -0.2532 0.0, 0.9912 -0.245 0.0, 0.9951 -0.2355 0.0, 0.9965 -0.2253 0.0, 0.633 -0.2617 0.0162, 0.6424 -0.2472 0.0483, 0.6518 -0.2326 0.063, 0.658 -0.2047 0.0747, 0.6558 -0.2023 0.0743, 0.6627 -0.2094 0.0747, 0.6603 -0.2071 0.0748, 0.6651 -0.2117 0.0743, 0.6536 -0.1999 0.0736, 0.6613 -0.196 0.075, 0.6349 -0.2156 0.063, 0.6317 -0.2108 0.061, 0.6426 -0.2054 0.0673, 0.6471 -0.2289 0.0642, 0.6427 -0.2248 0.0646, 0.6386 -0.2203 0.0642, 0.6202 -0.225 0.0483, 0.6172 -0.2181 0.0455, 0.6263 -0.2135 0.0552, 0.6357 -0.243 0.05, 0.6297 -0.2378 0.0506, 0.6244 -0.2317 0.05, 0.6109 -0.2311 0.0324, 0.6086 -0.2224 0.0298, 0.6137 -0.2198 0.0391, 0.6364 -0.2566 0.0324, 0.6282 -0.2524 0.034, 0.6209 -0.2465 0.0346, 0.6151 -0.2393 0.034, 0.6057 -0.2344 0.0162, 0.6041 -0.2246 0.0147, 0.6058 -0.2238 0.0203, 0.6238 -0.2577 0.0172, 0.6159 -0.2515 0.0175, 0.6097 -0.2436 0.0172, 0.6028 -0.2253 0.0, 0.6041 -0.2355 0.0, 0.608 -0.245 0.0, 0.6143 -0.2532 0.0, 0.6224 -0.2594 0.0, 0.6319 -0.2633 0.0, 0.9965 -0.1072 0.0, 0.9951 -0.1079 0.0147, 0.9934 -0.1087 0.0203, 0.9906 -0.1101 0.0298, 0.9855 -0.1127 0.0391, 0.982 -0.1144 0.0455, 0.9729 -0.119 0.0552, 0.9675 -0.1217 0.061, 0.9566 -0.1271 0.0673, 0.9456 -0.1326 0.0736, 0.9379 -0.1365 0.075, 0.6263 -0.119 0.0552, 0.6317 -0.1217 0.061, 0.6426 -0.1271 0.0673, 0.6536 -0.1326 0.0736, 0.6613 -0.1365 0.075, 0.6172 -0.1144 0.0455, 0.6137 -0.1127 0.0391, 0.6086 -0.1101 0.0298, 0.6058 -0.1087 0.0203, 0.6041 -0.1079 0.0147, 0.6028 -0.1072 0.0, 0.9556 -0.0709 0.0203, 0.9564 -0.0692 0.0147, 0.9662 -0.0708 0.0162, 0.9453 -0.0914 0.0552, 0.9499 -0.0823 0.0455, 0.9568 -0.0853 0.0483, 0.9371 -0.1077 0.0673, 0.9426 -0.0968 0.061, 0.9474 -0.0999 0.063, 0.9412 -0.1278 0.0747, 0.9434 -0.1302 0.0743, 0.9365 -0.1231 0.0747, 0.9389 -0.1254 0.0748, 0.9317 -0.1187 0.0736, 0.9341 -0.1208 0.0743, 0.9278 -0.1264 0.075, 0.9643 -0.1169 0.063, 0.9521 -0.1036 0.0642, 0.9565 -0.1078 0.0646, 0.9607 -0.1122 0.0642, 0.979 -0.1075 0.0483, 0.9635 -0.0895 0.05, 0.9695 -0.0947 0.0506, 0.9748 -0.1008 0.05, 0.9883 -0.1014 0.0324, 0.9628 -0.0759 0.0324, 0.971 -0.0801 0.034, 0.9783 -0.086 0.0346, 0.9842 -0.0933 0.034, 0.9516 -0.0788 0.0391, 0.9542 -0.0737 0.0298, 0.9935 -0.0981 0.0162, 0.9754 -0.0748 0.0172, 0.9833 -0.081 0.0175, 0.9895 -0.0889 0.0172, 0.9951 -0.097 0.0, 0.9912 -0.0875 0.0, 0.9849 -0.0794 0.0, 0.9768 -0.0731 0.0, 0.9673 -0.0692 0.0, 0.9571 -0.0678 0.0, 0.6057 -0.0981 0.0162, 0.6202 -0.1075 0.0483, 0.6349 -0.1169 0.063, 0.6627 -0.1231 0.0747, 0.6651 -0.1208 0.0743, 0.658 -0.1278 0.0747, 0.6603 -0.1254 0.0748, 0.6558 -0.1302 0.0743, 0.6675 -0.1187 0.0736, 0.6714 -0.1264 0.075, 0.6518 -0.0999 0.063, 0.6566 -0.0968 0.061, 0.6621 -0.1077 0.0673, 0.6386 -0.1122 0.0642, 0.6427 -0.1078 0.0646, 0.6471 -0.1036 0.0642, 0.6424 -0.0853 0.0483, 0.6493 -0.0823 0.0455, 0.6539 -0.0914 0.0552, 0.6244 -0.1008 0.05, 0.6297 -0.0947 0.0506, 0.6357 -0.0895 0.05, 0.6364 -0.0759 0.0324, 0.645 -0.0737 0.0298, 0.6476 -0.0788 0.0391, 0.6109 -0.1014 0.0324, 0.6151 -0.0933 0.034, 0.6209 -0.086 0.0346, 0.6282 -0.0801 0.034, 0.633 -0.0708 0.0162, 0.6428 -0.0692 0.0147, 0.6436 -0.0709 0.0203, 0.6097 -0.0889 0.0172, 0.6159 -0.081 0.0175, 0.6238 -0.0748 0.0172, 0.6421 -0.0678 0.0, 0.6319 -0.0692 0.0, 0.6224 -0.0731 0.0, 0.6143 -0.0794 0.0, 0.608 -0.0875 0.0, 0.6041 -0.097 0.0, 0.4453 0.4637 1.2441, 0.8783 0.4637 1.2441, 0.4453 0.4637 1.126, 0.8783 0.4637 1.126, 0.9177 0.503 1.2441, 0.9177 0.7786 1.2441, 0.9177 0.503 1.126, 0.9177 0.7786 1.126, 0.4059 0.818 1.2441, 0.4062 0.5475 1.2439, 0.6892 0.5818 1.0805, 0.6892 0.818 1.0805, 0.4453 0.5818 1.2214, 0.4351 0.5804 1.2272, 0.4256 0.5765 1.2327, 0.4072 0.5526 1.2433, 0.4089 0.5575 1.2424, 0.4112 0.5621 1.241, 0.414 0.5664 1.2394, 0.4174 0.5702 1.2374, 0.6892 0.8169 0.9441, 0.6892 0.5829 0.9441, 0.6811 0.818 0.9488, 0.6811 0.5818 0.9488, 0.3743 0.818 1.126, 0.3743 0.5818 1.126, 0.6892 0.5818 0.9629, 0.4453 0.5818 1.126, 0.6892 0.818 0.9629, 0.9187 0.7874 1.2441, 0.9187 0.7874 1.126, 0.9216 0.7957 1.2441, 0.9216 0.7957 1.126, 0.9263 0.8032 1.2441, 0.9263 0.8032 1.126, 0.9325 0.8094 1.2441, 0.9325 0.8094 1.126, 0.94 0.8141 1.2441, 0.94 0.8141 1.126, 0.9483 0.817 1.2441, 0.9483 0.817 1.126, 0.9164 0.4928 1.2441, 0.9164 0.4928 1.126, 0.9124 0.4833 1.2441, 0.9124 0.4833 1.126, 0.9062 0.4752 1.2441, 0.9062 0.4752 1.126, 0.898 0.4689 1.2441, 0.898 0.4689 1.126, 0.8885 0.465 1.2441, 0.8885 0.465 1.126, 0.4072 0.5526 1.126, 0.4112 0.5621 1.126, 0.4174 0.5702 1.126, 0.4256 0.5765 1.126, 0.4351 0.5804 1.126, 0.4351 0.465 1.2441, 0.4351 0.465 1.126, 0.4256 0.4689 1.2441, 0.4256 0.4689 1.126, 0.4174 0.4752 1.2441, 0.4174 0.4752 1.126, 0.4112 0.4833 1.2441, 0.4112 0.4833 1.126, 0.4072 0.4928 1.2441, 0.4072 0.4928 1.126, 0.9177 -0.1466 1.1654, 0.6815 -0.1466 1.1654, 0.9177 -0.1859 1.1654, 0.6815 -0.1859 1.1654, 0.9412 -0.2047 1.1694, 0.9434 -0.2023 1.1698, 0.9643 -0.2156 1.1811, 0.9855 -0.2198 1.205, 0.982 -0.2181 1.1986, 0.979 -0.225 1.1958, 0.9934 -0.2238 1.2238, 0.9906 -0.2224 1.2143, 0.9883 -0.2311 1.2117, 0.9662 -0.2617 1.2279, 0.9564 -0.2633 1.2294, 0.9571 -0.2647 1.2441, 0.9965 -0.2253 1.2441, 0.9951 -0.2246 1.2294, 0.9951 -0.2355 1.2441, 0.9935 -0.2344 1.2279, 0.9912 -0.245 1.2441, 0.9849 -0.2532 1.2441, 0.9895 -0.2436 1.2269, 0.9842 -0.2393 1.2101, 0.9556 -0.2617 1.2238, 0.9628 -0.2566 1.2117, 0.9542 -0.2588 1.2143, 0.9768 -0.2594 1.2441, 0.9833 -0.2515 1.2266, 0.9783 -0.2465 1.2095, 0.9695 -0.2378 1.1935, 0.9673 -0.2633 1.2441, 0.9754 -0.2577 1.2269, 0.971 -0.2524 1.2101, 0.9635 -0.243 1.1941, 0.9521 -0.2289 1.1799, 0.9568 -0.2472 1.1958, 0.9474 -0.2326 1.1811, 0.9426 -0.2357 1.1831, 0.9453 -0.2411 1.1889, 0.9499 -0.2502 1.1986, 0.9516 -0.2537 1.205, 0.9456 -0.1999 1.1705, 0.9566 -0.2054 1.1768, 0.9675 -0.2108 1.1831, 0.9729 -0.2135 1.1889, 0.9607 -0.2203 1.1799, 0.9389 -0.2071 1.1693, 0.9341 -0.2117 1.1698, 0.9379 -0.196 1.1691, 0.9278 -0.2061 1.1691, 0.9317 -0.2138 1.1705, 0.9371 -0.2248 1.1768, 0.9748 -0.2317 1.1941, 0.9565 -0.2248 1.1795, 0.9365 -0.2094 1.1694, 0.6421 -0.2647 1.2441, 0.6428 -0.2633 1.2294, 0.6436 -0.2617 1.2238, 0.645 -0.2588 1.2143, 0.6476 -0.2537 1.205, 0.6493 -0.2502 1.1986, 0.6539 -0.2411 1.1889, 0.6566 -0.2357 1.1831, 0.6621 -0.2248 1.1768, 0.6675 -0.2138 1.1705, 0.6714 -0.2061 1.1691, 0.9729 -0.119 1.1889, 0.9675 -0.1217 1.1831, 0.9566 -0.1271 1.1768, 0.9456 -0.1326 1.1705, 0.9379 -0.1365 1.1691, 0.982 -0.1144 1.1986, 0.9855 -0.1127 1.205, 0.9906 -0.1101 1.2143, 0.9965 -0.1072 1.2441, 0.9951 -0.1079 1.2294, 0.9934 -0.1087 1.2238, 0.6627 -0.2094 1.1694, 0.6651 -0.2117 1.1698, 0.6518 -0.2326 1.1811, 0.6424 -0.2472 1.1958, 0.6364 -0.2566 1.2117, 0.6057 -0.2344 1.2279, 0.6041 -0.2246 1.2294, 0.6028 -0.2253 1.2441, 0.6319 -0.2633 1.2441, 0.633 -0.2617 1.2279, 0.6224 -0.2594 1.2441, 0.6143 -0.2532 1.2441, 0.6238 -0.2577 1.2269, 0.6282 -0.2524 1.2101, 0.6058 -0.2238 1.2238, 0.6109 -0.2311 1.2117, 0.6086 -0.2224 1.2143, 0.608 -0.245 1.2441, 0.6159 -0.2515 1.2266, 0.6209 -0.2465 1.2095, 0.6297 -0.2378 1.1935, 0.6041 -0.2355 1.2441, 0.6097 -0.2436 1.2269, 0.6151 -0.2393 1.2101, 0.6244 -0.2317 1.1941, 0.6386 -0.2203 1.1799, 0.6202 -0.225 1.1958, 0.6349 -0.2156 1.1811, 0.6317 -0.2108 1.1831, 0.6263 -0.2135 1.1889, 0.6172 -0.2181 1.1986, 0.6137 -0.2198 1.205, 0.6471 -0.2289 1.1799, 0.6603 -0.2071 1.1693, 0.6558 -0.2023 1.1698, 0.6613 -0.196 1.1691, 0.6536 -0.1999 1.1705, 0.6426 -0.2054 1.1768, 0.6357 -0.243 1.1941, 0.6427 -0.2248 1.1795, 0.658 -0.2047 1.1694, 0.9365 -0.1231 1.1694, 0.9341 -0.1208 1.1698, 0.9474 -0.0999 1.1811, 0.9516 -0.0788 1.205, 0.9499 -0.0823 1.1986, 0.9568 -0.0853 1.1958, 0.9556 -0.0709 1.2238, 0.9542 -0.0737 1.2143, 0.9628 -0.0759 1.2117, 0.9935 -0.0981 1.2279, 0.9571 -0.0678 1.2441, 0.9564 -0.0692 1.2294, 0.9673 -0.0692 1.2441, 0.9662 -0.0708 1.2279, 0.9768 -0.0731 1.2441, 0.9849 -0.0794 1.2441, 0.9754 -0.0748 1.2269, 0.971 -0.0801 1.2101, 0.9883 -0.1014 1.2117, 0.9912 -0.0875 1.2441, 0.9833 -0.081 1.2266, 0.9783 -0.086 1.2095, 0.9695 -0.0947 1.1935, 0.9951 -0.097 1.2441, 0.9895 -0.0889 1.2269, 0.9842 -0.0933 1.2101, 0.9748 -0.1008 1.1941, 0.9607 -0.1122 1.1799, 0.979 -0.1075 1.1958, 0.9643 -0.1169 1.1811, 0.9317 -0.1187 1.1705, 0.9371 -0.1077 1.1768, 0.9426 -0.0968 1.1831, 0.9453 -0.0914 1.1889, 0.9521 -0.1036 1.1799, 0.9389 -0.1254 1.1693, 0.9434 -0.1302 1.1698, 0.9278 -0.1264 1.1691, 0.9635 -0.0895 1.1941, 0.9565 -0.1078 1.1795, 0.9412 -0.1278 1.1694, 0.6028 -0.1072 1.2441, 0.6041 -0.1079 1.2294, 0.6058 -0.1087 1.2238, 0.6086 -0.1101 1.2143, 0.6137 -0.1127 1.205, 0.6172 -0.1144 1.1986, 0.6263 -0.119 1.1889, 0.6317 -0.1217 1.1831, 0.6426 -0.1271 1.1768, 0.6536 -0.1326 1.1705, 0.6613 -0.1365 1.1691, 0.6621 -0.1077 1.1768, 0.6675 -0.1187 1.1705, 0.6714 -0.1264 1.1691, 0.6566 -0.0968 1.1831, 0.6539 -0.0914 1.1889, 0.6493 -0.0823 1.1986, 0.6476 -0.0788 1.205, 0.645 -0.0737 1.2143, 0.6421 -0.0678 1.2441, 0.6428 -0.0692 1.2294, 0.6436 -0.0709 1.2238, 0.658 -0.1278 1.1694, 0.6558 -0.1302 1.1698, 0.6349 -0.1169 1.1811, 0.6202 -0.1075 1.1958, 0.6109 -0.1014 1.2117, 0.633 -0.0708 1.2279, 0.6041 -0.097 1.2441, 0.6057 -0.0981 1.2279, 0.608 -0.0875 1.2441, 0.6143 -0.0794 1.2441, 0.6097 -0.0889 1.2269, 0.6151 -0.0933 1.2101, 0.6364 -0.0759 1.2117, 0.6224 -0.0731 1.2441, 0.6159 -0.081 1.2266, 0.6209 -0.086 1.2095, 0.6297 -0.0947 1.1935, 0.6319 -0.0692 1.2441, 0.6238 -0.0748 1.2269, 0.6282 -0.0801 1.2101, 0.6357 -0.0895 1.1941, 0.6471 -0.1036 1.1799, 0.6424 -0.0853 1.1958, 0.6518 -0.0999 1.1811, 0.6386 -0.1122 1.1799, 0.6603 -0.1254 1.1693, 0.6651 -0.1208 1.1698, 0.6244 -0.1008 1.1941, 0.6427 -0.1078 1.1795, 0.6627 -0.1231 1.1694, 1.7524 -2.0757 0.8504, 1.743 -2.0757 0.9336, 1.7153 -2.0757 1.0127, 1.6708 -2.0757 1.0836, 1.6115 -2.0757 1.1428, 1.5406 -2.0757 1.1874, 1.4616 -2.0757 1.215, 1.3783 -2.0757 1.2244, 0.2632 -2.056 1.2441, 0.2379 -2.056 1.2441, 0.0928 -2.056 1.2441, 0.0351 -2.056 1.2441, -1.3539 -2.0757 1.2244, -0.5082 -2.056 1.2441, -1.3539 -2.056 1.2441, 1.1874 -2.056 1.2441, 0.5076 -2.056 1.2441, 0.324 -2.056 1.2441, 0.1629 -2.056 1.2441, 0.1442 -2.056 1.2441, 0.0996 -2.056 1.2441, 0.0335 -2.056 1.2441, -0.042 -2.056 1.2441, 1.7524 -2.0757 0.3937, -1.4415 -2.056 1.2342, -1.4372 -2.0757 1.215, -1.5248 -2.056 1.2051, -1.5162 -2.0757 1.1874, -1.5994 -2.056 1.1582, -1.5871 -2.0757 1.1428, -1.6617 -2.056 1.0959, -1.6464 -2.0757 1.0836, -1.7087 -2.056 1.0212, -1.6909 -2.0757 1.0127, -1.7378 -2.056 0.938, -1.7186 -2.0757 0.9336, -1.7476 -2.056 0.8504, -1.728 -2.0757 0.8504, 1.3783 -2.0757 0.0197, 1.4616 -2.0757 0.0291, 1.5406 -2.0757 0.0567, 1.6115 -2.0757 0.1013, 1.6708 -2.0757 0.1605, 1.7153 -2.0757 0.2314, 1.743 -2.0757 0.3105, -1.7476 -2.056 0.3937, -1.728 -2.0757 0.3937, -1.3539 -2.0757 0.0197, -1.3539 -2.056 0.0, -1.7378 -2.056 0.3061, -1.7186 -2.0757 0.3105, -1.7087 -2.056 0.2229, -1.6909 -2.0757 0.2314, -1.6617 -2.056 0.1482, -1.6464 -2.0757 0.1605, -1.5994 -2.056 0.0859, -1.5871 -2.0757 0.1013, -1.5248 -2.056 0.039, -1.5162 -2.0757 0.0567, -1.4415 -2.056 0.0099, -1.4372 -2.0757 0.0291, -1.6492 -2.0757 0.8504, -1.6295 -2.056 0.3937, -1.6492 -2.0757 0.3937, -1.3539 -2.0757 1.1457, -1.4304 -2.0757 1.1356, -1.5016 -2.0757 1.1061, -1.5627 -2.0757 1.0592, -1.6097 -2.0757 0.998, -1.6392 -2.0757 0.9268, -1.6201 -2.056 0.3224, -1.6392 -2.0757 0.3173, -1.5926 -2.056 0.2559, -1.6097 -2.0757 0.2461, -1.5488 -2.056 0.1988, -1.5627 -2.0757 0.1849, -1.4917 -2.056 0.155, -1.5016 -2.0757 0.138, -1.4253 -2.056 0.1275, -1.4304 -2.0757 0.1085, -1.3539 -2.0757 0.0984, 1.3783 -2.0757 1.1457, 1.3783 -2.0757 0.0984, 1.6736 -2.0757 0.8504, 1.6636 -2.0757 0.9268, 1.6341 -2.0757 0.998, 1.5871 -2.0757 1.0592, 1.526 -2.0757 1.1061, 1.4548 -2.0757 1.1356, 1.4548 -2.0757 0.1085, 1.526 -2.0757 0.138, 1.5871 -2.0757 0.1849, 1.6341 -2.0757 0.2461, 1.6636 -2.0757 0.3173, 1.6736 -2.0757 0.3937, -1.7476 -0.7404 0.0027, -1.6295 -0.7404 0.0027, -1.7476 -0.7214 0.0106, -1.6295 -0.7214 0.0106, -1.7476 -0.7051 0.0231, -1.6295 -0.7051 0.0231, -1.7476 -0.6926 0.0394, -1.6295 -0.6926 0.0394, -1.7476 -0.6847 0.0584, -1.6295 -0.6847 0.0584, -1.7476 -0.8284 -0.0027, -1.6295 -0.8284 -0.0027, -1.7476 -0.8474 -0.0105, -1.6295 -0.8474 -0.0105, -1.7476 -0.8637 -0.0231, -1.6295 -0.8637 -0.0231, -1.7476 -0.8762 -0.0394, -1.6295 -0.8762 -0.0394, -1.7476 -0.8841 -0.0584, -1.6295 -0.8841 -0.0584
            ]
        }
        coordIndex [
            0,1,2,-1,3,4,5,-1,6,7,8,-1,9,10,11,-1,2,6,0,-1,0,6,8,-1,0,8,11,-1,11,8,3,-1,11,3,9,-1,9,3,5,-1,12,13,14,-1,14,13,15,-1,7,6,16,-1,16,6,17,-1,16,17,18,-1,18,17,19,-1,18,19,20,-1,20,19,21,-1,20,21,22,-1,22,21,23,-1,22,23,15,-1,15,23,24,-1,15,24,14,-1,25,26,27,-1,27,26,28,-1,27,28,29,-1,29,28,30,-1,29,30,31,-1,31,30,32,-1,31,32,33,-1,33,32,34,-1,33,34,35,-1,35,34,36,-1,36,37,35,-1,35,37,38,-1,35,38,39,-1,40,3,41,-1,41,3,8,-1,3,40,4,-1,4,40,42,-1,4,42,43,-1,43,42,44,-1,43,44,45,-1,45,44,46,-1,45,46,47,-1,48,49,50,-1,50,49,51,-1,50,51,52,-1,52,51,53,-1,52,53,54,-1,54,53,55,-1,54,55,56,-1,56,55,47,-1,56,47,57,-1,57,47,46,-1,22,58,20,-1,20,58,59,-1,20,59,18,-1,18,59,60,-1,18,60,16,-1,16,60,61,-1,16,61,7,-1,7,61,62,-1,7,62,8,-1,8,62,41,-1,63,64,13,-1,13,64,65,-1,13,65,15,-1,15,65,66,-1,15,66,22,-1,22,66,67,-1,22,67,58,-1,68,69,70,-1,70,69,71,-1,72,73,74,-1,74,73,75,-1,76,77,78,-1,78,77,79,-1,80,81,82,-1,82,81,83,-1,84,85,86,-1,86,85,87,-1,88,89,90,-1,90,89,91,-1,81,92,83,-1,83,92,93,-1,93,92,94,-1,94,92,95,-1,94,95,96,-1,97,98,99,-1,99,98,100,-1,99,100,101,-1,101,100,102,-1,101,102,103,-1,103,102,104,-1,103,104,105,-1,105,104,106,-1,105,106,107,-1,107,106,96,-1,107,96,108,-1,108,96,95,-1,109,110,111,-1,111,110,112,-1,111,112,97,-1,97,112,113,-1,97,113,98,-1,113,112,114,-1,104,102,115,-1,96,106,116,-1,117,118,83,-1,119,120,83,-1,94,121,93,-1,93,121,83,-1,119,83,121,-1,122,123,118,-1,118,123,83,-1,120,117,83,-1,96,116,94,-1,124,125,126,-1,94,116,121,-1,121,116,127,-1,121,127,119,-1,119,127,128,-1,119,128,120,-1,120,128,129,-1,120,129,117,-1,117,129,124,-1,117,124,118,-1,118,124,126,-1,118,126,122,-1,104,115,106,-1,130,131,132,-1,106,115,116,-1,116,115,133,-1,116,133,127,-1,127,133,134,-1,127,134,128,-1,128,134,135,-1,128,135,129,-1,129,135,130,-1,129,130,124,-1,124,130,132,-1,124,132,125,-1,136,137,138,-1,102,139,115,-1,115,139,140,-1,115,140,133,-1,133,140,141,-1,133,141,134,-1,134,141,142,-1,134,142,135,-1,135,142,136,-1,135,136,130,-1,130,136,138,-1,130,138,131,-1,102,100,139,-1,139,100,98,-1,139,98,113,-1,143,144,145,-1,113,114,139,-1,139,114,146,-1,139,146,140,-1,140,146,147,-1,140,147,141,-1,141,147,148,-1,141,148,142,-1,142,148,143,-1,142,143,136,-1,136,143,145,-1,136,145,137,-1,149,144,150,-1,150,144,143,-1,150,143,151,-1,151,143,148,-1,151,148,152,-1,152,148,147,-1,152,147,153,-1,153,147,146,-1,153,146,154,-1,154,146,114,-1,154,114,110,-1,110,114,112,-1,155,156,157,-1,158,159,160,-1,161,162,163,-1,164,165,81,-1,166,167,81,-1,168,169,170,-1,170,169,81,-1,166,81,169,-1,95,92,165,-1,165,92,81,-1,167,164,81,-1,161,163,168,-1,171,107,108,-1,168,163,169,-1,169,163,172,-1,169,172,166,-1,166,172,173,-1,166,173,167,-1,167,173,174,-1,167,174,164,-1,164,174,171,-1,164,171,165,-1,165,171,108,-1,165,108,95,-1,158,160,162,-1,175,103,105,-1,162,160,163,-1,163,160,176,-1,163,176,172,-1,172,176,177,-1,172,177,173,-1,173,177,178,-1,173,178,174,-1,174,178,175,-1,174,175,171,-1,171,175,105,-1,171,105,107,-1,179,99,101,-1,159,180,160,-1,160,180,181,-1,160,181,176,-1,176,181,182,-1,176,182,177,-1,177,182,183,-1,177,183,178,-1,178,183,179,-1,178,179,175,-1,175,179,101,-1,175,101,103,-1,159,184,180,-1,180,184,185,-1,180,185,155,-1,186,111,97,-1,155,157,180,-1,180,157,187,-1,180,187,181,-1,181,187,188,-1,181,188,182,-1,182,188,189,-1,182,189,183,-1,183,189,186,-1,183,186,179,-1,179,186,97,-1,179,97,99,-1,109,111,190,-1,190,111,186,-1,190,186,191,-1,191,186,189,-1,191,189,192,-1,192,189,188,-1,192,188,193,-1,193,188,187,-1,193,187,194,-1,194,187,157,-1,194,157,195,-1,195,157,156,-1,145,196,137,-1,137,196,197,-1,137,197,138,-1,138,197,198,-1,138,198,131,-1,131,198,199,-1,131,199,132,-1,132,199,200,-1,132,200,125,-1,125,200,201,-1,125,201,126,-1,126,201,202,-1,126,202,122,-1,122,202,203,-1,122,203,123,-1,123,203,82,-1,123,82,83,-1,149,204,144,-1,144,204,205,-1,144,205,145,-1,145,205,206,-1,145,206,196,-1,207,195,208,-1,208,195,156,-1,208,156,209,-1,156,155,209,-1,209,155,185,-1,209,185,210,-1,210,185,184,-1,210,184,211,-1,211,184,212,-1,212,184,159,-1,212,159,213,-1,213,159,158,-1,213,158,214,-1,214,158,162,-1,214,162,215,-1,162,161,215,-1,215,161,168,-1,215,168,216,-1,216,168,170,-1,216,170,217,-1,217,170,81,-1,217,81,80,-1,206,205,218,-1,199,198,219,-1,201,200,220,-1,221,222,82,-1,223,224,82,-1,202,225,203,-1,203,225,82,-1,223,82,225,-1,226,227,222,-1,222,227,82,-1,224,221,82,-1,201,220,202,-1,228,229,230,-1,202,220,225,-1,225,220,231,-1,225,231,223,-1,223,231,232,-1,223,232,224,-1,224,232,233,-1,224,233,221,-1,221,233,228,-1,221,228,222,-1,222,228,230,-1,222,230,226,-1,199,219,200,-1,234,235,236,-1,200,219,220,-1,220,219,237,-1,220,237,231,-1,231,237,238,-1,231,238,232,-1,232,238,239,-1,232,239,233,-1,233,239,234,-1,233,234,228,-1,228,234,236,-1,228,236,229,-1,240,241,242,-1,198,243,219,-1,219,243,244,-1,219,244,237,-1,237,244,245,-1,237,245,238,-1,238,245,246,-1,238,246,239,-1,239,246,240,-1,239,240,234,-1,234,240,242,-1,234,242,235,-1,198,197,243,-1,243,197,196,-1,243,196,206,-1,247,248,249,-1,206,218,243,-1,243,218,250,-1,243,250,244,-1,244,250,251,-1,244,251,245,-1,245,251,252,-1,245,252,246,-1,246,252,247,-1,246,247,240,-1,240,247,249,-1,240,249,241,-1,253,248,254,-1,254,248,247,-1,254,247,255,-1,255,247,252,-1,255,252,256,-1,256,252,251,-1,256,251,257,-1,257,251,250,-1,257,250,258,-1,258,250,218,-1,258,218,204,-1,204,218,205,-1,259,260,261,-1,262,263,264,-1,265,266,267,-1,268,269,80,-1,270,271,80,-1,272,273,274,-1,274,273,80,-1,270,80,273,-1,216,217,269,-1,269,217,80,-1,271,268,80,-1,265,267,272,-1,275,214,215,-1,272,267,273,-1,273,267,276,-1,273,276,270,-1,270,276,277,-1,270,277,271,-1,271,277,278,-1,271,278,268,-1,268,278,275,-1,268,275,269,-1,269,275,215,-1,269,215,216,-1,262,264,266,-1,279,212,213,-1,266,264,267,-1,267,264,280,-1,267,280,276,-1,276,280,281,-1,276,281,277,-1,277,281,282,-1,277,282,278,-1,278,282,279,-1,278,279,275,-1,275,279,213,-1,275,213,214,-1,283,210,211,-1,263,284,264,-1,264,284,285,-1,264,285,280,-1,280,285,286,-1,280,286,281,-1,281,286,287,-1,281,287,282,-1,282,287,283,-1,282,283,279,-1,279,283,211,-1,279,211,212,-1,263,288,284,-1,284,288,289,-1,284,289,259,-1,290,208,209,-1,259,261,284,-1,284,261,291,-1,284,291,285,-1,285,291,292,-1,285,292,286,-1,286,292,293,-1,286,293,287,-1,287,293,290,-1,287,290,283,-1,283,290,209,-1,283,209,210,-1,207,208,294,-1,294,208,290,-1,294,290,295,-1,295,290,293,-1,295,293,296,-1,296,293,292,-1,296,292,297,-1,297,292,291,-1,297,291,298,-1,298,291,261,-1,298,261,299,-1,299,261,260,-1,82,227,80,-1,80,227,274,-1,274,227,272,-1,272,227,226,-1,272,226,265,-1,249,289,241,-1,241,289,288,-1,241,288,242,-1,242,288,263,-1,242,263,235,-1,235,263,262,-1,235,262,236,-1,236,262,266,-1,236,266,229,-1,229,266,265,-1,229,265,230,-1,230,265,226,-1,253,299,248,-1,248,299,260,-1,248,260,249,-1,249,260,259,-1,249,259,289,-1,300,301,302,-1,302,301,303,-1,304,305,306,-1,306,305,307,-1,307,308,306,-1,306,308,309,-1,306,309,310,-1,311,312,313,-1,313,312,314,-1,315,316,317,-1,317,316,318,-1,300,302,319,-1,300,319,320,-1,320,319,321,-1,320,321,322,-1,322,321,323,-1,322,323,324,-1,324,323,325,-1,324,325,326,-1,326,325,327,-1,326,327,328,-1,328,327,329,-1,328,329,330,-1,303,301,331,-1,331,301,332,-1,331,332,333,-1,333,332,334,-1,333,334,335,-1,335,334,336,-1,335,336,337,-1,337,336,338,-1,337,338,339,-1,339,338,340,-1,339,340,341,-1,341,340,342,-1,343,344,345,-1,345,344,346,-1,345,346,347,-1,347,346,348,-1,347,348,349,-1,349,348,350,-1,349,350,351,-1,351,350,352,-1,351,352,353,-1,353,352,354,-1,353,354,310,-1,310,354,306,-1,314,312,355,-1,355,312,356,-1,355,356,357,-1,357,356,358,-1,357,358,359,-1,359,358,360,-1,359,360,361,-1,361,360,362,-1,361,362,363,-1,363,362,364,-1,363,364,343,-1,343,364,344,-1,75,73,365,-1,365,73,366,-1,365,366,367,-1,367,366,368,-1,367,368,369,-1,369,368,370,-1,369,370,371,-1,371,370,372,-1,371,372,373,-1,373,372,374,-1,373,374,375,-1,375,374,376,-1,49,48,377,-1,377,48,378,-1,377,378,379,-1,379,378,380,-1,379,380,381,-1,381,380,382,-1,381,382,383,-1,383,382,384,-1,383,384,385,-1,385,384,386,-1,385,386,376,-1,376,386,375,-1,64,63,387,-1,387,63,388,-1,387,388,389,-1,389,388,390,-1,389,390,391,-1,391,390,392,-1,391,392,393,-1,393,392,394,-1,393,394,395,-1,395,394,396,-1,395,396,397,-1,397,396,398,-1,397,398,399,-1,399,398,400,-1,399,400,401,-1,401,400,402,-1,401,402,403,-1,403,402,404,-1,403,404,405,-1,405,404,406,-1,405,406,407,-1,407,406,408,-1,407,408,89,-1,89,408,91,-1,409,410,411,-1,411,410,412,-1,413,414,415,-1,415,414,416,-1,417,418,419,-1,419,418,420,-1,421,422,419,-1,419,422,423,-1,419,423,417,-1,424,425,419,-1,419,425,426,-1,419,426,427,-1,420,428,419,-1,419,428,429,-1,419,429,424,-1,430,431,432,-1,432,431,433,-1,432,433,434,-1,434,433,435,-1,432,434,436,-1,423,422,436,-1,436,422,437,-1,436,437,432,-1,430,432,437,-1,438,433,431,-1,439,440,441,-1,439,441,442,-1,442,441,443,-1,442,443,444,-1,444,443,445,-1,444,445,446,-1,446,445,447,-1,446,447,448,-1,448,447,449,-1,448,449,450,-1,450,449,451,-1,450,451,452,-1,452,451,413,-1,452,413,415,-1,409,411,453,-1,453,411,454,-1,453,454,455,-1,455,454,456,-1,455,456,457,-1,457,456,458,-1,457,458,459,-1,459,458,460,-1,459,460,461,-1,461,460,462,-1,461,462,414,-1,414,462,416,-1,423,436,463,-1,423,463,417,-1,417,463,464,-1,417,464,418,-1,418,464,465,-1,418,465,420,-1,420,465,428,-1,428,465,466,-1,428,466,429,-1,429,466,424,-1,424,466,467,-1,424,467,425,-1,425,467,426,-1,426,467,468,-1,426,468,427,-1,469,470,471,-1,471,470,472,-1,471,472,473,-1,473,472,474,-1,473,474,475,-1,475,474,476,-1,475,476,477,-1,477,476,478,-1,477,478,479,-1,479,478,480,-1,479,480,410,-1,410,480,412,-1,481,482,483,-1,483,482,484,-1,484,485,486,-1,486,485,487,-1,488,489,490,-1,491,492,493,-1,494,495,496,-1,497,498,499,-1,499,498,500,-1,499,500,501,-1,502,501,503,-1,503,501,500,-1,503,500,504,-1,495,494,505,-1,505,494,506,-1,505,506,507,-1,508,502,509,-1,509,502,503,-1,509,503,510,-1,510,503,504,-1,510,504,511,-1,512,508,513,-1,513,508,509,-1,513,509,514,-1,514,509,510,-1,514,510,515,-1,515,510,511,-1,515,511,516,-1,517,518,519,-1,519,520,517,-1,517,520,521,-1,517,521,506,-1,506,521,522,-1,506,522,507,-1,523,486,524,-1,524,486,487,-1,524,487,525,-1,525,487,526,-1,489,526,490,-1,490,526,487,-1,490,487,527,-1,527,487,485,-1,527,485,528,-1,528,485,484,-1,496,512,494,-1,494,512,513,-1,494,513,506,-1,506,513,514,-1,506,514,517,-1,517,514,515,-1,517,515,518,-1,518,515,516,-1,518,516,529,-1,523,530,486,-1,486,530,484,-1,484,531,529,-1,529,531,532,-1,529,532,518,-1,518,532,533,-1,518,533,519,-1,498,491,500,-1,500,491,493,-1,500,493,504,-1,504,493,534,-1,504,534,511,-1,511,534,535,-1,511,535,516,-1,516,535,536,-1,516,536,529,-1,529,536,484,-1,492,488,493,-1,493,488,490,-1,493,490,534,-1,534,490,527,-1,534,527,535,-1,535,527,528,-1,535,528,536,-1,536,528,484,-1,488,537,489,-1,489,537,538,-1,489,538,526,-1,526,538,539,-1,526,539,525,-1,525,539,540,-1,525,540,524,-1,524,540,541,-1,524,541,523,-1,523,541,542,-1,523,542,530,-1,530,542,483,-1,530,483,484,-1,497,543,498,-1,498,543,544,-1,498,544,491,-1,491,544,545,-1,491,545,492,-1,492,545,546,-1,492,546,488,-1,488,546,547,-1,488,547,537,-1,548,496,495,-1,548,495,549,-1,549,495,505,-1,549,505,550,-1,550,505,507,-1,550,507,551,-1,551,507,522,-1,551,522,552,-1,552,522,553,-1,553,522,521,-1,553,521,554,-1,521,520,554,-1,554,520,519,-1,554,519,555,-1,555,519,533,-1,555,533,556,-1,556,533,532,-1,556,532,557,-1,557,532,531,-1,557,531,558,-1,558,531,484,-1,558,484,482,-1,483,559,560,-1,560,559,561,-1,562,563,564,-1,565,566,567,-1,568,544,543,-1,569,570,571,-1,571,570,572,-1,571,572,573,-1,574,573,575,-1,575,573,572,-1,575,572,576,-1,544,568,545,-1,545,568,577,-1,545,577,546,-1,578,574,579,-1,579,574,575,-1,579,575,580,-1,580,575,576,-1,580,576,581,-1,582,578,583,-1,583,578,579,-1,583,579,584,-1,584,579,580,-1,584,580,585,-1,585,580,581,-1,585,581,586,-1,587,588,539,-1,539,538,587,-1,587,538,537,-1,587,537,577,-1,577,537,547,-1,577,547,546,-1,589,560,590,-1,590,560,561,-1,590,561,591,-1,591,561,592,-1,563,592,564,-1,564,592,561,-1,564,561,593,-1,593,561,559,-1,593,559,594,-1,594,559,483,-1,543,582,568,-1,568,582,583,-1,568,583,577,-1,577,583,584,-1,577,584,587,-1,587,584,585,-1,587,585,588,-1,588,585,586,-1,588,586,595,-1,589,596,560,-1,560,596,483,-1,483,542,595,-1,595,542,541,-1,595,541,588,-1,588,541,540,-1,588,540,539,-1,570,565,572,-1,572,565,567,-1,572,567,576,-1,576,567,597,-1,576,597,581,-1,581,597,598,-1,581,598,586,-1,586,598,599,-1,586,599,595,-1,595,599,483,-1,566,562,567,-1,567,562,564,-1,567,564,597,-1,597,564,593,-1,597,593,598,-1,598,593,594,-1,598,594,599,-1,599,594,483,-1,482,600,601,-1,601,600,602,-1,552,553,603,-1,550,551,604,-1,605,606,607,-1,548,549,608,-1,608,549,609,-1,608,609,610,-1,611,610,612,-1,612,610,609,-1,612,609,613,-1,606,605,614,-1,614,605,615,-1,614,615,616,-1,617,611,618,-1,618,611,612,-1,618,612,619,-1,619,612,613,-1,619,613,620,-1,621,617,622,-1,622,617,618,-1,622,618,623,-1,623,618,619,-1,623,619,624,-1,624,619,620,-1,624,620,625,-1,626,627,628,-1,628,629,626,-1,626,629,630,-1,626,630,615,-1,615,630,631,-1,615,631,616,-1,557,601,556,-1,556,601,602,-1,556,602,555,-1,555,602,554,-1,553,554,603,-1,603,554,602,-1,603,602,632,-1,632,602,600,-1,632,600,633,-1,633,600,482,-1,607,621,605,-1,605,621,622,-1,605,622,615,-1,615,622,623,-1,615,623,626,-1,626,623,624,-1,626,624,627,-1,627,624,625,-1,627,625,634,-1,557,558,601,-1,601,558,482,-1,482,635,634,-1,634,635,636,-1,634,636,627,-1,627,636,637,-1,627,637,628,-1,549,550,609,-1,609,550,604,-1,609,604,613,-1,613,604,638,-1,613,638,620,-1,620,638,639,-1,620,639,625,-1,625,639,640,-1,625,640,634,-1,634,640,482,-1,551,552,604,-1,604,552,603,-1,604,603,638,-1,638,603,632,-1,638,632,639,-1,639,632,633,-1,639,633,640,-1,640,633,482,-1,483,596,481,-1,481,596,641,-1,641,596,642,-1,642,596,589,-1,642,589,643,-1,589,590,643,-1,643,590,591,-1,643,591,644,-1,644,591,592,-1,644,592,645,-1,645,592,646,-1,646,592,563,-1,646,563,647,-1,565,648,566,-1,566,648,647,-1,566,647,562,-1,562,647,563,-1,569,649,570,-1,570,649,650,-1,570,650,565,-1,565,650,651,-1,565,651,648,-1,652,607,606,-1,652,606,653,-1,653,606,614,-1,653,614,654,-1,654,614,616,-1,654,616,655,-1,655,616,631,-1,655,631,656,-1,656,631,630,-1,656,630,657,-1,657,630,629,-1,657,629,658,-1,658,629,628,-1,658,628,659,-1,659,628,637,-1,659,637,660,-1,660,637,661,-1,661,637,636,-1,661,636,662,-1,636,635,662,-1,662,635,482,-1,662,482,481,-1,481,663,664,-1,664,663,665,-1,656,657,666,-1,654,655,667,-1,668,650,649,-1,652,653,669,-1,669,653,670,-1,669,670,671,-1,672,671,673,-1,673,671,670,-1,673,670,674,-1,650,668,651,-1,651,668,675,-1,651,675,648,-1,676,672,677,-1,677,672,673,-1,677,673,678,-1,678,673,674,-1,678,674,679,-1,680,676,681,-1,681,676,677,-1,681,677,682,-1,682,677,678,-1,682,678,683,-1,683,678,679,-1,683,679,684,-1,685,686,644,-1,644,645,685,-1,685,645,646,-1,685,646,675,-1,675,646,647,-1,675,647,648,-1,661,664,660,-1,660,664,665,-1,660,665,659,-1,659,665,658,-1,657,658,666,-1,666,658,665,-1,666,665,687,-1,687,665,663,-1,687,663,688,-1,688,663,481,-1,649,680,668,-1,668,680,681,-1,668,681,675,-1,675,681,682,-1,675,682,685,-1,685,682,683,-1,685,683,686,-1,686,683,684,-1,686,684,689,-1,661,662,664,-1,664,662,481,-1,481,641,689,-1,689,641,642,-1,689,642,686,-1,686,642,643,-1,686,643,644,-1,653,654,670,-1,670,654,667,-1,670,667,674,-1,674,667,690,-1,674,690,679,-1,679,690,691,-1,679,691,684,-1,684,691,692,-1,684,692,689,-1,689,692,481,-1,655,656,667,-1,667,656,666,-1,667,666,690,-1,690,666,687,-1,690,687,691,-1,691,687,688,-1,691,688,692,-1,692,688,481,-1,693,694,695,-1,695,694,696,-1,697,698,699,-1,699,698,700,-1,699,700,701,-1,701,700,702,-1,701,702,703,-1,703,702,704,-1,705,706,707,-1,707,706,708,-1,707,708,709,-1,709,708,710,-1,709,710,711,-1,711,710,712,-1,711,712,704,-1,704,712,713,-1,704,713,703,-1,714,715,716,-1,716,715,717,-1,718,719,716,-1,716,719,720,-1,721,722,716,-1,716,722,723,-1,716,723,714,-1,717,724,716,-1,716,724,725,-1,716,725,726,-1,727,728,729,-1,729,728,730,-1,731,732,733,-1,720,734,716,-1,716,734,735,-1,716,735,736,-1,737,738,739,-1,740,741,742,-1,742,741,743,-1,744,745,731,-1,746,747,748,-1,749,750,716,-1,751,752,753,-1,753,752,754,-1,753,754,755,-1,755,754,756,-1,755,756,757,-1,758,759,760,-1,760,759,761,-1,760,761,762,-1,753,763,751,-1,751,763,764,-1,751,764,765,-1,732,766,733,-1,733,766,767,-1,733,767,768,-1,768,769,733,-1,733,769,770,-1,733,770,771,-1,741,772,743,-1,743,772,773,-1,743,773,774,-1,750,775,716,-1,716,775,730,-1,716,730,718,-1,718,730,728,-1,727,776,728,-1,728,776,751,-1,728,751,777,-1,777,751,765,-1,777,765,739,-1,739,765,778,-1,739,778,737,-1,731,745,779,-1,779,745,780,-1,779,780,781,-1,782,783,746,-1,746,783,784,-1,746,784,785,-1,785,784,786,-1,785,786,787,-1,788,789,790,-1,790,789,785,-1,744,731,791,-1,791,731,733,-1,791,733,792,-1,792,733,793,-1,792,793,760,-1,760,793,794,-1,760,794,758,-1,774,795,743,-1,743,795,796,-1,743,796,746,-1,746,796,797,-1,746,797,747,-1,749,716,798,-1,798,716,726,-1,798,726,790,-1,790,726,799,-1,790,799,788,-1,794,800,801,-1,748,802,746,-1,746,802,803,-1,746,803,782,-1,801,804,794,-1,794,804,805,-1,794,805,758,-1,738,806,739,-1,739,806,807,-1,739,807,808,-1,808,807,762,-1,808,762,809,-1,809,762,761,-1,787,810,785,-1,785,810,811,-1,785,811,790,-1,790,811,812,-1,790,812,813,-1,813,812,814,-1,813,814,815,-1,815,814,816,-1,817,818,819,-1,817,819,814,-1,814,819,820,-1,814,820,816,-1,821,822,823,-1,824,825,826,-1,827,828,829,-1,829,828,821,-1,829,821,830,-1,830,821,823,-1,831,832,833,-1,831,834,835,-1,836,837,838,-1,838,837,831,-1,835,839,831,-1,831,839,840,-1,831,840,838,-1,841,842,843,-1,843,842,844,-1,845,846,847,-1,848,849,850,-1,833,851,831,-1,831,851,852,-1,831,852,853,-1,854,831,855,-1,855,831,856,-1,854,857,858,-1,858,859,854,-1,854,859,860,-1,854,860,831,-1,831,860,861,-1,831,861,834,-1,821,862,822,-1,822,862,863,-1,822,863,847,-1,847,863,864,-1,847,864,845,-1,842,865,844,-1,844,865,866,-1,844,866,867,-1,853,868,831,-1,831,868,869,-1,831,869,870,-1,867,871,844,-1,844,871,872,-1,844,872,826,-1,826,872,873,-1,826,873,824,-1,874,875,876,-1,876,875,877,-1,878,879,880,-1,880,879,881,-1,880,881,882,-1,883,884,826,-1,826,884,885,-1,826,885,854,-1,854,885,886,-1,854,886,857,-1,877,887,876,-1,876,887,888,-1,876,888,850,-1,850,888,889,-1,850,889,848,-1,890,891,892,-1,892,891,893,-1,892,893,876,-1,874,876,894,-1,894,876,893,-1,894,893,881,-1,881,893,895,-1,881,895,882,-1,896,870,897,-1,897,870,898,-1,897,898,899,-1,899,898,900,-1,899,900,849,-1,849,900,901,-1,849,901,850,-1,846,902,847,-1,847,902,903,-1,847,903,904,-1,825,905,826,-1,826,905,906,-1,826,906,883,-1,883,906,907,-1,883,907,908,-1,890,909,891,-1,891,909,910,-1,891,910,911,-1,911,910,912,-1,913,914,907,-1,907,914,915,-1,907,915,916,-1,896,917,870,-1,870,917,918,-1,870,918,904,-1,916,919,907,-1,907,919,920,-1,907,920,908,-1,904,903,870,-1,870,903,921,-1,870,921,831,-1,831,921,922,-1,831,922,856,-1,923,924,925,-1,925,924,926,-1,907,927,913,-1,913,927,926,-1,913,926,928,-1,928,926,924,-1,828,827,929,-1,828,930,931,-1,931,930,932,-1,931,932,933,-1,933,932,934,-1,934,932,935,-1,935,932,936,-1,935,936,937,-1,937,936,938,-1,937,938,939,-1,939,938,940,-1,939,940,941,-1,828,929,930,-1,930,929,942,-1,930,942,943,-1,943,942,944,-1,943,944,945,-1,945,944,757,-1,945,757,756,-1,893,891,733,-1,733,891,793,-1,736,697,699,-1,736,699,716,-1,716,699,946,-1,946,699,701,-1,946,701,947,-1,947,701,703,-1,947,703,948,-1,948,703,713,-1,948,713,949,-1,949,713,712,-1,949,712,950,-1,950,712,710,-1,950,710,951,-1,951,710,708,-1,951,708,952,-1,722,721,953,-1,722,953,954,-1,954,953,955,-1,954,955,956,-1,956,955,957,-1,956,957,958,-1,958,957,959,-1,958,959,960,-1,960,959,961,-1,960,961,962,-1,962,961,963,-1,962,963,964,-1,964,963,965,-1,964,965,966,-1,10,9,967,-1,967,9,968,-1,967,968,969,-1,969,968,970,-1,969,970,971,-1,971,970,972,-1,971,972,973,-1,973,972,974,-1,973,974,975,-1,975,974,976,-1,975,976,836,-1,836,976,837,-1,2,1,977,-1,977,1,978,-1,977,978,979,-1,979,978,980,-1,979,980,981,-1,981,980,982,-1,981,982,983,-1,983,982,984,-1,983,984,985,-1,985,984,986,-1,985,986,987,-1,987,986,862,-1,987,862,821,-1,832,831,988,-1,698,832,700,-1,700,832,988,-1,700,988,702,-1,702,988,989,-1,702,989,704,-1,704,989,990,-1,704,990,711,-1,711,990,991,-1,711,991,709,-1,709,991,992,-1,709,992,707,-1,707,992,993,-1,11,994,0,-1,0,994,995,-1,838,723,836,-1,836,723,722,-1,836,722,975,-1,975,722,954,-1,975,954,973,-1,954,956,973,-1,973,956,958,-1,973,958,971,-1,971,958,960,-1,971,960,969,-1,969,960,962,-1,969,962,967,-1,967,962,964,-1,967,964,10,-1,10,964,966,-1,10,966,11,-1,11,966,994,-1,0,995,1,-1,1,995,940,-1,1,940,978,-1,978,940,938,-1,978,938,980,-1,980,938,936,-1,980,936,982,-1,936,932,982,-1,982,932,930,-1,982,930,984,-1,984,930,943,-1,984,943,986,-1,986,943,945,-1,986,945,862,-1,862,945,756,-1,862,756,863,-1,863,756,754,-1,914,913,795,-1,795,913,796,-1,742,743,883,-1,883,743,884,-1,927,907,782,-1,782,907,783,-1,996,997,998,-1,998,997,999,-1,814,812,871,-1,871,812,872,-1,843,844,815,-1,815,844,813,-1,1000,1001,1002,-1,1002,1001,1003,-1,1002,1003,1004,-1,1003,1005,1004,-1,1004,1005,1006,-1,1004,1006,1007,-1,1007,1006,1008,-1,1007,1008,1009,-1,1009,1008,1010,-1,1010,1008,1011,-1,1010,1011,1012,-1,1011,1013,1012,-1,1012,1013,1014,-1,1012,1014,1015,-1,1015,1014,1016,-1,1015,1016,1017,-1,1017,1016,1018,-1,1018,1016,1019,-1,1018,1019,1020,-1,1019,1021,1020,-1,1020,1021,996,-1,1020,996,998,-1,1022,1023,1024,-1,1025,1026,1027,-1,1028,1029,1030,-1,1031,1032,998,-1,1033,1034,998,-1,1035,1036,1037,-1,1037,1036,998,-1,1033,998,1036,-1,1018,1020,1032,-1,1032,1020,998,-1,1034,1031,998,-1,1028,1030,1035,-1,1038,1015,1017,-1,1035,1030,1036,-1,1036,1030,1039,-1,1036,1039,1033,-1,1033,1039,1040,-1,1033,1040,1034,-1,1034,1040,1041,-1,1034,1041,1031,-1,1031,1041,1038,-1,1031,1038,1032,-1,1032,1038,1017,-1,1032,1017,1018,-1,1025,1027,1029,-1,1042,1010,1012,-1,1029,1027,1030,-1,1030,1027,1043,-1,1030,1043,1039,-1,1039,1043,1044,-1,1039,1044,1040,-1,1040,1044,1045,-1,1040,1045,1041,-1,1041,1045,1042,-1,1041,1042,1038,-1,1038,1042,1012,-1,1038,1012,1015,-1,1046,1007,1009,-1,1026,1047,1027,-1,1027,1047,1048,-1,1027,1048,1043,-1,1043,1048,1049,-1,1043,1049,1044,-1,1044,1049,1050,-1,1044,1050,1045,-1,1045,1050,1046,-1,1045,1046,1042,-1,1042,1046,1009,-1,1042,1009,1010,-1,1026,1051,1047,-1,1047,1051,1052,-1,1047,1052,1022,-1,1053,1002,1004,-1,1022,1024,1047,-1,1047,1024,1054,-1,1047,1054,1048,-1,1048,1054,1055,-1,1048,1055,1049,-1,1049,1055,1056,-1,1049,1056,1050,-1,1050,1056,1053,-1,1050,1053,1046,-1,1046,1053,1004,-1,1046,1004,1007,-1,1000,1002,1057,-1,1057,1002,1053,-1,1057,1053,1058,-1,1058,1053,1056,-1,1058,1056,1059,-1,1059,1056,1055,-1,1059,1055,1060,-1,1060,1055,1054,-1,1060,1054,1061,-1,1061,1054,1024,-1,1061,1024,1062,-1,1062,1024,1023,-1,1005,1003,1063,-1,1013,1011,1064,-1,1016,1014,1065,-1,1066,1067,996,-1,1068,1069,996,-1,1019,1070,1021,-1,1021,1070,996,-1,1068,996,1070,-1,1071,1072,1067,-1,1067,1072,996,-1,1069,1066,996,-1,1016,1065,1019,-1,1073,1074,1075,-1,1019,1065,1070,-1,1070,1065,1076,-1,1070,1076,1068,-1,1068,1076,1077,-1,1068,1077,1069,-1,1069,1077,1078,-1,1069,1078,1066,-1,1066,1078,1073,-1,1066,1073,1067,-1,1067,1073,1075,-1,1067,1075,1071,-1,1013,1064,1014,-1,1079,1080,1081,-1,1014,1064,1065,-1,1065,1064,1082,-1,1065,1082,1076,-1,1076,1082,1083,-1,1076,1083,1077,-1,1077,1083,1084,-1,1077,1084,1078,-1,1078,1084,1079,-1,1078,1079,1073,-1,1073,1079,1081,-1,1073,1081,1074,-1,1085,1086,1087,-1,1011,1088,1064,-1,1064,1088,1089,-1,1064,1089,1082,-1,1082,1089,1090,-1,1082,1090,1083,-1,1083,1090,1091,-1,1083,1091,1084,-1,1084,1091,1085,-1,1084,1085,1079,-1,1079,1085,1087,-1,1079,1087,1080,-1,1011,1008,1088,-1,1088,1008,1006,-1,1088,1006,1005,-1,1092,1093,1094,-1,1005,1063,1088,-1,1088,1063,1095,-1,1088,1095,1089,-1,1089,1095,1096,-1,1089,1096,1090,-1,1090,1096,1097,-1,1090,1097,1091,-1,1091,1097,1092,-1,1091,1092,1085,-1,1085,1092,1094,-1,1085,1094,1086,-1,1098,1093,1099,-1,1099,1093,1092,-1,1099,1092,1100,-1,1100,1092,1097,-1,1100,1097,1101,-1,1101,1097,1096,-1,1101,1096,1102,-1,1102,1096,1095,-1,1102,1095,1103,-1,1103,1095,1063,-1,1103,1063,1001,-1,1001,1063,1003,-1,1104,1062,1105,-1,1105,1062,1023,-1,1105,1023,1106,-1,1106,1023,1022,-1,1106,1022,1107,-1,1107,1022,1052,-1,1107,1052,1108,-1,1052,1051,1108,-1,1108,1051,1026,-1,1108,1026,1109,-1,1109,1026,1025,-1,1109,1025,1110,-1,1110,1025,1029,-1,1110,1029,1111,-1,1111,1029,1028,-1,1111,1028,1112,-1,1112,1028,1113,-1,1113,1028,1035,-1,1113,1035,1114,-1,1035,1037,1114,-1,1114,1037,998,-1,1114,998,999,-1,1081,1115,1116,-1,1081,1116,1074,-1,1074,1116,1117,-1,1074,1117,1075,-1,1075,1117,1118,-1,1075,1118,1071,-1,1071,1118,1119,-1,1071,1119,1072,-1,1072,1119,997,-1,1072,997,996,-1,1115,1081,1120,-1,1120,1081,1080,-1,1120,1080,1121,-1,1080,1087,1121,-1,1121,1087,1086,-1,1121,1086,1122,-1,1122,1086,1094,-1,1122,1094,1123,-1,1123,1094,1093,-1,1123,1093,1124,-1,1124,1093,1098,-1,1124,1098,1125,-1,1126,1127,1128,-1,1129,1130,1131,-1,1132,1133,1134,-1,1135,1136,999,-1,1137,1138,999,-1,1139,1140,1141,-1,1141,1140,999,-1,1137,999,1140,-1,1113,1114,1136,-1,1136,1114,999,-1,1138,1135,999,-1,1132,1134,1139,-1,1142,1111,1112,-1,1139,1134,1140,-1,1140,1134,1143,-1,1140,1143,1137,-1,1137,1143,1144,-1,1137,1144,1138,-1,1138,1144,1145,-1,1138,1145,1135,-1,1135,1145,1142,-1,1135,1142,1136,-1,1136,1142,1112,-1,1136,1112,1113,-1,1129,1131,1133,-1,1146,1109,1110,-1,1133,1131,1134,-1,1134,1131,1147,-1,1134,1147,1143,-1,1143,1147,1148,-1,1143,1148,1144,-1,1144,1148,1149,-1,1144,1149,1145,-1,1145,1149,1146,-1,1145,1146,1142,-1,1142,1146,1110,-1,1142,1110,1111,-1,1150,1107,1108,-1,1130,1151,1131,-1,1131,1151,1152,-1,1131,1152,1147,-1,1147,1152,1153,-1,1147,1153,1148,-1,1148,1153,1154,-1,1148,1154,1149,-1,1149,1154,1150,-1,1149,1150,1146,-1,1146,1150,1108,-1,1146,1108,1109,-1,1130,1155,1151,-1,1151,1155,1156,-1,1151,1156,1126,-1,1157,1105,1106,-1,1126,1128,1151,-1,1151,1128,1158,-1,1151,1158,1152,-1,1152,1158,1159,-1,1152,1159,1153,-1,1153,1159,1160,-1,1153,1160,1154,-1,1154,1160,1157,-1,1154,1157,1150,-1,1150,1157,1106,-1,1150,1106,1107,-1,1104,1105,1161,-1,1161,1105,1157,-1,1161,1157,1162,-1,1162,1157,1160,-1,1162,1160,1163,-1,1163,1160,1159,-1,1163,1159,1164,-1,1164,1159,1158,-1,1164,1158,1165,-1,1165,1158,1128,-1,1165,1128,1166,-1,1166,1128,1127,-1,1123,1124,1167,-1,1115,1120,1168,-1,1117,1116,1169,-1,1170,1171,997,-1,1172,1173,997,-1,1118,1174,1119,-1,1119,1174,997,-1,1172,997,1174,-1,1175,1176,1171,-1,1171,1176,997,-1,1173,1170,997,-1,1117,1169,1118,-1,1177,1178,1179,-1,1118,1169,1174,-1,1174,1169,1180,-1,1174,1180,1172,-1,1172,1180,1181,-1,1172,1181,1173,-1,1173,1181,1182,-1,1173,1182,1170,-1,1170,1182,1177,-1,1170,1177,1171,-1,1171,1177,1179,-1,1171,1179,1175,-1,1115,1168,1116,-1,1183,1184,1185,-1,1116,1168,1169,-1,1169,1168,1186,-1,1169,1186,1180,-1,1180,1186,1187,-1,1180,1187,1181,-1,1181,1187,1188,-1,1181,1188,1182,-1,1182,1188,1183,-1,1182,1183,1177,-1,1177,1183,1185,-1,1177,1185,1178,-1,1189,1190,1191,-1,1120,1192,1168,-1,1168,1192,1193,-1,1168,1193,1186,-1,1186,1193,1194,-1,1186,1194,1187,-1,1187,1194,1195,-1,1187,1195,1188,-1,1188,1195,1189,-1,1188,1189,1183,-1,1183,1189,1191,-1,1183,1191,1184,-1,1120,1121,1192,-1,1192,1121,1122,-1,1192,1122,1123,-1,1196,1197,1198,-1,1123,1167,1192,-1,1192,1167,1199,-1,1192,1199,1193,-1,1193,1199,1200,-1,1193,1200,1194,-1,1194,1200,1201,-1,1194,1201,1195,-1,1195,1201,1196,-1,1195,1196,1189,-1,1189,1196,1198,-1,1189,1198,1190,-1,1202,1197,1203,-1,1203,1197,1196,-1,1203,1196,1204,-1,1204,1196,1201,-1,1204,1201,1205,-1,1205,1201,1200,-1,1205,1200,1206,-1,1206,1200,1199,-1,1206,1199,1207,-1,1207,1199,1167,-1,1207,1167,1125,-1,1125,1167,1124,-1,1202,1166,1127,-1,1202,1127,1197,-1,1197,1127,1126,-1,1197,1126,1198,-1,1198,1126,1190,-1,1190,1126,1156,-1,1190,1156,1191,-1,1156,1155,1191,-1,1191,1155,1130,-1,1191,1130,1184,-1,1184,1130,1129,-1,1184,1129,1185,-1,1185,1129,1133,-1,1185,1133,1178,-1,1178,1133,1132,-1,1178,1132,1179,-1,1179,1132,1175,-1,1175,1132,1139,-1,1175,1139,1176,-1,1139,1141,1176,-1,1176,1141,999,-1,1176,999,997,-1,759,758,876,-1,876,758,892,-1,929,827,829,-1,829,755,757,-1,757,944,829,-1,829,944,942,-1,829,942,929,-1,791,792,889,-1,889,792,848,-1,732,731,881,-1,881,731,894,-1,793,891,911,-1,793,911,794,-1,794,911,912,-1,794,912,800,-1,800,912,910,-1,800,910,801,-1,801,910,909,-1,801,909,804,-1,804,909,890,-1,804,890,805,-1,805,890,892,-1,805,892,758,-1,869,728,870,-1,870,728,777,-1,870,777,898,-1,898,777,739,-1,898,739,900,-1,900,739,808,-1,900,808,901,-1,901,808,809,-1,901,809,850,-1,850,809,761,-1,850,761,876,-1,876,761,759,-1,755,829,753,-1,753,829,830,-1,753,830,763,-1,763,830,823,-1,763,823,764,-1,764,823,822,-1,764,822,765,-1,765,822,847,-1,765,847,778,-1,778,847,904,-1,778,904,737,-1,737,904,918,-1,737,918,738,-1,738,918,917,-1,738,917,806,-1,806,917,896,-1,806,896,807,-1,807,896,897,-1,807,897,762,-1,762,897,899,-1,762,899,760,-1,760,899,849,-1,760,849,792,-1,792,849,848,-1,726,860,799,-1,799,860,859,-1,799,859,788,-1,788,859,858,-1,788,858,789,-1,789,858,857,-1,789,857,785,-1,785,857,886,-1,785,886,746,-1,746,886,885,-1,746,885,743,-1,743,885,884,-1,860,726,861,-1,861,726,725,-1,861,725,834,-1,834,725,724,-1,834,724,835,-1,835,724,717,-1,835,717,839,-1,839,717,715,-1,839,715,840,-1,840,715,714,-1,840,714,838,-1,838,714,723,-1,730,921,729,-1,729,921,903,-1,729,903,727,-1,727,903,902,-1,727,902,776,-1,776,902,846,-1,776,846,751,-1,751,846,845,-1,751,845,752,-1,752,845,864,-1,752,864,754,-1,754,864,863,-1,813,844,790,-1,790,844,826,-1,790,826,798,-1,798,826,854,-1,798,854,749,-1,749,854,855,-1,749,855,750,-1,750,855,856,-1,750,856,775,-1,775,856,922,-1,775,922,730,-1,730,922,921,-1,1208,1209,1210,-1,1210,1209,1211,-1,1212,1213,1214,-1,1214,1213,1215,-1,1216,696,1217,-1,1218,1219,1220,-1,1220,1219,1216,-1,1220,1216,1221,-1,1221,1216,1222,-1,1217,1223,1216,-1,1216,1223,1224,-1,1216,1224,1225,-1,1225,1226,1216,-1,1216,1226,1227,-1,1216,1227,1222,-1,1228,1229,1230,-1,1230,1229,1231,-1,1230,1231,1232,-1,1232,1231,1233,-1,1218,1220,1234,-1,1234,1220,1235,-1,1234,1235,1231,-1,1231,1235,1233,-1,1234,1231,1229,-1,1228,1230,1236,-1,1215,1213,1237,-1,1215,1237,1238,-1,1238,1237,1239,-1,1238,1239,1240,-1,1240,1239,1241,-1,1240,1241,1242,-1,1242,1241,1243,-1,1242,1243,1244,-1,1244,1243,1245,-1,1244,1245,1246,-1,1246,1245,1247,-1,1246,1247,1248,-1,1248,1247,706,-1,1248,706,705,-1,1212,1214,1249,-1,1249,1214,1250,-1,1249,1250,1251,-1,1251,1250,1252,-1,1251,1252,1253,-1,1253,1252,1254,-1,1253,1254,1255,-1,1255,1254,1256,-1,1255,1256,1257,-1,1257,1256,1258,-1,1257,1258,1209,-1,1209,1258,1211,-1,696,694,1217,-1,1217,694,1259,-1,1217,1259,1223,-1,1223,1259,1224,-1,1224,1259,1260,-1,1224,1260,1225,-1,1225,1260,1226,-1,1226,1260,1261,-1,1226,1261,1227,-1,1227,1261,1262,-1,1227,1262,1222,-1,1222,1262,1263,-1,1222,1263,1221,-1,1221,1263,1235,-1,1221,1235,1220,-1,1208,1210,1264,-1,1264,1210,1265,-1,1264,1265,1266,-1,1266,1265,1267,-1,1266,1267,1268,-1,1268,1267,1269,-1,1268,1269,1270,-1,1270,1269,1271,-1,1270,1271,1272,-1,1272,1271,1273,-1,1272,1273,695,-1,695,1273,693,-1,1274,1275,1276,-1,1276,1275,1277,-1,1276,1278,1279,-1,1279,1278,1280,-1,1281,1282,1283,-1,1284,1285,1286,-1,1287,1288,1289,-1,1290,1291,1292,-1,1292,1291,1293,-1,1292,1293,1294,-1,1295,1294,1296,-1,1296,1294,1293,-1,1296,1293,1297,-1,1288,1287,1298,-1,1298,1287,1299,-1,1298,1299,1300,-1,1301,1295,1302,-1,1302,1295,1296,-1,1302,1296,1303,-1,1303,1296,1297,-1,1303,1297,1304,-1,1305,1301,1306,-1,1306,1301,1302,-1,1306,1302,1307,-1,1307,1302,1303,-1,1307,1303,1308,-1,1308,1303,1304,-1,1308,1304,1309,-1,1310,1311,1312,-1,1312,1313,1310,-1,1310,1313,1314,-1,1310,1314,1299,-1,1299,1314,1315,-1,1299,1315,1300,-1,1316,1279,1317,-1,1317,1279,1280,-1,1317,1280,1318,-1,1318,1280,1319,-1,1282,1319,1283,-1,1283,1319,1280,-1,1283,1280,1320,-1,1320,1280,1278,-1,1320,1278,1321,-1,1321,1278,1276,-1,1289,1305,1287,-1,1287,1305,1306,-1,1287,1306,1299,-1,1299,1306,1307,-1,1299,1307,1310,-1,1310,1307,1308,-1,1310,1308,1311,-1,1311,1308,1309,-1,1311,1309,1322,-1,1316,1323,1279,-1,1279,1323,1276,-1,1276,1324,1322,-1,1322,1324,1325,-1,1322,1325,1311,-1,1311,1325,1326,-1,1311,1326,1312,-1,1291,1284,1293,-1,1293,1284,1286,-1,1293,1286,1297,-1,1297,1286,1327,-1,1297,1327,1304,-1,1304,1327,1328,-1,1304,1328,1309,-1,1309,1328,1329,-1,1309,1329,1322,-1,1322,1329,1276,-1,1285,1281,1286,-1,1286,1281,1283,-1,1286,1283,1327,-1,1327,1283,1320,-1,1327,1320,1328,-1,1328,1320,1321,-1,1328,1321,1329,-1,1329,1321,1276,-1,1330,1289,1331,-1,1331,1289,1288,-1,1331,1288,1332,-1,1288,1298,1332,-1,1332,1298,1300,-1,1332,1300,1333,-1,1333,1300,1315,-1,1333,1315,1334,-1,1334,1315,1314,-1,1334,1314,1335,-1,1335,1314,1313,-1,1335,1313,1336,-1,1336,1313,1337,-1,1337,1313,1312,-1,1337,1312,1338,-1,1338,1312,1326,-1,1338,1326,1339,-1,1339,1326,1325,-1,1339,1325,1340,-1,1325,1324,1340,-1,1340,1324,1276,-1,1340,1276,1277,-1,1319,1341,1342,-1,1319,1342,1318,-1,1318,1342,1343,-1,1318,1343,1317,-1,1317,1343,1344,-1,1317,1344,1316,-1,1316,1344,1345,-1,1316,1345,1323,-1,1323,1345,1274,-1,1323,1274,1276,-1,1341,1319,1346,-1,1346,1319,1282,-1,1346,1282,1347,-1,1284,1348,1285,-1,1285,1348,1347,-1,1285,1347,1281,-1,1281,1347,1282,-1,1290,1349,1291,-1,1291,1349,1350,-1,1291,1350,1284,-1,1284,1350,1351,-1,1284,1351,1348,-1,1277,1352,1353,-1,1353,1352,1354,-1,1334,1335,1355,-1,1332,1333,1356,-1,1357,1358,1359,-1,1330,1331,1360,-1,1360,1331,1361,-1,1360,1361,1362,-1,1363,1362,1364,-1,1364,1362,1361,-1,1364,1361,1365,-1,1358,1357,1366,-1,1366,1357,1367,-1,1366,1367,1368,-1,1369,1363,1370,-1,1370,1363,1364,-1,1370,1364,1371,-1,1371,1364,1365,-1,1371,1365,1372,-1,1373,1369,1374,-1,1374,1369,1370,-1,1374,1370,1375,-1,1375,1370,1371,-1,1375,1371,1376,-1,1376,1371,1372,-1,1376,1372,1377,-1,1378,1379,1380,-1,1380,1381,1378,-1,1378,1381,1382,-1,1378,1382,1367,-1,1367,1382,1383,-1,1367,1383,1368,-1,1339,1353,1338,-1,1338,1353,1354,-1,1338,1354,1337,-1,1337,1354,1336,-1,1335,1336,1355,-1,1355,1336,1354,-1,1355,1354,1384,-1,1384,1354,1352,-1,1384,1352,1385,-1,1385,1352,1277,-1,1359,1373,1357,-1,1357,1373,1374,-1,1357,1374,1367,-1,1367,1374,1375,-1,1367,1375,1378,-1,1378,1375,1376,-1,1378,1376,1379,-1,1379,1376,1377,-1,1379,1377,1386,-1,1339,1340,1353,-1,1353,1340,1277,-1,1277,1387,1386,-1,1386,1387,1388,-1,1386,1388,1379,-1,1379,1388,1389,-1,1379,1389,1380,-1,1331,1332,1361,-1,1361,1332,1356,-1,1361,1356,1365,-1,1365,1356,1390,-1,1365,1390,1372,-1,1372,1390,1391,-1,1372,1391,1377,-1,1377,1391,1392,-1,1377,1392,1386,-1,1386,1392,1277,-1,1333,1334,1356,-1,1356,1334,1355,-1,1356,1355,1390,-1,1390,1355,1384,-1,1390,1384,1391,-1,1391,1384,1385,-1,1391,1385,1392,-1,1392,1385,1277,-1,1274,1393,1394,-1,1394,1393,1395,-1,1396,1397,1398,-1,1399,1400,1401,-1,1402,1350,1349,-1,1403,1404,1405,-1,1405,1404,1406,-1,1405,1406,1407,-1,1408,1407,1409,-1,1409,1407,1406,-1,1409,1406,1410,-1,1350,1402,1351,-1,1351,1402,1411,-1,1351,1411,1348,-1,1412,1408,1413,-1,1413,1408,1409,-1,1413,1409,1414,-1,1414,1409,1410,-1,1414,1410,1415,-1,1416,1412,1417,-1,1417,1412,1413,-1,1417,1413,1418,-1,1418,1413,1414,-1,1418,1414,1419,-1,1419,1414,1415,-1,1419,1415,1420,-1,1421,1422,1342,-1,1342,1341,1421,-1,1421,1341,1346,-1,1421,1346,1411,-1,1411,1346,1347,-1,1411,1347,1348,-1,1423,1394,1424,-1,1424,1394,1395,-1,1424,1395,1425,-1,1425,1395,1426,-1,1397,1426,1398,-1,1398,1426,1395,-1,1398,1395,1427,-1,1427,1395,1393,-1,1427,1393,1428,-1,1428,1393,1274,-1,1349,1416,1402,-1,1402,1416,1417,-1,1402,1417,1411,-1,1411,1417,1418,-1,1411,1418,1421,-1,1421,1418,1419,-1,1421,1419,1422,-1,1422,1419,1420,-1,1422,1420,1429,-1,1423,1430,1394,-1,1394,1430,1274,-1,1274,1345,1429,-1,1429,1345,1344,-1,1429,1344,1422,-1,1422,1344,1343,-1,1422,1343,1342,-1,1404,1399,1406,-1,1406,1399,1401,-1,1406,1401,1410,-1,1410,1401,1431,-1,1410,1431,1415,-1,1415,1431,1432,-1,1415,1432,1420,-1,1420,1432,1433,-1,1420,1433,1429,-1,1429,1433,1274,-1,1400,1396,1401,-1,1401,1396,1398,-1,1401,1398,1431,-1,1431,1398,1427,-1,1431,1427,1432,-1,1432,1427,1428,-1,1432,1428,1433,-1,1433,1428,1274,-1,1434,1359,1358,-1,1434,1358,1435,-1,1435,1358,1366,-1,1435,1366,1436,-1,1436,1366,1368,-1,1436,1368,1437,-1,1437,1368,1383,-1,1437,1383,1438,-1,1438,1383,1439,-1,1439,1383,1382,-1,1439,1382,1440,-1,1382,1381,1440,-1,1440,1381,1380,-1,1440,1380,1441,-1,1441,1380,1389,-1,1441,1389,1442,-1,1442,1389,1443,-1,1443,1389,1388,-1,1443,1388,1444,-1,1388,1387,1444,-1,1444,1387,1277,-1,1444,1277,1275,-1,1424,1445,1446,-1,1424,1446,1423,-1,1423,1446,1447,-1,1423,1447,1430,-1,1430,1447,1275,-1,1430,1275,1274,-1,1445,1424,1448,-1,1448,1424,1425,-1,1448,1425,1449,-1,1449,1425,1426,-1,1449,1426,1450,-1,1450,1426,1397,-1,1450,1397,1451,-1,1399,1452,1400,-1,1400,1452,1451,-1,1400,1451,1396,-1,1396,1451,1397,-1,1403,1453,1404,-1,1404,1453,1454,-1,1404,1454,1399,-1,1399,1454,1455,-1,1399,1455,1452,-1,1275,1456,1457,-1,1457,1456,1458,-1,1438,1439,1459,-1,1436,1437,1460,-1,1461,1454,1453,-1,1434,1435,1462,-1,1462,1435,1463,-1,1462,1463,1464,-1,1465,1464,1466,-1,1466,1464,1463,-1,1466,1463,1467,-1,1454,1461,1455,-1,1455,1461,1468,-1,1455,1468,1452,-1,1469,1465,1470,-1,1470,1465,1466,-1,1470,1466,1471,-1,1471,1466,1467,-1,1471,1467,1472,-1,1473,1469,1474,-1,1474,1469,1470,-1,1474,1470,1475,-1,1475,1470,1471,-1,1475,1471,1476,-1,1476,1471,1472,-1,1476,1472,1477,-1,1478,1479,1448,-1,1448,1449,1478,-1,1478,1449,1450,-1,1478,1450,1468,-1,1468,1450,1451,-1,1468,1451,1452,-1,1443,1457,1442,-1,1442,1457,1458,-1,1442,1458,1441,-1,1441,1458,1440,-1,1439,1440,1459,-1,1459,1440,1458,-1,1459,1458,1480,-1,1480,1458,1456,-1,1480,1456,1481,-1,1481,1456,1275,-1,1453,1473,1461,-1,1461,1473,1474,-1,1461,1474,1468,-1,1468,1474,1475,-1,1468,1475,1478,-1,1478,1475,1476,-1,1478,1476,1479,-1,1479,1476,1477,-1,1479,1477,1482,-1,1443,1444,1457,-1,1457,1444,1275,-1,1275,1447,1482,-1,1482,1447,1446,-1,1482,1446,1479,-1,1479,1446,1445,-1,1479,1445,1448,-1,1435,1436,1463,-1,1463,1436,1460,-1,1463,1460,1467,-1,1467,1460,1483,-1,1467,1483,1472,-1,1472,1483,1484,-1,1472,1484,1477,-1,1477,1484,1485,-1,1477,1485,1482,-1,1482,1485,1275,-1,1437,1438,1460,-1,1460,1438,1459,-1,1460,1459,1483,-1,1483,1459,1480,-1,1483,1480,1484,-1,1484,1480,1481,-1,1484,1481,1485,-1,1485,1481,1275,-1,1229,1228,1234,-1,1234,1228,1236,-1,1234,1236,1218,-1,1218,1236,1219,-1,422,421,437,-1,437,421,438,-1,437,438,430,-1,430,438,431,-1,1486,716,946,-1,1486,946,1487,-1,1487,946,947,-1,1487,947,1488,-1,1488,947,948,-1,1488,948,1489,-1,1489,948,949,-1,1489,949,1490,-1,1490,949,950,-1,1490,950,1491,-1,1491,950,951,-1,1491,951,1492,-1,1492,951,952,-1,1492,952,1493,-1,1493,1494,1495,-1,1496,1497,1498,-1,1499,1500,1498,-1,1493,952,1501,-1,1501,1502,1493,-1,1493,1502,1503,-1,1493,1503,1494,-1,1495,1504,1493,-1,1493,1504,1505,-1,1493,1505,1498,-1,1498,1505,1506,-1,1498,1506,1496,-1,1497,1507,1498,-1,1498,1507,1508,-1,1498,1508,1499,-1,1509,721,1486,-1,1486,721,716,-1,1498,1500,1510,-1,1498,1510,1511,-1,1511,1510,1512,-1,1511,1512,1513,-1,1513,1512,1514,-1,1513,1514,1515,-1,1515,1514,1516,-1,1515,1516,1517,-1,1517,1516,1518,-1,1517,1518,1519,-1,1519,1518,1520,-1,1519,1520,1521,-1,1521,1520,1522,-1,1521,1522,1523,-1,1524,965,963,-1,1524,963,1525,-1,1525,963,961,-1,1525,961,1526,-1,1526,961,959,-1,1526,959,1527,-1,1527,959,957,-1,1527,957,1528,-1,1528,957,955,-1,1528,955,1529,-1,1529,955,953,-1,1529,953,1530,-1,1530,953,721,-1,1530,721,1509,-1,1531,1532,1522,-1,1522,1532,1523,-1,1533,1534,1524,-1,1524,1534,965,-1,1532,1531,1535,-1,1532,1535,1536,-1,1536,1535,1537,-1,1536,1537,1538,-1,1538,1537,1539,-1,1538,1539,1540,-1,1540,1539,1541,-1,1540,1541,1542,-1,1542,1541,1543,-1,1542,1543,1544,-1,1544,1543,1545,-1,1544,1545,1546,-1,1546,1545,1534,-1,1546,1534,1533,-1,37,1547,1548,-1,1548,1547,1549,-1,26,1550,28,-1,28,1550,1551,-1,28,1551,30,-1,30,1551,1552,-1,30,1552,32,-1,32,1552,1553,-1,32,1553,34,-1,34,1553,1554,-1,34,1554,36,-1,36,1554,1555,-1,36,1555,37,-1,37,1555,1547,-1,1548,1549,1556,-1,1556,1549,1557,-1,1556,1557,1558,-1,1558,1557,1559,-1,1558,1559,1560,-1,1560,1559,1561,-1,1560,1561,1562,-1,1562,1561,1563,-1,1562,1563,1564,-1,1564,1563,1565,-1,1564,1565,5,-1,5,1565,1566,-1,993,1567,26,-1,26,1567,1550,-1,1568,9,1566,-1,1566,9,5,-1,831,1569,988,-1,988,1569,1570,-1,988,1570,989,-1,989,1570,1571,-1,989,1571,990,-1,990,1571,1572,-1,990,1572,991,-1,991,1572,1573,-1,991,1573,992,-1,992,1573,1574,-1,992,1574,993,-1,993,1574,1567,-1,9,1568,968,-1,968,1568,1575,-1,968,1575,970,-1,970,1575,1576,-1,970,1576,972,-1,972,1576,1577,-1,972,1577,974,-1,974,1577,1578,-1,974,1578,976,-1,976,1578,1579,-1,976,1579,837,-1,837,1579,1580,-1,837,1580,831,-1,831,1580,1569,-1,843,815,816,-1,843,816,841,-1,841,816,820,-1,841,820,842,-1,842,820,819,-1,842,819,865,-1,865,819,818,-1,865,818,866,-1,866,818,817,-1,866,817,867,-1,867,817,814,-1,867,814,871,-1,783,907,784,-1,784,907,906,-1,784,906,786,-1,786,906,905,-1,786,905,787,-1,787,905,825,-1,787,825,810,-1,810,825,824,-1,810,824,811,-1,811,824,873,-1,811,873,812,-1,812,873,872,-1,84,86,1581,-1,84,1581,1582,-1,1582,1581,1583,-1,1582,1583,1584,-1,1584,1583,1585,-1,1584,1585,1586,-1,1586,1585,1587,-1,1586,1587,1588,-1,1588,1587,1589,-1,1588,1589,1590,-1,1590,1589,88,-1,1590,88,90,-1,87,85,1591,-1,1591,85,1592,-1,1591,1592,1593,-1,1593,1592,1594,-1,1593,1594,1595,-1,1595,1594,1596,-1,1595,1596,1597,-1,1597,1596,1598,-1,1597,1598,1599,-1,1599,1598,1600,-1,1599,1600,77,-1,77,1600,79,-1,
        ]
    }
}
Shape{
    appearance Appearance {
        material  Material 	{
            diffuseColor 0.0 0.0 0.0
            specularColor 0.0 0.0 0.0
            ambientIntensity 0.0
            transparency 0.0
            shininess 0.5
        }
    }
    geometry IndexedFaceSet {
        ccw TRUE
        solid FALSE
        coord DEF co Coordinate {
            point [
                0.033 0.2195 1.248, 0.033 0.2104 1.248, 0.033 0.2195 1.2441, 0.033 0.2104 1.2441, 0.0011 0.2195 1.248, 0.0011 0.2195 1.2441, 0.0011 0.2904 1.248, 0.0011 0.2904 1.2441, -0.0092 0.2904 1.248, -0.0092 0.2904 1.2441, -0.0092 0.2104 1.248, -0.0092 0.2104 1.2441, 0.0963 0.2137 1.2441, 0.0963 0.2137 1.248, 0.0949 0.213 1.248, 0.0741 0.209 1.248, 0.0741 0.209 1.2441, 0.0863 0.2102 1.2441, 0.0863 0.2102 1.248, 0.0928 0.2123 1.2441, 0.0949 0.213 1.2441, 0.0963 0.2236 1.248, 0.0963 0.2236 1.2441, 0.0928 0.2221 1.2441, 0.0884 0.2201 1.248, 0.0884 0.2201 1.2441, 0.0793 0.2184 1.2441, 0.0793 0.2184 1.248, 0.0756 0.2182 1.2441, 0.0756 0.2182 1.248, 0.0686 0.2189 1.2441, 0.0686 0.2189 1.248, 0.0627 0.221 1.2441, 0.0627 0.221 1.248, 0.0573 0.2245 1.2441, 0.0573 0.2245 1.248, 0.055 0.2267 1.2441, 0.055 0.2267 1.248, 0.0514 0.2316 1.2441, 0.0514 0.2316 1.248, 0.0487 0.238 1.2441, 0.0487 0.238 1.248, 0.0473 0.2459 1.2441, 0.0473 0.2459 1.248, 0.0472 0.2495 1.2441, 0.0472 0.2495 1.248, 0.0485 0.2605 1.2441, 0.0485 0.2605 1.248, 0.0512 0.2674 1.2441, 0.0512 0.2674 1.248, 0.055 0.273 1.2441, 0.055 0.273 1.248, 0.0556 0.2736 1.2441, 0.0556 0.2736 1.248, 0.0605 0.2777 1.2441, 0.0605 0.2777 1.248, 0.0667 0.2808 1.2441, 0.0667 0.2808 1.248, 0.0736 0.2823 1.2441, 0.0736 0.2823 1.248, 0.0774 0.2825 1.2441, 0.0774 0.2825 1.248, 0.0872 0.2813 1.2441, 0.0928 0.2792 1.2441, 0.0954 0.2782 1.248, 0.0872 0.2813 1.248, 0.0954 0.2782 1.2441, 0.0963 0.2777 1.2441, 0.0963 0.2777 1.248, 0.0963 0.2885 1.248, 0.0963 0.2885 1.2441, 0.0928 0.2895 1.2441, 0.0878 0.291 1.248, 0.0773 0.2918 1.2441, 0.0773 0.2918 1.248, 0.0859 0.2911 1.2441, 0.0878 0.291 1.2441, 0.0717 0.2911 1.2441, 0.0657 0.2904 1.248, 0.0657 0.2904 1.2441, 0.0574 0.2871 1.2441, 0.0574 0.2871 1.248, 0.0499 0.2819 1.2441, 0.0499 0.2819 1.248, 0.0479 0.28 1.2441, 0.0479 0.28 1.248, 0.0421 0.2724 1.2441, 0.0421 0.2724 1.248, 0.0383 0.2635 1.2441, 0.0383 0.2635 1.248, 0.0364 0.2531 1.2441, 0.0364 0.2531 1.248, 0.0363 0.2489 1.2441, 0.0363 0.2489 1.248, 0.0379 0.2359 1.2441, 0.0379 0.2359 1.248, 0.0411 0.2275 1.2441, 0.0411 0.2275 1.248, 0.0459 0.2207 1.2441, 0.0459 0.2207 1.248, 0.0466 0.22 1.2441, 0.0466 0.22 1.248, 0.053 0.2146 1.2441, 0.053 0.2146 1.248, 0.0606 0.211 1.2441, 0.0606 0.211 1.248, 0.0692 0.2092 1.2441, 0.0692 0.2092 1.248, 0.1553 0.2195 1.248, 0.1553 0.2104 1.248, 0.1553 0.2195 1.2441, 0.1553 0.2104 1.2441, 0.1226 0.2195 1.2441, 0.1226 0.2195 1.248, 0.1442 0.2195 1.2441, 0.1226 0.2464 1.248, 0.1226 0.2464 1.2441, 0.1513 0.2464 1.248, 0.1442 0.2464 1.2441, 0.1513 0.2464 1.2441, 0.1513 0.2556 1.248, 0.1513 0.2556 1.2441, 0.1226 0.2556 1.2441, 0.1226 0.2556 1.248, 0.1442 0.2556 1.2441, 0.1226 0.2812 1.248, 0.1226 0.2812 1.2441, 0.1535 0.2812 1.248, 0.1442 0.2812 1.2441, 0.1535 0.2812 1.2441, 0.1535 0.2904 1.248, 0.1535 0.2904 1.2441, 0.1123 0.2904 1.2441, 0.1123 0.2904 1.248, 0.1442 0.2904 1.2441, 0.1123 0.2104 1.248, 0.1123 0.2104 1.2441, 0.1442 0.2104 1.2441, 0.2236 0.2216 1.248, 0.2153 0.227 1.248, 0.2152 0.2156 1.248, 0.2101 0.2234 1.248, 0.2061 0.212 1.248, 0.2035 0.2208 1.248, 0.1925 0.2104 1.248, 0.1924 0.2195 1.248, 0.1705 0.2104 1.248, 0.1808 0.2195 1.248, 0.1705 0.2904 1.248, 0.1808 0.2812 1.248, 0.1933 0.2904 1.248, 0.1929 0.2812 1.248, 0.1937 0.2812 1.248, 0.2055 0.2891 1.248, 0.204 0.2799 1.248, 0.2152 0.2856 1.248, 0.2108 0.2773 1.248, 0.2236 0.2798 1.248, 0.216 0.2737 1.248, 0.2264 0.2771 1.248, 0.2183 0.2715 1.248, 0.2314 0.2701 1.248, 0.2214 0.267 1.248, 0.2343 0.2624 1.248, 0.2236 0.2611 1.248, 0.2357 0.2514 1.248, 0.2248 0.2511 1.248, 0.2354 0.2463 1.248, 0.2245 0.2456 1.248, 0.2335 0.237 1.248, 0.2229 0.2384 1.248, 0.2295 0.2287 1.248, 0.22 0.2325 1.248, 0.2162 0.2279 1.248, 0.1925 0.2104 1.2441, 0.1705 0.2104 1.2441, 0.2061 0.212 1.2441, 0.2152 0.2156 1.2441, 0.2236 0.2216 1.2441, 0.2295 0.2287 1.2441, 0.2335 0.237 1.2441, 0.2354 0.2463 1.2441, 0.2357 0.2514 1.2441, 0.2343 0.2624 1.2441, 0.2314 0.2701 1.2441, 0.2264 0.2771 1.2441, 0.2236 0.2798 1.2441, 0.2152 0.2856 1.2441, 0.2055 0.2891 1.2441, 0.1933 0.2904 1.2441, 0.1705 0.2904 1.2441, 0.1929 0.2812 1.2441, 0.1808 0.2812 1.2441, 0.1808 0.2195 1.2441, 0.1924 0.2195 1.2441, 0.2162 0.2279 1.2441, 0.2153 0.227 1.2441, 0.2101 0.2234 1.2441, 0.2035 0.2208 1.2441, 0.2248 0.2511 1.2441, 0.2245 0.2456 1.2441, 0.2229 0.2384 1.2441, 0.22 0.2325 1.2441, 0.216 0.2737 1.2441, 0.2183 0.2715 1.2441, 0.2214 0.267 1.2441, 0.2236 0.2611 1.2441, 0.1937 0.2812 1.2441, 0.204 0.2799 1.2441, 0.2108 0.2773 1.2441
            ]
        }
        coordIndex [
            0,1,2,-1,2,1,3,-1,4,0,5,-1,5,0,2,-1,6,4,7,-1,7,4,5,-1,8,6,9,-1,9,6,7,-1,10,8,11,-1,11,8,9,-1,1,10,3,-1,3,10,11,-1,6,8,4,-1,4,8,10,-1,4,10,0,-1,0,10,1,-1,12,13,14,-1,15,16,17,-1,15,17,18,-1,18,17,19,-1,18,19,14,-1,14,19,20,-1,14,20,12,-1,21,13,22,-1,22,13,12,-1,21,22,23,-1,21,23,24,-1,23,25,24,-1,24,25,26,-1,24,26,27,-1,27,26,28,-1,27,28,29,-1,29,28,30,-1,29,30,31,-1,31,30,32,-1,31,32,33,-1,33,32,34,-1,33,34,35,-1,35,34,36,-1,35,36,37,-1,37,36,38,-1,37,38,39,-1,39,38,40,-1,39,40,41,-1,41,40,42,-1,41,42,43,-1,43,42,44,-1,43,44,45,-1,45,44,46,-1,45,46,47,-1,47,46,48,-1,47,48,49,-1,49,48,50,-1,49,50,51,-1,51,50,52,-1,51,52,53,-1,53,52,54,-1,53,54,55,-1,55,54,56,-1,55,56,57,-1,57,56,58,-1,57,58,59,-1,59,58,60,-1,59,60,61,-1,61,60,62,-1,63,64,62,-1,62,64,65,-1,62,65,61,-1,63,66,64,-1,64,66,67,-1,64,67,68,-1,69,68,70,-1,70,68,67,-1,69,70,71,-1,69,71,72,-1,73,74,75,-1,75,74,72,-1,75,72,76,-1,76,72,71,-1,74,73,77,-1,74,77,78,-1,77,79,78,-1,78,79,80,-1,78,80,81,-1,81,80,82,-1,81,82,83,-1,83,82,84,-1,83,84,85,-1,85,84,86,-1,85,86,87,-1,87,86,88,-1,87,88,89,-1,89,88,90,-1,89,90,91,-1,91,90,92,-1,91,92,93,-1,93,92,94,-1,93,94,95,-1,95,94,96,-1,95,96,97,-1,97,96,98,-1,97,98,99,-1,99,98,100,-1,99,100,101,-1,101,100,102,-1,101,102,103,-1,103,102,104,-1,103,104,105,-1,105,104,106,-1,105,106,107,-1,107,106,16,-1,107,16,15,-1,55,57,78,-1,47,49,87,-1,87,49,85,-1,78,57,74,-1,93,45,91,-1,91,45,47,-1,91,47,89,-1,89,47,87,-1,57,59,74,-1,74,59,61,-1,74,61,72,-1,72,61,65,-1,72,65,69,-1,69,65,64,-1,69,64,68,-1,13,21,14,-1,14,21,24,-1,14,24,18,-1,18,24,27,-1,18,27,15,-1,15,27,29,-1,15,29,107,-1,107,29,31,-1,107,31,105,-1,105,31,33,-1,105,33,103,-1,103,33,35,-1,103,35,101,-1,101,35,37,-1,101,37,99,-1,99,37,39,-1,99,39,97,-1,97,39,95,-1,95,39,41,-1,95,41,93,-1,93,41,43,-1,93,43,45,-1,49,51,85,-1,85,51,53,-1,85,53,83,-1,83,53,55,-1,83,55,81,-1,81,55,78,-1,108,109,110,-1,110,109,111,-1,112,113,114,-1,114,113,108,-1,114,108,110,-1,115,113,116,-1,116,113,112,-1,115,116,117,-1,117,116,118,-1,117,118,119,-1,120,117,121,-1,121,117,119,-1,122,123,124,-1,124,123,120,-1,124,120,121,-1,125,123,126,-1,126,123,122,-1,125,126,127,-1,127,126,128,-1,127,128,129,-1,130,127,131,-1,131,127,129,-1,132,133,134,-1,134,133,130,-1,134,130,131,-1,135,133,136,-1,136,133,132,-1,135,136,109,-1,109,136,137,-1,109,137,111,-1,135,109,108,-1,108,113,135,-1,135,113,115,-1,135,115,133,-1,127,130,125,-1,125,130,133,-1,125,133,123,-1,123,133,115,-1,123,115,120,-1,120,115,117,-1,138,139,140,-1,140,139,141,-1,140,141,142,-1,142,141,143,-1,142,143,144,-1,144,143,145,-1,144,145,146,-1,146,145,147,-1,146,147,148,-1,148,147,149,-1,148,149,150,-1,149,151,150,-1,150,151,152,-1,150,152,153,-1,153,152,154,-1,153,154,155,-1,155,154,156,-1,155,156,157,-1,157,156,158,-1,157,158,159,-1,159,158,160,-1,159,160,161,-1,161,160,162,-1,161,162,163,-1,163,162,164,-1,163,164,165,-1,165,164,166,-1,165,166,167,-1,167,166,168,-1,167,168,169,-1,169,168,170,-1,169,170,171,-1,171,170,172,-1,171,172,138,-1,138,172,173,-1,138,173,139,-1,144,146,174,-1,174,146,175,-1,144,174,176,-1,144,176,142,-1,142,176,177,-1,142,177,140,-1,140,177,178,-1,140,178,138,-1,138,178,179,-1,138,179,171,-1,171,179,180,-1,171,180,169,-1,169,180,181,-1,169,181,167,-1,167,181,182,-1,167,182,165,-1,165,182,183,-1,165,183,163,-1,163,183,184,-1,163,184,161,-1,161,184,185,-1,161,185,159,-1,159,185,186,-1,159,186,157,-1,157,186,187,-1,157,187,155,-1,155,187,188,-1,155,188,153,-1,153,188,189,-1,153,189,150,-1,148,150,190,-1,190,150,189,-1,146,148,175,-1,175,148,190,-1,151,149,191,-1,191,149,192,-1,149,147,192,-1,192,147,193,-1,147,145,193,-1,193,145,194,-1,173,195,196,-1,173,196,139,-1,139,196,197,-1,139,197,141,-1,141,197,198,-1,141,198,143,-1,143,198,194,-1,143,194,145,-1,166,199,200,-1,166,200,168,-1,168,200,201,-1,168,201,170,-1,170,201,202,-1,170,202,172,-1,172,202,195,-1,172,195,173,-1,158,203,204,-1,158,204,160,-1,160,204,205,-1,160,205,162,-1,162,205,206,-1,162,206,164,-1,164,206,199,-1,164,199,166,-1,151,191,207,-1,151,207,152,-1,152,207,208,-1,152,208,154,-1,154,208,209,-1,154,209,156,-1,156,209,203,-1,156,203,158,-1,
        ]
    }
}
Shape{
    appearance Appearance {
        material  Material 	{
            diffuseColor 0.7529411764705882 0.7529411764705882 0.7529411764705882
            specularColor 0.3764705882352941 0.3764705882352941 0.3764705882352941
            ambientIntensity 0.7529
            transparency 0.0
            shininess 0.5
        }
    }
    geometry IndexedFaceSet {
        ccw TRUE
        solid FALSE
        coord DEF co Coordinate {
            point [
                0.2101 0.2234 1.2441, 0.2153 0.227 1.2441, 0.1937 0.2812 1.2441, 0.1808 0.2812 1.2441, 0.1808 0.2195 1.2441, 0.1929 0.2812 1.2441, 0.1924 0.2195 1.2441, 0.2035 0.2208 1.2441, 0.2162 0.2279 1.2441, 0.22 0.2325 1.2441, 0.2229 0.2384 1.2441, 0.2248 0.2511 1.2441, 0.216 0.2737 1.2441, 0.2108 0.2773 1.2441, 0.2236 0.2611 1.2441, 0.2214 0.267 1.2441, 0.2183 0.2715 1.2441, 0.2245 0.2456 1.2441, 0.204 0.2799 1.2441
            ]
        }
        coordIndex [
            0,1,2,-1,3,4,5,-1,5,4,6,-1,5,6,2,-1,2,6,7,-1,2,7,0,-1,1,8,2,-1,2,8,9,-1,2,9,10,-1,11,12,13,-1,14,15,11,-1,11,15,16,-1,11,16,12,-1,10,17,2,-1,2,17,11,-1,2,11,18,-1,18,11,13,-1,
        ]
    }
}
Shape{
    appearance Appearance {
        material  Material 	{
            diffuseColor 0.0 0.0 0.0
            specularColor 0.0 0.0 0.0
            ambientIntensity 0.0
            transparency 0.0
            shininess 0.5
        }
    }
    geometry IndexedFaceSet {
        ccw TRUE
        solid FALSE
        coord DEF co Coordinate {
            point [
                0.2625 0.2413 1.248, 0.2592 0.2323 1.248, 0.2894 0.2413 1.248, 0.2926 0.2323 1.248, 0.2745 0.2746 1.248, 0.2706 0.2904 1.248, 0.2401 0.2104 1.248, 0.2515 0.2104 1.248, 0.2752 0.277 1.248, 0.2758 0.2802 1.248, 0.2817 0.2904 1.248, 0.276 0.2802 1.248, 0.2767 0.2768 1.248, 0.2773 0.2746 1.248, 0.3121 0.2104 1.248, 0.3007 0.2104 1.248, 0.2817 0.2904 1.2441, 0.3121 0.2104 1.2441, 0.2706 0.2904 1.2441, 0.2401 0.2104 1.2441, 0.2632 0.271 1.2441, 0.2515 0.2104 1.2441, 0.2592 0.2323 1.2441, 0.2926 0.2323 1.2441, 0.2632 0.2323 1.2441, 0.3007 0.2104 1.2441, 0.2625 0.2413 1.2441, 0.2894 0.2413 1.2441, 0.2773 0.2746 1.2441, 0.276 0.2802 1.2441, 0.2767 0.2768 1.2441, 0.2758 0.2802 1.2441, 0.2745 0.2746 1.2441, 0.2752 0.277 1.2441
            ]
        }
        coordIndex [
            0,1,2,-1,2,1,3,-1,4,5,0,-1,0,5,6,-1,0,6,1,-1,1,6,7,-1,4,8,5,-1,5,8,9,-1,5,9,10,-1,10,9,11,-1,10,11,12,-1,12,13,10,-1,10,13,2,-1,10,2,14,-1,14,2,3,-1,14,3,15,-1,10,14,16,-1,16,14,17,-1,5,10,18,-1,18,10,16,-1,19,6,20,-1,20,6,5,-1,20,5,18,-1,7,6,21,-1,21,6,19,-1,1,7,22,-1,22,7,21,-1,23,3,24,-1,24,3,1,-1,24,1,22,-1,15,3,25,-1,25,3,23,-1,14,15,17,-1,17,15,25,-1,0,2,26,-1,26,2,27,-1,2,13,27,-1,27,13,28,-1,11,29,30,-1,11,30,12,-1,12,30,28,-1,12,28,13,-1,11,9,29,-1,29,9,31,-1,4,32,33,-1,4,33,8,-1,8,33,31,-1,8,31,9,-1,4,0,32,-1,32,0,26,-1,
        ]
    }
}
Shape{
    appearance Appearance {
        material  Material 	{
            diffuseColor 0.7529411764705882 0.7529411764705882 0.7529411764705882
            specularColor 0.3764705882352941 0.3764705882352941 0.3764705882352941
            ambientIntensity 0.7529
            transparency 0.0
            shininess 0.5
        }
    }
    geometry IndexedFaceSet {
        ccw TRUE
        solid FALSE
        coord DEF co Coordinate {
            point [
                0.276 0.2802 1.2441, 0.2758 0.2802 1.2441, 0.2767 0.2768 1.2441, 0.2752 0.277 1.2441, 0.2773 0.2746 1.2441, 0.2745 0.2746 1.2441, 0.2894 0.2413 1.2441, 0.2625 0.2413 1.2441
            ]
        }
        coordIndex [
            0,1,2,-1,2,1,3,-1,2,3,4,-1,4,3,5,-1,4,5,6,-1,6,5,7,-1,
        ]
    }
}
Shape{
    appearance Appearance {
        material  Material 	{
            diffuseColor 0.0 0.0 0.0
            specularColor 0.0 0.0 0.0
            ambientIntensity 0.0
            transparency 0.0
            shininess 0.5
        }
    }
    geometry IndexedFaceSet {
        ccw TRUE
        solid FALSE
        coord DEF co Coordinate {
            point [
                0.0339 0.0925 1.248, 0.0339 0.0833 1.248, 0.0339 0.0925 1.2441, 0.0339 0.0833 1.2441, 0.0011 0.0925 1.2441, 0.0011 0.0925 1.248, 0.0335 0.0925 1.2441, 0.0011 0.1194 1.248, 0.0011 0.1194 1.2441, 0.0298 0.1194 1.248, 0.0298 0.1194 1.2441, 0.0298 0.1286 1.248, 0.0298 0.1286 1.2441, 0.0011 0.1286 1.248, 0.0011 0.1286 1.2441, 0.0011 0.1542 1.2441, 0.0011 0.1542 1.248, 0.0011 0.1526 1.2441, 0.032 0.1542 1.248, 0.032 0.1542 1.2441, 0.032 0.1634 1.248, 0.032 0.1634 1.2441, -0.0092 0.1634 1.248, -0.0092 0.1634 1.2441, -0.0092 0.0833 1.2441, -0.0092 0.0833 1.248, -0.0092 0.1526 1.2441, 0.0335 0.0833 1.2441, 0.0794 0.0833 1.248, 0.0894 0.0833 1.248, 0.0794 0.0922 1.248, 0.0894 0.1201 1.248, 0.066 0.1102 1.248, 0.0794 0.112 1.248, 0.0794 0.1066 1.248, 0.0791 0.0922 1.248, 0.0738 0.0937 1.248, 0.0765 0.0885 1.248, 0.071 0.0918 1.248, 0.0508 0.1134 1.248, 0.0477 0.1108 1.248, 0.0551 0.1052 1.248, 0.0794 0.1059 1.248, 0.0787 0.1014 1.248, 0.0773 0.0978 1.248, 0.0751 0.0949 1.248, 0.0491 0.1365 1.248, 0.0491 0.1268 1.248, 0.0511 0.1377 1.248, 0.0549 0.1306 1.248, 0.0586 0.1406 1.248, 0.0612 0.1329 1.248, 0.0687 0.1418 1.248, 0.0678 0.1337 1.248, 0.075 0.1413 1.248, 0.0712 0.1333 1.248, 0.0792 0.14 1.248, 0.0735 0.1325 1.248, 0.0825 0.138 1.248, 0.0753 0.1314 1.248, 0.0851 0.1354 1.248, 0.0768 0.1298 1.248, 0.0872 0.1322 1.248, 0.078 0.1277 1.248, 0.0887 0.1275 1.248, 0.079 0.1241 1.248, 0.0794 0.1197 1.248, 0.0542 0.1034 1.248, 0.0456 0.1079 1.248, 0.0537 0.1011 1.248, 0.0624 0.1173 1.248, 0.0575 0.1077 1.248, 0.0598 0.1088 1.248, 0.0557 0.0937 1.248, 0.0484 0.0865 1.248, 0.0565 0.0928 1.248, 0.0518 0.0841 1.248, 0.0585 0.0914 1.248, 0.0556 0.0827 1.248, 0.0608 0.0906 1.248, 0.0616 0.082 1.248, 0.0642 0.0902 1.248, 0.0673 0.0827 1.248, 0.068 0.0906 1.248, 0.0713 0.0843 1.248, 0.0732 0.0855 1.248, 0.0563 0.1067 1.248, 0.0552 0.1156 1.248, 0.0442 0.1044 1.248, 0.0435 0.1002 1.248, 0.0536 0.0995 1.248, 0.0435 0.0987 1.248, 0.0539 0.0972 1.248, 0.044 0.0941 1.248, 0.0546 0.0954 1.248, 0.0452 0.0907 1.248, 0.0473 0.0876 1.248, 0.0687 0.1418 1.2441, 0.0586 0.1406 1.2441, 0.0511 0.1377 1.2441, 0.0491 0.1365 1.2441, 0.0491 0.1268 1.2441, 0.0549 0.1306 1.2441, 0.0612 0.1329 1.2441, 0.0678 0.1337 1.2441, 0.0712 0.1333 1.2441, 0.0735 0.1325 1.2441, 0.0753 0.1314 1.2441, 0.0768 0.1298 1.2441, 0.078 0.1277 1.2441, 0.079 0.1241 1.2441, 0.0794 0.1197 1.2441, 0.0624 0.1173 1.2441, 0.0552 0.1156 1.2441, 0.0508 0.1134 1.2441, 0.0477 0.1108 1.2441, 0.0456 0.1079 1.2441, 0.0442 0.1044 1.2441, 0.0435 0.1002 1.2441, 0.0435 0.0987 1.2441, 0.044 0.0941 1.2441, 0.0452 0.0907 1.2441, 0.0473 0.0876 1.2441, 0.0484 0.0865 1.2441, 0.0616 0.082 1.2441, 0.0558 0.0827 1.2441, 0.0556 0.0827 1.2441, 0.0518 0.0841 1.2441, 0.0671 0.0827 1.2441, 0.0673 0.0827 1.2441, 0.0713 0.0843 1.2441, 0.0732 0.0855 1.2441, 0.0765 0.0885 1.2441, 0.0791 0.0922 1.2441, 0.0794 0.0922 1.2441, 0.0794 0.0833 1.2441, 0.0894 0.0833 1.2441, 0.0894 0.1201 1.2441, 0.0887 0.1275 1.2441, 0.0872 0.1322 1.2441, 0.0851 0.1354 1.2441, 0.0825 0.138 1.2441, 0.0792 0.14 1.2441, 0.075 0.1413 1.2441, 0.0563 0.1067 1.2441, 0.0575 0.1077 1.2441, 0.0598 0.1088 1.2441, 0.066 0.1102 1.2441, 0.0536 0.0995 1.2441, 0.0537 0.1011 1.2441, 0.0542 0.1034 1.2441, 0.0551 0.1052 1.2441, 0.0565 0.0928 1.2441, 0.0557 0.0937 1.2441, 0.0546 0.0954 1.2441, 0.0539 0.0972 1.2441, 0.0642 0.0902 1.2441, 0.0608 0.0906 1.2441, 0.0585 0.0914 1.2441, 0.0751 0.0949 1.2441, 0.0738 0.0937 1.2441, 0.071 0.0918 1.2441, 0.068 0.0906 1.2441, 0.0794 0.1066 1.2441, 0.0794 0.1059 1.2441, 0.0787 0.1014 1.2441, 0.0773 0.0978 1.2441, 0.0794 0.112 1.2441
            ]
        }
        coordIndex [
            0,1,2,-1,2,1,3,-1,4,5,6,-1,6,5,0,-1,6,0,2,-1,7,5,8,-1,8,5,4,-1,9,7,10,-1,10,7,8,-1,11,9,12,-1,12,9,10,-1,13,11,14,-1,14,11,12,-1,15,16,17,-1,17,16,13,-1,17,13,14,-1,18,16,19,-1,19,16,15,-1,20,18,21,-1,21,18,19,-1,22,20,23,-1,23,20,21,-1,24,25,26,-1,26,25,22,-1,26,22,23,-1,3,1,27,-1,27,1,25,-1,27,25,24,-1,25,1,0,-1,0,5,25,-1,25,5,7,-1,25,7,22,-1,18,20,16,-1,16,20,22,-1,16,22,13,-1,13,22,7,-1,13,7,11,-1,11,7,9,-1,28,29,30,-1,30,29,31,-1,32,33,31,-1,31,33,34,-1,35,36,37,-1,37,36,38,-1,39,40,41,-1,34,42,31,-1,31,42,43,-1,31,43,30,-1,30,43,44,-1,30,44,35,-1,35,44,45,-1,35,45,36,-1,46,47,48,-1,48,47,49,-1,48,49,50,-1,50,49,51,-1,50,51,52,-1,52,51,53,-1,52,53,54,-1,54,53,55,-1,54,55,56,-1,56,55,57,-1,56,57,58,-1,58,57,59,-1,58,59,60,-1,60,59,61,-1,60,61,62,-1,62,61,63,-1,62,63,64,-1,64,63,65,-1,64,65,31,-1,31,65,66,-1,31,66,32,-1,41,40,67,-1,67,40,68,-1,67,68,69,-1,70,71,66,-1,66,71,72,-1,66,72,32,-1,73,74,75,-1,75,74,76,-1,75,76,77,-1,77,76,78,-1,77,78,79,-1,79,78,80,-1,79,80,81,-1,81,80,82,-1,81,82,83,-1,83,82,84,-1,83,84,38,-1,38,84,85,-1,38,85,37,-1,41,86,39,-1,39,86,71,-1,39,71,87,-1,87,71,70,-1,68,88,69,-1,69,88,89,-1,69,89,90,-1,90,89,91,-1,90,91,92,-1,92,91,93,-1,92,93,94,-1,94,93,95,-1,94,95,73,-1,73,95,96,-1,73,96,74,-1,52,97,98,-1,52,98,50,-1,50,98,99,-1,50,99,48,-1,48,99,100,-1,48,100,46,-1,47,46,101,-1,101,46,100,-1,47,101,102,-1,47,102,49,-1,49,102,103,-1,49,103,51,-1,51,103,104,-1,51,104,53,-1,53,104,105,-1,53,105,55,-1,55,105,106,-1,55,106,57,-1,57,106,107,-1,57,107,59,-1,59,107,108,-1,59,108,61,-1,61,108,109,-1,61,109,63,-1,63,109,110,-1,63,110,65,-1,65,110,111,-1,65,111,66,-1,70,66,112,-1,112,66,111,-1,70,112,113,-1,70,113,87,-1,87,113,114,-1,87,114,39,-1,39,114,115,-1,39,115,40,-1,40,115,116,-1,40,116,68,-1,68,116,117,-1,68,117,88,-1,88,117,118,-1,88,118,89,-1,89,118,119,-1,89,119,91,-1,91,119,120,-1,91,120,93,-1,93,120,121,-1,93,121,95,-1,95,121,122,-1,95,122,96,-1,96,122,123,-1,96,123,74,-1,124,80,125,-1,125,80,78,-1,125,78,126,-1,126,78,76,-1,126,76,127,-1,127,76,74,-1,127,74,123,-1,124,128,80,-1,80,128,82,-1,128,129,82,-1,82,129,130,-1,82,130,84,-1,84,130,131,-1,84,131,85,-1,85,131,132,-1,85,132,37,-1,37,132,133,-1,37,133,35,-1,30,35,134,-1,134,35,133,-1,28,30,135,-1,135,30,134,-1,29,28,136,-1,136,28,135,-1,31,29,137,-1,137,29,136,-1,31,137,138,-1,31,138,64,-1,64,138,139,-1,64,139,62,-1,62,139,140,-1,62,140,60,-1,60,140,141,-1,60,141,58,-1,58,141,142,-1,58,142,56,-1,56,142,143,-1,56,143,54,-1,54,143,97,-1,54,97,52,-1,86,144,145,-1,86,145,71,-1,71,145,146,-1,71,146,72,-1,72,146,147,-1,72,147,32,-1,90,148,149,-1,90,149,69,-1,69,149,150,-1,69,150,67,-1,67,150,151,-1,67,151,41,-1,41,151,144,-1,41,144,86,-1,75,152,153,-1,75,153,73,-1,73,153,154,-1,73,154,94,-1,94,154,155,-1,94,155,92,-1,92,155,148,-1,92,148,90,-1,81,156,157,-1,81,157,79,-1,79,157,158,-1,79,158,77,-1,77,158,152,-1,77,152,75,-1,45,159,160,-1,45,160,36,-1,36,160,161,-1,36,161,38,-1,38,161,162,-1,38,162,83,-1,83,162,156,-1,83,156,81,-1,34,163,164,-1,34,164,42,-1,42,164,165,-1,42,165,43,-1,43,165,166,-1,43,166,44,-1,44,166,159,-1,44,159,45,-1,34,33,163,-1,163,33,167,-1,33,32,167,-1,167,32,147,-1,
        ]
    }
}
Shape{
    appearance Appearance {
        material  Material 	{
            diffuseColor 0.7529411764705882 0.7529411764705882 0.7529411764705882
            specularColor 0.3764705882352941 0.3764705882352941 0.3764705882352941
            ambientIntensity 0.7529
            transparency 0.0
            shininess 0.5
        }
    }
    geometry IndexedFaceSet {
        ccw TRUE
        solid FALSE
        coord DEF co Coordinate {
            point [
                0.0794 0.1059 1.2441, 0.0794 0.1066 1.2441, 0.0563 0.1067 1.2441, 0.0794 0.112 1.2441, 0.066 0.1102 1.2441, 0.0598 0.1088 1.2441, 0.0575 0.1077 1.2441, 0.0787 0.1014 1.2441, 0.0551 0.1052 1.2441, 0.0773 0.0978 1.2441, 0.0557 0.0937 1.2441, 0.0565 0.0928 1.2441, 0.0738 0.0937 1.2441, 0.0546 0.0954 1.2441, 0.071 0.0918 1.2441, 0.068 0.0906 1.2441, 0.0642 0.0902 1.2441, 0.0542 0.1034 1.2441, 0.0537 0.1011 1.2441, 0.0751 0.0949 1.2441, 0.0536 0.0995 1.2441, 0.0539 0.0972 1.2441, 0.0585 0.0914 1.2441, 0.0608 0.0906 1.2441
            ]
        }
        coordIndex [
            0,1,2,-1,1,3,4,-1,4,5,1,-1,1,5,6,-1,1,6,2,-1,0,2,7,-1,7,2,8,-1,7,8,9,-1,10,11,12,-1,10,12,13,-1,14,12,15,-1,15,12,16,-1,8,17,9,-1,9,17,18,-1,9,18,19,-1,19,18,20,-1,19,20,12,-1,12,20,21,-1,12,21,13,-1,11,22,12,-1,12,22,23,-1,12,23,16,-1,
        ]
    }
}
Shape{
    appearance Appearance {
        material  Material 	{
            diffuseColor 0.0 0.0 0.0
            specularColor 0.0 0.0 0.0
            ambientIntensity 0.0
            transparency 0.0
            shininess 0.5
        }
    }
    geometry IndexedFaceSet {
        ccw TRUE
        solid FALSE
        coord DEF co Coordinate {
            point [
                0.1195 0.0902 1.248, 0.1195 0.0902 1.2441, 0.1133 0.0909 1.2441, 0.1133 0.0909 1.248, 0.107 0.0932 1.2441, 0.107 0.0932 1.248, 0.103 0.0957 1.2441, 0.103 0.0957 1.248, 0.103 0.0854 1.248, 0.103 0.0854 1.2441, 0.1185 0.082 1.2441, 0.1185 0.082 1.248, 0.1128 0.0827 1.2441, 0.1091 0.0831 1.248, 0.1091 0.0831 1.2441, 0.1275 0.0831 1.248, 0.1243 0.0827 1.2441, 0.1275 0.0831 1.2441, 0.1328 0.0851 1.2441, 0.1328 0.0851 1.248, 0.1352 0.0865 1.2441, 0.1352 0.0865 1.248, 0.1381 0.0891 1.2441, 0.1381 0.0891 1.248, 0.1399 0.0917 1.2441, 0.1399 0.0917 1.248, 0.1412 0.0949 1.2441, 0.1412 0.0949 1.248, 0.1416 0.0989 1.2441, 0.1416 0.0989 1.248, 0.1412 0.1026 1.2441, 0.1412 0.1026 1.248, 0.1401 0.1056 1.2441, 0.1401 0.1056 1.248, 0.1383 0.1084 1.2441, 0.1383 0.1084 1.248, 0.1359 0.1105 1.2441, 0.1359 0.1105 1.248, 0.1292 0.1142 1.2441, 0.1292 0.1142 1.248, 0.1253 0.1158 1.2441, 0.1253 0.1158 1.248, 0.1191 0.1185 1.2441, 0.1191 0.1185 1.248, 0.1156 0.1207 1.2441, 0.1156 0.1207 1.248, 0.1146 0.1218 1.2441, 0.1146 0.1218 1.248, 0.1139 0.1231 1.2441, 0.1139 0.1231 1.248, 0.1135 0.1247 1.2441, 0.1135 0.1247 1.248, 0.1134 0.126 1.2441, 0.1134 0.126 1.248, 0.1136 0.1276 1.2441, 0.1136 0.1276 1.248, 0.1141 0.129 1.2441, 0.1141 0.129 1.248, 0.1149 0.1302 1.2441, 0.1149 0.1302 1.248, 0.1165 0.1316 1.2441, 0.1165 0.1316 1.248, 0.1187 0.1328 1.2441, 0.1187 0.1328 1.248, 0.1214 0.1335 1.2441, 0.1214 0.1335 1.248, 0.1244 0.1337 1.2441, 0.1244 0.1337 1.248, 0.1308 0.133 1.2441, 0.1308 0.133 1.248, 0.1365 0.131 1.2441, 0.1365 0.131 1.248, 0.1389 0.1296 1.2441, 0.1389 0.1296 1.248, 0.1389 0.1393 1.248, 0.1389 0.1393 1.2441, 0.1324 0.1412 1.2441, 0.1324 0.1412 1.248, 0.1253 0.1418 1.2441, 0.1253 0.1418 1.248, 0.1183 0.1411 1.2441, 0.1183 0.1411 1.248, 0.1128 0.1392 1.2441, 0.1128 0.1392 1.248, 0.1095 0.1373 1.2441, 0.1095 0.1373 1.248, 0.1065 0.1346 1.2441, 0.1065 0.1346 1.248, 0.1047 0.1319 1.2441, 0.1047 0.1319 1.248, 0.1035 0.1287 1.2441, 0.1035 0.1287 1.248, 0.1031 0.1251 1.2441, 0.1031 0.1251 1.248, 0.1035 0.1212 1.2441, 0.1035 0.1212 1.248, 0.1046 0.1181 1.2441, 0.1046 0.1181 1.248, 0.1059 0.1161 1.2441, 0.1059 0.1161 1.248, 0.1076 0.1143 1.2441, 0.1076 0.1143 1.248, 0.1123 0.1112 1.2441, 0.1123 0.1112 1.248, 0.1183 0.1085 1.2441, 0.1183 0.1085 1.248, 0.1248 0.1057 1.2441, 0.1248 0.1057 1.248, 0.1288 0.1034 1.2441, 0.1288 0.1034 1.248, 0.13 0.1021 1.2441, 0.13 0.1021 1.248, 0.1308 0.1007 1.2441, 0.1308 0.1007 1.248, 0.1312 0.0992 1.2441, 0.1312 0.0992 1.248, 0.1313 0.0979 1.2441, 0.1313 0.0979 1.248, 0.1311 0.096 1.2441, 0.1311 0.096 1.248, 0.1306 0.0946 1.2441, 0.1306 0.0946 1.248, 0.1297 0.0933 1.2441, 0.1297 0.0933 1.248, 0.1286 0.0923 1.2441, 0.1286 0.0923 1.248, 0.1277 0.0917 1.2441, 0.1277 0.0917 1.248, 0.1251 0.0908 1.2441, 0.1251 0.0908 1.248, 0.12 0.0902 1.2441, 0.12 0.0902 1.248, 0.1913 0.1405 1.248, 0.2017 0.1405 1.248, 0.1913 0.1405 1.2441, 0.2017 0.1405 1.2441, 0.1757 0.0975 1.248, 0.1757 0.0975 1.2441, 0.175 0.0948 1.2441, 0.175 0.0948 1.248, 0.1745 0.0928 1.2441, 0.1745 0.0928 1.248, 0.1742 0.0928 1.248, 0.1742 0.0928 1.2441, 0.173 0.0976 1.248, 0.173 0.0976 1.2441, 0.1581 0.1405 1.2441, 0.1581 0.1405 1.248, 0.1629 0.1266 1.2441, 0.1469 0.1405 1.248, 0.1469 0.1405 1.2441, 0.1693 0.0835 1.2441, 0.1693 0.0835 1.248, 0.1629 0.0997 1.2441, 0.1649 0.0731 1.2441, 0.1649 0.0731 1.248, 0.1689 0.0827 1.2441, 0.1629 0.0695 1.2441, 0.1629 0.0694 1.248, 0.1629 0.0694 1.2441, 0.161 0.0674 1.2441, 0.161 0.0674 1.248, 0.1593 0.0662 1.2441, 0.1593 0.0662 1.248, 0.1571 0.0653 1.2441, 0.1571 0.0653 1.248, 0.1546 0.065 1.2441, 0.1546 0.065 1.248, 0.151 0.0655 1.2441, 0.151 0.0655 1.248, 0.1489 0.0662 1.2441, 0.1489 0.0662 1.248, 0.1489 0.0572 1.248, 0.1489 0.0572 1.2441, 0.1532 0.0565 1.2441, 0.1532 0.0565 1.248, 0.1554 0.0564 1.2441, 0.1554 0.0564 1.248, 0.1594 0.0569 1.2441, 0.1594 0.0569 1.248, 0.1629 0.0582 1.2441, 0.1634 0.0584 1.248, 0.1634 0.0584 1.2441, 0.1669 0.0608 1.2441, 0.1669 0.0608 1.248, 0.1676 0.0615 1.2441, 0.1676 0.0615 1.248, 0.1713 0.0659 1.2441, 0.1713 0.0659 1.248, 0.1758 0.0747 1.2441, 0.1758 0.0747 1.248, 0.1789 0.0827 1.2441, 0.2556 0.0925 1.248, 0.2556 0.0833 1.248, 0.2556 0.0925 1.2441, 0.2556 0.0833 1.2441, 0.2229 0.0925 1.2441, 0.2229 0.0925 1.248, 0.2379 0.0925 1.2441, 0.2229 0.1194 1.248, 0.2229 0.1194 1.2441, 0.2515 0.1194 1.2441, 0.2515 0.1194 1.248, 0.2379 0.1194 1.2441, 0.2515 0.1286 1.248, 0.2515 0.1286 1.2441, 0.2229 0.1286 1.2441, 0.2229 0.1286 1.248, 0.2379 0.1286 1.2441, 0.2229 0.1542 1.2441, 0.2229 0.1542 1.248, 0.2229 0.1526 1.2441, 0.2538 0.1542 1.2441, 0.2538 0.1542 1.248, 0.2379 0.1542 1.2441, 0.2538 0.1634 1.248, 0.2538 0.1634 1.2441, 0.2126 0.1634 1.2441, 0.2126 0.1634 1.248, 0.2379 0.1634 1.2441, 0.2126 0.0833 1.2441, 0.2126 0.0833 1.248, 0.2126 0.1526 1.2441, 0.2379 0.0833 1.2441, 0.3239 0.0946 1.248, 0.3156 0.0999 1.248, 0.3155 0.0886 1.248, 0.3104 0.0964 1.248, 0.3063 0.085 1.248, 0.3038 0.0938 1.248, 0.2928 0.0833 1.248, 0.2927 0.0925 1.248, 0.2707 0.0833 1.248, 0.2811 0.0925 1.248, 0.2707 0.1634 1.248, 0.2811 0.1542 1.248, 0.2936 0.1634 1.248, 0.2932 0.1542 1.248, 0.294 0.1542 1.248, 0.3058 0.1621 1.248, 0.3042 0.1529 1.248, 0.3155 0.1585 1.248, 0.311 0.1502 1.248, 0.3239 0.1528 1.248, 0.3163 0.1467 1.248, 0.3267 0.15 1.248, 0.3185 0.1445 1.248, 0.3316 0.1431 1.248, 0.3216 0.14 1.248, 0.3346 0.1354 1.248, 0.3239 0.1341 1.248, 0.3359 0.1244 1.248, 0.3251 0.1241 1.248, 0.3357 0.1193 1.248, 0.3248 0.1186 1.248, 0.3338 0.1099 1.248, 0.3231 0.1114 1.248, 0.3298 0.1016 1.248, 0.3203 0.1055 1.248, 0.3165 0.1008 1.248, 0.2928 0.0833 1.2441, 0.2707 0.0833 1.2441, 0.3063 0.085 1.2441, 0.3155 0.0886 1.2441, 0.3239 0.0946 1.2441, 0.324 0.0948 1.2441, 0.3298 0.1016 1.2441, 0.3338 0.1099 1.2441, 0.3357 0.1193 1.2441, 0.3359 0.1244 1.2441, 0.3239 0.1528 1.2441, 0.324 0.1526 1.2441, 0.3267 0.15 1.2441, 0.3316 0.1431 1.2441, 0.3346 0.1354 1.2441, 0.3155 0.1585 1.2441, 0.3058 0.1621 1.2441, 0.2936 0.1634 1.2441, 0.2707 0.1634 1.2441, 0.2707 0.1526 1.2441, 0.2932 0.1542 1.2441, 0.2811 0.1542 1.2441, 0.2811 0.0925 1.2441, 0.2927 0.0925 1.2441, 0.3165 0.1008 1.2441, 0.3156 0.0999 1.2441, 0.3104 0.0964 1.2441, 0.3038 0.0938 1.2441, 0.3251 0.1241 1.2441, 0.3248 0.1186 1.2441, 0.3231 0.1114 1.2441, 0.3203 0.1055 1.2441, 0.3163 0.1467 1.2441, 0.3185 0.1445 1.2441, 0.3216 0.14 1.2441, 0.3239 0.1341 1.2441, 0.294 0.1542 1.2441, 0.3042 0.1529 1.2441, 0.311 0.1502 1.2441
            ]
        }
        coordIndex [
            0,1,2,-1,0,2,3,-1,3,2,4,-1,3,4,5,-1,5,4,6,-1,5,6,7,-1,8,7,9,-1,9,7,6,-1,10,11,12,-1,12,11,13,-1,12,13,14,-1,14,13,8,-1,14,8,9,-1,11,10,15,-1,15,10,16,-1,16,17,15,-1,15,17,18,-1,15,18,19,-1,19,18,20,-1,19,20,21,-1,21,20,22,-1,21,22,23,-1,23,22,24,-1,23,24,25,-1,25,24,26,-1,25,26,27,-1,27,26,28,-1,27,28,29,-1,29,28,30,-1,29,30,31,-1,31,30,32,-1,31,32,33,-1,33,32,34,-1,33,34,35,-1,35,34,36,-1,35,36,37,-1,37,36,38,-1,37,38,39,-1,39,38,40,-1,39,40,41,-1,41,40,42,-1,41,42,43,-1,43,42,44,-1,43,44,45,-1,45,44,46,-1,45,46,47,-1,47,46,48,-1,47,48,49,-1,49,48,50,-1,49,50,51,-1,51,50,52,-1,51,52,53,-1,53,52,54,-1,53,54,55,-1,55,54,56,-1,55,56,57,-1,57,56,58,-1,57,58,59,-1,59,58,60,-1,59,60,61,-1,61,60,62,-1,61,62,63,-1,63,62,64,-1,63,64,65,-1,65,64,66,-1,65,66,67,-1,67,66,68,-1,67,68,69,-1,69,68,70,-1,69,70,71,-1,71,70,72,-1,71,72,73,-1,74,73,75,-1,75,73,72,-1,74,75,76,-1,74,76,77,-1,77,76,78,-1,77,78,79,-1,79,78,80,-1,79,80,81,-1,81,80,82,-1,81,82,83,-1,83,82,84,-1,83,84,85,-1,85,84,86,-1,85,86,87,-1,87,86,88,-1,87,88,89,-1,89,88,90,-1,89,90,91,-1,91,90,92,-1,91,92,93,-1,93,92,94,-1,93,94,95,-1,95,94,96,-1,95,96,97,-1,97,96,98,-1,97,98,99,-1,99,98,100,-1,99,100,101,-1,101,100,102,-1,101,102,103,-1,103,102,104,-1,103,104,105,-1,105,104,106,-1,105,106,107,-1,107,106,108,-1,107,108,109,-1,109,108,110,-1,109,110,111,-1,111,110,112,-1,111,112,113,-1,113,112,114,-1,113,114,115,-1,115,114,116,-1,115,116,117,-1,117,116,118,-1,117,118,119,-1,119,118,120,-1,119,120,121,-1,121,120,122,-1,121,122,123,-1,123,122,124,-1,123,124,125,-1,125,124,126,-1,125,126,127,-1,127,126,128,-1,127,128,129,-1,129,128,130,-1,129,130,131,-1,131,130,1,-1,131,1,0,-1,59,61,83,-1,83,61,81,-1,107,41,105,-1,105,41,43,-1,19,21,123,-1,123,21,23,-1,123,23,121,-1,121,23,25,-1,121,25,119,-1,119,25,27,-1,119,27,117,-1,117,27,29,-1,117,29,115,-1,115,29,31,-1,115,31,113,-1,113,31,33,-1,113,33,111,-1,111,33,35,-1,111,35,109,-1,109,35,37,-1,109,37,107,-1,107,37,39,-1,107,39,41,-1,11,0,13,-1,13,0,3,-1,13,3,8,-1,8,3,5,-1,8,5,7,-1,61,63,81,-1,81,63,65,-1,81,65,79,-1,79,65,67,-1,79,67,77,-1,77,67,69,-1,77,69,74,-1,74,69,71,-1,74,71,73,-1,123,125,19,-1,19,125,127,-1,19,127,15,-1,15,127,129,-1,15,129,11,-1,11,129,131,-1,11,131,0,-1,83,85,59,-1,59,85,87,-1,59,87,57,-1,57,87,89,-1,57,89,55,-1,55,89,91,-1,55,91,53,-1,53,91,93,-1,53,93,51,-1,51,93,95,-1,51,95,49,-1,49,95,97,-1,49,97,47,-1,47,97,99,-1,47,99,45,-1,45,99,101,-1,45,101,43,-1,43,101,103,-1,43,103,105,-1,132,133,134,-1,134,133,135,-1,136,132,137,-1,137,132,134,-1,136,137,138,-1,136,138,139,-1,139,138,140,-1,139,140,141,-1,142,141,143,-1,143,141,140,-1,144,142,145,-1,145,142,143,-1,146,147,148,-1,148,147,144,-1,148,144,145,-1,149,147,150,-1,150,147,146,-1,151,152,153,-1,153,152,149,-1,153,149,150,-1,154,155,156,-1,156,155,152,-1,156,152,151,-1,154,157,155,-1,155,157,158,-1,157,159,158,-1,158,159,160,-1,158,160,161,-1,161,160,162,-1,161,162,163,-1,163,162,164,-1,163,164,165,-1,165,164,166,-1,165,166,167,-1,167,166,168,-1,167,168,169,-1,169,168,170,-1,169,170,171,-1,172,171,173,-1,173,171,170,-1,172,173,174,-1,172,174,175,-1,175,174,176,-1,175,176,177,-1,177,176,178,-1,177,178,179,-1,179,178,180,-1,179,180,181,-1,180,182,181,-1,181,182,183,-1,181,183,184,-1,184,183,185,-1,184,185,186,-1,186,185,187,-1,186,187,188,-1,188,187,189,-1,188,189,190,-1,135,133,191,-1,191,133,190,-1,191,190,189,-1,139,141,190,-1,133,132,190,-1,190,132,136,-1,190,136,139,-1,147,149,144,-1,144,149,152,-1,144,152,142,-1,171,172,169,-1,169,172,175,-1,169,175,167,-1,167,175,177,-1,167,177,165,-1,165,177,179,-1,165,179,163,-1,163,179,181,-1,163,181,161,-1,141,142,190,-1,190,142,152,-1,190,152,188,-1,152,155,188,-1,188,155,158,-1,188,158,186,-1,186,158,161,-1,186,161,184,-1,184,161,181,-1,192,193,194,-1,194,193,195,-1,196,197,198,-1,198,197,192,-1,198,192,194,-1,199,197,200,-1,200,197,196,-1,201,202,203,-1,203,202,199,-1,203,199,200,-1,204,202,205,-1,205,202,201,-1,206,207,208,-1,208,207,204,-1,208,204,205,-1,209,210,211,-1,211,210,207,-1,211,207,206,-1,212,213,214,-1,214,213,210,-1,214,210,209,-1,215,213,216,-1,216,213,212,-1,217,218,219,-1,219,218,215,-1,219,215,216,-1,220,221,222,-1,222,221,218,-1,222,218,217,-1,195,193,223,-1,223,193,221,-1,223,221,220,-1,221,193,192,-1,192,197,221,-1,221,197,199,-1,221,199,218,-1,213,215,210,-1,210,215,218,-1,210,218,207,-1,207,218,199,-1,207,199,204,-1,204,199,202,-1,224,225,226,-1,226,225,227,-1,226,227,228,-1,228,227,229,-1,228,229,230,-1,230,229,231,-1,230,231,232,-1,232,231,233,-1,232,233,234,-1,234,233,235,-1,234,235,236,-1,235,237,236,-1,236,237,238,-1,236,238,239,-1,239,238,240,-1,239,240,241,-1,241,240,242,-1,241,242,243,-1,243,242,244,-1,243,244,245,-1,245,244,246,-1,245,246,247,-1,247,246,248,-1,247,248,249,-1,249,248,250,-1,249,250,251,-1,251,250,252,-1,251,252,253,-1,253,252,254,-1,253,254,255,-1,255,254,256,-1,255,256,257,-1,257,256,258,-1,257,258,224,-1,224,258,259,-1,224,259,225,-1,230,232,260,-1,260,232,261,-1,230,260,262,-1,230,262,228,-1,228,262,263,-1,228,263,226,-1,226,263,264,-1,226,264,224,-1,224,264,265,-1,224,265,257,-1,265,266,257,-1,257,266,267,-1,257,267,255,-1,255,267,268,-1,255,268,253,-1,253,268,269,-1,253,269,251,-1,270,243,271,-1,271,243,245,-1,271,245,272,-1,272,245,247,-1,272,247,273,-1,273,247,249,-1,273,249,274,-1,274,249,251,-1,274,251,269,-1,243,270,275,-1,243,275,241,-1,241,275,276,-1,241,276,239,-1,239,276,277,-1,239,277,236,-1,234,236,278,-1,278,236,277,-1,261,232,279,-1,279,232,234,-1,279,234,278,-1,237,235,280,-1,280,235,281,-1,235,233,281,-1,281,233,282,-1,233,231,282,-1,282,231,283,-1,259,284,285,-1,259,285,225,-1,225,285,286,-1,225,286,227,-1,227,286,287,-1,227,287,229,-1,229,287,283,-1,229,283,231,-1,252,288,289,-1,252,289,254,-1,254,289,290,-1,254,290,256,-1,256,290,291,-1,256,291,258,-1,258,291,284,-1,258,284,259,-1,244,292,293,-1,244,293,246,-1,246,293,294,-1,246,294,248,-1,248,294,295,-1,248,295,250,-1,250,295,288,-1,250,288,252,-1,237,280,296,-1,237,296,238,-1,238,296,297,-1,238,297,240,-1,240,297,298,-1,240,298,242,-1,242,298,292,-1,242,292,244,-1,
        ]
    }
}
Shape{
    appearance Appearance {
        material  Material 	{
            diffuseColor 0.7529411764705882 0.7529411764705882 0.7529411764705882
            specularColor 0.3764705882352941 0.3764705882352941 0.3764705882352941
            ambientIntensity 0.7529
            transparency 0.0
            shininess 0.5
        }
    }
    geometry IndexedFaceSet {
        ccw TRUE
        solid FALSE
        coord DEF co Coordinate {
            point [
                0.3104 0.0964 1.2441, 0.3156 0.0999 1.2441, 0.294 0.1542 1.2441, 0.2811 0.1542 1.2441, 0.2811 0.0925 1.2441, 0.2932 0.1542 1.2441, 0.2927 0.0925 1.2441, 0.3038 0.0938 1.2441, 0.3165 0.1008 1.2441, 0.3203 0.1055 1.2441, 0.3231 0.1114 1.2441, 0.3251 0.1241 1.2441, 0.3163 0.1467 1.2441, 0.311 0.1502 1.2441, 0.3239 0.1341 1.2441, 0.3216 0.14 1.2441, 0.3185 0.1445 1.2441, 0.3248 0.1186 1.2441, 0.3042 0.1529 1.2441
            ]
        }
        coordIndex [
            0,1,2,-1,3,4,5,-1,5,4,6,-1,5,6,2,-1,2,6,7,-1,2,7,0,-1,1,8,2,-1,2,8,9,-1,2,9,10,-1,11,12,13,-1,14,15,11,-1,11,15,16,-1,11,16,12,-1,10,17,2,-1,2,17,11,-1,2,11,18,-1,18,11,13,-1,
        ]
    }
}
Shape{
    appearance Appearance {
        material  Material 	{
            diffuseColor 0.0 0.0 0.0
            specularColor 0.0 0.0 0.0
            ambientIntensity 0.0
            transparency 0.0
            shininess 0.5
        }
    }
    geometry IndexedFaceSet {
        ccw TRUE
        solid FALSE
        coord DEF co Coordinate {
            point [
                0.3628 0.1143 1.248, 0.3595 0.1052 1.248, 0.3896 0.1143 1.248, 0.3928 0.1052 1.248, 0.3747 0.1476 1.248, 0.3709 0.1634 1.248, 0.3404 0.0833 1.248, 0.3518 0.0833 1.248, 0.3754 0.15 1.248, 0.376 0.1532 1.248, 0.3819 0.1634 1.248, 0.3763 0.1532 1.248, 0.3769 0.1498 1.248, 0.3775 0.1476 1.248, 0.4124 0.0833 1.248, 0.401 0.0833 1.248, 0.4124 0.0833 1.2441, 0.386 0.1526 1.2441, 0.3819 0.1634 1.2441, 0.3709 0.1634 1.2441, 0.3404 0.0833 1.2441, 0.3668 0.1526 1.2441, 0.3518 0.0833 1.2441, 0.3595 0.1052 1.2441, 0.3928 0.1052 1.2441, 0.401 0.0833 1.2441, 0.3628 0.1143 1.2441, 0.3896 0.1143 1.2441, 0.3775 0.1476 1.2441, 0.3763 0.1532 1.2441, 0.3769 0.1498 1.2441, 0.376 0.1532 1.2441, 0.3747 0.1476 1.2441, 0.3754 0.15 1.2441
            ]
        }
        coordIndex [
            0,1,2,-1,2,1,3,-1,4,5,0,-1,0,5,6,-1,0,6,1,-1,1,6,7,-1,4,8,5,-1,5,8,9,-1,5,9,10,-1,10,9,11,-1,10,11,12,-1,12,13,10,-1,10,13,2,-1,10,2,14,-1,14,2,3,-1,14,3,15,-1,14,16,10,-1,10,16,17,-1,10,17,18,-1,5,10,19,-1,19,10,18,-1,20,6,21,-1,21,6,5,-1,21,5,19,-1,7,6,22,-1,22,6,20,-1,1,7,23,-1,23,7,22,-1,3,1,24,-1,24,1,23,-1,15,3,25,-1,25,3,24,-1,14,15,16,-1,16,15,25,-1,0,2,26,-1,26,2,27,-1,2,13,27,-1,27,13,28,-1,11,29,30,-1,11,30,12,-1,12,30,28,-1,12,28,13,-1,11,9,29,-1,29,9,31,-1,4,32,33,-1,4,33,8,-1,8,33,31,-1,8,31,9,-1,4,0,32,-1,32,0,26,-1,
        ]
    }
}
Shape{
    appearance Appearance {
        material  Material 	{
            diffuseColor 0.7529411764705882 0.7529411764705882 0.7529411764705882
            specularColor 0.3764705882352941 0.3764705882352941 0.3764705882352941
            ambientIntensity 0.7529
            transparency 0.0
            shininess 0.5
        }
    }
    geometry IndexedFaceSet {
        ccw TRUE
        solid FALSE
        coord DEF co Coordinate {
            point [
                0.3763 0.1532 1.2441, 0.376 0.1532 1.2441, 0.3769 0.1498 1.2441, 0.3754 0.15 1.2441, 0.3775 0.1476 1.2441, 0.3747 0.1476 1.2441, 0.3896 0.1143 1.2441, 0.3628 0.1143 1.2441
            ]
        }
        coordIndex [
            0,1,2,-1,2,1,3,-1,2,3,4,-1,4,3,5,-1,4,5,6,-1,6,5,7,-1,
        ]
    }
}
Shape{
    appearance Appearance {
        material  Material 	{
            diffuseColor 0.0 0.0 0.0
            specularColor 0.0 0.0 0.0
            ambientIntensity 0.0
            transparency 0.0
            shininess 0.5
        }
    }
    geometry IndexedFaceSet {
        ccw TRUE
        solid FALSE
        coord DEF co Coordinate {
            point [
                -0.3628 0.072 1.248, -0.3543 0.0615 1.248, -0.368 0.1224 1.248, -0.3778 0.2213 1.248, -0.3651 0.228 1.248, -0.3682 0.263 1.248, -0.3327 0.2647 1.248, -0.315 0.2231 1.248, -0.3063 0.2411 1.248, -0.2575 0.1024 1.248, -0.2575 0.1081 1.248, -0.3058 0.122 1.248, -0.3112 0.1237 1.248, -0.3804 0.13 1.248, -0.3757 0.0864 1.248, -0.3685 0.0842 1.248, -0.3457 0.2658 1.248, -0.2973 0.1152 1.248, -0.2946 0.1106 1.248, -0.2578 0.0965 1.248, -0.1778 0.1502 1.248, -0.1955 0.1804 1.248, -0.2717 0.1406 1.248, -0.315 0.1241 1.248, -0.3204 0.1234 1.248, -0.328 0.1583 1.248, -0.3254 0.1215 1.248, -0.3406 0.1534 1.248, -0.3299 0.1183 1.248, -0.3522 0.1454 1.248, -0.3326 0.1154 1.248, -0.3617 0.1346 1.248, -0.3354 0.1106 1.248, -0.337 0.1052 1.248, -0.3371 0.0997 1.248, -0.2938 0.1561 1.248, -0.3075 0.1595 1.248, -0.3144 0.1599 1.248, -0.3011 0.1191 1.248, -0.159 0.2066 1.248, -0.1545 0.2066 1.248, -0.1311 0.2373 1.248, -0.1436 0.2053 1.248, -0.1283 0.2364 1.248, -0.1337 0.2014 1.248, -0.1114 0.228 1.248, -0.0959 0.2149 1.248, -0.321 0.2783 1.248, -0.2935 0.2564 1.248, -0.3076 0.2897 1.248, -0.2783 0.2675 1.248, -0.2914 0.2995 1.248, -0.3511 0.2313 1.248, -0.3452 0.2317 1.248, -0.3392 0.2655 1.248, -0.3318 0.23 1.248, -0.3191 0.2253 1.248, -0.3359 0.0944 1.248, -0.3336 0.0897 1.248, -0.2817 0.1496 1.248, -0.0958 0.1087 1.248, -0.1224 0.1313 1.248, -0.1113 0.0956 1.248, -0.1308 0.1244 1.248, -0.1287 0.0871 1.248, -0.1408 0.1198 1.248, -0.1476 0.0831 1.248, -0.1511 0.1178 1.248, -0.1812 0.0831 1.248, -0.1767 0.1178 1.248, -0.1844 0.0836 1.248, -0.1249 0.1953 1.248, -0.1183 0.1879 1.248, -0.0843 0.1987 1.248, -0.113 0.1781 1.248, -0.0774 0.1813 1.248, -0.1103 0.1672 1.248, -0.0748 0.1628 1.248, -0.1101 0.1622 1.248, -0.0774 0.1424 1.248, -0.1114 0.1511 1.248, -0.0845 0.1244 1.248, -0.1154 0.141 1.248, -0.1216 0.1321 1.248, -0.1619 0.2823 1.248, -0.1841 0.2561 1.248, -0.1422 0.2592 1.248, -0.1713 0.2408 1.248, -0.1625 0.2225 1.248, -0.4004 0.1885 1.248, -0.4378 0.1791 1.248, -0.4021 0.1747 1.248, -0.438 0.1736 1.248, -0.4014 0.166 1.248, -0.4352 0.1513 1.248, -0.3973 0.152 1.248, -0.4271 0.1301 1.248, -0.3906 0.1405 1.248, -0.4141 0.1115 1.248, -0.3963 0.0964 1.248, -0.265 0.309 1.248, -0.2597 0.2751 1.248, -0.2393 0.3119 1.248, -0.2387 0.2778 1.248, -0.2123 0.3087 1.248, -0.2194 0.2754 1.248, -0.1841 0.2977 1.248, -0.2016 0.2686 1.248, -0.1856 0.2575 1.248, -0.3893 0.2549 1.248, -0.4074 0.2421 1.248, -0.3876 0.2125 1.248, -0.4112 0.2385 1.248, -0.3955 0.2012 1.248, -0.4249 0.221 1.248, -0.434 0.2005 1.248, -0.2931 0.1054 1.248, -0.2929 0.0999 1.248, -0.2611 0.0825 1.248, -0.2941 0.0944 1.248, -0.2679 0.0698 1.248, -0.2966 0.0894 1.248, -0.2766 0.06 1.248, -0.3002 0.0853 1.248, -0.288 0.0521 1.248, -0.3046 0.0822 1.248, -0.3007 0.0472 1.248, -0.3096 0.0803 1.248, -0.3144 0.0455 1.248, -0.315 0.0797 1.248, -0.3166 0.0455 1.248, -0.316 0.0797 1.248, -0.3301 0.0476 1.248, -0.3211 0.0805 1.248, -0.3432 0.0532 1.248, -0.3262 0.0827 1.248, -0.3306 0.0861 1.248, -0.1795 0.1183 1.248, -0.1932 0.089 1.248, -0.1919 0.0877 1.248, -0.1778 0.1179 1.248, -0.1882 0.0851 1.248, -0.1977 0.1007 1.248, -0.1972 0.0965 1.248, -0.1957 0.0926 1.248, -0.1845 0.1178 1.248, -0.1884 0.1163 1.248, -0.1976 0.103 1.248, -0.1919 0.1138 1.248, -0.1943 0.1112 1.248, -0.1964 0.1073 1.248, -0.1801 0.1184 1.248, -0.0748 0.1628 1.2441, -0.0774 0.1813 1.2441, -0.0793 0.1862 1.2441, -0.0843 0.1987 1.2441, -0.0959 0.2149 1.2441, -0.1114 0.228 1.2441, -0.1283 0.2364 1.2441, -0.1311 0.2373 1.2441, -0.1422 0.2592 1.2441, -0.1619 0.2823 1.2441, -0.1745 0.2911 1.2441, -0.1841 0.2977 1.2441, -0.2123 0.3087 1.2441, -0.2393 0.3119 1.2441, -0.265 0.309 1.2441, -0.2914 0.2995 1.2441, -0.3053 0.2911 1.2441, -0.3076 0.2897 1.2441, -0.321 0.2783 1.2441, -0.3327 0.2647 1.2441, -0.3392 0.2655 1.2441, -0.3457 0.2658 1.2441, -0.3682 0.263 1.2441, -0.3893 0.2549 1.2441, -0.4074 0.2421 1.2441, -0.4112 0.2385 1.2441, -0.434 0.2005 1.2441, -0.4249 0.221 1.2441, -0.4365 0.1862 1.2441, -0.4378 0.1791 1.2441, -0.438 0.1736 1.2441, -0.4354 0.1526 1.2441, -0.4352 0.1513 1.2441, -0.4271 0.1301 1.2441, -0.4141 0.1115 1.2441, -0.3963 0.0964 1.2441, -0.3757 0.0864 1.2441, -0.3685 0.0842 1.2441, -0.3678 0.0827 1.2441, -0.3628 0.072 1.2441, -0.3543 0.0615 1.2441, -0.3432 0.0532 1.2441, -0.3301 0.0476 1.2441, -0.3166 0.0455 1.2441, -0.3144 0.0455 1.2441, -0.2575 0.1024 1.2441, -0.3007 0.0472 1.2441, -0.288 0.0521 1.2441, -0.2766 0.06 1.2441, -0.2679 0.0698 1.2441, -0.2611 0.0825 1.2441, -0.2611 0.0827 1.2441, -0.2578 0.0965 1.2441, -0.2575 0.1081 1.2441, -0.1778 0.1502 1.2441, -0.1955 0.1804 1.2441, -0.1792 0.1526 1.2441, -0.2717 0.1406 1.2441, -0.2486 0.1526 1.2441, -0.2817 0.1496 1.2441, -0.2873 0.1526 1.2441, -0.2938 0.1561 1.2441, -0.3075 0.1595 1.2441, -0.3144 0.1599 1.2441, -0.328 0.1583 1.2441, -0.3406 0.1534 1.2441, -0.3418 0.1526 1.2441, -0.3522 0.1454 1.2441, -0.3617 0.1346 1.2441, -0.368 0.1224 1.2441, -0.4021 0.1747 1.2441, -0.3804 0.13 1.2441, -0.3906 0.1405 1.2441, -0.3973 0.152 1.2441, -0.3975 0.1526 1.2441, -0.4014 0.166 1.2441, -0.4007 0.1862 1.2441, -0.4004 0.1885 1.2441, -0.3955 0.2012 1.2441, -0.3876 0.2125 1.2441, -0.3778 0.2213 1.2441, -0.3651 0.228 1.2441, -0.3511 0.2313 1.2441, -0.3452 0.2317 1.2441, -0.3318 0.23 1.2441, -0.3191 0.2253 1.2441, -0.315 0.2231 1.2441, -0.3063 0.2411 1.2441, -0.2935 0.2564 1.2441, -0.2783 0.2675 1.2441, -0.2597 0.2751 1.2441, -0.2387 0.2778 1.2441, -0.2194 0.2754 1.2441, -0.2016 0.2686 1.2441, -0.1856 0.2575 1.2441, -0.1841 0.2561 1.2441, -0.1713 0.2408 1.2441, -0.1625 0.2225 1.2441, -0.159 0.2066 1.2441, -0.1545 0.2066 1.2441, -0.1436 0.2053 1.2441, -0.1337 0.2014 1.2441, -0.1249 0.1953 1.2441, -0.1183 0.1879 1.2441, -0.1174 0.1862 1.2441, -0.113 0.1781 1.2441, -0.1103 0.1672 1.2441, -0.1101 0.1622 1.2441, -0.1112 0.1526 1.2441, -0.1114 0.1511 1.2441, -0.1154 0.141 1.2441, -0.1216 0.1321 1.2441, -0.1224 0.1313 1.2441, -0.1308 0.1244 1.2441, -0.1408 0.1198 1.2441, -0.1511 0.1178 1.2441, -0.1767 0.1178 1.2441, -0.1778 0.1179 1.2441, -0.1795 0.1183 1.2441, -0.1801 0.1184 1.2441, -0.1845 0.1178 1.2441, -0.1884 0.1163 1.2441, -0.1919 0.1138 1.2441, -0.1943 0.1112 1.2441, -0.1964 0.1073 1.2441, -0.1976 0.103 1.2441, -0.1977 0.1007 1.2441, -0.1972 0.0965 1.2441, -0.1957 0.0926 1.2441, -0.1932 0.089 1.2441, -0.1919 0.0877 1.2441, -0.1882 0.0851 1.2441, -0.1844 0.0836 1.2441, -0.1812 0.0831 1.2441, -0.1476 0.0831 1.2441, -0.1287 0.0871 1.2441, -0.1113 0.0956 1.2441, -0.0958 0.1087 1.2441, -0.0845 0.1244 1.2441, -0.0774 0.1424 1.2441, -0.0761 0.1526 1.2441, -0.315 0.1241 1.2441, -0.3112 0.1237 1.2441, -0.3058 0.122 1.2441, -0.3011 0.1191 1.2441, -0.2973 0.1152 1.2441, -0.2946 0.1106 1.2441, -0.2931 0.1054 1.2441, -0.2929 0.0999 1.2441, -0.2941 0.0944 1.2441, -0.2966 0.0894 1.2441, -0.3002 0.0853 1.2441, -0.3046 0.0822 1.2441, -0.3096 0.0803 1.2441, -0.315 0.0797 1.2441, -0.316 0.0797 1.2441, -0.3211 0.0805 1.2441, -0.3262 0.0827 1.2441, -0.3306 0.0861 1.2441, -0.3336 0.0897 1.2441, -0.3359 0.0944 1.2441, -0.3371 0.0997 1.2441, -0.337 0.1052 1.2441, -0.3354 0.1106 1.2441, -0.3326 0.1154 1.2441, -0.3299 0.1183 1.2441, -0.3254 0.1215 1.2441, -0.3204 0.1234 1.2441
            ]
        }
        coordIndex [
            0,1,2,-1,3,4,5,-1,6,7,8,-1,9,10,11,-1,11,10,12,-1,13,14,2,-1,2,14,15,-1,2,15,0,-1,5,4,16,-1,17,18,19,-1,20,21,10,-1,10,21,22,-1,10,22,12,-1,12,22,23,-1,24,25,26,-1,26,25,27,-1,26,27,28,-1,28,27,29,-1,28,29,30,-1,30,29,31,-1,30,31,32,-1,32,31,2,-1,32,2,33,-1,33,2,34,-1,35,36,24,-1,24,36,37,-1,24,37,25,-1,9,11,19,-1,19,11,38,-1,19,38,17,-1,39,40,41,-1,41,40,42,-1,41,42,43,-1,43,42,44,-1,43,44,45,-1,45,44,46,-1,6,8,47,-1,47,8,48,-1,47,48,49,-1,49,48,50,-1,49,50,51,-1,4,52,16,-1,16,52,53,-1,16,53,54,-1,54,53,55,-1,54,55,6,-1,6,55,56,-1,6,56,7,-1,34,2,57,-1,57,2,1,-1,57,1,58,-1,23,22,24,-1,24,22,59,-1,24,59,35,-1,60,61,62,-1,62,61,63,-1,62,63,64,-1,64,63,65,-1,64,65,66,-1,66,65,67,-1,66,67,68,-1,68,67,69,-1,68,69,70,-1,44,71,46,-1,46,71,72,-1,46,72,73,-1,73,72,74,-1,73,74,75,-1,75,74,76,-1,75,76,77,-1,77,76,78,-1,77,78,79,-1,79,78,80,-1,79,80,81,-1,81,80,82,-1,81,82,60,-1,60,82,83,-1,60,83,61,-1,84,85,86,-1,86,85,87,-1,86,87,41,-1,41,87,88,-1,41,88,39,-1,89,90,91,-1,91,90,92,-1,91,92,93,-1,93,92,94,-1,93,94,95,-1,95,94,96,-1,95,96,97,-1,97,96,98,-1,97,98,13,-1,13,98,99,-1,13,99,14,-1,51,50,100,-1,100,50,101,-1,100,101,102,-1,102,101,103,-1,102,103,104,-1,104,103,105,-1,104,105,106,-1,106,105,107,-1,106,107,84,-1,84,107,108,-1,84,108,85,-1,5,109,3,-1,3,109,110,-1,3,110,111,-1,111,110,112,-1,111,112,113,-1,113,112,114,-1,113,114,89,-1,89,114,115,-1,89,115,90,-1,18,116,19,-1,19,116,117,-1,19,117,118,-1,118,117,119,-1,118,119,120,-1,120,119,121,-1,120,121,122,-1,122,121,123,-1,122,123,124,-1,124,123,125,-1,124,125,126,-1,126,125,127,-1,126,127,128,-1,128,127,129,-1,128,129,130,-1,130,129,131,-1,130,131,132,-1,132,131,133,-1,132,133,134,-1,134,133,135,-1,134,135,1,-1,1,135,136,-1,1,136,58,-1,137,138,139,-1,69,140,70,-1,70,140,137,-1,70,137,141,-1,141,137,139,-1,142,143,137,-1,137,143,144,-1,137,144,138,-1,145,146,147,-1,146,148,147,-1,147,148,149,-1,147,149,150,-1,142,137,147,-1,147,137,151,-1,147,151,145,-1,77,152,153,-1,77,153,75,-1,75,153,154,-1,75,154,73,-1,154,155,73,-1,73,155,156,-1,73,156,46,-1,46,156,157,-1,46,157,45,-1,45,157,158,-1,45,158,43,-1,43,158,159,-1,43,159,41,-1,41,159,160,-1,41,160,86,-1,86,160,161,-1,86,161,84,-1,84,161,106,-1,106,161,162,-1,162,163,106,-1,106,163,164,-1,106,164,104,-1,104,164,165,-1,104,165,102,-1,102,165,166,-1,102,166,100,-1,100,166,167,-1,100,167,51,-1,51,167,49,-1,49,167,168,-1,49,168,169,-1,49,169,170,-1,49,170,47,-1,47,170,171,-1,47,171,6,-1,6,171,172,-1,6,172,54,-1,54,172,173,-1,54,173,16,-1,16,173,174,-1,16,174,5,-1,5,174,175,-1,5,175,109,-1,109,175,176,-1,109,176,110,-1,110,176,177,-1,110,177,112,-1,178,114,179,-1,179,114,112,-1,179,112,177,-1,180,90,178,-1,178,90,115,-1,178,115,114,-1,180,181,90,-1,90,181,182,-1,90,182,92,-1,182,183,92,-1,92,183,94,-1,183,184,94,-1,94,184,185,-1,94,185,96,-1,96,185,186,-1,96,186,98,-1,98,186,187,-1,98,187,99,-1,99,187,188,-1,99,188,14,-1,14,188,189,-1,14,189,15,-1,15,189,190,-1,15,190,0,-1,190,191,0,-1,0,191,192,-1,0,192,1,-1,1,192,193,-1,1,193,134,-1,134,193,194,-1,134,194,132,-1,132,194,195,-1,132,195,130,-1,130,195,196,-1,130,196,128,-1,197,9,19,-1,128,196,198,-1,128,198,126,-1,126,198,199,-1,126,199,124,-1,124,199,200,-1,124,200,122,-1,122,200,201,-1,122,201,120,-1,120,201,202,-1,120,202,118,-1,118,202,203,-1,118,203,19,-1,19,203,204,-1,19,204,197,-1,10,9,205,-1,205,9,197,-1,20,10,206,-1,206,10,205,-1,207,21,208,-1,208,21,20,-1,208,20,206,-1,209,22,210,-1,210,22,21,-1,210,21,207,-1,22,209,211,-1,22,211,59,-1,59,211,212,-1,59,212,35,-1,212,213,35,-1,35,213,214,-1,35,214,36,-1,36,214,215,-1,36,215,37,-1,37,215,216,-1,37,216,25,-1,25,216,217,-1,25,217,27,-1,27,217,218,-1,27,218,29,-1,218,219,29,-1,29,219,220,-1,29,220,31,-1,31,220,221,-1,31,221,2,-1,222,91,93,-1,2,221,223,-1,2,223,13,-1,13,223,224,-1,13,224,97,-1,97,224,225,-1,97,225,95,-1,95,225,226,-1,95,226,93,-1,93,226,227,-1,93,227,222,-1,91,222,89,-1,89,222,228,-1,228,229,89,-1,89,229,230,-1,89,230,113,-1,113,230,231,-1,113,231,111,-1,111,231,232,-1,111,232,3,-1,3,232,233,-1,3,233,4,-1,4,233,234,-1,4,234,52,-1,52,234,235,-1,52,235,53,-1,53,235,236,-1,53,236,55,-1,55,236,237,-1,55,237,56,-1,56,237,238,-1,56,238,7,-1,7,238,239,-1,7,239,8,-1,8,239,240,-1,8,240,48,-1,48,240,241,-1,48,241,50,-1,50,241,242,-1,50,242,101,-1,101,242,243,-1,101,243,103,-1,103,243,244,-1,103,244,105,-1,105,244,245,-1,105,245,107,-1,107,245,246,-1,107,246,108,-1,108,246,247,-1,108,247,85,-1,85,247,248,-1,85,248,87,-1,87,248,249,-1,87,249,88,-1,88,249,250,-1,88,250,39,-1,40,39,251,-1,251,39,250,-1,40,251,252,-1,40,252,42,-1,42,252,253,-1,42,253,44,-1,44,253,254,-1,44,254,71,-1,71,254,255,-1,71,255,72,-1,72,255,256,-1,72,256,74,-1,256,257,74,-1,74,257,258,-1,74,258,76,-1,76,258,259,-1,76,259,78,-1,259,260,78,-1,78,260,80,-1,260,261,80,-1,80,261,262,-1,80,262,82,-1,82,262,263,-1,82,263,83,-1,83,263,264,-1,83,264,61,-1,61,264,265,-1,61,265,63,-1,63,265,266,-1,63,266,65,-1,65,266,267,-1,65,267,67,-1,69,67,268,-1,268,67,267,-1,69,268,269,-1,69,269,140,-1,140,269,270,-1,140,270,137,-1,137,270,271,-1,137,271,151,-1,151,271,272,-1,151,272,145,-1,145,272,273,-1,145,273,146,-1,146,273,274,-1,146,274,148,-1,148,274,275,-1,148,275,149,-1,149,275,276,-1,149,276,150,-1,150,276,277,-1,150,277,147,-1,147,277,278,-1,147,278,142,-1,142,278,279,-1,142,279,143,-1,143,279,280,-1,143,280,144,-1,144,280,281,-1,144,281,138,-1,138,281,282,-1,138,282,139,-1,139,282,283,-1,139,283,141,-1,141,283,284,-1,141,284,70,-1,70,284,285,-1,70,285,68,-1,66,68,286,-1,286,68,285,-1,66,286,287,-1,66,287,64,-1,64,287,288,-1,64,288,62,-1,62,288,289,-1,62,289,60,-1,60,289,290,-1,60,290,81,-1,81,290,291,-1,81,291,79,-1,79,291,77,-1,77,291,292,-1,77,292,152,-1,23,293,294,-1,23,294,12,-1,12,294,295,-1,12,295,11,-1,11,295,296,-1,11,296,38,-1,38,296,297,-1,38,297,17,-1,17,297,298,-1,17,298,18,-1,18,298,299,-1,18,299,116,-1,116,299,300,-1,116,300,117,-1,117,300,301,-1,117,301,119,-1,119,301,302,-1,119,302,121,-1,121,302,303,-1,121,303,123,-1,123,303,304,-1,123,304,125,-1,125,304,305,-1,125,305,127,-1,127,305,306,-1,127,306,129,-1,129,306,307,-1,129,307,131,-1,131,307,308,-1,131,308,133,-1,133,308,309,-1,133,309,135,-1,135,309,310,-1,135,310,136,-1,136,310,311,-1,136,311,58,-1,58,311,312,-1,58,312,57,-1,57,312,313,-1,57,313,34,-1,34,313,314,-1,34,314,33,-1,33,314,315,-1,33,315,32,-1,32,315,316,-1,32,316,30,-1,30,316,317,-1,30,317,28,-1,28,317,318,-1,28,318,26,-1,26,318,319,-1,26,319,24,-1,24,319,293,-1,24,293,23,-1,
        ]
    }
}
Shape{
    appearance Appearance {
        material  Material 	{
            diffuseColor 0.7529411764705882 0.7529411764705882 0.7529411764705882
            specularColor 0.3764705882352941 0.3764705882352941 0.3764705882352941
            ambientIntensity 0.7529
            transparency 0.0
            shininess 0.5
        }
    }
    geometry IndexedFaceSet {
        ccw TRUE
        solid FALSE
        coord DEF co Coordinate {
            point [
                -0.3204 0.1234 1.2441, -0.3254 0.1215 1.2441, -0.316 0.0797 1.2441, -0.3299 0.1183 1.2441, -0.3326 0.1154 1.2441, -0.3112 0.1237 1.2441, -0.315 0.0797 1.2441, -0.3096 0.0803 1.2441, -0.315 0.1241 1.2441, -0.3359 0.0944 1.2441, -0.3336 0.0897 1.2441, -0.3306 0.0861 1.2441, -0.3002 0.0853 1.2441, -0.2973 0.1152 1.2441, -0.3011 0.1191 1.2441, -0.3354 0.1106 1.2441, -0.337 0.1052 1.2441, -0.3371 0.0997 1.2441, -0.3262 0.0827 1.2441, -0.3211 0.0805 1.2441, -0.3046 0.0822 1.2441, -0.3058 0.122 1.2441, -0.2941 0.0944 1.2441, -0.2929 0.0999 1.2441, -0.2966 0.0894 1.2441, -0.2931 0.1054 1.2441, -0.2946 0.1106 1.2441, 1.6539 0.818 -0.2756, 1.772 0.818 -0.2756, 1.772 0.814 -0.3062, 1.6539 0.814 -0.3062, 1.772 0.8022 -0.3346, 1.6539 0.8022 -0.3346, 1.772 0.7834 -0.3591, 1.6539 0.7834 -0.3591, 1.772 0.7589 -0.3779, 1.6539 0.7589 -0.3779, 1.772 0.7304 -0.3897, 1.6539 0.7304 -0.3897, 1.772 0.6999 -0.3937, 1.6539 0.6999 -0.3937, 1.6539 0.503 -0.3937, 1.772 0.503 -0.3937, 1.772 0.4725 -0.3897, 1.6539 0.4725 -0.3897, 1.772 0.444 -0.3779, 1.6539 0.444 -0.3779, 1.772 0.4195 -0.3591, 1.6539 0.4195 -0.3591, 1.772 0.4007 -0.3346, 1.6539 0.4007 -0.3346, 1.772 0.3889 -0.3062, 1.6539 0.3889 -0.3062, 1.772 0.3849 -0.2756, 1.6539 0.3849 -0.2756, -1.6295 0.3849 -0.2756, -1.7476 0.3849 -0.2756, -1.7476 0.3889 -0.3062, -1.6295 0.3889 -0.3062, -1.7476 0.4007 -0.3346, -1.6295 0.4007 -0.3346, -1.7476 0.4195 -0.3591, -1.6295 0.4195 -0.3591, -1.7476 0.444 -0.3779, -1.6295 0.444 -0.3779, -1.7476 0.4725 -0.3897, -1.6295 0.4725 -0.3897, -1.7476 0.503 -0.3937, -1.6295 0.503 -0.3937, -1.6295 0.6999 -0.3937, -1.7476 0.6999 -0.3937, -1.7476 0.7304 -0.3897, -1.6295 0.7304 -0.3897, -1.7476 0.7589 -0.3779, -1.6295 0.7589 -0.3779, -1.7476 0.7834 -0.3591, -1.6295 0.7834 -0.3591, -1.7476 0.8022 -0.3346, -1.6295 0.8022 -0.3346, -1.7476 0.814 -0.3062, -1.6295 0.814 -0.3062, -1.7476 0.818 -0.2756, -1.6295 0.818 -0.2756, -1.6295 -1.2017 -0.2953, -1.7476 -1.2017 -0.2953, -1.7476 -1.1983 -0.3207, -1.6295 -1.1983 -0.3207, -1.7476 -1.1885 -0.3445, -1.6295 -1.1885 -0.3445, -1.7476 -1.1729 -0.3649, -1.6295 -1.1729 -0.3649, -1.7476 -1.1525 -0.3805, -1.6295 -1.1525 -0.3805, -1.7476 -1.1287 -0.3903, -1.6295 -1.1287 -0.3903, -1.7476 -1.1033 -0.3937, -1.6295 -1.1033 -0.3937, -1.7476 -0.8867 -0.2953, -1.6295 -0.8867 -0.2953, -1.6295 -0.8901 -0.3207, -1.7476 -0.8901 -0.3207, -1.6295 -0.8999 -0.3445, -1.7476 -0.8999 -0.3445, -1.6295 -0.9156 -0.3649, -1.7476 -0.9156 -0.3649, -1.6295 -0.9359 -0.3805, -1.7476 -0.9359 -0.3805, -1.6295 -0.9597 -0.3903, -1.7476 -0.9597 -0.3903, -1.6295 -0.9852 -0.3937, -1.7476 -0.9852 -0.3937, 1.6539 -1.1033 -0.3937, 1.772 -1.1033 -0.3937, 1.772 -1.1287 -0.3903, 1.6539 -1.1287 -0.3903, 1.772 -1.1525 -0.3805, 1.6539 -1.1525 -0.3805, 1.772 -1.1729 -0.3649, 1.6539 -1.1729 -0.3649, 1.772 -1.1885 -0.3445, 1.6539 -1.1885 -0.3445, 1.772 -1.1983 -0.3207, 1.6539 -1.1983 -0.3207, 1.772 -1.2017 -0.2953, 1.6539 -1.2017 -0.2953, 1.772 -0.9852 -0.3937, 1.6539 -0.9852 -0.3937, 1.6539 -0.9597 -0.3903, 1.772 -0.9597 -0.3903, 1.6539 -0.9359 -0.3805, 1.772 -0.9359 -0.3805, 1.6539 -0.9156 -0.3649, 1.772 -0.9156 -0.3649, 1.6539 -0.8999 -0.3445, 1.772 -0.8999 -0.3445, 1.6539 -0.8901 -0.3207, 1.772 -0.8901 -0.3207, 1.6539 -0.8867 -0.2953, 1.772 -0.8867 -0.2953, 1.6539 0.6211 0.8504, 1.6539 0.818 0.8504, 1.772 0.6211 0.8504, 1.772 0.818 0.8504
            ]
        }
        coordIndex [
            0,1,2,-1,2,1,3,-1,2,3,4,-1,5,6,7,-1,6,5,2,-1,2,5,8,-1,2,8,0,-1,9,10,4,-1,4,10,11,-1,12,13,14,-1,15,16,4,-1,4,16,17,-1,4,17,9,-1,11,18,4,-1,4,18,19,-1,4,19,2,-1,7,20,5,-1,5,20,12,-1,5,12,21,-1,21,12,14,-1,22,23,24,-1,24,23,25,-1,24,25,12,-1,12,25,26,-1,12,26,13,-1,27,28,29,-1,27,29,30,-1,30,29,31,-1,30,31,32,-1,32,31,33,-1,32,33,34,-1,34,33,35,-1,34,35,36,-1,36,35,37,-1,36,37,38,-1,38,37,39,-1,38,39,40,-1,41,42,43,-1,41,43,44,-1,44,43,45,-1,44,45,46,-1,46,45,47,-1,46,47,48,-1,48,47,49,-1,48,49,50,-1,50,49,51,-1,50,51,52,-1,52,51,53,-1,52,53,54,-1,55,56,57,-1,55,57,58,-1,58,57,59,-1,58,59,60,-1,60,59,61,-1,60,61,62,-1,62,61,63,-1,62,63,64,-1,64,63,65,-1,64,65,66,-1,66,65,67,-1,66,67,68,-1,69,70,71,-1,69,71,72,-1,72,71,73,-1,72,73,74,-1,74,73,75,-1,74,75,76,-1,76,75,77,-1,76,77,78,-1,78,77,79,-1,78,79,80,-1,80,79,81,-1,80,81,82,-1,83,84,85,-1,83,85,86,-1,86,85,87,-1,86,87,88,-1,88,87,89,-1,88,89,90,-1,90,89,91,-1,90,91,92,-1,92,91,93,-1,92,93,94,-1,94,93,95,-1,94,95,96,-1,97,98,99,-1,97,99,100,-1,100,99,101,-1,100,101,102,-1,102,101,103,-1,102,103,104,-1,104,103,105,-1,104,105,106,-1,106,105,107,-1,106,107,108,-1,108,107,109,-1,108,109,110,-1,111,112,113,-1,111,113,114,-1,114,113,115,-1,114,115,116,-1,116,115,117,-1,116,117,118,-1,118,117,119,-1,118,119,120,-1,120,119,121,-1,120,121,122,-1,122,121,123,-1,122,123,124,-1,125,126,127,-1,125,127,128,-1,128,127,129,-1,128,129,130,-1,130,129,131,-1,130,131,132,-1,132,131,133,-1,132,133,134,-1,134,133,135,-1,134,135,136,-1,136,135,137,-1,136,137,138,-1,139,140,141,-1,141,140,142,-1,
        ]
    }
}
Shape{
    appearance Appearance {
        material  Material 	{
            diffuseColor 0.25098039215686274 0.25098039215686274 0.25098039215686274
            specularColor 0.12549019607843137 0.12549019607843137 0.12549019607843137
            ambientIntensity 0.251
            transparency 0.0
            shininess 0.5
        }
    }
    geometry IndexedFaceSet {
        ccw TRUE
        solid FALSE
        coord DEF co Coordinate {
            point [
                -0.8539 0.503 1.126, -0.8539 0.4637 1.126, -0.3815 0.503 1.126, -0.4209 0.4637 1.126, -0.3828 0.4928 1.126, -0.4107 0.465 1.126, -0.4012 0.4689 1.126, -0.393 0.4752 1.126, -0.3868 0.4833 1.126, -1.4642 0.0896 0.0157, -1.4642 0.0896 0.0, -1.4415 0.0896 0.0099, -1.3539 0.0896 0.0, -1.6256 0.0896 0.1087, -1.6256 0.0896 0.0394, -1.5994 0.0896 0.0859, -1.5256 0.0896 0.0394, 1.55 0.0896 0.0394, 1.65 0.0896 0.0394, 1.6238 0.0896 0.0859, 1.65 0.0896 0.1087, 0.8783 0.0896 1.126, 0.2955 0.0896 1.126, 0.8783 0.0896 1.122, 0.3637 0.0896 1.0866, 1.4098 0.0896 0.8386, -0.3393 0.0896 1.0866, -1.3854 0.0896 0.8386, -1.5926 0.0896 0.2559, -1.5488 0.0896 0.1988, -1.3854 0.0896 0.4055, -1.4917 0.0896 0.155, 1.4497 0.0896 0.1275, 1.5161 0.0896 0.155, 1.4098 0.0896 0.4055, 1.5732 0.0896 0.1988, 1.617 0.0896 0.2559, 1.6407 0.0896 0.9207, 1.6136 0.0896 0.9862, 1.5704 0.0896 1.0425, 1.5142 0.0896 1.0857, 1.4487 0.0896 1.1128, 1.3783 0.0896 1.122, 1.6445 0.0896 0.3224, 1.65 0.0896 0.3473, 1.65 0.0896 0.8504, -1.4253 0.0896 0.1275, -1.3539 0.0896 0.1181, 1.3783 0.0896 0.1181, -1.5892 0.0896 0.9862, -1.6163 0.0896 0.9207, -1.6256 0.0896 0.8504, -1.6256 0.0896 0.3473, -1.6201 0.0896 0.3224, -0.2711 0.0896 1.126, -0.8539 0.0896 1.126, -0.8539 0.0896 1.122, -1.3539 0.0896 1.122, -1.4243 0.0896 1.1128, -1.4898 0.0896 1.0857, -1.546 0.0896 1.0425, 0.8783 0.4637 1.126, 0.8783 0.503 1.126, 0.4453 0.4637 1.126, 0.4059 0.503 1.126, 0.4072 0.4928 1.126, 0.4256 0.4689 1.126, 0.4351 0.465 1.126, 0.4174 0.4752 1.126, 0.4112 0.4833 1.126, -0.539 -0.9733 0.4843, -0.539 -1.9182 0.4843, -0.9524 -0.9733 0.4843, -0.9524 -1.9182 0.4843, -1.3067 -1.7214 0.4843, -1.3067 -1.6033 0.4843, -1.2223 -1.9182 0.4843, -1.2761 -1.5992 0.4843, -1.1098 -1.9182 0.4843, -1.2476 -1.5874 0.4843, -1.2232 -1.5687 0.4843, -1.2044 -1.5442 0.4843, -1.1886 -0.9733 0.4843, -1.1098 -0.9733 0.4843, -1.1886 -1.4852 0.4843, -1.1926 -1.5157 0.4843, -0.3815 -1.9182 0.4843, -0.3815 -0.9733 0.4843, -0.3618 -1.9182 0.4843, -0.3618 -0.9733 0.4843, -0.1847 -0.9733 0.4843, -0.1847 -1.9182 0.4843, -0.2043 -0.9733 0.4843, -0.2043 -1.9182 0.4843, -0.9524 -1.997 0.563, -0.539 -1.997 0.563, -1.1098 -1.9685 0.5345, -1.2196 -1.9246 0.4906, -0.3618 -1.997 0.563, -0.3815 -1.997 0.563, -0.2043 -1.997 0.563, -0.1847 -1.997 0.563, -1.2196 -1.9246 0.7535, -1.1098 -1.9685 0.563, -1.1098 -1.9685 0.7096, -1.1098 -1.9685 0.6811, -1.0387 -1.997 0.6811, -1.0387 -1.997 0.563, -0.0272 -1.9182 0.4843, -0.0272 -0.9733 0.4843, 0.0516 -1.9182 0.4843, 0.0516 -0.9733 0.4843, 0.2287 -0.9733 0.4843, 0.2287 -1.9182 0.4843, 0.2091 -0.9733 0.4843, 0.2091 -1.9182 0.4843, 1.217 -1.5157 0.4843, 1.2288 -1.5442 0.4843, 1.1342 -1.9182 0.4843, 1.213 -1.4852 0.4843, 1.1342 -0.9733 0.4843, 1.213 -0.9733 0.4843, 1.3311 -1.6033 0.4843, 1.3311 -1.7214 0.4843, 1.3005 -1.5992 0.4843, 1.2467 -1.9182 0.4843, 1.272 -1.5874 0.4843, 1.2476 -1.5687 0.4843, 0.5634 -1.9182 0.4843, 0.5634 -0.9733 0.4843, 0.9768 -1.9182 0.4843, 0.9768 -0.9733 0.4843, 0.3862 -1.9182 0.4843, 0.3862 -0.9733 0.4843, 0.4059 -1.9182 0.4843, 0.4059 -0.9733 0.4843, 0.0516 -1.997 0.563, -0.0272 -1.997 0.563, 0.2091 -1.997 0.563, 0.2287 -1.997 0.563, 1.1342 -1.9685 0.5345, 1.244 -1.9246 0.4906, 0.9768 -1.997 0.563, 0.5634 -1.997 0.563, 0.4059 -1.997 0.563, 0.3862 -1.997 0.563, 1.1342 -1.9685 0.563, 1.244 -1.9246 0.7535, 1.1342 -1.9685 0.7096, 1.1342 -1.9685 0.6811, 1.0631 -1.997 0.6811, 1.0631 -1.997 0.563, -0.6648 0.818 0.8987, -0.6648 0.503 0.8987, -0.3393 0.818 1.0866, -0.3393 0.503 1.0866, 0.0811 -0.9733 0.7598, 0.0516 -0.9733 0.7598, 0.0811 -0.9733 0.7205, 0.0516 -0.9733 0.6811, 0.1795 -0.9733 0.7205, 0.2091 -0.9733 0.6811, 0.1795 -0.9733 0.7598, 0.2091 -0.9733 0.7598, 0.4354 -0.9733 0.7598, 0.4059 -0.9733 0.7598, 0.4354 -0.9733 0.7205, 0.4059 -0.9733 0.6811, 0.5339 -0.9733 0.7205, 0.5634 -0.9733 0.6811, 0.5339 -0.9733 0.7598, 0.5634 -0.9733 0.7598, 0.2583 -0.9733 0.7598, 0.2287 -0.9733 0.7598, 0.2583 -0.9733 0.7205, 0.2287 -0.9733 0.6811, 0.3567 -0.9733 0.7205, 0.3862 -0.9733 0.6811, 0.3567 -0.9733 0.7598, 0.3862 -0.9733 0.7598, -1.0803 -0.9733 0.7598, -1.1098 -0.9733 0.7598, -1.0803 -0.9733 0.7205, -1.1098 -0.9733 0.6811, -0.9819 -0.9733 0.7205, -0.9524 -0.9733 0.6811, -0.9819 -0.9733 0.7598, -0.9524 -0.9733 0.7598, -1.1098 -1.9182 0.7598, -1.1926 -1.5157 0.7598, -1.2044 -1.5442 0.7598, -1.3067 -1.6033 0.7598, -1.3067 -1.7214 0.7598, -1.2761 -1.5992 0.7598, -1.2223 -1.9182 0.7598, -1.2476 -1.5874 0.7598, -1.2232 -1.5687 0.7598, -1.1886 -1.4852 0.7598, -1.1886 -0.9733 0.7598, -0.539 -1.9182 0.7598, -0.539 -0.9733 0.7598, -0.9524 -1.9182 0.7598, -0.9524 -1.997 0.6811, -0.539 -1.997 0.6811, -0.3815 -0.9733 0.7598, -0.3815 -1.9182 0.7598, -0.3618 -0.9733 0.7598, -0.3618 -1.9182 0.7598, -0.3618 -1.997 0.6811, -0.3815 -1.997 0.6811, -0.2043 -1.9182 0.7598, -0.1847 -1.9182 0.7598, -0.2043 -0.9733 0.7598, -0.1847 -0.9733 0.7598, -0.1847 -1.997 0.6811, -0.2043 -1.997 0.6811, 1.3783 0.0896 0.0, 1.4886 0.0896 0.0, 1.4659 0.0896 0.0099, 1.4886 0.0896 0.0157, -1.3539 0.818 1.122, -0.8539 0.818 1.122, -0.8539 0.818 0.8754, 0.8783 0.818 0.8754, 1.65 0.818 0.0394, 0.6892 0.818 0.8754, -1.6256 0.818 0.0394, -0.6648 0.818 0.8754, 0.8783 0.818 1.122, 1.3783 0.818 1.122, 1.65 0.818 0.8504, 1.6407 0.818 0.9207, -1.6256 0.818 0.8504, -1.6163 0.818 0.9207, 0.3637 0.818 1.0866, 0.6892 0.818 0.8987, 1.5142 0.818 1.0857, 1.5704 0.818 1.0425, 1.6136 0.818 0.9862, -1.5892 0.818 0.9862, -1.546 0.818 1.0425, -1.4243 0.818 1.1128, -1.4898 0.818 1.0857, 1.4487 0.818 1.1128, 1.2917 -0.8946 0.8386, 1.4098 -0.8946 0.8386, -1.2673 -0.8946 0.8386, -1.3854 -0.8946 0.8386, -1.3854 -0.8946 0.4055, -1.2673 -0.8946 0.4055, 1.2917 -0.8946 0.4055, 1.4098 -0.8946 0.4055, -0.0272 -1.9182 0.7598, 0.0516 -1.9182 0.7598, -0.0272 -0.9733 0.7598, -0.0272 -1.997 0.6811, 0.0516 -1.997 0.6811, 0.2091 -1.997 0.6811, 0.2287 -1.997 0.6811, 0.3862 -1.997 0.6811, 0.4059 -1.997 0.6811, 0.5634 -1.997 0.6811, 0.9768 -1.997 0.6811, 1.1342 -0.9733 0.7598, 1.213 -0.9733 0.7598, 1.1047 -0.9733 0.7598, 0.9768 -0.9733 0.7598, 1.0063 -0.9733 0.7598, -0.1847 -0.9733 0.6811, -0.0272 -0.9733 0.6811, -0.3815 -0.9733 0.6811, -0.539 -0.9733 0.6811, -0.3618 -0.9733 0.6811, -0.2043 -0.9733 0.6811
            ]
        }
        coordIndex [
            0,1,2,-1,2,1,3,-1,2,3,4,-1,4,3,5,-1,5,6,4,-1,4,6,7,-1,4,7,8,-1,9,10,11,-1,11,10,12,-1,13,14,15,-1,15,14,16,-1,17,18,19,-1,19,18,20,-1,21,22,23,-1,23,22,24,-1,23,24,25,-1,25,24,26,-1,25,26,27,-1,28,29,30,-1,30,29,31,-1,32,33,34,-1,34,33,35,-1,34,35,36,-1,37,38,25,-1,25,38,39,-1,25,39,40,-1,40,41,25,-1,25,41,42,-1,25,42,23,-1,36,43,34,-1,34,43,44,-1,34,44,25,-1,25,44,45,-1,25,45,37,-1,31,46,30,-1,30,46,47,-1,30,47,34,-1,34,47,48,-1,34,48,32,-1,27,49,50,-1,50,51,27,-1,27,51,52,-1,27,52,30,-1,30,52,53,-1,30,53,28,-1,54,55,26,-1,26,55,56,-1,26,56,27,-1,27,56,57,-1,27,57,58,-1,58,59,27,-1,27,59,60,-1,27,60,49,-1,61,62,63,-1,63,62,64,-1,63,64,65,-1,66,67,68,-1,68,67,63,-1,68,63,69,-1,69,63,65,-1,70,71,72,-1,72,71,73,-1,74,75,76,-1,76,75,77,-1,76,77,78,-1,77,79,78,-1,78,79,80,-1,78,80,81,-1,82,83,84,-1,84,83,78,-1,84,78,85,-1,85,78,81,-1,86,87,88,-1,88,87,89,-1,90,91,92,-1,92,91,93,-1,73,71,94,-1,94,71,95,-1,96,97,78,-1,78,97,76,-1,98,99,88,-1,88,99,86,-1,93,91,100,-1,100,91,101,-1,97,96,102,-1,102,96,103,-1,104,102,105,-1,105,102,103,-1,105,103,106,-1,106,103,107,-1,108,109,110,-1,110,109,111,-1,112,113,114,-1,114,113,115,-1,116,117,118,-1,116,118,119,-1,119,118,120,-1,119,120,121,-1,122,123,124,-1,124,123,125,-1,124,125,126,-1,126,125,118,-1,126,118,127,-1,127,118,117,-1,128,129,130,-1,130,129,131,-1,132,133,134,-1,134,133,135,-1,136,137,110,-1,110,137,108,-1,115,113,138,-1,138,113,139,-1,118,125,140,-1,140,125,141,-1,142,143,130,-1,130,143,128,-1,144,145,134,-1,134,145,132,-1,146,140,141,-1,147,148,149,-1,150,151,149,-1,149,151,146,-1,149,146,147,-1,147,146,141,-1,152,153,154,-1,154,153,155,-1,156,157,158,-1,158,157,159,-1,158,159,160,-1,160,159,161,-1,160,161,162,-1,162,161,163,-1,164,165,166,-1,166,165,167,-1,166,167,168,-1,168,167,169,-1,168,169,170,-1,170,169,171,-1,172,173,174,-1,174,173,175,-1,174,175,176,-1,176,175,177,-1,176,177,178,-1,178,177,179,-1,180,181,182,-1,182,181,183,-1,182,183,184,-1,184,183,185,-1,184,185,186,-1,186,185,187,-1,188,189,190,-1,191,192,193,-1,193,192,194,-1,193,194,195,-1,195,194,188,-1,195,188,196,-1,196,188,190,-1,189,188,197,-1,197,188,181,-1,197,181,198,-1,199,200,201,-1,201,200,187,-1,188,194,104,-1,104,194,102,-1,202,203,201,-1,201,203,199,-1,204,205,206,-1,206,205,207,-1,207,205,208,-1,208,205,209,-1,210,211,212,-1,212,211,213,-1,214,211,215,-1,215,211,210,-1,216,217,218,-1,218,217,219,-1,220,221,222,-1,223,224,225,-1,225,224,226,-1,225,226,227,-1,227,226,222,-1,223,228,224,-1,224,228,229,-1,224,229,230,-1,230,229,231,-1,222,226,220,-1,220,226,232,-1,220,232,233,-1,234,235,154,-1,154,235,225,-1,154,225,152,-1,152,225,227,-1,236,237,238,-1,233,239,220,-1,220,239,240,-1,220,240,241,-1,241,240,242,-1,231,229,238,-1,238,229,243,-1,238,243,236,-1,244,245,25,-1,244,25,246,-1,246,25,27,-1,246,27,247,-1,248,247,30,-1,30,247,27,-1,248,30,249,-1,249,30,34,-1,249,34,250,-1,250,34,251,-1,246,247,249,-1,249,247,248,-1,192,191,74,-1,74,191,75,-1,252,253,254,-1,254,253,157,-1,106,107,202,-1,202,107,94,-1,202,94,203,-1,203,94,95,-1,203,95,209,-1,209,95,99,-1,209,99,208,-1,208,99,98,-1,208,98,215,-1,215,98,100,-1,215,100,214,-1,214,100,101,-1,214,101,255,-1,255,101,137,-1,255,137,256,-1,256,137,136,-1,256,136,257,-1,257,136,138,-1,257,138,258,-1,258,138,139,-1,258,139,259,-1,259,139,145,-1,259,145,260,-1,260,145,144,-1,260,144,261,-1,261,144,143,-1,261,143,262,-1,262,143,142,-1,262,142,150,-1,150,142,151,-1,82,84,198,-1,198,84,197,-1,197,84,189,-1,189,84,85,-1,189,85,190,-1,190,85,81,-1,190,81,196,-1,196,81,80,-1,196,80,195,-1,195,80,79,-1,195,79,193,-1,193,79,77,-1,193,77,191,-1,191,77,75,-1,192,74,76,-1,97,102,76,-1,76,102,194,-1,76,194,192,-1,256,253,255,-1,255,253,252,-1,249,82,246,-1,246,82,198,-1,92,89,249,-1,249,89,87,-1,249,87,70,-1,250,121,120,-1,135,133,250,-1,250,133,112,-1,250,112,114,-1,114,111,250,-1,250,111,109,-1,250,109,249,-1,249,109,90,-1,249,90,92,-1,70,72,249,-1,249,72,83,-1,249,83,82,-1,120,131,250,-1,250,131,129,-1,250,129,135,-1,263,264,244,-1,263,244,265,-1,198,181,246,-1,246,181,180,-1,246,180,186,-1,186,187,246,-1,246,187,200,-1,246,200,204,-1,204,206,246,-1,246,206,212,-1,246,212,213,-1,172,178,244,-1,244,178,179,-1,244,179,165,-1,165,164,244,-1,244,164,170,-1,244,170,171,-1,162,163,244,-1,244,163,173,-1,244,173,172,-1,171,266,244,-1,244,266,267,-1,244,267,265,-1,213,254,246,-1,246,254,157,-1,246,157,244,-1,244,157,156,-1,244,156,162,-1,214,255,268,-1,268,255,269,-1,268,269,213,-1,213,269,254,-1,213,211,268,-1,268,211,214,-1,254,269,252,-1,252,269,255,-1,270,271,209,-1,209,271,203,-1,271,270,200,-1,200,270,204,-1,200,199,271,-1,271,199,203,-1,204,270,205,-1,205,270,209,-1,208,215,272,-1,272,215,273,-1,272,273,206,-1,206,273,212,-1,206,207,272,-1,272,207,208,-1,212,273,210,-1,210,273,215,-1,202,185,106,-1,106,185,183,-1,106,183,105,-1,181,188,183,-1,183,188,104,-1,183,104,105,-1,185,202,187,-1,187,202,201,-1,
        ]
    }
}
Shape{
    appearance Appearance {
        material  Material 	{
            diffuseColor 1.0 1.0 0.5019607843137255
            specularColor 0.5019607843137255 0.5019607843137255 0.25098039215686274
            ambientIntensity 0.9432
            transparency 0.0
            shininess 0.5
        }
    }
    geometry IndexedFaceSet {
        ccw TRUE
        solid FALSE
        coord DEF co Coordinate {
            point [
                -1.0803 -1.8985 0.7598, -1.0803 -0.9733 0.7598, -1.0803 -1.8985 0.7205, -1.0803 -0.9733 0.7205, -0.9819 -1.8985 0.7205, -0.9819 -0.9733 0.7205, -0.9819 -1.8985 0.7598, -0.9819 -0.9733 0.7598
            ]
        }
        coordIndex [
            0,1,2,-1,2,1,3,-1,2,3,4,-1,4,3,5,-1,4,5,6,-1,6,5,7,-1,6,7,0,-1,0,7,1,-1,0,2,6,-1,6,2,4,-1,
        ]
    }
}
Shape{
    appearance Appearance {
        material  Material 	{
            diffuseColor 0.25098039215686274 0.25098039215686274 0.25098039215686274
            specularColor 0.12549019607843137 0.12549019607843137 0.12549019607843137
            ambientIntensity 0.251
            transparency 0.0
            shininess 0.5
        }
    }
    geometry IndexedFaceSet {
        ccw TRUE
        solid FALSE
        coord DEF co Coordinate {
            point [
                -1.5256 0.0896 0.0394, -1.6256 0.0896 0.0394, -1.6256 0.818 0.0394, 0.5043 0.5621 0.0394, 1.65 0.818 0.0394, 1.55 0.0896 0.0394, 1.4886 0.0896 0.0394, 1.4886 0.5621 0.0394, 1.65 0.0896 0.0394, -1.4642 0.0896 0.0394, -1.4642 0.5621 0.0394, -0.4799 0.5621 0.0394, -0.4799 0.0896 0.0394, 0.5043 0.0896 0.0394, -1.4642 0.0896 0.0157, -1.4642 0.5621 0.0, -1.4642 0.0896 0.0, -0.4799 0.5621 0.0, -0.4799 0.0896 0.0, 1.0063 -0.9733 0.7598, 0.9768 -0.9733 0.7598, 1.0063 -0.9733 0.7205, 0.9768 -0.9733 0.6811, 1.1047 -0.9733 0.7205, 1.1342 -0.9733 0.6811, 1.1047 -0.9733 0.7598, 1.1342 -0.9733 0.7598, 1.1342 -1.9182 0.7598, 1.2476 -1.5687 0.7598, 1.2288 -1.5442 0.7598, 1.213 -0.9733 0.7598, 1.213 -1.4852 0.7598, 1.217 -1.5157 0.7598, 1.3311 -1.7214 0.7598, 1.3311 -1.6033 0.7598, 1.2467 -1.9182 0.7598, 1.3005 -1.5992 0.7598, 1.272 -1.5874 0.7598, 0.5634 -0.9733 0.7598, 0.5634 -1.9182 0.7598, 0.9768 -1.9182 0.7598, 1.244 -1.9246 0.7535, 1.1342 -1.9685 0.7096, 0.5634 -1.997 0.6811, 0.9768 -1.997 0.6811, 0.4059 -1.9182 0.7598, 0.4059 -0.9733 0.7598, 0.3862 -1.9182 0.7598, 0.3862 -0.9733 0.7598, 0.4059 -1.997 0.6811, 0.3862 -1.997 0.6811, 0.2091 -1.9182 0.7598, 0.2287 -1.9182 0.7598, 0.2091 -0.9733 0.7598, 0.2287 -0.9733 0.7598, 0.2091 -1.997 0.6811, 0.2287 -1.997 0.6811, 0.6892 0.503 0.8987, 0.6892 0.818 0.8987, 0.3637 0.503 1.0866, 0.3637 0.818 1.0866, 1.4098 -0.8946 0.8386, 1.4098 -0.8946 0.4055, 1.4098 0.0896 0.8386, 1.4098 0.0896 0.4055, 1.2917 -0.8946 0.8386, 1.2917 -0.8946 0.4055, 1.3311 -1.6033 0.4843, 1.3311 -1.7214 0.4843, 1.213 -1.4852 0.4843, 1.213 -0.9733 0.4843, 1.3005 -1.5992 0.4843, 1.272 -1.5874 0.4843, 1.2476 -1.5687 0.4843, 1.2288 -1.5442 0.4843, 1.217 -1.5157 0.4843, 1.244 -1.9246 0.4906, 1.2467 -1.9182 0.4843, 0.0516 -1.997 0.6811, 0.0516 -0.9733 0.6811, 0.2091 -0.9733 0.6811, 0.0516 -0.9733 0.7598, 0.0516 -1.9182 0.7598, 0.5634 -0.9733 0.6811, 0.4059 -0.9733 0.6811, 0.2287 -0.9733 0.6811, 0.3862 -0.9733 0.6811, 1.1342 -1.9685 0.6811, 1.0631 -1.997 0.6811
            ]
        }
        coordIndex [
            0,1,2,-1,3,2,4,-1,5,6,7,-1,3,4,7,-1,7,4,8,-1,7,8,5,-1,9,0,10,-1,10,0,2,-1,10,2,11,-1,11,2,3,-1,11,3,12,-1,12,3,13,-1,9,10,14,-1,14,10,15,-1,14,15,16,-1,10,11,15,-1,15,11,17,-1,11,12,17,-1,17,12,18,-1,19,20,21,-1,21,20,22,-1,21,22,23,-1,23,22,24,-1,23,24,25,-1,25,24,26,-1,27,28,29,-1,30,26,31,-1,31,26,27,-1,31,27,32,-1,32,27,29,-1,33,34,35,-1,35,34,36,-1,35,36,27,-1,27,36,37,-1,27,37,28,-1,38,39,20,-1,20,39,40,-1,35,27,41,-1,41,27,42,-1,43,44,39,-1,39,44,40,-1,45,46,47,-1,47,46,48,-1,45,47,49,-1,49,47,50,-1,51,52,53,-1,53,52,54,-1,51,55,52,-1,52,55,56,-1,57,58,59,-1,59,58,60,-1,61,62,63,-1,63,62,64,-1,61,65,62,-1,62,65,66,-1,34,33,67,-1,67,33,68,-1,69,70,31,-1,31,70,30,-1,34,67,36,-1,36,67,71,-1,36,71,37,-1,37,71,72,-1,37,72,28,-1,28,72,73,-1,28,73,29,-1,29,73,74,-1,29,74,32,-1,32,74,75,-1,32,75,31,-1,31,75,69,-1,41,76,35,-1,35,76,77,-1,35,77,33,-1,33,77,68,-1,70,66,30,-1,30,66,65,-1,78,55,79,-1,79,55,80,-1,51,53,55,-1,55,53,80,-1,79,81,78,-1,78,81,82,-1,83,84,43,-1,43,84,49,-1,39,38,43,-1,43,38,83,-1,84,46,49,-1,49,46,45,-1,56,50,85,-1,85,50,86,-1,47,48,50,-1,50,48,86,-1,85,54,56,-1,56,54,52,-1,87,24,88,-1,88,24,22,-1,88,22,44,-1,27,26,42,-1,42,26,24,-1,42,24,87,-1,44,22,40,-1,40,22,20,-1,
        ]
    }
}
Shape{
    appearance Appearance {
        material  Material 	{
            diffuseColor 1.0 1.0 0.5019607843137255
            specularColor 0.5019607843137255 0.5019607843137255 0.25098039215686274
            ambientIntensity 0.9432
            transparency 0.0
            shininess 0.5
        }
    }
    geometry IndexedFaceSet {
        ccw TRUE
        solid FALSE
        coord DEF co Coordinate {
            point [
                1.1047 -0.9733 0.7598, 1.1047 -1.8985 0.7598, 1.1047 -0.9733 0.7205, 1.1047 -1.8985 0.7205, 1.0063 -0.9733 0.7205, 1.0063 -1.8985 0.7205, 1.0063 -0.9733 0.7598, 1.0063 -1.8985 0.7598
            ]
        }
        coordIndex [
            0,1,2,-1,2,1,3,-1,2,3,4,-1,4,3,5,-1,4,5,6,-1,6,5,7,-1,6,7,0,-1,0,7,1,-1,3,1,5,-1,5,1,7,-1,
        ]
    }
}
Shape{
    appearance Appearance {
        material  Material 	{
            diffuseColor 0.25098039215686274 0.25098039215686274 0.25098039215686274
            specularColor 0.12549019607843137 0.12549019607843137 0.12549019607843137
            ambientIntensity 0.251
            transparency 0.0
            shininess 0.5
        }
    }
    geometry IndexedFaceSet {
        ccw TRUE
        solid FALSE
        coord DEF co Coordinate {
            point [
                1.4886 0.0896 0.0, 1.4886 0.5621 0.0, 1.4886 0.0896 0.0157, 1.4886 0.5621 0.0394, 1.4886 0.0896 0.0394, 0.5043 0.5621 0.0394, 0.5043 0.5621 0.0, 0.5043 0.0896 0.0394, 0.5043 0.0896 0.0
            ]
        }
        coordIndex [
            0,1,2,-1,2,1,3,-1,2,3,4,-1,5,3,6,-1,6,3,1,-1,7,5,8,-1,8,5,6,-1,
        ]
    }
}
Shape{
    appearance Appearance {
        material  Material 	{
            diffuseColor 1.0 1.0 0.5019607843137255
            specularColor 0.5019607843137255 0.5019607843137255 0.25098039215686274
            ambientIntensity 0.9432
            transparency 0.0
            shininess 0.5
        }
    }
    geometry IndexedFaceSet {
        ccw TRUE
        solid FALSE
        coord DEF co Coordinate {
            point [
                0.3567 -1.7253 0.7598, 0.2583 -1.7253 0.7598, 0.3567 -1.7253 0.7205, 0.2583 -1.7253 0.7205, 0.3567 -0.9733 0.7205, 0.2583 -0.9733 0.7205, 0.3567 -0.9733 0.7598, 0.2583 -0.9733 0.7598, 0.5339 -1.8985 0.7598, 0.4354 -1.8985 0.7598, 0.5339 -1.8985 0.7205, 0.4354 -1.8985 0.7205, 0.5339 -0.9733 0.7205, 0.4354 -0.9733 0.7205, 0.5339 -0.9733 0.7598, 0.4354 -0.9733 0.7598, 0.1795 -1.7253 0.7598, 0.0811 -1.7253 0.7598, 0.1795 -1.7253 0.7205, 0.0811 -1.7253 0.7205, 0.1795 -0.9733 0.7205, 0.0811 -0.9733 0.7205, 0.1795 -0.9733 0.7598, 0.0811 -0.9733 0.7598
            ]
        }
        coordIndex [
            0,1,2,-1,2,1,3,-1,4,2,5,-1,5,2,3,-1,6,7,0,-1,0,7,1,-1,6,0,4,-1,4,0,2,-1,7,5,1,-1,1,5,3,-1,8,9,10,-1,10,9,11,-1,12,10,13,-1,13,10,11,-1,14,15,8,-1,8,15,9,-1,14,8,12,-1,12,8,10,-1,15,13,9,-1,9,13,11,-1,16,17,18,-1,18,17,19,-1,20,18,21,-1,21,18,19,-1,22,23,16,-1,16,23,17,-1,22,16,20,-1,20,16,18,-1,23,21,17,-1,17,21,19,-1,
        ]
    }
}
Shape{
    appearance Appearance {
        material  Material 	{
            diffuseColor 0.25098039215686274 0.25098039215686274 0.25098039215686274
            specularColor 0.12549019607843137 0.12549019607843137 0.12549019607843137
            ambientIntensity 0.251
            transparency 0.0
            shininess 0.5
        }
    }
    geometry IndexedFaceSet {
        ccw TRUE
        solid FALSE
        coord DEF co Coordinate {
            point [
                0.8783 0.503 1.122, 0.8783 0.503 0.8754, 0.6892 0.503 0.8754, 0.4059 0.503 1.126, 0.8783 0.503 1.126, 0.2955 0.503 1.126, 0.3637 0.503 1.0866, 0.6892 0.503 0.8987, 0.8783 0.818 0.8754, 0.6892 0.818 0.8754, 0.8783 0.818 1.122, 0.6892 0.818 0.8987, -0.6648 0.503 0.8987, -0.6648 0.503 0.8754, -0.8539 0.503 0.8754, -0.8539 0.503 1.122, -0.8539 0.503 1.126, -0.3815 0.503 1.126, -0.3393 0.503 1.0866, -0.2711 0.503 1.126, -0.6648 0.818 0.8754, -0.8539 0.818 0.8754, -0.8539 0.818 1.122, -0.6648 0.818 0.8987, -1.224 0.4046 0.0, -1.2207 0.3791 -0.2638, -1.2207 0.3791 0.0, -1.2108 0.3554 -0.2638, -1.2108 0.3554 0.0, -1.1952 0.335 -0.2638, -1.1952 0.335 0.0, -1.1748 0.3194 -0.2638, -1.1748 0.3194 0.0, -1.1511 0.3095 -0.2638, -1.1511 0.3095 0.0, -1.1256 0.3062 -0.2638, -1.1256 0.3062 0.0, -1.1001 0.3095 -0.2638, -1.1001 0.3095 0.0, -1.0764 0.3194 -0.2638, -1.0764 0.3194 0.0, -1.056 0.335 -0.2638, -1.056 0.335 0.0, -1.0404 0.3554 -0.2638, -1.0404 0.3554 0.0, -1.0305 0.3791 -0.2638, -1.0305 0.3791 0.0, -1.0272 0.4046 -0.2638, -1.0272 0.4046 0.0, -1.0305 0.4301 -0.2638, -1.0305 0.4301 0.0, -1.0404 0.4538 -0.2638, -1.0404 0.4538 0.0, -1.056 0.4742 -0.2638, -1.056 0.4742 0.0, -1.0764 0.4898 -0.2638, -1.0764 0.4898 0.0, -1.1001 0.4997 -0.2638, -1.1001 0.4997 0.0, -1.1256 0.503 -0.2638, -1.1256 0.503 0.0, -1.1511 0.4997 -0.2638, -1.1511 0.4997 0.0, -1.1748 0.4898 -0.2638, -1.1748 0.4898 0.0, -1.1952 0.4742 -0.2638, -1.1952 0.4742 0.0, -1.2108 0.4538 -0.2638, -1.2108 0.4538 0.0, -1.2207 0.4301 -0.2638, -1.2207 0.4301 0.0, -1.224 0.4046 -0.2638, -1.0745 0.4341 -0.3031, -1.0686 0.4199 -0.3031, -1.1256 0.4046 -0.3031, -1.0665 0.4046 -0.3031, -1.0686 0.3893 -0.3031, -1.1103 0.4616 -0.3031, -1.0961 0.4557 -0.3031, -1.0838 0.4464 -0.3031, -1.1551 0.4557 -0.3031, -1.1409 0.4616 -0.3031, -1.1256 0.4637 -0.3031, -1.1826 0.4199 -0.3031, -1.1767 0.4341 -0.3031, -1.1674 0.4464 -0.3031, -1.1767 0.3751 -0.3031, -1.1826 0.3893 -0.3031, -1.1847 0.4046 -0.3031, -1.1409 0.3476 -0.3031, -1.1551 0.3535 -0.3031, -1.1674 0.3628 -0.3031, -1.0961 0.3535 -0.3031, -1.1103 0.3476 -0.3031, -1.1256 0.3455 -0.3031, -1.0745 0.3751 -0.3031, -1.0838 0.3628 -0.3031, 1.0516 0.4046 0.0, 1.0549 0.3791 -0.2638, 1.0549 0.3791 0.0, 1.0648 0.3554 -0.2638, 1.0648 0.3554 0.0, 1.0804 0.335 -0.2638, 1.0804 0.335 0.0, 1.1008 0.3194 -0.2638, 1.1008 0.3194 0.0, 1.1245 0.3095 -0.2638, 1.1245 0.3095 0.0, 1.15 0.3062 -0.2638, 1.15 0.3062 0.0, 1.1755 0.3095 -0.2638, 1.1755 0.3095 0.0, 1.1992 0.3194 -0.2638, 1.1992 0.3194 0.0, 1.2196 0.335 -0.2638, 1.2196 0.335 0.0, 1.2352 0.3554 -0.2638, 1.2352 0.3554 0.0, 1.2451 0.3791 -0.2638, 1.2451 0.3791 0.0, 1.2484 0.4046 -0.2638, 1.2484 0.4046 0.0, 1.2451 0.4301 -0.2638, 1.2451 0.4301 0.0, 1.2352 0.4538 -0.2638, 1.2352 0.4538 0.0, 1.2196 0.4742 -0.2638, 1.2196 0.4742 0.0, 1.1992 0.4898 -0.2638, 1.1992 0.4898 0.0, 1.1755 0.4997 -0.2638, 1.1755 0.4997 0.0, 1.15 0.503 -0.2638, 1.15 0.503 0.0, 1.1245 0.4997 -0.2638, 1.1245 0.4997 0.0, 1.1008 0.4898 -0.2638, 1.1008 0.4898 0.0, 1.0804 0.4742 -0.2638, 1.0804 0.4742 0.0, 1.0648 0.4538 -0.2638, 1.0648 0.4538 0.0, 1.0549 0.4301 -0.2638, 1.0549 0.4301 0.0, 1.0516 0.4046 -0.2638, 1.0989 0.3751 -0.3031, 1.093 0.3893 -0.3031, 1.15 0.4046 -0.3031, 1.0909 0.4046 -0.3031, 1.093 0.4199 -0.3031, 1.1347 0.3476 -0.3031, 1.1205 0.3535 -0.3031, 1.1082 0.3628 -0.3031, 1.1795 0.3535 -0.3031, 1.1653 0.3476 -0.3031, 1.15 0.3455 -0.3031, 1.207 0.3893 -0.3031, 1.2011 0.3751 -0.3031, 1.1918 0.3628 -0.3031, 1.2011 0.4341 -0.3031, 1.207 0.4199 -0.3031, 1.2091 0.4046 -0.3031, 1.1653 0.4616 -0.3031, 1.1795 0.4557 -0.3031, 1.1918 0.4464 -0.3031, 1.1205 0.4557 -0.3031, 1.1347 0.4616 -0.3031, 1.15 0.4637 -0.3031, 1.0989 0.4341 -0.3031, 1.1082 0.4464 -0.3031, -0.0272 -0.9733 0.563, -0.0272 -0.9733 0.4843, -0.0272 -1.997 0.563, -0.0272 -1.9182 0.4843, -0.1847 -1.9182 0.4843, -0.1847 -0.9733 0.4843, -0.1847 -1.997 0.563, -0.1847 -0.9733 0.563, 1.1342 -0.9733 0.4843, 1.1342 -1.9182 0.4843, 1.1342 -0.9733 0.563, 1.1342 -1.9685 0.5345, 1.1342 -1.9685 0.563, 0.9768 -1.997 0.563, 0.9768 -0.9733 0.563, 1.0631 -1.997 0.563, 0.9768 -0.9733 0.4843, 0.9768 -1.9182 0.4843, -0.539 -0.9733 0.563, -0.3815 -0.9733 0.563, -0.539 -1.997 0.563, -0.3815 -1.997 0.563, -0.539 -0.9733 0.4843, -0.539 -1.9182 0.4843, -0.3815 -0.9733 0.4843, -0.3815 -1.9182 0.4843, -0.3618 -0.9733 0.563, -0.2043 -0.9733 0.563, -0.3618 -1.997 0.563, -0.2043 -1.997 0.563, -0.3618 -0.9733 0.4843, -0.3618 -1.9182 0.4843, -0.2043 -0.9733 0.4843, -0.2043 -1.9182 0.4843, 0.2287 -0.9733 0.563, 0.2287 -1.997 0.563, 0.2287 -0.9733 0.4843, 0.2287 -1.9182 0.4843, 0.3862 -0.9733 0.4843, 0.3862 -1.9182 0.4843, 0.3862 -0.9733 0.563, 0.3862 -1.997 0.563, 0.4059 -0.9733 0.563, 0.4059 -1.997 0.563, 0.4059 -0.9733 0.4843, 0.4059 -1.9182 0.4843, 0.5634 -0.9733 0.4843, 0.5634 -1.9182 0.4843, 0.5634 -0.9733 0.563, 0.5634 -1.997 0.563, 0.2091 -0.9733 0.563, 0.2091 -1.997 0.563, 0.0516 -0.9733 0.563, 0.0516 -1.997 0.563, 0.0516 -0.9733 0.4843, 0.0516 -1.9182 0.4843, 0.2091 -0.9733 0.4843, 0.2091 -1.9182 0.4843, -0.9524 -0.9733 0.4843, -0.9524 -1.9182 0.4843, -0.9524 -0.9733 0.563, -0.9524 -1.997 0.563, -1.1098 -1.9685 0.563, -1.1098 -0.9733 0.563, -1.0387 -1.997 0.563, -1.1098 -1.9182 0.4843, -1.1098 -0.9733 0.4843, -1.1098 -1.9685 0.5345, -0.8539 0.4637 1.126, -0.8539 0.0896 1.122, -0.8539 0.0896 1.126, -1.3539 0.0896 1.122, -1.3539 0.818 1.122, -1.4243 0.818 1.1128, -1.4243 0.0896 1.1128, -1.4898 0.818 1.0857, -1.4898 0.0896 1.0857, -1.546 0.818 1.0425, -1.546 0.0896 1.0425, -1.5892 0.818 0.9862, -1.5892 0.0896 0.9862, -1.6163 0.818 0.9207, -1.6163 0.0896 0.9207, -1.6256 0.818 0.8504, -1.6256 0.0896 0.8504, -1.6256 0.0896 0.3473, -1.6256 0.818 0.0394, -1.6256 0.0896 0.1087, -1.6256 0.0896 0.0394
            ]
        }
        coordIndex [
            0,1,2,-1,3,4,0,-1,5,3,6,-1,6,3,0,-1,6,0,7,-1,7,0,2,-1,8,9,1,-1,1,9,2,-1,10,8,0,-1,0,8,1,-1,2,9,7,-1,7,9,11,-1,12,13,14,-1,15,16,17,-1,14,15,12,-1,12,15,17,-1,12,17,18,-1,18,17,19,-1,20,21,13,-1,13,21,14,-1,15,14,22,-1,22,14,21,-1,20,13,23,-1,23,13,12,-1,24,25,26,-1,26,25,27,-1,26,27,28,-1,28,27,29,-1,28,29,30,-1,30,29,31,-1,30,31,32,-1,32,31,33,-1,32,33,34,-1,34,33,35,-1,34,35,36,-1,36,35,37,-1,36,37,38,-1,38,37,39,-1,38,39,40,-1,40,39,41,-1,40,41,42,-1,42,41,43,-1,42,43,44,-1,44,43,45,-1,44,45,46,-1,46,45,47,-1,46,47,48,-1,48,47,49,-1,48,49,50,-1,50,49,51,-1,50,51,52,-1,52,51,53,-1,52,53,54,-1,54,53,55,-1,54,55,56,-1,56,55,57,-1,56,57,58,-1,58,57,59,-1,58,59,60,-1,60,59,61,-1,60,61,62,-1,62,61,63,-1,62,63,64,-1,64,63,65,-1,64,65,66,-1,66,65,67,-1,66,67,68,-1,68,67,69,-1,68,69,70,-1,70,69,71,-1,70,71,24,-1,24,71,25,-1,72,73,74,-1,74,73,75,-1,74,75,76,-1,77,78,74,-1,74,78,79,-1,74,79,72,-1,80,81,74,-1,74,81,82,-1,74,82,77,-1,83,84,74,-1,74,84,85,-1,74,85,80,-1,86,87,74,-1,74,87,88,-1,74,88,83,-1,89,90,74,-1,74,90,91,-1,74,91,86,-1,92,93,74,-1,74,93,94,-1,74,94,89,-1,76,95,74,-1,74,95,96,-1,74,96,92,-1,97,98,99,-1,99,98,100,-1,99,100,101,-1,101,100,102,-1,101,102,103,-1,103,102,104,-1,103,104,105,-1,105,104,106,-1,105,106,107,-1,107,106,108,-1,107,108,109,-1,109,108,110,-1,109,110,111,-1,111,110,112,-1,111,112,113,-1,113,112,114,-1,113,114,115,-1,115,114,116,-1,115,116,117,-1,117,116,118,-1,117,118,119,-1,119,118,120,-1,119,120,121,-1,121,120,122,-1,121,122,123,-1,123,122,124,-1,123,124,125,-1,125,124,126,-1,125,126,127,-1,127,126,128,-1,127,128,129,-1,129,128,130,-1,129,130,131,-1,131,130,132,-1,131,132,133,-1,133,132,134,-1,133,134,135,-1,135,134,136,-1,135,136,137,-1,137,136,138,-1,137,138,139,-1,139,138,140,-1,139,140,141,-1,141,140,142,-1,141,142,143,-1,143,142,144,-1,143,144,97,-1,97,144,98,-1,145,146,147,-1,147,146,148,-1,147,148,149,-1,150,151,147,-1,147,151,152,-1,147,152,145,-1,153,154,147,-1,147,154,155,-1,147,155,150,-1,156,157,147,-1,147,157,158,-1,147,158,153,-1,159,160,147,-1,147,160,161,-1,147,161,156,-1,162,163,147,-1,147,163,164,-1,147,164,159,-1,165,166,147,-1,147,166,167,-1,147,167,162,-1,149,168,147,-1,147,168,169,-1,147,169,165,-1,71,87,25,-1,25,87,86,-1,25,86,27,-1,27,86,91,-1,27,91,29,-1,29,91,90,-1,29,90,31,-1,31,90,89,-1,31,89,33,-1,33,89,94,-1,33,94,35,-1,35,94,93,-1,35,93,37,-1,37,93,92,-1,37,92,39,-1,39,92,96,-1,39,96,41,-1,41,96,95,-1,41,95,43,-1,43,95,76,-1,43,76,45,-1,45,76,75,-1,45,75,47,-1,47,75,73,-1,47,73,49,-1,49,73,72,-1,49,72,51,-1,51,72,79,-1,51,79,53,-1,53,79,78,-1,53,78,55,-1,55,78,77,-1,55,77,57,-1,57,77,82,-1,57,82,59,-1,59,82,81,-1,59,81,61,-1,61,81,80,-1,61,80,63,-1,63,80,85,-1,63,85,65,-1,65,85,84,-1,65,84,67,-1,67,84,83,-1,67,83,69,-1,69,83,88,-1,69,88,71,-1,71,88,87,-1,144,146,98,-1,98,146,145,-1,98,145,100,-1,100,145,152,-1,100,152,102,-1,102,152,151,-1,102,151,104,-1,104,151,150,-1,104,150,106,-1,106,150,155,-1,106,155,108,-1,108,155,154,-1,108,154,110,-1,110,154,153,-1,110,153,112,-1,112,153,158,-1,112,158,114,-1,114,158,157,-1,114,157,116,-1,116,157,156,-1,116,156,118,-1,118,156,161,-1,118,161,120,-1,120,161,160,-1,120,160,122,-1,122,160,159,-1,122,159,124,-1,124,159,164,-1,124,164,126,-1,126,164,163,-1,126,163,128,-1,128,163,162,-1,128,162,130,-1,130,162,167,-1,130,167,132,-1,132,167,166,-1,132,166,134,-1,134,166,165,-1,134,165,136,-1,136,165,169,-1,136,169,138,-1,138,169,168,-1,138,168,140,-1,140,168,149,-1,140,149,142,-1,142,149,148,-1,142,148,144,-1,144,148,146,-1,170,171,172,-1,172,171,173,-1,174,175,176,-1,176,175,177,-1,170,177,171,-1,171,177,175,-1,172,176,170,-1,170,176,177,-1,178,179,180,-1,180,179,181,-1,180,181,182,-1,183,184,185,-1,185,184,180,-1,185,180,182,-1,184,183,186,-1,186,183,187,-1,180,184,178,-1,178,184,186,-1,188,189,190,-1,190,189,191,-1,188,190,192,-1,192,190,193,-1,194,195,189,-1,189,195,191,-1,192,194,188,-1,188,194,189,-1,196,197,198,-1,198,197,199,-1,196,198,200,-1,200,198,201,-1,202,203,197,-1,197,203,199,-1,200,202,196,-1,196,202,197,-1,204,205,206,-1,206,205,207,-1,208,209,210,-1,210,209,211,-1,210,211,204,-1,204,211,205,-1,208,210,206,-1,206,210,204,-1,212,213,214,-1,214,213,215,-1,216,217,218,-1,218,217,219,-1,218,219,212,-1,212,219,213,-1,216,218,214,-1,214,218,212,-1,220,221,222,-1,222,221,223,-1,222,223,224,-1,224,223,225,-1,226,227,220,-1,220,227,221,-1,224,226,222,-1,222,226,220,-1,228,229,230,-1,230,229,231,-1,232,233,234,-1,234,233,230,-1,234,230,231,-1,235,236,237,-1,237,236,233,-1,237,233,232,-1,233,236,230,-1,230,236,228,-1,16,15,238,-1,238,15,239,-1,238,239,240,-1,241,239,242,-1,242,239,15,-1,242,15,22,-1,241,242,243,-1,241,243,244,-1,244,243,245,-1,244,245,246,-1,246,245,247,-1,246,247,248,-1,248,247,249,-1,248,249,250,-1,250,249,251,-1,250,251,252,-1,252,251,253,-1,252,253,254,-1,254,253,255,-1,255,253,256,-1,255,256,257,-1,257,256,258,-1,
        ]
    }
}
Shape{
    appearance Appearance {
        material  Material 	{
            diffuseColor 0.7529411764705882 0.7529411764705882 0.7529411764705882
            specularColor 0.3764705882352941 0.3764705882352941 0.3764705882352941
            ambientIntensity 0.7529
            transparency 0.0
            shininess 0.5
        }
    }
    geometry IndexedFaceSet {
        ccw TRUE
        solid FALSE
        coord DEF co Coordinate {
            point [
                0.2955 0.0896 1.126, 0.2955 0.503 1.126, 0.3637 0.0896 1.0866, 0.3637 0.503 1.0866, -0.3393 0.0896 1.0866, -0.3393 0.503 1.0866, -0.2711 0.0896 1.126, -0.2711 0.503 1.126
            ]
        }
        coordIndex [
            0,1,2,-1,2,1,3,-1,4,5,6,-1,6,5,7,-1,
        ]
    }
}
Shape{
    appearance Appearance {
        material  Material 	{
            diffuseColor 0.25098039215686274 0.25098039215686274 0.25098039215686274
            specularColor 0.12549019607843137 0.12549019607843137 0.12549019607843137
            ambientIntensity 0.251
            transparency 0.0
            shininess 0.5
        }
    }
    geometry IndexedFaceSet {
        ccw TRUE
        solid FALSE
        coord DEF co Coordinate {
            point [
                0.3637 0.818 1.0866, -0.3393 0.818 1.0866, 0.3637 0.503 1.0866, -0.3393 0.503 1.0866, 0.3637 0.0896 1.0866, -0.3393 0.0896 1.0866, 0.8783 0.0896 1.126, 0.8783 0.0896 1.122, 0.8783 0.4637 1.126, 0.8783 0.503 1.122, 0.8783 0.503 1.126, 1.65 0.0896 0.1087, 1.65 0.0896 0.0394, 1.65 0.818 0.0394, 1.65 0.0896 0.3473, 1.65 0.818 0.8504, 1.65 0.0896 0.8504, 1.6407 0.818 0.9207, 1.6407 0.0896 0.9207, 1.6136 0.818 0.9862, 1.6136 0.0896 0.9862, 1.5704 0.818 1.0425, 1.5704 0.0896 1.0425, 1.5142 0.818 1.0857, 1.5142 0.0896 1.0857, 1.4487 0.818 1.1128, 1.4487 0.0896 1.1128, 1.3783 0.818 1.122, 1.3783 0.0896 1.122, 0.8783 0.818 1.122
            ]
        }
        coordIndex [
            0,1,2,-1,2,1,3,-1,2,3,4,-1,4,3,5,-1,6,7,8,-1,8,7,9,-1,8,9,10,-1,11,12,13,-1,11,13,14,-1,14,13,15,-1,14,15,16,-1,16,15,17,-1,16,17,18,-1,18,17,19,-1,18,19,20,-1,20,19,21,-1,20,21,22,-1,22,21,23,-1,22,23,24,-1,24,23,25,-1,24,25,26,-1,26,25,27,-1,26,27,28,-1,7,28,9,-1,9,28,27,-1,9,27,29,-1,
        ]
    }
}
Shape{
    appearance Appearance {
        material  Material 	{
            diffuseColor 0.7529411764705882 0.7529411764705882 0.7529411764705882
            specularColor 0.3764705882352941 0.3764705882352941 0.3764705882352941
            ambientIntensity 0.7529
            transparency 0.0
            shininess 0.5
        }
    }
    geometry IndexedFaceSet {
        ccw TRUE
        solid FALSE
        coord DEF co Coordinate {
            point [
                -1.7476 0.6211 0.8504, -1.7476 0.818 0.8504, -1.6295 0.6211 0.8504, -1.6295 0.818 0.8504, 1.6539 0.6211 0.8504, 1.772 0.6211 0.8504, 1.6539 0.6008 0.8477, 1.772 0.6008 0.8477, 1.6539 0.5818 0.8398, 1.772 0.5818 0.8398, 1.6539 0.5655 0.8273, 1.772 0.5655 0.8273, 1.6539 0.5529 0.811, 1.772 0.5529 0.811, 1.6539 0.5451 0.792, 1.772 0.5451 0.792, 1.6539 0.5424 0.7717, 1.772 0.5424 0.7717, -1.7476 0.6008 0.8477, -1.6295 0.6008 0.8477, -1.7476 0.5818 0.8398, -1.6295 0.5818 0.8398, -1.7476 0.5655 0.8273, -1.6295 0.5655 0.8273, -1.7476 0.5529 0.811, -1.6295 0.5529 0.811, -1.7476 0.5451 0.792, -1.6295 0.5451 0.792, -1.7476 0.5424 0.7717, -1.6295 0.5424 0.7717
            ]
        }
        coordIndex [
            0,1,2,-1,2,1,3,-1,4,5,6,-1,6,5,7,-1,6,7,8,-1,8,7,9,-1,8,9,10,-1,10,9,11,-1,10,11,12,-1,12,11,13,-1,12,13,14,-1,14,13,15,-1,14,15,16,-1,16,15,17,-1,0,2,18,-1,18,2,19,-1,18,19,20,-1,20,19,21,-1,20,21,22,-1,22,21,23,-1,22,23,24,-1,24,23,25,-1,24,25,26,-1,26,25,27,-1,26,27,28,-1,28,27,29,-1,
        ]
    }
}