#VRML V2.0 utf8
# 3D model generated by easyeda2kicad.py (https://github.com/uPesy/easyeda2kicad.py)

Shape{
    appearance Appearance {
        material  Material 	{
            diffuseColor 0.2235294117647059 0.2235294117647059 0.2235294117647059
            specularColor 0.11372549019607843 0.11372549019607843 0.11372549019607843
            ambientIntensity 0.2235
            transparency 0.0
            shininess 0.5
        }
    }
    geometry IndexedFaceSet {
        ccw TRUE
        solid FALSE
        coord DEF co Coordinate {
            point [
                -0.0967 0.876 0.5323, -0.0522 0.876 0.5323, -0.0522 0.876 0.5094, -0.0936 0.876 0.4868, -0.0936 0.876 0.4863, -0.0967 0.876 0.4863, -0.4921 0.876 0.874, -0.4921 0.876 1.1102, -0.3242 0.876 1.1102, -0.0636 0.876 0.614, -0.0636 0.876 0.6137, -0.0967 0.876 0.6137, 0.2439 0.876 0.4848, 0.1741 0.876 0.4848, 0.171 0.876 0.4863, 0.2287 0.876 0.6253, 0.2264 0.876 0.6261, 1.0032 0.876 0.6261, 0.8773 0.876 0.874, 0.8773 0.876 1.1102, 1.0032 0.876 1.1102, 0.0494 0.876 0.5524, 0.0341 0.876 0.5392, -0.0193 0.876 0.6137, -0.0193 0.876 0.5323, 0.0995 0.876 0.6071, 0.0799 0.876 0.5837, 0.0691 0.876 0.5619, 0.0663 0.876 0.5609, -0.0193 0.876 0.6261, 0.1214 0.876 0.6225, 0.1089 0.876 0.6137, -0.0193 0.876 1.1102, 0.1496 0.876 0.6337, 0.1304 0.876 0.6261, 0.4921 0.876 0.874, 0.4921 0.876 1.1102, 0.2022 0.876 0.6346, 0.1767 0.876 0.6372, 1.0032 0.876 0.6137, 0.2474 0.876 0.6137, 0.2452 0.876 0.6155, 0.3059 0.876 0.5893, 0.2835 0.876 0.5919, 0.2586 0.876 0.6042, 0.277 0.876 0.5915, 0.2704 0.876 0.5906, 0.3492 0.876 0.565, 0.3453 0.876 0.5686, 0.3271 0.876 0.5812, 1.0032 0.876 0.5323, 1.0032 0.876 0.5094, 0.3755 0.876 0.5094, 0.3722 0.876 0.5272, 0.3699 0.876 0.5323, 0.363 0.876 0.5476, 1.0032 0.876 0.4848, 0.3747 0.876 0.4863, 1.0032 0.876 0.4863, 0.3764 0.876 0.5003, 0.3762 0.876 0.5058, 0.1272 0.876 0.4412, 0.1233 0.876 0.4427, 0.1164 0.876 0.4751, 0.1307 0.876 0.4388, 0.3658 0.876 0.4568, 0.3738 0.876 0.478, 0.3746 0.876 0.4848, 0.1189 0.876 0.4433, 0.1183 0.876 0.4432, 0.1166 0.876 0.4428, 0.1367 0.876 0.4257, 0.1365 0.876 0.428, 0.1964 0.876 0.4336, 0.1353 0.876 0.4323, 0.1331 0.876 0.4362, 0.1235 0.876 0.4085, 0.1272 0.876 0.41, 0.2002 0.876 0.4079, 0.1309 0.876 0.4127, 0.1322 0.876 0.414, 0.1347 0.876 0.4176, 0.1361 0.876 0.4215, 0.1968 0.876 0.422, 0.1964 0.876 0.4279, 0.0233 0.876 0.4486, 0.0347 0.876 0.433, -0.0193 0.876 0.1102, 0.0603 0.876 0.4566, 0.054 0.876 0.4654, 0.05 0.876 0.4755, 0.1219 0.876 0.4848, 0.2935 0.876 0.3877, 0.3019 0.876 0.3982, 0.4606 0.876 0.1102, 0.3076 0.876 0.4104, 0.1155 0.876 0.4427, 0.0899 0.876 0.4425, 0.0796 0.876 0.4444, 0.0696 0.876 0.4489, 0.0611 0.876 0.4558, 0.0503 0.876 0.42, 0.0677 0.876 0.4116, 0.0867 0.876 0.4077, 0.2537 0.876 0.3713, 0.3228 0.876 0.1102, 0.24 0.876 0.3729, 0.0709 0.876 0.1102, 0.2272 0.876 0.3777, 0.2559 0.876 0.3714, 0.2694 0.876 0.3736, 0.2825 0.876 0.3792, 0.2158 0.876 0.3855, 0.207 0.876 0.3953, 0.1203 0.876 0.408, 0.0488 0.876 0.4848, 0.0486 0.876 0.4863, 0.1228 0.876 0.4863, 0.0486 0.876 0.4866, 0.3381 0.876 0.4863, 0.3399 0.876 0.4924, 0.1338 0.876 0.5054, 0.3405 0.876 0.5012, 0.3394 0.876 0.5094, 0.0488 0.876 0.4916, 0.0514 0.876 0.5025, 0.055 0.876 0.5094, 0.2323 0.876 0.4818, 0.2203 0.876 0.4752, 0.2104 0.876 0.4661, 0.2791 0.876 0.4795, 0.2665 0.876 0.4842, 0.3377 0.876 0.4848, 0.2617 0.876 0.4848, 0.2529 0.876 0.4858, 0.246 0.876 0.4853, 0.3359 0.876 0.4785, 0.3003 0.876 0.4608, 0.2908 0.876 0.4715, 0.3292 0.876 0.4669, 0.3191 0.876 0.4563, 0.3067 0.876 0.4486, 0.0972 0.876 0.5313, 0.3337 0.876 0.5276, 0.3387 0.876 0.515, 0.0926 0.876 0.5313, 0.0566 0.876 0.5124, 0.0631 0.876 0.5198, 0.0719 0.876 0.526, 0.0818 0.876 0.5299, 0.1092 0.876 0.5656, 0.1219 0.876 0.5811, 0.2531 0.876 0.549, 0.1234 0.876 0.5824, 0.1393 0.876 0.5936, 0.2442 0.876 0.5669, 0.3304 0.876 0.5323, 0.2571 0.876 0.5512, 0.0974 0.876 0.5323, 0.1006 0.876 0.5472, 0.2699 0.876 0.556, 0.2832 0.876 0.5577, 0.2891 0.876 0.5575, 0.2314 0.876 0.5821, 0.1571 0.876 0.6006, 0.216 0.876 0.5931, 0.1764 0.876 0.6031, 0.1974 0.876 0.6005, 0.3032 0.876 0.5542, 0.3159 0.876 0.5476, 0.3258 0.876 0.5389, 0.016 0.876 0.4666, -0.0193 0.876 0.4848, 0.0135 0.876 0.4848, -0.0193 0.876 0.4863, 0.0133 0.876 0.4863, -0.0193 0.876 0.5094, 0.0157 0.876 0.5055, 0.0133 0.876 0.4869, 0.0292 0.876 0.5323, 0.0226 0.876 0.5229, 0.0173 0.876 0.5094, -0.393 0.876 0.4643, -0.3959 0.876 0.4567, -0.4324 0.876 0.4844, -0.3673 0.876 0.4835, -0.377 0.876 0.4799, -0.4013 0.876 0.4046, -0.3909 0.876 0.4229, -0.3849 0.876 0.4159, -1.2165 0.876 0.1102, -1.2732 0.876 0.1141, -0.4434 0.876 0.4843, -1.3181 0.876 0.1229, -0.9508 0.876 0.1102, -0.4734 0.876 0.404, -0.7362 0.876 0.1102, -0.4539 0.876 0.4261, -0.4206 0.876 0.4263, -0.4619 0.876 0.4041, -0.4127 0.876 0.4045, -0.3765 0.876 0.4099, -0.3673 0.876 0.4064, -0.3537 0.876 0.4049, -1.3937 0.876 0.0472, -1.6299 0.876 0.0472, -1.6299 0.876 0.4848, -0.4606 0.876 0.1102, -0.3917 0.876 0.1102, -0.3242 0.876 0.1102, -0.3317 0.876 0.405, -0.3242 0.876 0.4848, -0.3853 0.876 0.4741, -0.3881 0.876 0.4713, -0.3972 0.876 0.4456, -0.3969 0.876 0.4405, -0.3949 0.876 0.4312, -0.3323 0.876 0.4848, -0.3323 0.876 0.4851, -0.3242 0.876 0.4863, -0.3551 0.876 0.485, -0.3567 0.876 0.4848, -1.6299 0.876 0.4863, -0.3153 0.876 0.4852, -0.3153 0.876 0.4848, -0.3152 0.876 0.476, -0.3127 0.876 0.4412, -0.3128 0.876 0.4504, -0.2999 0.876 0.4505, -0.3228 0.876 0.1102, -0.3166 0.876 0.4052, -0.3166 0.876 0.4143, -0.2999 0.876 0.4144, -0.2999 0.876 0.4413, -0.2841 0.876 0.4414, -0.2839 0.876 0.4145, -0.2999 0.876 0.4761, -0.2843 0.876 0.4762, -0.2842 0.876 0.4506, -0.2999 0.876 0.4863, -0.2999 0.876 0.4853, -0.2741 0.876 0.4855, -0.2683 0.876 0.4863, -0.2741 0.876 0.4848, -0.2999 0.876 0.1102, -0.2999 0.876 0.4053, -0.2683 0.876 0.1102, -0.2735 0.876 0.4055, -0.2683 0.876 0.4848, -0.1691 0.876 0.1102, -0.1504 0.876 0.4063, -0.1015 0.876 0.1102, -0.1403 0.876 0.4064, -0.1088 0.876 0.4341, -0.112 0.876 0.4367, -0.1103 0.876 0.45, -0.1164 0.876 0.4388, -0.1162 0.876 0.4538, -0.1236 0.876 0.4405, -0.1325 0.876 0.4565, -0.1291 0.876 0.4568, -0.1225 0.876 0.4561, -0.1104 0.876 0.4598, -0.1015 0.876 0.4848, -0.1125 0.876 0.461, -0.12 0.876 0.4638, -0.1301 0.876 0.465, -0.1364 0.876 0.4643, -0.1405 0.876 0.463, -0.1438 0.876 0.461, -0.166 0.876 0.4548, -0.1465 0.876 0.4584, -0.1647 0.876 0.4516, -0.1485 0.876 0.4551, -0.15 0.876 0.4504, -0.1404 0.876 0.4152, -0.1401 0.876 0.4152, -0.1062 0.876 0.414, -0.105 0.876 0.4174, -0.1687 0.876 0.4372, -0.164 0.876 0.4186, -0.1691 0.876 0.437, -0.1681 0.876 0.4161, -0.1691 0.876 0.4157, -0.1671 0.876 0.4389, -0.1658 0.876 0.441, -0.1506 0.876 0.4431, -0.1647 0.876 0.4441, -0.1643 0.876 0.448, -0.1406 0.876 0.4428, -0.1403 0.876 0.4472, -0.1393 0.876 0.4508, -0.1381 0.876 0.4528, -0.1282 0.876 0.4058, -0.1225 0.876 0.4052, -0.1166 0.876 0.4059, -0.1127 0.876 0.4074, -0.1094 0.876 0.4098, -0.1083 0.876 0.4109, -0.1045 0.876 0.422, -0.1046 0.876 0.4235, -0.1053 0.876 0.4278, -0.1068 0.876 0.4313, -0.1376 0.876 0.4117, -0.1343 0.876 0.4086, -0.1322 0.876 0.4074, -0.1366 0.876 0.4545, -0.1348 0.876 0.4556, -0.164 0.876 0.4082, -0.1691 0.876 0.4063, -0.17 0.876 0.406, -0.1994 0.876 0.431, -0.2013 0.876 0.4282, -0.2002 0.876 0.4522, -0.2027 0.876 0.4215, -0.2022 0.876 0.4175, -0.2055 0.876 0.1102, -0.1708 0.876 0.4601, -0.1741 0.876 0.4621, -0.1691 0.876 0.4848, -0.1678 0.876 0.4575, -0.1691 0.876 0.4586, -0.1797 0.876 0.4639, -0.1867 0.876 0.4646, -0.2055 0.876 0.4848, -0.1937 0.876 0.4639, -0.2002 0.876 0.4619, -0.2009 0.876 0.4143, -0.199 0.876 0.4117, -0.1962 0.876 0.4092, -0.1938 0.876 0.4078, -0.1885 0.876 0.4058, -0.1795 0.876 0.4048, -0.1857 0.876 0.4564, -0.1827 0.876 0.4562, -0.1747 0.876 0.4488, -0.18 0.876 0.4555, -0.1777 0.876 0.4544, -0.1747 0.876 0.4475, -0.1751 0.876 0.4459, -0.1758 0.876 0.4446, -0.1768 0.876 0.4435, -0.1803 0.876 0.4412, -0.192 0.876 0.4557, -0.1865 0.876 0.4385, -0.1977 0.876 0.4536, -0.1904 0.876 0.4369, -0.197 0.876 0.4331, -0.1762 0.876 0.453, -0.1754 0.876 0.4518, -0.1749 0.876 0.4504, -0.1744 0.876 0.4137, -0.1794 0.876 0.4313, -0.1734 0.876 0.434, -0.1805 0.876 0.413, -0.1809 0.876 0.413, -0.186 0.876 0.4285, -0.1861 0.876 0.4135, -0.1924 0.876 0.4206, -0.1923 0.876 0.4219, -0.1887 0.876 0.4144, -0.1896 0.876 0.415, -0.1908 0.876 0.416, -0.1916 0.876 0.4173, -0.1922 0.876 0.4187, -0.1919 0.876 0.4234, -0.1911 0.876 0.4248, -0.1898 0.876 0.4261, -0.3242 0.876 0.6137, -0.333 0.876 0.6121, -0.3441 0.876 0.6121, -0.3019 0.876 0.5323, -0.302 0.876 0.5323, -0.2999 0.876 0.5323, -0.3242 0.876 0.5894, -0.3134 0.876 0.5323, -0.3134 0.876 0.5322, -0.3242 0.876 0.5094, -0.2999 0.876 0.5094, -0.3242 0.876 0.5323, -0.3242 0.876 0.554, -0.3212 0.876 0.554, -0.3546 0.876 0.5538, -0.3624 0.876 0.5323, -0.3626 0.876 0.5319, -0.374 0.876 0.5318, -1.6299 0.876 0.5094, -0.3738 0.876 0.5323, -1.6299 0.876 0.5323, -1.6299 0.876 0.6137, -0.2323 0.876 0.5328, -0.2329 0.876 0.6128, -0.2248 0.876 0.6137, -0.2557 0.876 0.6127, -0.2683 0.876 0.6137, -0.2248 0.876 0.5323, -0.2543 0.876 0.5326, -0.2683 0.876 0.5323, -0.2679 0.876 0.5342, -0.2955 0.876 0.5589, -0.2915 0.876 0.5507, -0.2975 0.876 0.5683, -0.2999 0.876 0.6137, -0.2965 0.876 0.5844, -0.2978 0.876 0.5734, -0.2855 0.876 0.5436, -0.2771 0.876 0.5377, -0.2683 0.876 0.5343, -0.2859 0.876 0.6019, -0.2887 0.876 0.5991, -0.2936 0.876 0.5921, -0.2679 0.876 0.6112, -0.2683 0.876 0.6111, -0.2776 0.876 0.6076, -0.2134 0.876 0.5781, -0.2134 0.876 0.569, -0.2055 0.876 0.5782, -0.2159 0.876 0.6038, -0.2159 0.876 0.613, -0.2055 0.876 0.6137, -0.2055 0.876 0.613, -0.2055 0.876 0.569, -0.1847 0.876 0.5692, -0.2055 0.876 0.5421, -0.1845 0.876 0.5422, -0.2055 0.876 0.6038, -0.185 0.876 0.604, -0.1848 0.876 0.5783, -0.1741 0.876 0.5332, -0.1691 0.876 0.5323, -0.2055 0.876 0.5323, -0.1747 0.876 0.6133, -0.1691 0.876 0.6137, -0.2173 0.876 0.542, -0.2172 0.876 0.5329, -0.2055 0.876 0.533, -0.0631 0.876 0.5431, -0.0949 0.876 0.5429, -0.0949 0.876 0.5338, -0.0527 0.876 0.5341, -0.0522 0.876 0.6137, -0.0532 0.876 0.6137, -0.0532 0.876 0.6141, -0.0522 0.876 0.6261, -0.0967 0.876 0.6261, -0.2248 0.876 0.4472, -0.2341 0.876 0.4199, -0.2368 0.876 0.4198, -0.2248 0.876 0.4848, -0.2527 0.876 0.4628, -0.2631 0.876 0.4627, -0.2367 0.876 0.3971, -0.2321 0.876 0.3883, -0.2284 0.876 0.3839, -0.2248 0.876 0.1102, -0.2353 0.876 0.4152, -0.2355 0.876 0.4152, -0.236 0.876 0.4172, -0.2097 0.876 0.3798, -0.2097 0.876 0.3887, -0.2194 0.876 0.463, -0.2082 0.876 0.4631, -0.2023 0.876 0.4253, -0.2277 0.876 0.3833, -0.2248 0.876 0.3813, -0.2242 0.876 0.3808, -0.2248 0.876 0.42, -0.2219 0.876 0.3898, -0.2237 0.876 0.3919, -0.2202 0.876 0.3794, -0.2161 0.876 0.3789, -0.2139 0.876 0.379, -0.2118 0.876 0.388, -0.2154 0.876 0.3875, -0.218 0.876 0.3878, -0.2202 0.876 0.3887, -0.0967 0.876 0.1102, -0.0967 0.876 0.4848, -0.0936 0.876 0.4848, -0.0935 0.876 0.4776, -0.0626 0.876 0.4778, -0.0624 0.876 0.4522, -0.091 0.876 0.452, -0.091 0.876 0.4428, -0.0623 0.876 0.443, -0.0622 0.876 0.4161, -0.0949 0.876 0.4159, -0.0948 0.876 0.4067, -0.0709 0.876 0.1102, -0.0522 0.876 0.407, -0.0522 0.876 0.4705, -0.0518 0.876 0.407, -0.0522 0.876 0.1102, 1.6299 0.876 0.0472, 1.3937 0.876 0.0472, 1.6299 0.876 0.4848, 1.3181 0.876 0.1229, 0.3147 0.876 0.4126, 0.3352 0.876 0.4228, 0.7362 0.876 0.1102, 0.3529 0.876 0.4381, 0.9469 0.876 0.1102, 1.0032 0.876 0.1102, 1.2185 0.876 0.1102, 1.2732 0.876 0.1141, 1.2165 0.876 1.1102, 1.3085 0.876 1.0999, 1.5397 0.876 0.9546, 1.589 0.876 0.8762, 1.6196 0.876 0.7888, 1.6299 0.876 0.6969, 1.3959 0.876 1.0693, 1.4743 0.876 1.02, -0.8773 0.876 0.874, -1.6299 0.876 0.6261, -1.6299 0.876 0.6969, -0.3242 0.876 0.6261, -0.8773 0.876 1.1102, -1.2165 0.876 1.1102, -1.3085 0.876 1.0999, -1.6196 0.876 0.7888, -1.589 0.876 0.8762, -1.5397 0.876 0.9546, -1.4743 0.876 1.02, -1.3959 0.876 1.0693, -0.1511 0.876 0.6137, -0.1587 0.876 0.6114, -0.1586 0.876 0.6006, -0.1582 0.876 0.5465, -0.1581 0.876 0.5366, -0.1568 0.876 0.5359, -0.1481 0.876 0.5332, -0.1496 0.876 0.6043, -0.1397 0.876 0.6055, -0.1577 0.876 0.6011, -0.1359 0.876 0.6054, -0.129 0.876 0.6039, -0.1228 0.876 0.6009, -0.1107 0.876 0.5838, -0.1093 0.876 0.5728, -0.1375 0.876 0.5413, -0.1179 0.876 0.5968, -0.1173 0.876 0.5962, -0.1503 0.876 0.543, -0.1412 0.876 0.5414, -0.1134 0.876 0.5907, -0.1094 0.876 0.5691, -0.1107 0.876 0.5612, -0.1134 0.876 0.5549, -0.117 0.876 0.5499, -0.1193 0.876 0.5477, -0.1306 0.876 0.5421, -0.1247 0.876 0.5441, -0.1502 0.876 0.614, -0.1691 0.876 0.6261, -0.1397 0.876 0.6149, -0.1015 0.876 0.6261, -0.1295 0.876 0.6137, -0.1015 0.876 0.6137, -0.1044 0.876 0.5957, -0.1102 0.876 0.6033, -0.1122 0.876 0.6051, -0.1197 0.876 0.6103, -0.1281 0.876 0.6135, -0.1005 0.876 0.5869, -0.1015 0.876 0.5891, -0.1015 0.876 0.5552, -0.0999 0.876 0.5592, -0.0984 0.876 0.5722, -0.0986 0.876 0.5764, -0.1319 0.876 0.5323, -0.1311 0.876 0.5324, -0.1015 0.876 0.5323, -0.1224 0.876 0.5342, -0.1149 0.876 0.5378, -0.1085 0.876 0.5432, -0.1078 0.876 0.544, -0.1031 0.876 0.5508, -0.1384 0.876 0.5323, -0.1359 0.876 0.5321, -0.1691 0.876 0.5094, -0.1015 0.876 0.5094, -0.2248 0.876 0.3938, -0.2258 0.876 0.3955, -0.2302 0.876 0.4059, -0.0522 0.876 1.1102, -0.0967 0.876 1.1102, -0.1015 0.876 1.1102, -0.1691 0.876 1.1102, -0.2055 0.876 1.1102, -0.2055 0.876 0.6261, -0.2248 0.876 1.1102, -0.2248 0.876 0.6261, -0.2683 0.876 1.1102, -0.2683 0.876 0.6261, -0.2999 0.876 1.1102, -0.2999 0.876 0.6261, -0.2055 0.876 0.5094, -0.2248 0.876 0.5094, -0.2683 0.876 0.5094, -0.0967 0.876 0.5094, -0.0523 0.876 0.4871, -0.0522 0.876 0.4863, -0.0523 0.876 0.4863, -0.0522 0.876 0.4848, -0.0523 0.876 0.4848, -0.1015 0.876 0.4863, -0.1691 0.876 0.4863, -0.2055 0.876 0.4863, -0.2248 0.876 0.4863, 1.6299 0.876 0.6261, 1.6299 0.876 0.6137, 1.6299 0.876 0.5323, 1.6299 0.876 0.5094, 1.6299 0.876 0.4863
            ]
        }
        coordIndex [
            0,1,2,-1,3,4,5,-1,6,7,8,-1,9,10,11,-1,12,13,14,-1,15,16,17,-1,18,19,20,-1,21,22,23,-1,23,22,24,-1,23,25,26,-1,26,27,23,-1,23,27,28,-1,23,28,21,-1,29,30,23,-1,23,30,31,-1,23,31,25,-1,32,33,29,-1,29,33,34,-1,29,34,30,-1,18,17,35,-1,35,17,16,-1,35,16,36,-1,36,16,37,-1,36,37,32,-1,32,37,38,-1,32,38,33,-1,39,40,17,-1,17,40,41,-1,17,41,15,-1,39,42,40,-1,40,42,43,-1,40,43,44,-1,44,43,45,-1,44,45,46,-1,47,48,39,-1,39,48,49,-1,39,49,42,-1,50,51,52,-1,52,53,50,-1,50,53,54,-1,50,54,39,-1,39,54,55,-1,39,55,47,-1,56,57,58,-1,58,57,59,-1,58,59,51,-1,51,59,60,-1,51,60,52,-1,61,62,63,-1,61,63,64,-1,65,66,56,-1,56,66,67,-1,56,67,57,-1,62,68,63,-1,63,68,69,-1,63,69,70,-1,71,72,73,-1,73,72,74,-1,73,74,63,-1,63,74,75,-1,63,75,64,-1,76,77,78,-1,78,77,79,-1,78,79,80,-1,80,81,78,-1,78,81,82,-1,78,82,83,-1,83,82,71,-1,83,71,84,-1,84,71,73,-1,85,86,87,-1,88,89,63,-1,63,89,90,-1,63,90,91,-1,92,93,94,-1,94,93,95,-1,70,96,63,-1,63,96,97,-1,63,97,98,-1,98,99,63,-1,63,99,100,-1,63,100,88,-1,86,101,87,-1,87,101,102,-1,87,102,103,-1,104,105,106,-1,106,105,107,-1,106,107,108,-1,104,109,105,-1,105,109,110,-1,105,110,94,-1,94,110,111,-1,94,111,92,-1,108,107,112,-1,112,107,87,-1,112,87,113,-1,113,87,103,-1,113,103,78,-1,78,103,114,-1,78,114,76,-1,90,115,91,-1,91,115,116,-1,91,116,117,-1,117,116,118,-1,119,14,120,-1,120,14,121,-1,120,121,122,-1,122,121,123,-1,118,124,117,-1,117,124,125,-1,117,125,121,-1,121,125,126,-1,121,126,123,-1,12,127,13,-1,13,127,128,-1,13,128,129,-1,130,131,132,-1,132,131,133,-1,132,133,119,-1,119,133,134,-1,119,134,14,-1,14,134,135,-1,14,135,12,-1,136,137,132,-1,132,137,138,-1,132,138,130,-1,136,139,137,-1,137,139,140,-1,137,140,141,-1,142,143,144,-1,144,123,142,-1,142,123,126,-1,142,126,145,-1,145,126,146,-1,146,147,145,-1,145,147,148,-1,145,148,149,-1,150,151,152,-1,151,153,152,-1,152,153,154,-1,152,154,155,-1,156,152,157,-1,143,142,156,-1,156,142,158,-1,156,158,152,-1,152,158,159,-1,152,159,150,-1,157,160,156,-1,156,160,161,-1,156,161,162,-1,155,154,163,-1,163,154,164,-1,163,164,165,-1,165,164,166,-1,165,166,167,-1,168,169,162,-1,162,169,170,-1,162,170,156,-1,85,87,171,-1,171,87,172,-1,171,172,173,-1,173,172,174,-1,173,174,175,-1,176,177,174,-1,174,177,178,-1,174,178,175,-1,22,179,24,-1,24,179,180,-1,24,180,176,-1,176,180,181,-1,176,181,177,-1,182,183,184,-1,185,186,184,-1,187,188,189,-1,190,191,192,-1,192,191,193,-1,190,192,194,-1,194,192,195,-1,194,195,196,-1,197,198,199,-1,199,198,200,-1,189,201,187,-1,187,201,202,-1,187,202,203,-1,204,205,193,-1,193,205,206,-1,193,206,192,-1,192,206,184,-1,195,199,196,-1,196,199,200,-1,196,200,207,-1,207,200,187,-1,207,187,208,-1,208,187,203,-1,208,203,209,-1,209,203,210,-1,209,210,211,-1,186,212,184,-1,184,212,213,-1,184,213,182,-1,183,214,184,-1,184,214,215,-1,184,215,187,-1,187,215,216,-1,187,216,188,-1,217,218,219,-1,219,218,220,-1,185,184,221,-1,221,184,206,-1,221,206,220,-1,220,206,222,-1,220,222,219,-1,223,224,211,-1,211,224,225,-1,226,211,227,-1,227,211,225,-1,227,225,228,-1,229,209,230,-1,230,209,211,-1,230,211,231,-1,231,211,226,-1,231,226,232,-1,226,233,232,-1,232,233,234,-1,232,234,235,-1,225,236,228,-1,228,236,237,-1,228,237,238,-1,210,217,211,-1,211,217,219,-1,211,219,223,-1,223,219,239,-1,223,239,240,-1,240,239,241,-1,241,239,242,-1,241,242,243,-1,229,230,244,-1,244,230,245,-1,244,245,246,-1,246,245,247,-1,246,247,248,-1,249,250,251,-1,251,250,252,-1,253,254,255,-1,255,254,256,-1,255,256,257,-1,257,256,258,-1,259,260,258,-1,258,260,261,-1,258,261,257,-1,255,262,263,-1,263,262,264,-1,263,264,265,-1,265,266,263,-1,263,266,267,-1,263,267,268,-1,268,269,270,-1,270,269,271,-1,270,271,272,-1,272,271,273,-1,272,273,274,-1,252,275,276,-1,251,277,278,-1,279,280,281,-1,281,280,282,-1,281,282,283,-1,284,285,286,-1,286,285,287,-1,286,287,274,-1,274,287,288,-1,274,288,272,-1,289,290,258,-1,258,290,291,-1,258,291,292,-1,293,294,251,-1,251,294,295,-1,251,295,296,-1,296,297,251,-1,251,297,298,-1,251,298,277,-1,299,300,263,-1,263,300,301,-1,263,301,255,-1,255,301,302,-1,255,302,253,-1,276,303,252,-1,252,303,304,-1,252,304,251,-1,251,304,305,-1,251,305,293,-1,292,306,258,-1,258,306,307,-1,258,307,259,-1,279,284,280,-1,280,284,286,-1,280,286,308,-1,308,286,250,-1,308,250,309,-1,309,250,249,-1,309,249,310,-1,311,312,313,-1,314,315,316,-1,317,318,319,-1,268,270,263,-1,263,270,320,-1,263,320,319,-1,319,320,321,-1,319,321,317,-1,318,322,319,-1,319,322,323,-1,319,323,324,-1,323,325,324,-1,324,325,326,-1,324,326,313,-1,315,327,316,-1,316,327,328,-1,316,328,329,-1,329,330,316,-1,316,330,331,-1,316,331,249,-1,249,331,332,-1,249,332,310,-1,333,334,335,-1,335,334,336,-1,335,336,337,-1,335,338,333,-1,333,338,339,-1,333,339,340,-1,340,341,333,-1,333,341,342,-1,333,342,343,-1,343,342,344,-1,343,344,345,-1,345,344,346,-1,345,346,313,-1,313,346,347,-1,313,347,311,-1,348,349,337,-1,337,349,350,-1,337,350,335,-1,351,352,283,-1,283,352,353,-1,283,353,281,-1,351,354,352,-1,352,354,355,-1,352,355,356,-1,356,355,357,-1,356,358,359,-1,357,360,356,-1,356,360,361,-1,356,361,362,-1,362,363,356,-1,356,363,364,-1,356,364,358,-1,359,365,356,-1,356,365,366,-1,356,366,367,-1,368,369,370,-1,371,372,373,-1,373,372,374,-1,375,376,377,-1,377,376,378,-1,377,379,375,-1,375,379,380,-1,375,380,381,-1,382,380,383,-1,383,380,379,-1,383,379,384,-1,384,379,377,-1,384,377,385,-1,385,377,386,-1,385,386,387,-1,387,386,388,-1,387,388,370,-1,370,388,389,-1,370,389,368,-1,390,391,392,-1,392,391,393,-1,392,393,394,-1,390,395,396,-1,396,395,397,-1,396,397,398,-1,399,400,373,-1,399,373,401,-1,402,403,404,-1,400,405,373,-1,373,405,406,-1,373,406,397,-1,397,406,407,-1,397,407,398,-1,408,409,402,-1,402,409,410,-1,402,410,403,-1,393,411,394,-1,394,411,412,-1,394,412,402,-1,402,412,413,-1,402,413,408,-1,369,368,374,-1,374,368,402,-1,374,402,373,-1,373,402,404,-1,373,404,401,-1,390,392,395,-1,395,392,414,-1,395,414,415,-1,416,414,417,-1,417,414,392,-1,417,392,418,-1,418,392,419,-1,418,419,420,-1,421,422,423,-1,423,422,424,-1,417,425,416,-1,416,425,426,-1,416,426,427,-1,428,429,430,-1,420,419,431,-1,431,419,432,-1,431,432,428,-1,421,423,415,-1,415,423,433,-1,415,433,395,-1,395,433,434,-1,395,434,430,-1,430,434,435,-1,430,435,428,-1,10,436,11,-1,11,436,437,-1,11,437,0,-1,0,437,438,-1,0,438,1,-1,1,438,439,-1,1,439,440,-1,439,441,440,-1,440,441,442,-1,440,442,443,-1,443,442,444,-1,445,446,447,-1,448,449,248,-1,248,449,450,-1,248,450,246,-1,246,450,451,-1,451,452,246,-1,246,452,453,-1,246,453,454,-1,455,456,446,-1,446,456,457,-1,446,457,447,-1,458,459,324,-1,447,449,445,-1,445,449,448,-1,445,448,460,-1,460,448,461,-1,312,462,313,-1,313,462,314,-1,313,314,324,-1,324,314,316,-1,324,316,458,-1,453,463,454,-1,454,463,464,-1,454,464,465,-1,466,467,468,-1,465,469,454,-1,454,469,470,-1,454,470,316,-1,316,470,471,-1,316,471,458,-1,448,324,461,-1,461,324,459,-1,461,459,466,-1,466,459,472,-1,466,472,473,-1,473,474,466,-1,466,474,475,-1,466,475,467,-1,278,299,251,-1,251,299,263,-1,251,263,476,-1,477,478,479,-1,480,481,479,-1,479,481,482,-1,479,482,477,-1,477,482,483,-1,484,485,483,-1,483,485,486,-1,483,486,477,-1,477,486,487,-1,263,477,476,-1,476,477,487,-1,476,487,488,-1,488,487,489,-1,490,172,491,-1,491,172,87,-1,491,87,489,-1,489,87,492,-1,489,492,488,-1,493,494,495,-1,495,494,496,-1,95,497,94,-1,94,497,498,-1,94,498,499,-1,499,498,500,-1,499,500,501,-1,501,500,65,-1,501,65,502,-1,502,65,56,-1,502,56,503,-1,503,56,504,-1,18,20,17,-1,17,20,505,-1,17,505,506,-1,507,508,17,-1,17,508,509,-1,17,509,510,-1,506,511,17,-1,17,511,512,-1,17,512,507,-1,513,514,515,-1,514,513,516,-1,517,513,518,-1,518,513,515,-1,518,515,519,-1,519,515,520,-1,519,520,521,-1,522,523,521,-1,521,523,524,-1,521,524,519,-1,525,526,432,-1,432,526,527,-1,528,529,429,-1,429,529,530,-1,429,530,531,-1,532,533,528,-1,428,432,429,-1,429,432,527,-1,429,527,528,-1,528,527,534,-1,528,534,532,-1,533,535,528,-1,528,535,536,-1,528,536,537,-1,538,539,540,-1,537,541,528,-1,528,541,542,-1,528,542,543,-1,543,542,544,-1,544,542,540,-1,540,542,545,-1,540,545,538,-1,539,546,540,-1,540,546,547,-1,540,547,548,-1,548,549,540,-1,540,549,550,-1,540,550,551,-1,551,550,552,-1,553,554,555,-1,555,554,556,-1,555,556,557,-1,558,559,560,-1,560,561,558,-1,558,561,562,-1,558,562,563,-1,11,564,558,-1,558,564,565,-1,558,565,559,-1,566,567,0,-1,0,567,568,-1,0,568,11,-1,11,568,569,-1,11,569,564,-1,570,571,572,-1,572,571,573,-1,572,573,574,-1,574,575,572,-1,572,575,576,-1,572,576,577,-1,578,579,580,-1,580,579,581,-1,468,582,466,-1,466,582,583,-1,466,583,584,-1,585,443,586,-1,586,443,444,-1,586,444,587,-1,587,444,556,-1,587,556,588,-1,588,556,554,-1,588,554,589,-1,589,554,590,-1,589,590,591,-1,591,590,592,-1,591,592,593,-1,593,592,594,-1,593,594,595,-1,595,594,596,-1,595,596,8,-1,8,596,516,-1,8,516,6,-1,6,516,513,-1,553,525,554,-1,554,525,432,-1,554,432,590,-1,590,432,419,-1,590,419,592,-1,592,419,392,-1,592,392,594,-1,594,392,394,-1,594,394,596,-1,596,394,402,-1,596,402,516,-1,516,402,368,-1,516,368,514,-1,514,368,389,-1,442,9,444,-1,444,9,11,-1,444,11,556,-1,556,11,558,-1,556,558,557,-1,557,558,563,-1,531,578,429,-1,429,578,580,-1,429,580,430,-1,430,580,597,-1,430,597,395,-1,395,597,598,-1,395,598,397,-1,397,598,599,-1,397,599,373,-1,373,599,378,-1,373,378,371,-1,371,378,376,-1,579,570,581,-1,581,570,572,-1,581,572,600,-1,577,566,572,-1,572,566,0,-1,572,0,600,-1,600,0,2,-1,600,2,601,-1,601,2,602,-1,601,602,603,-1,603,602,604,-1,603,604,605,-1,605,604,490,-1,601,3,600,-1,600,3,5,-1,600,5,581,-1,581,5,606,-1,581,606,580,-1,580,606,607,-1,580,607,597,-1,597,607,608,-1,597,608,598,-1,598,608,609,-1,598,609,599,-1,599,609,242,-1,599,242,378,-1,378,242,239,-1,378,239,377,-1,377,239,219,-1,377,219,386,-1,386,219,222,-1,4,478,5,-1,5,478,477,-1,5,477,606,-1,606,477,263,-1,606,263,607,-1,607,263,319,-1,607,319,608,-1,608,319,324,-1,608,324,609,-1,609,324,448,-1,609,448,242,-1,242,448,248,-1,242,248,243,-1,243,248,247,-1,490,604,172,-1,172,604,602,-1,172,602,174,-1,174,602,2,-1,174,2,176,-1,176,2,1,-1,176,1,24,-1,24,1,440,-1,24,440,23,-1,23,440,443,-1,23,443,29,-1,29,443,585,-1,29,585,32,-1,510,610,17,-1,17,610,611,-1,17,611,39,-1,39,611,612,-1,39,612,50,-1,50,612,613,-1,50,613,51,-1,51,613,614,-1,51,614,58,-1,58,614,495,-1,58,495,56,-1,56,495,496,-1,56,496,504,-1,
        ]
    }
}
Shape{
    appearance Appearance {
        material  Material 	{
            diffuseColor 0.8509803921568627 0.8509803921568627 0.8509803921568627
            specularColor 0.4235294117647059 0.4235294117647059 0.4235294117647059
            ambientIntensity 0.851
            transparency 0.0
            shininess 0.5
        }
    }
    geometry IndexedFaceSet {
        ccw TRUE
        solid FALSE
        coord DEF co Coordinate {
            point [
                0.4596 0.3248 0.1063, 0.4633 0.3248 0.1067, 0.5672 0.3248 0.1063, 0.4636 0.3248 0.1068, 0.4674 0.3248 0.1079, 0.4715 0.3248 0.1102, 0.569 0.3248 0.1102, 0.4714 0.3248 0.1102, 0.4676 0.3248 0.108, -1.6416 -0.935 0.4807, -1.6417 -0.935 0.4692, -1.6416 -0.613 0.4807, -1.6417 -0.6201 0.4692, -1.6417 -0.6177 0.4692, -1.6417 -0.6201 -0.2397, -1.7283 -0.6201 -0.2397, -1.6417 -0.6201 -0.0079, -1.7283 -0.6201 -0.0079, -1.7283 0.2441 0.4921, -1.6417 0.2441 0.4921, -1.7193 0.2441 0.4, -1.6326 0.2441 0.4088, -1.6924 0.2441 0.3113, -1.6042 0.2441 0.3261, -1.6487 0.2441 0.2297, -1.5579 0.2441 0.252, -1.59 0.2441 0.1581, -1.4961 0.2441 0.1902, -1.093 0.2441 0.1063, -1.093 0.2441 0.0197, -1.2559 0.2441 0.1063, -1.2559 0.2441 0.0197, -1.3392 0.2441 0.1154, -1.3481 0.2441 0.0288, -1.4219 0.2441 0.1438, -1.4367 0.2441 0.0556, -1.5184 0.2441 0.0993, 1.6415 -0.6094 0.4866, 1.6417 -0.605 0.4921, 1.6417 -0.6127 0.4814, 1.6415 -0.6157 0.4751, 1.6414 -0.613 0.4807, 1.6414 -0.6126 0.4814, 1.6417 -0.6177 0.4692, 1.7283 -0.6201 -0.2397, 1.6417 -0.6201 -0.2397, 1.7283 -0.6201 -0.0079, 1.6417 -0.6201 -0.0079, 1.5578 0.2441 0.2519, 1.59 0.2441 0.1581, 1.496 0.2441 0.1901, 1.5184 0.2441 0.0993, 1.4218 0.2441 0.1438, 1.4367 0.2441 0.0556, 1.339 0.2441 0.1154, 1.3481 0.2441 0.0288, 1.2558 0.2441 0.1063, 1.2559 0.2441 0.0197, 1.093 0.2441 0.1063, 1.093 0.2441 0.0197, 1.6417 0.2441 0.4921, 1.7283 0.2441 0.4921, 1.6326 0.2441 0.4088, 1.7193 0.2441 0.4, 1.6042 0.2441 0.3261, 1.6924 0.2441 0.3113, 1.6487 0.2441 0.2297, -1.4961 0.876 1.0303, -1.5184 0.876 1.1212, -1.4219 0.876 1.0766, -1.4367 0.876 1.1648, -1.3392 0.876 1.1051, -1.3481 0.876 1.1917, -1.2559 0.876 1.1142, -1.2559 0.876 1.2008, -1.6417 0.876 -0.2397, -1.7283 0.876 -0.2397, -1.6417 0.876 0.7283, -1.7283 0.876 0.7283, -1.6326 0.876 0.8117, -1.7193 0.876 0.8205, -1.6042 0.876 0.8943, -1.6924 0.876 0.9091, -1.5579 0.876 0.9685, -1.6487 0.876 0.9908, -1.59 0.876 1.0624, -0.7766 0.876 0.9181, -0.8417 0.876 0.9752, -0.6296 0.876 1.0858, -0.6948 0.876 1.1428, -0.6165 0.876 1.0978, -0.6682 0.876 1.1673, -0.6012 0.876 1.1068, -0.6371 0.876 1.1856, -0.5842 0.876 1.1124, -0.6028 0.876 1.197, -0.5669 0.876 1.1142, -0.5669 0.876 1.2008, 0.5669 0.876 1.1142, 0.5669 0.876 1.2008, 0.5845 0.876 1.1123, 0.6028 0.876 1.197, 0.6013 0.876 1.1067, 0.6371 0.876 1.1856, 0.6166 0.876 1.0978, 0.6682 0.876 1.1673, 0.6296 0.876 1.0858, 0.6948 0.876 1.1428, 0.7766 0.876 0.9181, 0.8417 0.876 0.9752, 0.6623 0.0394 0.2165, 0.6623 0.3248 0.2165, 0.7354 0.0394 0.2165, 0.7354 0.3248 0.2165, 0.5184 0.0394 0.2096, 0.5184 0.3248 0.2096, 0.4776 0.0394 0.118, 0.4776 0.3248 0.118, 0.5347 0.0394 0.2374, 0.5347 0.3248 0.2374, 0.5569 0.0394 0.2628, 0.5569 0.3248 0.2628, 0.5853 0.0394 0.2831, 0.5853 0.3248 0.2831, 0.6182 0.0394 0.2968, 0.6182 0.3248 0.2968, 0.6623 0.0394 0.3032, 0.6623 0.3248 0.3032, 0.7354 0.0394 0.3032, 0.7354 0.3248 0.3032, 0.7674 0.0394 0.2995, 0.7674 0.3248 0.2995, 0.7996 0.0394 0.2896, 0.7996 0.3248 0.2896, 0.8297 0.0394 0.2718, 0.8297 0.3248 0.2718, 0.8556 0.0394 0.2473, 0.8556 0.3248 0.2473, 0.8793 0.0394 0.2096, 0.8793 0.3248 0.2096, 0.92 0.0394 0.118, 0.92 0.3248 0.118, -0.4776 0.0394 0.118, -0.4776 0.2362 0.118, -0.5184 0.0394 0.2096, -0.5184 0.2362 0.2096, -0.6623 0.2362 0.3032, -0.6623 0.0394 0.3032, -0.6182 0.0394 0.2968, -0.6182 0.2362 0.2968, -0.5854 0.0394 0.2831, -0.5854 0.2362 0.2831, -0.5569 0.0394 0.2629, -0.5569 0.2362 0.2629, -0.5348 0.0394 0.2375, -0.5348 0.2362 0.2375, -0.7354 0.0394 0.3032, -0.7354 0.2362 0.3032, -0.8793 0.2362 0.2096, -0.8793 0.0394 0.2096, -0.8556 0.0394 0.2473, -0.8556 0.2362 0.2473, -0.8298 0.0394 0.2718, -0.8298 0.2362 0.2718, -0.7997 0.0394 0.2896, -0.7997 0.2362 0.2896, -0.7675 0.0394 0.2995, -0.7675 0.2362 0.2995, -0.92 0.0394 0.118, -0.92 0.2362 0.118, -0.7354 0.0394 0.2165, -0.7354 0.2362 0.2165, -0.6623 0.0394 0.2165, -0.6623 0.2362 0.2165, -0.7516 0.2362 0.2147, -0.7516 0.0394 0.2147, -0.7669 0.2362 0.2091, -0.7669 0.0394 0.2091, -0.7806 0.2362 0.2003, -0.7806 0.0394 0.2003, -0.7918 0.2362 0.1885, -0.7918 0.0394 0.1885, -0.8001 0.2362 0.1745, -0.8001 0.0394 0.1745, -0.5975 0.2362 0.1745, -0.5975 0.0394 0.1745, -0.6058 0.2362 0.1885, -0.6058 0.0394 0.1885, -0.6171 0.2362 0.2003, -0.6171 0.0394 0.2003, -0.6307 0.2362 0.2091, -0.6307 0.0394 0.2091, -0.6461 0.2362 0.2147, -0.6461 0.0394 0.2147, 0.6461 0.3248 0.2147, 0.6461 0.0394 0.2147, 0.6307 0.3248 0.2091, 0.6307 0.0394 0.2091, 0.6171 0.3248 0.2003, 0.6171 0.0394 0.2003, 0.6058 0.3248 0.1885, 0.6058 0.0394 0.1885, 0.5975 0.3248 0.1745, 0.5975 0.0394 0.1745, 0.8001 0.3248 0.1745, 0.8001 0.0394 0.1745, 0.7918 0.3248 0.1885, 0.7918 0.0394 0.1885, 0.7806 0.3248 0.2003, 0.7806 0.0394 0.2003, 0.7669 0.3248 0.2091, 0.7669 0.0394 0.2091, 0.7516 0.3248 0.2147, 0.7516 0.0394 0.2147, 0.9262 0.3248 0.1102, 0.9248 0.3248 0.1115, 0.9248 0.0394 0.1114, 0.922 0.0394 0.1146, 0.9232 0.3248 0.113, 0.9221 0.3248 0.1147, 0.9204 0.3248 0.1172, 0.9276 0.3248 0.1092, 0.9283 0.0394 0.1088, 0.9284 0.3248 0.1089, 0.9318 0.3248 0.1073, 0.9325 0.0394 0.1071, 0.9325 0.3248 0.1072, 0.938 0.0394 0.1063, 0.938 0.3248 0.1063, 0.8304 0.3248 0.1063, 0.8287 0.3248 0.1102, 0.4714 0.0394 0.1102, 0.4676 0.0394 0.108, 0.4636 0.0394 0.1067, 0.4596 0.0394 0.1063, 0.4722 0.3248 0.1108, 0.4747 0.0394 0.1133, 0.4746 0.3248 0.1133, 0.475 0.3248 0.1137, 0.5672 0.0394 0.1063, 0.8304 0.0394 0.1063, 0.8298 0.0394 0.2718, 0.7997 0.0394 0.2896, 0.7675 0.0394 0.2995, 0.5854 0.0394 0.2831, 0.5569 0.0394 0.2629, 0.5348 0.0394 0.2375, -0.9283 0.0394 0.1088, -0.9248 0.0394 0.1114, -0.9262 0.2362 0.1102, -0.9248 0.2362 0.1114, -0.922 0.0394 0.1146, -0.922 0.2362 0.1146, -0.938 0.2362 0.1063, -0.938 0.0394 0.1063, -0.9355 0.2362 0.1065, -0.9325 0.0394 0.1071, -0.9284 0.2362 0.109, -0.9307 0.2362 0.1077, -0.9325 0.2362 0.1072, -0.8304 0.0394 0.1063, -0.4596 0.0394 0.1063, -0.4636 0.0394 0.1067, -0.5672 0.0394 0.1063, -0.4676 0.0394 0.108, -0.4714 0.0394 0.1102, -0.4747 0.0394 0.1133, -0.4715 0.2362 0.1102, -0.4747 0.2362 0.1133, -0.4714 0.2362 0.1102, -0.47 0.2362 0.1092, -0.4675 0.2362 0.1081, -0.4659 0.2362 0.1073, -0.4635 0.2362 0.1069, -0.4596 0.2362 0.1063, -0.5672 0.2362 0.1063, -0.8304 0.2362 0.1063, -0.8409 0.2362 0.0828, -0.8409 0.0394 0.0828, -0.5568 0.2362 0.0828, -0.5568 0.0394 0.0828, 0.5672 0.2362 0.1063, 0.5568 0.0394 0.0828, 0.5568 0.2362 0.0828, 0.8304 0.2362 0.1063, 0.8409 0.2362 0.0828, 0.8409 0.0394 0.0828, 1.0649 0.2475 0.1063, 1.0384 0.2575 0.1063, 0.2615 0.1334 0.1063, 0.2735 0.1265 0.1063, -0.0965 0.3622 0.1063, 1.2557 -0.3071 0.1063, 0.2719 -0.7896 0.1063, 0.2827 -0.7998 0.1063, 0.8572 -0.3992 0.1063, 0.9145 -0.3223 0.1063, 0.9404 -0.3114 0.1063, 0.9724 -0.3071 0.1063, 0.2958 0.0922 0.1063, 0.2911 0.1053 0.1063, 0.2836 0.117 0.1063, 1.0151 0.2734 0.1063, 0.9962 0.2945 0.1063, 0.9723 0.3286 0.1063, 0.9597 0.3427 0.1063, 0.8543 -0.4252 0.1063, 0.2087 0.1303 0.1063, 0.2207 0.1356 0.1063, 0.2343 0.1381 0.1063, 0.2482 0.1374 0.1063, 0.9442 0.3533 0.1063, 0.9265 0.36 0.1063, 0.9078 0.3622 0.1063, 0.8671 -0.3717 0.1063, 0.8834 -0.3476 0.1063, 0.8909 -0.3398 0.1063, 0.2449 -0.778 0.1063, 0.2591 -0.7822 0.1063, 0.2957 -0.436 0.1063, 0.2972 -0.4221 0.1063, 0.2972 0.0792 0.1063, 0.2907 -1.3396 0.1063, 0.2827 -1.3521 0.1063, 1.2559 -1.6831 0.1063, -0.0079 0.0053 0.1063, -0.0965 0.0565 0.1063, -0.0199 0.0001 0.1063, 0.2957 -1.3257 0.1063, 0.2156 -0.7799 0.1063, 0.2301 -0.7772 0.1063, 0.2156 -0.4822 0.1063, 0.2719 -1.3622 0.1063, 0.2591 -1.3696 0.1063, -0.0965 -1.6831 0.1063, 0.2449 -1.3738 0.1063, 0.2301 -1.3746 0.1063, -0.0199 -0.3498 0.1063, 0.2028 -0.7855 0.1063, -0.0079 -0.355 0.1063, 0.2028 -0.4766 0.1063, 0.2156 -1.3719 0.1063, 0.2028 -1.3663 0.1063, -0.0079 -1.2447 0.1063, 0.2907 -0.45 0.1063, 0.2827 -0.4624 0.1063, 0.2719 -0.4726 0.1063, 0.2591 -0.48 0.1063, 0.2449 -0.4842 0.1063, 0.2301 -0.4849 0.1063, -0.0904 -0.38 0.1063, -0.095 -0.3931 0.1063, -0.0965 -0.4062 0.1063, -0.0079 -0.9071 0.1063, -0.0965 -0.856 0.1063, -0.0199 -0.9124 0.1063, -0.095 0.0434 0.1063, -0.0904 0.0303 0.1063, -0.0335 -0.0025 0.1063, -0.0474 -0.0017 0.1063, -0.0199 -1.2395 0.1063, -0.095 -1.2828 0.1063, -0.0965 -1.2959 0.1063, -0.0828 0.0187 0.1063, -0.0727 0.0091 0.1063, -0.0607 0.0022 0.1063, -0.0335 -0.3472 0.1063, -0.0474 -0.348 0.1063, -0.0607 -0.3519 0.1063, 0.9219 -1.0812 0.1063, 0.9471 -1.0898 0.1063, 0.9724 -1.0925 0.1063, 1.2559 -1.0925 0.1063, 0.8993 -1.0671 0.1063, 0.8804 -1.0484 0.1063, 0.2972 -1.3118 0.1063, -0.0727 -0.3588 0.1063, -0.0828 -0.3684 0.1063, 0.2907 -0.8122 0.1063, 0.2957 -0.8261 0.1063, 0.8543 -0.9744 0.1063, 0.2972 -0.8401 0.1063, 0.8573 -1.0008 0.1063, 0.8662 -1.0259 0.1063, -0.0335 -1.2369 0.1063, -0.0474 -1.2377 0.1063, -0.0607 -1.2416 0.1063, -0.095 -0.869 0.1063, -0.0904 -0.8821 0.1063, -0.0335 -0.9149 0.1063, -0.0828 -0.8937 0.1063, -0.0727 -0.9033 0.1063, -0.0607 -0.9102 0.1063, -0.0474 -0.9142 0.1063, -0.0727 -1.2485 0.1063, -0.0828 -1.2581 0.1063, -0.0904 -1.2697 0.1063, -1.2559 -0.3071 0.1063, -0.0623 -0.3483 0.1063, -0.0481 -0.3441 0.1063, -0.0187 -0.0037 0.1063, -0.0331 -0.0064 0.1063, -0.0333 -0.3433 0.1063, -1.0151 0.2734 0.1063, -1.0384 0.2575 0.1063, -1.0649 0.2475 0.1063, -0.7959 0.2362 0.1063, -0.6017 0.2362 0.1063, -0.9078 0.3622 0.1063, -0.1004 0.3622 0.1063, -0.1004 0.0565 0.1063, -0.0987 0.0418 0.1063, -0.0936 0.028 0.1063, -0.8587 -0.3931 0.1063, -0.0939 -0.3783 0.1063, -0.0858 -0.3659 0.1063, 0.2576 0.1266 0.1063, 0.2443 0.1306 0.1063, -0.0059 -0.3516 0.1063, -0.0939 -1.268 0.1063, -0.0858 -1.2556 0.1063, -0.8543 -0.4252 0.1063, -0.0478 -0.0057 0.1063, -0.0619 -0.0016 0.1063, 0.2304 0.1313 0.1063, 0.2168 0.1288 0.1063, -0.0187 -0.346 0.1063, 0.2047 0.1235 0.1063, -0.0059 0.0019 0.1063, -0.0988 -0.3922 0.1063, -0.9265 0.36 0.1063, -0.9442 0.3533 0.1063, -0.9597 0.3427 0.1063, -0.9723 0.3286 0.1063, -0.9962 0.2945 0.1063, -0.0747 0.0057 0.1063, -0.0855 0.0158 0.1063, -0.0751 -0.3557 0.1063, -0.8695 -0.3673 0.1063, -0.887 -0.3436 0.1063, -0.8948 -0.3361 0.1063, -0.6017 0.0394 0.1063, -0.919 -0.3199 0.1063, -0.7959 0.0394 0.1063, -0.9465 -0.3099 0.1063, -0.9724 -0.3071 0.1063, -0.9724 -1.0925 0.1063, -1.2559 -1.0925 0.1063, -1.2559 -1.6831 0.1063, 0.2869 -0.4487 0.1063, 0.2917 -0.4358 0.1063, 0.2167 -0.4785 0.1063, 0.2933 -0.4221 0.1063, 0.2047 -0.4732 0.1063, 0.2933 0.0724 0.1063, 0.2918 0.0854 0.1063, 0.2872 0.0985 0.1063, -0.0187 -1.2357 0.1063, 0.2047 -0.7889 0.1063, -0.0059 -0.9105 0.1063, 0.2796 0.1101 0.1063, 0.2696 0.1197 0.1063, -0.0751 -1.2454 0.1063, -0.0623 -1.238 0.1063, -0.0333 -1.233 0.1063, -0.0988 -1.2819 0.1063, -0.9462 -1.0895 0.1063, -0.1004 -1.2959 0.1063, -0.1004 -1.6831 0.1063, -0.8801 -1.048 0.1063, -0.8988 -1.0667 0.1063, -0.9212 -1.0808 0.1063, -0.0187 -0.9161 0.1063, -0.0331 -0.9188 0.1063, -0.0481 -1.2338 0.1063, -0.0478 -0.9181 0.1063, -0.0619 -0.914 0.1063, -0.0747 -0.9067 0.1063, -0.0855 -0.8967 0.1063, -0.0936 -0.8844 0.1063, -0.0987 -0.8706 0.1063, -0.1004 -0.856 0.1063, -0.1004 -0.4062 0.1063, 0.2168 -0.7836 0.1063, -0.0059 -1.2413 0.1063, 0.2304 -0.7811 0.1063, -0.8543 -0.9744 0.1063, -0.8573 -1.0007 0.1063, -0.866 -1.0256 0.1063, 0.2918 -0.827 0.1063, 0.2933 -0.8401 0.1063, 0.2047 -1.3629 0.1063, 0.2933 -1.3118 0.1063, 0.2167 -1.3681 0.1063, 0.2917 -1.3255 0.1063, 0.2302 -0.481 0.1063, 0.244 -0.4803 0.1063, 0.2793 -0.4602 0.1063, 0.2573 -0.4765 0.1063, 0.2692 -0.4696 0.1063, 0.2872 -0.8139 0.1063, 0.2796 -0.8023 0.1063, 0.2696 -0.7927 0.1063, 0.2576 -0.7858 0.1063, 0.2443 -0.7819 0.1063, 0.2869 -1.3384 0.1063, 0.2302 -1.3707 0.1063, 0.244 -1.37 0.1063, 0.2573 -1.3662 0.1063, 0.2692 -1.3593 0.1063, 0.2793 -1.3499 0.1063, -0.9724 -0.3071 0.0197, -0.9465 -0.3099 0.0197, -0.919 -0.3199 0.0197, -0.8948 -0.3361 0.0197, -0.887 -0.3436 0.0197, -0.8695 -0.3673 0.0197, -0.8587 -0.3931 0.0197, -0.8543 -0.4252 0.0197, -0.8543 -0.9744 0.0197, -0.9724 -1.0925 0.0197, -0.9462 -1.0895 0.0197, -0.9212 -1.0808 0.0197, -0.8988 -1.0667 0.0197, -0.8801 -1.048 0.0197, -0.866 -1.0256 0.0197, -0.8573 -1.0007 0.0197, -0.0624 -1.238 0.0197, -0.0623 -1.238 0.0197, -0.1004 -1.2959 0.0197, -0.0059 -1.2413 0.0197, -0.0188 -1.2357 0.0197, -0.0193 -1.2355 0.0197, -0.0333 -1.233 0.0197, -0.0483 -1.2338 0.0197, -0.0481 -1.2338 0.0197, -0.0337 -1.233 0.0197, -0.0858 -1.2556 0.0197, -0.0857 -1.2554 0.0197, -0.0751 -1.2454 0.0197, -0.075 -1.2453 0.0197, -0.0988 -1.2819 0.0197, -0.0987 -1.2813 0.0197, -0.0938 -1.268 0.0197, -0.0937 -1.2676 0.0197, 0.2047 -1.3629 0.0197, 0.2167 -1.3681 0.0197, 0.2173 -1.3683 0.0197, 0.2302 -1.3706 0.0197, 0.2308 -1.3707 0.0197, 0.244 -1.37 0.0197, 0.2445 -1.3699 0.0197, 0.2572 -1.3661 0.0197, 0.2576 -1.366 0.0197, 0.2692 -1.3593 0.0197, 0.2695 -1.3591 0.0197, 0.2793 -1.3499 0.0197, 0.2795 -1.3497 0.0197, 0.2869 -1.3384 0.0197, 0.287 -1.3383 0.0197, 0.2933 -1.3118 0.0197, 0.2917 -1.3254 0.0197, 0.2917 -1.3255 0.0197, 0.2933 -0.8401 0.0197, 0.2168 -0.7837 0.0197, 0.2047 -0.7889 0.0197, 0.2918 -0.827 0.0197, 0.2917 -0.8264 0.0197, 0.2872 -0.8139 0.0197, 0.287 -0.8135 0.0197, 0.2796 -0.8023 0.0197, 0.2795 -0.8021 0.0197, 0.2576 -0.7858 0.0197, 0.2695 -0.7927 0.0197, 0.2696 -0.7927 0.0197, 0.2576 -0.7858 0.0197, 0.2445 -0.7819 0.0197, 0.2443 -0.7819 0.0197, 0.2308 -0.7811 0.0197, 0.2304 -0.7812 0.0197, 0.2173 -0.7835 0.0197, -0.0059 -0.9105 0.0197, -0.0936 -0.8844 0.0197, -0.0937 -0.8842 0.0197, -0.0987 -0.8706 0.0197, -0.0987 -0.8705 0.0197, -0.1004 -0.856 0.0197, -0.0747 -0.9067 0.0197, -0.075 -0.9065 0.0197, -0.0855 -0.8966 0.0197, -0.0857 -0.8965 0.0197, -0.0483 -0.918 0.0197, -0.0619 -0.9139 0.0197, -0.0624 -0.9138 0.0197, -0.0337 -0.9188 0.0197, -0.0478 -0.918 0.0197, -0.0187 -0.916 0.0197, -0.0193 -0.9163 0.0197, -0.0331 -0.9187 0.0197, -0.1004 -0.4062 0.0197, -0.0624 -0.3483 0.0197, -0.0623 -0.3483 0.0197, -0.0059 -0.3516 0.0197, -0.0188 -0.3461 0.0197, -0.0193 -0.3458 0.0197, -0.0333 -0.3434 0.0197, -0.0483 -0.3441 0.0197, -0.0481 -0.3441 0.0197, -0.0337 -0.3433 0.0197, -0.0858 -0.3659 0.0197, -0.0857 -0.3657 0.0197, -0.0751 -0.3557 0.0197, -0.075 -0.3556 0.0197, -0.0988 -0.3922 0.0197, -0.0987 -0.3916 0.0197, -0.0938 -0.3783 0.0197, -0.0937 -0.3779 0.0197, 0.2047 -0.4732 0.0197, 0.2167 -0.4784 0.0197, 0.2173 -0.4786 0.0197, 0.2302 -0.4809 0.0197, 0.2308 -0.481 0.0197, 0.244 -0.4803 0.0197, 0.2445 -0.4802 0.0197, 0.2572 -0.4764 0.0197, 0.2576 -0.4763 0.0197, 0.2692 -0.4696 0.0197, 0.2695 -0.4694 0.0197, 0.2793 -0.4602 0.0197, 0.2795 -0.46 0.0197, 0.2869 -0.4487 0.0197, 0.287 -0.4486 0.0197, 0.2933 -0.4221 0.0197, 0.2917 -0.4357 0.0197, 0.2917 -0.4358 0.0197, 0.2933 0.0724 0.0197, 0.2168 0.1287 0.0197, 0.2047 0.1235 0.0197, 0.2918 0.0854 0.0197, 0.2917 0.086 0.0197, 0.2872 0.0985 0.0197, 0.287 0.0989 0.0197, 0.2796 0.1101 0.0197, 0.2795 0.1103 0.0197, 0.2576 0.1266 0.0197, 0.2695 0.1197 0.0197, 0.2696 0.1197 0.0197, 0.2576 0.1266 0.0197, 0.2445 0.1305 0.0197, 0.2443 0.1305 0.0197, 0.2308 0.1313 0.0197, 0.2304 0.1312 0.0197, 0.2173 0.1289 0.0197, -0.0059 0.0019 0.0197, -0.0936 0.028 0.0197, -0.0937 0.0282 0.0197, -0.0987 0.0418 0.0197, -0.0987 0.0419 0.0197, -0.1004 0.0565 0.0197, -0.0747 0.0058 0.0197, -0.075 0.0059 0.0197, -0.0855 0.0158 0.0197, -0.0857 0.016 0.0197, -0.0483 -0.0056 0.0197, -0.0619 -0.0015 0.0197, -0.0624 -0.0014 0.0197, -0.0337 -0.0064 0.0197, -0.0478 -0.0056 0.0197, -0.0187 -0.0036 0.0197, -0.0193 -0.0039 0.0197, -0.0331 -0.0063 0.0197, -0.1004 0.3622 0.0197, -0.9078 0.3622 0.0197, -0.9265 0.36 0.0197, -0.9442 0.3533 0.0197, -0.9597 0.3427 0.0197, -0.9723 0.3286 0.0197, -0.9962 0.2945 0.0197, -1.0649 0.2475 0.0197, -1.0384 0.2575 0.0197, -1.0151 0.2734 0.0197, -1.6417 -0.3071 0.4921, -1.7283 -0.3071 0.4921, -1.6326 -0.3071 0.4088, -1.7193 -0.3071 0.4, -1.6042 -0.3071 0.3261, -1.6924 -0.3071 0.3113, -1.5579 -0.3071 0.252, -1.6487 -0.3071 0.2297, -1.4961 -0.3071 0.1902, -1.2559 -0.3071 0.0197, -1.3481 -0.3071 0.0288, -1.3392 -0.3071 0.1154, -1.4367 -0.3071 0.0556, -1.4219 -0.3071 0.1438, -1.5184 -0.3071 0.0993, -1.59 -0.3071 0.1581, -0.4596 0.2362 0.0197, -0.4596 0.0394 0.0197, -0.4839 0.0394 0.0225, -0.4839 0.2362 0.0225, -0.5069 0.0394 0.0308, -0.5069 0.2362 0.0308, -0.5274 0.0394 0.0441, -0.5274 0.2362 0.0441, -0.5444 0.0394 0.0618, -0.5444 0.2362 0.0618, -0.938 0.0394 0.0197, -0.9137 0.0394 0.0225, -0.8907 0.0394 0.0308, -0.8533 0.0394 0.0618, -0.8702 0.0394 0.0441, -0.8533 0.2362 0.0618, -0.8702 0.2362 0.0441, -0.8907 0.2362 0.0308, -0.9137 0.2362 0.0225, -0.938 0.2362 0.0197, -1.5566 -1.0925 0.2504, -1.6487 -1.0925 0.2297, -1.6031 -1.0925 0.3238, -1.6924 -1.0925 0.3113, -1.6319 -1.0925 0.4058, -1.7193 -1.0925 0.4, -1.6417 -1.0925 0.4921, -1.7283 -1.0925 0.4921, -1.2559 -1.0925 0.0197, -1.3387 -1.0925 0.1153, -1.3481 -1.0925 0.0288, -1.421 -1.0925 0.1434, -1.4367 -1.0925 0.0556, -1.4948 -1.0925 0.1892, -1.5184 -1.0925 0.0993, -1.59 -1.0925 0.1581, 0.9724 -1.0925 0.0197, 0.8573 -1.0008 0.0197, 0.8573 -1.0007 0.0197, 0.8543 -0.9744 0.0197, 0.8801 -1.048 0.0197, 0.8662 -1.0259 0.0197, 0.866 -1.0256 0.0197, 0.8988 -1.0667 0.0197, 0.8804 -1.0484 0.0197, 0.9212 -1.0808 0.0197, 0.8993 -1.0671 0.0197, 0.9471 -1.0897 0.0197, 0.9462 -1.0895 0.0197, 0.9219 -1.0811 0.0197, 0.8543 -0.4252 0.0197, 0.8572 -0.3992 0.0197, 0.8671 -0.3717 0.0197, 0.8834 -0.3476 0.0197, 0.8909 -0.3398 0.0197, 0.9145 -0.3223 0.0197, 0.9404 -0.3114 0.0197, 0.9724 -0.3071 0.0197, 1.7283 -0.3071 0.4921, 1.6417 -0.3071 0.4921, 1.7193 -0.3071 0.4, 1.6326 -0.3071 0.4088, 1.6924 -0.3071 0.3113, 1.6042 -0.3071 0.3261, 1.6487 -0.3071 0.2297, 1.5578 -0.3071 0.2519, 1.2559 -0.3071 0.0197, 1.339 -0.3071 0.1154, 1.3481 -0.3071 0.0288, 1.4218 -0.3071 0.1438, 1.4367 -0.3071 0.0556, 1.496 -0.3071 0.1901, 1.5184 -0.3071 0.0993, 1.59 -0.3071 0.1581, 1.0649 0.2475 0.0197, 1.0384 0.2575 0.0197, 1.0151 0.2734 0.0197, 0.9962 0.2945 0.0197, 0.9723 0.3286 0.0197, 0.9078 0.3622 0.0197, 0.9265 0.36 0.0197, 0.9442 0.3533 0.0197, 0.9597 0.3427 0.0197, -0.0965 0.3622 0.0197, -0.0965 0.0565 0.0197, -0.0199 0.0001 0.0197, -0.0079 0.0053 0.0197, -0.0335 -0.0025 0.0197, -0.0474 -0.0017 0.0197, -0.0607 0.0022 0.0197, -0.0727 0.0091 0.0197, -0.0828 0.0187 0.0197, -0.0904 0.0303 0.0197, -0.095 0.0434 0.0197, 0.2087 0.1303 0.0197, 0.2972 0.0792 0.0197, 0.2957 0.0922 0.0197, 0.2957 0.0928 0.0197, 0.2911 0.1053 0.0197, 0.291 0.1057 0.0197, 0.2836 0.1169 0.0197, 0.2834 0.1171 0.0197, 0.2735 0.1265 0.0197, 0.2735 0.1266 0.0197, 0.2616 0.1334 0.0197, 0.2484 0.1373 0.0197, 0.2615 0.1334 0.0197, 0.2348 0.1381 0.0197, 0.2482 0.1374 0.0197, 0.2207 0.1355 0.0197, 0.2212 0.1358 0.0197, 0.2343 0.1381 0.0197, 0.2972 -0.4221 0.0197, 0.2028 -0.4766 0.0197, 0.2156 -0.4822 0.0197, 0.2162 -0.4824 0.0197, 0.2302 -0.4849 0.0197, 0.2306 -0.485 0.0197, 0.2449 -0.4841 0.0197, 0.2452 -0.4841 0.0197, 0.2591 -0.4799 0.0197, 0.2592 -0.4799 0.0197, 0.2719 -0.4726 0.0197, 0.2825 -0.4626 0.0197, 0.2719 -0.4725 0.0197, 0.2905 -0.4503 0.0197, 0.2827 -0.4623 0.0197, 0.2956 -0.436 0.0197, 0.2955 -0.4366 0.0197, 0.2907 -0.4499 0.0197, -0.0079 -0.355 0.0197, -0.0949 -0.3931 0.0197, -0.0965 -0.4062 0.0197, -0.0199 -0.3498 0.0197, -0.0205 -0.3496 0.0197, -0.0336 -0.3473 0.0197, -0.034 -0.3472 0.0197, -0.0474 -0.348 0.0197, -0.0477 -0.348 0.0197, -0.0607 -0.3519 0.0197, -0.0608 -0.3519 0.0197, -0.0727 -0.3588 0.0197, -0.0727 -0.3589 0.0197, -0.0826 -0.3682 0.0197, -0.0828 -0.3684 0.0197, -0.0902 -0.3797 0.0197, -0.0903 -0.38 0.0197, -0.0949 -0.3925 0.0197, -0.0965 -0.856 0.0197, -0.0199 -0.9124 0.0197, -0.0079 -0.9071 0.0197, -0.0335 -0.9149 0.0197, -0.0474 -0.9142 0.0197, -0.0607 -0.9102 0.0197, -0.0727 -0.9033 0.0197, -0.0828 -0.8937 0.0197, -0.0904 -0.8821 0.0197, -0.095 -0.869 0.0197, 0.2028 -0.7855 0.0197, 0.2972 -0.8401 0.0197, 0.2956 -0.8261 0.0197, 0.2955 -0.8255 0.0197, 0.2907 -0.8122 0.0197, 0.2905 -0.8118 0.0197, 0.2827 -0.7998 0.0197, 0.2825 -0.7996 0.0197, 0.2719 -0.7896 0.0197, 0.2719 -0.7895 0.0197, 0.2592 -0.7822 0.0197, 0.2452 -0.778 0.0197, 0.2591 -0.7822 0.0197, 0.2306 -0.7772 0.0197, 0.2449 -0.778 0.0197, 0.2156 -0.78 0.0197, 0.2162 -0.7797 0.0197, 0.2302 -0.7772 0.0197, 0.2972 -1.3118 0.0197, 0.2028 -1.3663 0.0197, 0.2156 -1.3719 0.0197, 0.2162 -1.3721 0.0197, 0.2302 -1.3746 0.0197, 0.2306 -1.3746 0.0197, 0.2449 -1.3738 0.0197, 0.2452 -1.3738 0.0197, 0.2591 -1.3696 0.0197, 0.2592 -1.3696 0.0197, 0.2719 -1.3623 0.0197, 0.2825 -1.3523 0.0197, 0.2719 -1.3622 0.0197, 0.2905 -1.34 0.0197, 0.2827 -1.352 0.0197, 0.2956 -1.3257 0.0197, 0.2955 -1.3263 0.0197, 0.2907 -1.3396 0.0197, -0.0079 -1.2447 0.0197, -0.0949 -1.2828 0.0197, -0.0965 -1.2959 0.0197, -0.0199 -1.2395 0.0197, -0.0205 -1.2393 0.0197, -0.0336 -1.237 0.0197, -0.034 -1.2369 0.0197, -0.0474 -1.2377 0.0197, -0.0477 -1.2377 0.0197, -0.0607 -1.2416 0.0197, -0.0608 -1.2416 0.0197, -0.0727 -1.2485 0.0197, -0.0727 -1.2485 0.0197, -0.0826 -1.2579 0.0197, -0.0828 -1.2581 0.0197, -0.0902 -1.2693 0.0197, -0.0903 -1.2697 0.0197, -0.0949 -1.2822 0.0197, 1.6417 -1.0925 0.4921, 1.7283 -1.0925 0.4921, 1.6326 -1.0925 0.4088, 1.7193 -1.0925 0.4, 1.6042 -1.0925 0.3261, 1.6924 -1.0925 0.3113, 1.5579 -1.0925 0.252, 1.6487 -1.0925 0.2297, 1.4961 -1.0925 0.1902, 1.2559 -1.0925 0.0197, 1.3481 -1.0925 0.0288, 1.3392 -1.0925 0.1154, 1.4367 -1.0925 0.0556, 1.4219 -1.0925 0.1438, 1.5184 -1.0925 0.0993, 1.59 -1.0925 0.1581, 0.938 0.2362 0.0197, 0.938 0.0394 0.0197, 0.9137 0.0394 0.0225, 0.9137 0.2362 0.0225, 0.8907 0.0394 0.0308, 0.8907 0.2362 0.0308, 0.8702 0.0394 0.0441, 0.8702 0.2362 0.0441, 0.8533 0.0394 0.0618, 0.8533 0.2362 0.0618, 0.5444 0.0394 0.0618, 0.4596 0.0394 0.0197, 0.4839 0.0394 0.0225, 0.5069 0.0394 0.0308, 0.5274 0.0394 0.0441, 0.5444 0.2362 0.0618, 0.5274 0.2362 0.0441, 0.5069 0.2362 0.0308, 0.4839 0.2362 0.0225, 0.4596 0.2362 0.0197, -1.7283 -0.6264 -0.2708, -1.6417 -0.6264 -0.2708, -1.7283 -0.6587 -0.346, -1.6417 -0.6587 -0.346, -1.6417 -0.6678 -0.3619, -1.7283 -0.6678 -0.3619, -1.6417 -0.6803 -0.3752, -1.7283 -0.6803 -0.3752, -1.6417 -0.6956 -0.3853, -1.7283 -0.6956 -0.3853, -1.6417 -0.7128 -0.3916, -1.7283 -0.7128 -0.3916, -1.6417 -0.731 -0.3937, -1.7283 -0.731 -0.3937, -1.7283 -0.824 -0.3937, -1.6417 -0.824 -0.3937, -1.6417 -0.8964 -0.346, -1.7283 -0.8964 -0.346, -1.7283 -0.8873 -0.3619, -1.6417 -0.8873 -0.3619, -1.7283 -0.8747 -0.3752, -1.6417 -0.8747 -0.3752, -1.7283 -0.8595 -0.3853, -1.6417 -0.8595 -0.3853, -1.7283 -0.8422 -0.3916, -1.6417 -0.8422 -0.3916, -1.7283 -0.9287 -0.2708, -1.6417 -0.9287 -0.2708, -1.6417 -0.9334 -0.2556, -1.7283 -0.9334 -0.2556, -1.6417 -0.935 -0.2397, -1.7283 -0.935 -0.2397, -1.6417 -0.935 0.4921, -1.7283 -0.935 0.4921, -1.6417 -0.935 0.0197, -1.6417 -0.935 0.2195, -1.6417 -0.935 0.4528, -1.3387 -1.6831 0.1153, -1.3392 -1.6831 0.1154, -1.4209 -1.6831 0.1435, -1.4219 -1.6831 0.1438, -1.4947 -1.6831 0.1893, -1.4961 -1.6831 0.1902, -1.5564 -1.6831 0.2505, -1.5579 -1.6831 0.252, -1.6028 -1.6831 0.3239, -1.6042 -1.6831 0.3261, -1.6316 -1.6831 0.4059, -1.6326 -1.6831 0.4088, -1.6417 -1.6831 0.4921, -1.7283 0.8696 -0.2708, -1.6417 0.8696 -0.2708, -1.7283 0.8374 -0.346, -1.6417 0.8374 -0.346, -1.6417 0.8283 -0.3619, -1.7283 0.8283 -0.3619, -1.6417 0.8157 -0.3752, -1.7283 0.8157 -0.3752, -1.6417 0.8004 -0.3853, -1.7283 0.8004 -0.3853, -1.6417 0.7832 -0.3916, -1.7283 0.7832 -0.3916, -1.6417 0.765 -0.3937, -1.7283 0.765 -0.3937, -1.7283 0.672 -0.3937, -1.6417 0.672 -0.3937, -1.6417 0.5996 -0.346, -1.7283 0.5996 -0.346, -1.7283 0.6088 -0.3619, -1.6417 0.6088 -0.3619, -1.7283 0.6213 -0.3752, -1.6417 0.6213 -0.3752, -1.7283 0.6366 -0.3853, -1.6417 0.6366 -0.3853, -1.7283 0.6538 -0.3916, -1.6417 0.6538 -0.3916, -1.7283 0.5674 -0.2708, -1.6417 0.5674 -0.2708, -1.6417 0.5626 -0.2556, -1.7283 0.5626 -0.2556, -1.6417 0.561 -0.2397, -1.7283 0.561 -0.2397, -1.7283 0.561 -0.0079, -1.6417 0.561 -0.0079, -1.6417 -0.605 0.4921, -1.7283 -0.6217 -0.2556, -1.6417 -0.6217 -0.2556, 1.6417 -1.6831 0.4921, 1.6326 -1.6831 0.4088, 1.6042 -1.6831 0.3261, 1.5579 -1.6831 0.252, 1.4961 -1.6831 0.1902, 1.4219 -1.6831 0.1438, 1.3392 -1.6831 0.1154, 1.6415 -0.6094 0.4866, 1.6417 -0.935 0.4921, 1.6415 -0.935 0.4807, 1.6417 -0.935 0.4692, 1.6417 -0.3071 0.4922, 1.7283 0.8374 -0.346, 1.6417 0.8374 -0.346, 1.7283 0.8696 -0.2708, 1.6417 0.8696 -0.2708, 1.7283 0.8283 -0.3619, 1.6417 0.8283 -0.3619, 1.7283 0.8157 -0.3752, 1.6417 0.8157 -0.3752, 1.7283 0.8004 -0.3853, 1.6417 0.8004 -0.3853, 1.7283 0.7832 -0.3916, 1.6417 0.7832 -0.3916, 1.7283 0.765 -0.3937, 1.6417 0.765 -0.3937, 1.7283 0.672 -0.3937, 1.6417 0.672 -0.3937, 1.7283 0.5996 -0.346, 1.6417 0.5996 -0.346, 1.6417 0.6088 -0.3619, 1.7283 0.6088 -0.3619, 1.6417 0.6213 -0.3752, 1.7283 0.6213 -0.3752, 1.6417 0.6366 -0.3853, 1.7283 0.6366 -0.3853, 1.6417 0.6538 -0.3916, 1.7283 0.6538 -0.3916, 1.7283 0.5674 -0.2708, 1.6417 0.5674 -0.2708, 1.7283 0.5626 -0.2556, 1.6417 0.5626 -0.2556, 1.7283 0.561 -0.2397, 1.6417 0.561 -0.2397, 1.6417 0.561 -0.0079, 1.7283 0.561 -0.0079, 1.7283 -0.6264 -0.2708, 1.6417 -0.6264 -0.2708, 1.6417 -0.6217 -0.2556, 1.7283 -0.6217 -0.2556, 1.7283 -0.6587 -0.346, 1.6417 -0.6587 -0.346, 1.7283 -0.6678 -0.3619, 1.6417 -0.6678 -0.3619, 1.7283 -0.6803 -0.3752, 1.6417 -0.6803 -0.3752, 1.7283 -0.6956 -0.3853, 1.6417 -0.6956 -0.3853, 1.7283 -0.7128 -0.3916, 1.6417 -0.7128 -0.3916, 1.7283 -0.731 -0.3937, 1.6417 -0.731 -0.3937, 1.7283 -0.824 -0.3937, 1.6417 -0.824 -0.3937, 1.7283 -0.8964 -0.346, 1.6417 -0.8964 -0.346, 1.6417 -0.8873 -0.3619, 1.7283 -0.8873 -0.3619, 1.6417 -0.8747 -0.3752, 1.7283 -0.8747 -0.3752, 1.6417 -0.8595 -0.3853, 1.7283 -0.8595 -0.3853, 1.6417 -0.8422 -0.3916, 1.7283 -0.8422 -0.3916, 1.7283 -0.9287 -0.2708, 1.6417 -0.9287 -0.2708, 1.7283 -0.9334 -0.2556, 1.6417 -0.9334 -0.2556, 1.7283 -0.935 -0.2397, 1.6417 -0.935 -0.2397, 1.7283 -0.935 0.4921, -0.92 0.0394 1.1025, -0.92 0.2362 1.1025, -0.8793 0.0394 1.0108, -0.8793 0.2362 1.0108, -0.7354 0.2362 0.9173, -0.7354 0.0394 0.9173, -0.7675 0.0394 0.921, -0.7675 0.2362 0.921, -0.7997 0.0394 0.9309, -0.7997 0.2362 0.9309, -0.8298 0.0394 0.9487, -0.8298 0.2362 0.9487, -0.8556 0.0394 0.9731, -0.8556 0.2362 0.9731, -0.6623 0.0394 0.9173, -0.6623 0.2362 0.9173, -0.5184 0.2362 1.0108, -0.5184 0.0394 1.0108, -0.5348 0.0394 0.983, -0.5348 0.2362 0.983, -0.5569 0.0394 0.9576, -0.5569 0.2362 0.9576, -0.5854 0.0394 0.9373, -0.5854 0.2362 0.9373, -0.6182 0.0394 0.9236, -0.6182 0.2362 0.9236, -0.4776 0.0394 1.1025, -0.4776 0.2362 1.1025, -0.6623 0.2362 1.0039, -0.6623 0.0394 1.0039, -0.6461 0.2362 1.0058, -0.6461 0.0394 1.0058, -0.6307 0.2362 1.0113, -0.6307 0.0394 1.0113, -0.6171 0.2362 1.0202, -0.6171 0.0394 1.0202, -0.6058 0.2362 1.032, -0.6058 0.0394 1.032, -0.5975 0.2362 1.046, -0.5975 0.0394 1.046, -0.7354 0.0394 1.0039, -0.7354 0.2362 1.0039, -0.8001 0.2362 1.046, -0.8001 0.0394 1.046, -0.7918 0.2362 1.032, -0.7918 0.0394 1.032, -0.7806 0.2362 1.0202, -0.7806 0.0394 1.0202, -0.7669 0.2362 1.0113, -0.7669 0.0394 1.0113, -0.7516 0.2362 1.0058, -0.7516 0.0394 1.0058, 0.8793 0.0394 1.0108, 0.8793 0.2362 1.0108, 0.92 0.0394 1.1025, 0.92 0.2362 1.1025, 0.8556 0.0394 0.9731, 0.8556 0.2362 0.9731, 0.8298 0.0394 0.9487, 0.8298 0.2362 0.9487, 0.7997 0.0394 0.9309, 0.7997 0.2362 0.9309, 0.7675 0.0394 0.921, 0.7675 0.2362 0.921, 0.7354 0.0394 0.9173, 0.7354 0.2362 0.9173, 0.6623 0.0394 0.9173, 0.6623 0.2362 0.9173, 0.6182 0.0394 0.9236, 0.6182 0.2362 0.9236, 0.5854 0.0394 0.9373, 0.5854 0.2362 0.9373, 0.5569 0.0394 0.9576, 0.5569 0.2362 0.9576, 0.5348 0.0394 0.983, 0.5348 0.2362 0.983, 0.5184 0.0394 1.0108, 0.5184 0.2362 1.0108, 0.4776 0.0394 1.1025, 0.4776 0.2362 1.1025, 0.5975 0.2362 1.046, 0.5975 0.0394 1.046, 0.6058 0.2362 1.032, 0.6058 0.0394 1.032, 0.6171 0.2362 1.0202, 0.6171 0.0394 1.0202, 0.6307 0.2362 1.0113, 0.6307 0.0394 1.0113, 0.6461 0.2362 1.0058, 0.6461 0.0394 1.0058, 0.6623 0.2362 1.0039, 0.6623 0.0394 1.0039, 0.7354 0.0394 1.0039, 0.7354 0.2362 1.0039, 0.7516 0.2362 1.0058, 0.7516 0.0394 1.0058, 0.7669 0.2362 1.0113, 0.7669 0.0394 1.0113, 0.7806 0.2362 1.0202, 0.7806 0.0394 1.0202, 0.7918 0.2362 1.032, 0.7918 0.0394 1.032, 0.8001 0.2362 1.046, 0.8001 0.0394 1.046, 0.8304 0.2362 1.1142, 0.8304 0.0394 1.1142, 0.8409 0.2362 1.1377, 0.8409 0.0394 1.1377, 0.5568 0.2362 1.1377, 0.5568 0.0394 1.1377, 0.5672 0.2362 1.1142, 0.5672 0.0394 1.1142, -0.5568 0.0394 1.1377, -0.5568 0.2362 1.1377, -0.5672 0.0394 1.1142, -0.5672 0.2362 1.1142, -0.8304 0.0394 1.1142, -0.8304 0.2362 1.1142, -0.8409 0.0394 1.1377, -0.8409 0.2362 1.1377, -0.0965 -1.8012 0.0197, -0.0965 -1.8012 0.0472, 1.2559 -1.8012 0.0472, 1.352 -1.8012 0.0577, 1.4473 -1.8012 0.0905, 1.4961 -1.6831 0.1902, 1.5328 -1.8012 0.1439, 1.6041 -1.8012 0.2152, 1.6575 -1.8012 0.3007, 1.6903 -1.8012 0.3961, 1.7008 -1.8012 0.4921, 1.7008 -1.8012 0.7283, 1.6417 -1.6831 0.7283, 1.6326 -1.6831 0.8117, 1.6903 -1.8012 0.8244, 1.6042 -1.6831 0.8943, 1.6575 -1.8012 0.9198, 1.5579 -1.6831 0.9685, 1.6041 -1.8012 1.0053, 1.4961 -1.6831 1.0303, 1.5328 -1.8012 1.0765, 1.4219 -1.6831 1.0766, 1.4473 -1.8012 1.1299, 1.3392 -1.6831 1.1051, 1.352 -1.8012 1.1627, 1.2559 -1.6831 1.1142, 1.2559 -1.8012 1.1732, -1.2559 -1.6831 1.1142, -1.2559 -1.8012 1.1732, -1.3392 -1.6831 1.1051, -1.352 -1.8012 1.1627, -1.4219 -1.6831 1.0766, -1.4473 -1.8012 1.1299, -1.4961 -1.6831 1.0303, -1.5328 -1.8012 1.0765, -1.5579 -1.6831 0.9685, -1.6041 -1.8012 1.0053, -1.6042 -1.6831 0.8943, -1.6575 -1.8012 0.9198, -1.6326 -1.6831 0.8117, -1.6903 -1.8012 0.8244, -1.6417 -1.6831 0.7283, -1.7008 -1.8012 0.7283, -1.7008 -1.8012 0.4921, -1.6903 -1.8012 0.3961, -1.2559 -1.8012 0.0472, -1.352 -1.8012 0.0577, -1.4473 -1.8012 0.0905, -1.5328 -1.8012 0.1439, -1.6041 -1.8012 0.2152, -1.6575 -1.8012 0.3007, -0.1004 -1.8012 0.0472, -0.1004 -1.8012 0.0197, -1.2559 -1.8012 0.0197, -1.3481 -1.8012 0.0288, -1.4367 -1.8012 0.0556, -1.5184 -1.8012 0.0993, -1.59 -1.8012 0.1581, -1.6487 -1.8012 0.2297, -1.6924 -1.8012 0.3113, -1.7193 -1.8012 0.4, -1.7283 -1.8012 0.4921, 1.7283 -1.8012 0.4921, 1.7193 -1.8012 0.4, 1.6924 -1.8012 0.3113, 1.6487 -1.8012 0.2297, 1.59 -1.8012 0.1581, 1.5184 -1.8012 0.0993, 1.4367 -1.8012 0.0556, 1.3481 -1.8012 0.0288, 1.2559 -1.8012 0.0197, -1.7283 -1.0898 0.5125, -1.7283 -1.8012 0.7283, -1.7283 -0.6122 0.0217, -1.7283 -0.6181 0.0074, -1.7283 -1.0138 0.5709, -1.7283 -1.0341 0.5682, -1.7283 -1.0531 0.5603, -1.7283 0.8744 -0.2556, -1.7283 0.2672 0.5478, -1.7283 0.2547 0.5315, -1.7283 -0.3755 0.5702, -1.7283 0.2468 0.5125, -1.7283 -0.357 0.5654, -1.7283 -0.9581 0.5478, -1.7283 -0.9456 0.5315, -1.7283 -0.9377 0.5125, -1.7283 -0.9744 0.5603, -1.7283 -0.9934 0.5682, -1.7283 -1.0694 0.5478, -1.7283 -1.082 0.5315, -1.7283 0.5531 0.0217, -1.7283 0.5437 0.0339, -1.7283 0.3785 0.5478, -1.7283 0.391 0.5315, -1.7283 0.3989 0.5125, -1.7283 0.559 0.0074, -1.7283 0.3622 0.5603, -1.7283 0.3432 0.5682, -1.7283 0.3228 0.5709, -1.7283 0.5315 0.0433, -1.7283 0.5173 0.0492, -1.7283 0.502 0.0512, -1.7283 0.4016 0.4921, -1.7283 0.4606 0.0512, -1.7283 0.4016 0.1102, -1.7283 -0.561 0.0512, -1.7283 -0.5763 0.0492, -1.7283 -0.5905 0.0433, -1.7283 -0.6028 0.0339, -1.7283 -0.3946 0.5704, -1.7283 0.3025 0.5682, -1.7283 0.2835 0.5603, -1.7283 -0.309 0.5096, -1.7283 -0.3155 0.5276, -1.7283 -0.3261 0.5435, -1.7283 -0.3402 0.5563, -1.7283 -0.4302 0.5572, -1.7283 -0.4445 0.5446, -1.7283 0.4036 0.095, -1.7283 0.4454 0.0532, -1.7283 0.4095 0.0807, -1.7283 0.4311 0.0591, -1.7283 0.4189 0.0685, -1.7283 -0.4132 0.566, -1.7283 -0.4646 0.1102, -1.7283 -0.4666 0.095, -1.7283 -0.4646 0.4921, -1.7283 -0.4725 0.0807, -1.7283 -0.4818 0.0685, -1.7283 -0.4941 0.0591, -1.7283 -0.5083 0.0532, -1.7283 -0.4554 0.5289, -1.7283 -0.4622 0.5111, -1.7283 -0.5236 0.0512, -1.6417 0.8744 -0.2556, -1.6417 -0.4666 0.095, -1.6417 -0.4646 0.1102, -1.6417 -0.4554 0.5289, -1.6417 -0.4445 0.5446, -1.6417 -1.0898 0.5125, -1.6417 0.5437 0.0339, -1.6417 0.5315 0.0433, -1.6417 0.5173 0.0492, -1.6417 0.3989 0.5125, -1.6417 0.4016 0.4921, -1.6417 -1.0138 0.5709, -1.6417 -1.0341 0.5682, -1.6417 -1.0531 0.5603, -1.6417 -0.4646 0.4921, -1.6417 -0.4622 0.5111, -1.6417 -0.561 0.0512, -1.6417 -0.5763 0.0492, -1.6417 -0.5905 0.0433, -1.6417 -0.6028 0.0339, -1.6417 -0.6122 0.0217, -1.6417 -0.6181 0.0074, -1.6417 -1.082 0.5315, -1.6417 -1.0694 0.5478, -1.6417 0.2468 0.5125, -1.6417 0.2547 0.5315, -1.6417 0.2672 0.5478, -1.6417 0.2835 0.5603, -1.6417 -0.9934 0.5682, -1.6417 -0.9744 0.5603, -1.6417 -0.3946 0.5704, -1.6417 -0.9581 0.5478, -1.6417 0.3025 0.5682, -1.6417 0.3228 0.5709, -1.6417 0.3432 0.5682, -1.6417 0.3622 0.5603, -1.6417 0.3785 0.5478, -1.6417 0.391 0.5315, -1.6417 -0.5236 0.0512, -1.6417 -0.5083 0.0532, -1.6417 -0.4941 0.0591, -1.6417 -0.9377 0.5125, -1.6417 0.502 0.0512, -1.6417 0.4606 0.0512, -1.6417 0.4016 0.1102, -1.6417 0.4454 0.0532, -1.6417 0.5531 0.0217, -1.6417 0.559 0.0074, -1.6417 -0.4818 0.0685, -1.6417 -0.4725 0.0807, -1.6417 -0.9456 0.5315, -1.6417 -0.4132 0.566, -1.6417 -0.4302 0.5572, -1.6417 0.4036 0.095, -1.6417 0.4095 0.0807, -1.6417 0.4189 0.0685, -1.6417 -0.357 0.5654, -1.6417 -0.3402 0.5563, -1.6417 -0.309 0.5096, -1.6417 0.4311 0.0591, -1.6417 -0.3261 0.5435, -1.6417 -0.3155 0.5276, -1.6417 -0.3755 0.5702, 1.6417 0.876 -0.2397, 1.6417 0.5531 0.0217, 1.6417 0.5437 0.0339, 1.6417 0.876 0.7283, 1.6417 -0.4062 0.5682, 1.6417 -0.4252 0.5603, 1.6417 -0.4415 0.5478, 1.6417 -0.454 0.5315, 1.6417 0.559 0.0074, 1.6417 0.8744 -0.2556, 1.6417 -0.5236 0.0512, 1.6417 -0.561 0.0512, 1.6417 -0.5763 0.0492, 1.6417 -0.5905 0.0433, 1.6417 -0.6028 0.0339, 1.6417 -0.4619 0.5125, 1.6417 -0.4646 0.4921, 1.6417 -0.3176 0.5315, 1.6417 0.2547 0.5315, 1.6417 0.2468 0.5125, 1.6417 0.3785 0.5478, 1.6417 0.3622 0.5603, 1.6417 -0.4646 0.1102, 1.6417 -0.4666 0.095, 1.6417 -0.5083 0.0532, 1.6417 -0.6122 0.0217, 1.6417 -0.6181 0.0074, 1.6417 0.4016 0.4921, 1.6417 0.3989 0.5125, 1.6417 0.391 0.5315, 1.6417 0.3432 0.5682, 1.6417 0.3228 0.5709, 1.6417 0.3025 0.5682, 1.6417 0.2835 0.5603, 1.6417 -0.3098 0.5125, 1.6417 -0.3301 0.5478, 1.6417 -0.3464 0.5603, 1.6417 -0.3654 0.5682, 1.6417 -0.4941 0.0591, 1.6417 -0.4725 0.0807, 1.6417 -0.4818 0.0685, 1.6417 0.5315 0.0433, 1.6417 0.5173 0.0492, 1.6417 0.2672 0.5478, 1.6417 -0.3858 0.5709, 1.6417 -1.0531 0.5603, 1.6417 -1.0694 0.5478, 1.6417 -0.9581 0.5478, 1.6417 -0.9744 0.5603, 1.6417 -1.0898 0.5125, 1.6417 -1.082 0.5315, 1.6417 -0.9377 0.5125, 1.6417 -0.9456 0.5315, 1.6417 -0.9934 0.5682, 1.6417 -1.0138 0.5709, 1.6417 -1.0341 0.5682, 1.6417 0.4095 0.0807, 1.6417 0.4036 0.095, 1.6417 0.4189 0.0685, 1.6417 0.4016 0.1102, 1.6417 0.4311 0.0591, 1.6417 0.502 0.0512, 1.6417 0.4606 0.0512, 1.6417 0.4454 0.0532, 1.7283 0.8744 -0.2556, 1.7283 0.876 -0.2397, 1.7283 -0.6122 0.0217, 1.7283 -0.6028 0.0339, 1.7283 -1.8012 0.7283, 1.7283 -1.0898 0.5125, 1.7283 -0.9744 0.5603, 1.7283 -0.9581 0.5478, 1.7283 0.876 0.7283, 1.7283 -0.9456 0.5315, 1.7283 -0.9377 0.5125, 1.7283 -0.3464 0.5603, 1.7283 -0.3301 0.5478, 1.7283 -0.3176 0.5315, 1.7283 -0.3098 0.5125, 1.7283 0.2547 0.5315, 1.7283 0.2672 0.5478, 1.7283 -1.082 0.5315, 1.7283 -1.0694 0.5478, 1.7283 -1.0531 0.5603, 1.7283 -1.0341 0.5682, 1.7283 -1.0138 0.5709, 1.7283 -0.9934 0.5682, 1.7283 -0.4415 0.5478, 1.7283 -0.4252 0.5603, 1.7283 0.3228 0.5709, 1.7283 0.3025 0.5682, 1.7283 0.2835 0.5603, 1.7283 -0.4062 0.5682, 1.7283 -0.3858 0.5709, 1.7283 -0.3654 0.5682, 1.7283 0.3432 0.5682, 1.7283 0.3622 0.5603, 1.7283 0.3785 0.5478, 1.7283 0.502 0.0512, 1.7283 0.5173 0.0492, 1.7283 0.5315 0.0433, 1.7283 0.5437 0.0339, 1.7283 -0.6181 0.0074, 1.7283 0.2468 0.5125, 1.7283 0.5531 0.0217, 1.7283 0.559 0.0074, 1.7283 -0.4646 0.4921, 1.7283 -0.4619 0.5125, 1.7283 -0.454 0.5315, 1.7283 0.4016 0.1102, 1.7283 0.4036 0.095, 1.7283 0.4016 0.4921, 1.7283 0.4095 0.0807, 1.7283 0.4189 0.0685, 1.7283 0.4311 0.0591, 1.7283 0.4454 0.0532, 1.7283 -0.5083 0.0532, 1.7283 -0.4941 0.0591, 1.7283 -0.4646 0.1102, 1.7283 -0.5905 0.0433, 1.7283 -0.5763 0.0492, 1.7283 -0.561 0.0512, 1.7283 -0.5236 0.0512, 1.7283 0.391 0.5315, 1.7283 0.3989 0.5125, 1.7283 0.4606 0.0512, 1.7283 -0.4818 0.0685, 1.7283 -0.4725 0.0807, 1.7283 -0.4666 0.095, -0.4747 0.2362 1.1072, -0.4715 0.2362 1.1102, -0.4714 0.2362 1.1103, -0.4714 0.0394 1.1103, -0.4676 0.2362 1.1125, -0.4676 0.0394 1.1125, -0.4636 0.2362 1.1137, -0.4636 0.0394 1.1137, -0.4596 0.2362 1.1142, -0.4596 0.0394 1.1142, -0.4747 0.0394 1.1072, -0.938 0.0394 1.1142, -0.9325 0.0394 1.1134, -0.9283 0.0394 1.1116, -0.9248 0.0394 1.1091, -0.922 0.0394 1.1059, -0.9204 0.2362 1.1033, -0.9221 0.2362 1.1058, -0.9232 0.2362 1.1074, -0.9248 0.2362 1.109, -0.9276 0.2362 1.1112, -0.9262 0.2362 1.1102, -0.9325 0.2362 1.1133, -0.9318 0.2362 1.1132, -0.9284 0.2362 1.1116, -0.938 0.2362 1.1142, 0.4772 0.2362 1.1033, 0.4747 0.0394 1.1072, 0.4746 0.2362 1.1072, 0.4745 0.2362 1.1074, 0.4676 0.0394 1.1125, 0.47 0.2362 1.1112, 0.4714 0.0394 1.1103, 0.4714 0.2362 1.1103, 0.4715 0.2362 1.1102, 0.4635 0.2362 1.1136, 0.4659 0.2362 1.1132, 0.4675 0.2362 1.1124, 0.4636 0.0394 1.1137, 0.4596 0.0394 1.1142, 0.4596 0.2362 1.1142, 0.938 0.2362 1.1142, 0.9325 0.2362 1.1134, 0.9283 0.2362 1.1116, 0.9262 0.2362 1.1102, 0.9248 0.2362 1.1091, 0.922 0.2362 1.1059, 0.938 0.0394 1.1142, 0.9325 0.0394 1.1134, 0.9283 0.0394 1.1116, 0.9248 0.0394 1.1091, 0.922 0.0394 1.1059, -1.6326 -1.6831 0.8117, 1.2559 0.876 1.1142, 1.3392 0.876 1.1051, 1.4219 0.876 1.0766, 1.4961 0.876 1.0303, 1.5579 0.876 0.9685, 1.6042 0.876 0.8943, 1.6326 0.876 0.8117, 0.4596 0.2362 1.2008, 0.4596 0.0394 1.2008, 0.4839 0.0394 1.198, 0.4839 0.2362 1.198, 0.5069 0.0394 1.1897, 0.5069 0.2362 1.1897, 0.5274 0.0394 1.1764, 0.5274 0.2362 1.1764, 0.5444 0.0394 1.1587, 0.5444 0.2362 1.1587, 0.938 0.0394 1.2008, 0.9137 0.0394 1.198, 0.8907 0.0394 1.1897, 0.8702 0.0394 1.1764, 0.8533 0.0394 1.1587, 0.6017 0.0394 1.1142, 0.8533 0.2362 1.1587, 0.8702 0.2362 1.1764, 0.8907 0.2362 1.1897, 0.9137 0.2362 1.198, 0.938 0.2362 1.2008, 0.7959 0.2362 1.1142, -0.938 0.2362 1.2008, -0.938 0.0394 1.2008, -0.9137 0.0394 1.198, -0.9137 0.2362 1.198, -0.8907 0.0394 1.1897, -0.8907 0.2362 1.1897, -0.8702 0.0394 1.1764, -0.8702 0.2362 1.1764, -0.8533 0.0394 1.1587, -0.8533 0.2362 1.1587, -0.4596 0.0394 1.2008, -0.4839 0.0394 1.198, -0.5069 0.0394 1.1897, -0.5274 0.0394 1.1764, -0.5444 0.0394 1.1587, -0.5444 0.2362 1.1587, -0.5274 0.2362 1.1764, -0.5069 0.2362 1.1897, -0.4839 0.2362 1.198, -0.4596 0.2362 1.2008, 1.2559 0.876 1.2008, 1.2559 -1.8012 1.2008, 1.3481 -1.8012 1.1917, 1.3481 0.876 1.1917, 1.4367 -1.8012 1.1648, 1.4367 0.876 1.1648, 1.5184 -1.8012 1.1212, 1.5184 0.876 1.1212, 1.59 -1.8012 1.0624, 1.59 0.876 1.0624, 1.6487 -1.8012 0.9908, 1.6487 0.876 0.9908, 1.6924 -1.8012 0.9091, 1.6924 0.876 0.9091, 1.7193 -1.8012 0.8205, 1.7193 0.876 0.8205, -1.5328 -1.8012 0.1439, -1.4473 -1.8012 0.0905, -1.352 -1.8012 0.0577, -1.59 -1.8012 1.0624, -1.6487 -1.8012 0.9908, -1.6924 -1.8012 0.9091, -1.7193 -1.8012 0.8205, -1.6903 -1.8012 0.3961, -1.6575 -1.8012 0.3007, -1.6041 -1.8012 0.2152, -1.2559 -1.8012 1.2008, -1.3481 -1.8012 1.1917, -1.4367 -1.8012 1.1648, -1.5184 -1.8012 1.1212, -1.1443 0.5315 1.2008, -1.1541 0.5552 1.2008, 1.1443 0.5315 1.2008, 1.1541 0.5552 1.2008, 1.1575 0.5807 1.2008, -1.0845 0.4857 1.2008, -1.1083 0.4955 1.2008, -1.1287 0.5111 1.2008, 1.1575 0.7776 1.2008, 1.2304 0.8726 1.2008, 1.2067 0.8628 1.2008, 1.1287 0.5111 1.2008, 1.1083 0.4955 1.2008, 1.1863 0.8472 1.2008, 1.1707 0.8268 1.2008, 1.1608 0.803 1.2008, -1.1575 0.5807 1.2008, -1.1575 0.7776 1.2008, -1.2304 0.8726 1.2008, -1.2067 0.8628 1.2008, 0.5669 0.6791 1.2008, 0.4685 0.6791 1.2008, 0.443 0.6758 1.2008, -1.1608 0.803 1.2008, -1.1707 0.8268 1.2008, -1.1863 0.8472 1.2008, -0.5669 0.6791 1.2008, -0.4685 0.6791 1.2008, -0.443 0.6758 1.2008, -0.4193 0.666 1.2008, -0.3989 0.6503 1.2008, -0.3833 0.6299 1.2008, -0.3734 0.6062 1.2008, -0.3701 0.5807 1.2008, -0.3734 0.5552 1.2008, -0.3833 0.5315 1.2008, -0.3989 0.5111 1.2008, -0.4193 0.4955 1.2008, 0.3734 0.6062 1.2008, 0.3833 0.6299 1.2008, 0.3989 0.6503 1.2008, 0.4193 0.666 1.2008, 0.3989 0.5111 1.2008, 0.4193 0.4955 1.2008, 0.443 0.4857 1.2008, -0.443 0.4857 1.2008, -0.4685 0.4823 1.2008, -1.0591 0.4823 1.2008, 0.3833 0.5315 1.2008, 0.3734 0.5552 1.2008, 0.3701 0.5807 1.2008, 1.0845 0.4857 1.2008, 1.0591 0.4823 1.2008, 0.4685 0.4823 1.2008, -0.4685 0.6791 1.1142, -0.5669 0.6791 1.1142, 1.2304 0.8726 1.1142, 1.1575 0.7776 1.1142, 1.1443 0.5315 1.1142, 1.1541 0.5552 1.1142, -1.1083 0.4955 1.1142, -1.1287 0.5111 1.1142, -1.1443 0.5315 1.1142, 1.1575 0.5807 1.1142, -0.443 0.4857 1.1142, -0.4193 0.4955 1.1142, -0.3989 0.5111 1.1142, -0.3833 0.5315 1.1142, -0.3734 0.5552 1.1142, -1.1541 0.5552 1.1142, 0.3734 0.5552 1.1142, 0.3833 0.5315 1.1142, 0.3989 0.5111 1.1142, 0.443 0.6758 1.1142, 0.4685 0.6791 1.1142, 0.5669 0.6791 1.1142, 1.1287 0.5111 1.1142, 1.1608 0.803 1.1142, 1.1707 0.8268 1.1142, 1.1863 0.8472 1.1142, -1.0845 0.4857 1.1142, -1.0591 0.4823 1.1142, -0.4685 0.4823 1.1142, -0.3701 0.5807 1.1142, -0.3734 0.6062 1.1142, -0.3833 0.6299 1.1142, 1.0591 0.4823 1.1142, 1.0845 0.4857 1.1142, 1.1083 0.4955 1.1142, 0.3734 0.6062 1.1142, 0.3701 0.5807 1.1142, 1.2067 0.8628 1.1142, -0.3989 0.6503 1.1142, -0.4193 0.666 1.1142, -0.443 0.6758 1.1142, 0.4193 0.4955 1.1142, 0.443 0.4857 1.1142, 0.4685 0.4823 1.1142, -1.1707 0.8268 1.1142, -1.2304 0.8726 1.1142, -1.1863 0.8472 1.1142, -1.2067 0.8628 1.1142, -1.1608 0.803 1.1142, -1.1575 0.7776 1.1142, -1.1575 0.5807 1.1142, 0.4193 0.666 1.1142, 0.3989 0.6503 1.1142, 0.3833 0.6299 1.1142, -0.5845 0.6791 1.1123, -0.6028 0.6791 1.197, -0.6013 0.6791 1.1067, -0.6371 0.6791 1.1856, -0.6166 0.6791 1.0978, -0.6682 0.6791 1.1673, -0.6296 0.6791 1.0858, -0.6948 0.6791 1.1428, -0.6772 0.6791 1.0315, -0.7923 0.6791 1.0315, -0.6165 0.6791 1.0978, -0.6012 0.6791 1.1068, -0.5842 0.6791 1.1124, -0.7766 0.6791 0.9181, -0.8417 0.6791 0.9752, 0.8417 0.6791 0.9752, 0.7766 0.6791 0.9181, 0.6296 0.6791 1.0858, 0.6772 0.6791 1.0315, 0.7923 0.6791 1.0315, 0.6948 0.6791 1.1428, 0.6166 0.6791 1.0978, 0.6682 0.6791 1.1673, 0.6013 0.6791 1.1067, 0.6371 0.6791 1.1856, 0.5845 0.6791 1.1123, 0.6028 0.6791 1.197
            ]
        }
        coordIndex [
            0,1,2,-1,2,1,3,-1,2,3,4,-1,5,6,7,-1,7,6,2,-1,7,2,8,-1,8,2,4,-1,9,10,11,-1,11,10,12,-1,11,12,13,-1,14,15,16,-1,16,15,17,-1,18,19,20,-1,20,19,21,-1,20,21,22,-1,22,21,23,-1,22,23,24,-1,24,23,25,-1,24,25,26,-1,26,25,27,-1,28,29,30,-1,30,29,31,-1,30,31,32,-1,32,31,33,-1,32,33,34,-1,34,33,35,-1,34,35,27,-1,27,35,36,-1,27,36,26,-1,37,38,39,-1,40,41,42,-1,43,40,39,-1,39,40,42,-1,39,42,37,-1,44,45,46,-1,46,45,47,-1,48,49,50,-1,50,49,51,-1,50,51,52,-1,52,51,53,-1,52,53,54,-1,54,53,55,-1,54,55,56,-1,56,55,57,-1,56,57,58,-1,58,57,59,-1,60,61,62,-1,62,61,63,-1,62,63,64,-1,64,63,65,-1,64,65,48,-1,48,65,66,-1,48,66,49,-1,67,68,69,-1,69,68,70,-1,69,70,71,-1,71,70,72,-1,71,72,73,-1,73,72,74,-1,75,76,77,-1,77,76,78,-1,77,78,79,-1,79,78,80,-1,79,80,81,-1,81,80,82,-1,81,82,83,-1,83,82,84,-1,83,84,67,-1,67,84,85,-1,67,85,68,-1,86,87,88,-1,88,87,89,-1,88,89,90,-1,90,89,91,-1,90,91,92,-1,92,91,93,-1,92,93,94,-1,94,93,95,-1,94,95,96,-1,96,95,97,-1,96,97,98,-1,98,97,99,-1,98,99,100,-1,100,99,101,-1,100,101,102,-1,102,101,103,-1,102,103,104,-1,104,103,105,-1,104,105,106,-1,106,105,107,-1,106,107,108,-1,108,107,109,-1,110,111,112,-1,112,111,113,-1,114,115,116,-1,116,115,117,-1,115,114,118,-1,115,118,119,-1,119,118,120,-1,119,120,121,-1,121,120,122,-1,121,122,123,-1,123,122,124,-1,123,124,125,-1,125,124,126,-1,125,126,127,-1,128,129,126,-1,126,129,127,-1,129,128,130,-1,129,130,131,-1,131,130,132,-1,131,132,133,-1,133,132,134,-1,133,134,135,-1,135,134,136,-1,135,136,137,-1,137,136,138,-1,137,138,139,-1,140,141,138,-1,138,141,139,-1,142,143,144,-1,144,143,145,-1,146,147,148,-1,146,148,149,-1,149,148,150,-1,149,150,151,-1,151,150,152,-1,151,152,153,-1,153,152,154,-1,153,154,155,-1,155,154,144,-1,155,144,145,-1,147,146,156,-1,156,146,157,-1,158,159,160,-1,158,160,161,-1,161,160,162,-1,161,162,163,-1,163,162,164,-1,163,164,165,-1,165,164,166,-1,165,166,167,-1,167,166,156,-1,167,156,157,-1,159,158,168,-1,168,158,169,-1,170,171,172,-1,172,171,173,-1,171,170,174,-1,174,170,175,-1,174,175,176,-1,176,175,177,-1,176,177,178,-1,178,177,179,-1,178,179,180,-1,180,179,181,-1,180,181,182,-1,182,181,183,-1,184,185,186,-1,186,185,187,-1,186,187,188,-1,188,187,189,-1,188,189,190,-1,190,189,191,-1,190,191,192,-1,192,191,193,-1,192,193,173,-1,173,193,172,-1,111,110,194,-1,194,110,195,-1,194,195,196,-1,196,195,197,-1,196,197,198,-1,198,197,199,-1,198,199,200,-1,200,199,201,-1,200,201,202,-1,202,201,203,-1,204,205,206,-1,206,205,207,-1,206,207,208,-1,208,207,209,-1,208,209,210,-1,210,209,211,-1,210,211,212,-1,212,211,213,-1,212,213,113,-1,113,213,112,-1,214,215,216,-1,216,215,217,-1,215,218,217,-1,217,218,219,-1,217,219,140,-1,140,219,220,-1,140,220,141,-1,214,216,221,-1,221,216,222,-1,221,222,223,-1,223,222,224,-1,224,222,225,-1,224,225,226,-1,226,225,227,-1,226,227,228,-1,226,228,229,-1,230,214,229,-1,229,214,221,-1,221,223,229,-1,229,223,224,-1,229,224,226,-1,5,7,231,-1,231,7,8,-1,231,8,232,-1,232,8,4,-1,232,4,233,-1,233,4,3,-1,233,3,234,-1,234,3,1,-1,234,1,0,-1,5,231,235,-1,235,231,236,-1,235,236,237,-1,116,117,236,-1,236,117,238,-1,236,238,237,-1,239,236,231,-1,231,232,239,-1,239,232,233,-1,239,233,234,-1,227,225,240,-1,240,225,222,-1,240,222,216,-1,216,217,240,-1,240,217,140,-1,240,140,205,-1,205,140,138,-1,205,138,207,-1,207,138,136,-1,207,136,209,-1,209,136,241,-1,209,241,211,-1,211,241,242,-1,211,242,213,-1,213,242,243,-1,213,243,112,-1,112,243,128,-1,112,128,110,-1,110,128,126,-1,110,126,195,-1,195,126,124,-1,195,124,197,-1,197,124,244,-1,197,244,199,-1,199,244,245,-1,199,245,201,-1,201,245,246,-1,201,246,203,-1,203,246,114,-1,203,114,239,-1,239,114,116,-1,239,116,236,-1,247,248,249,-1,249,248,250,-1,250,248,251,-1,250,251,252,-1,252,251,168,-1,252,168,169,-1,253,254,255,-1,255,254,256,-1,249,257,247,-1,247,257,258,-1,247,258,256,-1,256,258,259,-1,256,259,255,-1,256,254,260,-1,261,262,263,-1,263,262,264,-1,263,264,265,-1,251,248,260,-1,260,248,247,-1,260,247,256,-1,265,266,263,-1,263,266,142,-1,263,142,185,-1,185,142,144,-1,185,144,187,-1,187,144,154,-1,187,154,189,-1,189,154,152,-1,189,152,191,-1,191,152,150,-1,191,150,193,-1,193,150,148,-1,193,148,172,-1,172,148,147,-1,172,147,170,-1,170,147,156,-1,170,156,175,-1,175,156,166,-1,175,166,177,-1,177,166,164,-1,177,164,179,-1,179,164,162,-1,179,162,181,-1,181,162,160,-1,181,160,183,-1,183,160,159,-1,183,159,260,-1,260,159,168,-1,260,168,251,-1,267,268,266,-1,266,268,143,-1,266,143,142,-1,267,266,269,-1,269,266,265,-1,269,265,270,-1,270,265,264,-1,270,264,271,-1,271,264,272,-1,272,264,262,-1,272,262,273,-1,273,262,261,-1,273,261,274,-1,273,274,275,-1,253,255,276,-1,276,255,259,-1,276,259,258,-1,268,267,275,-1,275,267,269,-1,275,269,270,-1,270,271,275,-1,275,271,272,-1,275,272,273,-1,258,257,276,-1,276,257,249,-1,276,249,250,-1,250,252,276,-1,276,252,169,-1,276,169,182,-1,182,169,158,-1,182,158,180,-1,180,158,161,-1,180,161,178,-1,178,161,163,-1,178,163,176,-1,176,163,165,-1,176,165,174,-1,174,165,167,-1,174,167,171,-1,171,167,157,-1,171,157,173,-1,173,157,146,-1,173,146,192,-1,192,146,149,-1,192,149,190,-1,190,149,151,-1,190,151,188,-1,188,151,153,-1,188,153,186,-1,186,153,155,-1,186,155,184,-1,184,155,145,-1,184,145,275,-1,275,145,143,-1,275,143,268,-1,182,183,276,-1,276,183,260,-1,276,260,277,-1,277,260,278,-1,279,280,275,-1,275,280,263,-1,275,263,184,-1,184,263,185,-1,281,2,6,-1,282,283,239,-1,239,283,281,-1,239,281,203,-1,203,281,6,-1,203,6,202,-1,205,284,240,-1,240,284,285,-1,240,285,286,-1,205,204,284,-1,284,204,230,-1,284,230,229,-1,287,288,227,-1,0,289,290,-1,291,0,2,-1,281,284,2,-1,2,284,229,-1,2,229,291,-1,287,227,58,-1,58,227,292,-1,58,292,56,-1,293,294,295,-1,239,296,240,-1,240,296,297,-1,240,297,227,-1,227,297,298,-1,227,298,292,-1,299,234,300,-1,300,234,0,-1,300,0,301,-1,301,0,290,-1,288,302,227,-1,227,302,303,-1,227,303,228,-1,228,303,304,-1,228,304,305,-1,295,294,306,-1,307,308,291,-1,291,308,309,-1,291,309,0,-1,0,309,310,-1,0,310,289,-1,305,311,228,-1,228,311,312,-1,228,312,229,-1,229,312,313,-1,229,313,291,-1,295,314,234,-1,234,314,315,-1,234,315,239,-1,239,315,316,-1,239,316,296,-1,317,318,319,-1,319,318,320,-1,299,321,234,-1,234,321,320,-1,234,320,295,-1,295,320,318,-1,295,318,293,-1,322,323,324,-1,307,291,325,-1,325,291,326,-1,325,326,327,-1,322,324,328,-1,329,330,331,-1,323,332,324,-1,324,332,333,-1,324,333,334,-1,334,333,335,-1,334,335,336,-1,337,338,339,-1,339,338,329,-1,339,329,340,-1,340,329,331,-1,336,341,334,-1,334,341,342,-1,334,342,343,-1,319,344,317,-1,317,344,345,-1,317,345,346,-1,346,347,317,-1,317,347,348,-1,317,348,330,-1,330,348,349,-1,330,349,331,-1,350,351,338,-1,338,351,352,-1,338,352,353,-1,353,352,354,-1,353,354,355,-1,326,356,327,-1,327,356,357,-1,327,357,358,-1,358,357,359,-1,360,361,343,-1,343,361,362,-1,343,362,334,-1,363,364,357,-1,357,364,365,-1,357,365,359,-1,337,366,338,-1,338,366,367,-1,338,367,368,-1,369,328,370,-1,370,328,324,-1,370,324,371,-1,371,324,372,-1,369,373,328,-1,328,373,374,-1,328,374,375,-1,368,376,338,-1,338,376,377,-1,338,377,350,-1,294,378,306,-1,306,378,379,-1,306,379,380,-1,380,379,381,-1,380,381,382,-1,382,381,375,-1,382,375,383,-1,383,375,374,-1,360,384,361,-1,361,384,385,-1,361,385,386,-1,354,387,355,-1,355,387,388,-1,355,388,389,-1,389,388,390,-1,390,391,389,-1,389,391,392,-1,389,392,393,-1,386,394,361,-1,361,394,395,-1,361,395,396,-1,28,30,397,-1,261,398,399,-1,400,401,402,-1,253,403,254,-1,254,403,404,-1,254,404,405,-1,406,407,408,-1,408,407,275,-1,408,275,409,-1,409,275,274,-1,409,274,410,-1,410,274,261,-1,410,261,411,-1,411,261,399,-1,411,399,412,-1,413,414,415,-1,416,417,418,-1,419,420,421,-1,402,401,399,-1,399,401,422,-1,399,422,423,-1,417,424,418,-1,418,424,425,-1,418,425,426,-1,426,425,427,-1,426,427,402,-1,402,427,428,-1,402,428,400,-1,414,413,429,-1,406,408,276,-1,276,408,430,-1,276,430,431,-1,431,432,276,-1,276,432,433,-1,276,433,253,-1,253,433,434,-1,253,434,403,-1,423,435,399,-1,399,435,436,-1,399,436,412,-1,415,437,413,-1,413,437,398,-1,413,398,438,-1,438,398,261,-1,438,261,439,-1,439,261,263,-1,439,263,440,-1,440,263,441,-1,440,441,442,-1,442,441,443,-1,442,443,444,-1,444,443,260,-1,444,260,445,-1,445,260,254,-1,445,254,397,-1,397,254,405,-1,397,405,28,-1,446,447,448,-1,449,450,451,-1,451,450,452,-1,451,452,453,-1,453,452,454,-1,453,454,418,-1,418,454,455,-1,418,455,456,-1,457,458,459,-1,456,460,418,-1,418,460,461,-1,418,461,416,-1,421,420,413,-1,413,420,462,-1,413,462,463,-1,457,459,464,-1,465,466,467,-1,467,466,446,-1,467,446,468,-1,468,446,448,-1,469,470,465,-1,465,470,471,-1,465,471,466,-1,459,472,464,-1,464,472,473,-1,464,473,474,-1,474,473,475,-1,475,476,474,-1,474,476,477,-1,474,477,478,-1,478,479,474,-1,474,479,480,-1,474,480,463,-1,463,480,481,-1,463,481,413,-1,413,481,482,-1,413,482,429,-1,458,457,483,-1,483,457,484,-1,483,484,485,-1,421,486,419,-1,419,486,487,-1,419,487,465,-1,465,487,488,-1,465,488,469,-1,489,484,490,-1,490,484,491,-1,490,491,492,-1,492,491,493,-1,492,493,494,-1,451,495,449,-1,449,495,496,-1,449,496,497,-1,497,496,498,-1,497,498,499,-1,489,500,484,-1,484,500,501,-1,484,501,502,-1,502,503,484,-1,484,503,504,-1,484,504,485,-1,494,493,505,-1,505,493,506,-1,505,506,507,-1,507,508,505,-1,505,508,509,-1,505,509,510,-1,445,511,512,-1,445,512,444,-1,444,512,513,-1,444,513,442,-1,442,513,514,-1,442,514,440,-1,440,514,515,-1,440,515,439,-1,439,515,516,-1,439,516,438,-1,438,516,517,-1,438,517,413,-1,413,517,518,-1,413,518,421,-1,486,421,519,-1,519,421,518,-1,520,446,521,-1,521,446,466,-1,521,466,522,-1,522,466,471,-1,522,471,523,-1,523,471,470,-1,523,470,524,-1,524,470,469,-1,524,469,525,-1,525,469,488,-1,525,488,526,-1,526,488,487,-1,526,487,519,-1,519,487,486,-1,527,528,463,-1,465,467,529,-1,530,484,531,-1,531,484,457,-1,531,457,532,-1,532,457,464,-1,532,464,533,-1,463,528,474,-1,528,534,474,-1,474,534,535,-1,474,535,464,-1,464,535,536,-1,464,536,533,-1,462,420,537,-1,537,538,462,-1,462,538,539,-1,462,539,463,-1,463,539,540,-1,463,540,527,-1,529,541,465,-1,465,541,542,-1,465,542,419,-1,419,542,543,-1,419,543,420,-1,420,543,544,-1,420,544,537,-1,491,484,545,-1,545,484,530,-1,493,491,545,-1,545,546,493,-1,493,546,547,-1,493,547,506,-1,547,548,506,-1,506,548,549,-1,506,549,507,-1,549,550,507,-1,507,550,551,-1,507,551,508,-1,551,552,508,-1,508,552,553,-1,508,553,509,-1,553,554,509,-1,509,554,555,-1,509,555,510,-1,555,556,510,-1,510,556,557,-1,510,557,505,-1,557,558,505,-1,505,558,559,-1,505,559,494,-1,560,492,561,-1,561,492,494,-1,561,494,562,-1,562,494,559,-1,490,492,563,-1,563,492,560,-1,483,564,458,-1,458,564,565,-1,489,490,563,-1,563,566,489,-1,489,566,567,-1,489,567,500,-1,567,568,500,-1,500,568,569,-1,500,569,501,-1,569,570,501,-1,501,570,571,-1,501,571,502,-1,572,503,573,-1,573,503,502,-1,573,502,574,-1,574,502,571,-1,572,575,503,-1,503,575,576,-1,503,576,504,-1,576,577,504,-1,504,577,578,-1,504,578,485,-1,485,578,579,-1,485,579,483,-1,483,579,580,-1,483,580,564,-1,459,458,581,-1,581,458,565,-1,472,459,581,-1,480,479,582,-1,582,583,480,-1,480,583,584,-1,480,584,481,-1,481,584,585,-1,481,585,586,-1,478,477,587,-1,587,588,478,-1,478,588,589,-1,478,589,479,-1,479,589,590,-1,479,590,582,-1,475,591,476,-1,476,591,592,-1,476,592,477,-1,477,592,593,-1,477,593,587,-1,473,594,475,-1,475,594,595,-1,475,595,591,-1,581,596,472,-1,472,596,597,-1,472,597,473,-1,473,597,598,-1,473,598,594,-1,482,481,599,-1,599,481,586,-1,600,601,398,-1,429,482,599,-1,602,418,603,-1,603,418,426,-1,603,426,604,-1,604,426,402,-1,604,402,605,-1,398,601,399,-1,601,606,399,-1,399,606,607,-1,399,607,402,-1,402,607,608,-1,402,608,605,-1,437,415,609,-1,609,610,437,-1,437,610,611,-1,437,611,398,-1,398,611,612,-1,398,612,600,-1,599,613,429,-1,429,613,614,-1,429,614,414,-1,414,614,615,-1,414,615,415,-1,415,615,616,-1,415,616,609,-1,453,418,617,-1,617,418,602,-1,451,453,617,-1,617,618,451,-1,451,618,619,-1,451,619,495,-1,619,620,495,-1,495,620,621,-1,495,621,496,-1,621,622,496,-1,496,622,623,-1,496,623,498,-1,623,624,498,-1,498,624,625,-1,498,625,499,-1,625,626,499,-1,499,626,627,-1,499,627,497,-1,627,628,497,-1,497,628,629,-1,497,629,449,-1,629,630,449,-1,449,630,631,-1,449,631,450,-1,632,452,633,-1,633,452,450,-1,633,450,634,-1,634,450,631,-1,454,452,635,-1,635,452,632,-1,425,636,427,-1,427,636,637,-1,455,454,635,-1,635,638,455,-1,455,638,639,-1,455,639,456,-1,639,640,456,-1,456,640,641,-1,456,641,460,-1,641,642,460,-1,460,642,643,-1,460,643,461,-1,644,416,645,-1,645,416,461,-1,645,461,646,-1,646,461,643,-1,644,647,416,-1,416,647,648,-1,416,648,417,-1,648,649,417,-1,417,649,650,-1,417,650,424,-1,424,650,651,-1,424,651,425,-1,425,651,652,-1,425,652,636,-1,428,427,653,-1,653,427,637,-1,400,428,653,-1,411,412,654,-1,654,655,411,-1,411,655,656,-1,411,656,410,-1,410,656,657,-1,410,657,658,-1,436,435,659,-1,659,660,436,-1,436,660,661,-1,436,661,412,-1,412,661,662,-1,412,662,654,-1,422,663,423,-1,423,663,664,-1,423,664,435,-1,435,664,665,-1,435,665,659,-1,401,666,422,-1,422,666,667,-1,422,667,663,-1,653,668,400,-1,400,668,669,-1,400,669,401,-1,401,669,670,-1,401,670,666,-1,409,410,671,-1,671,410,658,-1,408,409,672,-1,672,409,671,-1,408,672,673,-1,408,673,430,-1,430,673,674,-1,430,674,431,-1,431,674,675,-1,431,675,432,-1,432,675,676,-1,432,676,433,-1,677,434,676,-1,676,434,433,-1,29,28,678,-1,678,28,405,-1,678,405,679,-1,679,405,404,-1,679,404,680,-1,680,404,403,-1,680,403,677,-1,677,403,434,-1,681,682,683,-1,683,682,684,-1,683,684,685,-1,685,684,686,-1,685,686,687,-1,687,686,688,-1,687,688,689,-1,511,445,690,-1,690,445,397,-1,690,397,691,-1,691,397,692,-1,691,692,693,-1,693,692,694,-1,693,694,695,-1,695,694,689,-1,695,689,696,-1,696,689,688,-1,697,698,699,-1,697,699,700,-1,700,699,701,-1,700,701,702,-1,702,701,703,-1,702,703,704,-1,704,703,705,-1,704,705,706,-1,706,705,280,-1,706,280,279,-1,703,701,707,-1,707,701,699,-1,707,699,698,-1,441,263,280,-1,703,707,705,-1,705,707,708,-1,705,708,709,-1,441,280,443,-1,260,443,278,-1,278,443,280,-1,278,280,710,-1,710,280,705,-1,710,705,711,-1,711,705,709,-1,277,278,710,-1,277,710,712,-1,712,710,711,-1,712,711,713,-1,713,711,709,-1,713,709,714,-1,714,709,708,-1,714,708,715,-1,715,708,707,-1,715,707,716,-1,716,697,700,-1,700,702,716,-1,716,702,704,-1,716,704,706,-1,406,276,277,-1,713,714,706,-1,706,714,715,-1,706,715,716,-1,279,275,407,-1,713,706,712,-1,712,706,279,-1,712,279,277,-1,277,279,407,-1,277,407,406,-1,717,718,719,-1,719,718,720,-1,719,720,721,-1,721,720,722,-1,721,722,723,-1,723,722,724,-1,446,520,447,-1,447,520,725,-1,447,725,726,-1,726,725,727,-1,726,727,728,-1,728,727,729,-1,728,729,730,-1,730,729,731,-1,730,731,717,-1,717,731,732,-1,717,732,718,-1,370,371,733,-1,382,734,380,-1,380,734,735,-1,380,735,736,-1,374,737,383,-1,383,737,738,-1,383,738,382,-1,382,738,739,-1,382,739,734,-1,373,740,374,-1,374,740,741,-1,374,741,737,-1,369,742,373,-1,373,742,743,-1,373,743,740,-1,733,744,370,-1,370,744,745,-1,370,745,369,-1,369,745,746,-1,369,746,742,-1,306,380,747,-1,747,380,736,-1,306,747,748,-1,306,748,295,-1,295,748,749,-1,295,749,314,-1,314,749,750,-1,314,750,315,-1,315,750,751,-1,315,751,316,-1,316,751,752,-1,316,752,296,-1,296,752,753,-1,296,753,297,-1,297,753,754,-1,297,754,298,-1,755,756,757,-1,757,756,758,-1,757,758,759,-1,759,758,760,-1,759,760,761,-1,761,760,762,-1,298,754,292,-1,292,754,763,-1,292,763,764,-1,764,763,765,-1,764,765,766,-1,766,765,767,-1,766,767,768,-1,768,767,769,-1,768,769,762,-1,762,769,770,-1,762,770,761,-1,58,59,287,-1,287,59,771,-1,287,771,288,-1,288,771,772,-1,288,772,302,-1,302,772,773,-1,302,773,303,-1,303,773,774,-1,775,304,774,-1,774,304,303,-1,776,313,312,-1,776,312,777,-1,777,312,311,-1,777,311,778,-1,778,311,305,-1,778,305,779,-1,779,305,304,-1,779,304,775,-1,291,313,780,-1,780,313,776,-1,326,291,781,-1,781,291,780,-1,782,783,325,-1,356,326,781,-1,325,327,782,-1,782,327,358,-1,782,358,784,-1,784,358,359,-1,784,359,785,-1,785,359,365,-1,785,365,786,-1,786,365,364,-1,786,364,787,-1,787,364,363,-1,787,363,788,-1,788,363,357,-1,788,357,789,-1,789,357,356,-1,789,356,790,-1,790,356,781,-1,307,325,791,-1,791,325,783,-1,308,307,791,-1,792,321,793,-1,793,321,299,-1,793,299,794,-1,794,299,300,-1,794,300,795,-1,795,300,796,-1,796,300,301,-1,796,301,797,-1,797,301,798,-1,798,301,290,-1,798,290,799,-1,799,290,800,-1,800,290,289,-1,800,289,801,-1,310,802,289,-1,289,802,803,-1,289,803,801,-1,309,804,310,-1,310,804,805,-1,310,805,802,-1,791,806,308,-1,308,806,807,-1,308,807,309,-1,309,807,808,-1,309,808,804,-1,320,321,809,-1,809,321,792,-1,319,320,809,-1,810,340,811,-1,811,340,331,-1,811,331,812,-1,812,331,813,-1,813,331,349,-1,813,349,814,-1,814,349,348,-1,814,348,815,-1,815,348,816,-1,816,348,347,-1,816,347,817,-1,817,347,818,-1,818,347,346,-1,818,346,819,-1,345,820,346,-1,346,820,821,-1,346,821,819,-1,344,822,345,-1,345,822,823,-1,345,823,820,-1,809,824,319,-1,319,824,825,-1,319,825,344,-1,344,825,826,-1,344,826,822,-1,339,340,827,-1,827,340,810,-1,351,828,352,-1,352,828,829,-1,337,339,827,-1,827,830,337,-1,337,830,831,-1,337,831,366,-1,366,831,832,-1,366,832,367,-1,832,833,367,-1,367,833,834,-1,367,834,368,-1,834,835,368,-1,368,835,836,-1,368,836,376,-1,376,836,837,-1,837,838,376,-1,376,838,839,-1,376,839,377,-1,839,840,377,-1,377,840,841,-1,377,841,350,-1,841,842,350,-1,350,842,843,-1,350,843,351,-1,351,843,844,-1,351,844,828,-1,354,352,845,-1,845,352,829,-1,846,847,353,-1,387,354,845,-1,353,355,846,-1,846,355,389,-1,846,389,848,-1,848,389,393,-1,848,393,849,-1,849,393,392,-1,849,392,850,-1,850,392,391,-1,850,391,851,-1,851,391,390,-1,851,390,852,-1,852,390,388,-1,852,388,853,-1,853,388,387,-1,853,387,854,-1,854,387,845,-1,338,353,855,-1,855,353,847,-1,329,338,855,-1,856,381,857,-1,857,381,379,-1,857,379,858,-1,858,379,378,-1,858,378,859,-1,859,378,860,-1,860,378,294,-1,860,294,861,-1,861,294,862,-1,862,294,293,-1,862,293,863,-1,863,293,864,-1,864,293,318,-1,864,318,865,-1,317,866,318,-1,318,866,867,-1,318,867,865,-1,330,868,317,-1,317,868,869,-1,317,869,866,-1,855,870,329,-1,329,870,871,-1,329,871,330,-1,330,871,872,-1,330,872,868,-1,375,381,873,-1,873,381,856,-1,328,375,873,-1,874,342,875,-1,875,342,341,-1,875,341,876,-1,876,341,877,-1,877,341,336,-1,877,336,878,-1,878,336,335,-1,878,335,879,-1,879,335,880,-1,880,335,333,-1,880,333,881,-1,881,333,882,-1,882,333,332,-1,882,332,883,-1,323,884,332,-1,332,884,885,-1,332,885,883,-1,322,886,323,-1,323,886,887,-1,323,887,884,-1,873,888,328,-1,328,888,889,-1,328,889,322,-1,322,889,890,-1,322,890,886,-1,343,342,891,-1,891,342,874,-1,361,892,362,-1,362,892,893,-1,360,343,891,-1,891,894,360,-1,360,894,895,-1,360,895,384,-1,384,895,896,-1,384,896,385,-1,896,897,385,-1,385,897,898,-1,385,898,386,-1,898,899,386,-1,386,899,900,-1,386,900,394,-1,394,900,901,-1,901,902,394,-1,394,902,903,-1,394,903,395,-1,903,904,395,-1,395,904,905,-1,395,905,396,-1,905,906,396,-1,396,906,907,-1,396,907,361,-1,361,907,908,-1,361,908,892,-1,909,910,911,-1,911,910,912,-1,911,912,913,-1,913,912,914,-1,913,914,915,-1,915,914,916,-1,915,916,917,-1,733,371,918,-1,918,371,372,-1,918,372,919,-1,919,372,920,-1,919,920,921,-1,921,920,922,-1,921,922,923,-1,923,922,917,-1,923,917,924,-1,924,917,916,-1,925,926,927,-1,925,927,928,-1,928,927,929,-1,928,929,930,-1,930,929,931,-1,930,931,932,-1,932,931,933,-1,932,933,934,-1,934,933,286,-1,934,286,285,-1,927,926,935,-1,926,936,937,-1,927,935,929,-1,937,938,926,-1,926,938,939,-1,926,939,935,-1,282,239,240,-1,240,286,282,-1,282,286,933,-1,282,933,935,-1,935,933,931,-1,935,931,929,-1,283,282,935,-1,283,935,940,-1,940,935,939,-1,940,939,941,-1,941,939,938,-1,941,938,942,-1,942,938,937,-1,942,937,943,-1,943,937,936,-1,943,936,944,-1,941,942,925,-1,925,942,943,-1,925,943,944,-1,941,925,940,-1,940,925,928,-1,940,928,930,-1,284,281,285,-1,285,281,283,-1,285,283,934,-1,934,283,940,-1,934,940,932,-1,932,940,930,-1,31,690,691,-1,31,691,33,-1,33,691,693,-1,33,693,35,-1,35,693,695,-1,35,695,36,-1,36,695,696,-1,36,696,26,-1,26,696,688,-1,26,688,24,-1,24,688,686,-1,24,686,22,-1,22,686,684,-1,22,684,20,-1,20,684,682,-1,20,682,18,-1,945,946,947,-1,947,946,948,-1,947,948,949,-1,947,949,950,-1,950,949,951,-1,950,951,952,-1,952,951,953,-1,952,953,954,-1,954,953,955,-1,954,955,956,-1,956,955,957,-1,956,957,958,-1,958,957,959,-1,959,957,960,-1,961,962,963,-1,961,963,964,-1,964,963,965,-1,964,965,966,-1,966,965,967,-1,966,967,968,-1,968,967,969,-1,968,969,970,-1,970,969,959,-1,970,959,960,-1,962,961,971,-1,971,961,972,-1,971,972,973,-1,971,973,974,-1,974,973,975,-1,974,975,976,-1,977,978,9,-1,9,978,10,-1,975,979,976,-1,976,979,980,-1,976,980,978,-1,978,980,981,-1,978,981,10,-1,448,447,982,-1,982,447,726,-1,982,726,983,-1,983,726,984,-1,984,726,728,-1,984,728,985,-1,985,728,730,-1,985,730,986,-1,986,730,987,-1,987,730,717,-1,987,717,988,-1,988,717,989,-1,989,717,719,-1,989,719,990,-1,990,719,991,-1,991,719,721,-1,991,721,992,-1,992,721,993,-1,993,721,723,-1,993,723,994,-1,995,996,997,-1,997,996,998,-1,997,998,999,-1,997,999,1000,-1,1000,999,1001,-1,1000,1001,1002,-1,1002,1001,1003,-1,1002,1003,1004,-1,1004,1003,1005,-1,1004,1005,1006,-1,1006,1005,1007,-1,1006,1007,1008,-1,1008,1007,1009,-1,1009,1007,1010,-1,1011,1012,1013,-1,1011,1013,1014,-1,1014,1013,1015,-1,1014,1015,1016,-1,1016,1015,1017,-1,1016,1017,1018,-1,1018,1017,1019,-1,1018,1019,1020,-1,1020,1019,1009,-1,1020,1009,1010,-1,1012,1011,1021,-1,1021,1011,1022,-1,1021,1022,1023,-1,1021,1023,1024,-1,1024,1023,1025,-1,1024,1025,1026,-1,1027,1026,1028,-1,1028,1026,1025,-1,397,30,692,-1,692,30,32,-1,692,32,694,-1,694,32,34,-1,694,34,689,-1,689,34,27,-1,689,27,687,-1,687,27,25,-1,687,25,685,-1,685,25,23,-1,685,23,683,-1,683,23,21,-1,683,21,681,-1,681,21,19,-1,9,11,977,-1,977,11,1029,-1,946,945,1030,-1,946,1030,1031,-1,1031,1030,15,-1,1031,15,14,-1,1032,909,1033,-1,1033,909,911,-1,1033,911,1034,-1,1034,911,913,-1,1034,913,1035,-1,1035,913,915,-1,1035,915,1036,-1,1036,915,917,-1,1036,917,1037,-1,1037,917,922,-1,1037,922,1038,-1,1038,922,920,-1,1038,920,324,-1,324,920,372,-1,38,1039,1040,-1,1040,1039,42,-1,42,41,1040,-1,1040,41,40,-1,1040,40,1041,-1,1041,40,43,-1,1041,43,1042,-1,56,292,54,-1,54,292,764,-1,54,764,52,-1,52,764,766,-1,52,766,50,-1,50,766,768,-1,50,768,48,-1,48,768,762,-1,48,762,64,-1,64,762,760,-1,64,760,62,-1,62,760,758,-1,62,758,60,-1,60,758,756,-1,60,756,1043,-1,1044,1045,1046,-1,1046,1045,1047,-1,1045,1044,1048,-1,1045,1048,1049,-1,1049,1048,1050,-1,1049,1050,1051,-1,1051,1050,1052,-1,1051,1052,1053,-1,1053,1052,1054,-1,1053,1054,1055,-1,1055,1054,1056,-1,1055,1056,1057,-1,1058,1059,1056,-1,1056,1059,1057,-1,1060,1061,1062,-1,1060,1062,1063,-1,1063,1062,1064,-1,1063,1064,1065,-1,1065,1064,1066,-1,1065,1066,1067,-1,1067,1066,1068,-1,1067,1068,1069,-1,1069,1068,1059,-1,1069,1059,1058,-1,1070,1071,1060,-1,1060,1071,1061,-1,1071,1070,1072,-1,1071,1072,1073,-1,1073,1072,1074,-1,1073,1074,1075,-1,1076,1075,1077,-1,1077,1075,1074,-1,61,755,757,-1,61,757,63,-1,63,757,759,-1,63,759,65,-1,65,759,761,-1,65,761,66,-1,66,761,770,-1,66,770,49,-1,49,770,769,-1,49,769,51,-1,51,769,767,-1,51,767,53,-1,53,767,765,-1,53,765,55,-1,55,765,763,-1,55,763,57,-1,1078,1079,1080,-1,1078,1080,1081,-1,1081,1080,45,-1,1081,45,44,-1,1082,1083,1078,-1,1078,1083,1079,-1,1083,1082,1084,-1,1083,1084,1085,-1,1085,1084,1086,-1,1085,1086,1087,-1,1087,1086,1088,-1,1087,1088,1089,-1,1089,1088,1090,-1,1089,1090,1091,-1,1091,1090,1092,-1,1091,1092,1093,-1,1094,1095,1092,-1,1092,1095,1093,-1,1096,1097,1098,-1,1096,1098,1099,-1,1099,1098,1100,-1,1099,1100,1101,-1,1101,1100,1102,-1,1101,1102,1103,-1,1103,1102,1104,-1,1103,1104,1105,-1,1105,1104,1095,-1,1105,1095,1094,-1,1106,1107,1096,-1,1096,1107,1097,-1,1107,1106,1108,-1,1107,1108,1109,-1,1109,1108,1110,-1,1109,1110,1111,-1,1111,1110,1042,-1,1042,1110,1112,-1,1042,1112,1041,-1,1041,1112,1040,-1,1113,1114,1115,-1,1115,1114,1116,-1,1117,1118,1119,-1,1117,1119,1120,-1,1120,1119,1121,-1,1120,1121,1122,-1,1122,1121,1123,-1,1122,1123,1124,-1,1124,1123,1125,-1,1124,1125,1126,-1,1126,1125,1115,-1,1126,1115,1116,-1,1118,1117,1127,-1,1127,1117,1128,-1,1129,1130,1131,-1,1129,1131,1132,-1,1132,1131,1133,-1,1132,1133,1134,-1,1134,1133,1135,-1,1134,1135,1136,-1,1136,1135,1137,-1,1136,1137,1138,-1,1138,1137,1127,-1,1138,1127,1128,-1,1130,1129,1139,-1,1139,1129,1140,-1,1141,1142,1143,-1,1143,1142,1144,-1,1143,1144,1145,-1,1145,1144,1146,-1,1145,1146,1147,-1,1147,1146,1148,-1,1147,1148,1149,-1,1149,1148,1150,-1,1149,1150,1151,-1,1151,1150,1152,-1,1142,1141,1153,-1,1153,1141,1154,-1,1155,1156,1157,-1,1157,1156,1158,-1,1157,1158,1159,-1,1159,1158,1160,-1,1159,1160,1161,-1,1161,1160,1162,-1,1161,1162,1163,-1,1163,1162,1164,-1,1163,1164,1154,-1,1154,1164,1153,-1,1165,1166,1167,-1,1167,1166,1168,-1,1166,1165,1169,-1,1166,1169,1170,-1,1170,1169,1171,-1,1170,1171,1172,-1,1172,1171,1173,-1,1172,1173,1174,-1,1174,1173,1175,-1,1174,1175,1176,-1,1176,1175,1177,-1,1176,1177,1178,-1,1179,1180,1177,-1,1177,1180,1178,-1,1180,1179,1181,-1,1180,1181,1182,-1,1182,1181,1183,-1,1182,1183,1184,-1,1184,1183,1185,-1,1184,1185,1186,-1,1186,1185,1187,-1,1186,1187,1188,-1,1188,1187,1189,-1,1188,1189,1190,-1,1191,1192,1189,-1,1189,1192,1190,-1,1193,1194,1195,-1,1195,1194,1196,-1,1195,1196,1197,-1,1197,1196,1198,-1,1197,1198,1199,-1,1199,1198,1200,-1,1199,1200,1201,-1,1201,1200,1202,-1,1201,1202,1203,-1,1203,1202,1204,-1,1205,1206,1204,-1,1204,1206,1203,-1,1206,1205,1207,-1,1207,1205,1208,-1,1207,1208,1209,-1,1209,1208,1210,-1,1209,1210,1211,-1,1211,1210,1212,-1,1211,1212,1213,-1,1213,1212,1214,-1,1213,1214,1215,-1,1215,1214,1216,-1,1215,1216,1217,-1,1217,1216,1218,-1,1217,1218,1219,-1,1219,1218,1220,-1,1221,1222,1223,-1,1223,1222,1224,-1,1223,1224,1193,-1,1193,1224,1194,-1,1225,1226,1227,-1,1227,1226,1228,-1,1227,1228,1152,-1,1152,1228,1151,-1,1156,1155,1229,-1,1229,1155,1230,-1,1229,1230,1231,-1,1231,1230,1232,-1,1233,1234,893,-1,893,1234,334,-1,893,334,362,-1,334,1234,324,-1,324,1234,1235,-1,324,1235,1038,-1,1038,1235,1236,-1,1038,1236,1037,-1,1037,1236,1237,-1,1037,1237,1238,-1,1238,1237,1239,-1,1238,1239,1035,-1,1035,1239,1240,-1,1035,1240,1034,-1,1034,1240,1241,-1,1034,1241,1033,-1,1033,1241,1242,-1,1033,1242,1032,-1,1032,1242,1243,-1,1243,1244,1032,-1,1032,1244,1245,-1,1245,1244,1246,-1,1246,1244,1247,-1,1246,1247,1248,-1,1248,1247,1249,-1,1248,1249,1250,-1,1250,1249,1251,-1,1250,1251,1252,-1,1252,1251,1253,-1,1252,1253,1254,-1,1254,1253,1255,-1,1254,1255,1256,-1,1256,1255,1257,-1,1256,1257,1258,-1,1258,1257,1259,-1,1260,1261,1262,-1,1262,1261,1263,-1,1262,1263,1264,-1,1264,1263,1265,-1,1264,1265,1266,-1,1266,1265,1267,-1,1266,1267,1268,-1,1268,1267,1269,-1,1268,1269,1270,-1,1270,1269,1271,-1,1270,1271,1272,-1,1272,1271,1273,-1,1272,1273,1274,-1,1274,1273,1275,-1,1275,1276,1274,-1,1274,1276,994,-1,1277,993,1276,-1,1276,993,994,-1,448,982,1278,-1,1278,982,1279,-1,982,983,1279,-1,1279,983,984,-1,1279,984,1280,-1,984,985,1280,-1,1280,985,986,-1,1280,986,1281,-1,986,987,1281,-1,1281,987,988,-1,1281,988,1282,-1,1282,988,989,-1,1282,989,1283,-1,989,990,1283,-1,1283,990,991,-1,1283,991,1277,-1,1277,991,992,-1,1277,992,993,-1,1284,468,1278,-1,1278,468,448,-1,1284,1285,468,-1,468,1285,529,-1,468,529,467,-1,31,29,690,-1,690,29,707,-1,690,707,511,-1,29,678,707,-1,707,678,679,-1,707,679,716,-1,716,679,680,-1,716,680,677,-1,609,616,517,-1,517,616,615,-1,517,615,614,-1,517,516,698,-1,698,516,515,-1,515,514,698,-1,698,514,513,-1,698,513,707,-1,707,513,512,-1,707,512,511,-1,677,676,716,-1,716,676,675,-1,716,675,674,-1,612,611,517,-1,517,611,610,-1,517,610,609,-1,612,517,600,-1,600,517,698,-1,600,698,601,-1,601,698,657,-1,601,657,606,-1,606,657,656,-1,606,656,655,-1,674,673,716,-1,716,673,672,-1,716,672,697,-1,697,672,671,-1,697,671,698,-1,698,671,658,-1,698,658,657,-1,614,613,517,-1,517,613,599,-1,517,599,586,-1,540,539,518,-1,539,538,518,-1,518,538,537,-1,518,537,519,-1,519,537,544,-1,519,544,526,-1,1286,725,520,-1,608,668,605,-1,605,668,653,-1,605,653,604,-1,604,653,637,-1,604,637,603,-1,536,596,533,-1,533,596,581,-1,533,581,532,-1,532,581,565,-1,583,534,584,-1,584,534,585,-1,518,517,540,-1,540,517,586,-1,540,586,527,-1,527,586,585,-1,527,585,528,-1,528,585,534,-1,520,521,1286,-1,1286,521,529,-1,1286,529,1285,-1,652,651,602,-1,602,651,650,-1,602,650,617,-1,617,650,649,-1,629,628,647,-1,655,654,606,-1,606,654,662,-1,606,662,661,-1,661,660,606,-1,606,660,659,-1,606,659,665,-1,665,664,606,-1,606,664,663,-1,606,663,607,-1,666,670,608,-1,608,670,669,-1,608,669,668,-1,575,545,576,-1,576,545,577,-1,564,530,565,-1,565,530,531,-1,565,531,532,-1,583,582,534,-1,534,582,590,-1,534,590,589,-1,594,598,536,-1,536,598,597,-1,536,597,596,-1,522,523,542,-1,542,523,524,-1,542,524,525,-1,522,542,521,-1,521,542,541,-1,521,541,529,-1,649,648,617,-1,617,648,647,-1,617,647,618,-1,618,647,619,-1,603,637,602,-1,602,637,636,-1,602,636,652,-1,607,663,608,-1,608,663,667,-1,608,667,666,-1,564,580,530,-1,530,580,579,-1,530,579,545,-1,545,579,578,-1,545,578,577,-1,589,588,534,-1,534,588,587,-1,534,587,593,-1,593,592,534,-1,534,592,591,-1,534,591,535,-1,526,544,525,-1,525,544,543,-1,525,543,542,-1,639,638,647,-1,628,627,647,-1,647,627,626,-1,647,626,625,-1,551,550,575,-1,575,550,549,-1,575,549,548,-1,548,547,575,-1,575,547,546,-1,575,546,545,-1,535,591,536,-1,536,591,595,-1,536,595,594,-1,625,624,647,-1,647,624,623,-1,647,623,622,-1,622,621,647,-1,647,621,620,-1,647,620,619,-1,574,575,573,-1,573,575,572,-1,562,559,575,-1,575,559,558,-1,575,558,557,-1,557,556,575,-1,575,556,555,-1,575,555,554,-1,554,553,575,-1,575,553,552,-1,575,552,551,-1,634,631,647,-1,647,631,630,-1,647,630,629,-1,569,575,570,-1,570,575,574,-1,570,574,571,-1,569,568,575,-1,575,568,567,-1,575,567,566,-1,647,644,645,-1,645,646,647,-1,647,646,643,-1,647,643,642,-1,642,641,647,-1,647,641,640,-1,647,640,639,-1,633,634,632,-1,632,634,647,-1,632,647,635,-1,635,647,638,-1,561,562,560,-1,560,562,575,-1,560,575,563,-1,563,575,566,-1,725,1286,1287,-1,725,1287,727,-1,727,1287,1288,-1,727,1288,729,-1,729,1288,1289,-1,729,1289,731,-1,731,1289,1290,-1,731,1290,732,-1,732,1290,1291,-1,732,1291,718,-1,718,1291,1292,-1,718,1292,720,-1,720,1292,1293,-1,720,1293,722,-1,722,1293,1294,-1,722,1294,724,-1,910,1295,1296,-1,910,1296,912,-1,912,1296,1297,-1,912,1297,914,-1,914,1297,1298,-1,914,1298,916,-1,916,1298,1299,-1,916,1299,924,-1,924,1299,1300,-1,924,1300,923,-1,923,1300,1301,-1,923,1301,921,-1,921,1301,1302,-1,921,1302,919,-1,919,1302,1303,-1,919,1303,918,-1,799,800,944,-1,800,801,944,-1,944,801,803,-1,944,803,802,-1,805,804,780,-1,925,774,773,-1,795,796,944,-1,925,773,926,-1,809,936,824,-1,824,936,825,-1,796,797,944,-1,944,797,798,-1,944,798,799,-1,805,780,802,-1,763,754,926,-1,926,754,753,-1,926,753,936,-1,936,753,752,-1,936,752,751,-1,877,878,1233,-1,778,779,925,-1,925,779,775,-1,925,775,774,-1,804,808,780,-1,780,808,807,-1,780,807,806,-1,806,791,780,-1,780,791,783,-1,780,783,781,-1,809,792,936,-1,936,792,793,-1,936,793,944,-1,944,793,794,-1,944,794,795,-1,748,816,817,-1,817,818,748,-1,748,818,819,-1,748,819,821,-1,891,874,1233,-1,882,883,1303,-1,773,772,926,-1,926,772,771,-1,926,771,763,-1,763,771,59,-1,763,59,57,-1,802,780,944,-1,944,780,776,-1,944,776,925,-1,925,776,777,-1,925,777,778,-1,821,820,748,-1,748,820,823,-1,748,823,822,-1,874,875,1233,-1,1233,875,876,-1,1233,876,877,-1,883,885,1303,-1,1303,885,884,-1,1303,884,887,-1,751,750,936,-1,936,750,749,-1,936,749,825,-1,825,749,748,-1,825,748,826,-1,826,748,822,-1,897,896,1233,-1,784,785,790,-1,905,904,903,-1,896,895,1233,-1,1233,895,894,-1,1233,894,891,-1,781,783,790,-1,790,783,782,-1,790,782,784,-1,893,892,903,-1,878,879,1233,-1,1233,879,880,-1,1233,880,1303,-1,1303,880,881,-1,1303,881,882,-1,785,786,790,-1,790,786,787,-1,790,787,789,-1,789,787,788,-1,901,900,1233,-1,841,840,839,-1,847,812,855,-1,855,812,813,-1,855,813,870,-1,870,813,814,-1,870,814,871,-1,871,814,872,-1,900,899,1233,-1,1233,899,898,-1,1233,898,897,-1,828,839,838,-1,836,835,846,-1,846,835,834,-1,846,834,833,-1,747,858,859,-1,892,908,903,-1,903,908,907,-1,903,907,905,-1,905,907,906,-1,893,903,1233,-1,1233,903,902,-1,1233,902,901,-1,848,854,846,-1,846,854,845,-1,846,845,836,-1,845,829,836,-1,836,829,828,-1,836,828,837,-1,837,828,838,-1,833,832,846,-1,846,832,831,-1,846,831,830,-1,830,827,846,-1,846,827,810,-1,846,810,847,-1,847,810,811,-1,847,811,812,-1,887,886,1303,-1,1303,886,890,-1,1303,890,889,-1,862,748,861,-1,861,748,747,-1,861,747,860,-1,860,747,859,-1,862,863,748,-1,748,863,864,-1,748,864,816,-1,816,864,865,-1,865,867,816,-1,816,867,866,-1,816,866,815,-1,815,866,869,-1,815,869,814,-1,814,869,868,-1,814,868,872,-1,828,844,839,-1,839,844,843,-1,839,843,841,-1,841,843,842,-1,850,851,849,-1,849,851,852,-1,849,852,848,-1,848,852,853,-1,848,853,854,-1,858,747,857,-1,857,747,736,-1,857,736,856,-1,734,739,873,-1,738,737,889,-1,889,737,741,-1,889,741,740,-1,856,736,873,-1,873,736,735,-1,873,735,734,-1,745,744,1303,-1,1303,744,733,-1,1303,733,918,-1,740,743,889,-1,889,743,742,-1,889,742,1303,-1,1303,742,746,-1,1303,746,745,-1,738,889,739,-1,739,889,888,-1,739,888,873,-1,724,1294,1304,-1,1304,1294,1305,-1,978,1306,1307,-1,78,1308,1305,-1,1305,1308,1309,-1,1305,1309,1310,-1,1021,1024,995,-1,995,1024,1026,-1,995,1026,1311,-1,1312,1313,1314,-1,1314,1313,1315,-1,1314,1315,1316,-1,1317,78,1318,-1,1318,78,1319,-1,1317,1320,78,-1,78,1320,1321,-1,78,1321,1308,-1,1310,1322,1305,-1,1305,1322,1323,-1,1305,1323,1304,-1,1324,1325,78,-1,1326,78,1327,-1,1327,78,1328,-1,978,1307,976,-1,976,1307,17,-1,976,17,15,-1,1311,1026,76,-1,76,1026,1027,-1,76,1027,78,-1,78,1027,1329,-1,78,1329,1324,-1,1326,1330,78,-1,78,1330,1331,-1,78,1331,1332,-1,962,971,959,-1,1021,995,1012,-1,1012,995,997,-1,1012,997,1008,-1,1019,1017,1015,-1,1325,1333,78,-1,78,1333,1334,-1,78,1334,1328,-1,1328,1334,1335,-1,1328,1335,1336,-1,1336,1335,1337,-1,1336,1337,1338,-1,1339,1340,1319,-1,1319,1340,1341,-1,1319,1341,978,-1,978,1341,1342,-1,978,1342,1306,-1,1343,1344,1314,-1,1314,1344,1345,-1,1314,1345,1312,-1,18,682,1315,-1,1315,682,1346,-1,1315,1346,1347,-1,1347,1348,1315,-1,1315,1348,1349,-1,1315,1349,1316,-1,959,971,958,-1,15,1030,976,-1,976,1030,945,-1,976,945,974,-1,974,945,971,-1,997,1000,1008,-1,1008,1000,1002,-1,1008,1002,1006,-1,1006,1002,1004,-1,1008,1009,1012,-1,1012,1009,1019,-1,1012,1019,1013,-1,1013,1019,1015,-1,1319,1350,1351,-1,959,969,967,-1,971,945,958,-1,958,945,947,-1,958,947,950,-1,950,952,958,-1,958,952,954,-1,958,954,956,-1,967,965,959,-1,959,965,963,-1,959,963,962,-1,1338,1337,1352,-1,1352,1337,1353,-1,1352,1353,1354,-1,1354,1353,1355,-1,1354,1355,1356,-1,1332,1344,78,-1,78,1344,1343,-1,78,1343,1319,-1,1319,1343,1357,-1,1319,1357,1350,-1,1358,1359,1360,-1,1360,1359,1361,-1,1361,1362,1360,-1,1360,1362,1363,-1,1360,1363,1364,-1,1351,1365,1319,-1,1319,1365,1366,-1,1319,1366,1339,-1,1339,1366,1360,-1,1339,1360,1367,-1,1367,1360,1364,-1,996,995,1311,-1,996,1311,1368,-1,1368,1311,76,-1,1368,76,75,-1,1369,1370,13,-1,1371,1372,1029,-1,994,723,1274,-1,1274,723,1373,-1,1374,77,1375,-1,1375,77,1376,-1,77,1377,1378,-1,1379,1274,1380,-1,1380,1274,1381,-1,13,1370,11,-1,11,1370,1382,-1,11,1382,1029,-1,1029,1382,1383,-1,1029,1383,1371,-1,1384,13,1385,-1,1385,13,12,-1,1385,12,1386,-1,1386,12,10,-1,1386,10,1387,-1,1387,10,981,-1,1387,981,1388,-1,1388,981,980,-1,1388,980,1389,-1,1389,980,979,-1,1373,1390,1274,-1,1274,1390,1391,-1,1274,1391,1381,-1,1392,1393,1274,-1,1274,1393,1394,-1,1274,1394,1395,-1,1396,1397,1398,-1,1398,1397,1399,-1,1395,1400,1274,-1,1274,1400,1401,-1,1274,1401,77,-1,77,1401,1402,-1,77,1402,1403,-1,1403,1404,77,-1,77,1404,1405,-1,77,1405,1377,-1,1384,1406,13,-1,13,1406,1407,-1,13,1407,1408,-1,1409,977,1029,-1,1376,77,1410,-1,1410,77,1378,-1,1410,1378,1411,-1,1411,1378,1412,-1,1411,1412,1413,-1,1374,1414,77,-1,77,1414,1415,-1,77,1415,75,-1,75,1415,1028,-1,75,1028,1368,-1,1368,1028,1025,-1,1368,1025,996,-1,1408,1416,13,-1,13,1416,1417,-1,13,1417,1369,-1,1399,1418,1398,-1,1398,1418,1409,-1,1398,1409,1419,-1,1419,1409,1029,-1,1419,1029,1420,-1,1420,1029,1372,-1,1421,1422,1423,-1,1025,1023,996,-1,996,1023,1022,-1,996,1022,998,-1,998,1022,1011,-1,972,946,973,-1,973,946,975,-1,946,1031,975,-1,975,1031,14,-1,975,14,979,-1,979,14,16,-1,979,16,1389,-1,1392,1424,1425,-1,681,19,1426,-1,1426,19,1392,-1,1421,1423,1412,-1,1412,1423,1427,-1,1412,1427,1413,-1,960,961,964,-1,957,946,960,-1,960,946,972,-1,960,972,961,-1,1425,1428,1392,-1,1392,1428,1429,-1,1392,1429,1426,-1,1018,1011,1016,-1,1016,1011,1014,-1,1001,1007,1003,-1,1003,1007,1005,-1,1018,1020,1011,-1,1011,1020,1010,-1,1011,1010,998,-1,998,1010,1007,-1,998,1007,999,-1,999,1007,1001,-1,964,966,960,-1,960,966,968,-1,960,968,970,-1,951,957,953,-1,953,957,955,-1,951,949,957,-1,957,949,948,-1,957,948,946,-1,1424,1392,1430,-1,1430,1392,1274,-1,1430,1274,1398,-1,1398,1274,1379,-1,1398,1379,1396,-1,1075,1076,1431,-1,1432,1433,1434,-1,1435,1436,38,-1,38,1436,1437,-1,38,1437,1438,-1,1431,1076,1434,-1,1434,1076,1439,-1,1434,1439,1432,-1,1440,1047,1071,-1,1441,1442,43,-1,43,1442,1443,-1,43,1443,1042,-1,1042,1443,1444,-1,1042,1444,1445,-1,1438,1446,38,-1,38,1446,1447,-1,38,1447,39,-1,1440,1071,1431,-1,1431,1071,1073,-1,1431,1073,1075,-1,1448,1449,1450,-1,1434,1451,1452,-1,39,1447,43,-1,43,1447,1453,-1,43,1453,1441,-1,1441,1453,1454,-1,1441,1454,1455,-1,1445,1456,1042,-1,1042,1456,1457,-1,1042,1457,1111,-1,1111,1457,47,-1,1111,47,1109,-1,1109,47,45,-1,1109,45,1107,-1,1107,45,1080,-1,1107,1080,1079,-1,1059,1047,1057,-1,1057,1047,1045,-1,1057,1045,1049,-1,1458,1459,1434,-1,1434,1459,1460,-1,1434,1460,1451,-1,1452,1461,1434,-1,1434,1461,1462,-1,1434,1462,1245,-1,1245,1462,1463,-1,1245,1463,1464,-1,60,1043,1450,-1,1450,1043,1465,-1,1450,1465,1448,-1,1059,1068,1047,-1,1047,1068,1066,-1,1047,1066,1064,-1,1448,1466,1449,-1,1449,1466,1467,-1,1449,1467,1468,-1,1455,1454,1469,-1,1469,1454,1470,-1,1469,1470,1471,-1,1093,1083,1085,-1,1049,1051,1057,-1,1057,1051,1053,-1,1057,1053,1055,-1,1064,1062,1047,-1,1047,1062,1061,-1,1047,1061,1071,-1,1433,1472,1434,-1,1434,1472,1473,-1,1434,1473,1458,-1,1464,1474,1245,-1,1245,1474,1449,-1,1245,1449,1475,-1,1475,1449,1468,-1,1245,1476,1477,-1,1475,1478,1479,-1,909,1032,1480,-1,1480,1032,1245,-1,1480,1245,1481,-1,1481,1245,1477,-1,1085,1087,1093,-1,1093,1087,1089,-1,1093,1089,1091,-1,1104,1097,1095,-1,1095,1097,1107,-1,1095,1107,1093,-1,1093,1107,1079,-1,1093,1079,1083,-1,1104,1102,1097,-1,1097,1102,1100,-1,1097,1100,1098,-1,38,1040,1435,-1,1435,1040,1482,-1,1435,1482,1475,-1,1475,1482,1483,-1,1475,1483,1478,-1,1479,1484,1475,-1,1475,1484,1485,-1,1475,1485,1245,-1,1245,1485,1486,-1,1245,1486,1476,-1,1487,1488,1489,-1,1489,1488,1490,-1,1489,1490,1491,-1,1473,1492,1458,-1,1458,1492,1493,-1,1458,1493,1490,-1,1490,1493,1494,-1,1490,1494,1491,-1,1046,1047,1440,-1,1046,1440,1495,-1,1495,1440,1431,-1,1495,1431,1496,-1,1497,1498,1112,-1,1295,910,1499,-1,1499,910,1500,-1,1501,1502,1503,-1,1503,1502,1504,-1,1503,1504,1505,-1,1506,1507,1503,-1,1503,1507,1508,-1,1503,1508,1509,-1,1510,1511,1509,-1,1500,1512,1499,-1,1499,1512,1513,-1,1499,1513,1514,-1,1514,1515,1499,-1,1499,1515,1516,-1,1499,1516,1503,-1,1503,1516,1517,-1,1503,1517,1501,-1,1112,1498,1505,-1,1505,1518,1519,-1,1520,1503,1521,-1,1521,1503,1509,-1,1521,1509,1522,-1,1522,1509,1511,-1,1519,1523,1505,-1,1505,1523,1524,-1,1505,1524,1503,-1,1503,1524,1525,-1,1503,1525,1506,-1,1520,1526,1503,-1,1503,1526,1527,-1,1503,1527,1528,-1,1529,1530,1503,-1,1503,1530,1531,-1,1503,1531,1532,-1,1110,46,1112,-1,1112,46,1533,-1,1112,1533,1497,-1,755,61,1509,-1,1509,61,1534,-1,1509,1534,1510,-1,1532,1535,1503,-1,1503,1535,1536,-1,1503,1536,1496,-1,1496,1536,1077,-1,1082,1078,1092,-1,1537,1538,1505,-1,1505,1538,1539,-1,1505,1539,1518,-1,1078,1081,1110,-1,1110,1081,44,-1,1110,44,46,-1,1540,1541,1542,-1,1542,1541,1543,-1,1077,1074,1496,-1,1496,1074,1072,-1,1496,1072,1070,-1,1044,1046,1056,-1,1092,1078,1094,-1,1060,1046,1070,-1,1070,1046,1495,-1,1070,1495,1496,-1,1044,1056,1048,-1,1088,1086,1084,-1,1543,1544,1542,-1,1542,1544,1545,-1,1542,1545,1546,-1,1110,1108,1078,-1,1078,1108,1106,-1,1078,1106,1094,-1,1094,1106,1096,-1,1094,1096,1099,-1,1547,1548,1549,-1,1082,1092,1084,-1,1084,1092,1090,-1,1084,1090,1088,-1,1498,1550,1505,-1,1505,1550,1551,-1,1505,1551,1537,-1,1537,1551,1552,-1,1537,1552,1549,-1,1549,1552,1553,-1,1549,1553,1547,-1,1528,1554,1503,-1,1503,1554,1555,-1,1503,1555,1529,-1,1529,1555,1542,-1,1529,1542,1556,-1,1556,1542,1546,-1,1054,1052,1056,-1,1056,1052,1050,-1,1056,1050,1048,-1,1099,1101,1094,-1,1094,1101,1103,-1,1094,1103,1105,-1,1548,1557,1549,-1,1549,1557,1558,-1,1549,1558,1559,-1,1060,1063,1046,-1,1046,1063,1065,-1,1046,1065,1067,-1,1067,1069,1046,-1,1046,1069,1058,-1,1046,1058,1056,-1,1139,1140,1560,-1,1561,1562,1563,-1,1563,1562,1564,-1,1563,1564,1565,-1,1565,1564,1566,-1,1565,1566,1567,-1,1567,1566,1568,-1,1567,1568,1569,-1,1561,1563,1560,-1,1560,1563,1570,-1,1560,1570,1139,-1,1227,1570,1563,-1,1563,1565,1227,-1,1227,1565,1567,-1,1227,1567,1569,-1,1571,1572,1229,-1,1229,1572,1573,-1,1229,1573,1574,-1,1574,1575,1229,-1,1229,1575,1113,-1,1229,1113,1156,-1,1156,1113,1115,-1,1156,1115,1158,-1,1158,1115,1125,-1,1158,1125,1160,-1,1160,1125,1123,-1,1160,1123,1162,-1,1162,1123,1121,-1,1162,1121,1164,-1,1164,1121,1119,-1,1164,1119,1153,-1,1153,1119,1118,-1,1153,1118,1142,-1,1142,1118,1127,-1,1142,1127,1144,-1,1144,1127,1137,-1,1144,1137,1146,-1,1146,1137,1135,-1,1146,1135,1148,-1,1148,1135,1133,-1,1148,1133,1150,-1,1150,1133,1131,-1,1150,1131,1152,-1,1152,1131,1130,-1,1152,1130,1227,-1,1227,1130,1139,-1,1227,1139,1570,-1,1114,1113,1576,-1,1576,1113,1575,-1,1576,1575,1577,-1,1577,1575,1578,-1,1578,1575,1574,-1,1578,1574,1579,-1,1573,1580,1574,-1,1574,1580,1581,-1,1574,1581,1579,-1,1582,1583,1573,-1,1573,1583,1584,-1,1573,1584,1580,-1,1573,1572,1582,-1,1582,1572,1571,-1,1582,1571,1585,-1,1582,1585,1230,-1,1228,1568,1566,-1,1581,1580,1230,-1,1566,1564,1228,-1,1228,1564,1562,-1,1228,1562,1561,-1,1581,1230,1579,-1,1580,1584,1230,-1,1230,1584,1583,-1,1230,1583,1582,-1,1561,1560,1228,-1,1228,1560,1140,-1,1228,1140,1151,-1,1151,1140,1129,-1,1151,1129,1149,-1,1149,1129,1132,-1,1149,1132,1147,-1,1147,1132,1134,-1,1147,1134,1145,-1,1145,1134,1136,-1,1145,1136,1143,-1,1143,1136,1138,-1,1143,1138,1141,-1,1141,1138,1128,-1,1141,1128,1154,-1,1154,1128,1117,-1,1154,1117,1163,-1,1163,1117,1120,-1,1163,1120,1161,-1,1161,1120,1122,-1,1161,1122,1159,-1,1159,1122,1124,-1,1159,1124,1157,-1,1157,1124,1126,-1,1157,1126,1155,-1,1155,1126,1116,-1,1155,1116,1230,-1,1230,1116,1114,-1,1230,1114,1576,-1,1576,1577,1230,-1,1230,1577,1578,-1,1230,1578,1579,-1,1192,1191,1586,-1,1586,1191,1587,-1,1586,1587,1588,-1,1588,1587,1589,-1,1590,1591,1592,-1,1592,1591,1593,-1,1592,1593,1587,-1,1587,1593,1594,-1,1587,1594,1589,-1,1595,1596,1590,-1,1590,1596,1597,-1,1590,1597,1591,-1,1590,1598,1595,-1,1595,1598,1599,-1,1595,1599,1600,-1,1217,1601,1602,-1,1597,1596,1223,-1,1223,1596,1595,-1,1223,1595,1600,-1,1594,1593,1223,-1,1223,1593,1591,-1,1223,1591,1597,-1,1602,1603,1217,-1,1217,1603,1604,-1,1217,1604,1605,-1,1586,1588,1223,-1,1223,1588,1589,-1,1223,1589,1594,-1,1605,1606,1217,-1,1217,1606,1168,-1,1217,1168,1215,-1,1215,1168,1166,-1,1215,1166,1213,-1,1213,1166,1170,-1,1213,1170,1211,-1,1211,1170,1172,-1,1211,1172,1209,-1,1209,1172,1174,-1,1209,1174,1207,-1,1207,1174,1176,-1,1207,1176,1206,-1,1206,1176,1178,-1,1206,1178,1203,-1,1203,1178,1180,-1,1203,1180,1201,-1,1201,1180,1182,-1,1201,1182,1199,-1,1199,1182,1184,-1,1199,1184,1197,-1,1197,1184,1186,-1,1197,1186,1195,-1,1195,1186,1188,-1,1195,1188,1193,-1,1193,1188,1190,-1,1193,1190,1223,-1,1223,1190,1192,-1,1223,1192,1586,-1,1601,1607,1608,-1,1601,1608,1602,-1,1602,1608,1609,-1,1602,1609,1603,-1,1603,1609,1604,-1,1604,1609,1610,-1,1604,1610,1605,-1,1605,1610,1611,-1,1605,1611,1606,-1,1606,1611,1167,-1,1606,1167,1168,-1,1608,1607,1218,-1,1599,1598,1224,-1,1224,1598,1590,-1,1224,1590,1592,-1,1611,1610,1218,-1,1218,1610,1609,-1,1218,1609,1608,-1,1592,1587,1224,-1,1224,1587,1191,-1,1224,1191,1194,-1,1194,1191,1189,-1,1194,1189,1196,-1,1196,1189,1187,-1,1196,1187,1198,-1,1198,1187,1185,-1,1198,1185,1200,-1,1200,1185,1183,-1,1200,1183,1202,-1,1202,1183,1181,-1,1202,1181,1204,-1,1204,1181,1179,-1,1204,1179,1205,-1,1205,1179,1177,-1,1205,1177,1208,-1,1208,1177,1175,-1,1208,1175,1210,-1,1210,1175,1173,-1,1210,1173,1212,-1,1212,1173,1171,-1,1212,1171,1214,-1,1214,1171,1169,-1,1214,1169,1216,-1,1216,1169,1165,-1,1216,1165,1218,-1,1218,1165,1167,-1,1218,1167,1611,-1,1274,77,1612,-1,1612,77,79,-1,1612,79,1270,-1,1270,79,81,-1,1270,81,1268,-1,1268,81,83,-1,1268,83,1266,-1,1266,83,67,-1,1266,67,1264,-1,1264,67,69,-1,1264,69,1262,-1,1262,69,71,-1,1262,71,1260,-1,1260,71,73,-1,1259,1261,1258,-1,1258,1261,1260,-1,1258,1613,1256,-1,1256,1613,1614,-1,1256,1614,1254,-1,1254,1614,1615,-1,1254,1615,1252,-1,1252,1615,1616,-1,1252,1616,1250,-1,1250,1616,1617,-1,1250,1617,1248,-1,1248,1617,1618,-1,1248,1618,1246,-1,1246,1618,1619,-1,1246,1619,1245,-1,1245,1619,1434,-1,1620,1621,1622,-1,1620,1622,1623,-1,1623,1622,1624,-1,1623,1624,1625,-1,1625,1624,1626,-1,1625,1626,1627,-1,1627,1626,1628,-1,1627,1628,1629,-1,1629,1628,1222,-1,1629,1222,1221,-1,1626,1624,1630,-1,1630,1624,1622,-1,1630,1622,1621,-1,1626,1630,1628,-1,1628,1630,1631,-1,1628,1631,1632,-1,1632,1633,1628,-1,1628,1633,1634,-1,1628,1634,1222,-1,1222,1634,1220,-1,1220,1218,1222,-1,1222,1218,1635,-1,1222,1635,1224,-1,1219,1220,1634,-1,1219,1634,1636,-1,1636,1634,1633,-1,1636,1633,1637,-1,1637,1633,1632,-1,1637,1632,1638,-1,1638,1632,1631,-1,1638,1631,1639,-1,1639,1631,1630,-1,1639,1630,1640,-1,1620,1623,1640,-1,1640,1623,1625,-1,1637,1638,1629,-1,1625,1627,1640,-1,1640,1627,1629,-1,1640,1629,1639,-1,1639,1629,1638,-1,1641,1217,1219,-1,1637,1629,1636,-1,1636,1629,1221,-1,1636,1221,1219,-1,1219,1221,1223,-1,1219,1223,1641,-1,1642,1643,1644,-1,1642,1644,1645,-1,1645,1644,1646,-1,1645,1646,1647,-1,1647,1646,1648,-1,1647,1648,1649,-1,1649,1648,1650,-1,1649,1650,1651,-1,1651,1650,1231,-1,1651,1231,1232,-1,1652,1653,1643,-1,1643,1653,1654,-1,1654,1655,1643,-1,1643,1655,1656,-1,1643,1656,1644,-1,1644,1656,1646,-1,1225,1227,1229,-1,1229,1231,1225,-1,1225,1231,1650,-1,1225,1650,1656,-1,1656,1650,1648,-1,1656,1648,1646,-1,1226,1225,1656,-1,1226,1656,1657,-1,1657,1656,1655,-1,1657,1655,1658,-1,1658,1655,1654,-1,1658,1654,1659,-1,1659,1654,1653,-1,1659,1653,1660,-1,1660,1653,1652,-1,1660,1652,1661,-1,1658,1659,1642,-1,1642,1659,1660,-1,1642,1660,1661,-1,1658,1642,1657,-1,1657,1642,1645,-1,1657,1645,1647,-1,1230,1228,1232,-1,1232,1228,1226,-1,1232,1226,1651,-1,1651,1226,1657,-1,1651,1657,1649,-1,1649,1657,1647,-1,1662,1663,1664,-1,1662,1664,1665,-1,1665,1664,1666,-1,1665,1666,1667,-1,1667,1666,1668,-1,1667,1668,1669,-1,1669,1668,1670,-1,1669,1670,1671,-1,1671,1670,1672,-1,1671,1672,1673,-1,1673,1672,1674,-1,1673,1674,1675,-1,1675,1674,1676,-1,1675,1676,1677,-1,1677,1676,1499,-1,1677,1499,1503,-1,1678,1289,1679,-1,1679,1289,1288,-1,1679,1288,1680,-1,1680,1288,1287,-1,1680,1287,1278,-1,1278,1287,1286,-1,1278,1286,1284,-1,1284,1286,1285,-1,1234,1233,1235,-1,1235,1233,1303,-1,1235,1303,1236,-1,1236,1303,1302,-1,1236,1302,1237,-1,1237,1302,1301,-1,1237,1301,1239,-1,1301,1300,1239,-1,1239,1300,1299,-1,1239,1299,1240,-1,1240,1299,1298,-1,1240,1298,1241,-1,1241,1298,1297,-1,1241,1297,1242,-1,1242,1297,1296,-1,1242,1296,1243,-1,1243,1296,1295,-1,1243,1295,1244,-1,1244,1295,1499,-1,1244,1499,1247,-1,1247,1499,1676,-1,1247,1676,1249,-1,1249,1676,1674,-1,1249,1674,1251,-1,1251,1674,1672,-1,1251,1672,1253,-1,1267,1681,1269,-1,1269,1681,1682,-1,1269,1682,1271,-1,1271,1682,1683,-1,1271,1683,1273,-1,1273,1683,1684,-1,1273,1684,1275,-1,1275,1684,1305,-1,1275,1305,1276,-1,1276,1305,1294,-1,1276,1294,1685,-1,1685,1294,1293,-1,1685,1293,1686,-1,1686,1293,1292,-1,1686,1292,1687,-1,1687,1292,1291,-1,1687,1291,1678,-1,1678,1291,1290,-1,1678,1290,1289,-1,1672,1670,1253,-1,1253,1670,1668,-1,1253,1668,1255,-1,1255,1668,1666,-1,1255,1666,1257,-1,1257,1666,1664,-1,1257,1664,1259,-1,1259,1664,1663,-1,1259,1663,1261,-1,1261,1663,1688,-1,1261,1688,1263,-1,1263,1688,1689,-1,1263,1689,1265,-1,1265,1689,1690,-1,1265,1690,1267,-1,1267,1690,1691,-1,1267,1691,1681,-1,78,1305,1684,-1,78,1684,80,-1,80,1684,1683,-1,80,1683,82,-1,82,1683,1682,-1,82,1682,84,-1,84,1682,1681,-1,84,1681,85,-1,85,1681,1691,-1,85,1691,68,-1,68,1691,1690,-1,68,1690,70,-1,70,1690,1689,-1,70,1689,72,-1,72,1689,1688,-1,72,1688,74,-1,1613,1662,1614,-1,1614,1662,1665,-1,1614,1665,1615,-1,1615,1665,1667,-1,1615,1667,1616,-1,1496,1431,1503,-1,1503,1431,1434,-1,1503,1434,1677,-1,1677,1434,1619,-1,1677,1619,1675,-1,1675,1619,1618,-1,1675,1618,1673,-1,1673,1618,1617,-1,1673,1617,1671,-1,1671,1617,1616,-1,1671,1616,1669,-1,1669,1616,1667,-1,1692,1693,1688,-1,1694,1663,1695,-1,1695,1663,1662,-1,1695,1662,1696,-1,1697,1698,1642,-1,1688,1693,74,-1,1663,1652,1688,-1,1688,1652,1643,-1,1688,1643,1692,-1,1692,1643,1642,-1,1692,1642,1699,-1,1699,1642,1698,-1,1696,1662,1700,-1,1700,1662,1701,-1,1700,1701,1702,-1,1703,1704,1640,-1,1702,1705,1700,-1,1700,1705,1706,-1,1700,1706,1707,-1,1693,1708,74,-1,74,1708,1709,-1,74,1709,1710,-1,1710,1709,1711,-1,1712,99,1713,-1,1713,99,1714,-1,1715,1716,1709,-1,1709,1716,1717,-1,1709,1717,1711,-1,1718,1719,97,-1,97,1719,1720,-1,97,1720,99,-1,99,1720,1721,-1,99,1721,1722,-1,1722,1723,99,-1,99,1723,1724,-1,99,1724,1725,-1,1725,1726,99,-1,99,1726,1727,-1,99,1727,1661,-1,1661,1727,1728,-1,1661,1728,1729,-1,1703,1640,1694,-1,1694,1640,1630,-1,1694,1630,1663,-1,1663,1630,1621,-1,1663,1621,1652,-1,1652,1621,1620,-1,1652,1620,1661,-1,1730,1731,1661,-1,1661,1731,1732,-1,1661,1732,99,-1,99,1732,1733,-1,99,1733,1714,-1,1734,1620,1735,-1,1735,1620,1736,-1,1729,1737,1661,-1,1661,1737,1738,-1,1661,1738,1642,-1,1642,1738,1739,-1,1642,1739,1697,-1,1734,1740,1620,-1,1620,1740,1741,-1,1620,1741,1661,-1,1661,1741,1742,-1,1661,1742,1730,-1,1704,1743,1640,-1,1640,1743,1744,-1,1640,1744,1620,-1,1620,1744,1745,-1,1620,1745,1736,-1,1568,1228,98,-1,1746,1747,96,-1,1748,1613,1749,-1,1750,1751,1258,-1,1752,1230,1753,-1,1753,1230,1585,-1,1753,1585,1754,-1,1258,1751,1613,-1,1613,1751,1755,-1,1613,1755,1749,-1,1756,1757,1228,-1,1228,1757,1758,-1,1228,1758,98,-1,98,1758,1759,-1,98,1759,1760,-1,73,1761,1260,-1,1260,1761,1754,-1,1260,1754,1571,-1,1571,1754,1585,-1,1569,1258,1227,-1,1227,1258,1260,-1,1227,1260,1229,-1,1229,1260,1571,-1,1762,1763,1600,-1,1600,1763,1764,-1,1765,98,1766,-1,1766,98,1767,-1,1635,1218,1258,-1,1258,1218,1607,-1,1258,1607,1750,-1,1750,1607,1601,-1,1750,1601,1768,-1,1769,1770,1771,-1,1752,1772,1230,-1,1230,1772,1773,-1,1230,1773,1228,-1,1228,1773,1774,-1,1228,1774,1756,-1,1760,1775,98,-1,98,1775,1776,-1,98,1776,1777,-1,1778,1779,1601,-1,1601,1779,1780,-1,1601,1780,1768,-1,1781,1782,1568,-1,1769,1771,1749,-1,1749,1771,1783,-1,1749,1783,1748,-1,1777,1784,98,-1,98,1784,1785,-1,98,1785,96,-1,96,1785,1786,-1,96,1786,1746,-1,1764,1787,1600,-1,1600,1787,1788,-1,1600,1788,1789,-1,1790,1791,1792,-1,1792,1791,1793,-1,1790,1794,1791,-1,1791,1794,1795,-1,1791,1795,73,-1,73,1795,1796,-1,73,1796,1761,-1,1765,1797,98,-1,98,1797,1798,-1,98,1798,1568,-1,1568,1798,1799,-1,1568,1799,1781,-1,1782,1762,1568,-1,1568,1762,1600,-1,1568,1600,1569,-1,1569,1600,1599,-1,1569,1599,1258,-1,1258,1599,1224,-1,1258,1224,1635,-1,1601,1217,1778,-1,1778,1217,1641,-1,1778,1641,1789,-1,1789,1641,1223,-1,1789,1223,1600,-1,1766,1713,1765,-1,1765,1713,1714,-1,1765,1714,1797,-1,1797,1714,1733,-1,1797,1733,1798,-1,1798,1733,1732,-1,1798,1732,1799,-1,1799,1732,1731,-1,1799,1731,1781,-1,1781,1731,1730,-1,1781,1730,1782,-1,1782,1730,1742,-1,1782,1742,1762,-1,1762,1742,1741,-1,1762,1741,1763,-1,1763,1741,1740,-1,1763,1740,1764,-1,1764,1740,1734,-1,1764,1734,1787,-1,1787,1734,1735,-1,1787,1735,1788,-1,1788,1735,1736,-1,1788,1736,1789,-1,1789,1736,1745,-1,1749,1700,1707,-1,1749,1707,1769,-1,1769,1707,1706,-1,1769,1706,1770,-1,1770,1706,1705,-1,1770,1705,1771,-1,1771,1705,1702,-1,1771,1702,1783,-1,1783,1702,1701,-1,1783,1701,1748,-1,1748,1701,1662,-1,1748,1662,1613,-1,1696,1700,1755,-1,1755,1700,1749,-1,1778,1744,1779,-1,1779,1744,1743,-1,1779,1743,1780,-1,1780,1743,1704,-1,1780,1704,1768,-1,1768,1704,1703,-1,1768,1703,1750,-1,1750,1703,1694,-1,1750,1694,1751,-1,1751,1694,1695,-1,1751,1695,1755,-1,1755,1695,1696,-1,1745,1744,1789,-1,1789,1744,1778,-1,73,74,1710,-1,73,1710,1791,-1,1791,1710,1711,-1,1791,1711,1793,-1,1793,1711,1717,-1,1793,1717,1792,-1,1792,1717,1716,-1,1792,1716,1790,-1,1790,1716,1715,-1,1790,1715,1794,-1,1794,1715,1709,-1,1794,1709,1795,-1,1774,1738,1756,-1,1756,1738,1737,-1,1756,1737,1757,-1,1757,1737,1729,-1,1757,1729,1758,-1,1758,1729,1728,-1,1758,1728,1759,-1,1759,1728,1727,-1,1759,1727,1760,-1,1760,1727,1726,-1,1760,1726,1775,-1,1775,1726,1725,-1,1775,1725,1776,-1,1776,1725,1724,-1,1776,1724,1777,-1,1777,1724,1723,-1,1777,1723,1784,-1,1784,1723,1722,-1,1784,1722,1785,-1,1785,1722,1721,-1,1785,1721,1786,-1,1786,1721,1720,-1,1786,1720,1746,-1,1746,1720,1719,-1,1739,1738,1773,-1,1773,1738,1774,-1,1796,1708,1761,-1,1761,1708,1693,-1,1761,1693,1754,-1,1754,1693,1692,-1,1754,1692,1753,-1,1753,1692,1699,-1,1753,1699,1752,-1,1752,1699,1698,-1,1752,1698,1772,-1,1772,1698,1697,-1,1772,1697,1773,-1,1773,1697,1739,-1,1709,1708,1795,-1,1795,1708,1796,-1,1493,1492,1556,-1,1556,1492,1529,-1,1493,1556,1546,-1,1493,1546,1494,-1,1494,1546,1545,-1,1494,1545,1491,-1,1491,1545,1544,-1,1491,1544,1489,-1,1489,1544,1543,-1,1489,1543,1487,-1,1487,1543,1541,-1,1487,1541,1488,-1,1488,1541,1540,-1,1488,1540,1490,-1,1458,1490,1542,-1,1542,1490,1540,-1,1076,1077,1439,-1,1439,1077,1536,-1,1439,1536,1432,-1,1432,1536,1535,-1,1432,1535,1433,-1,1433,1535,1532,-1,1433,1532,1472,-1,1472,1532,1531,-1,1472,1531,1473,-1,1473,1531,1530,-1,1473,1530,1492,-1,1492,1530,1529,-1,1458,1542,1459,-1,1459,1542,1555,-1,1459,1555,1460,-1,1460,1555,1554,-1,1460,1554,1451,-1,1451,1554,1528,-1,1451,1528,1452,-1,1452,1528,1527,-1,1452,1527,1461,-1,1461,1527,1526,-1,1461,1526,1462,-1,1462,1526,1520,-1,1462,1520,1463,-1,1463,1520,1521,-1,1463,1521,1464,-1,1464,1521,1522,-1,1464,1522,1474,-1,1474,1522,1511,-1,1474,1511,1449,-1,1449,1511,1510,-1,1449,1510,1450,-1,1450,1510,1534,-1,1450,1534,60,-1,60,1534,61,-1,1537,1447,1538,-1,1538,1447,1446,-1,1538,1446,1539,-1,1539,1446,1438,-1,1539,1438,1518,-1,1518,1438,1437,-1,1518,1437,1519,-1,1519,1437,1436,-1,1519,1436,1523,-1,1523,1436,1435,-1,1523,1435,1524,-1,1524,1435,1475,-1,1524,1475,1525,-1,1525,1475,1468,-1,1525,1468,1506,-1,1506,1468,1467,-1,1506,1467,1507,-1,1507,1467,1466,-1,1507,1466,1508,-1,1508,1466,1448,-1,1508,1448,1509,-1,1509,1448,1465,-1,1509,1465,755,-1,755,1465,1043,-1,755,1043,756,-1,1537,1549,1447,-1,1447,1549,1453,-1,1453,1549,1559,-1,1453,1559,1454,-1,1454,1559,1558,-1,1454,1558,1470,-1,1470,1558,1557,-1,1470,1557,1471,-1,1471,1557,1548,-1,1471,1548,1469,-1,1469,1548,1547,-1,1469,1547,1455,-1,1455,1547,1553,-1,1455,1553,1441,-1,1442,1441,1552,-1,1552,1441,1553,-1,1442,1552,1443,-1,1443,1552,1551,-1,1443,1551,1444,-1,1444,1551,1550,-1,1444,1550,1445,-1,1445,1550,1498,-1,1445,1498,1456,-1,1456,1498,1497,-1,1456,1497,1457,-1,1457,1497,1533,-1,1457,1533,47,-1,47,1533,46,-1,19,18,1392,-1,1392,18,1315,-1,1392,1315,1393,-1,1393,1315,1313,-1,1393,1313,1394,-1,1394,1313,1312,-1,1394,1312,1395,-1,1395,1312,1345,-1,1395,1345,1400,-1,1400,1345,1344,-1,1400,1344,1401,-1,1401,1344,1332,-1,1401,1332,1402,-1,1402,1332,1331,-1,1402,1331,1403,-1,1403,1331,1330,-1,1403,1330,1404,-1,1404,1330,1326,-1,1404,1326,1405,-1,1405,1326,1327,-1,1405,1327,1377,-1,1377,1327,1328,-1,1377,1328,1378,-1,1378,1328,1336,-1,1412,1378,1338,-1,1338,1378,1336,-1,1412,1338,1352,-1,1412,1352,1421,-1,1421,1352,1354,-1,1421,1354,1422,-1,1422,1354,1356,-1,1422,1356,1423,-1,1423,1356,1355,-1,1423,1355,1427,-1,1427,1355,1353,-1,1427,1353,1413,-1,1413,1353,1337,-1,1413,1337,1411,-1,1410,1411,1335,-1,1335,1411,1337,-1,1410,1335,1376,-1,1376,1335,1334,-1,1376,1334,1375,-1,1375,1334,1333,-1,1375,1333,1374,-1,1374,1333,1325,-1,1374,1325,1414,-1,1414,1325,1324,-1,1414,1324,1415,-1,1415,1324,1329,-1,1415,1329,1028,-1,1028,1329,1027,-1,1382,1360,1383,-1,1383,1360,1366,-1,1383,1366,1371,-1,1371,1366,1365,-1,1371,1365,1372,-1,1372,1365,1351,-1,1372,1351,1420,-1,1420,1351,1350,-1,1420,1350,1419,-1,1419,1350,1357,-1,1419,1357,1398,-1,1398,1357,1343,-1,1398,1343,1430,-1,1430,1343,1314,-1,1430,1314,1424,-1,1424,1314,1316,-1,1424,1316,1425,-1,1425,1316,1349,-1,1425,1349,1428,-1,1428,1349,1348,-1,1428,1348,1429,-1,1429,1348,1347,-1,1429,1347,1426,-1,1426,1347,1346,-1,1426,1346,681,-1,681,1346,682,-1,16,17,1389,-1,1389,17,1307,-1,1389,1307,1388,-1,1388,1307,1306,-1,1388,1306,1387,-1,1387,1306,1342,-1,1387,1342,1386,-1,1386,1342,1341,-1,1386,1341,1385,-1,1385,1341,1340,-1,1385,1340,1384,-1,1384,1340,1339,-1,1406,1384,1367,-1,1367,1384,1339,-1,1406,1367,1364,-1,1406,1364,1407,-1,1407,1364,1363,-1,1407,1363,1408,-1,1408,1363,1362,-1,1408,1362,1416,-1,1416,1362,1361,-1,1416,1361,1417,-1,1417,1361,1359,-1,1417,1359,1369,-1,1369,1359,1358,-1,1369,1358,1370,-1,1382,1370,1360,-1,1360,1370,1358,-1,1040,1112,1482,-1,1482,1112,1505,-1,1482,1505,1483,-1,1483,1505,1504,-1,1483,1504,1478,-1,1478,1504,1502,-1,1478,1502,1479,-1,1479,1502,1501,-1,1479,1501,1484,-1,1484,1501,1517,-1,1484,1517,1485,-1,1485,1517,1516,-1,1485,1516,1486,-1,1486,1516,1515,-1,1486,1515,1476,-1,1476,1515,1514,-1,1476,1514,1477,-1,1477,1514,1513,-1,1477,1513,1481,-1,1481,1513,1512,-1,1481,1512,1480,-1,1480,1512,1500,-1,1480,1500,909,-1,909,1500,910,-1,978,977,1319,-1,1319,977,1409,-1,1319,1409,1318,-1,1318,1409,1418,-1,1318,1418,1317,-1,1317,1418,1399,-1,1317,1399,1320,-1,1320,1399,1397,-1,1320,1397,1321,-1,1321,1397,1396,-1,1321,1396,1308,-1,1308,1396,1379,-1,1308,1379,1309,-1,1309,1379,1380,-1,1309,1380,1310,-1,1310,1380,1381,-1,1310,1381,1322,-1,1322,1381,1391,-1,1322,1391,1323,-1,1323,1391,1390,-1,1323,1390,1304,-1,1304,1390,1373,-1,1304,1373,724,-1,724,1373,723,-1,1746,1719,1747,-1,1747,1719,1718,-1,1747,1718,1800,-1,1800,1718,1801,-1,1800,1801,1802,-1,1802,1801,1803,-1,1802,1803,1804,-1,1804,1803,1805,-1,1804,1805,1806,-1,1806,1805,1807,-1,1806,1807,1808,-1,1808,1807,1809,-1,1806,88,1810,-1,1810,88,90,-1,1810,90,1811,-1,1811,90,92,-1,1811,92,1812,-1,1812,92,94,-1,1812,94,1747,-1,1747,94,96,-1,1813,86,1808,-1,1808,86,88,-1,1808,88,1806,-1,1718,97,95,-1,1718,95,1801,-1,1801,95,93,-1,1801,93,1803,-1,1803,93,91,-1,1803,91,1805,-1,1805,91,89,-1,1805,89,1807,-1,1807,89,1809,-1,1809,89,87,-1,1809,87,1814,-1,86,1813,87,-1,87,1813,1814,-1,109,1815,108,-1,108,1815,1816,-1,1817,106,1818,-1,1818,106,108,-1,1818,108,1816,-1,1815,109,1819,-1,1819,109,107,-1,1819,107,1820,-1,1818,1819,1817,-1,1817,1819,1820,-1,1817,1820,1821,-1,1821,1820,1822,-1,1821,1822,1823,-1,1823,1822,1824,-1,1823,1824,1825,-1,1825,1824,1826,-1,1825,1826,1767,-1,1767,1826,1712,-1,1767,1712,1766,-1,1766,1712,1713,-1,1820,107,105,-1,1820,105,1822,-1,1822,105,103,-1,1822,103,1824,-1,1824,103,101,-1,1824,101,1826,-1,1826,101,99,-1,1826,99,1712,-1,1767,98,1825,-1,1825,98,100,-1,1825,100,1823,-1,1823,100,102,-1,1823,102,1821,-1,1821,102,104,-1,1821,104,1817,-1,1817,104,106,-1,
        ]
    }
}
Shape{
    appearance Appearance {
        material  Material 	{
            diffuseColor 0.2235294117647059 0.2235294117647059 0.2235294117647059
            specularColor 0.11372549019607843 0.11372549019607843 0.11372549019607843
            ambientIntensity 0.2235
            transparency 0.0
            shininess 0.5
        }
    }
    geometry IndexedFaceSet {
        ccw TRUE
        solid FALSE
        coord DEF co Coordinate {
            point [
                0.7354 0.3248 0.2165, 0.8287 0.3248 0.1102, 0.8001 0.3248 0.1745, 0.569 0.3248 0.1102, 0.6623 0.3248 0.2165, 0.5975 0.3248 0.1745, 0.7918 0.3248 0.1885, 0.7806 0.3248 0.2003, 0.7516 0.3248 0.2147, 0.7669 0.3248 0.2091, 0.6461 0.3248 0.2147, 0.6307 0.3248 0.2091, 0.6058 0.3248 0.1885, 0.6171 0.3248 0.2003, 0.4921 0.6791 1.0315, 0.6772 0.6791 1.0315, 0.4921 0.6791 0.874, 0.7766 0.6791 0.9181, 0.8773 0.6791 0.874, 0.8417 0.6791 0.9752, 0.8773 0.6791 1.0315, 0.7923 0.6791 1.0315
            ]
        }
        coordIndex [
            0,1,2,-1,1,0,3,-1,3,0,4,-1,3,4,5,-1,2,6,0,-1,0,6,7,-1,0,7,8,-1,8,7,9,-1,4,10,5,-1,5,10,11,-1,5,11,12,-1,12,11,13,-1,14,15,16,-1,16,15,17,-1,16,17,18,-1,18,17,19,-1,18,19,20,-1,20,19,21,-1,
        ]
    }
}
Shape{
    appearance Appearance {
        material  Material 	{
            diffuseColor 0.9686274509803922 0.8784313725490196 0.6
            specularColor 0.6784313725490196 0.615686274509804 0.4196078431372549
            ambientIntensity 0.8737
            transparency 0.0
            shininess 0.5
        }
    }
    geometry IndexedFaceSet {
        ccw TRUE
        solid FALSE
        coord DEF co Coordinate {
            point [
                1.2008 1.0453 0.0787, 1.2008 1.0728 0.0512, 0.9646 1.0453 0.0787, 0.9646 1.0728 0.0512, 1.2008 1.0728 0.0276, 0.9646 1.0728 0.0276, 0.9646 1.0453 0.0, 1.2008 1.0453 0.0, 1.2008 0.7455 0.0, 0.9646 0.7455 0.0, 0.9646 0.726 0.0936, 0.9646 0.6457 0.0549, 0.9646 0.7167 0.1041, 0.9646 0.633 0.0819, 0.9646 0.6282 0.1041, 0.9646 0.7651 0.0787, 0.9646 0.7512 0.0804, 0.9646 0.7168 0.0035, 0.9646 0.7378 0.0854, 0.9646 0.689 0.0144, 0.9646 0.6648 0.0319
            ]
        }
        coordIndex [
            0,1,2,-1,2,1,3,-1,1,4,3,-1,3,4,5,-1,6,5,7,-1,7,5,4,-1,7,8,6,-1,6,8,9,-1,10,11,12,-1,12,11,13,-1,12,13,14,-1,3,5,2,-1,2,5,6,-1,2,6,15,-1,15,6,9,-1,15,9,16,-1,16,9,17,-1,16,17,18,-1,18,17,19,-1,18,19,10,-1,10,19,20,-1,10,20,11,-1,
        ]
    }
}
Shape{
    appearance Appearance {
        material  Material 	{
            diffuseColor 0.2235294117647059 0.2235294117647059 0.2235294117647059
            specularColor 0.11372549019607843 0.11372549019607843 0.11372549019607843
            ambientIntensity 0.2235
            transparency 0.0
            shininess 0.5
        }
    }
    geometry IndexedFaceSet {
        ccw TRUE
        solid FALSE
        coord DEF co Coordinate {
            point [
                0.9744 0.7651 0.0787, 0.9646 0.7651 0.0787, 0.9738 0.7517 0.0803, 0.9646 0.7512 0.0804, 0.9646 0.7378 0.0854, 0.972 0.7389 0.0849, 0.9737 0.7512 0.0805, 0.9646 0.726 0.0936, 0.969 0.7272 0.0926, 0.9718 0.7379 0.0856, 0.9646 0.7167 0.1041, 0.9651 0.7176 0.1027, 0.9686 0.7261 0.0937, 1.2032 0.8484 0.1102, 1.1909 0.8484 0.0787, 0.9622 0.8484 0.1102, 0.9744 0.8484 0.0787
            ]
        }
        coordIndex [
            0,1,2,-1,2,1,3,-1,4,5,3,-1,3,5,6,-1,3,6,2,-1,7,8,4,-1,4,8,9,-1,4,9,5,-1,10,11,7,-1,7,11,12,-1,7,12,8,-1,13,14,15,-1,15,14,16,-1,
        ]
    }
}
Shape{
    appearance Appearance {
        material  Material 	{
            diffuseColor 0.9686274509803922 0.8784313725490196 0.6
            specularColor 0.6784313725490196 0.615686274509804 0.4196078431372549
            ambientIntensity 0.8737
            transparency 0.0
            shininess 0.5
        }
    }
    geometry IndexedFaceSet {
        ccw TRUE
        solid FALSE
        coord DEF co Coordinate {
            point [
                0.9646 0.7651 0.0787, 0.9744 0.7651 0.0787, 0.9744 0.8484 0.0787, 1.1909 0.7651 0.0787, 1.2008 0.7651 0.0787, 1.1909 0.8484 0.0787, 1.2008 1.0453 0.0787, 0.9646 1.0453 0.0787
            ]
        }
        coordIndex [
            0,1,2,-1,3,4,5,-1,5,4,6,-1,5,6,2,-1,2,6,7,-1,2,7,0,-1,
        ]
    }
}
Shape{
    appearance Appearance {
        material  Material 	{
            diffuseColor 0.2235294117647059 0.2235294117647059 0.2235294117647059
            specularColor 0.11372549019607843 0.11372549019607843 0.11372549019607843
            ambientIntensity 0.2235
            transparency 0.0
            shininess 0.5
        }
    }
    geometry IndexedFaceSet {
        ccw TRUE
        solid FALSE
        coord DEF co Coordinate {
            point [
                1.2008 0.7167 0.1041, 1.2008 0.7227 0.0968, 1.1981 0.723 0.0971, 1.1965 0.7268 0.0929, 1.2008 0.7324 0.0887, 1.195 0.7326 0.089, 1.1934 0.7389 0.0849, 1.2008 0.7436 0.0828, 1.1927 0.7437 0.0832, 1.1916 0.7516 0.0803, 1.2008 0.7557 0.0795, 1.1914 0.7558 0.0798, 1.2008 0.7651 0.0787, 1.1909 0.7651 0.0787
            ]
        }
        coordIndex [
            0,1,2,-1,2,1,3,-1,3,1,4,-1,3,4,5,-1,5,4,6,-1,6,4,7,-1,6,7,8,-1,8,7,9,-1,9,7,10,-1,9,10,11,-1,11,10,12,-1,11,12,13,-1,
        ]
    }
}
Shape{
    appearance Appearance {
        material  Material 	{
            diffuseColor 0.9686274509803922 0.8784313725490196 0.6
            specularColor 0.6784313725490196 0.615686274509804 0.4196078431372549
            ambientIntensity 0.8737
            transparency 0.0
            shininess 0.5
        }
    }
    geometry IndexedFaceSet {
        ccw TRUE
        solid FALSE
        coord DEF co Coordinate {
            point [
                1.2008 0.7455 0.0, 1.2008 0.7557 0.0795, 1.2008 0.7168 0.0035, 1.2008 0.7436 0.0828, 1.2008 0.689 0.0144, 1.2008 0.7324 0.0887, 1.2008 0.6648 0.0319, 1.2008 0.7227 0.0968, 1.2008 0.6457 0.0549, 1.2008 0.7167 0.1041, 1.2008 0.633 0.0819, 1.2008 0.6282 0.1041, 1.2008 1.0728 0.0276, 1.2008 1.0728 0.0512, 1.2008 1.0453 0.0, 1.2008 1.0453 0.0787, 1.2008 0.7651 0.0787, 0.9634 0.6279 0.1071, 0.9646 0.6282 0.1041, 0.9622 0.6276 0.1102, 1.202 0.6279 0.1071, 1.2032 0.6276 0.1102, 0.9646 0.633 0.0819, 0.9646 0.6457 0.0549, 0.9646 0.6648 0.0319, 0.9646 0.689 0.0144, 0.9646 0.7168 0.0035, 0.9646 0.7455 0.0
            ]
        }
        coordIndex [
            0,1,2,-1,2,1,3,-1,2,3,4,-1,4,3,5,-1,4,5,6,-1,6,5,7,-1,6,7,8,-1,8,7,9,-1,8,9,10,-1,10,9,11,-1,12,13,14,-1,14,13,15,-1,14,15,0,-1,0,15,16,-1,0,16,1,-1,17,18,11,-1,11,18,10,-1,17,11,19,-1,19,11,20,-1,19,20,21,-1,18,22,10,-1,10,22,23,-1,10,23,8,-1,8,23,24,-1,8,24,6,-1,6,24,25,-1,6,25,4,-1,4,25,26,-1,4,26,2,-1,2,26,27,-1,2,27,0,-1,
        ]
    }
}
Shape{
    appearance Appearance {
        material  Material 	{
            diffuseColor 0.2235294117647059 0.2235294117647059 0.2235294117647059
            specularColor 0.11372549019607843 0.11372549019607843 0.11372549019607843
            ambientIntensity 0.2235
            transparency 0.0
            shininess 0.5
        }
    }
    geometry IndexedFaceSet {
        ccw TRUE
        solid FALSE
        coord DEF co Coordinate {
            point [
                0.9634 0.6279 0.1071, 0.9622 0.6276 0.1102, 0.9622 0.691 0.1102, 0.972 0.7389 0.0849, 0.9718 0.7379 0.0856, 0.9622 0.8484 0.1102, 0.969 0.7272 0.0926, 0.9686 0.7261 0.0937, 0.9651 0.7176 0.1027, 0.9646 0.7167 0.1041, 0.9646 0.6282 0.1041, 0.9744 0.8484 0.0787, 0.9744 0.7651 0.0787, 0.9738 0.7517 0.0803, 0.9737 0.7512 0.0805, 1.2032 0.691 0.1102, 1.2032 0.6276 0.1102, 1.202 0.6279 0.1071, 1.1965 0.7268 0.0929, 1.195 0.7326 0.089, 1.2032 0.8484 0.1102, 1.1934 0.7389 0.0849, 1.1927 0.7437 0.0832, 1.1916 0.7516 0.0803, 1.1914 0.7558 0.0798, 1.1909 0.7651 0.0787, 1.1909 0.8484 0.0787, 1.2008 0.6282 0.1041, 1.2008 0.7167 0.1041, 1.1981 0.723 0.0971, 0.4331 0.3248 0.1102, 0.4331 0.2067 0.1102, -0.3917 0.2067 0.1102, 0.0862 0.8484 0.1102, 0.0862 0.6276 0.1102, -0.0862 0.6276 0.1102, -0.3242 0.876 0.1102, -0.3075 0.8484 0.1102, -0.3917 0.876 0.1102, -0.3075 0.6276 0.1102, -0.3917 0.4172 0.1102, 1.2165 0.4172 0.1102, 0.3075 0.6276 0.1102, -0.3228 0.876 0.1102, -0.2999 0.876 0.1102, -0.2683 0.876 0.1102, 0.4759 0.8484 0.1102, 0.4606 0.876 0.1102, 0.7209 0.8484 0.1102, 0.7362 0.876 0.1102, 0.3228 0.876 0.1102, 0.3075 0.8484 0.1102, 0.0709 0.876 0.1102, -0.0193 0.876 0.1102, -0.0522 0.876 0.1102, -0.0862 0.8484 0.1102, 0.9469 0.876 0.1102, 0.9469 0.691 0.1102, 0.7209 0.6276 0.1102, 1.2185 0.691 0.1102, 0.4759 0.6276 0.1102, 1.2185 0.6549 0.1102, 1.2185 0.4699 0.1102, 1.2165 0.4699 0.1102, -0.2248 0.876 0.1102, -0.2055 0.876 0.1102, -0.1691 0.876 0.1102, -0.1015 0.876 0.1102, -0.0967 0.876 0.1102, -0.0709 0.876 0.1102, -0.4331 0.2067 0.1102, -0.4331 0.3248 0.1102, -0.9449 0.2067 0.1102, -1.2165 0.2067 0.1102, -0.9449 0.3248 0.1102, -1.2165 0.4172 0.1102, 1.2165 0.2067 0.1102, 0.9449 0.2067 0.1102, 0.9449 0.3248 0.1102, 0.9262 0.3248 0.1102, 0.8287 0.3248 0.1102, 0.569 0.3248 0.1102, 0.4715 0.3248 0.1102, -1.1973 0.8484 0.1102, -1.1973 0.7129 0.1102, -1.2008 0.7129 0.1102, -1.2165 0.876 0.1102, -0.9661 0.8484 0.1102, -0.9508 0.876 0.1102, -0.7362 0.876 0.1102, -0.7209 0.8484 0.1102, -0.4759 0.8484 0.1102, -0.4606 0.876 0.1102, -0.4759 0.6276 0.1102, -1.2008 0.6276 0.1102, -0.9646 0.6276 0.1102, -0.7209 0.6276 0.1102, -0.9646 0.7129 0.1102, -0.9661 0.7129 0.1102, 1.2185 0.876 0.1102, 1.0032 0.876 0.1102
            ]
        }
        coordIndex [
            0,1,2,-1,3,4,5,-1,5,4,6,-1,5,6,7,-1,7,8,5,-1,5,8,9,-1,5,9,2,-1,2,9,10,-1,2,10,0,-1,5,11,12,-1,12,13,5,-1,5,13,14,-1,5,14,3,-1,15,16,17,-1,18,19,20,-1,19,21,20,-1,20,21,22,-1,20,22,23,-1,23,24,20,-1,20,24,25,-1,20,25,26,-1,17,27,15,-1,15,27,28,-1,15,28,20,-1,20,28,29,-1,20,29,18,-1,30,31,32,-1,33,34,35,-1,36,37,38,-1,38,37,39,-1,38,39,40,-1,40,39,35,-1,40,35,41,-1,41,35,34,-1,41,34,42,-1,36,43,37,-1,37,43,44,-1,37,44,45,-1,46,47,48,-1,48,47,49,-1,50,51,52,-1,52,51,33,-1,52,33,53,-1,53,33,35,-1,53,35,54,-1,54,35,55,-1,49,56,48,-1,48,56,57,-1,48,57,58,-1,16,15,59,-1,50,47,51,-1,51,47,46,-1,51,46,42,-1,42,46,60,-1,42,60,41,-1,41,60,58,-1,41,58,1,-1,1,58,57,-1,1,57,2,-1,59,61,16,-1,16,61,62,-1,16,62,1,-1,1,62,63,-1,1,63,41,-1,45,64,37,-1,37,64,65,-1,37,65,55,-1,55,65,66,-1,55,66,67,-1,67,68,55,-1,55,68,69,-1,55,69,54,-1,70,71,40,-1,72,73,74,-1,74,73,75,-1,74,75,71,-1,76,77,41,-1,41,77,78,-1,78,79,41,-1,41,79,80,-1,41,80,81,-1,81,82,41,-1,41,82,30,-1,41,30,40,-1,40,30,32,-1,40,32,70,-1,83,84,85,-1,83,86,87,-1,87,86,88,-1,87,88,89,-1,90,89,91,-1,91,89,92,-1,91,92,93,-1,83,85,86,-1,86,85,94,-1,86,94,75,-1,71,75,40,-1,40,75,94,-1,40,94,95,-1,92,38,93,-1,93,38,40,-1,93,40,96,-1,96,40,95,-1,96,95,90,-1,90,95,97,-1,90,97,89,-1,89,97,98,-1,89,98,87,-1,5,2,57,-1,59,15,99,-1,99,15,20,-1,99,20,100,-1,100,20,5,-1,100,5,56,-1,56,5,57,-1,
        ]
    }
}
Shape{
    appearance Appearance {
        material  Material 	{
            diffuseColor 0.9686274509803922 0.8784313725490196 0.6
            specularColor 0.6784313725490196 0.615686274509804 0.4196078431372549
            ambientIntensity 0.8737
            transparency 0.0
            shininess 0.5
        }
    }
    geometry IndexedFaceSet {
        ccw TRUE
        solid FALSE
        coord DEF co Coordinate {
            point [
                0.7087 1.0453 0.0787, 0.7087 1.0728 0.0512, 0.4882 1.0453 0.0787, 0.4882 1.0728 0.0512, 0.7087 1.0728 0.0276, 0.4882 1.0728 0.0276, 0.4882 1.0453 0.0, 0.7087 1.0453 0.0, 0.4882 0.7455 0.0, 0.7087 0.7455 0.0, 0.4882 0.8484 0.0787, 0.7087 0.8484 0.0787, 0.4882 0.6457 0.0549, 0.4882 0.6341 0.0787, 0.4882 0.7168 0.0035, 0.4882 0.689 0.0144, 0.4882 0.6648 0.0319
            ]
        }
        coordIndex [
            0,1,2,-1,2,1,3,-1,1,4,3,-1,3,4,5,-1,6,5,7,-1,7,5,4,-1,8,6,9,-1,9,6,7,-1,2,10,0,-1,0,10,11,-1,12,13,10,-1,6,8,10,-1,10,8,14,-1,2,3,10,-1,10,3,5,-1,10,5,6,-1,14,15,10,-1,10,15,16,-1,10,16,12,-1,
        ]
    }
}
Shape{
    appearance Appearance {
        material  Material 	{
            diffuseColor 0.2235294117647059 0.2235294117647059 0.2235294117647059
            specularColor 0.11372549019607843 0.11372549019607843 0.11372549019607843
            ambientIntensity 0.2235
            transparency 0.0
            shininess 0.5
        }
    }
    geometry IndexedFaceSet {
        ccw TRUE
        solid FALSE
        coord DEF co Coordinate {
            point [
                0.4759 0.8484 0.1102, 0.4882 0.8484 0.0787, 0.4882 0.6341 0.0787, 0.4869 0.6332 0.082, 0.4822 0.6298 0.0943, 0.4759 0.6276 0.1102, 0.7209 0.8484 0.1102, 0.7087 0.8484 0.0787
            ]
        }
        coordIndex [
            0,1,2,-1,2,3,0,-1,0,3,4,-1,0,4,5,-1,6,7,0,-1,0,7,1,-1,
        ]
    }
}
Shape{
    appearance Appearance {
        material  Material 	{
            diffuseColor 0.9686274509803922 0.8784313725490196 0.6
            specularColor 0.6784313725490196 0.615686274509804 0.4196078431372549
            ambientIntensity 0.8737
            transparency 0.0
            shininess 0.5
        }
    }
    geometry IndexedFaceSet {
        ccw TRUE
        solid FALSE
        coord DEF co Coordinate {
            point [
                0.7087 1.0728 0.0512, 0.7087 1.0453 0.0787, 0.7087 1.0728 0.0276, 0.7087 0.8484 0.0787, 0.7087 1.0453 0.0, 0.7087 0.7455 0.0, 0.7087 0.6341 0.0787, 0.7087 0.6457 0.0549, 0.7087 0.6648 0.0319, 0.7087 0.689 0.0144, 0.7087 0.7168 0.0035, 0.7147 0.6298 0.0943, 0.7209 0.6276 0.1102, 0.4822 0.6298 0.0943, 0.4759 0.6276 0.1102, 0.7099 0.6332 0.082, 0.4869 0.6332 0.082, 0.4882 0.6341 0.0787, 0.4882 0.6457 0.0549, 0.4882 0.6648 0.0319, 0.4882 0.689 0.0144, 0.4882 0.7168 0.0035, 0.4882 0.7455 0.0
            ]
        }
        coordIndex [
            0,1,2,-1,2,1,3,-1,2,3,4,-1,4,3,5,-1,6,7,3,-1,3,7,8,-1,8,9,3,-1,3,9,10,-1,3,10,5,-1,11,12,13,-1,13,12,14,-1,11,13,15,-1,15,13,16,-1,15,16,6,-1,6,16,17,-1,6,17,7,-1,17,18,7,-1,7,18,19,-1,7,19,8,-1,8,19,20,-1,8,20,9,-1,9,20,21,-1,9,21,10,-1,10,21,22,-1,10,22,5,-1,
        ]
    }
}
Shape{
    appearance Appearance {
        material  Material 	{
            diffuseColor 0.2235294117647059 0.2235294117647059 0.2235294117647059
            specularColor 0.11372549019607843 0.11372549019607843 0.11372549019607843
            ambientIntensity 0.2235
            transparency 0.0
            shininess 0.5
        }
    }
    geometry IndexedFaceSet {
        ccw TRUE
        solid FALSE
        coord DEF co Coordinate {
            point [
                0.7087 0.6341 0.0787, 0.7087 0.8484 0.0787, 0.7099 0.6332 0.082, 0.7209 0.8484 0.1102, 0.7147 0.6298 0.0943, 0.7209 0.6276 0.1102
            ]
        }
        coordIndex [
            0,1,2,-1,2,1,3,-1,2,3,4,-1,4,3,5,-1,
        ]
    }
}
Shape{
    appearance Appearance {
        material  Material 	{
            diffuseColor 0.9686274509803922 0.8784313725490196 0.6
            specularColor 0.6784313725490196 0.615686274509804 0.4196078431372549
            ambientIntensity 0.8737
            transparency 0.0
            shininess 0.5
        }
    }
    geometry IndexedFaceSet {
        ccw TRUE
        solid FALSE
        coord DEF co Coordinate {
            point [
                0.2953 1.0453 0.0787, 0.2953 1.0728 0.0512, 0.0984 1.0453 0.0787, 0.0984 1.0728 0.0512, 0.2953 1.0728 0.0276, 0.0984 1.0728 0.0276, 0.0984 1.0453 0.0, 0.2953 1.0453 0.0, 0.0984 0.7455 0.0, 0.2953 0.7455 0.0, 0.0984 0.8484 0.0787, 0.2953 0.8484 0.0787, 0.0984 0.6457 0.0549, 0.0984 0.6341 0.0787, 0.0984 0.7168 0.0035, 0.0984 0.689 0.0144, 0.0984 0.6648 0.0319
            ]
        }
        coordIndex [
            0,1,2,-1,2,1,3,-1,1,4,3,-1,3,4,5,-1,6,5,7,-1,7,5,4,-1,8,6,9,-1,9,6,7,-1,2,10,0,-1,0,10,11,-1,12,13,10,-1,6,8,10,-1,10,8,14,-1,2,3,10,-1,10,3,5,-1,10,5,6,-1,14,15,10,-1,10,15,16,-1,10,16,12,-1,
        ]
    }
}
Shape{
    appearance Appearance {
        material  Material 	{
            diffuseColor 0.2235294117647059 0.2235294117647059 0.2235294117647059
            specularColor 0.11372549019607843 0.11372549019607843 0.11372549019607843
            ambientIntensity 0.2235
            transparency 0.0
            shininess 0.5
        }
    }
    geometry IndexedFaceSet {
        ccw TRUE
        solid FALSE
        coord DEF co Coordinate {
            point [
                0.0862 0.8484 0.1102, 0.0984 0.8484 0.0787, 0.0984 0.6341 0.0787, 0.0972 0.6332 0.082, 0.0924 0.6298 0.0943, 0.0862 0.6276 0.1102
            ]
        }
        coordIndex [
            0,1,2,-1,2,3,0,-1,0,3,4,-1,0,4,5,-1,
        ]
    }
}
Shape{
    appearance Appearance {
        material  Material 	{
            diffuseColor 0.9686274509803922 0.8784313725490196 0.6
            specularColor 0.6784313725490196 0.615686274509804 0.4196078431372549
            ambientIntensity 0.8737
            transparency 0.0
            shininess 0.5
        }
    }
    geometry IndexedFaceSet {
        ccw TRUE
        solid FALSE
        coord DEF co Coordinate {
            point [
                0.2953 1.0728 0.0512, 0.2953 1.0453 0.0787, 0.2953 1.0728 0.0276, 0.2953 0.8484 0.0787, 0.2953 1.0453 0.0, 0.2953 0.7455 0.0, 0.2953 0.6341 0.0787, 0.2953 0.6457 0.0549, 0.2953 0.6648 0.0319, 0.2953 0.689 0.0144, 0.2953 0.7168 0.0035, 0.3013 0.6298 0.0943, 0.3075 0.6276 0.1102, 0.0924 0.6298 0.0943, 0.0862 0.6276 0.1102, 0.2965 0.6332 0.082, 0.0972 0.6332 0.082, 0.0984 0.6341 0.0787, 0.0984 0.6457 0.0549, 0.0984 0.6648 0.0319, 0.0984 0.689 0.0144, 0.0984 0.7168 0.0035, 0.0984 0.7455 0.0
            ]
        }
        coordIndex [
            0,1,2,-1,2,1,3,-1,2,3,4,-1,4,3,5,-1,6,7,3,-1,3,7,8,-1,8,9,3,-1,3,9,10,-1,3,10,5,-1,11,12,13,-1,13,12,14,-1,11,13,15,-1,15,13,16,-1,15,16,6,-1,6,16,17,-1,6,17,7,-1,17,18,7,-1,7,18,19,-1,7,19,8,-1,8,19,20,-1,8,20,9,-1,9,20,21,-1,9,21,10,-1,10,21,22,-1,10,22,5,-1,
        ]
    }
}
Shape{
    appearance Appearance {
        material  Material 	{
            diffuseColor 0.2235294117647059 0.2235294117647059 0.2235294117647059
            specularColor 0.11372549019607843 0.11372549019607843 0.11372549019607843
            ambientIntensity 0.2235
            transparency 0.0
            shininess 0.5
        }
    }
    geometry IndexedFaceSet {
        ccw TRUE
        solid FALSE
        coord DEF co Coordinate {
            point [
                0.3075 0.8484 0.1102, 0.2953 0.8484 0.0787, 0.0862 0.8484 0.1102, 0.0984 0.8484 0.0787, 0.2953 0.6341 0.0787, 0.2965 0.6332 0.082, 0.3013 0.6298 0.0943, 0.3075 0.6276 0.1102
            ]
        }
        coordIndex [
            0,1,2,-1,2,1,3,-1,4,1,5,-1,5,1,0,-1,5,0,6,-1,6,0,7,-1,
        ]
    }
}
Shape{
    appearance Appearance {
        material  Material 	{
            diffuseColor 0.9686274509803922 0.8784313725490196 0.6
            specularColor 0.6784313725490196 0.615686274509804 0.4196078431372549
            ambientIntensity 0.8737
            transparency 0.0
            shininess 0.5
        }
    }
    geometry IndexedFaceSet {
        ccw TRUE
        solid FALSE
        coord DEF co Coordinate {
            point [
                -0.0984 1.0453 0.0787, -0.0984 1.0728 0.0512, -0.2953 1.0453 0.0787, -0.2953 1.0728 0.0512, -0.0984 1.0728 0.0276, -0.2953 1.0728 0.0276, -0.2953 1.0453 0.0, -0.0984 1.0453 0.0, -0.2953 0.7455 0.0, -0.0984 0.7455 0.0, -0.2953 0.8484 0.0787, -0.0984 0.8484 0.0787, -0.2953 0.7168 0.0035, -0.2953 0.689 0.0144, -0.2953 0.6648 0.0319, -0.2953 0.6457 0.0549, -0.2953 0.6341 0.0787
            ]
        }
        coordIndex [
            0,1,2,-1,2,1,3,-1,1,4,3,-1,3,4,5,-1,6,5,7,-1,7,5,4,-1,8,6,9,-1,9,6,7,-1,2,10,0,-1,0,10,11,-1,6,8,10,-1,10,8,12,-1,10,12,13,-1,2,3,10,-1,10,3,5,-1,10,5,6,-1,13,14,10,-1,10,14,15,-1,10,15,16,-1,
        ]
    }
}
Shape{
    appearance Appearance {
        material  Material 	{
            diffuseColor 0.2235294117647059 0.2235294117647059 0.2235294117647059
            specularColor 0.11372549019607843 0.11372549019607843 0.11372549019607843
            ambientIntensity 0.2235
            transparency 0.0
            shininess 0.5
        }
    }
    geometry IndexedFaceSet {
        ccw TRUE
        solid FALSE
        coord DEF co Coordinate {
            point [
                -0.3075 0.8484 0.1102, -0.2953 0.8484 0.0787, -0.2953 0.6341 0.0787, -0.2965 0.6332 0.082, -0.3013 0.6298 0.0943, -0.3075 0.6276 0.1102
            ]
        }
        coordIndex [
            0,1,2,-1,2,3,0,-1,0,3,4,-1,0,4,5,-1,
        ]
    }
}
Shape{
    appearance Appearance {
        material  Material 	{
            diffuseColor 0.9686274509803922 0.8784313725490196 0.6
            specularColor 0.6784313725490196 0.615686274509804 0.4196078431372549
            ambientIntensity 0.8737
            transparency 0.0
            shininess 0.5
        }
    }
    geometry IndexedFaceSet {
        ccw TRUE
        solid FALSE
        coord DEF co Coordinate {
            point [
                -0.0984 0.7168 0.0035, -0.0984 0.7455 0.0, -0.0984 0.8484 0.0787, -0.0984 0.6341 0.0787, -0.0984 0.6457 0.0549, -0.0984 1.0728 0.0512, -0.0984 1.0453 0.0787, -0.0984 1.0728 0.0276, -0.0984 1.0453 0.0, -0.0984 0.6648 0.0319, -0.0984 0.689 0.0144, -0.0924 0.6298 0.0943, -0.0862 0.6276 0.1102, -0.3013 0.6298 0.0943, -0.3075 0.6276 0.1102, -0.0972 0.6332 0.082, -0.2965 0.6332 0.082, -0.2953 0.6341 0.0787, -0.2953 0.6457 0.0549, -0.2953 0.6648 0.0319, -0.2953 0.689 0.0144, -0.2953 0.7168 0.0035, -0.2953 0.7455 0.0
            ]
        }
        coordIndex [
            0,1,2,-1,2,3,4,-1,5,6,7,-1,7,6,2,-1,7,2,8,-1,8,2,1,-1,4,9,2,-1,2,9,10,-1,2,10,0,-1,11,12,13,-1,13,12,14,-1,11,13,15,-1,15,13,16,-1,15,16,3,-1,3,16,17,-1,3,17,4,-1,17,18,4,-1,4,18,19,-1,4,19,9,-1,9,19,20,-1,9,20,10,-1,10,20,21,-1,10,21,0,-1,0,21,22,-1,0,22,1,-1,
        ]
    }
}
Shape{
    appearance Appearance {
        material  Material 	{
            diffuseColor 0.2235294117647059 0.2235294117647059 0.2235294117647059
            specularColor 0.11372549019607843 0.11372549019607843 0.11372549019607843
            ambientIntensity 0.2235
            transparency 0.0
            shininess 0.5
        }
    }
    geometry IndexedFaceSet {
        ccw TRUE
        solid FALSE
        coord DEF co Coordinate {
            point [
                -0.0862 0.8484 0.1102, -0.0984 0.8484 0.0787, -0.3075 0.8484 0.1102, -0.2953 0.8484 0.0787, -0.0984 0.6341 0.0787, -0.0972 0.6332 0.082, -0.0924 0.6298 0.0943, -0.0862 0.6276 0.1102
            ]
        }
        coordIndex [
            0,1,2,-1,2,1,3,-1,4,1,5,-1,5,1,0,-1,5,0,6,-1,6,0,7,-1,
        ]
    }
}
Shape{
    appearance Appearance {
        material  Material 	{
            diffuseColor 0.9686274509803922 0.8784313725490196 0.6
            specularColor 0.6784313725490196 0.615686274509804 0.4196078431372549
            ambientIntensity 0.8737
            transparency 0.0
            shininess 0.5
        }
    }
    geometry IndexedFaceSet {
        ccw TRUE
        solid FALSE
        coord DEF co Coordinate {
            point [
                -0.4882 1.0453 0.0787, -0.4882 1.0728 0.0512, -0.7087 1.0453 0.0787, -0.7087 1.0728 0.0512, -0.4882 1.0728 0.0276, -0.7087 1.0728 0.0276, -0.7087 1.0453 0.0, -0.4882 1.0453 0.0, -0.7087 0.7455 0.0, -0.4882 0.7455 0.0, -0.7087 0.8484 0.0787, -0.4882 0.8484 0.0787, -0.7087 0.6457 0.0549, -0.7087 0.6341 0.0787, -0.7087 0.7168 0.0035, -0.7087 0.689 0.0144, -0.7087 0.6648 0.0319, -0.4882 0.6341 0.0787, -0.4882 0.6457 0.0549, -0.4882 0.6648 0.0319, -0.4882 0.689 0.0144, -0.4882 0.7168 0.0035
            ]
        }
        coordIndex [
            0,1,2,-1,2,1,3,-1,1,4,3,-1,3,4,5,-1,6,5,7,-1,7,5,4,-1,8,6,9,-1,9,6,7,-1,2,10,0,-1,0,10,11,-1,12,13,10,-1,6,8,10,-1,10,8,14,-1,2,3,10,-1,10,3,5,-1,10,5,6,-1,14,15,10,-1,10,15,16,-1,10,16,12,-1,1,0,4,-1,4,0,11,-1,4,11,7,-1,7,11,9,-1,17,18,11,-1,11,18,19,-1,19,20,11,-1,11,20,21,-1,11,21,9,-1,
        ]
    }
}
Shape{
    appearance Appearance {
        material  Material 	{
            diffuseColor 0.2235294117647059 0.2235294117647059 0.2235294117647059
            specularColor 0.11372549019607843 0.11372549019607843 0.11372549019607843
            ambientIntensity 0.2235
            transparency 0.0
            shininess 0.5
        }
    }
    geometry IndexedFaceSet {
        ccw TRUE
        solid FALSE
        coord DEF co Coordinate {
            point [
                -0.4759 0.8484 0.1102, -0.4882 0.8484 0.0787, -0.7209 0.8484 0.1102, -0.7087 0.8484 0.0787
            ]
        }
        coordIndex [
            0,1,2,-1,2,1,3,-1,
        ]
    }
}
Shape{
    appearance Appearance {
        material  Material 	{
            diffuseColor 0.9686274509803922 0.8784313725490196 0.6
            specularColor 0.6784313725490196 0.615686274509804 0.4196078431372549
            ambientIntensity 0.8737
            transparency 0.0
            shininess 0.5
        }
    }
    geometry IndexedFaceSet {
        ccw TRUE
        solid FALSE
        coord DEF co Coordinate {
            point [
                -0.4821 0.6298 0.0943, -0.4759 0.6276 0.1102, -0.7147 0.6298 0.0943, -0.7209 0.6276 0.1102, -0.4869 0.6332 0.082, -0.7099 0.6332 0.082, -0.4882 0.6341 0.0787, -0.7087 0.6341 0.0787, -0.4882 0.6457 0.0549, -0.7087 0.6457 0.0549, -0.7087 0.6648 0.0319, -0.4882 0.6648 0.0319, -0.7087 0.689 0.0144, -0.4882 0.689 0.0144, -0.7087 0.7168 0.0035, -0.4882 0.7168 0.0035, -0.7087 0.7455 0.0, -0.4882 0.7455 0.0
            ]
        }
        coordIndex [
            0,1,2,-1,2,1,3,-1,0,2,4,-1,4,2,5,-1,4,5,6,-1,6,5,7,-1,6,7,8,-1,7,9,8,-1,8,9,10,-1,8,10,11,-1,11,10,12,-1,11,12,13,-1,13,12,14,-1,13,14,15,-1,15,14,16,-1,15,16,17,-1,
        ]
    }
}
Shape{
    appearance Appearance {
        material  Material 	{
            diffuseColor 0.2235294117647059 0.2235294117647059 0.2235294117647059
            specularColor 0.11372549019607843 0.11372549019607843 0.11372549019607843
            ambientIntensity 0.2235
            transparency 0.0
            shininess 0.5
        }
    }
    geometry IndexedFaceSet {
        ccw TRUE
        solid FALSE
        coord DEF co Coordinate {
            point [
                -0.7209 0.8484 0.1102, -0.7087 0.8484 0.0787, -0.7087 0.6341 0.0787, -0.7099 0.6332 0.082, -0.7147 0.6298 0.0943, -0.7209 0.6276 0.1102, -0.4882 0.6341 0.0787, -0.4882 0.8484 0.0787, -0.4869 0.6332 0.082, -0.4759 0.8484 0.1102, -0.4821 0.6298 0.0943, -0.4759 0.6276 0.1102, -1.6299 0.876 0.4863, -1.6299 0.876 0.4848, -1.6299 0.6984 0.5709, -1.6299 0.5295 0.5236, -1.6299 0.546 0.6496, -1.6299 0.546 0.5709, -1.6299 0.876 0.5094, -1.6299 0.876 0.6969, -1.6299 0.6984 0.6496, -1.6299 0.2067 0.5236, -1.6299 0.2067 0.6969, -1.6299 0.5295 0.0472, -1.6299 0.876 0.0472, -1.6299 0.876 0.6261, -1.6299 0.876 0.6137, -1.6299 0.876 0.5323, -1.3937 0.876 0.0472, -1.3937 0.5295 0.0472, -1.5647 0.5295 0.3008, -1.5088 0.5295 0.2313, -1.4394 0.5295 0.1755, -1.6044 0.5295 0.3805, -1.626 0.5295 0.467, -1.3596 0.5295 0.1358, -1.3181 0.5295 0.1229, -1.3181 0.876 0.1229, 1.6299 0.5295 0.5236, 1.626 0.5295 0.467, 1.6299 0.5295 0.0472, 1.6044 0.5295 0.3805, 1.5647 0.5295 0.3008, 1.5088 0.5295 0.2313, 1.4394 0.5295 0.1755, 1.3937 0.5295 0.0472, 1.3596 0.5295 0.1358, 1.3181 0.5295 0.1229, 1.6299 0.876 0.0472, 1.3937 0.876 0.0472, 1.6299 0.6984 0.5709, 1.6299 0.546 0.5709, 1.6299 0.876 0.4848, 1.6299 0.876 0.4863, 1.6299 0.876 0.5094, 1.6299 0.876 0.5323, 1.6299 0.6984 0.6496, 1.6299 0.876 0.6137, 1.6299 0.876 0.6261, 1.6299 0.876 0.6969, 1.6299 0.546 0.6496, 1.6299 0.2067 0.6969, 1.6299 0.2067 0.5236, 1.3181 0.876 0.1229, -0.1024 -1.0059 0.5906, -0.185 -1.0059 0.5906, -0.1024 -1.1437 0.5906, -0.185 -1.1437 0.5906, -0.1024 -0.5216 0.5906, -0.185 -0.5216 0.5906, -0.1024 -0.6594 0.5906, -0.185 -0.6594 0.5906, 0.2362 -0.6594 0.5512, 0.3268 -0.6594 0.5512, 0.2362 -0.5216 0.5512, 0.3268 -0.5216 0.5512, 0.3329 -0.6594 0.6299, 0.3329 -0.5216 0.6299, 0.4094 -0.6594 0.6299, 0.4094 -0.5216 0.6299, 0.3268 -1.0059 0.5512, 0.2362 -1.0059 0.5512, 0.3268 -1.1437 0.5512, 0.2362 -1.1437 0.5512, 0.3329 -1.1437 0.6299, 0.3329 -1.0059 0.6299, 0.4094 -1.1437 0.6299, 0.4094 -1.0059 0.6299, 0.685 -1.0059 0.5906, 0.6024 -1.0059 0.5906, 0.685 -1.1437 0.5906, 0.6024 -1.1437 0.5906, 0.685 -0.5216 0.5906, 0.6024 -0.5216 0.5906, 0.685 -0.6594 0.5906, 0.6024 -0.6594 0.5906, 0.878 -0.6594 0.5906, 0.9606 -0.6594 0.5906, 0.878 -0.5216 0.5906, 0.9606 -0.5216 0.5906, 0.878 -1.1437 0.5906, 0.9606 -1.1437 0.5906, 0.878 -1.0059 0.5906, 0.9606 -1.0059 0.5906, -0.5512 -0.6594 0.5512, -0.4606 -0.6594 0.5512, -0.5512 -0.5216 0.5512, -0.4606 -0.5216 0.5512, -0.4545 -0.6594 0.6299, -0.4545 -0.5216 0.6299, -0.378 -0.6594 0.6299, -0.378 -0.5216 0.6299, -0.4606 -1.0059 0.5512, -0.5512 -1.0059 0.5512, -0.4606 -1.1437 0.5512, -0.5512 -1.1437 0.5512, -0.4545 -1.1437 0.6299, -0.4545 -1.0059 0.6299, -0.378 -1.1437 0.6299, -0.378 -1.0059 0.6299, -1.0118 -1.0059 0.5512, -1.1024 -1.0059 0.5512, -1.0118 -1.1437 0.5512, -1.1024 -1.1437 0.5512, -1.0118 -0.5216 0.5512, -1.1024 -0.5216 0.5512, -1.0118 -0.6594 0.5512, -1.1024 -0.6594 0.5512, -0.878 -0.6594 0.6299, -0.9606 -0.6594 0.6299, -0.878 -0.5216 0.6299, -0.9606 -0.5216 0.6299, -0.878 -1.1437 0.6299, -0.9606 -1.1437 0.6299, -0.878 -1.0059 0.6299, -0.9606 -1.0059 0.6299, -1.1988 -1.6516 0.6496, -1.1988 -1.6516 0.5709, 1.1988 -1.6516 0.6496, 1.1988 -1.6516 0.5709, 0.4606 -0.5216 0.6693, 0.5512 -0.5216 0.6693, 0.4606 -0.6594 0.6693, 0.5512 -0.6594 0.6693, 0.4545 -0.6594 0.5906, 0.4545 -0.5216 0.5906, 0.378 -0.6594 0.5906, 0.378 -0.5216 0.5906, 0.5512 -1.1437 0.6693, 0.4606 -1.1437 0.6693, 0.5512 -1.0059 0.6693, 0.4606 -1.0059 0.6693, 0.4545 -1.1437 0.5906, 0.4545 -1.0059 0.5906, 0.378 -1.1437 0.5906, 0.378 -1.0059 0.5906, 0.1024 -1.0059 0.6299, 0.185 -1.0059 0.6299, 0.1024 -1.1437 0.6299, 0.185 -1.1437 0.6299, 0.1024 -0.5216 0.6299, 0.185 -0.5216 0.6299, 0.1024 -0.6594 0.6299, 0.185 -0.6594 0.6299, -0.3268 -0.5216 0.6693, -0.2362 -0.5216 0.6693, -0.3268 -0.6594 0.6693, -0.2362 -0.6594 0.6693, -0.3329 -0.6594 0.5906, -0.3329 -0.5216 0.5906, -0.4094 -0.6594 0.5906, -0.4094 -0.5216 0.5906, -0.3268 -1.0059 0.6693, -0.2362 -1.0059 0.6693, -0.3268 -1.1437 0.6693, -0.2362 -1.1437 0.6693, -0.3329 -1.1437 0.5906, -0.3329 -1.0059 0.5906, -0.4094 -1.1437 0.5906, -0.4094 -1.0059 0.5906, -0.685 -1.0059 0.6299, -0.6024 -1.0059 0.6299, -0.685 -1.1437 0.6299, -0.6024 -1.1437 0.6299, -0.685 -0.5216 0.6299, -0.6024 -0.5216 0.6299, -0.685 -0.6594 0.6299, -0.6024 -0.6594 0.6299, 1.0118 -1.0059 0.6693, 1.1024 -1.0059 0.6693, 1.0118 -1.1437 0.6693, 1.1024 -1.1437 0.6693, 1.0118 -0.5216 0.6693, 1.1024 -0.5216 0.6693, 1.0118 -0.6594 0.6693, 1.1024 -0.6594 0.6693
            ]
        }
        coordIndex [
            0,1,2,-1,2,3,0,-1,0,3,4,-1,0,4,5,-1,6,7,8,-1,8,7,9,-1,8,9,10,-1,10,9,11,-1,12,13,14,-1,15,16,17,-1,12,14,18,-1,19,20,16,-1,15,21,16,-1,16,21,22,-1,16,22,19,-1,17,14,15,-1,15,14,13,-1,15,13,23,-1,23,13,24,-1,19,25,20,-1,20,25,26,-1,20,26,14,-1,14,26,27,-1,14,27,18,-1,28,29,24,-1,24,29,23,-1,30,23,31,-1,31,23,32,-1,30,33,23,-1,23,33,34,-1,23,34,15,-1,32,23,35,-1,35,23,29,-1,35,29,36,-1,36,29,37,-1,37,29,28,-1,38,39,40,-1,40,39,41,-1,40,41,42,-1,42,43,40,-1,40,43,44,-1,40,44,45,-1,45,44,46,-1,45,46,47,-1,48,40,49,-1,49,40,45,-1,40,50,38,-1,38,50,51,-1,40,48,50,-1,50,48,52,-1,50,52,53,-1,53,54,50,-1,50,54,55,-1,50,55,56,-1,56,55,57,-1,57,58,56,-1,56,58,59,-1,56,59,60,-1,60,59,61,-1,60,61,51,-1,51,61,62,-1,51,62,38,-1,63,49,47,-1,47,49,45,-1,64,65,66,-1,66,65,67,-1,68,69,70,-1,70,69,71,-1,72,73,74,-1,74,73,75,-1,73,76,75,-1,75,76,77,-1,76,78,77,-1,77,78,79,-1,80,81,82,-1,82,81,83,-1,82,84,80,-1,80,84,85,-1,84,86,85,-1,85,86,87,-1,88,89,90,-1,90,89,91,-1,92,93,94,-1,94,93,95,-1,96,97,98,-1,98,97,99,-1,100,101,102,-1,102,101,103,-1,104,105,106,-1,106,105,107,-1,105,108,107,-1,107,108,109,-1,108,110,109,-1,109,110,111,-1,112,113,114,-1,114,113,115,-1,114,116,112,-1,112,116,117,-1,116,118,117,-1,117,118,119,-1,120,121,122,-1,122,121,123,-1,124,125,126,-1,126,125,127,-1,128,129,130,-1,130,129,131,-1,132,133,134,-1,134,133,135,-1,136,137,138,-1,138,137,139,-1,140,141,142,-1,142,141,143,-1,142,144,140,-1,140,144,145,-1,144,146,145,-1,145,146,147,-1,148,149,150,-1,150,149,151,-1,149,152,151,-1,151,152,153,-1,152,154,153,-1,153,154,155,-1,156,157,158,-1,158,157,159,-1,160,161,162,-1,162,161,163,-1,164,165,166,-1,166,165,167,-1,166,168,164,-1,164,168,169,-1,168,170,169,-1,169,170,171,-1,172,173,174,-1,174,173,175,-1,174,176,172,-1,172,176,177,-1,176,178,177,-1,177,178,179,-1,180,181,182,-1,182,181,183,-1,184,185,186,-1,186,185,187,-1,188,189,190,-1,190,189,191,-1,192,193,194,-1,194,193,195,-1,
        ]
    }
}
Shape{
    appearance Appearance {
        material  Material 	{
            diffuseColor 0.8509803921568627 0.8509803921568627 0.8509803921568627
            specularColor 0.4235294117647059 0.4235294117647059 0.4235294117647059
            ambientIntensity 0.851
            transparency 0.0
            shininess 0.5
        }
    }
    geometry IndexedFaceSet {
        ccw TRUE
        solid FALSE
        coord DEF co Coordinate {
            point [
                1.2598 -0.3798 0.5709, 1.2598 -0.3798 0.6496, 1.2614 -0.3924 0.5709, 1.2614 -0.3924 0.6496, 1.2661 -0.4042 0.5709, 1.2661 -0.4042 0.6496, 1.2735 -0.4146 0.5709, 1.2735 -0.4146 0.6496, 1.2832 -0.4227 0.5709, 1.2832 -0.4227 0.6496, 1.2946 -0.4283 0.5709, 1.2946 -0.4283 0.6496, 1.3071 -0.4308 0.5709, 1.3071 -0.4308 0.6496, 1.3071 -0.5688 0.6496, 1.3071 -0.5688 0.5709
            ]
        }
        coordIndex [
            0,1,2,-1,2,1,3,-1,2,3,4,-1,4,3,5,-1,4,5,6,-1,6,5,7,-1,6,7,8,-1,8,7,9,-1,8,9,10,-1,10,9,11,-1,10,11,12,-1,12,11,13,-1,13,14,12,-1,12,14,15,-1,
        ]
    }
}
Shape{
    appearance Appearance {
        material  Material 	{
            diffuseColor 0.2235294117647059 0.2235294117647059 0.2235294117647059
            specularColor 0.11372549019607843 0.11372549019607843 0.11372549019607843
            ambientIntensity 0.2235
            transparency 0.0
            shininess 0.5
        }
    }
    geometry IndexedFaceSet {
        ccw TRUE
        solid FALSE
        coord DEF co Coordinate {
            point [
                1.2953 -0.5688 0.5709, 1.3071 -0.5688 0.5709, 1.2953 -0.5688 0.6496, 1.3071 -0.5688 0.6496
            ]
        }
        coordIndex [
            0,1,2,-1,2,1,3,-1,
        ]
    }
}
Shape{
    appearance Appearance {
        material  Material 	{
            diffuseColor 0.8509803921568627 0.8509803921568627 0.8509803921568627
            specularColor 0.4235294117647059 0.4235294117647059 0.4235294117647059
            ambientIntensity 0.851
            transparency 0.0
            shininess 0.5
        }
    }
    geometry IndexedFaceSet {
        ccw TRUE
        solid FALSE
        coord DEF co Coordinate {
            point [
                1.2953 -0.5688 0.5709, 1.2953 -0.5688 0.6496, 1.28 -0.5708 0.5709, 1.28 -0.5708 0.6496, 1.2657 -0.5767 0.5709, 1.2657 -0.5767 0.6496, 1.2535 -0.5861 0.5709, 1.2535 -0.5861 0.6496, 1.2441 -0.5983 0.5709, 1.2441 -0.5983 0.6496, 1.2382 -0.6125 0.5709, 1.2382 -0.6125 0.6496, 1.2362 -0.6278 0.5709, 1.2362 -0.6278 0.6496, 1.2362 -1.0736 0.5709, 1.2362 -1.0736 0.6496, 1.2381 -1.0884 0.5709, 1.2381 -1.0884 0.6496, 1.2436 -1.1022 0.5709, 1.2436 -1.1022 0.6496, 1.2525 -1.1143 0.5709, 1.2525 -1.1143 0.6496, 1.264 -1.1237 0.5709, 1.264 -1.1237 0.6496, 1.2776 -1.1299 0.5709, 1.2776 -1.1299 0.6496, 1.2911 -1.1362 0.6496, 1.2911 -1.1362 0.5709, 1.3027 -1.1456 0.6496, 1.3027 -1.1456 0.5709, 1.3115 -1.1576 0.6496, 1.3115 -1.1576 0.5709, 1.317 -1.1715 0.6496, 1.317 -1.1715 0.5709, 1.3189 -1.1863 0.6496, 1.3189 -1.1863 0.5709, 1.3189 -1.3191 0.6496, 1.3189 -1.3191 0.5709, 1.3182 -1.3265 0.6496, 1.3182 -1.3265 0.5709, 1.3161 -1.3337 0.6496, 1.3161 -1.3337 0.5709, 1.2894 -1.4005 0.6496, 1.2894 -1.4005 0.5709
            ]
        }
        coordIndex [
            0,1,2,-1,2,1,3,-1,2,3,4,-1,4,3,5,-1,4,5,6,-1,6,5,7,-1,6,7,8,-1,8,7,9,-1,8,9,10,-1,10,9,11,-1,10,11,12,-1,12,11,13,-1,12,13,14,-1,14,13,15,-1,14,15,16,-1,16,15,17,-1,16,17,18,-1,18,17,19,-1,18,19,20,-1,20,19,21,-1,20,21,22,-1,22,21,23,-1,22,23,24,-1,24,23,25,-1,24,25,26,-1,24,26,27,-1,27,26,28,-1,27,28,29,-1,29,28,30,-1,29,30,31,-1,31,30,32,-1,31,32,33,-1,33,32,34,-1,33,34,35,-1,36,37,34,-1,34,37,35,-1,37,36,38,-1,37,38,39,-1,39,38,40,-1,39,40,41,-1,40,42,41,-1,41,42,43,-1,
        ]
    }
}
Shape{
    appearance Appearance {
        material  Material 	{
            diffuseColor 0.2235294117647059 0.2235294117647059 0.2235294117647059
            specularColor 0.11372549019607843 0.11372549019607843 0.11372549019607843
            ambientIntensity 0.2235
            transparency 0.0
            shininess 0.5
        }
    }
    geometry IndexedFaceSet {
        ccw TRUE
        solid FALSE
        coord DEF co Coordinate {
            point [
                0.9606 -1.0059 0.5906, 0.9606 -1.1437 0.5906, 0.9882 -1.0059 0.6693, 0.9882 -1.1437 0.6693, 0.9606 -0.5216 0.5906, 0.9606 -0.6594 0.5906, 0.9882 -0.5216 0.6693, 0.9882 -0.6594 0.6693, 0.6024 -0.6594 0.5906, 0.6024 -0.5216 0.5906, 0.5748 -0.6594 0.6693, 0.5748 -0.5216 0.6693, 0.6024 -1.1437 0.5906, 0.6024 -1.0059 0.5906, 0.5748 -1.1437 0.6693, 0.5748 -1.0059 0.6693, 0.4094 -1.0059 0.6299, 0.4094 -1.1437 0.6299, 0.437 -1.0059 0.7087, 0.437 -1.1437 0.7087, 0.4094 -0.5216 0.6299, 0.4094 -0.6594 0.6299, 0.437 -0.5216 0.7087, 0.437 -0.6594 0.7087, -0.185 -0.6594 0.5906, -0.185 -0.5216 0.5906, -0.2126 -0.6594 0.6693, -0.2126 -0.5216 0.6693, -0.185 -1.1437 0.5906, -0.185 -1.0059 0.5906, -0.2126 -1.1437 0.6693, -0.2126 -1.0059 0.6693, -0.378 -1.0059 0.6299, -0.378 -1.1437 0.6299, -0.3504 -1.0059 0.7087, -0.3504 -1.1437 0.7087, -0.378 -0.5216 0.6299, -0.378 -0.6594 0.6299, -0.3504 -0.5216 0.7087, -0.3504 -0.6594 0.7087
            ]
        }
        coordIndex [
            0,1,2,-1,2,1,3,-1,4,5,6,-1,6,5,7,-1,8,9,10,-1,10,9,11,-1,12,13,14,-1,14,13,15,-1,16,17,18,-1,18,17,19,-1,20,21,22,-1,22,21,23,-1,24,25,26,-1,26,25,27,-1,28,29,30,-1,30,29,31,-1,32,33,34,-1,34,33,35,-1,36,37,38,-1,38,37,39,-1,
        ]
    }
}
Shape{
    appearance Appearance {
        material  Material 	{
            diffuseColor 0.9686274509803922 0.8784313725490196 0.6
            specularColor 0.6784313725490196 0.615686274509804 0.4196078431372549
            ambientIntensity 0.8737
            transparency 0.0
            shininess 0.5
        }
    }
    geometry IndexedFaceSet {
        ccw TRUE
        solid FALSE
        coord DEF co Coordinate {
            point [
                -0.3189 -1.2992 0.7283, -0.3264 -1.2787 0.7389, -0.3504 -1.2126 0.7283, -0.3274 -1.2758 0.7403, -0.3344 -1.2566 0.7449, -0.3382 -1.2462 0.7474, -0.3427 -1.2339 0.748, -0.3504 -1.2126 0.748, -0.2441 -1.2992 0.7283, -0.2406 -1.2894 0.7342, -0.2366 -1.2785 0.7382, -0.2299 -1.2602 0.7451, -0.2287 -1.2568 0.7455, -0.2203 -1.2339 0.748, -0.2126 -1.2126 0.7283, -0.2126 -1.2126 0.748
            ]
        }
        coordIndex [
            0,1,2,-1,2,1,3,-1,2,3,4,-1,4,5,2,-1,2,5,6,-1,2,6,7,-1,1,0,8,-1,8,9,1,-1,1,9,10,-1,1,10,3,-1,3,10,11,-1,3,11,4,-1,4,11,12,-1,4,12,5,-1,5,12,13,-1,5,13,6,-1,9,8,14,-1,12,14,13,-1,13,14,15,-1,12,11,14,-1,14,11,10,-1,14,10,9,-1,
        ]
    }
}
Shape{
    appearance Appearance {
        material  Material 	{
            diffuseColor 0.2235294117647059 0.2235294117647059 0.2235294117647059
            specularColor 0.11372549019607843 0.11372549019607843 0.11372549019607843
            ambientIntensity 0.2235
            transparency 0.0
            shininess 0.5
        }
    }
    geometry IndexedFaceSet {
        ccw TRUE
        solid FALSE
        coord DEF co Coordinate {
            point [
                -0.2126 -1.1437 0.7283, -0.1024 -1.1437 0.7283, -0.2126 -1.1437 0.6693, -0.1024 -1.1437 0.5906, -0.185 -1.1437 0.5906, -0.1024 -1.0059 0.7283, -0.1024 -1.0059 0.5906, -0.185 -1.0059 0.5906, -0.2126 -1.0059 0.6693, -0.2126 -1.0059 0.7283, -0.2126 -0.6594 0.7283, -0.1024 -0.6594 0.7283, -0.2126 -0.6594 0.6693, -0.1024 -0.6594 0.5906, -0.185 -0.6594 0.5906, -0.1024 -0.5216 0.5906, -0.1024 -0.5216 0.7283, -0.185 -0.5216 0.5906, -0.2126 -0.5216 0.6693, -0.2126 -0.5216 0.7283, 0.2362 -0.5216 0.5512, 0.3268 -0.5216 0.5512, 0.2224 -0.5216 0.7283, 0.3329 -0.5216 0.6299, 0.4094 -0.5216 0.6299, 0.437 -0.5216 0.7087, 0.437 -0.5216 0.7283, 0.2362 -0.6594 0.5512, 0.2224 -0.6594 0.7283, 0.437 -0.6594 0.7087, 0.4094 -0.6594 0.6299, 0.3329 -0.6594 0.6299, 0.437 -0.6594 0.7283, 0.3268 -0.6594 0.5512, 0.2362 -1.0059 0.5512, 0.3268 -1.0059 0.5512, 0.2224 -1.0059 0.7283, 0.3329 -1.0059 0.6299, 0.4094 -1.0059 0.6299, 0.437 -1.0059 0.7087, 0.437 -1.0059 0.7283, 0.2224 -1.1437 0.7283, 0.2362 -1.1437 0.5512, 0.2224 -1.1429 0.7283, 0.437 -1.1437 0.7087, 0.4094 -1.1437 0.6299, 0.3329 -1.1437 0.6299, 0.437 -1.1437 0.7283, 0.3268 -1.1437 0.5512
            ]
        }
        coordIndex [
            0,1,2,-1,2,1,3,-1,2,3,4,-1,5,6,1,-1,1,6,3,-1,7,6,8,-1,8,6,5,-1,8,5,9,-1,10,11,12,-1,12,11,13,-1,12,13,14,-1,13,11,15,-1,15,11,16,-1,17,15,18,-1,18,15,16,-1,18,16,19,-1,20,21,22,-1,22,21,23,-1,23,24,22,-1,22,24,25,-1,22,25,26,-1,27,20,28,-1,28,20,22,-1,29,30,31,-1,32,29,28,-1,28,29,31,-1,28,31,27,-1,27,31,33,-1,34,35,36,-1,36,35,37,-1,37,38,36,-1,36,38,39,-1,36,39,40,-1,41,42,43,-1,43,42,34,-1,43,34,36,-1,44,45,46,-1,47,44,41,-1,41,44,46,-1,41,46,42,-1,42,46,48,-1,
        ]
    }
}
Shape{
    appearance Appearance {
        material  Material 	{
            diffuseColor 0.9686274509803922 0.8784313725490196 0.6
            specularColor 0.6784313725490196 0.615686274509804 0.4196078431372549
            ambientIntensity 0.8737
            transparency 0.0
            shininess 0.5
        }
    }
    geometry IndexedFaceSet {
        ccw TRUE
        solid FALSE
        coord DEF co Coordinate {
            point [
                0.4685 -1.462 0.7283, 0.4611 -1.4415 0.7389, 0.437 -1.3755 0.7283, 0.46 -1.4387 0.7403, 0.453 -1.4194 0.7449, 0.4492 -1.409 0.7474, 0.4447 -1.3967 0.748, 0.437 -1.3755 0.748, 0.5433 -1.462 0.7283, 0.5469 -1.4523 0.7342, 0.5508 -1.4413 0.7382, 0.5575 -1.4231 0.7451, 0.5587 -1.4196 0.7455, 0.5671 -1.3967 0.748, 0.5748 -1.3755 0.7283, 0.5748 -1.3755 0.748
            ]
        }
        coordIndex [
            0,1,2,-1,2,1,3,-1,2,3,4,-1,4,5,2,-1,2,5,6,-1,2,6,7,-1,1,0,8,-1,8,9,1,-1,1,9,10,-1,1,10,3,-1,3,10,11,-1,3,11,4,-1,4,11,12,-1,4,12,5,-1,5,12,13,-1,5,13,6,-1,9,8,14,-1,12,14,13,-1,13,14,15,-1,12,11,14,-1,14,11,10,-1,14,10,9,-1,
        ]
    }
}
Shape{
    appearance Appearance {
        material  Material 	{
            diffuseColor 0.2235294117647059 0.2235294117647059 0.2235294117647059
            specularColor 0.11372549019607843 0.11372549019607843 0.11372549019607843
            ambientIntensity 0.2235
            transparency 0.0
            shininess 0.5
        }
    }
    geometry IndexedFaceSet {
        ccw TRUE
        solid FALSE
        coord DEF co Coordinate {
            point [
                0.5748 -1.1437 0.7283, 0.685 -1.1437 0.7283, 0.5748 -1.1437 0.6693, 0.685 -1.1437 0.5906, 0.6024 -1.1437 0.5906, 0.685 -1.0059 0.7283, 0.685 -1.0059 0.5906, 0.6024 -1.0059 0.5906, 0.5748 -1.0059 0.6693, 0.5748 -1.0059 0.7283, 0.5748 -0.6594 0.7283, 0.685 -0.6594 0.7283, 0.5748 -0.6594 0.6693, 0.685 -0.6594 0.5906, 0.6024 -0.6594 0.5906, 0.685 -0.5216 0.5906, 0.685 -0.5216 0.7283, 0.6024 -0.5216 0.5906, 0.5748 -0.5216 0.6693, 0.5748 -0.5216 0.7283, 0.9882 -0.5216 0.7283, 0.878 -0.5216 0.7283, 0.9882 -0.5216 0.6693, 0.878 -0.5216 0.5906, 0.9606 -0.5216 0.5906, 0.878 -0.6594 0.5906, 0.878 -0.6594 0.7283, 0.9606 -0.6594 0.5906, 0.9882 -0.6594 0.6693, 0.9882 -0.6594 0.7283, 0.9882 -1.0059 0.7283, 0.878 -1.0059 0.7283, 0.9882 -1.0059 0.6693, 0.878 -1.0059 0.5906, 0.9606 -1.0059 0.5906, 0.878 -1.1437 0.5906, 0.878 -1.1437 0.7283, 0.9606 -1.1437 0.5906, 0.9882 -1.1437 0.6693, 0.9882 -1.1437 0.7283
            ]
        }
        coordIndex [
            0,1,2,-1,2,1,3,-1,2,3,4,-1,5,6,1,-1,1,6,3,-1,7,6,8,-1,8,6,5,-1,8,5,9,-1,10,11,12,-1,12,11,13,-1,12,13,14,-1,13,11,15,-1,15,11,16,-1,17,15,18,-1,18,15,16,-1,18,16,19,-1,20,21,22,-1,22,21,23,-1,22,23,24,-1,23,21,25,-1,25,21,26,-1,27,25,28,-1,28,25,26,-1,28,26,29,-1,30,31,32,-1,32,31,33,-1,32,33,34,-1,35,33,36,-1,36,33,31,-1,37,35,38,-1,38,35,36,-1,38,36,39,-1,
        ]
    }
}
Shape{
    appearance Appearance {
        material  Material 	{
            diffuseColor 0.9686274509803922 0.8784313725490196 0.6
            specularColor 0.6784313725490196 0.615686274509804 0.4196078431372549
            ambientIntensity 0.8737
            transparency 0.0
            shininess 0.5
        }
    }
    geometry IndexedFaceSet {
        ccw TRUE
        solid FALSE
        coord DEF co Coordinate {
            point [
                1.0197 -1.462 0.7283, 1.0122 -1.4415 0.7389, 0.9882 -1.3755 0.7283, 1.0112 -1.4387 0.7403, 1.0042 -1.4194 0.7449, 1.0004 -1.409 0.7474, 0.9959 -1.3967 0.748, 0.9882 -1.3755 0.748, 1.0945 -1.462 0.7283, 1.098 -1.4523 0.7342, 1.102 -1.4413 0.7382, 1.1087 -1.4231 0.7451, 1.1099 -1.4196 0.7455, 1.1183 -1.3967 0.748, 1.126 -1.3755 0.7283, 1.126 -1.3755 0.748
            ]
        }
        coordIndex [
            0,1,2,-1,2,1,3,-1,2,3,4,-1,4,5,2,-1,2,5,6,-1,2,6,7,-1,1,0,8,-1,8,9,1,-1,1,9,10,-1,1,10,3,-1,3,10,11,-1,3,11,4,-1,4,11,12,-1,4,12,5,-1,5,12,13,-1,5,13,6,-1,9,8,14,-1,12,14,13,-1,13,14,15,-1,12,11,14,-1,14,11,10,-1,14,10,9,-1,
        ]
    }
}
Shape{
    appearance Appearance {
        material  Material 	{
            diffuseColor 0.2235294117647059 0.2235294117647059 0.2235294117647059
            specularColor 0.11372549019607843 0.11372549019607843 0.11372549019607843
            ambientIntensity 0.2235
            transparency 0.0
            shininess 0.5
        }
    }
    geometry IndexedFaceSet {
        ccw TRUE
        solid FALSE
        coord DEF co Coordinate {
            point [
                1.2584 -1.1903 0.6496, 1.2461 -1.1804 0.6496, 1.246 -1.1804 0.7283, 1.2584 -1.1903 0.7283, 1.2722 -1.2064 0.7283, 1.2722 -1.2064 0.6496, 1.2822 -1.2251 0.7283, 1.2822 -1.2251 0.6496, 1.288 -1.2456 0.7283, 1.288 -1.2456 0.6496, 1.2894 -1.2619 0.7283, 1.2894 -1.2619 0.6496, -1.1988 -1.6516 0.6496, 1.1988 -1.6516 0.6496, -1.2303 -1.5728 0.7283, 1.2303 -1.5728 0.7283, -0.5512 -0.5216 0.5512, -0.4606 -0.5216 0.5512, -0.565 -0.5216 0.7283, -0.4545 -0.5216 0.6299, -0.378 -0.5216 0.6299, -0.3504 -0.5216 0.7087, -0.3504 -0.5216 0.7283, -0.5512 -0.6594 0.5512, -0.565 -0.6594 0.7283, -0.3504 -0.6594 0.7087, -0.378 -0.6594 0.6299, -0.4545 -0.6594 0.6299, -0.3504 -0.6594 0.7283, -0.4606 -0.6594 0.5512, -0.5512 -1.0059 0.5512, -0.4606 -1.0059 0.5512, -0.565 -1.0059 0.7283, -0.4545 -1.0059 0.6299, -0.378 -1.0059 0.6299, -0.3504 -1.0059 0.7087, -0.3504 -1.0059 0.7283, -0.5512 -1.1437 0.5512, -0.565 -1.1437 0.7283, -0.3504 -1.1437 0.7087, -0.378 -1.1437 0.6299, -0.4545 -1.1437 0.6299, -0.3504 -1.1437 0.7283, -0.4606 -1.1437 0.5512, -0.998 -1.0059 0.7283, -1.1161 -1.0059 0.7283, -1.0118 -1.0059 0.5512, -1.1024 -1.0059 0.5512, -1.1024 -1.1437 0.5512, -1.1161 -1.1437 0.7283, -0.998 -1.1437 0.7283, -1.0118 -1.1437 0.5512, -1.1024 -0.6594 0.5512, -1.1024 -0.5216 0.5512, -1.1161 -0.6594 0.7283, -1.1161 -0.5216 0.7283, -1.0118 -0.6594 0.5512, -0.998 -0.6594 0.7283, -1.0118 -0.5216 0.5512, -0.998 -0.5216 0.7283, -1.2881 -1.246 0.6496, -1.2894 -1.2619 0.6496, -1.2894 -1.2619 0.7283, -1.2584 -1.1903 0.7283, -1.246 -1.1803 0.7283, -1.2461 -1.1804 0.6496, -1.2584 -1.1903 0.6496, -1.2723 -1.2066 0.6496, -1.2723 -1.2066 0.7283, -1.2824 -1.2254 0.6496, -1.2824 -1.2254 0.7283, -1.2881 -1.246 0.7283
            ]
        }
        coordIndex [
            0,1,2,-1,2,3,0,-1,0,3,4,-1,0,4,5,-1,5,4,6,-1,5,6,7,-1,7,6,8,-1,7,8,9,-1,9,8,10,-1,9,10,11,-1,12,13,14,-1,14,13,15,-1,16,17,18,-1,18,17,19,-1,19,20,18,-1,18,20,21,-1,18,21,22,-1,23,16,24,-1,24,16,18,-1,25,26,27,-1,28,25,24,-1,24,25,27,-1,24,27,23,-1,23,27,29,-1,30,31,32,-1,32,31,33,-1,33,34,32,-1,32,34,35,-1,32,35,36,-1,37,30,38,-1,38,30,32,-1,39,40,41,-1,42,39,38,-1,38,39,41,-1,38,41,37,-1,37,41,43,-1,44,45,46,-1,46,45,47,-1,48,47,49,-1,49,47,45,-1,50,51,49,-1,49,51,48,-1,44,46,50,-1,50,46,51,-1,52,53,54,-1,54,53,55,-1,56,52,57,-1,57,52,54,-1,58,56,59,-1,59,56,57,-1,59,55,58,-1,58,55,53,-1,60,61,62,-1,63,64,65,-1,65,66,63,-1,63,66,67,-1,63,67,68,-1,68,67,69,-1,68,69,70,-1,70,69,60,-1,70,60,71,-1,71,60,62,-1,
        ]
    }
}
Shape{
    appearance Appearance {
        material  Material 	{
            diffuseColor 0.8509803921568627 0.8509803921568627 0.8509803921568627
            specularColor 0.4235294117647059 0.4235294117647059 0.4235294117647059
            ambientIntensity 0.851
            transparency 0.0
            shininess 0.5
        }
    }
    geometry IndexedFaceSet {
        ccw TRUE
        solid FALSE
        coord DEF co Coordinate {
            point [
                -1.3071 -0.4308 0.5709, -1.3071 -0.4308 0.6496, -1.2946 -0.4283 0.5709, -1.2946 -0.4283 0.6496, -1.2832 -0.4227 0.5709, -1.2832 -0.4227 0.6496, -1.2735 -0.4146 0.5709, -1.2735 -0.4146 0.6496, -1.2661 -0.4042 0.5709, -1.2661 -0.4042 0.6496, -1.2614 -0.3924 0.5709, -1.2614 -0.3924 0.6496, -1.2598 -0.3798 0.5709, -1.2598 -0.3798 0.6496, -1.3071 -0.5688 0.6496, -1.3071 -0.5688 0.5709, -1.2953 -0.5688 0.6496, -1.2953 -0.5688 0.5709, -1.2362 -0.6278 0.5709, -1.2362 -0.6278 0.6496, -1.2382 -0.6125 0.5709, -1.2382 -0.6125 0.6496, -1.2441 -0.5983 0.5709, -1.2441 -0.5983 0.6496, -1.2535 -0.5861 0.5709, -1.2535 -0.5861 0.6496, -1.2657 -0.5767 0.5709, -1.2657 -0.5767 0.6496, -1.28 -0.5708 0.5709, -1.28 -0.5708 0.6496, -1.2362 -1.0736 0.5709, -1.2362 -1.0736 0.6496, -1.2776 -1.1299 0.5709, -1.2776 -1.1299 0.6496, -1.264 -1.1237 0.5709, -1.264 -1.1237 0.6496, -1.2525 -1.1143 0.5709, -1.2525 -1.1143 0.6496, -1.2436 -1.1022 0.5709, -1.2436 -1.1022 0.6496, -1.2381 -1.0884 0.5709, -1.2381 -1.0884 0.6496, -1.3189 -1.1863 0.5709, -1.3189 -1.1863 0.6496, -1.317 -1.1715 0.6496, -1.317 -1.1715 0.5709, -1.3115 -1.1576 0.6496, -1.3115 -1.1576 0.5709, -1.3027 -1.1456 0.6496, -1.3027 -1.1456 0.5709, -1.2911 -1.1362 0.6496, -1.2911 -1.1362 0.5709, -1.3189 -1.3191 0.6496, -1.3189 -1.3191 0.5709, -1.3161 -1.3337 0.5709, -1.3161 -1.3337 0.6496, -1.3182 -1.3265 0.6496, -1.3182 -1.3265 0.5709, -1.2894 -1.4005 0.5709, -1.2894 -1.4005 0.6496
            ]
        }
        coordIndex [
            0,1,2,-1,2,1,3,-1,2,3,4,-1,4,3,5,-1,4,5,6,-1,6,5,7,-1,6,7,8,-1,8,7,9,-1,8,9,10,-1,10,9,11,-1,10,11,12,-1,12,11,13,-1,14,1,15,-1,15,1,0,-1,16,14,17,-1,17,14,15,-1,18,19,20,-1,20,19,21,-1,20,21,22,-1,22,21,23,-1,22,23,24,-1,24,23,25,-1,24,25,26,-1,26,25,27,-1,26,27,28,-1,28,27,29,-1,28,29,17,-1,17,29,16,-1,30,31,18,-1,18,31,19,-1,32,33,34,-1,34,33,35,-1,34,35,36,-1,36,35,37,-1,36,37,38,-1,38,37,39,-1,38,39,40,-1,40,39,41,-1,40,41,30,-1,30,41,31,-1,42,43,44,-1,42,44,45,-1,45,44,46,-1,45,46,47,-1,47,46,48,-1,47,48,49,-1,49,48,50,-1,49,50,51,-1,51,50,33,-1,51,33,32,-1,43,42,52,-1,52,42,53,-1,54,55,56,-1,54,56,57,-1,57,56,52,-1,57,52,53,-1,54,58,55,-1,55,58,59,-1,
        ]
    }
}
Shape{
    appearance Appearance {
        material  Material 	{
            diffuseColor 0.2235294117647059 0.2235294117647059 0.2235294117647059
            specularColor 0.11372549019607843 0.11372549019607843 0.11372549019607843
            ambientIntensity 0.2235
            transparency 0.0
            shininess 0.5
        }
    }
    geometry IndexedFaceSet {
        ccw TRUE
        solid FALSE
        coord DEF co Coordinate {
            point [
                -0.9606 -1.1437 0.6299, -0.9882 -1.1437 0.5512, -0.9606 -1.0059 0.6299, -0.9882 -1.0059 0.5512, -0.9606 -0.6594 0.6299, -0.9882 -0.6594 0.5512, -0.9606 -0.5216 0.6299, -0.9882 -0.5216 0.5512, -0.6024 -0.5216 0.6299, -0.5748 -0.5216 0.5512, -0.6024 -0.6594 0.6299, -0.5748 -0.6594 0.5512, -0.6024 -1.0059 0.6299, -0.5748 -1.0059 0.5512, -0.6024 -1.1437 0.6299, -0.5748 -1.1437 0.5512, -0.4094 -1.0059 0.5906, -0.4094 -1.1437 0.5906, -0.437 -1.0059 0.5118, -0.437 -1.1437 0.5118, -0.4094 -0.5216 0.5906, -0.4094 -0.6594 0.5906, -0.437 -0.5216 0.5118, -0.437 -0.6594 0.5118, 0.185 -0.5216 0.6299, 0.2126 -0.5216 0.5512, 0.185 -0.6594 0.6299, 0.2126 -0.6594 0.5512, 0.185 -1.0059 0.6299, 0.2126 -1.0059 0.5512, 0.185 -1.1437 0.6299, 0.2126 -1.1437 0.5512, 0.378 -1.0059 0.5906, 0.378 -1.1437 0.5906, 0.3504 -1.0059 0.5118, 0.3504 -1.1437 0.5118, 0.378 -0.5216 0.5906, 0.378 -0.6594 0.5906, 0.3504 -0.5216 0.5118, 0.3504 -0.6594 0.5118, -0.9882 -0.5216 0.4921, -0.878 -0.5216 0.4921, -0.878 -0.5216 0.6299, -0.878 -0.6594 0.6299, -0.878 -0.6594 0.4921, -0.9882 -0.6594 0.4921, -0.9882 -1.0059 0.4921, -0.878 -1.0059 0.4921, -0.878 -1.0059 0.6299, -0.878 -1.1437 0.6299, -0.878 -1.1437 0.4921, -0.9882 -1.1437 0.4921, -1.2584 -1.1902 0.5709, -1.2461 -1.1804 0.5709, -1.246 -1.1803 0.4921, -1.2584 -1.1902 0.4921, -1.2722 -1.2064 0.4921, -1.2722 -1.2064 0.5709, -1.2822 -1.2251 0.4921, -1.2822 -1.2251 0.5709, -1.288 -1.2456 0.4921, -1.288 -1.2456 0.5709, -1.2894 -1.2619 0.4921, -1.2894 -1.2619 0.5709, -1.2894 -1.4005 0.5709, -1.2894 -1.4252 0.7283, -1.2894 -1.2619 0.7283, -1.2894 -1.2619 0.6496, -1.2894 -1.4005 0.6496, -1.2894 -1.4252 0.4921, -1.2303 -1.5728 0.4921, -1.1988 -1.6516 0.5709, -1.1988 -1.6516 0.6496, -1.2303 -1.5728 0.7283, 1.2303 -1.5728 0.4921, 1.1988 -1.6516 0.5709, 1.2894 -1.4252 0.4921, 1.2894 -1.4252 0.7283, 1.2303 -1.5728 0.7283, 1.1988 -1.6516 0.6496, 1.2894 -1.2619 0.6496, 1.2894 -1.2619 0.7283, 1.2894 -1.4005 0.6496, 1.2894 -1.4005 0.5709, 1.2894 -1.2619 0.5709, 1.2894 -1.2619 0.4921, 1.2584 -1.1902 0.4921, 1.246 -1.1803 0.4921, 1.2461 -1.1804 0.5709, 1.2584 -1.1902 0.5709, 1.2722 -1.2064 0.5709, 1.2722 -1.2064 0.4921, 1.2822 -1.2251 0.5709, 1.2822 -1.2251 0.4921, 1.288 -1.2456 0.5709, 1.288 -1.2456 0.4921, 0.5512 -0.5216 0.6693, 0.4606 -0.5216 0.6693, 0.565 -0.5216 0.4921, 0.4545 -0.5216 0.5906, 0.3504 -0.5216 0.4921, 0.5512 -0.6594 0.6693, 0.565 -0.6594 0.4921, 0.4545 -0.6594 0.5906, 0.3504 -0.6594 0.4921, 0.4606 -0.6594 0.6693, 0.5512 -1.0059 0.6693, 0.4606 -1.0059 0.6693, 0.565 -1.0059 0.4921, 0.4545 -1.0059 0.5906, 0.3504 -1.0059 0.4921, 0.5512 -1.1437 0.6693, 0.565 -1.1437 0.4921, 0.4545 -1.1437 0.5906, 0.3504 -1.1437 0.4921, 0.4606 -1.1437 0.6693
            ]
        }
        coordIndex [
            0,1,2,-1,2,1,3,-1,4,5,6,-1,6,5,7,-1,8,9,10,-1,10,9,11,-1,12,13,14,-1,14,13,15,-1,16,17,18,-1,18,17,19,-1,20,21,22,-1,22,21,23,-1,24,25,26,-1,26,25,27,-1,28,29,30,-1,30,29,31,-1,32,33,34,-1,34,33,35,-1,36,37,38,-1,38,37,39,-1,40,41,7,-1,7,41,42,-1,7,42,6,-1,42,41,43,-1,43,41,44,-1,4,43,5,-1,5,43,44,-1,5,44,45,-1,46,47,3,-1,3,47,48,-1,3,48,2,-1,49,48,50,-1,50,48,47,-1,0,49,1,-1,1,49,50,-1,1,50,51,-1,52,53,54,-1,54,55,52,-1,52,55,56,-1,52,56,57,-1,57,56,58,-1,57,58,59,-1,59,58,60,-1,59,60,61,-1,61,60,62,-1,61,62,63,-1,64,63,62,-1,65,66,67,-1,67,68,65,-1,65,68,64,-1,65,64,69,-1,69,64,62,-1,65,69,70,-1,71,72,70,-1,70,72,73,-1,70,73,65,-1,74,75,70,-1,70,75,71,-1,76,77,78,-1,79,75,78,-1,78,75,74,-1,78,74,76,-1,80,81,82,-1,82,81,77,-1,82,77,83,-1,83,77,76,-1,83,76,84,-1,84,76,85,-1,86,87,88,-1,88,89,86,-1,86,89,90,-1,86,90,91,-1,91,90,92,-1,91,92,93,-1,93,92,94,-1,93,94,95,-1,95,94,84,-1,95,84,85,-1,96,97,98,-1,98,97,99,-1,99,36,98,-1,98,36,38,-1,98,38,100,-1,101,96,102,-1,102,96,98,-1,39,37,103,-1,104,39,102,-1,102,39,103,-1,102,103,101,-1,101,103,105,-1,106,107,108,-1,108,107,109,-1,109,32,108,-1,108,32,34,-1,108,34,110,-1,111,106,112,-1,112,106,108,-1,35,33,113,-1,114,35,112,-1,112,35,113,-1,112,113,111,-1,111,113,115,-1,
        ]
    }
}
Shape{
    appearance Appearance {
        material  Material 	{
            diffuseColor 0.9686274509803922 0.8784313725490196 0.6
            specularColor 0.6784313725490196 0.615686274509804 0.4196078431372549
            ambientIntensity 0.8737
            transparency 0.0
            shininess 0.5
        }
    }
    geometry IndexedFaceSet {
        ccw TRUE
        solid FALSE
        coord DEF co Coordinate {
            point [
                0.3189 -1.2992 0.4724, 0.3504 -1.2126 0.4724, 0.3189 -1.2992 0.4921, 0.3504 -1.2126 0.4921
            ]
        }
        coordIndex [
            0,1,2,-1,2,1,3,-1,
        ]
    }
}
Shape{
    appearance Appearance {
        material  Material 	{
            diffuseColor 0.2235294117647059 0.2235294117647059 0.2235294117647059
            specularColor 0.11372549019607843 0.11372549019607843 0.11372549019607843
            ambientIntensity 0.2235
            transparency 0.0
            shininess 0.5
        }
    }
    geometry IndexedFaceSet {
        ccw TRUE
        solid FALSE
        coord DEF co Coordinate {
            point [
                0.2441 -1.2992 0.4724, 0.3189 -1.2992 0.4724, 0.2441 -1.2992 0.4921, 0.3189 -1.2992 0.4921
            ]
        }
        coordIndex [
            0,1,2,-1,2,1,3,-1,
        ]
    }
}
Shape{
    appearance Appearance {
        material  Material 	{
            diffuseColor 0.9686274509803922 0.8784313725490196 0.6
            specularColor 0.6784313725490196 0.615686274509804 0.4196078431372549
            ambientIntensity 0.8737
            transparency 0.0
            shininess 0.5
        }
    }
    geometry IndexedFaceSet {
        ccw TRUE
        solid FALSE
        coord DEF co Coordinate {
            point [
                0.2126 -1.2126 0.4724, 0.2441 -1.2992 0.4724, 0.2126 -1.2126 0.4921, 0.2441 -1.2992 0.4921
            ]
        }
        coordIndex [
            0,1,2,-1,2,1,3,-1,
        ]
    }
}
Shape{
    appearance Appearance {
        material  Material 	{
            diffuseColor 0.2235294117647059 0.2235294117647059 0.2235294117647059
            specularColor 0.11372549019607843 0.11372549019607843 0.11372549019607843
            ambientIntensity 0.2235
            transparency 0.0
            shininess 0.5
        }
    }
    geometry IndexedFaceSet {
        ccw TRUE
        solid FALSE
        coord DEF co Coordinate {
            point [
                0.2126 -1.1437 0.4921, 0.1024 -1.1437 0.4921, 0.2126 -1.1437 0.5512, 0.1024 -1.1437 0.6299, 0.185 -1.1437 0.6299, 0.1024 -1.0059 0.4921, 0.1024 -1.0059 0.6299, 0.185 -1.0059 0.6299, 0.2126 -1.0059 0.5512, 0.2126 -1.0059 0.4921, 0.2126 -0.6594 0.4921, 0.1024 -0.6594 0.4921, 0.2126 -0.6594 0.5512, 0.1024 -0.6594 0.6299, 0.185 -0.6594 0.6299, 0.1024 -0.5216 0.6299, 0.1024 -0.5216 0.4921, 0.185 -0.5216 0.6299, 0.2126 -0.5216 0.5512, 0.2126 -0.5216 0.4921, -0.2362 -0.5216 0.6693, -0.3268 -0.5216 0.6693, -0.2224 -0.5216 0.4921, -0.3329 -0.5216 0.5906, -0.4094 -0.5216 0.5906, -0.437 -0.5216 0.5118, -0.437 -0.5216 0.4921, -0.2362 -0.6594 0.6693, -0.2224 -0.6594 0.4921, -0.437 -0.6594 0.5118, -0.4094 -0.6594 0.5906, -0.3329 -0.6594 0.5906, -0.437 -0.6594 0.4921, -0.3268 -0.6594 0.6693, -0.2362 -1.0059 0.6693, -0.3268 -1.0059 0.6693, -0.2224 -1.0059 0.4921, -0.3329 -1.0059 0.5906, -0.4094 -1.0059 0.5906, -0.437 -1.0059 0.5118, -0.437 -1.0059 0.4921, -0.2224 -1.1437 0.4921, -0.2362 -1.1437 0.6693, -0.2224 -1.1429 0.4921, -0.437 -1.1437 0.5118, -0.4094 -1.1437 0.5906, -0.3329 -1.1437 0.5906, -0.437 -1.1437 0.4921, -0.3268 -1.1437 0.6693
            ]
        }
        coordIndex [
            0,1,2,-1,2,1,3,-1,2,3,4,-1,5,6,1,-1,1,6,3,-1,7,6,8,-1,8,6,5,-1,8,5,9,-1,10,11,12,-1,12,11,13,-1,12,13,14,-1,13,11,15,-1,15,11,16,-1,17,15,18,-1,18,15,16,-1,18,16,19,-1,20,21,22,-1,22,21,23,-1,23,24,22,-1,22,24,25,-1,22,25,26,-1,27,20,28,-1,28,20,22,-1,29,30,31,-1,32,29,28,-1,28,29,31,-1,28,31,27,-1,27,31,33,-1,34,35,36,-1,36,35,37,-1,37,38,36,-1,36,38,39,-1,36,39,40,-1,41,42,43,-1,43,42,34,-1,43,34,36,-1,44,45,46,-1,47,44,41,-1,41,44,46,-1,41,46,42,-1,42,46,48,-1,
        ]
    }
}
Shape{
    appearance Appearance {
        material  Material 	{
            diffuseColor 0.9686274509803922 0.8784313725490196 0.6
            specularColor 0.6784313725490196 0.615686274509804 0.4196078431372549
            ambientIntensity 0.8737
            transparency 0.0
            shininess 0.5
        }
    }
    geometry IndexedFaceSet {
        ccw TRUE
        solid FALSE
        coord DEF co Coordinate {
            point [
                -0.4685 -1.462 0.4724, -0.437 -1.3755 0.4724, -0.4685 -1.462 0.4921, -0.437 -1.3755 0.4921
            ]
        }
        coordIndex [
            0,1,2,-1,2,1,3,-1,
        ]
    }
}
Shape{
    appearance Appearance {
        material  Material 	{
            diffuseColor 0.2235294117647059 0.2235294117647059 0.2235294117647059
            specularColor 0.11372549019607843 0.11372549019607843 0.11372549019607843
            ambientIntensity 0.2235
            transparency 0.0
            shininess 0.5
        }
    }
    geometry IndexedFaceSet {
        ccw TRUE
        solid FALSE
        coord DEF co Coordinate {
            point [
                -0.5433 -1.462 0.4724, -0.4685 -1.462 0.4724, -0.5433 -1.462 0.4921, -0.4685 -1.462 0.4921
            ]
        }
        coordIndex [
            0,1,2,-1,2,1,3,-1,
        ]
    }
}
Shape{
    appearance Appearance {
        material  Material 	{
            diffuseColor 0.9686274509803922 0.8784313725490196 0.6
            specularColor 0.6784313725490196 0.615686274509804 0.4196078431372549
            ambientIntensity 0.8737
            transparency 0.0
            shininess 0.5
        }
    }
    geometry IndexedFaceSet {
        ccw TRUE
        solid FALSE
        coord DEF co Coordinate {
            point [
                -0.5748 -1.3755 0.4724, -0.5433 -1.462 0.4724, -0.5748 -1.3755 0.4921, -0.5433 -1.462 0.4921
            ]
        }
        coordIndex [
            0,1,2,-1,2,1,3,-1,
        ]
    }
}
Shape{
    appearance Appearance {
        material  Material 	{
            diffuseColor 0.2235294117647059 0.2235294117647059 0.2235294117647059
            specularColor 0.11372549019607843 0.11372549019607843 0.11372549019607843
            ambientIntensity 0.2235
            transparency 0.0
            shininess 0.5
        }
    }
    geometry IndexedFaceSet {
        ccw TRUE
        solid FALSE
        coord DEF co Coordinate {
            point [
                -0.5748 -1.1437 0.4921, -0.685 -1.1437 0.4921, -0.5748 -1.1437 0.5512, -0.685 -1.1437 0.6299, -0.6024 -1.1437 0.6299, -0.685 -1.0059 0.4921, -0.685 -1.0059 0.6299, -0.6024 -1.0059 0.6299, -0.5748 -1.0059 0.5512, -0.5748 -1.0059 0.4921, -0.5748 -0.6594 0.4921, -0.685 -0.6594 0.4921, -0.5748 -0.6594 0.5512, -0.685 -0.6594 0.6299, -0.6024 -0.6594 0.6299, -0.685 -0.5216 0.6299, -0.685 -0.5216 0.4921, -0.6024 -0.5216 0.6299, -0.5748 -0.5216 0.5512, -0.5748 -0.5216 0.4921, 0.998 -1.0059 0.4921, 1.0118 -1.0059 0.6693, 0.998 -1.1437 0.4921, 1.0118 -1.1437 0.6693, 1.1161 -1.0059 0.4921, 1.1024 -1.0059 0.6693, 1.1024 -1.1437 0.6693, 1.1161 -1.1437 0.4921, 1.1024 -0.6594 0.6693, 1.1024 -0.5216 0.6693, 1.1161 -0.6594 0.4921, 1.1161 -0.5216 0.4921, 1.0118 -0.6594 0.6693, 0.998 -0.6594 0.4921, 1.0118 -0.5216 0.6693, 0.998 -0.5216 0.4921
            ]
        }
        coordIndex [
            0,1,2,-1,2,1,3,-1,2,3,4,-1,5,6,1,-1,1,6,3,-1,7,6,8,-1,8,6,5,-1,8,5,9,-1,10,11,12,-1,12,11,13,-1,12,13,14,-1,13,11,15,-1,15,11,16,-1,17,15,18,-1,18,15,16,-1,18,16,19,-1,20,21,22,-1,22,21,23,-1,20,24,21,-1,21,24,25,-1,26,25,27,-1,27,25,24,-1,23,26,22,-1,22,26,27,-1,28,29,30,-1,30,29,31,-1,32,28,33,-1,33,28,30,-1,34,32,35,-1,35,32,33,-1,35,31,34,-1,34,31,29,-1,
        ]
    }
}
Shape{
    appearance Appearance {
        material  Material 	{
            diffuseColor 0.9686274509803922 0.8784313725490196 0.6
            specularColor 0.6784313725490196 0.615686274509804 0.4196078431372549
            ambientIntensity 0.8737
            transparency 0.0
            shininess 0.5
        }
    }
    geometry IndexedFaceSet {
        ccw TRUE
        solid FALSE
        coord DEF co Coordinate {
            point [
                -1.126 -1.3755 0.4724, -1.0945 -1.462 0.4724, -1.126 -1.3755 0.4921, -1.0945 -1.462 0.4921
            ]
        }
        coordIndex [
            0,1,2,-1,2,1,3,-1,
        ]
    }
}
Shape{
    appearance Appearance {
        material  Material 	{
            diffuseColor 0.2235294117647059 0.2235294117647059 0.2235294117647059
            specularColor 0.11372549019607843 0.11372549019607843 0.11372549019607843
            ambientIntensity 0.2235
            transparency 0.0
            shininess 0.5
        }
    }
    geometry IndexedFaceSet {
        ccw TRUE
        solid FALSE
        coord DEF co Coordinate {
            point [
                -1.0945 -1.462 0.4724, -1.0197 -1.462 0.4724, -1.0945 -1.462 0.4921, -1.0197 -1.462 0.4921
            ]
        }
        coordIndex [
            0,1,2,-1,2,1,3,-1,
        ]
    }
}
Shape{
    appearance Appearance {
        material  Material 	{
            diffuseColor 0.9686274509803922 0.8784313725490196 0.6
            specularColor 0.6784313725490196 0.615686274509804 0.4196078431372549
            ambientIntensity 0.8737
            transparency 0.0
            shininess 0.5
        }
    }
    geometry IndexedFaceSet {
        ccw TRUE
        solid FALSE
        coord DEF co Coordinate {
            point [
                -1.0197 -1.462 0.4724, -0.9882 -1.3755 0.4724, -1.0197 -1.462 0.4921, -0.9882 -1.3755 0.4921
            ]
        }
        coordIndex [
            0,1,2,-1,2,1,3,-1,
        ]
    }
}
Shape{
    appearance Appearance {
        material  Material 	{
            diffuseColor 0.2235294117647059 0.2235294117647059 0.2235294117647059
            specularColor 0.11372549019607843 0.11372549019607843 0.11372549019607843
            ambientIntensity 0.2235
            transparency 0.0
            shininess 0.5
        }
    }
    geometry IndexedFaceSet {
        ccw TRUE
        solid FALSE
        coord DEF co Coordinate {
            point [
                1.2028 -1.0988 0.4921, 1.2028 -1.0988 0.5709, 1.2041 -1.1152 0.4921, 1.2041 -1.1152 0.5709, 1.2099 -1.1356 0.4921, 1.2099 -1.1356 0.5709, 1.2199 -1.1543 0.4921, 1.2199 -1.1543 0.5709, 1.2337 -1.1705 0.4921, 1.2337 -1.1705 0.5709, 1.246 -1.1803 0.4921, 1.2461 -1.1804 0.5709, 1.2028 -1.0988 0.6496, 1.2028 -1.0988 0.7283, 1.2041 -1.1152 0.6496, 1.2041 -1.1152 0.7283, 1.2099 -1.1356 0.6496, 1.2099 -1.1356 0.7283, 1.2199 -1.1543 0.6496, 1.2199 -1.1543 0.7283, 1.2337 -1.1705 0.6496, 1.2337 -1.1705 0.7283, 1.2461 -1.1804 0.6496, 1.246 -1.1804 0.7283
            ]
        }
        coordIndex [
            0,1,2,-1,2,1,3,-1,2,3,4,-1,4,3,5,-1,4,5,6,-1,6,5,7,-1,6,7,8,-1,8,7,9,-1,8,9,10,-1,10,9,11,-1,12,13,14,-1,14,13,15,-1,14,15,16,-1,16,15,17,-1,16,17,18,-1,18,17,19,-1,18,19,20,-1,20,19,21,-1,20,21,22,-1,22,21,23,-1,
        ]
    }
}
Shape{
    appearance Appearance {
        material  Material 	{
            diffuseColor 0.8509803921568627 0.8509803921568627 0.8509803921568627
            specularColor 0.4235294117647059 0.4235294117647059 0.4235294117647059
            ambientIntensity 0.851
            transparency 0.0
            shininess 0.5
        }
    }
    geometry IndexedFaceSet {
        ccw TRUE
        solid FALSE
        coord DEF co Coordinate {
            point [
                1.28 -0.5708 0.5709, 1.2657 -0.5767 0.5709, 1.2028 -0.2932 0.5709, 1.2535 -0.5861 0.5709, 1.2441 -0.5983 0.5709, 1.2946 -0.4283 0.5709, 1.3071 -0.4308 0.5709, 1.3071 -0.5688 0.5709, 1.2382 -0.6125 0.5709, 1.2362 -0.6278 0.5709, 1.2028 -1.0988 0.5709, 1.2953 -0.5688 0.5709, 1.2832 -0.4227 0.5709, 1.2735 -0.4146 0.5709, 1.2362 -1.0736 0.5709, 1.2381 -1.0884 0.5709, 1.2041 -1.1152 0.5709, 1.2436 -1.1022 0.5709, 1.2099 -1.1356 0.5709, 1.2525 -1.1143 0.5709, 1.2199 -1.1543 0.5709, 1.2598 -0.2932 0.5709, 1.2598 -0.3798 0.5709, 1.2614 -0.3924 0.5709, 1.2661 -0.4042 0.5709, 1.3189 -1.1863 0.5709, 1.3189 -1.3191 0.5709, 1.2894 -1.2619 0.5709, 1.3182 -1.3265 0.5709, 1.3161 -1.3337 0.5709, 1.2894 -1.4005 0.5709, 1.288 -1.2456 0.5709, 1.2822 -1.2251 0.5709, 1.317 -1.1715 0.5709, 1.2722 -1.2064 0.5709, 1.3115 -1.1576 0.5709, 1.2584 -1.1902 0.5709, 1.2461 -1.1804 0.5709, 1.2911 -1.1362 0.5709, 1.3027 -1.1456 0.5709, 1.2337 -1.1705 0.5709, 1.264 -1.1237 0.5709, 1.2776 -1.1299 0.5709, 1.2598 -0.3798 0.6496, 1.2598 -0.2932 0.6496, 1.2436 -1.1022 0.6496, 1.2381 -1.0884 0.6496, 1.2028 -1.0988 0.6496, 1.2441 -0.5983 0.6496, 1.2535 -0.5861 0.6496, 1.2028 -0.2932 0.6496, 1.2657 -0.5767 0.6496, 1.28 -0.5708 0.6496, 1.2362 -1.0736 0.6496, 1.2362 -0.6278 0.6496, 1.2382 -0.6125 0.6496, 1.3071 -0.5688 0.6496, 1.3071 -0.4308 0.6496, 1.2953 -0.5688 0.6496, 1.2946 -0.4283 0.6496, 1.2832 -0.4227 0.6496, 1.2735 -0.4146 0.6496, 1.2661 -0.4042 0.6496, 1.2614 -0.3924 0.6496, 1.3189 -1.1863 0.6496, 1.317 -1.1715 0.6496, 1.2722 -1.2064 0.6496, 1.3115 -1.1576 0.6496, 1.2584 -1.1903 0.6496, 1.2894 -1.2619 0.6496, 1.2894 -1.4005 0.6496, 1.3161 -1.3337 0.6496, 1.2822 -1.2251 0.6496, 1.288 -1.2456 0.6496, 1.3189 -1.3191 0.6496, 1.3182 -1.3265 0.6496, 1.2041 -1.1152 0.6496, 1.2099 -1.1356 0.6496, 1.2525 -1.1143 0.6496, 1.2199 -1.1543 0.6496, 1.264 -1.1237 0.6496, 1.2337 -1.1705 0.6496, 1.2776 -1.1299 0.6496, 1.2461 -1.1804 0.6496, 1.2911 -1.1362 0.6496, 1.3027 -1.1456 0.6496
            ]
        }
        coordIndex [
            0,1,2,-1,2,1,3,-1,2,3,4,-1,5,6,7,-1,4,8,2,-1,2,8,9,-1,2,9,10,-1,7,11,5,-1,5,11,0,-1,5,0,12,-1,12,0,13,-1,9,14,10,-1,10,14,15,-1,10,15,16,-1,16,15,17,-1,16,17,18,-1,18,17,19,-1,18,19,20,-1,21,22,2,-1,2,22,23,-1,2,23,0,-1,0,23,24,-1,0,24,13,-1,25,26,27,-1,26,28,27,-1,27,28,29,-1,27,29,30,-1,27,31,25,-1,25,31,32,-1,25,32,33,-1,33,32,34,-1,33,34,35,-1,35,34,36,-1,37,38,36,-1,36,38,39,-1,36,39,35,-1,20,19,40,-1,40,19,41,-1,40,41,37,-1,37,41,42,-1,37,42,38,-1,22,21,43,-1,43,21,44,-1,45,46,47,-1,48,49,50,-1,50,49,51,-1,50,51,52,-1,46,53,47,-1,47,53,54,-1,47,54,50,-1,50,54,55,-1,50,55,48,-1,56,57,58,-1,58,57,59,-1,58,59,52,-1,52,59,60,-1,52,60,61,-1,61,62,52,-1,52,62,63,-1,52,63,50,-1,50,63,43,-1,50,43,44,-1,64,65,66,-1,66,65,67,-1,66,67,68,-1,69,70,71,-1,66,72,64,-1,64,72,73,-1,64,73,74,-1,74,73,69,-1,74,69,75,-1,75,69,71,-1,47,76,45,-1,45,76,77,-1,45,77,78,-1,78,77,79,-1,78,79,80,-1,80,79,81,-1,80,81,82,-1,82,81,83,-1,82,83,84,-1,84,83,68,-1,84,68,85,-1,85,68,67,-1,
        ]
    }
}
Shape{
    appearance Appearance {
        material  Material 	{
            diffuseColor 0.2235294117647059 0.2235294117647059 0.2235294117647059
            specularColor 0.11372549019607843 0.11372549019607843 0.11372549019607843
            ambientIntensity 0.2235
            transparency 0.0
            shininess 0.5
        }
    }
    geometry IndexedFaceSet {
        ccw TRUE
        solid FALSE
        coord DEF co Coordinate {
            point [
                -0.815 -0.1929 0.4528, -0.815 0.0237 0.4528, -0.8445 -0.1929 0.5906, -0.8445 0.0237 0.5906, -0.8445 -0.1929 0.6496, -0.8445 0.0237 0.6496, -0.6713 0.0237 0.6496, -0.7087 0.0237 0.6496, -0.6713 -0.1929 0.6496, -0.7087 -0.1929 0.6496, -0.7087 0.0237 0.5906, -0.7087 -0.1929 0.5906, -0.7382 0.0237 0.4528, -0.7382 -0.1929 0.4528, -0.8819 -0.1929 0.6496, -0.8819 0.0237 0.6496, -0.3799 0.0237 0.4528, -0.3799 -0.1929 0.4528, -0.3504 0.0237 0.5906, -0.3504 -0.1929 0.5906, -0.3504 0.0237 0.6496, -0.3504 -0.1929 0.6496, -0.502 -0.1929 0.6496, -0.437 -0.1929 0.6496, -0.502 0.0237 0.6496, -0.437 0.0237 0.6496, -0.437 -0.1929 0.5906, -0.437 0.0237 0.5906, -0.4075 -0.1929 0.4528, -0.4075 0.0237 0.4528, -0.2854 0.0237 0.6496, -0.2854 -0.1929 0.6496, -0.0689 -0.1929 0.4528, -0.0689 0.0237 0.4528, -0.0984 -0.1929 0.5906, -0.0984 0.0237 0.5906, 0.0689 0.0237 0.4528, 0.0689 -0.1929 0.4528, 0.0984 0.0237 0.5906, 0.0984 -0.1929 0.5906, 0.0984 0.0237 0.6496, 0.0984 -0.1929 0.6496, -0.1358 -0.1929 0.6496, -0.0984 -0.1929 0.6496, -0.1358 0.0237 0.6496, -0.0984 0.0237 0.6496, 0.1358 0.0237 0.6496, 0.1358 -0.1929 0.6496, 0.3799 -0.1929 0.4528, 0.3799 0.0237 0.4528, 0.3504 -0.1929 0.5906, 0.3504 0.0237 0.5906, 0.4075 0.0237 0.4528, 0.4075 -0.1929 0.4528, 0.437 0.0237 0.5906, 0.437 -0.1929 0.5906, 0.437 0.0237 0.6496, 0.437 -0.1929 0.6496, 0.2854 -0.1929 0.6496, 0.3504 -0.1929 0.6496, 0.2854 0.0237 0.6496, 0.3504 0.0237 0.6496, 0.502 0.0237 0.6496, 0.502 -0.1929 0.6496, 0.7382 -0.1929 0.4528, 0.7382 0.0237 0.4528, 0.7087 -0.1929 0.5906, 0.7087 0.0237 0.5906, 0.8346 0.0237 0.4528, 0.8346 -0.1929 0.4528, 0.8642 0.0237 0.5906, 0.8642 -0.1929 0.5906, 0.8642 0.0237 0.6496, 0.8642 -0.1929 0.6496, 0.6713 -0.1929 0.6496, 0.7087 -0.1929 0.6496, 0.6713 0.0237 0.6496, 0.7087 0.0237 0.6496, 0.9016 0.0237 0.6496, 0.9016 -0.1929 0.6496
            ]
        }
        coordIndex [
            0,1,2,-1,2,1,3,-1,4,2,5,-1,5,2,3,-1,6,7,8,-1,8,7,9,-1,7,10,9,-1,9,10,11,-1,12,13,10,-1,10,13,11,-1,12,1,13,-1,13,1,0,-1,14,4,15,-1,15,4,5,-1,16,17,18,-1,18,17,19,-1,20,18,21,-1,21,18,19,-1,22,23,24,-1,24,23,25,-1,23,26,25,-1,25,26,27,-1,28,29,26,-1,26,29,27,-1,28,17,29,-1,29,17,16,-1,30,20,31,-1,31,20,21,-1,32,33,34,-1,34,33,35,-1,36,33,37,-1,37,33,32,-1,36,37,38,-1,38,37,39,-1,40,38,41,-1,41,38,39,-1,42,43,44,-1,44,43,45,-1,43,34,45,-1,45,34,35,-1,46,40,47,-1,47,40,41,-1,48,49,50,-1,50,49,51,-1,52,49,53,-1,53,49,48,-1,52,53,54,-1,54,53,55,-1,56,54,57,-1,57,54,55,-1,58,59,60,-1,60,59,61,-1,59,50,61,-1,61,50,51,-1,62,56,63,-1,63,56,57,-1,64,65,66,-1,66,65,67,-1,68,65,69,-1,69,65,64,-1,68,69,70,-1,70,69,71,-1,72,70,73,-1,73,70,71,-1,74,75,76,-1,76,75,77,-1,75,66,77,-1,77,66,67,-1,78,72,79,-1,79,72,73,-1,
        ]
    }
}
Shape{
    appearance Appearance {
        material  Material 	{
            diffuseColor 0.9686274509803922 0.8784313725490196 0.6
            specularColor 0.6784313725490196 0.615686274509804 0.4196078431372549
            ambientIntensity 0.8737
            transparency 0.0
            shininess 0.5
        }
    }
    geometry IndexedFaceSet {
        ccw TRUE
        solid FALSE
        coord DEF co Coordinate {
            point [
                0.9882 -0.5009 0.748, 0.9882 -0.5188 0.7283, 0.9882 -0.5216 0.7283, 0.9882 -1.0059 0.6693, 0.9882 -1.1437 0.6693, 0.9882 -1.0059 0.7283, 0.9882 -1.1437 0.7283, 0.9882 -0.5216 0.6693, 0.9882 -0.6594 0.6693, 0.9882 -0.6594 0.7283, 0.9882 -1.3755 0.748, 0.9882 -1.3755 0.7283, 0.5748 -0.5216 0.7283, 0.5748 -0.5188 0.7283, 0.5748 -0.5009 0.748, 0.5748 -0.6594 0.7283, 0.5748 -0.6594 0.6693, 0.5748 -0.5216 0.6693, 0.5748 -1.3755 0.748, 0.5748 -1.1437 0.7283, 0.5748 -1.3755 0.7283, 0.5748 -1.0059 0.7283, 0.5748 -1.0059 0.6693, 0.5748 -1.1437 0.6693, 0.4447 -1.3967 0.748, 0.5671 -1.3967 0.748, 0.437 -1.3755 0.748, 0.437 -0.5009 0.748, 0.437 -0.5188 0.7283, 0.437 -0.5216 0.7283, 0.437 -1.0059 0.7087, 0.437 -1.1437 0.7087, 0.437 -1.0059 0.7283, 0.437 -1.1437 0.7283, 0.437 -0.5216 0.7087, 0.437 -0.6594 0.7087, 0.437 -0.6594 0.7283, 0.437 -1.3755 0.7283, -0.2126 -1.0059 0.7283, -0.2126 -0.6594 0.7283, -0.2126 -0.5009 0.748, -0.2126 -0.5188 0.7283, -0.2126 -0.5216 0.7283, -0.2126 -0.5216 0.6693, -0.2126 -0.6594 0.6693, -0.2126 -1.2126 0.748, -0.2126 -1.2126 0.7283, -0.2126 -1.1437 0.7283, -0.2126 -1.1437 0.6693, -0.2126 -1.0059 0.6693, -0.3504 -0.5009 0.748, -0.3504 -1.2126 0.748, -0.2203 -1.2339 0.748, -0.3427 -1.2339 0.748, -0.3504 -0.5188 0.7283, -0.3504 -0.5216 0.7283, -0.3504 -1.0059 0.7087, -0.3504 -1.1437 0.7087, -0.3504 -1.0059 0.7283, -0.3504 -1.1437 0.7283, -0.3504 -0.5216 0.7087, -0.3504 -0.6594 0.7087, -0.3504 -0.6594 0.7283, -0.3504 -1.2126 0.7283, 1.126 -1.3755 0.748, 1.126 -1.3755 0.7283, 1.126 -0.5009 0.748, 1.126 -0.5188 0.7283, 1.1183 -1.3967 0.748, 0.9959 -1.3967 0.748
            ]
        }
        coordIndex [
            0,1,2,-1,3,4,5,-1,5,4,6,-1,7,8,2,-1,2,8,9,-1,2,9,0,-1,0,9,5,-1,0,5,10,-1,10,5,6,-1,10,6,11,-1,12,13,14,-1,15,16,17,-1,14,18,19,-1,19,18,20,-1,17,12,15,-1,15,12,14,-1,15,14,21,-1,21,14,19,-1,21,19,22,-1,22,19,23,-1,24,25,26,-1,26,25,18,-1,26,18,27,-1,27,18,14,-1,27,28,29,-1,30,31,32,-1,32,31,33,-1,34,35,29,-1,29,35,36,-1,29,36,27,-1,27,36,32,-1,27,32,26,-1,26,32,33,-1,26,33,37,-1,38,39,40,-1,41,40,42,-1,42,40,39,-1,42,39,43,-1,43,39,44,-1,45,46,47,-1,48,49,47,-1,47,49,38,-1,47,38,45,-1,45,38,40,-1,40,50,45,-1,45,50,51,-1,45,51,52,-1,52,51,53,-1,50,54,55,-1,56,57,58,-1,58,57,59,-1,60,61,55,-1,55,61,62,-1,55,62,50,-1,50,62,58,-1,50,58,51,-1,51,58,59,-1,51,59,63,-1,64,65,66,-1,66,65,67,-1,66,0,64,-1,64,0,10,-1,64,10,68,-1,68,10,69,-1,
        ]
    }
}
Shape{
    appearance Appearance {
        material  Material 	{
            diffuseColor 0.2235294117647059 0.2235294117647059 0.2235294117647059
            specularColor 0.11372549019607843 0.11372549019607843 0.11372549019607843
            ambientIntensity 0.2235
            transparency 0.0
            shininess 0.5
        }
    }
    geometry IndexedFaceSet {
        ccw TRUE
        solid FALSE
        coord DEF co Coordinate {
            point [
                -0.565 -0.5216 0.7283, -0.3504 -0.5216 0.7283, -0.3504 -0.5188 0.7283, -0.998 -0.6594 0.7283, -0.565 -1.1437 0.7283, -0.998 -0.5216 0.7283, -0.565 -1.0059 0.7283, 0.878 -0.5216 0.7283, 0.9882 -0.5216 0.7283, 0.9882 -0.5188 0.7283, -0.998 -1.1437 0.7283, -0.998 -1.0059 0.7283, -1.1161 -1.0059 0.7283, -1.1161 -0.6594 0.7283, 0.437 -0.5216 0.7283, 0.437 -0.5188 0.7283, 0.2224 -0.5216 0.7283, -0.2126 -0.5188 0.7283, 0.9882 -1.0059 0.7283, 0.9882 -0.6594 0.7283, 0.878 -1.0059 0.7283, 0.878 -0.6594 0.7283, 0.437 -1.0059 0.7283, 0.437 -0.6594 0.7283, 0.2224 -1.0059 0.7283, 0.2224 -0.6594 0.7283, 0.685 -1.0059 0.7283, 0.878 -1.1437 0.7283, 0.685 -1.1437 0.7283, -1.2028 -0.5188 0.7283, -1.1161 -0.5216 0.7283, -1.2041 -1.1152 0.7283, -1.2099 -1.1356 0.7283, -1.1161 -1.1437 0.7283, -1.2199 -1.1543 0.7283, -0.2126 -0.6594 0.7283, -0.2126 -1.0059 0.7283, -0.1024 -0.6594 0.7283, -0.1024 -1.0059 0.7283, 0.5748 -0.5188 0.7283, 0.5748 -0.5216 0.7283, 0.685 -0.5216 0.7283, -0.1024 -1.1437 0.7283, 0.2224 -1.1437 0.7283, 0.2224 -1.1429 0.7283, -0.1024 -0.5216 0.7283, -0.2126 -0.5216 0.7283, 1.2303 -1.5728 0.7283, 1.2894 -1.4252 0.7283, 1.126 -1.3755 0.7283, 0.437 -1.1437 0.7283, 0.437 -1.3755 0.7283, 0.4685 -1.462 0.7283, -0.2126 -1.1437 0.7283, -0.565 -0.6594 0.7283, -0.3504 -0.6594 0.7283, -0.3504 -1.0059 0.7283, 1.246 -1.1804 0.7283, 1.2337 -1.1705 0.7283, 1.2199 -1.1543 0.7283, 1.2099 -1.1356 0.7283, 0.9882 -1.3755 0.7283, 0.9882 -1.1437 0.7283, -1.2028 -1.0988 0.7283, 0.685 -0.6594 0.7283, 0.5748 -0.6594 0.7283, 0.5748 -1.0059 0.7283, 1.0197 -1.462 0.7283, 0.5433 -1.462 0.7283, 0.5748 -1.3755 0.7283, 0.5748 -1.1437 0.7283, 1.2028 -0.5188 0.7283, 1.126 -0.5188 0.7283, 1.2028 -1.0988 0.7283, 1.2041 -1.1152 0.7283, 1.0945 -1.462 0.7283, -1.2303 -1.5728 0.7283, -0.3504 -1.1437 0.7283, -0.3504 -1.2126 0.7283, -0.3189 -1.2992 0.7283, -0.2441 -1.2992 0.7283, -0.2126 -1.2126 0.7283, -1.2337 -1.1705 0.7283, -1.246 -1.1803 0.7283, -1.2894 -1.2619 0.7283, -1.2584 -1.1903 0.7283, -1.2881 -1.246 0.7283, -1.2723 -1.2066 0.7283, -1.2824 -1.2254 0.7283, -1.2894 -1.4252 0.7283, 1.2894 -1.2619 0.7283, 1.288 -1.2456 0.7283, 1.2822 -1.2251 0.7283, 1.2722 -1.2064 0.7283, 1.2584 -1.1903 0.7283, -1.2028 -1.0988 0.6496, -1.2041 -1.1152 0.6496, -1.2099 -1.1356 0.6496, -1.2199 -1.1543 0.6496, -1.2337 -1.1705 0.6496, -1.2461 -1.1804 0.6496
            ]
        }
        coordIndex [
            0,1,2,-1,3,4,5,-1,5,4,6,-1,7,8,9,-1,10,4,11,-1,11,4,3,-1,11,3,12,-1,12,3,13,-1,14,15,16,-1,16,15,17,-1,18,19,20,-1,20,19,21,-1,22,23,24,-1,24,23,25,-1,20,26,27,-1,27,26,28,-1,29,30,5,-1,31,32,33,-1,33,32,34,-1,35,36,37,-1,37,36,38,-1,39,40,41,-1,42,43,38,-1,38,43,44,-1,44,24,38,-1,38,24,25,-1,38,25,37,-1,37,25,16,-1,37,16,45,-1,45,16,17,-1,45,17,46,-1,47,48,49,-1,50,43,51,-1,51,43,42,-1,51,42,52,-1,52,42,53,-1,2,29,0,-1,0,29,5,-1,0,5,54,-1,54,5,6,-1,54,6,55,-1,55,6,56,-1,57,58,49,-1,49,58,59,-1,49,59,60,-1,61,62,27,-1,31,33,63,-1,63,33,12,-1,63,12,29,-1,29,12,13,-1,29,13,30,-1,9,39,7,-1,7,39,41,-1,7,41,21,-1,21,41,64,-1,21,64,20,-1,20,64,65,-1,20,65,26,-1,26,65,66,-1,67,61,68,-1,68,61,27,-1,68,27,69,-1,69,27,28,-1,69,28,70,-1,71,72,73,-1,73,72,49,-1,73,49,74,-1,74,49,60,-1,49,75,47,-1,47,75,67,-1,47,67,76,-1,76,67,68,-1,76,68,52,-1,77,4,78,-1,78,4,10,-1,78,10,79,-1,79,10,76,-1,79,76,80,-1,80,76,52,-1,80,52,81,-1,81,52,53,-1,82,83,84,-1,84,83,85,-1,84,85,86,-1,86,85,87,-1,86,87,88,-1,34,82,33,-1,33,82,84,-1,33,84,10,-1,10,84,89,-1,10,89,76,-1,48,90,49,-1,49,90,91,-1,49,91,92,-1,92,93,49,-1,49,93,94,-1,49,94,57,-1,63,95,31,-1,31,95,96,-1,31,96,32,-1,32,96,97,-1,32,97,34,-1,34,97,98,-1,34,98,82,-1,82,98,99,-1,82,99,83,-1,83,99,100,-1,
        ]
    }
}
Shape{
    appearance Appearance {
        material  Material 	{
            diffuseColor 0.8509803921568627 0.8509803921568627 0.8509803921568627
            specularColor 0.4235294117647059 0.4235294117647059 0.4235294117647059
            ambientIntensity 0.851
            transparency 0.0
            shininess 0.5
        }
    }
    geometry IndexedFaceSet {
        ccw TRUE
        solid FALSE
        coord DEF co Coordinate {
            point [
                -1.28 -0.5708 0.6496, -1.2657 -0.5767 0.6496, -1.2028 -0.2932 0.6496, -1.2535 -0.5861 0.6496, -1.2441 -0.5983 0.6496, -1.2946 -0.4283 0.6496, -1.3071 -0.4308 0.6496, -1.3071 -0.5688 0.6496, -1.2028 -1.0988 0.6496, -1.2381 -1.0884 0.6496, -1.2041 -1.1152 0.6496, -1.2436 -1.1022 0.6496, -1.2099 -1.1356 0.6496, -1.2525 -1.1143 0.6496, -1.2199 -1.1543 0.6496, -1.2382 -0.6125 0.6496, -1.2362 -0.6278 0.6496, -1.2362 -1.0736 0.6496, -1.2953 -0.5688 0.6496, -1.2832 -0.4227 0.6496, -1.2735 -0.4146 0.6496, -1.2598 -0.2932 0.6496, -1.2598 -0.3798 0.6496, -1.2614 -0.3924 0.6496, -1.2661 -0.4042 0.6496, -1.3161 -1.3337 0.6496, -1.2894 -1.4005 0.6496, -1.2894 -1.2619 0.6496, -1.2584 -1.1903 0.6496, -1.3115 -1.1576 0.6496, -1.2723 -1.2066 0.6496, -1.317 -1.1715 0.6496, -1.2824 -1.2254 0.6496, -1.3189 -1.1863 0.6496, -1.2881 -1.246 0.6496, -1.2461 -1.1804 0.6496, -1.2911 -1.1362 0.6496, -1.3027 -1.1456 0.6496, -1.2337 -1.1705 0.6496, -1.264 -1.1237 0.6496, -1.2776 -1.1299 0.6496, -1.3182 -1.3265 0.6496, -1.3189 -1.3191 0.6496, -1.2598 -0.3798 0.5709, -1.2598 -0.2932 0.5709, -1.2441 -0.5983 0.5709, -1.2535 -0.5861 0.5709, -1.2028 -0.2932 0.5709, -1.2657 -0.5767 0.5709, -1.28 -0.5708 0.5709, -1.2436 -1.1022 0.5709, -1.2381 -1.0884 0.5709, -1.2028 -1.0988 0.5709, -1.3189 -1.1863 0.5709, -1.317 -1.1715 0.5709, -1.2722 -1.2064 0.5709, -1.3115 -1.1576 0.5709, -1.2584 -1.1902 0.5709, -1.2894 -1.2619 0.5709, -1.2894 -1.4005 0.5709, -1.3161 -1.3337 0.5709, -1.2822 -1.2251 0.5709, -1.288 -1.2456 0.5709, -1.3189 -1.3191 0.5709, -1.3182 -1.3265 0.5709, -1.2362 -1.0736 0.5709, -1.2362 -0.6278 0.5709, -1.2382 -0.6125 0.5709, -1.3071 -0.5688 0.5709, -1.3071 -0.4308 0.5709, -1.2953 -0.5688 0.5709, -1.2946 -0.4283 0.5709, -1.2832 -0.4227 0.5709, -1.2735 -0.4146 0.5709, -1.2041 -1.1152 0.5709, -1.2099 -1.1356 0.5709, -1.2525 -1.1143 0.5709, -1.2199 -1.1543 0.5709, -1.264 -1.1237 0.5709, -1.2337 -1.1705 0.5709, -1.2776 -1.1299 0.5709, -1.2461 -1.1804 0.5709, -1.2911 -1.1362 0.5709, -1.3027 -1.1456 0.5709, -1.2661 -0.4042 0.5709, -1.2614 -0.3924 0.5709
            ]
        }
        coordIndex [
            0,1,2,-1,2,1,3,-1,2,3,4,-1,5,6,7,-1,8,9,10,-1,10,9,11,-1,10,11,12,-1,12,11,13,-1,12,13,14,-1,4,15,2,-1,2,15,16,-1,2,16,8,-1,8,16,17,-1,8,17,9,-1,7,18,5,-1,5,18,0,-1,5,0,19,-1,19,0,20,-1,21,22,2,-1,2,22,23,-1,2,23,0,-1,0,23,24,-1,0,24,20,-1,25,26,27,-1,28,29,30,-1,30,29,31,-1,30,31,32,-1,32,31,33,-1,32,33,34,-1,35,36,28,-1,28,36,37,-1,28,37,29,-1,14,13,38,-1,38,13,39,-1,38,39,35,-1,35,39,40,-1,35,40,36,-1,25,27,41,-1,34,33,27,-1,27,33,42,-1,27,42,41,-1,22,21,43,-1,43,21,44,-1,45,46,47,-1,47,46,48,-1,47,48,49,-1,50,51,52,-1,53,54,55,-1,55,54,56,-1,55,56,57,-1,58,59,60,-1,55,61,53,-1,53,61,62,-1,53,62,63,-1,63,62,58,-1,63,58,64,-1,64,58,60,-1,51,65,52,-1,52,65,66,-1,52,66,47,-1,47,66,67,-1,47,67,45,-1,68,69,70,-1,70,69,71,-1,70,71,49,-1,49,71,72,-1,49,72,73,-1,52,74,50,-1,50,74,75,-1,50,75,76,-1,76,75,77,-1,76,77,78,-1,78,77,79,-1,78,79,80,-1,80,79,81,-1,80,81,82,-1,82,81,57,-1,82,57,83,-1,83,57,56,-1,73,84,49,-1,49,84,85,-1,49,85,47,-1,47,85,43,-1,47,43,44,-1,
        ]
    }
}
Shape{
    appearance Appearance {
        material  Material 	{
            diffuseColor 0.2235294117647059 0.2235294117647059 0.2235294117647059
            specularColor 0.11372549019607843 0.11372549019607843 0.11372549019607843
            ambientIntensity 0.2235
            transparency 0.0
            shininess 0.5
        }
    }
    geometry IndexedFaceSet {
        ccw TRUE
        solid FALSE
        coord DEF co Coordinate {
            point [
                -1.2028 -1.0988 0.5709, -1.2028 -1.0988 0.4921, -1.2041 -1.1152 0.5709, -1.2041 -1.1152 0.4921, -1.2099 -1.1356 0.5709, -1.2099 -1.1356 0.4921, -1.2199 -1.1543 0.5709, -1.2199 -1.1543 0.4921, -1.2337 -1.1705 0.5709, -1.2337 -1.1705 0.4921, -1.2461 -1.1804 0.5709, -1.246 -1.1803 0.4921
            ]
        }
        coordIndex [
            0,1,2,-1,2,1,3,-1,2,3,4,-1,4,3,5,-1,4,5,6,-1,6,5,7,-1,6,7,8,-1,8,7,9,-1,8,9,10,-1,10,9,11,-1,
        ]
    }
}
Shape{
    appearance Appearance {
        material  Material 	{
            diffuseColor 0.9686274509803922 0.8784313725490196 0.6
            specularColor 0.6784313725490196 0.615686274509804 0.4196078431372549
            ambientIntensity 0.8737
            transparency 0.0
            shininess 0.5
        }
    }
    geometry IndexedFaceSet {
        ccw TRUE
        solid FALSE
        coord DEF co Coordinate {
            point [
                -0.9882 -1.1437 0.4921, -0.9882 -1.3755 0.4921, -0.9882 -1.3755 0.4724, -0.9882 -0.5009 0.4724, -0.9882 -0.5216 0.4921, -0.9882 -0.5188 0.4921, -0.9882 -1.0059 0.4921, -0.9882 -1.0059 0.5512, -0.9882 -1.1437 0.5512, -0.9882 -0.6594 0.4921, -0.9882 -0.6594 0.5512, -0.9882 -0.5216 0.5512, -0.5748 -0.6594 0.4921, -0.5748 -0.6594 0.5512, -0.5748 -0.5216 0.5512, -0.5748 -0.5188 0.4921, -0.5748 -0.5009 0.4724, -0.5748 -0.5216 0.4921, -0.5748 -1.3755 0.4724, -0.5748 -1.3755 0.4921, -0.5748 -1.1437 0.4921, -0.5748 -1.1437 0.5512, -0.5748 -1.0059 0.5512, -0.5748 -1.0059 0.4921, -0.437 -0.5009 0.4724, -0.437 -1.3755 0.4724, -0.5433 -1.462 0.4724, -0.4685 -1.462 0.4724, -0.437 -1.1437 0.4921, -0.437 -1.3755 0.4921, -0.437 -0.5216 0.4921, -0.437 -0.5188 0.4921, -0.437 -1.0059 0.4921, -0.437 -1.0059 0.5118, -0.437 -1.1437 0.5118, -0.437 -0.6594 0.4921, -0.437 -0.6594 0.5118, -0.437 -0.5216 0.5118, 0.2126 -0.6594 0.4921, 0.2126 -0.6594 0.5512, 0.2126 -0.5216 0.5512, 0.2126 -0.5188 0.4921, 0.2126 -0.5009 0.4724, 0.2126 -0.5216 0.4921, 0.2126 -1.2126 0.4724, 0.2126 -1.2126 0.4921, 0.2126 -1.1437 0.4921, 0.2126 -1.1437 0.5512, 0.2126 -1.0059 0.5512, 0.2126 -1.0059 0.4921, 0.3504 -0.5009 0.4724, 0.3504 -1.2126 0.4724, 0.2441 -1.2992 0.4724, 0.3189 -1.2992 0.4724, 0.3504 -1.1437 0.4921, 0.3504 -1.2126 0.4921, 0.3504 -0.5216 0.4921, 0.3504 -0.5188 0.4921, 0.3504 -1.0059 0.4921, 0.3504 -1.0059 0.5118, 0.3504 -1.1437 0.5118, 0.3504 -0.6594 0.4921, 0.3504 -0.6594 0.5118, 0.3504 -0.5216 0.5118
            ]
        }
        coordIndex [
            0,1,2,-1,2,3,4,-1,4,3,5,-1,6,7,8,-1,8,0,6,-1,6,0,2,-1,6,2,9,-1,9,2,4,-1,9,4,10,-1,10,4,11,-1,12,13,14,-1,15,16,17,-1,17,16,18,-1,18,19,20,-1,21,22,20,-1,20,22,23,-1,20,23,18,-1,18,23,12,-1,18,12,17,-1,17,12,14,-1,16,24,18,-1,18,24,25,-1,18,25,26,-1,26,25,27,-1,28,29,25,-1,25,24,30,-1,30,24,31,-1,32,33,34,-1,34,28,32,-1,32,28,25,-1,32,25,35,-1,35,25,30,-1,35,30,36,-1,36,30,37,-1,38,39,40,-1,41,42,43,-1,43,42,44,-1,44,45,46,-1,47,48,46,-1,46,48,49,-1,46,49,44,-1,44,49,38,-1,44,38,43,-1,43,38,40,-1,42,50,44,-1,44,50,51,-1,44,51,52,-1,52,51,53,-1,54,55,51,-1,51,50,56,-1,56,50,57,-1,58,59,60,-1,60,54,58,-1,58,54,51,-1,58,51,61,-1,61,51,56,-1,61,56,62,-1,62,56,63,-1,
        ]
    }
}
Shape{
    appearance Appearance {
        material  Material 	{
            diffuseColor 0.2235294117647059 0.2235294117647059 0.2235294117647059
            specularColor 0.11372549019607843 0.11372549019607843 0.11372549019607843
            ambientIntensity 0.2235
            transparency 0.0
            shininess 0.5
        }
    }
    geometry IndexedFaceSet {
        ccw TRUE
        solid FALSE
        coord DEF co Coordinate {
            point [
                0.565 -0.6594 0.4921, 0.565 -0.5216 0.4921, 0.998 -1.0059 0.4921, 0.3504 -0.5216 0.4921, 0.3504 -0.5188 0.4921, 1.2028 -0.5188 0.4921, 0.565 -1.0059 0.4921, 0.3504 -1.0059 0.4921, 0.3504 -0.6594 0.4921, 1.1161 -1.0059 0.4921, 0.998 -0.6594 0.4921, 0.998 -0.5216 0.4921, -0.878 -0.5216 0.4921, -0.9882 -0.5216 0.4921, -0.9882 -0.5188 0.4921, -0.437 -0.5216 0.4921, -0.437 -0.5188 0.4921, -0.2224 -0.5216 0.4921, 0.2126 -0.5188 0.4921, 1.2028 -1.0988 0.4921, 1.1161 -0.6594 0.4921, 1.1161 -0.5216 0.4921, -0.685 -1.1437 0.4921, -0.878 -1.1437 0.4921, -0.685 -1.0059 0.4921, -0.878 -1.0059 0.4921, -0.9882 -1.0059 0.4921, -0.9882 -0.6594 0.4921, -0.878 -0.6594 0.4921, 0.2126 -0.5216 0.4921, 0.1024 -0.5216 0.4921, 0.1024 -1.1437 0.4921, -0.2224 -1.1437 0.4921, 0.1024 -1.0059 0.4921, -0.2224 -1.1429 0.4921, -0.2224 -1.0059 0.4921, 0.1024 -0.6594 0.4921, -0.2224 -0.6594 0.4921, 0.2126 -0.6594 0.4921, 0.2126 -1.0059 0.4921, -0.437 -0.6594 0.4921, -0.437 -1.0059 0.4921, -0.437 -1.1437 0.4921, -0.437 -1.3755 0.4921, -0.4685 -1.462 0.4921, 0.2126 -1.1437 0.4921, 0.565 -1.1437 0.4921, 0.998 -1.1437 0.4921, 1.2099 -1.1356 0.4921, 1.2199 -1.1543 0.4921, 1.1161 -1.1437 0.4921, -0.5748 -0.5188 0.4921, -0.5748 -0.5216 0.4921, -0.685 -0.5216 0.4921, -1.2099 -1.1356 0.4921, -1.126 -1.1429 0.4921, -1.2199 -1.1543 0.4921, -1.126 -1.3755 0.4921, -0.9882 -1.3755 0.4921, -0.9882 -1.1437 0.4921, 1.2303 -1.5728 0.4921, 0.3504 -1.2126 0.4921, 0.3504 -1.1437 0.4921, 1.2337 -1.1705 0.4921, 1.2894 -1.2619 0.4921, 1.2894 -1.4252 0.4921, -0.685 -0.6594 0.4921, -0.5748 -0.6594 0.4921, -0.5748 -1.0059 0.4921, -1.2584 -1.1902 0.4921, -1.246 -1.1803 0.4921, -1.2337 -1.1705 0.4921, -1.2028 -0.5188 0.4921, -1.126 -0.5188 0.4921, -1.2028 -1.0988 0.4921, -1.2041 -1.1152 0.4921, 1.2041 -1.1152 0.4921, -1.0197 -1.462 0.4921, -0.5433 -1.462 0.4921, -0.5748 -1.3755 0.4921, -0.5748 -1.1437 0.4921, -1.0945 -1.462 0.4921, -1.2303 -1.5728 0.4921, 0.2126 -1.2126 0.4921, 0.2441 -1.2992 0.4921, 0.3189 -1.2992 0.4921, 1.246 -1.1803 0.4921, 1.2584 -1.1902 0.4921, 1.288 -1.2456 0.4921, 1.2722 -1.2064 0.4921, 1.2822 -1.2251 0.4921, -1.2894 -1.4252 0.4921, -1.2894 -1.2619 0.4921, -1.288 -1.2456 0.4921, -1.2822 -1.2251 0.4921, -1.2722 -1.2064 0.4921
            ]
        }
        coordIndex [
            0,1,2,-1,3,4,1,-1,1,4,5,-1,6,7,8,-1,9,2,10,-1,10,2,1,-1,10,1,11,-1,11,1,5,-1,12,13,14,-1,15,16,17,-1,17,16,18,-1,19,20,5,-1,5,20,21,-1,5,21,11,-1,22,23,24,-1,24,23,25,-1,26,27,25,-1,25,27,28,-1,18,29,30,-1,31,32,33,-1,33,32,34,-1,33,34,35,-1,18,30,17,-1,17,30,36,-1,17,36,37,-1,38,39,36,-1,36,39,33,-1,36,33,37,-1,37,33,35,-1,37,35,40,-1,40,35,41,-1,42,32,43,-1,43,32,31,-1,43,31,44,-1,44,31,45,-1,8,0,6,-1,6,0,2,-1,6,2,46,-1,46,2,47,-1,48,49,50,-1,51,52,53,-1,54,55,56,-1,56,55,57,-1,58,59,23,-1,47,60,46,-1,46,60,61,-1,46,61,62,-1,49,63,50,-1,50,63,64,-1,50,64,47,-1,47,64,65,-1,47,65,60,-1,14,51,12,-1,12,51,53,-1,12,53,28,-1,28,53,66,-1,28,66,25,-1,25,66,67,-1,25,67,24,-1,24,67,68,-1,69,70,57,-1,57,70,71,-1,57,71,56,-1,72,73,74,-1,74,73,55,-1,74,55,75,-1,75,55,54,-1,10,20,9,-1,9,20,19,-1,9,19,50,-1,50,19,76,-1,50,76,48,-1,77,58,78,-1,78,58,23,-1,78,23,79,-1,79,23,22,-1,79,22,80,-1,57,81,82,-1,82,81,77,-1,82,77,60,-1,60,77,78,-1,60,78,44,-1,45,83,44,-1,44,83,84,-1,44,84,60,-1,60,84,85,-1,60,85,61,-1,63,86,64,-1,64,86,87,-1,64,87,88,-1,88,87,89,-1,88,89,90,-1,82,91,57,-1,57,91,92,-1,57,92,93,-1,93,94,57,-1,57,94,95,-1,57,95,69,-1,
        ]
    }
}
Shape{
    appearance Appearance {
        material  Material 	{
            diffuseColor 0.9686274509803922 0.8784313725490196 0.6
            specularColor 0.6784313725490196 0.615686274509804 0.4196078431372549
            ambientIntensity 0.8737
            transparency 0.0
            shininess 0.5
        }
    }
    geometry IndexedFaceSet {
        ccw TRUE
        solid FALSE
        coord DEF co Coordinate {
            point [
                -1.126 -0.5188 0.4921, -1.126 -0.5009 0.4724, -1.126 -1.1429 0.4921, -1.126 -1.3755 0.4724, -1.126 -1.3755 0.4921, -0.9882 -0.5009 0.4724, -0.9882 -1.3755 0.4724, -1.0945 -1.462 0.4724, -1.0197 -1.462 0.4724
            ]
        }
        coordIndex [
            0,1,2,-1,2,1,3,-1,2,3,4,-1,1,5,3,-1,3,5,6,-1,3,6,7,-1,7,6,8,-1,
        ]
    }
}
Shape{
    appearance Appearance {
        material  Material 	{
            diffuseColor 0.2235294117647059 0.2235294117647059 0.2235294117647059
            specularColor 0.11372549019607843 0.11372549019607843 0.11372549019607843
            ambientIntensity 0.2235
            transparency 0.0
            shininess 0.5
        }
    }
    geometry IndexedFaceSet {
        ccw TRUE
        solid FALSE
        coord DEF co Coordinate {
            point [
                1.2028 -0.4219 0.3856, 1.2028 -0.2932 0.3856, 1.2028 -0.5188 0.4921, 1.2028 -0.2932 0.5709, 1.2028 -1.0988 0.4921, 1.2028 -1.0988 0.5709, 1.2028 -1.0988 0.7283, 1.2028 -1.0988 0.6496, 1.2028 -0.5188 0.7283, 1.2028 -0.2932 0.6496, 1.2028 -0.4219 0.8349, 1.2028 -0.2932 0.8349, 1.2117 -0.2932 0.8312, 1.2598 -0.2932 0.6496, 1.3147 -0.2932 0.6973, 1.3024 -0.2932 0.7395, 1.2802 -0.2932 0.7773, 1.2493 -0.2932 0.8086, 1.2598 -0.2932 0.5709, 1.3169 -0.2932 0.5512, 1.3169 -0.2932 0.6691, 1.2112 -0.2932 0.3891, 1.2487 -0.2932 0.4114, 1.2795 -0.2932 0.4423, 1.3019 -0.2932 0.4797, 1.3144 -0.2932 0.5215, -0.8445 -0.1929 0.6496, -0.8819 -0.1929 0.6496, -0.8819 -0.1929 0.8465, -0.6713 -0.1929 0.8465, -0.6713 -0.1929 0.6496, -0.7087 -0.1929 0.6496, -0.7382 -0.1929 0.4528, -0.815 -0.1929 0.4528, -0.7087 -0.1929 0.5906, -0.8445 -0.1929 0.5906, -0.6713 0.0237 0.6496, -0.6713 0.0237 0.8465, -0.7087 0.0237 0.6496, -0.8819 0.0237 0.8465, -0.8819 0.0237 0.6496, -0.8445 0.0237 0.6496, -0.815 0.0237 0.4528, -0.7382 0.0237 0.4528, -0.8445 0.0237 0.5906, -0.7087 0.0237 0.5906, -0.3504 0.0237 0.6496, -0.2854 0.0237 0.6496, -0.2854 0.0237 0.8465, -0.502 0.0237 0.8465, -0.502 0.0237 0.6496, -0.437 0.0237 0.6496, -0.3504 0.0237 0.5906, -0.437 0.0237 0.5906, -0.3799 0.0237 0.4528, -0.4075 0.0237 0.4528, -0.502 -0.1929 0.6496, -0.502 -0.1929 0.8465, -0.437 -0.1929 0.6496, -0.2854 -0.1929 0.8465, -0.2854 -0.1929 0.6496, -0.3504 -0.1929 0.6496, -0.3799 -0.1929 0.4528, -0.4075 -0.1929 0.4528, -0.3504 -0.1929 0.5906, -0.437 -0.1929 0.5906, 0.0984 0.0237 0.6496, 0.1358 0.0237 0.6496, 0.1358 0.0237 0.8465, -0.1358 0.0237 0.8465, -0.1358 0.0237 0.6496, -0.0984 0.0237 0.6496, 0.0984 0.0237 0.5906, -0.0984 0.0237 0.5906, 0.0689 0.0237 0.4528, -0.0689 0.0237 0.4528, -0.1358 -0.1929 0.6496, -0.1358 -0.1929 0.8465, -0.0984 -0.1929 0.6496, 0.1358 -0.1929 0.8465, 0.1358 -0.1929 0.6496, 0.0984 -0.1929 0.6496, 0.0689 -0.1929 0.4528, -0.0689 -0.1929 0.4528, 0.0984 -0.1929 0.5906, -0.0984 -0.1929 0.5906, 0.437 0.0237 0.6496, 0.502 0.0237 0.6496, 0.502 0.0237 0.8465, 0.2854 0.0237 0.8465, 0.2854 0.0237 0.6496, 0.3504 0.0237 0.6496, 0.437 0.0237 0.5906, 0.3504 0.0237 0.5906, 0.4075 0.0237 0.4528, 0.3799 0.0237 0.4528, 0.2854 -0.1929 0.6496, 0.2854 -0.1929 0.8465, 0.3504 -0.1929 0.6496, 0.502 -0.1929 0.8465, 0.502 -0.1929 0.6496, 0.437 -0.1929 0.6496, 0.4075 -0.1929 0.4528, 0.3799 -0.1929 0.4528, 0.437 -0.1929 0.5906, 0.3504 -0.1929 0.5906, 0.8642 0.0237 0.6496, 0.9016 0.0237 0.6496, 0.9016 0.0237 0.8465, 0.6713 0.0237 0.8465, 0.6713 0.0237 0.6496, 0.7087 0.0237 0.6496, 0.7382 0.0237 0.4528, 0.8346 0.0237 0.4528, 0.7087 0.0237 0.5906, 0.8642 0.0237 0.5906, 0.6713 -0.1929 0.6496, 0.6713 -0.1929 0.8465, 0.7087 -0.1929 0.6496, 0.9016 -0.1929 0.8465, 0.9016 -0.1929 0.6496, 0.8642 -0.1929 0.6496, 0.8346 -0.1929 0.4528, 0.7382 -0.1929 0.4528, 0.8642 -0.1929 0.5906, 0.7087 -0.1929 0.5906, 1.126 -0.5009 0.748, 1.126 -0.5188 0.7283, -0.2126 -0.5009 0.748, -0.2126 -0.5188 0.7283, 0.437 -0.5188 0.7283, 1.1769 -0.415 0.8426, 1.1696 -0.414 0.8435, -1.1398 -0.4114 0.8465, -1.1662 -0.4132 0.8445, -1.2028 -0.5188 0.7283, -1.1694 -0.4139 0.8438, -1.192 -0.4186 0.8386, -1.2028 -0.4219 0.8349, 0.5748 -0.5188 0.7283, 0.9882 -0.5188 0.7283, 0.5748 -0.5009 0.748, 0.9882 -0.5009 0.748, 1.1507 -0.4117 0.8461, 1.1398 -0.4114 0.8465, -0.2106 -0.4114 0.8465, 0.437 -0.5009 0.748, -0.3504 -0.5009 0.748, -0.3504 -0.5188 0.7283, -1.2028 -0.2932 0.8349, -1.2028 -0.2932 0.6496, -1.2028 -1.0988 0.7283, -1.2028 -1.0988 0.6496, -1.2112 -0.2932 0.8314, -1.2487 -0.2932 0.809, -1.2598 -0.2932 0.5709, -1.3147 -0.2932 0.5231, -1.2028 -0.2932 0.5709, -1.3024 -0.2932 0.481, -1.2802 -0.2932 0.4431, -1.2598 -0.2932 0.6496, -1.3169 -0.2932 0.6693, -1.3169 -0.2932 0.5514, -1.2795 -0.2932 0.7782, -1.3019 -0.2932 0.7407, -1.3144 -0.2932 0.699, -1.2493 -0.2932 0.4119, -1.2117 -0.2932 0.3893, -1.2028 -0.2932 0.3856, -1.2028 -1.0988 0.4921, -1.2028 -1.0988 0.5709, -1.2028 -0.5188 0.4921, -1.2028 -0.4219 0.3856, -0.5748 -0.5188 0.4921, -0.9882 -0.5188 0.4921, -0.5748 -0.5009 0.4724, -0.9882 -0.5009 0.4724, 1.192 -0.4186 0.3819, 1.1694 -0.4139 0.3767, 0.3504 -0.5188 0.4921, 1.1398 -0.4114 0.374, 1.1662 -0.4132 0.376, 0.2126 -0.5188 0.4921, -0.437 -0.5188 0.4921, 0.2126 -0.5009 0.4724, -0.437 -0.5009 0.4724, 0.3504 -0.5009 0.4724, -1.1398 -0.4114 0.374, -1.126 -0.5188 0.4921, -1.126 -0.5009 0.4724, -1.1769 -0.415 0.3779, -1.1507 -0.4117 0.3743, -1.1696 -0.414 0.3769, 1.2659 0.2859 0.6496, 1.2872 0.267 0.6496, 1.3124 0.2538 0.6496, 1.4589 0.4191 0.6496, 1.469 0.3359 0.6496, 1.469 0.3925 0.6496, 1.4724 0.3642 0.6496, 1.4427 0.4425 0.6496, 1.4214 0.4614 0.6496, 1.3962 0.4746 0.6496, 1.3686 0.4814 0.6496, 1.3401 0.4814 0.6496, 1.3124 0.4746 0.6496, 1.2872 0.4614 0.6496, 1.2659 0.4425 0.6496, 1.2497 0.4191 0.6496, 1.3401 0.2469 0.6496, 1.3686 0.2469 0.6496, 1.2362 0.3642 0.6496, 1.3962 0.2538 0.6496, 1.4214 0.267 0.6496, 1.4427 0.2859 0.6496, 1.2397 0.3925 0.6496, 1.4589 0.3093 0.6496, 1.2497 0.3093 0.6496, 1.2397 0.3359 0.6496, -1.2362 0.3642 0.6496, -1.2397 0.3925 0.6496, -1.469 0.3925 0.6496, -1.4589 0.3093 0.6496, -1.4427 0.2859 0.6496, -1.2397 0.3359 0.6496, -1.469 0.3359 0.6496, -1.4724 0.3642 0.6496, -1.3962 0.2538 0.6496, -1.3686 0.2469 0.6496, -1.3401 0.2469 0.6496, -1.2872 0.4614 0.6496, -1.3124 0.4746 0.6496, -1.2659 0.4425 0.6496, -1.3401 0.4814 0.6496, -1.3686 0.4814 0.6496, -1.2497 0.4191 0.6496, -1.4589 0.4191 0.6496, -1.4427 0.4425 0.6496, -1.4214 0.267 0.6496, -1.3962 0.4746 0.6496, -1.4214 0.4614 0.6496, -1.3124 0.2538 0.6496, -1.2872 0.267 0.6496, -1.2659 0.2859 0.6496, -1.2497 0.3093 0.6496, 1.6339 0.5631 0.6496, 1.6339 0.5631 0.5709, 1.6339 0.6812 0.6496, 1.6339 0.6812 0.5709, -0.4331 0.3248 0.8937, -0.9449 0.3248 0.8937, -0.4331 0.128 0.8937, -0.9449 0.128 0.8937, 0.9449 0.3248 0.8937, 0.4331 0.3248 0.8937, 0.9449 0.128 0.8937, 0.4331 0.128 0.8937, 1.1694 0.128 0.3765, 1.2112 0.128 0.3891, 1.2487 0.128 0.4114, 1.2795 0.128 0.4423, 1.3019 0.128 0.4797, 1.3144 0.128 0.5215, 1.3169 0.128 0.5512, 1.1398 0.128 0.374, 1.3169 0.128 0.6693, 1.2117 0.128 0.8312, 1.1696 0.128 0.8439, 1.1398 -0.3021 0.8465, 1.1398 0.128 0.8465, 1.2493 0.128 0.8086, 1.2802 0.128 0.7773, 1.3024 0.128 0.7395, 1.3147 0.128 0.6973, -1.1398 -0.3021 0.8465, -0.2106 0.128 0.8465, -0.2106 -0.3021 0.8465, -1.1398 0.128 0.8465, -1.1694 0.128 0.844, -1.2112 0.128 0.8314, -1.2487 0.128 0.809, -1.2795 0.128 0.7782, -1.3019 0.128 0.7407, -1.3144 0.128 0.699, -1.3169 0.128 0.6693, -1.3169 0.128 0.5512, -1.2117 0.128 0.3893, -1.2493 0.128 0.4119, -1.2802 0.128 0.4431, -1.3024 0.128 0.481, -1.3147 0.128 0.5231, -1.1696 0.128 0.3766, -1.1398 0.128 0.374, -1.4589 0.3093 0.5709, -1.469 0.3359 0.5709, -1.2497 0.3093 0.5709, -1.472 0.3748 0.5709, -1.2367 0.3748 0.5709, -1.4724 0.3642 0.5709, -1.2362 0.3642 0.5709, -1.2397 0.3359 0.5709, -1.3543 0.4823 0.5709, -1.3255 0.4787 0.5709, -1.2984 0.4682 0.5709, -1.2746 0.4514 0.5709, -1.3686 0.2469 0.5709, -1.3962 0.2538 0.5709, -1.4529 0.4293 0.5709, -1.434 0.4514 0.5709, -1.4103 0.4682 0.5709, -1.2558 0.4293 0.5709, -1.2428 0.4032 0.5709, -1.4658 0.4032 0.5709, -1.3832 0.4787 0.5709, -1.2659 0.2859 0.5709, -1.2872 0.267 0.5709, -1.3124 0.2538 0.5709, -1.3401 0.2469 0.5709, -1.4214 0.267 0.5709, -1.4427 0.2859 0.5709, 1.2746 0.277 0.5709, 1.2558 0.2991 0.5709, 1.4103 0.2602 0.5709, 1.2367 0.3536 0.5709, 1.4658 0.3252 0.5709, 1.4529 0.2991 0.5709, 1.3832 0.2497 0.5709, 1.3543 0.2461 0.5709, 1.3255 0.2497 0.5709, 1.2428 0.4032 0.5709, 1.3543 0.4823 0.5709, 1.2367 0.3748 0.5709, 1.3832 0.4787 0.5709, 1.2428 0.3252 0.5709, 1.434 0.277 0.5709, 1.2558 0.4293 0.5709, 1.2746 0.4514 0.5709, 1.3255 0.4787 0.5709, 1.2984 0.4682 0.5709, 1.4103 0.4682 0.5709, 1.434 0.4514 0.5709, 1.4529 0.4293 0.5709, 1.4658 0.4032 0.5709, 1.472 0.3748 0.5709, 1.2362 0.3642 0.5709, 1.4724 0.3642 0.5709, 1.472 0.3536 0.5709, 1.2984 0.2602 0.5709, -1.6339 0.6812 0.6496, -1.6339 0.6812 0.5709, -1.6339 0.5631 0.6496, -1.6339 0.5631 0.5709, 1.2165 0.131 1.0518, 1.2165 0.1298 1.0484, 1.2715 0.1298 1.0441, 1.5992 0.1444 0.6969, 1.5999 0.1449 0.6969, 1.5952 0.1449 0.7568, 1.2809 0.1891 1.1032, 1.2812 0.2067 1.1051, 1.2165 0.2067 1.1102, 1.6284 0.1935 0.6969, 1.6299 0.2067 0.6969, 1.6248 0.2067 0.7615, 1.5471 0.128 0.7492, 1.5638 0.1298 0.7518, 1.5509 0.1298 0.8055, 1.5512 0.128 0.6975, 1.5636 0.1293 0.697, 1.5348 0.128 0.8003, 1.5298 0.1298 0.8564, 1.5147 0.128 0.8488, 1.5009 0.1298 0.9035, 1.4873 0.128 0.8936, 1.4651 0.1298 0.9454, 1.4532 0.128 0.9335, 1.4232 0.1298 0.9813, 1.4132 0.128 0.9676, 1.3761 0.1298 1.0101, 1.3685 0.128 0.995, 1.3252 0.1298 1.0312, 1.3199 0.128 1.0151, 1.2689 0.128 1.0274, 1.2165 0.128 1.0315, 1.6229 0.1748 0.6969, 1.6279 0.1891 0.6969, 1.6229 0.1891 0.7612, 1.6183 0.2067 0.7885, 1.6078 0.1891 0.824, 1.6097 0.2067 0.8246, 1.5884 0.2067 0.876, 1.5831 0.1891 0.8836, 1.5849 0.2067 0.8845, 1.551 0.2067 0.9398, 1.5494 0.1891 0.9387, 1.5389 0.2067 0.9539, 1.5074 0.1891 0.9877, 1.5088 0.2067 0.9892, 1.4583 0.1891 1.0297, 1.4736 0.2067 1.0193, 1.4595 0.2067 1.0313, 1.4042 0.2067 1.0652, 1.4033 0.1891 1.0634, 1.3957 0.2067 1.0687, 1.3437 0.1891 1.0881, 1.3443 0.2067 1.09, 1.3082 0.2067 1.0987, 1.617 0.1724 0.7603, 1.622 0.1724 0.6969, 1.6022 0.1724 0.8222, 1.5778 0.1724 0.8809, 1.5446 0.1724 0.9352, 1.5033 0.1724 0.9836, 1.4549 0.1724 1.0249, 1.4006 0.1724 1.0582, 1.3418 0.1724 1.0825, 1.28 0.1724 1.0974, 1.6125 0.1574 0.6969, 1.6077 0.1574 0.7588, 1.613 0.1581 0.6969, 1.2165 0.1891 1.1082, 1.2165 0.1864 1.1073, 1.2165 0.1724 1.1023, 1.2165 0.1676 1.0993, 1.2785 0.1574 1.088, 1.3389 0.1574 1.0735, 1.3963 0.1574 1.0497, 1.4493 0.1574 1.0172, 1.4966 0.1574 0.9769, 1.5369 0.1574 0.9296, 1.5694 0.1574 0.8766, 1.5932 0.1574 0.8192, 1.5812 0.1449 0.8153, 1.5582 0.1449 0.8709, 1.5267 0.1449 0.9222, 1.4876 0.1449 0.968, 1.4419 0.1449 1.007, 1.3906 0.1449 1.0385, 1.335 0.1449 1.0615, 1.2765 0.1449 1.0755, 1.5823 0.1347 0.6969, 1.5849 0.1355 0.6969, 1.5803 0.1355 0.7545, 1.2165 0.1574 1.0929, 1.2165 0.1514 1.0868, 1.2165 0.1449 1.0803, 1.2165 0.1389 1.0706, 1.5668 0.1355 0.8107, 1.5447 0.1355 0.8641, 1.5145 0.1355 0.9134, 1.477 0.1355 0.9573, 1.433 0.1355 0.9948, 1.3838 0.1355 1.025, 1.3304 0.1355 1.0472, 1.2742 0.1355 1.0606, 1.2165 0.1355 1.0652, 1.5681 0.1298 0.6969, 1.2362 0.3642 1.1098, 1.2396 0.3924 1.1096, 1.2397 0.3925 1.1096, 1.25 0.4196 1.1089, 1.2498 0.4191 1.1089, 1.2879 0.4619 1.104, 1.2873 0.4613 1.1041, 1.2665 0.4432 1.1072, 1.266 0.4424 1.1073, 1.3133 0.4749 1.0988, 1.3125 0.4745 1.0989, 1.3085 0.4725 1.0998, 1.3416 0.4816 1.0909, 1.3401 0.4813 1.0913, 1.3958 0.4741 1.0691, 1.3705 0.4812 1.0805, 1.3686 0.4812 1.0812, 1.3961 0.4741 1.069, 1.401 0.4727 1.0668, 1.421 0.4607 1.0559, 1.4583 0.4187 1.0321, 1.4497 0.4338 1.0382, 1.4421 0.4419 1.0431, 1.4284 0.4562 1.0518, 1.4724 0.3642 1.0215, 1.4702 0.3871 1.0233, 1.4686 0.3923 1.0245, 1.463 0.4104 1.0287, 1.4702 0.3412 1.0233, 1.4686 0.336 1.0245, 1.463 0.318 1.0287, 1.4583 0.3096 1.0321, 1.4497 0.2945 1.0382, 1.4421 0.2865 1.0431, 1.4283 0.2721 1.0519, 1.421 0.2677 1.0559, 1.401 0.2557 1.0668, 1.3961 0.2543 1.069, 1.3958 0.2542 1.0691, 1.3705 0.2472 1.0805, 1.3416 0.2468 1.0909, 1.3686 0.2472 1.0812, 1.3133 0.2534 1.0988, 1.3401 0.2471 1.0913, 1.2873 0.2671 1.1041, 1.2879 0.2665 1.104, 1.3085 0.2559 1.0998, 1.3125 0.2538 1.0989, 1.2665 0.2852 1.1072, 1.266 0.2859 1.1073, 1.25 0.3088 1.1089, 1.2498 0.3093 1.1089, 1.2397 0.3359 1.1096, 1.2397 0.3359 1.1096, -0.7766 0.6791 0.9181, -0.6772 0.6791 1.0315, -0.4921 0.6791 1.0315, -0.4921 0.6791 0.874, -0.8773 0.6791 0.874, -0.8417 0.6791 0.9752, -0.8773 0.6791 1.0315, -0.7923 0.6791 1.0315, 0.9449 0.2067 1.1102, 0.9449 0.1863 1.1076, 0.9449 0.1673 1.0997, 0.9449 0.151 1.0872, 0.9449 0.1385 1.0709, 0.9449 0.1306 1.0519, 0.9449 0.128 1.0315, 0.9449 0.3248 1.1102, 0.4331 0.3248 1.1102, 0.4331 0.2067 1.1102, 0.4331 0.1892 1.1083, 0.4331 0.1299 1.049, 0.4331 0.128 1.0315, 0.4331 0.1725 1.1024, 0.4331 0.1576 1.0931, 0.4331 0.1358 1.0657, 0.4331 0.1451 1.0806, -0.4331 0.2067 1.1102, -0.4331 0.1892 1.1083, -0.4331 0.1725 1.1024, -0.4331 0.1576 1.0931, -0.4331 0.1451 1.0806, -0.4331 0.1358 1.0657, -0.4331 0.1299 1.049, -0.4331 0.128 1.0315, -0.4331 0.3248 1.1102, -0.9449 0.3248 1.1102, -0.9262 0.3248 1.1102, -0.9449 0.2067 1.1102, -0.9449 0.1892 1.1083, -0.9449 0.1299 1.049, -0.9449 0.128 1.0315, -0.9449 0.1725 1.1024, -0.9449 0.1576 1.0931, -0.9449 0.1358 1.0657, -0.9449 0.1451 1.0806, -1.2165 0.2067 1.1102, -1.2165 0.1892 1.1083, -1.2165 0.1891 1.1082, -1.2165 0.1726 1.1024, -1.2165 0.1723 1.1023, -1.2165 0.1576 1.093, -1.2165 0.1574 1.0929, -1.2165 0.1452 1.0806, -1.2165 0.1449 1.0802, -1.2165 0.1358 1.0656, -1.2165 0.1355 1.0652, -1.2165 0.128 1.0315, -1.2165 0.1298 1.0484, -1.2165 0.13 1.049, -0.8773 0.6004 1.1102, -0.4921 0.6004 1.1102, 0.6772 0.6791 1.0315, 0.4921 0.6791 1.0315, 0.4921 0.6004 1.1102, 0.7923 0.6791 1.0315, 0.8773 0.6004 1.1102, 0.8773 0.6791 1.0315, -1.613 0.1581 0.6969, -1.6125 0.1574 0.6969, -1.6077 0.1574 0.7588, -1.28 0.1723 1.0974, -1.2689 0.128 1.0274, -1.2715 0.1298 1.0441, -1.3252 0.1298 1.0312, -1.5637 0.1298 0.7518, -1.5681 0.1298 0.6969, -1.5636 0.1293 0.6969, -1.3199 0.128 1.0151, -1.3761 0.1298 1.0101, -1.3685 0.128 0.995, -1.4232 0.1298 0.9812, -1.4132 0.128 0.9676, -1.4651 0.1298 0.9454, -1.4532 0.128 0.9335, -1.5009 0.1298 0.9035, -1.4873 0.128 0.8936, -1.5297 0.1298 0.8564, -1.5147 0.128 0.8488, -1.5509 0.1298 0.8055, -1.5348 0.128 0.8003, -1.5471 0.128 0.7492, -1.5512 0.128 0.6971, -1.2809 0.1891 1.1032, -1.2812 0.2067 1.1051, -1.3082 0.2067 1.0987, -1.3437 0.1891 1.0881, -1.3443 0.2067 1.09, -1.3957 0.2067 1.0687, -1.4033 0.1891 1.0634, -1.4042 0.2067 1.0652, -1.4595 0.2067 1.0313, -1.4583 0.1891 1.0297, -1.4736 0.2067 1.0193, -1.5074 0.1891 0.9877, -1.5088 0.2067 0.9892, -1.5494 0.1891 0.9387, -1.5389 0.2067 0.9539, -1.551 0.2067 0.9398, -1.5849 0.2067 0.8845, -1.5831 0.1891 0.8836, -1.5884 0.2067 0.876, -1.6078 0.1891 0.824, -1.6097 0.2067 0.8246, -1.6229 0.1891 0.7612, -1.6183 0.2067 0.7885, -1.6248 0.2067 0.7615, -1.6299 0.2067 0.6969, -1.6284 0.1935 0.6969, -1.6279 0.1891 0.6969, -1.6229 0.1748 0.6969, -1.3418 0.1723 1.0825, -1.4006 0.1723 1.0581, -1.4549 0.1723 1.0249, -1.5033 0.1723 0.9836, -1.5446 0.1723 0.9352, -1.5778 0.1723 0.8809, -1.6022 0.1723 0.8222, -1.617 0.1723 0.7603, -1.622 0.1723 0.6969, -1.2785 0.1574 1.088, -1.3389 0.1574 1.0735, -1.3963 0.1574 1.0497, -1.4493 0.1574 1.0172, -1.4966 0.1574 0.9769, -1.5369 0.1574 0.9296, -1.5694 0.1574 0.8766, -1.5932 0.1574 0.8192, -1.2765 0.1449 1.0755, -1.5952 0.1449 0.7568, -1.5812 0.1449 0.8153, -1.5581 0.1449 0.8709, -1.5267 0.1449 0.9222, -1.4876 0.1449 0.968, -1.4419 0.1449 1.007, -1.3906 0.1449 1.0385, -1.335 0.1449 1.0615, -1.2742 0.1355 1.0606, -1.3304 0.1355 1.0471, -1.3837 0.1355 1.025, -1.433 0.1355 0.9948, -1.477 0.1355 0.9573, -1.5145 0.1355 0.9133, -1.5447 0.1355 0.8641, -1.5668 0.1355 0.8107, -1.5803 0.1355 0.7545, -1.5999 0.1449 0.6969, -1.5992 0.1444 0.6969, -1.5849 0.1355 0.6969, -1.5823 0.1347 0.6969, -1.2362 0.3642 1.1098, -1.2396 0.3359 1.1096, -1.2397 0.3359 1.1096, -1.25 0.3088 1.1089, -1.2498 0.3093 1.1089, -1.2879 0.2665 1.104, -1.2873 0.2671 1.1041, -1.2665 0.2852 1.1072, -1.266 0.2859 1.1073, -1.3133 0.2535 1.0988, -1.3125 0.2538 1.0989, -1.3085 0.2559 1.0998, -1.3416 0.2468 1.0909, -1.3401 0.2471 1.0913, -1.3958 0.2542 1.0691, -1.3705 0.2472 1.0805, -1.3686 0.2472 1.0812, -1.3961 0.2543 1.069, -1.401 0.2557 1.0668, -1.421 0.2677 1.0559, -1.4583 0.3096 1.0321, -1.4497 0.2946 1.0382, -1.4421 0.2865 1.0431, -1.4284 0.2721 1.0518, -1.4724 0.3642 1.0215, -1.4702 0.3412 1.0233, -1.4686 0.336 1.0245, -1.463 0.318 1.0287, -1.4702 0.3872 1.0233, -1.4686 0.3923 1.0245, -1.463 0.4104 1.0287, -1.4583 0.4187 1.0321, -1.4497 0.4338 1.0382, -1.4421 0.4419 1.0431, -1.4283 0.4563 1.0519, -1.421 0.4607 1.0559, -1.401 0.4727 1.0668, -1.3961 0.4741 1.069, -1.3958 0.4741 1.0691, -1.3705 0.4812 1.0805, -1.3416 0.4816 1.0909, -1.3686 0.4812 1.0812, -1.3133 0.4749 1.0988, -1.3401 0.4813 1.0913, -1.2873 0.4613 1.1041, -1.2879 0.4619 1.104, -1.3085 0.4725 1.0998, -1.3125 0.4745 1.0989, -1.2665 0.4432 1.1072, -1.266 0.4424 1.1073, -1.25 0.4196 1.1089, -1.2498 0.419 1.1089, -1.2397 0.3925 1.1096, -1.2397 0.3925 1.1096, 1.5553 0.1281 0.5214, 1.5523 0.128 0.5182, 1.5511 0.128 0.5165, 1.5577 0.1282 0.5229, 1.5597 0.1284 0.5236, 1.5637 0.129 0.524, 1.5637 0.129 0.524, 1.5644 0.1291 0.524, 1.5804 0.1336 0.5235, 1.5823 0.1346 0.5236, 1.5828 0.1349 0.5236, 1.5966 0.1424 0.5236, 1.599 0.1445 0.5236, 1.5993 0.1449 0.5236, 1.6102 0.1546 0.5236, 1.6127 0.1583 0.5236, 1.6129 0.1586 0.5236, 1.621 0.1703 0.5236, 1.6227 0.1749 0.5236, 1.6228 0.1751 0.5236, 1.6277 0.188 0.5236, 1.6283 0.1935 0.5236, 1.6283 0.1936 0.5236, 1.6299 0.2067 0.5236, 1.6329 0.69 0.5709, 1.6299 0.6984 0.5709, 1.6299 0.546 0.5709, 1.6329 0.5543 0.5709, 1.6299 0.6984 0.6496, 1.6329 0.69 0.6496, 1.6329 0.5543 0.6496, 1.6299 0.546 0.6496, 1.2165 0.2067 0.1102, 1.2165 0.1935 0.1113, 0.9449 0.2067 0.1102, 0.9449 0.1892 0.1122, 1.2165 0.1893 0.1126, 1.2165 0.1749 0.1169, 0.9449 0.1725 0.118, 1.2165 0.1727 0.1183, 1.2165 0.1583 0.1269, 0.9449 0.1576 0.1274, 1.2165 0.1577 0.1275, 1.2165 0.1452 0.14, 1.2165 0.1446 0.1406, 0.9449 0.1358 0.1548, 0.9449 0.1451 0.1399, 1.2165 0.136 0.155, 1.2165 0.1347 0.1572, 0.9449 0.1299 0.1715, 1.2165 0.128 0.189, 0.9449 0.128 0.189, 1.2165 0.1291 0.1758, 1.2165 0.1303 0.1716, 0.9449 0.128 0.3268, 0.9449 0.3248 0.3268, 0.9449 0.3248 0.1102, 0.7674 0.3248 0.2995, 0.7996 0.3248 0.2896, 0.5184 0.3248 0.2096, 0.5347 0.3248 0.2374, 0.4331 0.3248 0.3268, 0.5569 0.3248 0.2628, 0.5853 0.3248 0.2831, 0.8297 0.3248 0.2718, 0.8556 0.3248 0.2473, 0.8793 0.3248 0.2096, 0.9262 0.3248 0.1102, 0.9248 0.3248 0.1115, 0.9232 0.3248 0.113, 0.9221 0.3248 0.1147, 0.92 0.3248 0.118, 0.9204 0.3248 0.1172, 0.6182 0.3248 0.2968, 0.6623 0.3248 0.3032, 0.7354 0.3248 0.3032, 0.4331 0.3248 0.1102, 0.4715 0.3248 0.1102, 0.4722 0.3248 0.1108, 0.4746 0.3248 0.1133, 0.475 0.3248 0.1137, 0.4776 0.3248 0.118, 0.4331 0.128 0.3268, 0.4331 0.128 0.189, 0.4331 0.2067 0.1102, 0.4331 0.1892 0.1122, 0.4331 0.1299 0.1715, 0.4331 0.1358 0.1548, 0.4331 0.1451 0.1399, 0.4331 0.1576 0.1274, 0.4331 0.1725 0.118, -0.3917 0.2067 0.1102, -0.4331 0.1892 0.1122, -0.4331 0.2067 0.1102, -0.4331 0.1725 0.118, -0.4331 0.1576 0.1274, -0.4331 0.1451 0.1399, -0.4331 0.1358 0.1548, -0.4331 0.1299 0.1715, -0.4331 0.128 0.189, -0.4331 0.128 0.3268, -0.4331 0.3248 0.3268, -0.4331 0.3248 0.1102, -0.9449 0.3248 0.3268, -0.9449 0.3248 0.1102, -0.9449 0.128 0.3268, -1.5079 0.2067 0.2322, -1.4866 0.2067 0.2106, -1.4858 0.1935 0.2115, -1.273 0.2067 0.1153, -1.2492 0.2067 0.1115, -1.2491 0.1935 0.1126, -1.2165 0.1303 0.1716, -1.2165 0.1291 0.1758, -1.244 0.1291 0.1769, -1.6283 0.1935 0.5236, -1.6283 0.1936 0.5236, -1.6279 0.1935 0.4956, -1.6299 0.2067 0.5236, -1.6223 0.1749 0.496, -1.623 0.175 0.5236, -1.6277 0.188 0.5236, -1.6131 0.158 0.5236, -1.6218 0.1719 0.5236, -1.6229 0.1748 0.5236, -1.5987 0.1446 0.4976, -1.5995 0.1447 0.5236, -1.6001 0.145 0.5236, -1.5823 0.1345 0.5236, -1.5835 0.1349 0.5236, -1.5821 0.1347 0.4987, -1.5991 0.1444 0.5236, -1.5636 0.129 0.5239, -1.5644 0.1292 0.5239, -1.5636 0.1291 0.5, -1.5682 0.1298 0.5239, -1.5511 0.128 0.5163, -1.5539 0.128 0.52, -1.5567 0.1282 0.5223, -1.5589 0.1283 0.5234, -1.5613 0.1286 0.5239, -1.5504 0.128 0.5009, -1.5555 0.1291 0.4456, -1.5427 0.128 0.4485, -1.539 0.1291 0.3932, -1.5268 0.128 0.3981, -1.5144 0.1291 0.344, -1.5031 0.128 0.3508, -1.4824 0.1291 0.2993, -1.4723 0.128 0.3078, -1.4437 0.1291 0.2602, -1.4351 0.128 0.2702, -1.3994 0.1291 0.2277, -1.3925 0.128 0.239, -1.3505 0.1291 0.2026, -1.3454 0.128 0.2148, -1.2983 0.1291 0.1855, -1.2952 0.128 0.1984, -1.243 0.128 0.19, -1.2165 0.128 0.189, -1.2165 0.136 0.155, -1.2165 0.1347 0.1572, -1.2455 0.1347 0.1584, -1.2165 0.1577 0.1275, -1.2165 0.1452 0.14, -1.2468 0.1446 0.1418, -1.2165 0.1446 0.1406, -1.2165 0.1727 0.1183, -1.2165 0.1583 0.1269, -1.2479 0.1583 0.1281, -1.2165 0.1893 0.1126, -1.2165 0.1749 0.1169, -1.2487 0.1749 0.1182, -1.2165 0.2067 0.1102, -1.2165 0.1935 0.1113, -1.3137 0.2067 0.1218, -1.3134 0.1935 0.1229, -1.3593 0.2067 0.1367, -1.3754 0.1935 0.1432, -1.3758 0.2067 0.1421, -1.4333 0.1935 0.1729, -1.4339 0.2067 0.172, -1.4391 0.2067 0.1758, -1.5325 0.2067 0.2571, -1.5316 0.1935 0.2578, -1.5641 0.2067 0.3012, -1.5696 0.1935 0.3107, -1.5705 0.2067 0.3102, -1.5987 0.1935 0.369, -1.5997 0.2067 0.3686, -1.629 0.2067 0.4955, -1.6248 0.2067 0.4672, -1.6183 0.1935 0.4311, -1.6194 0.2067 0.4309, -1.6036 0.2067 0.3808, -1.3121 0.1749 0.1283, -1.3732 0.1749 0.1483, -1.4304 0.1749 0.1777, -1.4822 0.1749 0.2157, -1.5274 0.1749 0.2614, -1.5648 0.1749 0.3136, -1.5935 0.1749 0.3711, -1.6129 0.1749 0.4324, -1.3098 0.1583 0.138, -1.3694 0.1583 0.1575, -1.4251 0.1583 0.1861, -1.4757 0.1583 0.2232, -1.5198 0.1583 0.2678, -1.5563 0.1583 0.3187, -1.5843 0.1583 0.3748, -1.6032 0.1583 0.4346, -1.6124 0.1583 0.4966, -1.613 0.158 0.5236, -1.3066 0.1446 0.1513, -1.3641 0.1446 0.1701, -1.4179 0.1446 0.1978, -1.4667 0.1446 0.2336, -1.5093 0.1446 0.2766, -1.5446 0.1446 0.3258, -1.5716 0.1446 0.38, -1.5898 0.1446 0.4377, -1.3027 0.1347 0.1675, -1.3577 0.1347 0.1855, -1.4092 0.1347 0.212, -1.4559 0.1347 0.2462, -1.4966 0.1347 0.2874, -1.5303 0.1347 0.3344, -1.5562 0.1347 0.3862, -1.5736 0.1347 0.4414, -1.2362 0.3642 0.1107, -1.2371 0.3747 0.1108, -1.2379 0.3838 0.1108, -1.2431 0.4031 0.1111, -1.2544 0.4272 0.112, -1.244 0.4064 0.1112, -1.2732 0.4495 0.1142, -1.2686 0.4455 0.1135, -1.2559 0.4291 0.1122, -1.275 0.451 0.1145, -1.2847 0.4596 0.1159, -1.2987 0.4677 0.1187, -1.3059 0.4719 0.1201, -1.3256 0.4784 0.1251, -1.3595 0.4817 0.136, -1.3543 0.4822 0.1339, -1.3535 0.4823 0.1336, -1.3292 0.4796 0.126, -1.3786 0.4798 0.1434, -1.3831 0.4784 0.1454, -1.3988 0.4736 0.1526, -1.41 0.4676 0.1585, -1.4338 0.4511 0.1719, -1.4213 0.4615 0.1645, -1.4527 0.4291 0.1843, -1.4516 0.4312 0.1835, -1.4394 0.4459 0.1754, -1.4383 0.4472 0.1747, -1.4714 0.3747 0.1981, -1.4703 0.3864 0.1972, -1.4653 0.4031 0.1934, -1.4635 0.4093 0.1919, -1.4724 0.3642 0.199, -1.4702 0.3412 0.1972, -1.463 0.318 0.1918, -1.4686 0.336 0.196, -1.4497 0.2945 0.1823, -1.4583 0.3096 0.1884, -1.421 0.2677 0.1646, -1.4283 0.2721 0.1686, -1.4393 0.2836 0.1756, -1.4421 0.2865 0.1774, -1.401 0.2557 0.1537, -1.3961 0.2543 0.1515, -1.3705 0.2472 0.14, -1.3686 0.2472 0.1393, -1.3595 0.247 0.136, -1.3416 0.2468 0.1296, -1.3133 0.2534 0.1217, -1.3401 0.2471 0.1292, -1.2879 0.2665 0.1164, -1.3125 0.2538 0.1216, -1.266 0.2859 0.1132, -1.2665 0.2852 0.1133, -1.2732 0.2794 0.1143, -1.2873 0.2671 0.1164, -1.25 0.3088 0.1116, -1.2498 0.3093 0.1116, -1.2397 0.3359 0.1109, -1.2397 0.3359 0.1109, 1.5636 0.1291 0.4999, 1.5504 0.128 0.5008, 1.5821 0.1347 0.4987, 1.5987 0.1446 0.4975, 1.6124 0.1583 0.4966, 1.6223 0.1749 0.4959, 1.629 0.2067 0.4955, 1.6279 0.1935 0.4955, 1.6248 0.2067 0.4672, 1.6194 0.2067 0.4309, 1.6183 0.1935 0.4311, 1.6036 0.2067 0.3808, 1.5987 0.1935 0.369, 1.5997 0.2067 0.3686, 1.5696 0.1935 0.3107, 1.5705 0.2067 0.3101, 1.4858 0.1935 0.2114, 1.5079 0.2067 0.2322, 1.5316 0.1935 0.2578, 1.5325 0.2067 0.257, 1.5641 0.2067 0.3012, 1.3593 0.2067 0.1367, 1.3758 0.2067 0.1421, 1.3753 0.1935 0.1432, 1.4339 0.2067 0.172, 1.4333 0.1935 0.1729, 1.4391 0.2067 0.1758, 1.4865 0.2067 0.2106, 1.3137 0.2067 0.1218, 1.3134 0.1935 0.1229, 1.273 0.2067 0.1153, 1.2491 0.1935 0.1126, 1.2492 0.2067 0.1115, 1.2487 0.1749 0.1182, 1.2479 0.1583 0.1281, 1.2468 0.1446 0.1418, 1.2455 0.1347 0.1584, 1.243 0.128 0.19, 1.5426 0.128 0.4485, 1.5555 0.1291 0.4456, 1.5267 0.128 0.3981, 1.539 0.1291 0.3931, 1.5031 0.128 0.3508, 1.5144 0.1291 0.344, 1.4723 0.128 0.3078, 1.4824 0.1291 0.2993, 1.4351 0.128 0.2702, 1.4437 0.1291 0.2602, 1.3925 0.128 0.239, 1.3994 0.1291 0.2277, 1.3454 0.128 0.2148, 1.3505 0.1291 0.2026, 1.2952 0.128 0.1984, 1.2983 0.1291 0.1855, 1.244 0.1291 0.1769, 1.6129 0.1749 0.4324, 1.5935 0.1749 0.3711, 1.5648 0.1749 0.3136, 1.5274 0.1749 0.2614, 1.4822 0.1749 0.2157, 1.4304 0.1749 0.1777, 1.3732 0.1749 0.1483, 1.3121 0.1749 0.1283, 1.6032 0.1583 0.4346, 1.5843 0.1583 0.3748, 1.5563 0.1583 0.3187, 1.5198 0.1583 0.2678, 1.4757 0.1583 0.2232, 1.4251 0.1583 0.1861, 1.3694 0.1583 0.1575, 1.3098 0.1583 0.138, 1.5898 0.1446 0.4377, 1.5716 0.1446 0.3799, 1.5445 0.1446 0.3258, 1.5093 0.1446 0.2766, 1.4667 0.1446 0.2336, 1.4179 0.1446 0.1978, 1.3641 0.1446 0.1701, 1.3066 0.1446 0.1513, 1.5736 0.1347 0.4414, 1.5562 0.1347 0.3862, 1.5303 0.1347 0.3344, 1.4966 0.1347 0.2873, 1.4559 0.1347 0.2462, 1.4092 0.1347 0.2119, 1.3577 0.1347 0.1855, 1.3027 0.1347 0.1675, 1.2185 0.4699 0.1102, 1.2185 0.6549 0.1102, 1.2185 0.5335 0.1102, 1.4724 0.3642 0.199, 1.4715 0.3747 0.1982, 1.4703 0.387 0.1973, 1.4529 0.4293 0.1845, 1.4534 0.4286 0.1848, 1.464 0.4085 0.1925, 1.4656 0.4032 0.1937, 1.4394 0.4458 0.1755, 1.4374 0.4481 0.1742, 1.4192 0.4629 0.1633, 1.4338 0.4511 0.172, 1.3968 0.4744 0.1516, 1.41 0.4676 0.1585, 1.3543 0.482 0.134, 1.3596 0.4817 0.1359, 1.3726 0.4809 0.1408, 1.3831 0.4781 0.1455, 1.3502 0.4822 0.1325, 1.3264 0.4789 0.1251, 1.3034 0.4707 0.1195, 1.3256 0.4786 0.1249, 1.2828 0.4582 0.1156, 1.2986 0.4678 0.1186, 1.2562 0.4289 0.1122, 1.2652 0.4417 0.1131, 1.2732 0.4491 0.1142, 1.2751 0.4509 0.1145, 1.2515 0.4222 0.1117, 1.2431 0.4031 0.1111, 1.2418 0.4 0.111, 1.2369 0.3764 0.1107, 1.2368 0.3748 0.1107, 1.2362 0.3642 0.1107, 1.2389 0.3391 0.1108, 1.2373 0.3537 0.1108, 1.2468 0.3152 0.1113, 1.2435 0.3254 0.1111, 1.2748 0.2771 0.1144, 1.2732 0.2789 0.1142, 1.2594 0.2939 0.1125, 1.2562 0.2994 0.1122, 1.2961 0.2614 0.118, 1.2762 0.2757 0.1146, 1.3182 0.2517 0.1229, 1.2985 0.2604 0.1185, 1.3596 0.2467 0.1359, 1.3543 0.2467 0.1341, 1.3417 0.2467 0.1296, 1.3256 0.2502 0.125, 1.3662 0.2466 0.1383, 1.383 0.2502 0.1454, 1.3904 0.2517 0.1486, 1.4102 0.2605 0.1585, 1.4394 0.283 0.1755, 1.4347 0.2777 0.1725, 1.4339 0.2771 0.1721, 1.4141 0.2623 0.1605, 1.4653 0.3253 0.1935, 1.4622 0.3161 0.1912, 1.4526 0.2993 0.1843, 1.4505 0.2956 0.1828, 1.4724 0.3602 0.1989, 1.4715 0.3537 0.1983, 1.4695 0.338 0.1967, -1.6329 0.69 0.5709, -1.6299 0.6984 0.5709, -1.6299 0.546 0.5709, -1.6329 0.5543 0.5709, -1.6299 0.546 0.6496, -1.6329 0.5543 0.6496, -1.6299 0.6984 0.6496, -1.6329 0.69 0.6496, 1.2165 0.4172 0.1102, 1.2165 0.4699 0.1102, 1.2732 0.876 0.1141, 1.2185 0.691 0.1102, 1.2185 0.876 0.1102, 1.6299 0.5295 0.5236, 1.626 0.5295 0.467, 1.6044 0.5295 0.3805, 1.5647 0.5295 0.3008, 1.5088 0.5295 0.2313, 1.4394 0.5295 0.1755, 1.3596 0.5295 0.1358, 1.3181 0.5295 0.1229, 1.3181 0.876 0.1229, 1.3705 0.4812 1.0805, 1.3959 0.876 1.0693, 1.4743 0.876 1.02, 1.4284 0.4562 1.0518, 1.463 0.4104 1.0287, 1.4702 0.3412 1.0233, 1.463 0.318 1.0287, 1.401 0.2557 1.0668, 1.3133 0.4749 1.0988, 1.3085 0.876 1.0999, 1.3416 0.4816 1.0909, 1.2397 0.3359 1.1096, 1.2665 0.2852 1.1072, 1.25 0.3088 1.1089, 1.2165 0.876 1.1102, 1.2396 0.3924 1.1096, 1.25 0.4196 1.1089, 1.2665 0.4432 1.1072, 1.2879 0.4619 1.104, 1.3705 0.2472 1.0805, 1.3133 0.2534 1.0988, 1.2879 0.2665 1.104, 1.6299 0.876 0.6969, 1.6196 0.876 0.7888, 1.589 0.876 0.8762, 1.5397 0.876 0.9546, 0.8773 0.876 0.874, 0.8773 0.6791 0.874, 0.8773 0.876 1.1102, 0.4921 0.6791 0.874, 0.4921 0.876 0.874, 0.4921 0.876 1.1102, -0.4921 0.876 0.874, -0.4921 0.876 1.1102, -0.8773 0.876 0.874, -0.8773 0.876 1.1102, 1.0032 0.876 1.1102, -1.2165 0.876 1.1102, -0.0193 0.876 1.1102, -0.0522 0.876 1.1102, -0.0967 0.876 1.1102, -0.1015 0.876 1.1102, -0.1691 0.876 1.1102, -0.2055 0.876 1.1102, -0.2248 0.876 1.1102, -0.2683 0.876 1.1102, -0.2999 0.876 1.1102, -0.3242 0.876 1.1102, -1.401 0.2557 1.0668, -1.4284 0.2721 1.0518, -1.463 0.318 1.0287, -1.4702 0.3412 1.0233, -1.4702 0.3872 1.0233, -1.4743 0.876 1.02, -1.463 0.4104 1.0287, -1.3959 0.876 1.0693, -1.3133 0.2534 1.0988, -1.3705 0.2472 1.0805, -1.2665 0.4432 1.1072, -1.25 0.4196 1.1089, -1.2396 0.3359 1.1096, -1.25 0.3088 1.1089, -1.2665 0.2852 1.1072, -1.2879 0.2665 1.104, -1.3133 0.4749 1.0988, -1.3085 0.876 1.0999, -1.3416 0.4816 1.0909, -1.2879 0.4619 1.104, -1.5397 0.876 0.9546, -1.589 0.876 0.8762, -1.6196 0.876 0.7888, -1.6299 0.876 0.6969, -1.3181 0.5295 0.1229, -1.3181 0.876 0.1229, -1.2732 0.876 0.1141, -1.3596 0.5295 0.1358, -1.4394 0.5295 0.1755, -1.5088 0.5295 0.2313, -1.463 0.318 0.1918, -1.4702 0.3412 0.1972, -1.5647 0.5295 0.3008, -1.6044 0.5295 0.3805, -1.626 0.5295 0.467, -1.6299 0.5295 0.5236, -1.2165 0.4172 0.1102, -1.25 0.3088 0.1116, -1.2397 0.3359 0.1109, -1.2165 0.876 0.1102, -1.2879 0.2665 0.1164, -1.3133 0.2534 0.1217, -1.2665 0.2852 0.1133, -1.4283 0.2721 0.1686, -1.3705 0.2472 0.14, -1.3416 0.2468 0.1296, -0.9449 0.128 0.189, -0.9449 0.2067 0.1102, -0.9449 0.1892 0.1122, -0.9449 0.1358 0.1548, -0.9449 0.1451 0.1399, -0.9449 0.1576 0.1274, -0.9449 0.1299 0.1715, -0.9449 0.1725 0.118
            ]
        }
        coordIndex [
            0,1,2,-1,2,1,3,-1,2,3,4,-1,4,3,5,-1,6,7,8,-1,8,7,9,-1,8,9,10,-1,10,9,11,-1,12,11,9,-1,13,14,9,-1,9,14,15,-1,15,16,9,-1,9,16,17,-1,9,17,12,-1,18,19,13,-1,13,19,20,-1,13,20,14,-1,1,21,3,-1,3,21,22,-1,22,23,3,-1,3,23,24,-1,3,24,18,-1,18,24,25,-1,18,25,19,-1,26,27,28,-1,29,30,31,-1,32,33,34,-1,34,33,35,-1,34,35,31,-1,31,35,26,-1,31,26,29,-1,29,26,28,-1,30,29,36,-1,36,29,37,-1,38,36,37,-1,39,40,41,-1,42,43,44,-1,44,43,45,-1,44,45,41,-1,41,45,38,-1,41,38,39,-1,39,38,37,-1,40,39,27,-1,27,39,28,-1,46,47,48,-1,49,50,51,-1,48,49,46,-1,46,49,51,-1,46,51,52,-1,52,51,53,-1,52,53,54,-1,54,53,55,-1,50,49,56,-1,56,49,57,-1,58,56,57,-1,59,60,61,-1,62,63,64,-1,64,63,65,-1,64,65,61,-1,61,65,58,-1,61,58,59,-1,59,58,57,-1,60,59,47,-1,47,59,48,-1,66,67,68,-1,69,70,71,-1,68,69,66,-1,66,69,71,-1,66,71,72,-1,72,71,73,-1,72,73,74,-1,74,73,75,-1,70,69,76,-1,76,69,77,-1,78,76,77,-1,79,80,81,-1,82,83,84,-1,84,83,85,-1,84,85,81,-1,81,85,78,-1,81,78,79,-1,79,78,77,-1,80,79,67,-1,67,79,68,-1,86,87,88,-1,89,90,91,-1,88,89,86,-1,86,89,91,-1,86,91,92,-1,92,91,93,-1,92,93,94,-1,94,93,95,-1,90,89,96,-1,96,89,97,-1,98,96,97,-1,99,100,101,-1,102,103,104,-1,104,103,105,-1,104,105,101,-1,101,105,98,-1,101,98,99,-1,99,98,97,-1,100,99,87,-1,87,99,88,-1,106,107,108,-1,109,110,111,-1,112,113,114,-1,114,113,115,-1,114,115,111,-1,111,115,106,-1,111,106,109,-1,109,106,108,-1,110,109,116,-1,116,109,117,-1,118,116,117,-1,119,120,121,-1,122,123,124,-1,124,123,125,-1,124,125,121,-1,121,125,118,-1,121,118,119,-1,119,118,117,-1,120,119,107,-1,107,119,108,-1,126,127,8,-1,128,129,130,-1,8,10,126,-1,126,10,131,-1,126,131,132,-1,133,134,135,-1,134,136,135,-1,135,136,137,-1,135,137,138,-1,139,140,141,-1,141,140,142,-1,132,143,126,-1,126,143,144,-1,126,144,142,-1,142,144,145,-1,142,145,141,-1,141,145,146,-1,130,146,128,-1,128,146,145,-1,128,145,147,-1,147,145,133,-1,147,133,148,-1,148,133,135,-1,138,149,135,-1,135,149,150,-1,135,150,151,-1,151,150,152,-1,149,153,150,-1,150,153,154,-1,155,156,157,-1,157,156,158,-1,157,158,159,-1,160,161,155,-1,155,161,162,-1,155,162,156,-1,154,163,150,-1,150,163,164,-1,150,164,160,-1,160,164,165,-1,160,165,161,-1,159,166,157,-1,157,166,167,-1,157,167,168,-1,169,170,171,-1,171,170,157,-1,171,157,172,-1,172,157,168,-1,173,174,175,-1,175,174,176,-1,0,2,177,-1,177,2,178,-1,179,180,2,-1,2,180,181,-1,2,181,178,-1,182,183,184,-1,184,183,185,-1,179,186,180,-1,180,186,184,-1,180,184,187,-1,187,184,185,-1,188,171,189,-1,189,171,172,-1,189,172,190,-1,185,175,187,-1,187,175,176,-1,187,176,191,-1,191,176,189,-1,191,189,192,-1,192,189,190,-1,193,194,195,-1,196,197,198,-1,198,197,199,-1,196,200,197,-1,197,200,201,-1,197,201,202,-1,202,203,197,-1,197,203,204,-1,197,204,205,-1,205,206,197,-1,197,206,207,-1,197,207,208,-1,209,210,211,-1,210,212,211,-1,211,212,213,-1,211,213,214,-1,208,215,197,-1,197,215,211,-1,197,211,216,-1,216,211,214,-1,193,195,217,-1,209,211,195,-1,195,211,218,-1,195,218,217,-1,219,220,221,-1,222,223,224,-1,222,224,225,-1,219,221,224,-1,224,221,226,-1,224,226,225,-1,227,228,229,-1,230,231,232,-1,232,231,233,-1,232,233,234,-1,220,235,221,-1,221,235,232,-1,221,232,236,-1,236,232,237,-1,227,229,238,-1,234,239,232,-1,232,239,240,-1,232,240,237,-1,238,229,223,-1,223,229,241,-1,223,241,242,-1,242,243,223,-1,223,243,244,-1,223,244,224,-1,245,246,247,-1,247,246,248,-1,249,250,251,-1,251,250,252,-1,253,254,255,-1,255,254,256,-1,21,1,257,-1,257,258,21,-1,21,258,259,-1,21,259,22,-1,22,259,260,-1,22,260,23,-1,23,260,261,-1,23,261,24,-1,24,261,262,-1,24,262,25,-1,25,262,263,-1,25,263,19,-1,180,264,181,-1,181,264,257,-1,181,257,178,-1,178,257,1,-1,178,1,177,-1,177,1,0,-1,265,20,263,-1,263,20,19,-1,131,10,11,-1,266,267,11,-1,11,267,132,-1,11,132,131,-1,268,144,143,-1,269,268,267,-1,267,268,143,-1,267,143,132,-1,14,20,265,-1,11,12,266,-1,266,12,17,-1,266,17,270,-1,270,17,16,-1,270,16,271,-1,271,16,15,-1,271,15,272,-1,272,15,14,-1,272,14,273,-1,273,14,265,-1,29,28,274,-1,68,269,275,-1,79,77,276,-1,276,77,275,-1,275,77,69,-1,275,69,68,-1,268,119,117,-1,97,268,99,-1,99,268,117,-1,99,117,88,-1,119,268,108,-1,108,268,269,-1,108,269,109,-1,37,275,277,-1,274,28,277,-1,277,28,39,-1,277,39,37,-1,117,109,88,-1,88,109,269,-1,88,269,89,-1,89,269,68,-1,89,68,97,-1,97,68,79,-1,97,79,268,-1,268,79,276,-1,268,276,144,-1,144,276,145,-1,133,145,274,-1,274,145,276,-1,274,276,29,-1,29,276,57,-1,29,57,37,-1,37,57,49,-1,37,49,275,-1,275,49,48,-1,275,48,276,-1,276,48,59,-1,276,59,57,-1,274,277,278,-1,153,149,278,-1,278,279,153,-1,153,279,280,-1,153,280,154,-1,154,280,281,-1,154,281,163,-1,163,281,282,-1,163,282,164,-1,164,282,283,-1,164,283,165,-1,165,283,284,-1,165,284,161,-1,133,274,134,-1,134,274,278,-1,134,278,136,-1,136,278,149,-1,136,149,137,-1,137,149,138,-1,285,162,284,-1,284,162,161,-1,286,166,287,-1,287,166,159,-1,287,159,288,-1,288,159,158,-1,288,158,289,-1,289,158,156,-1,289,156,290,-1,290,156,162,-1,290,162,285,-1,291,168,286,-1,286,168,167,-1,286,167,166,-1,291,292,187,-1,187,191,291,-1,291,191,192,-1,291,192,168,-1,168,192,190,-1,168,190,172,-1,292,264,187,-1,187,264,180,-1,293,294,295,-1,296,297,298,-1,298,297,299,-1,298,299,294,-1,294,299,300,-1,294,300,295,-1,301,302,296,-1,296,302,303,-1,296,303,304,-1,305,306,295,-1,307,308,309,-1,304,310,296,-1,296,310,311,-1,296,311,297,-1,296,312,301,-1,301,312,307,-1,301,307,313,-1,313,307,309,-1,314,315,316,-1,314,316,295,-1,295,316,317,-1,295,317,305,-1,306,318,295,-1,295,318,319,-1,295,319,293,-1,320,321,322,-1,323,324,325,-1,326,327,328,-1,329,330,331,-1,331,330,332,-1,321,333,322,-1,322,333,323,-1,322,323,334,-1,334,323,325,-1,329,335,330,-1,330,335,336,-1,330,336,337,-1,337,336,338,-1,332,339,331,-1,331,339,340,-1,331,340,341,-1,341,342,331,-1,331,342,343,-1,331,343,344,-1,344,343,345,-1,344,345,323,-1,323,345,346,-1,323,346,324,-1,326,328,322,-1,322,328,347,-1,322,347,320,-1,348,349,350,-1,350,349,351,-1,352,353,354,-1,355,356,357,-1,358,359,360,-1,361,362,363,-1,364,365,366,-1,364,367,368,-1,364,366,369,-1,369,366,370,-1,369,370,371,-1,371,370,372,-1,371,372,373,-1,373,372,374,-1,373,374,375,-1,375,374,376,-1,375,376,377,-1,377,376,378,-1,377,378,379,-1,379,378,380,-1,379,380,381,-1,381,380,354,-1,381,354,382,-1,382,354,353,-1,382,353,383,-1,384,385,386,-1,386,385,361,-1,361,363,386,-1,386,363,387,-1,386,387,388,-1,387,389,388,-1,388,389,390,-1,388,390,391,-1,390,392,391,-1,391,392,393,-1,391,393,394,-1,394,393,395,-1,394,395,396,-1,396,395,397,-1,396,397,398,-1,398,397,399,-1,399,400,398,-1,398,400,401,-1,398,401,402,-1,402,401,403,-1,402,403,404,-1,404,403,405,-1,404,405,358,-1,358,405,406,-1,358,406,359,-1,407,408,384,-1,384,386,407,-1,407,386,388,-1,407,388,409,-1,409,388,391,-1,409,391,410,-1,410,391,394,-1,410,394,411,-1,411,394,396,-1,411,396,412,-1,412,396,398,-1,412,398,413,-1,413,398,402,-1,413,402,414,-1,414,402,404,-1,414,404,415,-1,415,404,358,-1,415,358,416,-1,356,417,418,-1,418,417,419,-1,360,420,358,-1,358,420,421,-1,358,421,416,-1,416,421,422,-1,416,422,423,-1,423,424,416,-1,416,424,425,-1,416,425,415,-1,415,425,426,-1,415,426,414,-1,414,426,427,-1,414,427,413,-1,413,427,428,-1,413,428,412,-1,412,428,429,-1,412,429,411,-1,411,429,430,-1,411,430,410,-1,410,430,431,-1,410,431,409,-1,409,431,418,-1,409,418,407,-1,407,418,419,-1,407,419,408,-1,356,418,357,-1,357,418,431,-1,357,431,432,-1,432,431,430,-1,432,430,433,-1,433,430,429,-1,433,429,434,-1,434,429,428,-1,434,428,435,-1,435,428,427,-1,435,427,436,-1,436,427,426,-1,436,426,437,-1,437,426,425,-1,437,425,438,-1,438,425,424,-1,438,424,439,-1,440,441,442,-1,442,441,355,-1,423,443,424,-1,424,443,444,-1,424,444,439,-1,439,444,445,-1,439,445,446,-1,355,357,442,-1,442,357,432,-1,442,432,447,-1,447,432,433,-1,447,433,448,-1,448,433,434,-1,448,434,449,-1,449,434,435,-1,449,435,450,-1,450,435,436,-1,450,436,451,-1,451,436,437,-1,451,437,452,-1,452,437,438,-1,452,438,453,-1,453,438,439,-1,453,439,454,-1,454,439,446,-1,454,446,455,-1,364,368,365,-1,365,368,456,-1,365,456,440,-1,440,442,365,-1,365,442,447,-1,365,447,366,-1,366,447,448,-1,366,448,370,-1,370,448,449,-1,370,449,372,-1,372,449,450,-1,372,450,374,-1,374,450,451,-1,374,451,376,-1,376,451,452,-1,376,452,378,-1,378,452,453,-1,378,453,380,-1,380,453,454,-1,380,454,354,-1,354,454,455,-1,354,455,352,-1,457,211,458,-1,458,211,215,-1,458,215,459,-1,459,215,208,-1,207,460,208,-1,208,460,461,-1,208,461,459,-1,462,463,206,-1,206,463,464,-1,206,464,207,-1,207,464,465,-1,207,465,460,-1,204,466,205,-1,205,466,467,-1,205,467,206,-1,206,467,468,-1,206,468,462,-1,203,469,204,-1,204,469,470,-1,204,470,466,-1,471,472,203,-1,203,472,473,-1,203,473,469,-1,471,203,474,-1,474,203,202,-1,474,202,475,-1,475,202,201,-1,475,201,476,-1,200,196,477,-1,477,478,200,-1,200,478,479,-1,200,479,201,-1,201,479,480,-1,201,480,476,-1,198,199,481,-1,481,482,198,-1,198,482,483,-1,198,483,196,-1,196,483,484,-1,196,484,477,-1,481,199,485,-1,485,199,197,-1,485,197,486,-1,486,197,487,-1,487,197,216,-1,487,216,488,-1,488,216,489,-1,489,216,214,-1,489,214,490,-1,490,214,491,-1,491,214,213,-1,491,213,492,-1,492,213,493,-1,493,213,212,-1,493,212,494,-1,494,212,495,-1,495,212,210,-1,495,210,496,-1,209,497,210,-1,210,497,498,-1,210,498,496,-1,195,499,209,-1,209,499,500,-1,209,500,497,-1,501,502,194,-1,194,502,503,-1,194,503,195,-1,195,503,504,-1,195,504,499,-1,501,194,505,-1,505,194,193,-1,505,193,506,-1,506,193,507,-1,507,193,217,-1,507,217,508,-1,508,217,509,-1,509,217,218,-1,509,218,510,-1,510,218,211,-1,510,211,457,-1,511,512,513,-1,513,514,511,-1,511,514,515,-1,511,515,516,-1,516,515,517,-1,516,517,518,-1,360,519,420,-1,420,519,520,-1,420,520,421,-1,421,520,422,-1,422,520,521,-1,422,521,423,-1,423,521,443,-1,443,521,522,-1,443,522,444,-1,444,522,445,-1,445,522,523,-1,445,523,446,-1,446,523,455,-1,455,523,524,-1,455,524,352,-1,352,524,353,-1,353,524,525,-1,353,525,383,-1,253,255,526,-1,526,255,525,-1,526,525,519,-1,522,521,520,-1,522,520,523,-1,519,525,520,-1,520,525,524,-1,520,524,523,-1,253,526,254,-1,254,526,527,-1,254,527,256,-1,256,527,528,-1,529,530,528,-1,528,530,531,-1,528,531,256,-1,529,532,530,-1,530,532,533,-1,530,533,534,-1,534,533,535,-1,528,536,537,-1,528,537,529,-1,529,537,538,-1,529,538,532,-1,532,538,539,-1,532,539,533,-1,533,539,540,-1,533,540,535,-1,535,540,541,-1,535,541,534,-1,534,541,542,-1,534,542,530,-1,530,542,543,-1,530,543,531,-1,536,544,249,-1,540,539,541,-1,541,539,542,-1,249,251,536,-1,536,251,543,-1,536,543,537,-1,537,543,542,-1,537,542,538,-1,538,542,539,-1,545,250,546,-1,546,250,249,-1,546,249,544,-1,250,545,252,-1,252,545,547,-1,548,549,547,-1,547,549,550,-1,547,550,252,-1,548,551,549,-1,549,551,552,-1,549,552,553,-1,553,552,554,-1,547,555,556,-1,547,556,548,-1,548,556,557,-1,548,557,551,-1,551,557,558,-1,551,558,552,-1,558,559,552,-1,552,559,560,-1,552,560,554,-1,560,561,554,-1,554,561,562,-1,554,562,553,-1,562,563,553,-1,553,563,564,-1,553,564,549,-1,549,564,565,-1,566,550,567,-1,567,550,549,-1,567,549,568,-1,568,549,565,-1,518,517,569,-1,518,569,512,-1,512,569,570,-1,512,570,513,-1,571,572,573,-1,571,573,574,-1,574,573,575,-1,574,575,576,-1,577,578,579,-1,560,559,580,-1,581,582,583,-1,584,585,586,-1,581,583,587,-1,587,583,588,-1,587,588,589,-1,589,588,590,-1,589,590,591,-1,591,590,592,-1,591,592,593,-1,593,592,594,-1,593,594,595,-1,595,594,596,-1,595,596,597,-1,597,596,598,-1,597,598,599,-1,599,598,584,-1,599,584,600,-1,600,584,586,-1,600,586,601,-1,602,603,604,-1,602,604,605,-1,604,606,605,-1,605,606,607,-1,605,607,608,-1,607,609,608,-1,608,609,610,-1,608,610,611,-1,611,610,612,-1,611,612,613,-1,613,612,614,-1,613,614,615,-1,615,614,616,-1,616,617,615,-1,615,617,618,-1,615,618,619,-1,619,618,620,-1,619,620,621,-1,621,620,622,-1,621,622,623,-1,623,622,624,-1,623,624,625,-1,625,626,627,-1,559,558,602,-1,602,558,557,-1,602,557,603,-1,603,557,556,-1,603,556,555,-1,625,627,623,-1,623,627,628,-1,623,628,629,-1,559,602,580,-1,580,602,605,-1,580,605,630,-1,630,605,608,-1,630,608,631,-1,631,608,611,-1,631,611,632,-1,632,611,613,-1,632,613,633,-1,633,613,615,-1,633,615,634,-1,634,615,619,-1,634,619,635,-1,635,619,621,-1,635,621,636,-1,636,621,623,-1,636,623,637,-1,637,623,629,-1,637,629,638,-1,639,561,560,-1,560,580,639,-1,639,580,630,-1,639,630,640,-1,640,630,631,-1,640,631,641,-1,641,631,632,-1,641,632,642,-1,642,632,633,-1,642,633,643,-1,643,633,634,-1,643,634,644,-1,644,634,635,-1,644,635,645,-1,645,635,636,-1,645,636,646,-1,646,636,637,-1,646,637,579,-1,579,637,638,-1,579,638,577,-1,564,563,647,-1,647,563,562,-1,578,648,579,-1,579,648,649,-1,579,649,646,-1,646,649,650,-1,646,650,645,-1,645,650,651,-1,645,651,644,-1,644,651,652,-1,644,652,643,-1,643,652,653,-1,643,653,642,-1,642,653,654,-1,642,654,641,-1,641,654,655,-1,641,655,640,-1,640,655,647,-1,640,647,639,-1,639,647,562,-1,639,562,561,-1,568,565,656,-1,656,565,564,-1,564,647,656,-1,656,647,655,-1,656,655,657,-1,657,655,654,-1,657,654,658,-1,658,654,653,-1,658,653,659,-1,659,653,652,-1,659,652,660,-1,660,652,651,-1,660,651,661,-1,661,651,650,-1,661,650,662,-1,662,650,649,-1,662,649,663,-1,663,649,648,-1,663,648,664,-1,581,566,582,-1,582,566,567,-1,582,567,568,-1,578,665,648,-1,648,665,666,-1,648,666,664,-1,664,666,667,-1,664,667,668,-1,568,656,582,-1,582,656,657,-1,582,657,583,-1,583,657,658,-1,583,658,588,-1,588,658,659,-1,588,659,590,-1,590,659,660,-1,590,660,592,-1,592,660,661,-1,592,661,594,-1,594,661,662,-1,594,662,596,-1,596,662,663,-1,596,663,598,-1,598,663,664,-1,598,664,584,-1,584,664,668,-1,584,668,585,-1,669,219,670,-1,670,219,224,-1,670,224,671,-1,671,224,244,-1,243,672,244,-1,244,672,673,-1,244,673,671,-1,674,675,242,-1,242,675,676,-1,242,676,243,-1,243,676,677,-1,243,677,672,-1,229,678,241,-1,241,678,679,-1,241,679,242,-1,242,679,680,-1,242,680,674,-1,228,681,229,-1,229,681,682,-1,229,682,678,-1,683,684,228,-1,228,684,685,-1,228,685,681,-1,683,228,686,-1,686,228,227,-1,686,227,687,-1,687,227,238,-1,687,238,688,-1,223,222,689,-1,689,690,223,-1,223,690,691,-1,223,691,238,-1,238,691,692,-1,238,692,688,-1,225,226,693,-1,693,694,225,-1,225,694,695,-1,225,695,222,-1,222,695,696,-1,222,696,689,-1,693,226,697,-1,697,226,221,-1,697,221,698,-1,698,221,699,-1,699,221,236,-1,699,236,700,-1,700,236,701,-1,701,236,237,-1,701,237,702,-1,702,237,703,-1,703,237,240,-1,703,240,704,-1,704,240,705,-1,705,240,239,-1,705,239,706,-1,706,239,707,-1,707,239,234,-1,707,234,708,-1,233,709,234,-1,234,709,710,-1,234,710,708,-1,231,711,233,-1,233,711,712,-1,233,712,709,-1,713,714,230,-1,230,714,715,-1,230,715,231,-1,231,715,716,-1,231,716,711,-1,713,230,717,-1,717,230,232,-1,717,232,718,-1,718,232,719,-1,719,232,235,-1,719,235,720,-1,720,235,721,-1,721,235,220,-1,721,220,722,-1,722,220,219,-1,722,219,669,-1,723,367,724,-1,724,367,725,-1,723,726,367,-1,367,726,727,-1,367,727,368,-1,368,727,728,-1,368,728,456,-1,456,728,729,-1,456,729,440,-1,440,729,730,-1,730,731,440,-1,440,731,732,-1,440,732,441,-1,441,732,733,-1,441,733,355,-1,733,734,355,-1,355,734,735,-1,355,735,356,-1,356,735,736,-1,356,736,417,-1,417,736,737,-1,417,737,419,-1,419,737,738,-1,419,738,408,-1,738,739,408,-1,408,739,740,-1,408,740,384,-1,384,740,741,-1,384,741,385,-1,385,741,742,-1,385,742,361,-1,742,743,361,-1,361,743,744,-1,361,744,362,-1,362,744,745,-1,362,745,746,-1,747,248,748,-1,748,248,246,-1,748,246,749,-1,749,246,750,-1,748,751,752,-1,748,752,747,-1,747,752,247,-1,747,247,248,-1,753,245,754,-1,754,245,247,-1,754,247,751,-1,751,247,752,-1,246,245,753,-1,246,753,750,-1,750,753,754,-1,750,754,749,-1,755,756,757,-1,757,756,758,-1,756,759,758,-1,758,759,760,-1,758,760,761,-1,760,762,761,-1,761,762,763,-1,761,763,764,-1,764,763,765,-1,764,765,766,-1,767,768,766,-1,766,768,769,-1,766,769,764,-1,767,770,768,-1,768,770,771,-1,768,771,772,-1,773,774,775,-1,775,774,772,-1,775,772,776,-1,776,772,771,-1,774,777,778,-1,764,769,768,-1,778,779,774,-1,774,779,757,-1,774,757,772,-1,772,757,758,-1,772,758,768,-1,768,758,761,-1,768,761,764,-1,780,781,778,-1,782,783,784,-1,784,783,785,-1,784,785,786,-1,781,787,778,-1,778,787,788,-1,778,788,789,-1,790,779,791,-1,791,779,778,-1,791,778,792,-1,792,778,793,-1,789,794,778,-1,778,794,795,-1,778,795,793,-1,786,796,784,-1,784,796,797,-1,784,797,778,-1,778,797,798,-1,778,798,780,-1,799,800,784,-1,784,800,801,-1,784,801,802,-1,802,803,784,-1,784,803,804,-1,784,804,782,-1,784,778,805,-1,805,778,777,-1,784,805,799,-1,799,805,806,-1,799,806,807,-1,807,806,808,-1,808,806,809,-1,808,809,810,-1,811,812,810,-1,810,812,813,-1,810,813,808,-1,814,807,808,-1,815,816,814,-1,814,808,815,-1,815,808,813,-1,815,813,817,-1,817,813,812,-1,817,812,818,-1,818,812,811,-1,818,811,819,-1,819,811,810,-1,819,810,820,-1,820,810,809,-1,820,809,821,-1,821,809,806,-1,821,806,822,-1,822,823,824,-1,818,819,820,-1,824,825,822,-1,822,825,816,-1,822,816,821,-1,821,816,815,-1,821,815,820,-1,820,815,817,-1,820,817,818,-1,826,827,824,-1,824,827,825,-1,826,824,828,-1,828,824,823,-1,829,830,831,-1,832,833,834,-1,835,836,837,-1,838,839,840,-1,840,839,841,-1,842,843,844,-1,845,846,842,-1,842,846,847,-1,842,847,843,-1,848,849,850,-1,851,852,853,-1,853,852,854,-1,855,856,857,-1,857,856,858,-1,859,860,857,-1,857,860,861,-1,861,862,857,-1,857,862,863,-1,857,863,855,-1,859,857,864,-1,864,857,865,-1,864,865,866,-1,866,865,867,-1,866,867,868,-1,868,867,869,-1,868,869,870,-1,870,869,871,-1,870,871,872,-1,872,871,873,-1,872,873,874,-1,874,873,875,-1,874,875,876,-1,876,875,877,-1,876,877,878,-1,878,877,879,-1,878,879,880,-1,880,879,837,-1,880,837,881,-1,881,837,836,-1,881,836,882,-1,883,884,885,-1,885,884,835,-1,886,887,888,-1,888,887,889,-1,888,889,883,-1,890,891,892,-1,892,891,886,-1,893,894,895,-1,895,894,890,-1,833,896,834,-1,834,896,897,-1,834,897,893,-1,832,834,898,-1,898,834,899,-1,898,899,900,-1,900,899,901,-1,900,901,902,-1,902,901,903,-1,902,903,904,-1,831,830,903,-1,903,830,905,-1,903,905,904,-1,829,831,906,-1,906,831,907,-1,906,907,908,-1,908,907,909,-1,908,909,910,-1,910,909,911,-1,910,911,912,-1,841,913,840,-1,840,913,914,-1,840,914,915,-1,915,914,916,-1,915,916,911,-1,911,916,917,-1,911,917,912,-1,893,895,834,-1,834,895,918,-1,834,918,899,-1,899,918,919,-1,899,919,901,-1,901,919,920,-1,901,920,903,-1,903,920,921,-1,903,921,831,-1,831,921,922,-1,831,922,907,-1,907,922,923,-1,907,923,909,-1,909,923,924,-1,909,924,911,-1,911,924,925,-1,911,925,915,-1,915,925,842,-1,915,842,840,-1,840,842,844,-1,840,844,838,-1,890,892,895,-1,895,892,926,-1,895,926,918,-1,918,926,927,-1,918,927,919,-1,919,927,928,-1,919,928,920,-1,920,928,929,-1,920,929,921,-1,921,929,930,-1,921,930,922,-1,922,930,931,-1,922,931,923,-1,923,931,932,-1,923,932,924,-1,924,932,933,-1,924,933,925,-1,925,933,934,-1,925,934,842,-1,842,934,935,-1,842,935,845,-1,886,888,892,-1,892,888,936,-1,892,936,926,-1,926,936,937,-1,926,937,927,-1,927,937,938,-1,927,938,928,-1,928,938,939,-1,928,939,929,-1,929,939,940,-1,929,940,930,-1,930,940,941,-1,930,941,931,-1,931,941,942,-1,931,942,932,-1,932,942,943,-1,932,943,933,-1,933,943,848,-1,933,848,934,-1,934,848,850,-1,934,850,935,-1,883,885,888,-1,888,885,944,-1,888,944,936,-1,936,944,945,-1,936,945,937,-1,937,945,946,-1,937,946,938,-1,938,946,947,-1,938,947,939,-1,939,947,948,-1,939,948,940,-1,940,948,949,-1,940,949,941,-1,941,949,950,-1,941,950,942,-1,942,950,951,-1,942,951,943,-1,943,951,853,-1,943,853,848,-1,848,853,854,-1,848,854,849,-1,835,837,885,-1,885,837,879,-1,885,879,944,-1,944,879,877,-1,944,877,945,-1,945,877,875,-1,945,875,946,-1,946,875,873,-1,946,873,947,-1,947,873,871,-1,947,871,948,-1,948,871,869,-1,948,869,949,-1,949,869,867,-1,949,867,950,-1,950,867,865,-1,950,865,951,-1,951,865,857,-1,951,857,853,-1,853,857,858,-1,853,858,851,-1,952,299,953,-1,953,299,297,-1,953,297,954,-1,954,297,311,-1,954,311,955,-1,310,956,311,-1,311,956,957,-1,311,957,955,-1,958,959,310,-1,310,959,960,-1,310,960,956,-1,958,310,961,-1,961,310,304,-1,961,304,962,-1,962,304,303,-1,962,303,963,-1,963,303,964,-1,964,303,302,-1,964,302,965,-1,966,967,301,-1,301,967,968,-1,301,968,302,-1,302,968,969,-1,302,969,965,-1,966,301,970,-1,970,301,313,-1,970,313,971,-1,971,313,972,-1,972,313,309,-1,972,309,973,-1,308,974,309,-1,309,974,975,-1,309,975,973,-1,307,976,308,-1,308,976,977,-1,977,978,308,-1,308,978,979,-1,308,979,974,-1,980,981,312,-1,312,981,982,-1,312,982,307,-1,307,982,983,-1,307,983,976,-1,312,296,980,-1,980,296,298,-1,980,298,984,-1,984,298,985,-1,985,298,294,-1,293,986,294,-1,294,986,987,-1,294,987,985,-1,319,988,293,-1,293,988,989,-1,293,989,986,-1,990,991,318,-1,318,991,992,-1,318,992,319,-1,319,992,993,-1,319,993,988,-1,990,318,994,-1,994,318,306,-1,994,306,995,-1,995,306,996,-1,996,306,305,-1,996,305,997,-1,997,305,998,-1,998,305,317,-1,998,317,999,-1,316,1000,317,-1,317,1000,1001,-1,317,1001,999,-1,315,1002,316,-1,316,1002,1003,-1,316,1003,1000,-1,1004,1005,314,-1,314,1005,1006,-1,314,1006,315,-1,315,1006,1007,-1,315,1007,1002,-1,1004,314,1008,-1,1008,314,295,-1,1008,295,1009,-1,1009,295,1010,-1,1010,295,300,-1,1010,300,1011,-1,1011,300,299,-1,1011,299,952,-1,731,730,1012,-1,724,725,1013,-1,730,729,1012,-1,1012,729,728,-1,1012,728,727,-1,727,726,1012,-1,1012,726,723,-1,1012,723,724,-1,734,733,1014,-1,1014,733,732,-1,1014,732,731,-1,737,736,1015,-1,1015,736,735,-1,1015,735,734,-1,740,739,1016,-1,1016,739,738,-1,1016,738,737,-1,1017,741,740,-1,745,744,1017,-1,744,743,1017,-1,1017,743,742,-1,1017,742,741,-1,746,745,1018,-1,1018,745,1019,-1,1018,1019,1020,-1,1020,1019,1021,-1,1021,1019,1022,-1,1021,1022,1023,-1,1023,1022,1024,-1,1023,1024,1025,-1,1025,1024,1026,-1,1025,1026,1027,-1,1028,1029,1030,-1,1030,1029,1031,-1,1030,1031,1026,-1,1026,1031,1032,-1,1026,1032,1027,-1,1033,1034,1035,-1,1035,1034,1036,-1,1035,1036,1037,-1,1037,1036,1038,-1,1037,1038,1028,-1,1028,1038,1039,-1,1028,1039,1029,-1,1033,1035,1040,-1,1040,1035,1041,-1,1040,1041,1042,-1,1042,1041,1043,-1,1042,1043,1044,-1,1044,1043,756,-1,1044,756,755,-1,1045,760,759,-1,1046,763,762,-1,767,766,1047,-1,1047,766,765,-1,1048,771,770,-1,1049,773,775,-1,724,1013,1012,-1,1012,1013,1050,-1,1012,1050,1051,-1,1051,1050,1052,-1,1051,1052,1053,-1,1053,1052,1054,-1,1053,1054,1055,-1,1055,1054,1056,-1,1055,1056,1057,-1,1057,1056,1058,-1,1057,1058,1059,-1,1059,1058,1060,-1,1059,1060,1061,-1,1061,1060,1062,-1,1061,1062,1063,-1,1063,1062,1064,-1,1063,1064,1065,-1,1065,1064,1049,-1,1065,1049,1066,-1,1066,1049,775,-1,1066,775,776,-1,745,1017,1019,-1,1019,1017,1067,-1,1019,1067,1022,-1,1022,1067,1068,-1,1022,1068,1024,-1,1024,1068,1069,-1,1024,1069,1026,-1,1026,1069,1070,-1,1026,1070,1030,-1,1030,1070,1071,-1,1030,1071,1028,-1,1028,1071,1072,-1,1028,1072,1037,-1,1037,1072,1073,-1,1037,1073,1035,-1,1035,1073,1074,-1,1035,1074,1041,-1,1041,1074,1045,-1,1041,1045,1043,-1,1043,1045,759,-1,1043,759,756,-1,740,1016,1017,-1,1017,1016,1075,-1,1017,1075,1067,-1,1067,1075,1076,-1,1067,1076,1068,-1,1068,1076,1077,-1,1068,1077,1069,-1,1069,1077,1078,-1,1069,1078,1070,-1,1070,1078,1079,-1,1070,1079,1071,-1,1071,1079,1080,-1,1071,1080,1072,-1,1072,1080,1081,-1,1072,1081,1073,-1,1073,1081,1082,-1,1073,1082,1074,-1,1074,1082,1046,-1,1074,1046,1045,-1,1045,1046,762,-1,1045,762,760,-1,737,1015,1016,-1,1016,1015,1083,-1,1016,1083,1075,-1,1075,1083,1084,-1,1075,1084,1076,-1,1076,1084,1085,-1,1076,1085,1077,-1,1077,1085,1086,-1,1077,1086,1078,-1,1078,1086,1087,-1,1078,1087,1079,-1,1079,1087,1088,-1,1079,1088,1080,-1,1080,1088,1089,-1,1080,1089,1081,-1,1081,1089,1090,-1,1081,1090,1082,-1,1082,1090,1047,-1,1082,1047,1046,-1,1046,1047,765,-1,1046,765,763,-1,734,1014,1015,-1,1015,1014,1091,-1,1015,1091,1083,-1,1083,1091,1092,-1,1083,1092,1084,-1,1084,1092,1093,-1,1084,1093,1085,-1,1085,1093,1094,-1,1085,1094,1086,-1,1086,1094,1095,-1,1086,1095,1087,-1,1087,1095,1096,-1,1087,1096,1088,-1,1088,1096,1097,-1,1088,1097,1089,-1,1089,1097,1098,-1,1089,1098,1090,-1,1090,1098,1048,-1,1090,1048,1047,-1,1047,1048,770,-1,1047,770,767,-1,731,1012,1014,-1,1014,1012,1051,-1,1014,1051,1091,-1,1091,1051,1053,-1,1091,1053,1092,-1,1092,1053,1055,-1,1092,1055,1093,-1,1093,1055,1057,-1,1093,1057,1094,-1,1094,1057,1059,-1,1094,1059,1095,-1,1095,1059,1061,-1,1095,1061,1096,-1,1096,1061,1063,-1,1096,1063,1097,-1,1097,1063,1065,-1,1097,1065,1098,-1,1098,1065,1066,-1,1098,1066,1048,-1,1048,1066,776,-1,1048,776,771,-1,1099,1100,1101,-1,1102,345,1103,-1,1103,345,343,-1,1103,343,1104,-1,1104,343,342,-1,1105,1106,341,-1,341,1106,1107,-1,341,1107,342,-1,342,1107,1108,-1,342,1108,1104,-1,1105,341,1109,-1,1109,341,340,-1,1109,340,1110,-1,339,1111,340,-1,340,1111,1112,-1,340,1112,1110,-1,332,1113,339,-1,339,1113,1114,-1,339,1114,1111,-1,1115,1116,330,-1,330,1116,1117,-1,330,1117,332,-1,332,1117,1118,-1,332,1118,1113,-1,1115,330,1119,-1,1119,330,337,-1,1119,337,1120,-1,338,1121,337,-1,337,1121,1122,-1,337,1122,1120,-1,336,1123,338,-1,338,1123,1124,-1,338,1124,1121,-1,1125,1126,335,-1,335,1126,1127,-1,335,1127,336,-1,336,1127,1128,-1,336,1128,1123,-1,1125,335,1129,-1,1129,335,329,-1,1129,329,1130,-1,1130,329,1131,-1,1131,329,331,-1,1131,331,1132,-1,1132,331,1133,-1,1133,331,344,-1,1133,344,1134,-1,1134,344,323,-1,333,1135,323,-1,323,1135,1136,-1,323,1136,1134,-1,321,1137,333,-1,333,1137,1138,-1,333,1138,1135,-1,320,1139,321,-1,321,1139,1140,-1,1140,1141,321,-1,321,1141,1142,-1,321,1142,1137,-1,347,1143,320,-1,320,1143,1144,-1,320,1144,1139,-1,328,1145,347,-1,347,1145,1146,-1,347,1146,1143,-1,1147,1148,327,-1,327,1148,1149,-1,327,1149,328,-1,328,1149,1150,-1,328,1150,1145,-1,1147,327,1151,-1,1151,327,326,-1,1151,326,1152,-1,1152,326,1153,-1,1153,326,322,-1,1153,322,1154,-1,1155,1156,334,-1,334,1156,1157,-1,334,1157,322,-1,322,1157,1158,-1,322,1158,1154,-1,325,324,1159,-1,1159,1160,325,-1,325,1160,1161,-1,325,1161,334,-1,334,1161,1162,-1,334,1162,1155,-1,346,345,1102,-1,1102,1163,346,-1,346,1163,1164,-1,346,1164,324,-1,324,1164,1165,-1,324,1165,1159,-1,628,627,838,-1,838,627,839,-1,839,627,626,-1,839,626,841,-1,838,844,628,-1,628,844,843,-1,628,843,629,-1,629,843,847,-1,629,847,638,-1,638,847,846,-1,638,846,577,-1,577,846,845,-1,577,845,578,-1,578,845,935,-1,578,935,665,-1,935,850,665,-1,665,850,849,-1,665,849,666,-1,666,849,854,-1,666,854,667,-1,667,854,852,-1,667,852,668,-1,668,852,851,-1,668,851,585,-1,851,858,585,-1,585,858,856,-1,585,856,586,-1,586,856,855,-1,586,855,601,-1,601,855,863,-1,601,863,862,-1,862,861,601,-1,601,861,860,-1,601,860,859,-1,349,1166,1167,-1,349,1167,351,-1,351,1167,1168,-1,351,1168,1169,-1,1168,1170,1171,-1,1168,1171,1169,-1,1169,1171,350,-1,1169,350,351,-1,350,1171,1170,-1,350,1170,348,-1,348,1170,1172,-1,348,1172,1173,-1,349,348,1173,-1,349,1173,1166,-1,1166,1173,1172,-1,1166,1172,1167,-1,1131,1132,1174,-1,1174,1132,1133,-1,1138,1137,755,-1,1133,1134,1174,-1,1174,1134,1136,-1,1174,1136,755,-1,755,1136,1135,-1,755,1135,1138,-1,1137,1142,755,-1,755,1142,1141,-1,755,1141,1044,-1,1127,1126,1099,-1,1099,1126,1125,-1,1099,1125,1175,-1,1175,1125,1129,-1,1175,1129,1174,-1,1174,1129,1130,-1,1174,1130,1131,-1,1099,1101,1127,-1,1127,1101,1100,-1,1127,1100,1176,-1,1176,1100,1177,-1,1176,1177,1178,-1,1179,746,1018,-1,1179,1018,1180,-1,1018,1020,1180,-1,1180,1020,1021,-1,1180,1021,1181,-1,1027,1182,1025,-1,1025,1182,1181,-1,1025,1181,1023,-1,1023,1181,1021,-1,1029,1183,1031,-1,1031,1183,1182,-1,1031,1182,1032,-1,1032,1182,1027,-1,1160,1159,1029,-1,1029,1159,1165,-1,1029,1165,1164,-1,1164,1163,1029,-1,1029,1163,1102,-1,1029,1102,1183,-1,1183,1102,1103,-1,1103,1104,1183,-1,1183,1104,1108,-1,1183,1108,1107,-1,1107,1106,1183,-1,1183,1106,1105,-1,1183,1105,1184,-1,1184,1105,1109,-1,1184,1109,1110,-1,1110,1112,1184,-1,1184,1112,1111,-1,1184,1111,1114,-1,1114,1113,1184,-1,1184,1113,1118,-1,1184,1118,1185,-1,1185,1118,1117,-1,1185,1117,1116,-1,1116,1115,1185,-1,1185,1115,1119,-1,1185,1119,1186,-1,1186,1119,1120,-1,1186,1120,1122,-1,1122,1121,1186,-1,1186,1121,1124,-1,1186,1124,1123,-1,1176,1187,1127,-1,1127,1187,1186,-1,1127,1186,1128,-1,1128,1186,1123,-1,1034,1033,1147,-1,1147,1151,1034,-1,1034,1151,1152,-1,1034,1152,1036,-1,1157,1156,1038,-1,1038,1156,1155,-1,1038,1155,1039,-1,1039,1155,1162,-1,1039,1162,1029,-1,1029,1162,1161,-1,1029,1161,1160,-1,1152,1153,1036,-1,1036,1153,1154,-1,1036,1154,1038,-1,1038,1154,1158,-1,1038,1158,1157,-1,1139,1144,1042,-1,1044,1141,1042,-1,1042,1141,1140,-1,1042,1140,1139,-1,1145,1040,1146,-1,1146,1040,1042,-1,1146,1042,1143,-1,1143,1042,1144,-1,1145,1150,1040,-1,1040,1150,1149,-1,1040,1149,1033,-1,1033,1149,1148,-1,1033,1148,1147,-1,1188,471,1189,-1,1189,471,1190,-1,1190,471,474,-1,1190,474,475,-1,475,476,1190,-1,1190,476,1191,-1,1190,1191,479,-1,479,478,1190,-1,1190,478,477,-1,1190,477,1192,-1,1192,483,1190,-1,1190,483,482,-1,1190,482,481,-1,1193,486,399,-1,399,486,1194,-1,399,1194,488,-1,488,489,399,-1,399,489,490,-1,399,490,400,-1,490,491,400,-1,400,491,492,-1,400,492,401,-1,492,1195,401,-1,401,1195,494,-1,401,494,403,-1,467,1196,1197,-1,1196,470,1197,-1,1197,470,1198,-1,1197,1198,1189,-1,1189,1198,473,-1,1189,473,1188,-1,1199,510,457,-1,1200,506,360,-1,360,506,1201,-1,360,1201,508,-1,459,461,1202,-1,508,1199,360,-1,360,1199,457,-1,360,457,1202,-1,1202,457,1203,-1,1202,1203,459,-1,461,1204,1202,-1,1202,1204,465,-1,1202,465,1205,-1,1205,463,1202,-1,1202,463,1206,-1,1202,1206,1197,-1,1197,1206,468,-1,1197,468,467,-1,494,495,403,-1,403,495,1207,-1,403,1207,405,-1,405,1207,498,-1,1208,406,500,-1,500,406,405,-1,500,405,497,-1,497,405,498,-1,1208,504,406,-1,406,504,503,-1,406,503,359,-1,359,503,1209,-1,359,1209,360,-1,360,1209,501,-1,360,501,1200,-1,362,1210,363,-1,363,1210,1211,-1,1212,389,1211,-1,1211,389,387,-1,1211,387,363,-1,395,393,1213,-1,1213,393,392,-1,1213,392,1212,-1,1212,392,390,-1,1212,390,389,-1,395,1213,397,-1,397,1213,1190,-1,397,1190,399,-1,399,1190,481,-1,399,481,1193,-1,1214,1215,1216,-1,1216,1215,576,-1,1216,576,575,-1,1217,1215,1218,-1,1218,1215,1214,-1,1217,1218,572,-1,572,1218,1219,-1,572,1219,573,-1,1220,514,1221,-1,1221,514,513,-1,1221,513,570,-1,1220,1222,514,-1,514,1222,515,-1,515,1222,517,-1,517,1222,1223,-1,517,1223,569,-1,519,360,526,-1,526,360,1202,-1,536,528,527,-1,1224,1216,575,-1,1223,1225,569,-1,569,1225,555,-1,1202,1224,526,-1,526,1224,575,-1,526,575,527,-1,527,575,573,-1,527,573,536,-1,536,573,544,-1,573,1219,544,-1,544,1219,1226,-1,544,1226,1227,-1,544,570,546,-1,546,570,569,-1,546,569,545,-1,545,569,555,-1,545,555,547,-1,1227,1228,544,-1,544,1228,1229,-1,544,1229,1230,-1,1230,1231,544,-1,544,1231,1232,-1,544,1232,1233,-1,1233,1234,544,-1,544,1234,1235,-1,544,1235,570,-1,570,1235,1221,-1,609,607,683,-1,683,686,609,-1,609,686,1236,-1,609,1236,610,-1,1236,688,610,-1,610,688,1237,-1,610,1237,612,-1,1237,691,612,-1,612,691,690,-1,612,690,689,-1,689,1238,612,-1,612,1238,695,-1,612,695,1239,-1,693,1240,1241,-1,1241,1240,698,-1,698,1242,1241,-1,1241,1242,700,-1,1241,700,701,-1,701,702,1241,-1,1241,702,703,-1,1241,703,704,-1,707,1243,706,-1,706,1243,1241,-1,706,1241,705,-1,705,1241,704,-1,604,680,679,-1,679,1244,604,-1,604,1244,682,-1,604,682,606,-1,682,681,606,-1,606,681,685,-1,606,685,607,-1,607,685,1245,-1,607,1245,683,-1,713,1246,1225,-1,721,722,669,-1,1246,718,1225,-1,1225,718,1247,-1,1225,1247,720,-1,720,721,1225,-1,1225,721,669,-1,1225,669,555,-1,555,669,1248,-1,555,1248,671,-1,671,673,555,-1,555,673,1249,-1,555,1249,677,-1,677,1250,555,-1,555,1250,675,-1,555,675,1251,-1,680,604,1251,-1,1251,604,603,-1,1251,603,555,-1,712,1252,1253,-1,707,708,1243,-1,1243,708,710,-1,1243,710,1253,-1,1253,710,1254,-1,1253,1254,712,-1,1252,716,1253,-1,1253,716,715,-1,1253,715,1225,-1,1225,715,1255,-1,1225,1255,713,-1,1239,693,612,-1,612,693,1241,-1,612,1241,614,-1,614,1241,1256,-1,614,1256,616,-1,616,1256,617,-1,617,1256,618,-1,618,1256,1257,-1,618,1257,620,-1,620,1257,622,-1,622,1257,1258,-1,622,1258,624,-1,624,1258,625,-1,625,1258,1259,-1,625,1259,626,-1,1260,1261,1262,-1,964,1260,963,-1,963,1260,962,-1,964,965,1260,-1,1260,965,969,-1,1260,969,1263,-1,1263,969,968,-1,1263,968,967,-1,967,966,1263,-1,1263,966,970,-1,1263,970,1264,-1,1264,970,971,-1,1264,971,972,-1,972,973,1264,-1,1264,973,975,-1,1264,975,974,-1,974,979,1264,-1,1264,979,978,-1,1264,978,1265,-1,1265,978,977,-1,977,976,1265,-1,1265,976,983,-1,1265,983,982,-1,982,981,1265,-1,1265,981,980,-1,1265,980,984,-1,1266,829,987,-1,987,829,1267,-1,992,905,993,-1,993,905,830,-1,993,830,988,-1,988,830,829,-1,988,829,989,-1,989,829,1266,-1,908,1268,906,-1,906,1268,1265,-1,906,1265,829,-1,829,1265,984,-1,829,984,1267,-1,908,910,1268,-1,1268,910,912,-1,1268,912,1269,-1,912,917,1269,-1,1269,917,916,-1,1269,916,1270,-1,841,1271,913,-1,913,1271,1270,-1,913,1270,914,-1,914,1270,916,-1,1272,896,952,-1,952,896,833,-1,833,1004,1273,-1,1011,952,1274,-1,1274,952,833,-1,1274,833,1009,-1,1009,833,1273,-1,952,953,1272,-1,1272,953,954,-1,1272,954,955,-1,955,957,1272,-1,1272,957,956,-1,1272,956,1275,-1,956,960,1275,-1,1275,960,959,-1,1275,959,1262,-1,1262,959,958,-1,1262,958,1260,-1,1260,958,961,-1,1260,961,962,-1,1276,832,1003,-1,1003,832,898,-1,1003,898,1277,-1,1277,898,1001,-1,1276,1007,832,-1,832,1007,1006,-1,832,1006,833,-1,833,1006,1278,-1,833,1278,1004,-1,992,1279,905,-1,905,1279,990,-1,905,990,904,-1,990,994,904,-1,904,994,995,-1,904,995,902,-1,995,1280,902,-1,902,1280,997,-1,902,997,900,-1,900,997,998,-1,900,998,898,-1,898,998,1281,-1,898,1281,1001,-1,264,292,823,-1,823,292,828,-1,531,275,256,-1,256,275,269,-1,256,269,255,-1,288,289,870,-1,593,595,281,-1,281,595,282,-1,593,281,591,-1,591,281,280,-1,591,280,589,-1,286,881,291,-1,291,881,882,-1,291,882,292,-1,292,882,1282,-1,292,1282,828,-1,287,878,286,-1,286,878,880,-1,286,880,881,-1,870,872,288,-1,288,872,874,-1,288,874,287,-1,287,874,876,-1,287,876,878,-1,290,866,289,-1,289,866,868,-1,289,868,870,-1,589,280,587,-1,587,280,279,-1,587,279,581,-1,581,279,278,-1,581,278,566,-1,531,543,275,-1,275,543,251,-1,275,251,277,-1,277,251,252,-1,277,252,278,-1,278,252,550,-1,278,550,566,-1,271,377,270,-1,270,377,379,-1,270,379,266,-1,595,597,282,-1,282,597,599,-1,282,599,283,-1,283,599,600,-1,283,600,284,-1,284,600,601,-1,284,601,285,-1,285,601,859,-1,285,859,290,-1,290,859,864,-1,290,864,866,-1,379,381,266,-1,266,381,382,-1,266,382,267,-1,267,382,383,-1,267,383,269,-1,269,383,525,-1,269,525,255,-1,272,373,271,-1,271,373,375,-1,271,375,377,-1,273,369,272,-1,272,369,371,-1,272,371,373,-1,1056,1054,260,-1,260,1054,261,-1,1056,260,1058,-1,1058,260,259,-1,1058,259,1060,-1,1060,259,1062,-1,1062,259,258,-1,1062,258,1064,-1,1064,258,1049,-1,1049,258,257,-1,1049,257,773,-1,822,806,823,-1,823,806,805,-1,823,805,264,-1,264,805,777,-1,264,777,257,-1,257,777,774,-1,257,774,773,-1,1054,1052,261,-1,261,1052,1050,-1,261,1050,262,-1,262,1050,1013,-1,262,1013,263,-1,263,1013,725,-1,263,725,265,-1,265,725,367,-1,265,367,273,-1,273,367,364,-1,273,364,369,-1,826,828,827,-1,827,828,1282,-1,827,1282,1283,-1,1283,1282,1284,-1,1285,1286,1287,-1,1282,1288,1284,-1,1284,1288,1285,-1,1284,1285,1289,-1,1289,1285,1287,-1,896,1283,897,-1,897,1283,1284,-1,1289,894,1284,-1,1284,894,893,-1,1284,893,897,-1,886,891,1289,-1,1289,891,890,-1,1289,890,894,-1,1289,1287,886,-1,886,1287,1286,-1,886,1286,887,-1,887,1286,889,-1,889,1286,1285,-1,889,1285,883,-1,883,1285,884,-1,884,1285,1288,-1,884,1288,835,-1,835,1288,836,-1,836,1288,1282,-1,836,1282,882,-1,
        ]
    }
}
Shape{
    appearance Appearance {
        material  Material 	{
            diffuseColor 0.9686274509803922 0.8784313725490196 0.6
            specularColor 0.6784313725490196 0.615686274509804 0.4196078431372549
            ambientIntensity 0.8737
            transparency 0.0
            shininess 0.5
        }
    }
    geometry IndexedFaceSet {
        ccw TRUE
        solid FALSE
        coord DEF co Coordinate {
            point [
                -0.9646 1.0453 0.0, -0.9646 0.7455 0.0, -1.2008 1.0453 0.0, -1.2008 0.7455 0.0, -1.2008 1.0728 0.0276, -0.9646 1.0728 0.0276, -0.9646 1.0728 0.0512, -1.2008 1.0728 0.0512, -0.9646 1.0453 0.0787, -1.2008 1.0453 0.0787
            ]
        }
        coordIndex [
            0,1,2,-1,2,1,3,-1,2,4,0,-1,0,4,5,-1,6,5,7,-1,7,5,4,-1,8,6,9,-1,9,6,7,-1,
        ]
    }
}
Shape{
    appearance Appearance {
        material  Material 	{
            diffuseColor 0.2235294117647059 0.2235294117647059 0.2235294117647059
            specularColor 0.11372549019607843 0.11372549019607843 0.11372549019607843
            ambientIntensity 0.2235
            transparency 0.0
            shininess 0.5
        }
    }
    geometry IndexedFaceSet {
        ccw TRUE
        solid FALSE
        coord DEF co Coordinate {
            point [
                -0.9661 0.7129 0.1102, -0.9646 0.7129 0.1102, -0.9688 0.7173 0.1032, -0.9646 0.7187 0.1013, -0.9694 0.7189 0.1015, -0.973 0.7276 0.0922, -0.9646 0.7288 0.0913, -0.9733 0.7288 0.0914, -0.9757 0.7386 0.085, -0.9646 0.741 0.0839, -0.9761 0.741 0.0842, -0.9777 0.7517 0.0803, -0.9646 0.7546 0.0797, -0.9778 0.7546 0.08, -0.9646 0.7651 0.0787, -0.9783 0.7651 0.0787
            ]
        }
        coordIndex [
            0,1,2,-1,2,1,3,-1,2,3,4,-1,4,3,5,-1,5,3,6,-1,5,6,7,-1,7,6,8,-1,8,6,9,-1,8,9,10,-1,10,9,11,-1,11,9,12,-1,11,12,13,-1,13,12,14,-1,13,14,15,-1,
        ]
    }
}
Shape{
    appearance Appearance {
        material  Material 	{
            diffuseColor 0.9686274509803922 0.8784313725490196 0.6
            specularColor 0.6784313725490196 0.615686274509804 0.4196078431372549
            ambientIntensity 0.8737
            transparency 0.0
            shininess 0.5
        }
    }
    geometry IndexedFaceSet {
        ccw TRUE
        solid FALSE
        coord DEF co Coordinate {
            point [
                -0.9646 0.7455 0.0, -0.9646 0.7546 0.0797, -0.9646 0.717 0.0035, -0.9646 0.741 0.0839, -0.9646 0.6893 0.0142, -0.9646 0.7288 0.0913, -0.9646 0.6652 0.0315, -0.9646 0.6461 0.0543, -0.9646 0.7187 0.1013, -0.9646 0.6333 0.0811, -0.9646 0.7129 0.1102, -0.9646 0.6276 0.1102, -0.9646 1.0728 0.0276, -0.9646 1.0728 0.0512, -0.9646 1.0453 0.0, -0.9646 1.0453 0.0787, -0.9646 0.7651 0.0787
            ]
        }
        coordIndex [
            0,1,2,-1,2,1,3,-1,2,3,4,-1,4,3,5,-1,4,5,6,-1,6,5,7,-1,7,5,8,-1,7,8,9,-1,9,8,10,-1,9,10,11,-1,12,13,14,-1,14,13,15,-1,14,15,0,-1,0,15,16,-1,0,16,1,-1,
        ]
    }
}
Shape{
    appearance Appearance {
        material  Material 	{
            diffuseColor 0.2235294117647059 0.2235294117647059 0.2235294117647059
            specularColor 0.11372549019607843 0.11372549019607843 0.11372549019607843
            ambientIntensity 0.2235
            transparency 0.0
            shininess 0.5
        }
    }
    geometry IndexedFaceSet {
        ccw TRUE
        solid FALSE
        coord DEF co Coordinate {
            point [
                -1.185 0.7651 0.0787, -1.2008 0.7651 0.0787, -1.1855 0.7546 0.08, -1.2008 0.7546 0.0797, -1.1857 0.7514 0.0803, -1.2008 0.741 0.0839, -1.1871 0.741 0.0841, -1.1875 0.7387 0.085, -1.2008 0.7288 0.0913, -1.19 0.7289 0.0914, -1.1904 0.7271 0.0926, -1.2008 0.7187 0.1013, -1.1939 0.7187 0.1014, -1.1944 0.7175 0.1027, -1.2008 0.7129 0.1102, -1.1973 0.7129 0.1102
            ]
        }
        coordIndex [
            0,1,2,-1,2,1,3,-1,2,3,4,-1,4,3,5,-1,4,5,6,-1,6,5,7,-1,7,5,8,-1,7,8,9,-1,9,8,10,-1,10,8,11,-1,10,11,12,-1,12,11,13,-1,13,11,14,-1,13,14,15,-1,
        ]
    }
}
Shape{
    appearance Appearance {
        material  Material 	{
            diffuseColor 0.9686274509803922 0.8784313725490196 0.6
            specularColor 0.6784313725490196 0.615686274509804 0.4196078431372549
            ambientIntensity 0.8737
            transparency 0.0
            shininess 0.5
        }
    }
    geometry IndexedFaceSet {
        ccw TRUE
        solid FALSE
        coord DEF co Coordinate {
            point [
                -1.2008 0.7651 0.0787, -1.185 0.7651 0.0787, -1.185 0.8484 0.0787, -0.9783 0.7651 0.0787, -0.9646 0.7651 0.0787, -0.9783 0.8484 0.0787, -0.9646 1.0453 0.0787, -1.2008 1.0453 0.0787, -1.2008 0.717 0.0035, -1.2008 0.7455 0.0, -0.9646 0.7455 0.0, -0.9646 0.717 0.0035, -0.9646 0.6893 0.0142, -1.2008 0.6893 0.0142, -0.9646 0.6652 0.0315, -1.2008 0.6652 0.0315, -0.9646 0.6461 0.0543, -1.2008 0.6461 0.0543, -0.9646 0.6333 0.0811, -1.2008 0.6333 0.0811, -0.9646 0.6276 0.1102, -1.2008 0.6276 0.1102, -1.2008 0.7129 0.1102, -1.2008 0.7187 0.1013, -1.2008 0.741 0.0839, -1.2008 0.7288 0.0913, -1.2008 1.0728 0.0512, -1.2008 1.0728 0.0276, -1.2008 1.0453 0.0, -1.2008 0.7546 0.0797
            ]
        }
        coordIndex [
            0,1,2,-1,3,4,5,-1,5,4,6,-1,5,6,2,-1,2,6,7,-1,2,7,0,-1,8,9,10,-1,10,11,8,-1,8,11,12,-1,8,12,13,-1,13,12,14,-1,13,14,15,-1,15,14,16,-1,15,16,17,-1,17,16,18,-1,17,18,19,-1,19,18,20,-1,19,20,21,-1,21,22,19,-1,19,22,23,-1,9,8,24,-1,24,8,13,-1,24,13,25,-1,25,13,15,-1,25,15,23,-1,23,15,17,-1,23,17,19,-1,26,27,7,-1,7,27,28,-1,7,28,0,-1,0,28,9,-1,0,9,29,-1,29,9,24,-1,
        ]
    }
}
Shape{
    appearance Appearance {
        material  Material 	{
            diffuseColor 0.2235294117647059 0.2235294117647059 0.2235294117647059
            specularColor 0.11372549019607843 0.11372549019607843 0.11372549019607843
            ambientIntensity 0.2235
            transparency 0.0
            shininess 0.5
        }
    }
    geometry IndexedFaceSet {
        ccw TRUE
        solid FALSE
        coord DEF co Coordinate {
            point [
                -0.9733 0.7288 0.0914, -0.9757 0.7386 0.085, -0.9761 0.741 0.0842, -0.9783 0.8484 0.0787, -0.9661 0.8484 0.1102, -0.9783 0.7651 0.0787, -0.9661 0.7129 0.1102, -0.9778 0.7546 0.08, -0.9688 0.7173 0.1032, -0.9694 0.7189 0.1015, -0.973 0.7276 0.0922, -0.9777 0.7517 0.0803, -1.185 0.8484 0.0787, -1.1973 0.8484 0.1102, -1.185 0.7651 0.0787, -1.1904 0.7271 0.0926, -1.1939 0.7187 0.1014, -1.1944 0.7175 0.1027, -1.1973 0.7129 0.1102, -1.1855 0.7546 0.08, -1.1857 0.7514 0.0803, -1.1871 0.741 0.0841, -1.1875 0.7387 0.085, -1.19 0.7289 0.0914
            ]
        }
        coordIndex [
            0,1,2,-1,3,4,5,-1,5,4,6,-1,5,6,7,-1,6,8,9,-1,10,0,9,-1,9,0,2,-1,9,2,6,-1,6,2,11,-1,6,11,7,-1,3,12,4,-1,4,12,13,-1,13,12,14,-1,15,16,13,-1,13,16,17,-1,13,17,18,-1,14,19,13,-1,13,19,20,-1,13,20,21,-1,21,22,13,-1,13,22,23,-1,13,23,15,-1,
        ]
    }
}
Shape{
    appearance Appearance {
        material  Material 	{
            diffuseColor 1.0 1.0 1.0
            specularColor 0.5019607843137255 0.5019607843137255 0.5019607843137255
            ambientIntensity 1.0
            transparency 0.0
            shininess 0.5
        }
    }
    geometry IndexedFaceSet {
        ccw TRUE
        solid FALSE
        coord DEF co Coordinate {
            point [
                -0.0949 0.876 0.5429, -0.0949 0.876 0.5338, -0.0949 0.876 0.5429, -0.0949 0.876 0.5338, -0.0631 0.876 0.5431, -0.0631 0.876 0.5431, -0.0636 0.876 0.614, -0.0636 0.876 0.614, -0.0636 0.876 0.6137, -0.0532 0.876 0.6141, -0.0532 0.876 0.6141, -0.0527 0.876 0.5341, -0.0527 0.876 0.5341, -0.0532 0.876 0.6137, -0.1359 0.876 0.5321, -0.1359 0.876 0.5321, -0.1384 0.876 0.5323, -0.1481 0.876 0.5332, -0.1481 0.876 0.5332, -0.1568 0.876 0.5359, -0.1568 0.876 0.5359, -0.1581 0.876 0.5366, -0.1581 0.876 0.5366, -0.1582 0.876 0.5465, -0.1582 0.876 0.5465, -0.1503 0.876 0.543, -0.1503 0.876 0.543, -0.1412 0.876 0.5414, -0.1412 0.876 0.5414, -0.1375 0.876 0.5413, -0.1375 0.876 0.5413, -0.1306 0.876 0.5421, -0.1306 0.876 0.5421, -0.1247 0.876 0.5441, -0.1247 0.876 0.5441, -0.1193 0.876 0.5477, -0.1193 0.876 0.5477, -0.117 0.876 0.5499, -0.117 0.876 0.5499, -0.1134 0.876 0.5549, -0.1134 0.876 0.5549, -0.1107 0.876 0.5612, -0.1107 0.876 0.5612, -0.1094 0.876 0.5691, -0.1094 0.876 0.5691, -0.1093 0.876 0.5728, -0.1093 0.876 0.5728, -0.1107 0.876 0.5838, -0.1107 0.876 0.5838, -0.1134 0.876 0.5907, -0.1134 0.876 0.5907, -0.1173 0.876 0.5962, -0.1173 0.876 0.5962, -0.1179 0.876 0.5968, -0.1179 0.876 0.5968, -0.1228 0.876 0.6009, -0.1228 0.876 0.6009, -0.129 0.876 0.6039, -0.129 0.876 0.6039, -0.1359 0.876 0.6054, -0.1359 0.876 0.6054, -0.1397 0.876 0.6055, -0.1397 0.876 0.6055, -0.1496 0.876 0.6043, -0.1496 0.876 0.6043, -0.1577 0.876 0.6011, -0.1577 0.876 0.6011, -0.1586 0.876 0.6006, -0.1586 0.876 0.6006, -0.1587 0.876 0.6114, -0.1587 0.876 0.6114, -0.1397 0.876 0.6149, -0.1397 0.876 0.6149, -0.1502 0.876 0.614, -0.1511 0.876 0.6137, -0.1502 0.876 0.614, -0.1281 0.876 0.6135, -0.1295 0.876 0.6137, -0.1281 0.876 0.6135, -0.1197 0.876 0.6103, -0.1197 0.876 0.6103, -0.1122 0.876 0.6051, -0.1122 0.876 0.6051, -0.1102 0.876 0.6033, -0.1102 0.876 0.6033, -0.1044 0.876 0.5957, -0.1044 0.876 0.5957, -0.1015 0.876 0.5891, -0.1005 0.876 0.5869, -0.1005 0.876 0.5869, -0.0986 0.876 0.5764, -0.0986 0.876 0.5764, -0.0984 0.876 0.5722, -0.0984 0.876 0.5722, -0.0999 0.876 0.5592, -0.0999 0.876 0.5592, -0.1015 0.876 0.5552, -0.1031 0.876 0.5508, -0.1031 0.876 0.5508, -0.1078 0.876 0.544, -0.1078 0.876 0.544, -0.1085 0.876 0.5432, -0.1085 0.876 0.5432, -0.1319 0.876 0.5323, -0.1311 0.876 0.5324, -0.1311 0.876 0.5324, -0.1224 0.876 0.5342, -0.1224 0.876 0.5342, -0.1149 0.876 0.5378, -0.1149 0.876 0.5378, -0.2173 0.876 0.542, -0.2172 0.876 0.5329, -0.2173 0.876 0.542, -0.2172 0.876 0.5329, -0.1845 0.876 0.5422, -0.1845 0.876 0.5422, -0.2055 0.876 0.5421, -0.1847 0.876 0.5692, -0.1847 0.876 0.5692, -0.2134 0.876 0.569, -0.2134 0.876 0.569, -0.2055 0.876 0.569, -0.2134 0.876 0.5781, -0.2134 0.876 0.5781, -0.1848 0.876 0.5783, -0.1848 0.876 0.5783, -0.2055 0.876 0.5782, -0.185 0.876 0.604, -0.185 0.876 0.604, -0.2159 0.876 0.6038, -0.2159 0.876 0.6038, -0.2055 0.876 0.6038, -0.2159 0.876 0.613, -0.2159 0.876 0.613, -0.1747 0.876 0.6133, -0.1747 0.876 0.6133, -0.2055 0.876 0.613, -0.1741 0.876 0.5332, -0.1741 0.876 0.5332, -0.2055 0.876 0.533, -0.2855 0.876 0.5436, -0.2773 0.876 0.5491, -0.2771 0.876 0.5377, -0.2721 0.876 0.5455, -0.2679 0.876 0.5342, -0.2654 0.876 0.543, -0.2543 0.876 0.5326, -0.2543 0.876 0.5417, -0.2323 0.876 0.5328, -0.2427 0.876 0.5418, -0.2329 0.876 0.6128, -0.2432 0.876 0.6036, -0.2557 0.876 0.6127, -0.2553 0.876 0.6035, -0.2561 0.876 0.6035, -0.2679 0.876 0.6112, -0.2664 0.876 0.6021, -0.2776 0.876 0.6076, -0.2731 0.876 0.5994, -0.2859 0.876 0.6019, -0.2783 0.876 0.5958, -0.2887 0.876 0.5991, -0.2805 0.876 0.5936, -0.2936 0.876 0.5921, -0.2836 0.876 0.589, -0.2965 0.876 0.5844, -0.2858 0.876 0.5832, -0.2978 0.876 0.5734, -0.2869 0.876 0.5732, -0.2975 0.876 0.5683, -0.2866 0.876 0.5676, -0.2955 0.876 0.5589, -0.2849 0.876 0.5604, -0.2915 0.876 0.5507, -0.282 0.876 0.5545, -0.2782 0.876 0.5499, -0.2543 0.876 0.5326, -0.2323 0.876 0.5328, -0.2855 0.876 0.5436, -0.2679 0.876 0.5342, -0.2683 0.876 0.5343, -0.2771 0.876 0.5377, -0.2915 0.876 0.5507, -0.2955 0.876 0.5589, -0.2975 0.876 0.5683, -0.2978 0.876 0.5734, -0.2965 0.876 0.5844, -0.2936 0.876 0.5921, -0.2887 0.876 0.5991, -0.2859 0.876 0.6019, -0.2557 0.876 0.6127, -0.2776 0.876 0.6076, -0.2683 0.876 0.6111, -0.2679 0.876 0.6112, -0.2329 0.876 0.6128, -0.2553 0.876 0.6035, -0.2432 0.876 0.6036, -0.2427 0.876 0.5418, -0.2543 0.876 0.5417, -0.2782 0.876 0.5499, -0.2773 0.876 0.5491, -0.2721 0.876 0.5455, -0.2654 0.876 0.543, -0.2869 0.876 0.5732, -0.2866 0.876 0.5676, -0.2849 0.876 0.5604, -0.282 0.876 0.5545, -0.2783 0.876 0.5958, -0.2805 0.876 0.5936, -0.2836 0.876 0.589, -0.2858 0.876 0.5832, -0.2561 0.876 0.6035, -0.2664 0.876 0.6021, -0.2731 0.876 0.5994
            ]
        }
        coordIndex [
            0,1,2,-1,2,1,3,-1,4,0,5,-1,5,0,2,-1,6,7,8,-1,8,7,4,-1,8,4,5,-1,9,7,10,-1,10,7,6,-1,11,12,13,-1,13,12,9,-1,13,9,10,-1,1,12,3,-1,3,12,11,-1,7,9,4,-1,4,9,12,-1,4,12,0,-1,0,12,1,-1,14,15,16,-1,14,16,17,-1,16,18,17,-1,17,18,19,-1,17,19,20,-1,20,19,21,-1,20,21,22,-1,23,22,24,-1,24,22,21,-1,23,24,25,-1,23,25,26,-1,26,25,27,-1,26,27,28,-1,28,27,29,-1,28,29,30,-1,30,29,31,-1,30,31,32,-1,32,31,33,-1,32,33,34,-1,34,33,35,-1,34,35,36,-1,36,35,37,-1,36,37,38,-1,38,37,39,-1,38,39,40,-1,40,39,41,-1,40,41,42,-1,42,41,43,-1,42,43,44,-1,44,43,45,-1,44,45,46,-1,46,45,47,-1,46,47,48,-1,48,47,49,-1,48,49,50,-1,50,49,51,-1,50,51,52,-1,52,51,53,-1,52,53,54,-1,54,53,55,-1,54,55,56,-1,56,55,57,-1,56,57,58,-1,58,57,59,-1,58,59,60,-1,60,59,61,-1,60,61,62,-1,62,61,63,-1,62,63,64,-1,64,63,65,-1,64,65,66,-1,66,65,67,-1,66,67,68,-1,69,68,70,-1,70,68,67,-1,71,72,73,-1,69,70,74,-1,69,74,73,-1,73,74,75,-1,73,75,71,-1,76,72,77,-1,77,72,71,-1,77,78,76,-1,76,78,79,-1,76,79,80,-1,80,79,81,-1,80,81,82,-1,82,81,83,-1,82,83,84,-1,84,83,85,-1,84,85,86,-1,86,85,87,-1,86,87,88,-1,87,89,88,-1,88,89,90,-1,88,90,91,-1,91,90,92,-1,91,92,93,-1,93,92,94,-1,93,94,95,-1,95,94,96,-1,95,96,97,-1,96,98,97,-1,97,98,99,-1,97,99,100,-1,100,99,101,-1,100,101,102,-1,15,14,103,-1,103,14,104,-1,103,104,105,-1,105,104,106,-1,105,106,107,-1,107,106,108,-1,107,108,109,-1,109,108,102,-1,109,102,101,-1,56,58,76,-1,48,50,86,-1,86,50,84,-1,76,58,72,-1,93,46,91,-1,91,46,48,-1,91,48,88,-1,88,48,86,-1,58,60,72,-1,72,60,62,-1,72,62,73,-1,73,62,64,-1,73,64,69,-1,69,64,66,-1,69,66,68,-1,22,23,20,-1,20,23,26,-1,20,26,17,-1,17,26,28,-1,17,28,14,-1,14,28,30,-1,14,30,104,-1,104,30,32,-1,104,32,106,-1,106,32,34,-1,106,34,108,-1,108,34,36,-1,108,36,102,-1,102,36,38,-1,102,38,100,-1,100,38,40,-1,100,40,97,-1,97,40,95,-1,95,40,42,-1,95,42,93,-1,93,42,44,-1,93,44,46,-1,50,52,84,-1,84,52,54,-1,84,54,82,-1,82,54,56,-1,82,56,80,-1,80,56,76,-1,110,111,112,-1,112,111,113,-1,114,115,116,-1,116,115,110,-1,116,110,112,-1,117,115,118,-1,118,115,114,-1,119,120,121,-1,121,120,117,-1,121,117,118,-1,122,120,123,-1,123,120,119,-1,124,125,126,-1,126,125,122,-1,126,122,123,-1,127,125,128,-1,128,125,124,-1,129,130,131,-1,131,130,127,-1,131,127,128,-1,132,130,133,-1,133,130,129,-1,134,135,136,-1,136,135,132,-1,136,132,133,-1,137,135,138,-1,138,135,134,-1,113,111,139,-1,139,111,137,-1,139,137,138,-1,137,111,110,-1,110,115,137,-1,137,115,117,-1,137,117,135,-1,130,132,127,-1,127,132,135,-1,127,135,125,-1,125,135,117,-1,125,117,122,-1,122,117,120,-1,140,141,142,-1,142,141,143,-1,142,143,144,-1,144,143,145,-1,144,145,146,-1,146,145,147,-1,146,147,148,-1,148,147,149,-1,148,149,150,-1,150,149,151,-1,150,151,152,-1,151,153,152,-1,152,153,154,-1,152,154,155,-1,155,154,156,-1,155,156,157,-1,157,156,158,-1,157,158,159,-1,159,158,160,-1,159,160,161,-1,161,160,162,-1,161,162,163,-1,163,162,164,-1,163,164,165,-1,165,164,166,-1,165,166,167,-1,167,166,168,-1,167,168,169,-1,169,168,170,-1,169,170,171,-1,171,170,172,-1,171,172,173,-1,173,172,174,-1,173,174,140,-1,140,174,175,-1,140,175,141,-1,146,148,176,-1,176,148,177,-1,178,140,142,-1,146,176,179,-1,146,179,144,-1,144,179,180,-1,144,180,142,-1,142,180,181,-1,142,181,178,-1,140,178,182,-1,140,182,173,-1,173,182,183,-1,173,183,171,-1,171,183,184,-1,171,184,169,-1,169,184,185,-1,169,185,167,-1,167,185,186,-1,167,186,165,-1,165,186,187,-1,165,187,163,-1,163,187,188,-1,163,188,161,-1,161,188,189,-1,161,189,159,-1,190,152,155,-1,159,189,191,-1,159,191,157,-1,157,191,192,-1,157,192,155,-1,155,192,193,-1,155,193,190,-1,150,152,194,-1,194,152,190,-1,148,150,177,-1,177,150,194,-1,153,151,195,-1,195,151,196,-1,151,149,196,-1,196,149,197,-1,149,147,197,-1,197,147,198,-1,175,199,200,-1,175,200,141,-1,141,200,201,-1,141,201,143,-1,143,201,202,-1,143,202,145,-1,145,202,198,-1,145,198,147,-1,168,203,204,-1,168,204,170,-1,170,204,205,-1,170,205,172,-1,172,205,206,-1,172,206,174,-1,174,206,199,-1,174,199,175,-1,160,207,208,-1,160,208,162,-1,162,208,209,-1,162,209,164,-1,164,209,210,-1,164,210,166,-1,166,210,203,-1,166,203,168,-1,153,195,211,-1,153,211,154,-1,154,211,212,-1,154,212,156,-1,156,212,213,-1,156,213,158,-1,158,213,207,-1,158,207,160,-1,
        ]
    }
}
Shape{
    appearance Appearance {
        material  Material 	{
            diffuseColor 0.2235294117647059 0.2235294117647059 0.2235294117647059
            specularColor 0.11372549019607843 0.11372549019607843 0.11372549019607843
            ambientIntensity 0.2235
            transparency 0.0
            shininess 0.5
        }
    }
    geometry IndexedFaceSet {
        ccw TRUE
        solid FALSE
        coord DEF co Coordinate {
            point [
                -0.2721 0.876 0.5455, -0.2773 0.876 0.5491, -0.2561 0.876 0.6035, -0.2432 0.876 0.6036, -0.2427 0.876 0.5418, -0.2553 0.876 0.6035, -0.2543 0.876 0.5417, -0.2654 0.876 0.543, -0.2782 0.876 0.5499, -0.282 0.876 0.5545, -0.2849 0.876 0.5604, -0.2869 0.876 0.5732, -0.2783 0.876 0.5958, -0.2731 0.876 0.5994, -0.2858 0.876 0.5832, -0.2836 0.876 0.589, -0.2805 0.876 0.5936, -0.2866 0.876 0.5676, -0.2664 0.876 0.6021
            ]
        }
        coordIndex [
            0,1,2,-1,3,4,5,-1,5,4,6,-1,5,6,2,-1,2,6,7,-1,2,7,0,-1,1,8,2,-1,2,8,9,-1,2,9,10,-1,11,12,13,-1,14,15,11,-1,11,15,16,-1,11,16,12,-1,10,17,2,-1,2,17,11,-1,2,11,18,-1,18,11,13,-1,
        ]
    }
}
Shape{
    appearance Appearance {
        material  Material 	{
            diffuseColor 1.0 1.0 1.0
            specularColor 0.5019607843137255 0.5019607843137255 0.5019607843137255
            ambientIntensity 1.0
            transparency 0.0
            shininess 0.5
        }
    }
    geometry IndexedFaceSet {
        ccw TRUE
        solid FALSE
        coord DEF co Coordinate {
            point [
                -0.3246 0.876 0.5631, -0.3368 0.876 0.5963, -0.333 0.876 0.6121, -0.3019 0.876 0.5323, -0.3134 0.876 0.5322, -0.3212 0.876 0.554, -0.3375 0.876 0.5986, -0.3381 0.876 0.6019, -0.3441 0.876 0.6121, -0.3384 0.876 0.6019, -0.339 0.876 0.5985, -0.3396 0.876 0.5962, -0.3514 0.876 0.5629, -0.374 0.876 0.5318, -0.3626 0.876 0.5319, -0.3546 0.876 0.5538, -0.3441 0.876 0.6121, -0.3738 0.876 0.5323, -0.374 0.876 0.5318, -0.333 0.876 0.6121, -0.302 0.876 0.5323, -0.3019 0.876 0.5323, -0.3242 0.876 0.5894, -0.3134 0.876 0.5322, -0.3212 0.876 0.554, -0.3134 0.876 0.5323, -0.3546 0.876 0.5538, -0.3242 0.876 0.554, -0.3626 0.876 0.5319, -0.3624 0.876 0.5323, -0.3246 0.876 0.5631, -0.3514 0.876 0.5629, -0.3396 0.876 0.5962, -0.3384 0.876 0.6019, -0.339 0.876 0.5985, -0.3381 0.876 0.6019, -0.3368 0.876 0.5963, -0.3375 0.876 0.5986
            ]
        }
        coordIndex [
            0,1,2,-1,3,4,5,-1,1,6,2,-1,2,6,7,-1,2,7,8,-1,8,7,9,-1,8,9,10,-1,10,11,8,-1,8,11,12,-1,8,12,13,-1,14,13,15,-1,15,13,12,-1,15,12,5,-1,5,12,0,-1,5,0,3,-1,3,0,2,-1,16,8,17,-1,17,8,13,-1,17,13,18,-1,2,8,19,-1,19,8,16,-1,20,21,3,-1,20,3,22,-1,22,3,2,-1,22,2,19,-1,4,3,23,-1,23,3,21,-1,24,5,25,-1,25,5,4,-1,25,4,23,-1,26,15,27,-1,27,15,5,-1,27,5,24,-1,28,14,29,-1,29,14,15,-1,29,15,26,-1,13,14,18,-1,18,14,28,-1,0,12,30,-1,30,12,31,-1,12,11,31,-1,31,11,32,-1,9,33,34,-1,9,34,10,-1,10,34,32,-1,10,32,11,-1,9,7,33,-1,33,7,35,-1,1,36,37,-1,1,37,6,-1,6,37,35,-1,6,35,7,-1,1,0,36,-1,36,0,30,-1,
        ]
    }
}
Shape{
    appearance Appearance {
        material  Material 	{
            diffuseColor 0.2235294117647059 0.2235294117647059 0.2235294117647059
            specularColor 0.11372549019607843 0.11372549019607843 0.11372549019607843
            ambientIntensity 0.2235
            transparency 0.0
            shininess 0.5
        }
    }
    geometry IndexedFaceSet {
        ccw TRUE
        solid FALSE
        coord DEF co Coordinate {
            point [
                -0.3384 0.876 0.6019, -0.3381 0.876 0.6019, -0.339 0.876 0.5985, -0.3375 0.876 0.5986, -0.3396 0.876 0.5962, -0.3368 0.876 0.5963, -0.3514 0.876 0.5629, -0.3246 0.876 0.5631
            ]
        }
        coordIndex [
            0,1,2,-1,2,1,3,-1,2,3,4,-1,4,3,5,-1,4,5,6,-1,6,5,7,-1,
        ]
    }
}
Shape{
    appearance Appearance {
        material  Material 	{
            diffuseColor 1.0 1.0 1.0
            specularColor 0.5019607843137255 0.5019607843137255 0.5019607843137255
            ambientIntensity 1.0
            transparency 0.0
            shininess 0.5
        }
    }
    geometry IndexedFaceSet {
        ccw TRUE
        solid FALSE
        coord DEF co Coordinate {
            point [
                -0.0949 0.876 0.4159, -0.0948 0.876 0.4067, -0.0949 0.876 0.4159, -0.0948 0.876 0.4067, -0.0622 0.876 0.4161, -0.0622 0.876 0.4161, -0.0623 0.876 0.443, -0.0623 0.876 0.443, -0.091 0.876 0.4428, -0.091 0.876 0.4428, -0.091 0.876 0.452, -0.091 0.876 0.452, -0.0624 0.876 0.4522, -0.0624 0.876 0.4522, -0.0626 0.876 0.4778, -0.0626 0.876 0.4778, -0.0935 0.876 0.4776, -0.0935 0.876 0.4776, -0.0936 0.876 0.4863, -0.0936 0.876 0.4868, -0.0936 0.876 0.4868, -0.0936 0.876 0.4848, -0.0523 0.876 0.4871, -0.0523 0.876 0.4871, -0.0523 0.876 0.4863, -0.0518 0.876 0.407, -0.0518 0.876 0.407, -0.0522 0.876 0.4705, -0.0523 0.876 0.4848, -0.0522 0.876 0.407, -0.1403 0.876 0.4064, -0.1504 0.876 0.4063, -0.1404 0.876 0.4152, -0.1506 0.876 0.4431, -0.1271 0.876 0.4334, -0.1405 0.876 0.4351, -0.1405 0.876 0.4296, -0.1401 0.876 0.4152, -0.1349 0.876 0.4168, -0.1376 0.876 0.4117, -0.132 0.876 0.4149, -0.112 0.876 0.4367, -0.1088 0.876 0.4341, -0.1162 0.876 0.4285, -0.1405 0.876 0.4289, -0.1398 0.876 0.4245, -0.1383 0.876 0.4209, -0.1361 0.876 0.418, -0.1104 0.876 0.4598, -0.1103 0.876 0.45, -0.1125 0.876 0.461, -0.1162 0.876 0.4538, -0.12 0.876 0.4638, -0.1225 0.876 0.4561, -0.1301 0.876 0.465, -0.1291 0.876 0.4568, -0.1364 0.876 0.4643, -0.1325 0.876 0.4565, -0.1405 0.876 0.463, -0.1348 0.876 0.4556, -0.1438 0.876 0.461, -0.1366 0.876 0.4545, -0.1465 0.876 0.4584, -0.1381 0.876 0.4528, -0.1485 0.876 0.4551, -0.1393 0.876 0.4508, -0.15 0.876 0.4504, -0.1403 0.876 0.4472, -0.1406 0.876 0.4428, -0.1153 0.876 0.4266, -0.1068 0.876 0.4313, -0.1148 0.876 0.4243, -0.1236 0.876 0.4405, -0.1186 0.876 0.4309, -0.1209 0.876 0.432, -0.1167 0.876 0.4169, -0.1094 0.876 0.4098, -0.1176 0.876 0.416, -0.1127 0.876 0.4074, -0.1196 0.876 0.4146, -0.1166 0.876 0.4059, -0.1218 0.876 0.4138, -0.1225 0.876 0.4052, -0.1252 0.876 0.4134, -0.1282 0.876 0.4058, -0.129 0.876 0.4138, -0.1322 0.876 0.4074, -0.1343 0.876 0.4086, -0.1174 0.876 0.4299, -0.1164 0.876 0.4388, -0.1053 0.876 0.4278, -0.1046 0.876 0.4235, -0.1147 0.876 0.4227, -0.1045 0.876 0.422, -0.1149 0.876 0.4204, -0.105 0.876 0.4174, -0.1156 0.876 0.4186, -0.1062 0.876 0.414, -0.1083 0.876 0.4109, -0.1301 0.876 0.465, -0.12 0.876 0.4638, -0.1125 0.876 0.461, -0.1104 0.876 0.4598, -0.1103 0.876 0.45, -0.1162 0.876 0.4538, -0.1225 0.876 0.4561, -0.1291 0.876 0.4568, -0.1325 0.876 0.4565, -0.1348 0.876 0.4556, -0.1366 0.876 0.4545, -0.1381 0.876 0.4528, -0.1393 0.876 0.4508, -0.1403 0.876 0.4472, -0.1406 0.876 0.4428, -0.1236 0.876 0.4405, -0.1164 0.876 0.4388, -0.112 0.876 0.4367, -0.1088 0.876 0.4341, -0.1068 0.876 0.4313, -0.1053 0.876 0.4278, -0.1046 0.876 0.4235, -0.1045 0.876 0.422, -0.105 0.876 0.4174, -0.1062 0.876 0.414, -0.1083 0.876 0.4109, -0.1094 0.876 0.4098, -0.1127 0.876 0.4074, -0.1166 0.876 0.4059, -0.1225 0.876 0.4052, -0.1282 0.876 0.4058, -0.1322 0.876 0.4074, -0.1343 0.876 0.4086, -0.1376 0.876 0.4117, -0.1401 0.876 0.4152, -0.1404 0.876 0.4152, -0.1403 0.876 0.4064, -0.1504 0.876 0.4063, -0.1506 0.876 0.4431, -0.15 0.876 0.4504, -0.1485 0.876 0.4551, -0.1465 0.876 0.4584, -0.1438 0.876 0.461, -0.1405 0.876 0.463, -0.1364 0.876 0.4643, -0.1174 0.876 0.4299, -0.1186 0.876 0.4309, -0.1209 0.876 0.432, -0.1271 0.876 0.4334, -0.1147 0.876 0.4227, -0.1148 0.876 0.4243, -0.1153 0.876 0.4266, -0.1162 0.876 0.4285, -0.1176 0.876 0.416, -0.1167 0.876 0.4169, -0.1156 0.876 0.4186, -0.1149 0.876 0.4204, -0.1252 0.876 0.4134, -0.1218 0.876 0.4138, -0.1196 0.876 0.4146, -0.1361 0.876 0.418, -0.1349 0.876 0.4168, -0.132 0.876 0.4149, -0.129 0.876 0.4138, -0.1405 0.876 0.4296, -0.1405 0.876 0.4289, -0.1398 0.876 0.4245, -0.1383 0.876 0.4209, -0.1405 0.876 0.4351
            ]
        }
        coordIndex [
            0,1,2,-1,2,1,3,-1,4,0,5,-1,5,0,2,-1,6,4,7,-1,7,4,5,-1,8,6,9,-1,9,6,7,-1,10,8,11,-1,11,8,9,-1,12,10,13,-1,13,10,11,-1,14,12,15,-1,15,12,13,-1,16,14,17,-1,17,14,15,-1,18,19,20,-1,18,20,21,-1,21,20,16,-1,21,16,17,-1,22,20,23,-1,23,20,19,-1,22,23,24,-1,25,26,27,-1,27,26,22,-1,27,22,28,-1,28,22,24,-1,3,1,29,-1,29,1,26,-1,29,26,25,-1,26,1,0,-1,0,4,26,-1,26,4,6,-1,26,6,22,-1,16,20,14,-1,14,20,22,-1,14,22,12,-1,12,22,6,-1,12,6,10,-1,10,6,8,-1,30,31,32,-1,32,31,33,-1,34,35,33,-1,33,35,36,-1,37,38,39,-1,39,38,40,-1,41,42,43,-1,36,44,33,-1,33,44,45,-1,33,45,32,-1,32,45,46,-1,32,46,37,-1,37,46,47,-1,37,47,38,-1,48,49,50,-1,50,49,51,-1,50,51,52,-1,52,51,53,-1,52,53,54,-1,54,53,55,-1,54,55,56,-1,56,55,57,-1,56,57,58,-1,58,57,59,-1,58,59,60,-1,60,59,61,-1,60,61,62,-1,62,61,63,-1,62,63,64,-1,64,63,65,-1,64,65,66,-1,66,65,67,-1,66,67,33,-1,33,67,68,-1,33,68,34,-1,43,42,69,-1,69,42,70,-1,69,70,71,-1,72,73,68,-1,68,73,74,-1,68,74,34,-1,75,76,77,-1,77,76,78,-1,77,78,79,-1,79,78,80,-1,79,80,81,-1,81,80,82,-1,81,82,83,-1,83,82,84,-1,83,84,85,-1,85,84,86,-1,85,86,40,-1,40,86,87,-1,40,87,39,-1,43,88,41,-1,41,88,73,-1,41,73,89,-1,89,73,72,-1,70,90,71,-1,71,90,91,-1,71,91,92,-1,92,91,93,-1,92,93,94,-1,94,93,95,-1,94,95,96,-1,96,95,97,-1,96,97,75,-1,75,97,98,-1,75,98,76,-1,54,99,100,-1,54,100,52,-1,52,100,101,-1,52,101,50,-1,50,101,102,-1,50,102,48,-1,49,48,103,-1,103,48,102,-1,49,103,104,-1,49,104,51,-1,51,104,105,-1,51,105,53,-1,53,105,106,-1,53,106,55,-1,55,106,107,-1,55,107,57,-1,57,107,108,-1,57,108,59,-1,59,108,109,-1,59,109,61,-1,61,109,110,-1,61,110,63,-1,63,110,111,-1,63,111,65,-1,65,111,112,-1,65,112,67,-1,67,112,113,-1,67,113,68,-1,72,68,114,-1,114,68,113,-1,72,114,115,-1,72,115,89,-1,89,115,116,-1,89,116,41,-1,41,116,117,-1,41,117,42,-1,42,117,118,-1,42,118,70,-1,70,118,119,-1,70,119,90,-1,90,119,120,-1,90,120,91,-1,91,120,121,-1,91,121,93,-1,93,121,122,-1,93,122,95,-1,95,122,123,-1,95,123,97,-1,97,123,124,-1,97,124,98,-1,98,124,125,-1,98,125,76,-1,76,125,126,-1,76,126,78,-1,78,126,127,-1,78,127,80,-1,80,127,128,-1,80,128,82,-1,82,128,129,-1,82,129,84,-1,84,129,130,-1,84,130,86,-1,86,130,131,-1,86,131,87,-1,87,131,132,-1,87,132,39,-1,39,132,133,-1,39,133,37,-1,32,37,134,-1,134,37,133,-1,30,32,135,-1,135,32,134,-1,31,30,136,-1,136,30,135,-1,33,31,137,-1,137,31,136,-1,33,137,138,-1,33,138,66,-1,66,138,139,-1,66,139,64,-1,64,139,140,-1,64,140,62,-1,62,140,141,-1,62,141,60,-1,60,141,142,-1,60,142,58,-1,58,142,143,-1,58,143,56,-1,56,143,99,-1,56,99,54,-1,88,144,145,-1,88,145,73,-1,73,145,146,-1,73,146,74,-1,74,146,147,-1,74,147,34,-1,92,148,149,-1,92,149,71,-1,71,149,150,-1,71,150,69,-1,69,150,151,-1,69,151,43,-1,43,151,144,-1,43,144,88,-1,77,152,153,-1,77,153,75,-1,75,153,154,-1,75,154,96,-1,96,154,155,-1,96,155,94,-1,94,155,148,-1,94,148,92,-1,83,156,157,-1,83,157,81,-1,81,157,158,-1,81,158,79,-1,79,158,152,-1,79,152,77,-1,47,159,160,-1,47,160,38,-1,38,160,161,-1,38,161,40,-1,40,161,162,-1,40,162,85,-1,85,162,156,-1,85,156,83,-1,36,163,164,-1,36,164,44,-1,44,164,165,-1,44,165,45,-1,45,165,166,-1,45,166,46,-1,46,166,159,-1,46,159,47,-1,36,35,163,-1,163,35,167,-1,35,34,167,-1,167,34,147,-1,
        ]
    }
}
Shape{
    appearance Appearance {
        material  Material 	{
            diffuseColor 0.2235294117647059 0.2235294117647059 0.2235294117647059
            specularColor 0.11372549019607843 0.11372549019607843 0.11372549019607843
            ambientIntensity 0.2235
            transparency 0.0
            shininess 0.5
        }
    }
    geometry IndexedFaceSet {
        ccw TRUE
        solid FALSE
        coord DEF co Coordinate {
            point [
                -0.1405 0.876 0.4289, -0.1405 0.876 0.4296, -0.1174 0.876 0.4299, -0.1405 0.876 0.4351, -0.1271 0.876 0.4334, -0.1209 0.876 0.432, -0.1186 0.876 0.4309, -0.1398 0.876 0.4245, -0.1162 0.876 0.4285, -0.1383 0.876 0.4209, -0.1167 0.876 0.4169, -0.1176 0.876 0.416, -0.1349 0.876 0.4168, -0.1156 0.876 0.4186, -0.132 0.876 0.4149, -0.129 0.876 0.4138, -0.1252 0.876 0.4134, -0.1153 0.876 0.4266, -0.1148 0.876 0.4243, -0.1361 0.876 0.418, -0.1147 0.876 0.4227, -0.1149 0.876 0.4204, -0.1196 0.876 0.4146, -0.1218 0.876 0.4138
            ]
        }
        coordIndex [
            0,1,2,-1,1,3,4,-1,4,5,1,-1,1,5,6,-1,1,6,2,-1,0,2,7,-1,7,2,8,-1,7,8,9,-1,10,11,12,-1,10,12,13,-1,14,12,15,-1,15,12,16,-1,8,17,9,-1,9,17,18,-1,9,18,19,-1,19,18,20,-1,19,20,12,-1,12,20,21,-1,12,21,13,-1,11,22,12,-1,12,22,23,-1,12,23,16,-1,
        ]
    }
}
Shape{
    appearance Appearance {
        material  Material 	{
            diffuseColor 1.0 1.0 1.0
            specularColor 0.5019607843137255 0.5019607843137255 0.5019607843137255
            ambientIntensity 1.0
            transparency 0.0
            shininess 0.5
        }
    }
    geometry IndexedFaceSet {
        ccw TRUE
        solid FALSE
        coord DEF co Coordinate {
            point [
                -0.164 0.876 0.4186, -0.164 0.876 0.4186, -0.1681 0.876 0.4161, -0.1805 0.876 0.413, -0.1805 0.876 0.413, -0.1744 0.876 0.4137, -0.1744 0.876 0.4137, -0.1691 0.876 0.4157, -0.1681 0.876 0.4161, -0.164 0.876 0.4082, -0.164 0.876 0.4082, -0.1795 0.876 0.4048, -0.1795 0.876 0.4048, -0.17 0.876 0.406, -0.1691 0.876 0.4063, -0.17 0.876 0.406, -0.1885 0.876 0.4058, -0.1885 0.876 0.4058, -0.1938 0.876 0.4078, -0.1938 0.876 0.4078, -0.1962 0.876 0.4092, -0.1962 0.876 0.4092, -0.199 0.876 0.4117, -0.199 0.876 0.4117, -0.2009 0.876 0.4143, -0.2009 0.876 0.4143, -0.2022 0.876 0.4175, -0.2022 0.876 0.4175, -0.2027 0.876 0.4215, -0.2027 0.876 0.4215, -0.2023 0.876 0.4253, -0.2023 0.876 0.4253, -0.2013 0.876 0.4282, -0.2013 0.876 0.4282, -0.1994 0.876 0.431, -0.1994 0.876 0.431, -0.197 0.876 0.4331, -0.197 0.876 0.4331, -0.1904 0.876 0.4369, -0.1904 0.876 0.4369, -0.1865 0.876 0.4385, -0.1865 0.876 0.4385, -0.1803 0.876 0.4412, -0.1803 0.876 0.4412, -0.1768 0.876 0.4435, -0.1768 0.876 0.4435, -0.1758 0.876 0.4446, -0.1758 0.876 0.4446, -0.1751 0.876 0.4459, -0.1751 0.876 0.4459, -0.1747 0.876 0.4475, -0.1747 0.876 0.4475, -0.1747 0.876 0.4488, -0.1747 0.876 0.4488, -0.1749 0.876 0.4504, -0.1749 0.876 0.4504, -0.1754 0.876 0.4518, -0.1754 0.876 0.4518, -0.1762 0.876 0.453, -0.1762 0.876 0.453, -0.1777 0.876 0.4544, -0.1777 0.876 0.4544, -0.18 0.876 0.4555, -0.18 0.876 0.4555, -0.1827 0.876 0.4562, -0.1827 0.876 0.4562, -0.1857 0.876 0.4564, -0.1857 0.876 0.4564, -0.192 0.876 0.4557, -0.192 0.876 0.4557, -0.1977 0.876 0.4536, -0.1977 0.876 0.4536, -0.2002 0.876 0.4522, -0.2002 0.876 0.4522, -0.2002 0.876 0.4619, -0.2002 0.876 0.4619, -0.1937 0.876 0.4639, -0.1937 0.876 0.4639, -0.1867 0.876 0.4646, -0.1867 0.876 0.4646, -0.1797 0.876 0.4639, -0.1797 0.876 0.4639, -0.1741 0.876 0.4621, -0.1741 0.876 0.4621, -0.1708 0.876 0.4601, -0.1708 0.876 0.4601, -0.1678 0.876 0.4575, -0.1691 0.876 0.4586, -0.1678 0.876 0.4575, -0.166 0.876 0.4548, -0.166 0.876 0.4548, -0.1647 0.876 0.4516, -0.1647 0.876 0.4516, -0.1643 0.876 0.448, -0.1643 0.876 0.448, -0.1647 0.876 0.4441, -0.1647 0.876 0.4441, -0.1658 0.876 0.441, -0.1658 0.876 0.441, -0.1671 0.876 0.4389, -0.1671 0.876 0.4389, -0.1794 0.876 0.4313, -0.1794 0.876 0.4313, -0.1734 0.876 0.434, -0.1687 0.876 0.4372, -0.1687 0.876 0.4372, -0.1691 0.876 0.437, -0.1734 0.876 0.434, -0.186 0.876 0.4285, -0.186 0.876 0.4285, -0.1898 0.876 0.4261, -0.1898 0.876 0.4261, -0.1911 0.876 0.4248, -0.1911 0.876 0.4248, -0.1919 0.876 0.4234, -0.1919 0.876 0.4234, -0.1923 0.876 0.4219, -0.1923 0.876 0.4219, -0.1924 0.876 0.4206, -0.1924 0.876 0.4206, -0.1922 0.876 0.4187, -0.1922 0.876 0.4187, -0.1916 0.876 0.4173, -0.1916 0.876 0.4173, -0.1908 0.876 0.416, -0.1908 0.876 0.416, -0.1896 0.876 0.415, -0.1896 0.876 0.415, -0.1887 0.876 0.4144, -0.1887 0.876 0.4144, -0.1861 0.876 0.4135, -0.1861 0.876 0.4135, -0.1809 0.876 0.413, -0.1809 0.876 0.413, -0.2527 0.876 0.4628, -0.2631 0.876 0.4627, -0.2527 0.876 0.4628, -0.2631 0.876 0.4627, -0.2368 0.876 0.4198, -0.2368 0.876 0.4198, -0.236 0.876 0.4172, -0.236 0.876 0.4172, -0.2355 0.876 0.4152, -0.2355 0.876 0.4152, -0.2353 0.876 0.4152, -0.2353 0.876 0.4152, -0.2341 0.876 0.4199, -0.2341 0.876 0.4199, -0.2194 0.876 0.463, -0.2194 0.876 0.463, -0.2248 0.876 0.4472, -0.2082 0.876 0.4631, -0.2082 0.876 0.4631, -0.2302 0.876 0.4059, -0.2302 0.876 0.4059, -0.2248 0.876 0.42, -0.2258 0.876 0.3955, -0.2258 0.876 0.3955, -0.2248 0.876 0.3938, -0.2237 0.876 0.3919, -0.2237 0.876 0.3919, -0.2219 0.876 0.3898, -0.2219 0.876 0.3898, -0.2202 0.876 0.3887, -0.2202 0.876 0.3887, -0.218 0.876 0.3878, -0.218 0.876 0.3878, -0.2154 0.876 0.3875, -0.2154 0.876 0.3875, -0.2118 0.876 0.388, -0.2118 0.876 0.388, -0.2097 0.876 0.3887, -0.2097 0.876 0.3887, -0.2097 0.876 0.3798, -0.2097 0.876 0.3798, -0.2139 0.876 0.379, -0.2139 0.876 0.379, -0.2161 0.876 0.3789, -0.2161 0.876 0.3789, -0.2202 0.876 0.3794, -0.2202 0.876 0.3794, -0.2242 0.876 0.3808, -0.2242 0.876 0.3808, -0.2248 0.876 0.3813, -0.2277 0.876 0.3833, -0.2277 0.876 0.3833, -0.2284 0.876 0.3839, -0.2284 0.876 0.3839, -0.2321 0.876 0.3883, -0.2321 0.876 0.3883, -0.2367 0.876 0.3971, -0.2367 0.876 0.3971, -0.3166 0.876 0.4143, -0.3166 0.876 0.4052, -0.3166 0.876 0.4143, -0.3166 0.876 0.4052, -0.2839 0.876 0.4145, -0.2839 0.876 0.4145, -0.2999 0.876 0.4144, -0.2841 0.876 0.4414, -0.2841 0.876 0.4414, -0.3127 0.876 0.4412, -0.3127 0.876 0.4412, -0.2999 0.876 0.4413, -0.3128 0.876 0.4504, -0.3128 0.876 0.4504, -0.2842 0.876 0.4506, -0.2842 0.876 0.4506, -0.2999 0.876 0.4505, -0.2843 0.876 0.4762, -0.2843 0.876 0.4762, -0.3152 0.876 0.476, -0.3152 0.876 0.476, -0.2999 0.876 0.4761, -0.3153 0.876 0.4852, -0.3153 0.876 0.4852, -0.3153 0.876 0.4848, -0.2741 0.876 0.4855, -0.2741 0.876 0.4855, -0.2999 0.876 0.4853, -0.2735 0.876 0.4055, -0.2735 0.876 0.4055, -0.2741 0.876 0.4848, -0.2999 0.876 0.4053, -0.3849 0.876 0.4159, -0.3766 0.876 0.4213, -0.3765 0.876 0.4099, -0.3714 0.876 0.4178, -0.3673 0.876 0.4064, -0.3648 0.876 0.4153, -0.3537 0.876 0.4049, -0.3537 0.876 0.414, -0.3317 0.876 0.405, -0.3421 0.876 0.4141, -0.3323 0.876 0.4851, -0.3425 0.876 0.4758, -0.3551 0.876 0.485, -0.3546 0.876 0.4757, -0.3555 0.876 0.4757, -0.3673 0.876 0.4835, -0.3657 0.876 0.4743, -0.377 0.876 0.4799, -0.3725 0.876 0.4716, -0.3853 0.876 0.4741, -0.3777 0.876 0.468, -0.3881 0.876 0.4713, -0.3799 0.876 0.4658, -0.393 0.876 0.4643, -0.383 0.876 0.4613, -0.3959 0.876 0.4567, -0.3852 0.876 0.4554, -0.3972 0.876 0.4456, -0.3863 0.876 0.4454, -0.3969 0.876 0.4405, -0.3859 0.876 0.4399, -0.3949 0.876 0.4312, -0.3843 0.876 0.4327, -0.3909 0.876 0.4229, -0.3814 0.876 0.4268, -0.3776 0.876 0.4222, -0.3537 0.876 0.4049, -0.3317 0.876 0.405, -0.3673 0.876 0.4064, -0.3765 0.876 0.4099, -0.3849 0.876 0.4159, -0.3909 0.876 0.4229, -0.3949 0.876 0.4312, -0.3969 0.876 0.4405, -0.3972 0.876 0.4456, -0.3959 0.876 0.4567, -0.393 0.876 0.4643, -0.3881 0.876 0.4713, -0.3853 0.876 0.4741, -0.3551 0.876 0.485, -0.3567 0.876 0.4848, -0.3673 0.876 0.4835, -0.377 0.876 0.4799, -0.3323 0.876 0.4851, -0.3323 0.876 0.4848, -0.3546 0.876 0.4757, -0.3425 0.876 0.4758, -0.3421 0.876 0.4141, -0.3537 0.876 0.414, -0.3776 0.876 0.4222, -0.3766 0.876 0.4213, -0.3714 0.876 0.4178, -0.3648 0.876 0.4153, -0.3863 0.876 0.4454, -0.3859 0.876 0.4399, -0.3843 0.876 0.4327, -0.3814 0.876 0.4268, -0.3777 0.876 0.468, -0.3799 0.876 0.4658, -0.383 0.876 0.4613, -0.3852 0.876 0.4554, -0.3555 0.876 0.4757, -0.3657 0.876 0.4743, -0.3725 0.876 0.4716
            ]
        }
        coordIndex [
            0,1,2,-1,3,4,5,-1,3,5,6,-1,6,5,7,-1,6,7,2,-1,2,7,8,-1,2,8,0,-1,9,1,10,-1,10,1,0,-1,11,12,13,-1,9,10,14,-1,9,14,13,-1,13,14,15,-1,13,15,11,-1,12,11,16,-1,12,16,17,-1,17,16,18,-1,17,18,19,-1,19,18,20,-1,19,20,21,-1,21,20,22,-1,21,22,23,-1,23,22,24,-1,23,24,25,-1,25,24,26,-1,25,26,27,-1,27,26,28,-1,27,28,29,-1,29,28,30,-1,29,30,31,-1,31,30,32,-1,31,32,33,-1,33,32,34,-1,33,34,35,-1,35,34,36,-1,35,36,37,-1,37,36,38,-1,37,38,39,-1,39,38,40,-1,39,40,41,-1,41,40,42,-1,41,42,43,-1,43,42,44,-1,43,44,45,-1,45,44,46,-1,45,46,47,-1,47,46,48,-1,47,48,49,-1,49,48,50,-1,49,50,51,-1,51,50,52,-1,51,52,53,-1,53,52,54,-1,53,54,55,-1,55,54,56,-1,55,56,57,-1,57,56,58,-1,57,58,59,-1,59,58,60,-1,59,60,61,-1,61,60,62,-1,61,62,63,-1,63,62,64,-1,63,64,65,-1,65,64,66,-1,65,66,67,-1,67,66,68,-1,67,68,69,-1,69,68,70,-1,69,70,71,-1,71,70,72,-1,71,72,73,-1,74,73,75,-1,75,73,72,-1,74,75,76,-1,74,76,77,-1,77,76,78,-1,77,78,79,-1,79,78,80,-1,79,80,81,-1,81,80,82,-1,81,82,83,-1,83,82,84,-1,83,84,85,-1,86,85,87,-1,87,85,84,-1,87,88,86,-1,86,88,89,-1,86,89,90,-1,90,89,91,-1,90,91,92,-1,92,91,93,-1,92,93,94,-1,94,93,95,-1,94,95,96,-1,96,95,97,-1,96,97,98,-1,98,97,99,-1,98,99,100,-1,101,102,103,-1,100,99,104,-1,100,104,105,-1,105,104,106,-1,105,106,103,-1,103,106,107,-1,103,107,101,-1,102,101,108,-1,102,108,109,-1,109,108,110,-1,109,110,111,-1,111,110,112,-1,111,112,113,-1,113,112,114,-1,113,114,115,-1,115,114,116,-1,115,116,117,-1,117,116,118,-1,117,118,119,-1,119,118,120,-1,119,120,121,-1,121,120,122,-1,121,122,123,-1,123,122,124,-1,123,124,125,-1,125,124,126,-1,125,126,127,-1,127,126,128,-1,127,128,129,-1,129,128,130,-1,129,130,131,-1,131,130,132,-1,131,132,133,-1,133,132,4,-1,133,4,3,-1,59,61,83,-1,83,61,81,-1,109,41,102,-1,102,41,43,-1,19,21,125,-1,125,21,23,-1,125,23,123,-1,123,23,25,-1,123,25,121,-1,121,25,27,-1,121,27,119,-1,119,27,29,-1,119,29,117,-1,117,29,31,-1,117,31,115,-1,115,31,33,-1,115,33,113,-1,113,33,35,-1,113,35,111,-1,111,35,37,-1,111,37,109,-1,109,37,39,-1,109,39,41,-1,12,3,13,-1,13,3,6,-1,13,6,9,-1,9,6,2,-1,9,2,1,-1,61,63,81,-1,81,63,65,-1,81,65,79,-1,79,65,67,-1,79,67,77,-1,77,67,69,-1,77,69,74,-1,74,69,71,-1,74,71,73,-1,125,127,19,-1,19,127,129,-1,19,129,17,-1,17,129,131,-1,17,131,12,-1,12,131,133,-1,12,133,3,-1,83,85,59,-1,59,85,86,-1,59,86,57,-1,57,86,90,-1,57,90,55,-1,55,90,92,-1,55,92,53,-1,53,92,94,-1,53,94,51,-1,51,94,96,-1,51,96,49,-1,49,96,98,-1,49,98,47,-1,47,98,100,-1,47,100,45,-1,45,100,105,-1,45,105,43,-1,43,105,103,-1,43,103,102,-1,134,135,136,-1,136,135,137,-1,138,134,139,-1,139,134,136,-1,138,139,140,-1,138,140,141,-1,141,140,142,-1,141,142,143,-1,144,143,145,-1,145,143,142,-1,146,144,147,-1,147,144,145,-1,148,149,150,-1,150,149,146,-1,150,146,147,-1,151,149,152,-1,152,149,148,-1,153,154,155,-1,155,154,151,-1,155,151,152,-1,156,154,157,-1,157,154,153,-1,156,157,158,-1,156,158,159,-1,158,160,159,-1,159,160,161,-1,159,161,162,-1,162,161,163,-1,162,163,164,-1,164,163,165,-1,164,165,166,-1,166,165,167,-1,166,167,168,-1,168,167,169,-1,168,169,170,-1,170,169,171,-1,170,171,172,-1,173,172,174,-1,174,172,171,-1,173,174,175,-1,173,175,176,-1,176,175,177,-1,176,177,178,-1,178,177,179,-1,178,179,180,-1,180,179,181,-1,180,181,182,-1,182,181,183,-1,182,183,184,-1,183,185,184,-1,184,185,186,-1,184,186,187,-1,187,186,188,-1,187,188,189,-1,189,188,190,-1,189,190,191,-1,135,191,137,-1,137,191,190,-1,141,143,191,-1,135,134,191,-1,191,134,138,-1,191,138,141,-1,149,151,146,-1,146,151,154,-1,146,154,144,-1,172,173,170,-1,170,173,176,-1,170,176,168,-1,168,176,178,-1,168,178,166,-1,166,178,180,-1,166,180,164,-1,164,180,182,-1,164,182,162,-1,143,144,191,-1,191,144,154,-1,191,154,189,-1,154,156,189,-1,189,156,159,-1,189,159,187,-1,187,159,162,-1,187,162,184,-1,184,162,182,-1,192,193,194,-1,194,193,195,-1,196,197,198,-1,198,197,192,-1,198,192,194,-1,199,197,200,-1,200,197,196,-1,201,202,203,-1,203,202,199,-1,203,199,200,-1,204,202,205,-1,205,202,201,-1,206,207,208,-1,208,207,204,-1,208,204,205,-1,209,207,210,-1,210,207,206,-1,211,212,213,-1,213,212,209,-1,213,209,210,-1,214,215,216,-1,216,215,212,-1,216,212,211,-1,217,218,219,-1,219,218,215,-1,219,215,214,-1,220,221,222,-1,222,221,218,-1,222,218,217,-1,195,193,223,-1,223,193,221,-1,223,221,220,-1,221,193,192,-1,192,197,221,-1,221,197,199,-1,221,199,218,-1,212,215,209,-1,209,215,218,-1,209,218,207,-1,207,218,199,-1,207,199,204,-1,204,199,202,-1,224,225,226,-1,226,225,227,-1,226,227,228,-1,228,227,229,-1,228,229,230,-1,230,229,231,-1,230,231,232,-1,232,231,233,-1,232,233,234,-1,234,233,235,-1,234,235,236,-1,235,237,236,-1,236,237,238,-1,236,238,239,-1,239,238,240,-1,239,240,241,-1,241,240,242,-1,241,242,243,-1,243,242,244,-1,243,244,245,-1,245,244,246,-1,245,246,247,-1,247,246,248,-1,247,248,249,-1,249,248,250,-1,249,250,251,-1,251,250,252,-1,251,252,253,-1,253,252,254,-1,253,254,255,-1,255,254,256,-1,255,256,257,-1,257,256,258,-1,257,258,224,-1,224,258,259,-1,224,259,225,-1,230,232,260,-1,260,232,261,-1,230,260,262,-1,230,262,228,-1,228,262,263,-1,228,263,226,-1,226,263,264,-1,226,264,224,-1,224,264,265,-1,224,265,257,-1,257,265,266,-1,257,266,255,-1,255,266,267,-1,255,267,253,-1,253,267,268,-1,253,268,251,-1,251,268,269,-1,251,269,249,-1,249,269,270,-1,249,270,247,-1,247,270,271,-1,247,271,245,-1,245,271,272,-1,245,272,243,-1,273,236,274,-1,274,236,239,-1,274,239,275,-1,275,239,241,-1,275,241,276,-1,276,241,243,-1,276,243,272,-1,234,236,277,-1,277,236,273,-1,261,232,278,-1,278,232,234,-1,278,234,277,-1,237,235,279,-1,279,235,280,-1,235,233,280,-1,280,233,281,-1,233,231,281,-1,281,231,282,-1,259,283,284,-1,259,284,225,-1,225,284,285,-1,225,285,227,-1,227,285,286,-1,227,286,229,-1,229,286,282,-1,229,282,231,-1,252,287,288,-1,252,288,254,-1,254,288,289,-1,254,289,256,-1,256,289,290,-1,256,290,258,-1,258,290,283,-1,258,283,259,-1,244,291,292,-1,244,292,246,-1,246,292,293,-1,246,293,248,-1,248,293,294,-1,248,294,250,-1,250,294,287,-1,250,287,252,-1,237,279,295,-1,237,295,238,-1,238,295,296,-1,238,296,240,-1,240,296,297,-1,240,297,242,-1,242,297,291,-1,242,291,244,-1,
        ]
    }
}
Shape{
    appearance Appearance {
        material  Material 	{
            diffuseColor 0.2235294117647059 0.2235294117647059 0.2235294117647059
            specularColor 0.11372549019607843 0.11372549019607843 0.11372549019607843
            ambientIntensity 0.2235
            transparency 0.0
            shininess 0.5
        }
    }
    geometry IndexedFaceSet {
        ccw TRUE
        solid FALSE
        coord DEF co Coordinate {
            point [
                -0.3714 0.876 0.4178, -0.3766 0.876 0.4213, -0.3555 0.876 0.4757, -0.3425 0.876 0.4758, -0.3421 0.876 0.4141, -0.3546 0.876 0.4757, -0.3537 0.876 0.414, -0.3648 0.876 0.4153, -0.3776 0.876 0.4222, -0.3814 0.876 0.4268, -0.3843 0.876 0.4327, -0.3863 0.876 0.4454, -0.3777 0.876 0.468, -0.3725 0.876 0.4716, -0.3852 0.876 0.4554, -0.383 0.876 0.4613, -0.3799 0.876 0.4658, -0.3859 0.876 0.4399, -0.3657 0.876 0.4743
            ]
        }
        coordIndex [
            0,1,2,-1,3,4,5,-1,5,4,6,-1,5,6,2,-1,2,6,7,-1,2,7,0,-1,1,8,2,-1,2,8,9,-1,2,9,10,-1,11,12,13,-1,14,15,11,-1,11,15,16,-1,11,16,12,-1,10,17,2,-1,2,17,11,-1,2,11,18,-1,18,11,13,-1,
        ]
    }
}
Shape{
    appearance Appearance {
        material  Material 	{
            diffuseColor 1.0 1.0 1.0
            specularColor 0.5019607843137255 0.5019607843137255 0.5019607843137255
            ambientIntensity 1.0
            transparency 0.0
            shininess 0.5
        }
    }
    geometry IndexedFaceSet {
        ccw TRUE
        solid FALSE
        coord DEF co Coordinate {
            point [
                -0.4239 0.876 0.4353, -0.4361 0.876 0.4685, -0.4324 0.876 0.4844, -0.4013 0.876 0.4046, -0.4127 0.876 0.4045, -0.4206 0.876 0.4263, -0.4368 0.876 0.4709, -0.4375 0.876 0.4741, -0.4434 0.876 0.4843, -0.4377 0.876 0.4741, -0.4384 0.876 0.4707, -0.4389 0.876 0.4685, -0.4508 0.876 0.4351, -0.4734 0.876 0.404, -0.4619 0.876 0.4041, -0.4539 0.876 0.4261, -0.4434 0.876 0.4843, -0.4734 0.876 0.404, -0.4324 0.876 0.4844, -0.4013 0.876 0.4046, -0.4127 0.876 0.4045, -0.4206 0.876 0.4263, -0.4539 0.876 0.4261, -0.4619 0.876 0.4041, -0.4239 0.876 0.4353, -0.4508 0.876 0.4351, -0.4389 0.876 0.4685, -0.4377 0.876 0.4741, -0.4384 0.876 0.4707, -0.4375 0.876 0.4741, -0.4361 0.876 0.4685, -0.4368 0.876 0.4709
            ]
        }
        coordIndex [
            0,1,2,-1,3,4,5,-1,1,6,2,-1,2,6,7,-1,2,7,8,-1,8,7,9,-1,8,9,10,-1,10,11,8,-1,8,11,12,-1,8,12,13,-1,14,13,15,-1,15,13,12,-1,15,12,5,-1,5,12,0,-1,5,0,3,-1,3,0,2,-1,8,13,16,-1,16,13,17,-1,2,8,18,-1,18,8,16,-1,3,2,19,-1,19,2,18,-1,4,3,20,-1,20,3,19,-1,5,4,21,-1,21,4,20,-1,15,5,22,-1,22,5,21,-1,14,15,23,-1,23,15,22,-1,13,14,17,-1,17,14,23,-1,0,12,24,-1,24,12,25,-1,12,11,25,-1,25,11,26,-1,9,27,28,-1,9,28,10,-1,10,28,26,-1,10,26,11,-1,9,7,27,-1,27,7,29,-1,1,30,31,-1,1,31,6,-1,6,31,29,-1,6,29,7,-1,1,0,30,-1,30,0,24,-1,
        ]
    }
}
Shape{
    appearance Appearance {
        material  Material 	{
            diffuseColor 0.2235294117647059 0.2235294117647059 0.2235294117647059
            specularColor 0.11372549019607843 0.11372549019607843 0.11372549019607843
            ambientIntensity 0.2235
            transparency 0.0
            shininess 0.5
        }
    }
    geometry IndexedFaceSet {
        ccw TRUE
        solid FALSE
        coord DEF co Coordinate {
            point [
                -0.4377 0.876 0.4741, -0.4375 0.876 0.4741, -0.4384 0.876 0.4707, -0.4368 0.876 0.4709, -0.4389 0.876 0.4685, -0.4361 0.876 0.4685, -0.4508 0.876 0.4351, -0.4239 0.876 0.4353
            ]
        }
        coordIndex [
            0,1,2,-1,2,1,3,-1,2,3,4,-1,4,3,5,-1,4,5,6,-1,6,5,7,-1,
        ]
    }
}
Shape{
    appearance Appearance {
        material  Material 	{
            diffuseColor 1.0 1.0 1.0
            specularColor 0.5019607843137255 0.5019607843137255 0.5019607843137255
            ambientIntensity 1.0
            transparency 0.0
            shininess 0.5
        }
    }
    geometry IndexedFaceSet {
        ccw TRUE
        solid FALSE
        coord DEF co Coordinate {
            point [
                0.3019 0.876 0.3982, 0.2935 0.876 0.3877, 0.3067 0.876 0.4486, 0.1164 0.876 0.4751, 0.1338 0.876 0.5054, 0.2104 0.876 0.4661, 0.2499 0.876 0.4495, 0.2445 0.876 0.4478, 0.3159 0.876 0.5476, 0.3032 0.876 0.5542, 0.3059 0.876 0.5893, 0.2704 0.876 0.5906, 0.2531 0.876 0.549, 0.2442 0.876 0.5669, 0.3191 0.876 0.4563, 0.3147 0.876 0.4126, 0.3076 0.876 0.4104, 0.2835 0.876 0.5919, 0.2398 0.876 0.4449, 0.236 0.876 0.4409, 0.1964 0.876 0.4336, 0.2334 0.876 0.4363, 0.232 0.876 0.4311, 0.1964 0.876 0.4279, 0.2318 0.876 0.4256, 0.2591 0.876 0.4493, 0.2665 0.876 0.4842, 0.2641 0.876 0.4474, 0.2791 0.876 0.4795, 0.2686 0.876 0.4443, 0.2908 0.876 0.4715, 0.2715 0.876 0.4413, 0.3003 0.876 0.4608, 0.2743 0.876 0.4365, 0.2759 0.876 0.4311, 0.2323 0.876 0.4818, 0.246 0.876 0.4853, 0.2529 0.876 0.4858, 0.0972 0.876 0.5313, 0.0926 0.876 0.5313, 0.0691 0.876 0.5619, 0.0818 0.876 0.5299, 0.0663 0.876 0.5609, 0.0719 0.876 0.526, 0.0494 0.876 0.5524, 0.0341 0.876 0.5392, 0.2586 0.876 0.6042, 0.2314 0.876 0.5821, 0.2452 0.876 0.6155, 0.216 0.876 0.5931, 0.2287 0.876 0.6253, 0.2891 0.876 0.5575, 0.2832 0.876 0.5577, 0.277 0.876 0.5915, 0.2699 0.876 0.556, 0.2571 0.876 0.5512, 0.2689 0.876 0.4114, 0.2644 0.876 0.4082, 0.2825 0.876 0.3792, 0.2592 0.876 0.4061, 0.0347 0.876 0.433, 0.0611 0.876 0.4558, 0.0503 0.876 0.42, 0.0696 0.876 0.4489, 0.0677 0.876 0.4116, 0.0796 0.876 0.4444, 0.0867 0.876 0.4077, 0.0899 0.876 0.4425, 0.1203 0.876 0.408, 0.1155 0.876 0.4427, 0.1235 0.876 0.4085, 0.2538 0.876 0.4499, 0.2203 0.876 0.4752, 0.0631 0.876 0.5198, 0.0566 0.876 0.5124, 0.0226 0.876 0.5229, 0.0514 0.876 0.5025, 0.0157 0.876 0.5055, 0.0488 0.876 0.4916, 0.0133 0.876 0.4869, 0.0486 0.876 0.4866, 0.016 0.876 0.4666, 0.05 0.876 0.4755, 0.0233 0.876 0.4486, 0.054 0.876 0.4654, 0.0603 0.876 0.4566, 0.0995 0.876 0.6071, 0.1219 0.876 0.5811, 0.0799 0.876 0.5837, 0.1092 0.876 0.5656, 0.1006 0.876 0.5472, 0.3387 0.876 0.515, 0.3762 0.876 0.5058, 0.3405 0.876 0.5012, 0.3764 0.876 0.5003, 0.3399 0.876 0.4924, 0.3738 0.876 0.478, 0.3359 0.876 0.4785, 0.3658 0.876 0.4568, 0.3292 0.876 0.4669, 0.3529 0.876 0.4381, 0.3352 0.876 0.4228, 0.2725 0.876 0.4155, 0.2748 0.876 0.4203, 0.276 0.876 0.4256, 0.2022 0.876 0.6346, 0.1974 0.876 0.6005, 0.1767 0.876 0.6372, 0.1764 0.876 0.6031, 0.1496 0.876 0.6337, 0.1571 0.876 0.6006, 0.1214 0.876 0.6225, 0.1393 0.876 0.5936, 0.1234 0.876 0.5824, 0.3271 0.876 0.5812, 0.3453 0.876 0.5686, 0.3258 0.876 0.5389, 0.3492 0.876 0.565, 0.3337 0.876 0.5276, 0.363 0.876 0.5476, 0.3722 0.876 0.5272, 0.2694 0.876 0.3736, 0.2559 0.876 0.3714, 0.2541 0.876 0.4055, 0.2537 0.876 0.3713, 0.2487 0.876 0.4061, 0.24 0.876 0.3729, 0.2437 0.876 0.408, 0.2272 0.876 0.3777, 0.2393 0.876 0.411, 0.2158 0.876 0.3855, 0.2356 0.876 0.4151, 0.207 0.876 0.3953, 0.2331 0.876 0.4201, 0.2002 0.876 0.4079, 0.1968 0.876 0.422, 0.1183 0.876 0.4432, 0.1322 0.876 0.414, 0.1309 0.876 0.4127, 0.1166 0.876 0.4428, 0.1272 0.876 0.41, 0.1367 0.876 0.4257, 0.1361 0.876 0.4215, 0.1347 0.876 0.4176, 0.1233 0.876 0.4427, 0.1272 0.876 0.4412, 0.1365 0.876 0.428, 0.1307 0.876 0.4388, 0.1331 0.876 0.4362, 0.1353 0.876 0.4323, 0.1189 0.876 0.4433, 0.0133 0.876 0.4869, 0.0157 0.876 0.5055, 0.0173 0.876 0.5094, 0.0226 0.876 0.5229, 0.0292 0.876 0.5323, 0.0341 0.876 0.5392, 0.0494 0.876 0.5524, 0.0663 0.876 0.5609, 0.0691 0.876 0.5619, 0.0799 0.876 0.5837, 0.0995 0.876 0.6071, 0.1767 0.876 0.6372, 0.1089 0.876 0.6137, 0.1214 0.876 0.6225, 0.1304 0.876 0.6261, 0.1496 0.876 0.6337, 0.2452 0.876 0.6155, 0.2022 0.876 0.6346, 0.2264 0.876 0.6261, 0.2287 0.876 0.6253, 0.2704 0.876 0.5906, 0.2474 0.876 0.6137, 0.2586 0.876 0.6042, 0.277 0.876 0.5915, 0.2835 0.876 0.5919, 0.3059 0.876 0.5893, 0.3271 0.876 0.5812, 0.3453 0.876 0.5686, 0.3492 0.876 0.565, 0.3764 0.876 0.5003, 0.363 0.876 0.5476, 0.3699 0.876 0.5323, 0.3722 0.876 0.5272, 0.3755 0.876 0.5094, 0.3762 0.876 0.5058, 0.3746 0.876 0.4848, 0.3747 0.876 0.4863, 0.3738 0.876 0.478, 0.3658 0.876 0.4568, 0.3529 0.876 0.4381, 0.3352 0.876 0.4228, 0.3147 0.876 0.4126, 0.3076 0.876 0.4104, 0.3019 0.876 0.3982, 0.2935 0.876 0.3877, 0.2825 0.876 0.3792, 0.2694 0.876 0.3736, 0.2559 0.876 0.3714, 0.2537 0.876 0.3713, 0.24 0.876 0.3729, 0.2272 0.876 0.3777, 0.2158 0.876 0.3855, 0.207 0.876 0.3953, 0.2002 0.876 0.4079, 0.1968 0.876 0.422, 0.1964 0.876 0.4279, 0.1964 0.876 0.4336, 0.1164 0.876 0.4751, 0.1338 0.876 0.5054, 0.1228 0.876 0.4863, 0.1219 0.876 0.4848, 0.2104 0.876 0.4661, 0.1741 0.876 0.4848, 0.171 0.876 0.4863, 0.2529 0.876 0.4858, 0.2203 0.876 0.4752, 0.2323 0.876 0.4818, 0.2439 0.876 0.4848, 0.246 0.876 0.4853, 0.2617 0.876 0.4848, 0.2665 0.876 0.4842, 0.2791 0.876 0.4795, 0.2908 0.876 0.4715, 0.3003 0.876 0.4608, 0.3067 0.876 0.4486, 0.3381 0.876 0.4863, 0.3377 0.876 0.4848, 0.3359 0.876 0.4785, 0.3292 0.876 0.4669, 0.3191 0.876 0.4563, 0.3399 0.876 0.4924, 0.3405 0.876 0.5012, 0.3394 0.876 0.5094, 0.3387 0.876 0.515, 0.3337 0.876 0.5276, 0.3304 0.876 0.5323, 0.3258 0.876 0.5389, 0.3159 0.876 0.5476, 0.3032 0.876 0.5542, 0.2891 0.876 0.5575, 0.2832 0.876 0.5577, 0.2699 0.876 0.556, 0.2571 0.876 0.5512, 0.2531 0.876 0.549, 0.2442 0.876 0.5669, 0.2314 0.876 0.5821, 0.216 0.876 0.5931, 0.1974 0.876 0.6005, 0.1764 0.876 0.6031, 0.0972 0.876 0.5313, 0.0974 0.876 0.5323, 0.1006 0.876 0.5472, 0.1092 0.876 0.5656, 0.1219 0.876 0.5811, 0.1234 0.876 0.5824, 0.1393 0.876 0.5936, 0.1571 0.876 0.6006, 0.0926 0.876 0.5313, 0.0818 0.876 0.5299, 0.0719 0.876 0.526, 0.0631 0.876 0.5198, 0.0566 0.876 0.5124, 0.055 0.876 0.5094, 0.0514 0.876 0.5025, 0.0488 0.876 0.4916, 0.0486 0.876 0.4866, 0.0486 0.876 0.4863, 0.0488 0.876 0.4848, 0.05 0.876 0.4755, 0.054 0.876 0.4654, 0.0603 0.876 0.4566, 0.0611 0.876 0.4558, 0.0696 0.876 0.4489, 0.0796 0.876 0.4444, 0.0899 0.876 0.4425, 0.1155 0.876 0.4427, 0.1166 0.876 0.4428, 0.1183 0.876 0.4432, 0.1189 0.876 0.4433, 0.1233 0.876 0.4427, 0.1272 0.876 0.4412, 0.1307 0.876 0.4388, 0.1331 0.876 0.4362, 0.1353 0.876 0.4323, 0.1365 0.876 0.428, 0.1367 0.876 0.4257, 0.1361 0.876 0.4215, 0.1347 0.876 0.4176, 0.1322 0.876 0.414, 0.1309 0.876 0.4127, 0.1272 0.876 0.41, 0.1235 0.876 0.4085, 0.1203 0.876 0.408, 0.0867 0.876 0.4077, 0.0677 0.876 0.4116, 0.0503 0.876 0.42, 0.0347 0.876 0.433, 0.0233 0.876 0.4486, 0.016 0.876 0.4666, 0.0135 0.876 0.4848, 0.0133 0.876 0.4863, 0.2538 0.876 0.4499, 0.2499 0.876 0.4495, 0.2445 0.876 0.4478, 0.2398 0.876 0.4449, 0.236 0.876 0.4409, 0.2334 0.876 0.4363, 0.232 0.876 0.4311, 0.2318 0.876 0.4256, 0.2331 0.876 0.4201, 0.2356 0.876 0.4151, 0.2393 0.876 0.411, 0.2437 0.876 0.408, 0.2487 0.876 0.4061, 0.2541 0.876 0.4055, 0.2592 0.876 0.4061, 0.2644 0.876 0.4082, 0.2689 0.876 0.4114, 0.2725 0.876 0.4155, 0.2748 0.876 0.4203, 0.276 0.876 0.4256, 0.2759 0.876 0.4311, 0.2743 0.876 0.4365, 0.2715 0.876 0.4413, 0.2686 0.876 0.4443, 0.2641 0.876 0.4474, 0.2591 0.876 0.4493
            ]
        }
        coordIndex [
            0,1,2,-1,3,4,5,-1,6,7,3,-1,8,9,10,-1,11,12,13,-1,14,15,2,-1,2,15,16,-1,2,16,0,-1,10,9,17,-1,7,18,3,-1,3,18,19,-1,3,19,20,-1,19,21,20,-1,20,21,22,-1,20,22,23,-1,23,22,24,-1,25,26,27,-1,27,26,28,-1,27,28,29,-1,29,28,30,-1,29,30,31,-1,31,30,32,-1,31,32,33,-1,33,32,2,-1,33,2,34,-1,35,36,25,-1,25,36,37,-1,25,37,26,-1,38,39,40,-1,40,39,41,-1,40,41,42,-1,42,41,43,-1,42,43,44,-1,44,43,45,-1,11,13,46,-1,46,13,47,-1,46,47,48,-1,48,47,49,-1,48,49,50,-1,9,51,17,-1,17,51,52,-1,17,52,53,-1,53,52,54,-1,53,54,11,-1,11,54,55,-1,11,55,12,-1,56,1,57,-1,57,1,58,-1,57,58,59,-1,60,61,62,-1,62,61,63,-1,62,63,64,-1,64,63,65,-1,64,65,66,-1,66,65,67,-1,66,67,68,-1,68,67,69,-1,68,69,70,-1,6,3,71,-1,71,3,5,-1,71,5,25,-1,25,5,72,-1,25,72,35,-1,43,73,45,-1,45,73,74,-1,45,74,75,-1,75,74,76,-1,75,76,77,-1,77,76,78,-1,77,78,79,-1,79,78,80,-1,79,80,81,-1,81,80,82,-1,81,82,83,-1,83,82,84,-1,83,84,60,-1,60,84,85,-1,60,85,61,-1,86,87,88,-1,88,87,89,-1,88,89,40,-1,40,89,90,-1,40,90,38,-1,91,92,93,-1,93,92,94,-1,93,94,95,-1,95,94,96,-1,95,96,97,-1,97,96,98,-1,97,98,99,-1,99,98,100,-1,99,100,14,-1,14,100,101,-1,14,101,15,-1,56,102,1,-1,1,102,103,-1,1,103,2,-1,2,103,104,-1,2,104,34,-1,50,49,105,-1,105,49,106,-1,105,106,107,-1,107,106,108,-1,107,108,109,-1,109,108,110,-1,109,110,111,-1,111,110,112,-1,111,112,86,-1,86,112,113,-1,86,113,87,-1,10,114,8,-1,8,114,115,-1,8,115,116,-1,116,115,117,-1,116,117,118,-1,118,117,119,-1,118,119,91,-1,91,119,120,-1,91,120,92,-1,58,121,59,-1,59,121,122,-1,59,122,123,-1,123,122,124,-1,123,124,125,-1,125,124,126,-1,125,126,127,-1,127,126,128,-1,127,128,129,-1,129,128,130,-1,129,130,131,-1,131,130,132,-1,131,132,133,-1,133,132,134,-1,133,134,24,-1,24,134,135,-1,24,135,23,-1,136,137,138,-1,69,139,70,-1,70,139,136,-1,70,136,140,-1,140,136,138,-1,141,142,136,-1,136,142,143,-1,136,143,137,-1,144,145,146,-1,145,147,146,-1,146,147,148,-1,146,148,149,-1,141,136,146,-1,146,136,150,-1,146,150,144,-1,79,151,152,-1,79,152,77,-1,77,152,153,-1,77,153,75,-1,153,154,75,-1,75,154,155,-1,75,155,45,-1,155,156,45,-1,45,156,157,-1,45,157,44,-1,44,157,158,-1,44,158,42,-1,42,158,159,-1,42,159,40,-1,40,159,160,-1,40,160,88,-1,88,160,161,-1,88,161,86,-1,162,107,109,-1,86,161,163,-1,86,163,111,-1,163,164,111,-1,111,164,165,-1,111,165,109,-1,109,165,166,-1,109,166,162,-1,167,48,50,-1,107,162,168,-1,107,168,105,-1,105,168,169,-1,105,169,50,-1,50,169,170,-1,50,170,167,-1,171,11,46,-1,48,167,172,-1,48,172,46,-1,46,172,173,-1,46,173,171,-1,11,171,174,-1,11,174,53,-1,53,174,175,-1,53,175,17,-1,17,175,176,-1,17,176,10,-1,10,176,177,-1,10,177,114,-1,114,177,178,-1,114,178,115,-1,115,178,179,-1,115,179,117,-1,180,94,92,-1,117,179,181,-1,117,181,119,-1,119,181,182,-1,119,182,120,-1,182,183,120,-1,120,183,184,-1,120,184,92,-1,92,184,185,-1,92,185,180,-1,186,96,187,-1,187,96,94,-1,187,94,180,-1,186,188,96,-1,96,188,189,-1,96,189,98,-1,98,189,190,-1,98,190,100,-1,100,190,191,-1,100,191,101,-1,101,191,192,-1,101,192,15,-1,15,192,193,-1,15,193,16,-1,16,193,194,-1,16,194,0,-1,0,194,195,-1,0,195,1,-1,1,195,196,-1,1,196,58,-1,58,196,197,-1,58,197,121,-1,121,197,198,-1,121,198,122,-1,122,198,199,-1,122,199,124,-1,124,199,200,-1,124,200,126,-1,126,200,201,-1,126,201,128,-1,128,201,202,-1,128,202,130,-1,130,202,203,-1,130,203,132,-1,132,203,204,-1,132,204,134,-1,134,204,205,-1,134,205,135,-1,135,205,206,-1,135,206,23,-1,20,23,207,-1,207,23,206,-1,3,20,208,-1,208,20,207,-1,209,4,210,-1,210,4,3,-1,210,3,211,-1,211,3,208,-1,212,5,213,-1,213,5,4,-1,213,4,214,-1,214,4,209,-1,215,37,36,-1,5,212,216,-1,5,216,72,-1,72,216,217,-1,72,217,35,-1,35,217,218,-1,35,218,36,-1,36,218,219,-1,36,219,215,-1,26,37,220,-1,220,37,215,-1,220,221,26,-1,26,221,222,-1,26,222,28,-1,28,222,223,-1,28,223,30,-1,30,223,224,-1,30,224,32,-1,32,224,225,-1,32,225,2,-1,226,95,227,-1,227,95,97,-1,227,97,228,-1,228,97,99,-1,228,99,229,-1,229,99,14,-1,229,14,230,-1,230,14,2,-1,230,2,225,-1,226,231,95,-1,95,231,232,-1,95,232,93,-1,91,93,233,-1,233,93,232,-1,233,234,91,-1,91,234,235,-1,91,235,118,-1,118,235,236,-1,118,236,116,-1,236,237,116,-1,116,237,238,-1,116,238,8,-1,8,238,239,-1,8,239,9,-1,9,239,240,-1,9,240,51,-1,51,240,241,-1,51,241,52,-1,52,241,242,-1,52,242,54,-1,54,242,243,-1,54,243,55,-1,55,243,244,-1,55,244,12,-1,12,244,245,-1,12,245,13,-1,13,245,246,-1,13,246,47,-1,47,246,247,-1,47,247,49,-1,49,247,248,-1,49,248,106,-1,106,248,249,-1,106,249,108,-1,250,38,251,-1,251,38,90,-1,251,90,252,-1,252,90,89,-1,252,89,253,-1,253,89,87,-1,253,87,254,-1,254,87,113,-1,254,113,255,-1,255,113,112,-1,255,112,256,-1,256,112,110,-1,256,110,257,-1,257,110,108,-1,257,108,249,-1,39,38,258,-1,258,38,250,-1,39,258,259,-1,39,259,41,-1,41,259,260,-1,41,260,43,-1,43,260,261,-1,43,261,73,-1,73,261,262,-1,73,262,74,-1,74,262,263,-1,74,263,76,-1,263,264,76,-1,76,264,265,-1,76,265,78,-1,78,265,266,-1,78,266,80,-1,266,267,80,-1,80,267,268,-1,80,268,82,-1,268,269,82,-1,82,269,270,-1,82,270,84,-1,84,270,271,-1,84,271,85,-1,85,271,272,-1,85,272,61,-1,61,272,273,-1,61,273,63,-1,63,273,274,-1,63,274,65,-1,65,274,275,-1,65,275,67,-1,69,67,276,-1,276,67,275,-1,69,276,277,-1,69,277,139,-1,139,277,278,-1,139,278,136,-1,136,278,279,-1,136,279,150,-1,150,279,280,-1,150,280,144,-1,144,280,281,-1,144,281,145,-1,145,281,282,-1,145,282,147,-1,147,282,283,-1,147,283,148,-1,148,283,284,-1,148,284,149,-1,149,284,285,-1,149,285,146,-1,146,285,286,-1,146,286,141,-1,141,286,287,-1,141,287,142,-1,142,287,288,-1,142,288,143,-1,143,288,289,-1,143,289,137,-1,137,289,290,-1,137,290,138,-1,138,290,291,-1,138,291,140,-1,140,291,292,-1,140,292,70,-1,70,292,293,-1,70,293,68,-1,66,68,294,-1,294,68,293,-1,66,294,295,-1,66,295,64,-1,64,295,296,-1,64,296,62,-1,62,296,297,-1,62,297,60,-1,60,297,298,-1,60,298,83,-1,83,298,299,-1,83,299,81,-1,81,299,300,-1,81,300,79,-1,79,300,301,-1,79,301,151,-1,71,302,303,-1,71,303,6,-1,6,303,304,-1,6,304,7,-1,7,304,305,-1,7,305,18,-1,18,305,306,-1,18,306,19,-1,19,306,307,-1,19,307,21,-1,21,307,308,-1,21,308,22,-1,22,308,309,-1,22,309,24,-1,24,309,310,-1,24,310,133,-1,133,310,311,-1,133,311,131,-1,131,311,312,-1,131,312,129,-1,129,312,313,-1,129,313,127,-1,127,313,314,-1,127,314,125,-1,125,314,315,-1,125,315,123,-1,123,315,316,-1,123,316,59,-1,59,316,317,-1,59,317,57,-1,57,317,318,-1,57,318,56,-1,56,318,319,-1,56,319,102,-1,102,319,320,-1,102,320,103,-1,103,320,321,-1,103,321,104,-1,104,321,322,-1,104,322,34,-1,34,322,323,-1,34,323,33,-1,33,323,324,-1,33,324,31,-1,31,324,325,-1,31,325,29,-1,29,325,326,-1,29,326,27,-1,27,326,327,-1,27,327,25,-1,25,327,302,-1,25,302,71,-1,
        ]
    }
}
Shape{
    appearance Appearance {
        material  Material 	{
            diffuseColor 0.2235294117647059 0.2235294117647059 0.2235294117647059
            specularColor 0.11372549019607843 0.11372549019607843 0.11372549019607843
            ambientIntensity 0.2235
            transparency 0.0
            shininess 0.5
        }
    }
    geometry IndexedFaceSet {
        ccw TRUE
        solid FALSE
        coord DEF co Coordinate {
            point [
                0.2541 0.876 0.4055, 0.2686 0.876 0.4443, 0.2715 0.876 0.4413, 0.2538 0.876 0.4499, 0.2499 0.876 0.4495, 0.2487 0.876 0.4061, 0.2591 0.876 0.4493, 0.2641 0.876 0.4474, 0.2393 0.876 0.411, 0.236 0.876 0.4409, 0.2398 0.876 0.4449, 0.2748 0.876 0.4203, 0.2725 0.876 0.4155, 0.2689 0.876 0.4114, 0.2437 0.876 0.408, 0.2445 0.876 0.4478, 0.2644 0.876 0.4082, 0.2592 0.876 0.4061, 0.2743 0.876 0.4365, 0.2759 0.876 0.4311, 0.276 0.876 0.4256, 0.2331 0.876 0.4201, 0.2318 0.876 0.4256, 0.2356 0.876 0.4151, 0.232 0.876 0.4311, 0.2334 0.876 0.4363
            ]
        }
        coordIndex [
            0,1,2,-1,3,0,4,-1,4,0,5,-1,3,6,0,-1,0,6,7,-1,0,7,1,-1,8,9,10,-1,11,12,2,-1,2,12,13,-1,5,14,4,-1,4,14,8,-1,4,8,15,-1,15,8,10,-1,13,16,2,-1,2,16,17,-1,2,17,0,-1,18,19,2,-1,2,19,20,-1,2,20,11,-1,21,22,23,-1,23,22,24,-1,23,24,8,-1,8,24,25,-1,8,25,9,-1,
        ]
    }
}